period,company,ticker,market,name_as_filed,metric,value,unit,basis,prev_month_value_reported,prior_year_same_month_value_reported,mom_pct_reported,yoy_pct_reported,ytd_value,ytd_prior_year_value,ytd_yoy_pct_reported,company_note,source_url
2010-01,TSMC,2330,TWSE,台積電,revenue,29156271.0,TWD thousand,standalone_ROC_GAAP,30466359.0,12436378.0,-4.3,134.44,29156271.0,12436378.0,134.44,,https://mopsov.twse.com.tw/nas/t21/sii/t21sc03_99_1_0.html
2010-02,TSMC,2330,TWSE,台積電,revenue,29195234.0,TWD thousand,standalone_ROC_GAAP,29156271.0,11503819.0,0.13,153.78,58351505.0,23940197.0,143.73,,https://mopsov.twse.com.tw/nas/t21/sii/t21sc03_99_2_0.html
2010-03,TSMC,2330,TWSE,台積電,revenue,30823003.0,TWD thousand,standalone_ROC_GAAP,29195234.0,13619497.0,5.57,126.31,89174508.0,37559694.0,137.42,,https://mopsov.twse.com.tw/nas/t21/sii/t21sc03_99_3_0.html
2010-04,TSMC,2330,TWSE,台積電,revenue,32683232.0,TWD thousand,standalone_ROC_GAAP,30823003.0,21744749.0,6.03,50.3,121857740.0,59304442.0,105.47,,https://mopsov.twse.com.tw/nas/t21/sii/t21sc03_99_4_0.html
2010-05,TSMC,2330,TWSE,台積電,revenue,33839484.0,TWD thousand,standalone_ROC_GAAP,32683232.0,24473921.0,3.53,38.26,155697223.0,83778364.0,85.84,,https://mopsov.twse.com.tw/nas/t21/sii/t21sc03_99_5_0.html
2010-06,TSMC,2330,TWSE,台積電,revenue,35113042.0,TWD thousand,standalone_ROC_GAAP,33839484.0,25777846.0,3.76,36.21,190810265.0,109556210.0,74.16,,https://mopsov.twse.com.tw/nas/t21/sii/t21sc03_99_6_0.html
2010-07,TSMC,2330,TWSE,台積電,revenue,36156392.0,TWD thousand,standalone_ROC_GAAP,35113042.0,30278581.0,2.97,19.41,226966657.0,139834790.0,62.31,,https://mopsov.twse.com.tw/nas/t21/sii/t21sc03_99_7_0.html
2010-08,TSMC,2330,TWSE,台積電,revenue,36498090.0,TWD thousand,standalone_ROC_GAAP,36156392.0,28887650.0,0.94,26.34,263464747.0,168722441.0,56.15,,https://mopsov.twse.com.tw/nas/t21/sii/t21sc03_99_8_0.html
2010-09,TSMC,2330,TWSE,台積電,revenue,36652584.0,TWD thousand,standalone_ROC_GAAP,36498090.0,28024082.0,0.42,30.78,300117331.0,196746523.0,52.54,,https://mopsov.twse.com.tw/nas/t21/sii/t21sc03_99_9_0.html
2010-10,TSMC,2330,TWSE,台積電,revenue,37372507.0,TWD thousand,standalone_ROC_GAAP,36652584.0,29180950.0,1.96,28.07,337489838.0,225927472.0,49.37,,https://mopsov.twse.com.tw/nas/t21/sii/t21sc03_99_10_0.html
2010-11,TSMC,2330,TWSE,台積電,revenue,35722299.0,TWD thousand,standalone_ROC_GAAP,37372507.0,29349036.0,-4.41,21.71,373212137.0,255276508.0,46.19,,https://mopsov.twse.com.tw/nas/t21/sii/t21sc03_99_11_0.html
2010-12,TSMC,2330,TWSE,台積電,revenue,33751175.0,TWD thousand,standalone_ROC_GAAP,35722299.0,30466359.0,-5.51,10.78,406963311.0,285742868.0,42.42,,https://mopsov.twse.com.tw/nas/t21/sii/t21sc03_99_12_0.html
2011-01,TSMC,2330,TWSE,台積電,revenue,34424173.0,TWD thousand,standalone_ROC_GAAP,33751175.0,29156271.0,1.99,18.06,34424173.0,29156271.0,18.06,,https://mopsov.twse.com.tw/nas/t21/sii/t21sc03_100_1_0.html
2011-02,TSMC,2330,TWSE,台積電,revenue,31753825.0,TWD thousand,standalone_ROC_GAAP,34424173.0,29195234.0,-7.75,8.76,66177999.0,58351505.0,13.41,,https://mopsov.twse.com.tw/nas/t21/sii/t21sc03_100_2_0.html
2011-03,TSMC,2330,TWSE,台積電,revenue,36370479.0,TWD thousand,standalone_ROC_GAAP,31753825.0,30823003.0,14.53,17.99,102548478.0,89174508.0,14.99,,https://mopsov.twse.com.tw/nas/t21/sii/t21sc03_100_3_0.html
2011-04,TSMC,2330,TWSE,台積電,revenue,36230359.0,TWD thousand,standalone_ROC_GAAP,36370479.0,32683232.0,-0.38,10.85,138778837.0,121857740.0,13.88,,https://mopsov.twse.com.tw/nas/t21/sii/t21sc03_100_4_0.html
2011-05,TSMC,2330,TWSE,台積電,revenue,35960997.0,TWD thousand,standalone_ROC_GAAP,36230359.0,33839484.0,-0.74,6.26,174739834.0,155697223.0,12.23,,https://mopsov.twse.com.tw/nas/t21/sii/t21sc03_100_5_0.html
2011-06,TSMC,2330,TWSE,台積電,revenue,35653939.0,TWD thousand,standalone_ROC_GAAP,35960997.0,35113042.0,-0.85,1.54,210393773.0,190810265.0,10.26,,https://mopsov.twse.com.tw/nas/t21/sii/t21sc03_100_6_0.html
2011-07,TSMC,2330,TWSE,台積電,revenue,34916788.0,TWD thousand,standalone_ROC_GAAP,35653939.0,36156392.0,-2.06,-3.42,245310561.0,226966657.0,8.08,,https://mopsov.twse.com.tw/nas/t21/sii/t21sc03_100_7_0.html
2011-08,TSMC,2330,TWSE,台積電,revenue,37041705.0,TWD thousand,standalone_ROC_GAAP,34916788.0,36498090.0,6.08,1.48,282352266.0,263464747.0,7.16,,https://mopsov.twse.com.tw/nas/t21/sii/t21sc03_100_8_0.html
2011-09,TSMC,2330,TWSE,台積電,revenue,32860849.0,TWD thousand,standalone_ROC_GAAP,37041705.0,36652584.0,-11.28,-10.34,315213115.0,300117331.0,5.02,,https://mopsov.twse.com.tw/nas/t21/sii/t21sc03_100_9_0.html
2011-10,TSMC,2330,TWSE,台積電,revenue,37246661.0,TWD thousand,standalone_ROC_GAAP,32860849.0,37372507.0,13.34,-0.33,352459776.0,337489838.0,4.43,,https://mopsov.twse.com.tw/nas/t21/sii/t21sc03_100_10_0.html
2011-11,TSMC,2330,TWSE,台積電,revenue,35218771.0,TWD thousand,standalone_ROC_GAAP,37246661.0,35722299.0,-5.44,-1.4,387678546.0,373212137.0,3.87,,https://mopsov.twse.com.tw/nas/t21/sii/t21sc03_100_11_0.html
2011-12,TSMC,2330,TWSE,台積電,revenue,30566947.0,TWD thousand,standalone_ROC_GAAP,35218771.0,33751175.0,-13.2,-9.43,418245493.0,406963311.0,2.77,,https://mopsov.twse.com.tw/nas/t21/sii/t21sc03_100_12_0.html
2012-01,TSMC,2330,TWSE,台積電,revenue,34053091.0,TWD thousand,standalone_ROC_GAAP,30566947.0,34424173.0,11.4,-1.07,34053091.0,34424173.0,-1.07,,https://mopsov.twse.com.tw/nas/t21/sii/t21sc03_101_1_0.html
2012-02,TSMC,2330,TWSE,台積電,revenue,33584499.0,TWD thousand,standalone_ROC_GAAP,34053091.0,31753825.0,-1.37,5.76,67637590.0,66177999.0,2.2,,https://mopsov.twse.com.tw/nas/t21/sii/t21sc03_101_2_0.html
2012-03,TSMC,2330,TWSE,台積電,revenue,36611146.0,TWD thousand,standalone_ROC_GAAP,33584499.0,36370479.0,9.01,0.66,104248736.0,102548478.0,1.65,,https://mopsov.twse.com.tw/nas/t21/sii/t21sc03_101_3_0.html
2012-04,TSMC,2330,TWSE,台積電,revenue,40007591.0,TWD thousand,standalone_ROC_GAAP,36611146.0,36230359.0,9.27,10.42,144256327.0,138778837.0,3.94,,https://mopsov.twse.com.tw/nas/t21/sii/t21sc03_101_4_0.html
2012-05,TSMC,2330,TWSE,台積電,revenue,43623222.0,TWD thousand,standalone_ROC_GAAP,40007591.0,35960997.0,9.03,21.3,187879549.0,174739834.0,7.51,,https://mopsov.twse.com.tw/nas/t21/sii/t21sc03_101_5_0.html
2012-06,TSMC,2330,TWSE,台積電,revenue,42869733.0,TWD thousand,standalone_ROC_GAAP,43623222.0,35653939.0,-1.72,20.23,230749282.0,210393773.0,9.67,,https://mopsov.twse.com.tw/nas/t21/sii/t21sc03_101_6_0.html
2012-07,TSMC,2330,TWSE,台積電,revenue,47924170.0,TWD thousand,standalone_ROC_GAAP,42869733.0,34916788.0,11.79,37.25,278673453.0,245310561.0,13.6,,https://mopsov.twse.com.tw/nas/t21/sii/t21sc03_101_7_0.html
2012-08,TSMC,2330,TWSE,台積電,revenue,48896013.0,TWD thousand,standalone_ROC_GAAP,47924170.0,37041705.0,2.02,32.0,327569466.0,282352266.0,16.01,,https://mopsov.twse.com.tw/nas/t21/sii/t21sc03_101_8_0.html
2012-09,TSMC,2330,TWSE,台積電,revenue,42816800.0,TWD thousand,standalone_ROC_GAAP,48896013.0,32860849.0,-12.43,30.29,370386266.0,315213115.0,17.5,,https://mopsov.twse.com.tw/nas/t21/sii/t21sc03_101_9_0.html
2012-10,TSMC,2330,TWSE,台積電,revenue,49282571.0,TWD thousand,standalone_ROC_GAAP,42816800.0,37246661.0,15.1,32.31,419668836.0,352459776.0,19.06,,https://mopsov.twse.com.tw/nas/t21/sii/t21sc03_101_10_0.html
2012-11,TSMC,2330,TWSE,台積電,revenue,43644278.0,TWD thousand,standalone_ROC_GAAP,49282571.0,35218771.0,-11.44,23.92,463313114.0,387678546.0,19.5,,https://mopsov.twse.com.tw/nas/t21/sii/t21sc03_101_11_0.html
2012-12,TSMC,2330,TWSE,台積電,revenue,36558773.0,TWD thousand,standalone_ROC_GAAP,43644278.0,30566947.0,-16.23,19.6,499871887.0,418245493.0,19.51,,https://mopsov.twse.com.tw/nas/t21/sii/t21sc03_101_12_0.html
2013-01,TSMC,2330,TWSE,台積電,revenue,47438687.0,TWD thousand,consolidated_IFRS,,34606486.0,,37.08,47438687.0,34606486.0,37.08,,https://mopsov.twse.com.tw/nas/t21/sii/t21sc03_102_1_0.html
2013-02,TSMC,2330,TWSE,台積電,revenue,41182084.0,TWD thousand,consolidated_IFRS,47438687.0,33893476.0,-13.18,21.5,88620771.0,68499962.0,29.37,,https://mopsov.twse.com.tw/nas/t21/sii/t21sc03_102_2_0.html
2013-03,TSMC,2330,TWSE,台積電,revenue,44134225.0,TWD thousand,consolidated_IFRS,41182084.0,37114869.0,7.16,18.91,132754996.0,105614831.0,25.69,,https://mopsov.twse.com.tw/nas/t21/sii/t21sc03_102_3_0.html
2013-04,TSMC,2330,TWSE,台積電,revenue,50070645.0,TWD thousand,consolidated_IFRS,44134225.0,40542396.0,13.45,23.5,182825641.0,146157227.0,25.08,,https://mopsov.twse.com.tw/nas/t21/sii/t21sc03_102_4_0.html
2013-05,TSMC,2330,TWSE,台積電,revenue,51787926.0,TWD thousand,consolidated_IFRS,50070645.0,44177010.0,3.42,17.22,234613567.0,190334237.0,23.26,,https://mopsov.twse.com.tw/nas/t21/sii/t21sc03_102_5_0.html
2013-06,TSMC,2330,TWSE,台積電,revenue,54027749.0,TWD thousand,consolidated_IFRS,51787926.0,43466925.0,4.32,24.29,288641316.0,233801162.0,23.45,,https://mopsov.twse.com.tw/nas/t21/sii/t21sc03_102_6_0.html
2013-07,TSMC,2330,TWSE,台積電,revenue,52103384.0,TWD thousand,consolidated_IFRS,54027749.0,48567302.0,-3.56,7.28,340744700.0,282368464.0,20.67,,https://mopsov.twse.com.tw/nas/t21/sii/t21sc03_102_7_0.html
2013-08,TSMC,2330,TWSE,台積電,revenue,55091177.0,TWD thousand,consolidated_IFRS,52103384.0,49539595.0,5.73,11.2,395835877.0,331908059.0,19.26,,https://mopsov.twse.com.tw/nas/t21/sii/t21sc03_102_8_0.html
2013-09,TSMC,2330,TWSE,台積電,revenue,55382473.0,TWD thousand,consolidated_IFRS,55091177.0,43392356.0,0.52,27.63,451218350.0,375300415.0,20.22,,https://mopsov.twse.com.tw/nas/t21/sii/t21sc03_102_9_0.html
2013-10,TSMC,2330,TWSE,台積電,revenue,51794813.0,TWD thousand,consolidated_IFRS,55382473.0,49995543.0,-6.47,3.59,503013163.0,425295958.0,18.27,,https://mopsov.twse.com.tw/nas/t21/sii/t21sc03_102_10_0.html
2013-11,TSMC,2330,TWSE,台積電,revenue,44329997.0,TWD thousand,consolidated_IFRS,51794813.0,44295001.0,-14.41,0.07,547343160.0,469590959.0,16.55,,https://mopsov.twse.com.tw/nas/t21/sii/t21sc03_102_11_0.html
2013-12,TSMC,2330,TWSE,台積電,revenue,49681037.0,TWD thousand,consolidated_IFRS,44329997.0,37154275.0,12.07,33.71,597024197.0,506745234.0,17.81,,https://mopsov.twse.com.tw/nas/t21/sii/t21sc03_102_12_0.html
2014-01,TSMC,2330,TWSE,台積電,revenue,51429993.0,TWD thousand,consolidated_IFRS,49681037.0,47438687.0,3.52,8.41,51429993.0,47438687.0,8.41,,https://mopsov.twse.com.tw/nas/t21/sii/t21sc03_103_1_0.html
2014-02,TSMC,2330,TWSE,台積電,revenue,46829051.0,TWD thousand,consolidated_IFRS,51429993.0,41182084.0,-8.94,13.71,98259044.0,88620771.0,10.87,,https://mopsov.twse.com.tw/nas/t21/sii/t21sc03_103_2_0.html
2014-03,TSMC,2330,TWSE,台積電,revenue,49956128.0,TWD thousand,consolidated_IFRS,46829051.0,44134225.0,6.67,13.19,148215172.0,132754996.0,11.64,,https://mopsov.twse.com.tw/nas/t21/sii/t21sc03_103_3_0.html
2014-04,TSMC,2330,TWSE,台積電,revenue,61887391.0,TWD thousand,consolidated_IFRS,49956128.0,50070645.0,23.88,23.6,210102563.0,182825641.0,14.91,,https://mopsov.twse.com.tw/nas/t21/sii/t21sc03_103_4_0.html
2014-05,TSMC,2330,TWSE,台積電,revenue,60789137.0,TWD thousand,consolidated_IFRS,61887391.0,51787926.0,-1.77,17.38,270891700.0,234613567.0,15.46,,https://mopsov.twse.com.tw/nas/t21/sii/t21sc03_103_5_0.html
2014-06,TSMC,2330,TWSE,台積電,revenue,60343956.0,TWD thousand,consolidated_IFRS,60789137.0,54027749.0,-0.73,11.69,331235656.0,288641316.0,14.75,,https://mopsov.twse.com.tw/nas/t21/sii/t21sc03_103_6_0.html
2014-07,TSMC,2330,TWSE,台積電,revenue,64924870.0,TWD thousand,consolidated_IFRS,60343956.0,52103384.0,7.59,24.6,396160526.0,340744700.0,16.26,,https://mopsov.twse.com.tw/nas/t21/sii/t21sc03_103_7_0.html
2014-08,TSMC,2330,TWSE,台積電,revenue,69278551.0,TWD thousand,consolidated_IFRS,64924870.0,55091177.0,6.7,25.75,465439077.0,395835877.0,17.58,,https://mopsov.twse.com.tw/nas/t21/sii/t21sc03_103_8_0.html
2014-09,TSMC,2330,TWSE,台積電,revenue,74846313.0,TWD thousand,consolidated_IFRS,69278551.0,55382473.0,8.03,35.14,540285390.0,451218350.0,19.73,,https://mopsov.twse.com.tw/nas/t21/sii/t21sc03_103_9_0.html
2014-10,TSMC,2330,TWSE,台積電,revenue,80736353.0,TWD thousand,consolidated_IFRS,74846313.0,51794813.0,7.86,55.87,621021743.0,503013163.0,23.46,,https://mopsov.twse.com.tw/nas/t21/sii/t21sc03_103_10_0.html
2014-11,TSMC,2330,TWSE,台積電,revenue,72274532.0,TWD thousand,consolidated_IFRS,80736353.0,44329997.0,-10.48,63.03,693296275.0,547343160.0,26.66,,https://mopsov.twse.com.tw/nas/t21/sii/t21sc03_103_11_0.html
2014-12,TSMC,2330,TWSE,台積電,revenue,69510190.0,TWD thousand,consolidated_IFRS,72274532.0,49681037.0,-3.82,39.91,762806465.0,597024197.0,27.76,,https://mopsov.twse.com.tw/nas/t21/sii/t21sc03_103_12_0.html
2015-01,TSMC,2330,TWSE,台積電,revenue,87120068.0,TWD thousand,consolidated_IFRS,69510190.0,51429993.0,25.33,69.39,87120068.0,51429993.0,69.39,,https://mopsov.twse.com.tw/nas/t21/sii/t21sc03_104_1_0.html
2015-02,TSMC,2330,TWSE,台積電,revenue,62645075.0,TWD thousand,consolidated_IFRS,87120068.0,46829051.0,-28.09,33.77,149765143.0,98259044.0,52.41,,https://mopsov.twse.com.tw/nas/t21/sii/t21sc03_104_2_0.html
2015-03,TSMC,2330,TWSE,台積電,revenue,72269001.0,TWD thousand,consolidated_IFRS,62645075.0,49956128.0,15.36,44.66,222034144.0,148215172.0,49.8,,https://mopsov.twse.com.tw/nas/t21/sii/t21sc03_104_3_0.html
2015-04,TSMC,2330,TWSE,台積電,revenue,75329510.0,TWD thousand,consolidated_IFRS,72269001.0,61887391.0,4.23,21.72,297363654.0,210102563.0,41.53,,https://mopsov.twse.com.tw/nas/t21/sii/t21sc03_104_4_0.html
2015-05,TSMC,2330,TWSE,台積電,revenue,70154763.0,TWD thousand,consolidated_IFRS,75329510.0,60789137.0,-6.86,15.4,367518417.0,270891700.0,35.66,,https://mopsov.twse.com.tw/nas/t21/sii/t21sc03_104_5_0.html
2015-06,TSMC,2330,TWSE,台積電,revenue,59955479.0,TWD thousand,consolidated_IFRS,70154763.0,60343956.0,-14.53,-0.64,427473896.0,331235656.0,29.05,,https://mopsov.twse.com.tw/nas/t21/sii/t21sc03_104_6_0.html
2015-07,TSMC,2330,TWSE,台積電,revenue,80952810.0,TWD thousand,consolidated_IFRS,59955479.0,64924870.0,35.02,24.68,508426706.0,396160526.0,28.33,,https://mopsov.twse.com.tw/nas/t21/sii/t21sc03_104_7_0.html
2015-08,TSMC,2330,TWSE,台積電,revenue,67038016.0,TWD thousand,consolidated_IFRS,80952810.0,69278551.0,-17.18,-3.23,575464722.0,465439077.0,23.63,,https://mopsov.twse.com.tw/nas/t21/sii/t21sc03_104_8_0.html
2015-09,TSMC,2330,TWSE,台積電,revenue,64514083.0,TWD thousand,consolidated_IFRS,67038016.0,74846313.0,-3.76,-13.8,639978805.0,540285390.0,18.45,,https://mopsov.twse.com.tw/nas/t21/sii/t21sc03_104_9_0.html
2015-10,TSMC,2330,TWSE,台積電,revenue,81743395.0,TWD thousand,consolidated_IFRS,64514083.0,80736353.0,26.7,1.24,721722200.0,621021743.0,16.21,,https://mopsov.twse.com.tw/nas/t21/sii/t21sc03_104_10_0.html
2015-11,TSMC,2330,TWSE,台積電,revenue,63428163.0,TWD thousand,consolidated_IFRS,81743395.0,72274532.0,-22.4,-12.23,785150363.0,693296275.0,13.24,,https://mopsov.twse.com.tw/nas/t21/sii/t21sc03_104_11_0.html
2015-12,TSMC,2330,TWSE,台積電,revenue,58347005.0,TWD thousand,consolidated_IFRS,63428163.0,69510190.0,-8.01,-16.05,843497368.0,762806465.0,10.57,,https://mopsov.twse.com.tw/nas/t21/sii/t21sc03_104_12_0.html
2016-01,TSMC,2330,TWSE,台積電,revenue,70855235.0,TWD thousand,consolidated_IFRS,58347005.0,87120068.0,21.43,-18.66,70855235.0,87120068.0,-18.66,,https://mopsov.twse.com.tw/nas/t21/sii/t21sc03_105_1_0.html
2016-02,TSMC,2330,TWSE,台積電,revenue,59551321.0,TWD thousand,consolidated_IFRS,70855235.0,62645075.0,-15.95,-4.93,130406556.0,149765143.0,-12.92,,https://mopsov.twse.com.tw/nas/t21/sii/t21sc03_105_2_0.html
2016-03,TSMC,2330,TWSE,台積電,revenue,73088805.0,TWD thousand,consolidated_IFRS,59551321.0,72269001.0,22.73,1.13,203495361.0,222034144.0,-8.34,,https://mopsov.twse.com.tw/nas/t21/sii/t21sc03_105_3_0.html
2016-04,TSMC,2330,TWSE,台積電,revenue,66843310.0,TWD thousand,consolidated_IFRS,73088805.0,75329510.0,-8.54,-11.26,270338671.0,297363654.0,-9.08,,https://mopsov.twse.com.tw/nas/t21/sii/t21sc03_105_4_0.html
2016-05,TSMC,2330,TWSE,台積電,revenue,73575784.0,TWD thousand,consolidated_IFRS,66843310.0,70154763.0,10.07,4.87,343914455.0,367518417.0,-6.42,,https://mopsov.twse.com.tw/nas/t21/sii/t21sc03_105_5_0.html
2016-06,TSMC,2330,TWSE,台積電,revenue,81390752.0,TWD thousand,consolidated_IFRS,73575784.0,59955479.0,10.62,35.75,425305207.0,427473896.0,-0.5,,https://mopsov.twse.com.tw/nas/t21/sii/t21sc03_105_6_0.html
2016-07,TSMC,2330,TWSE,台積電,revenue,76391654.0,TWD thousand,consolidated_IFRS,81390752.0,80952810.0,-6.14,-5.63,501696861.0,508426706.0,-1.32,,https://mopsov.twse.com.tw/nas/t21/sii/t21sc03_105_7_0.html
2016-08,TSMC,2330,TWSE,台積電,revenue,94311424.0,TWD thousand,consolidated_IFRS,76391654.0,67038016.0,23.45,40.68,596008285.0,575464722.0,3.56,,https://mopsov.twse.com.tw/nas/t21/sii/t21sc03_105_8_0.html
2016-09,TSMC,2330,TWSE,台積電,revenue,89702807.0,TWD thousand,consolidated_IFRS,94311424.0,64514083.0,-4.88,39.04,685711092.0,639978805.0,7.14,,https://mopsov.twse.com.tw/nas/t21/sii/t21sc03_105_9_0.html
2016-10,TSMC,2330,TWSE,台積電,revenue,91085318.0,TWD thousand,consolidated_IFRS,89702807.0,81743395.0,1.54,11.42,776796410.0,721722200.0,7.63,,https://mopsov.twse.com.tw/nas/t21/sii/t21sc03_105_10_0.html
2016-11,TSMC,2330,TWSE,台積電,revenue,93029912.0,TWD thousand,consolidated_IFRS,91085318.0,63428163.0,2.13,46.66,869826322.0,785150363.0,10.78,,https://mopsov.twse.com.tw/nas/t21/sii/t21sc03_105_11_0.html
2016-12,TSMC,2330,TWSE,台積電,revenue,78112022.0,TWD thousand,consolidated_IFRS,93029912.0,58347005.0,-16.03,33.87,947938344.0,843497368.0,12.38,,https://mopsov.twse.com.tw/nas/t21/sii/t21sc03_105_12_0.html
2017-01,TSMC,2330,TWSE,台積電,revenue,76616258.0,TWD thousand,consolidated_IFRS,78112022.0,70855235.0,-1.91,8.13,76616258.0,70855235.0,8.13,,https://mopsov.twse.com.tw/nas/t21/sii/t21sc03_106_1_0.html
2017-02,TSMC,2330,TWSE,台積電,revenue,71422961.0,TWD thousand,consolidated_IFRS,76616258.0,59551321.0,-6.77,19.93,148039219.0,130406556.0,13.52,,https://mopsov.twse.com.tw/nas/t21/sii/t21sc03_106_2_0.html
2017-03,TSMC,2330,TWSE,台積電,revenue,85875181.0,TWD thousand,consolidated_IFRS,71422961.0,73088805.0,20.23,17.49,233914400.0,203495361.0,14.94,,https://mopsov.twse.com.tw/nas/t21/sii/t21sc03_106_3_0.html
2017-04,TSMC,2330,TWSE,台積電,revenue,56871933.0,TWD thousand,consolidated_IFRS,85875181.0,66843310.0,-33.77,-14.91,290786333.0,270338671.0,7.56,,https://mopsov.twse.com.tw/nas/t21/sii/t21sc03_106_4_0.html
2017-05,TSMC,2330,TWSE,台積電,revenue,72795974.0,TWD thousand,consolidated_IFRS,56871933.0,73575784.0,27.99,-1.05,363582307.0,343914455.0,5.71,,https://mopsov.twse.com.tw/nas/t21/sii/t21sc03_106_5_0.html
2017-06,TSMC,2330,TWSE,台積電,revenue,84187305.0,TWD thousand,consolidated_IFRS,72795974.0,81390752.0,15.64,3.43,447769612.0,425305207.0,5.28,,https://mopsov.twse.com.tw/nas/t21/sii/t21sc03_106_6_0.html
2017-07,TSMC,2330,TWSE,台積電,revenue,71611190.0,TWD thousand,consolidated_IFRS,84187305.0,76391654.0,-14.93,-6.25,519380802.0,501696861.0,3.52,,https://mopsov.twse.com.tw/nas/t21/sii/t21sc03_106_7_0.html
2017-08,TSMC,2330,TWSE,台積電,revenue,91917167.0,TWD thousand,consolidated_IFRS,71611190.0,94311424.0,28.35,-2.53,611297969.0,596008285.0,2.56,,https://mopsov.twse.com.tw/nas/t21/sii/t21sc03_106_8_0.html
2017-09,TSMC,2330,TWSE,台積電,revenue,88578988.0,TWD thousand,consolidated_IFRS,91917167.0,89702807.0,-3.63,-1.25,699876957.0,685711092.0,2.06,,https://mopsov.twse.com.tw/nas/t21/sii/t21sc03_106_9_0.html
2017-10,TSMC,2330,TWSE,台積電,revenue,94519722.0,TWD thousand,consolidated_IFRS,88578988.0,91085318.0,6.7,3.77,794396679.0,776796410.0,2.26,,https://mopsov.twse.com.tw/nas/t21/sii/t21sc03_106_10_0.html
2017-11,TSMC,2330,TWSE,台積電,revenue,93153310.0,TWD thousand,consolidated_IFRS,94519722.0,93029912.0,-1.44,0.13,887549989.0,869826322.0,2.03,,https://mopsov.twse.com.tw/nas/t21/sii/t21sc03_106_11_0.html
2017-12,TSMC,2330,TWSE,台積電,revenue,89897252.0,TWD thousand,consolidated_IFRS,93153310.0,78112022.0,-3.49,15.08,977447241.0,947938344.0,3.11,,https://mopsov.twse.com.tw/nas/t21/sii/t21sc03_106_12_0.html
2018-01,TSMC,2330,TWSE,台積電,revenue,79740672.0,TWD thousand,consolidated_IFRS,89897252.0,76616258.0,-11.29,4.07,79740672.0,76616258.0,4.07,,https://mopsov.twse.com.tw/nas/t21/sii/t21sc03_107_1_0.html
2018-02,TSMC,2330,TWSE,台積電,revenue,64640562.0,TWD thousand,consolidated_IFRS,79740672.0,71422961.0,-18.93,-9.49,144381234.0,148039219.0,-2.47,,https://mopsov.twse.com.tw/nas/t21/sii/t21sc03_107_2_0.html
2018-03,TSMC,2330,TWSE,台積電,revenue,103697437.0,TWD thousand,consolidated_IFRS,64640562.0,85875181.0,60.42,20.75,248078671.0,233914400.0,6.05,,https://mopsov.twse.com.tw/nas/t21/sii/t21sc03_107_3_0.html
2018-04,TSMC,2330,TWSE,台積電,revenue,81869781.0,TWD thousand,consolidated_IFRS,103697437.0,56871933.0,-21.04,43.95,329948452.0,290786333.0,13.46,,https://mopsov.twse.com.tw/nas/t21/sii/t21sc03_107_4_0.html
2018-05,TSMC,2330,TWSE,台積電,revenue,80968732.0,TWD thousand,consolidated_IFRS,81869781.0,72795974.0,-1.1,11.22,410917184.0,363582307.0,13.01,,https://mopsov.twse.com.tw/nas/t21/sii/t21sc03_107_5_0.html
2018-06,TSMC,2330,TWSE,台積電,revenue,70438298.0,TWD thousand,consolidated_IFRS,80968732.0,84187305.0,-13.0,-16.33,481355482.0,447769612.0,7.5,,https://mopsov.twse.com.tw/nas/t21/sii/t21sc03_107_6_0.html
2018-07,TSMC,2330,TWSE,台積電,revenue,74370924.0,TWD thousand,consolidated_IFRS,70438298.0,71611190.0,5.58,3.85,555726406.0,519380802.0,6.99,,https://mopsov.twse.com.tw/nas/t21/sii/t21sc03_107_7_0.html
2018-08,TSMC,2330,TWSE,台積電,revenue,91055038.0,TWD thousand,consolidated_IFRS,74370924.0,91917167.0,22.43,-0.93,646781444.0,611297969.0,5.8,,https://mopsov.twse.com.tw/nas/t21/sii/t21sc03_107_8_0.html
2018-09,TSMC,2330,TWSE,台積電,revenue,94921920.0,TWD thousand,consolidated_IFRS,91055038.0,88578988.0,4.24,7.16,741703364.0,699876957.0,5.97,,https://mopsov.twse.com.tw/nas/t21/sii/t21sc03_107_9_0.html
2018-10,TSMC,2330,TWSE,台積電,revenue,101550181.0,TWD thousand,consolidated_IFRS,94921920.0,94519722.0,6.98,7.43,843253545.0,794396679.0,6.15,,https://mopsov.twse.com.tw/nas/t21/sii/t21sc03_107_10_0.html
2018-11,TSMC,2330,TWSE,台積電,revenue,98389414.0,TWD thousand,consolidated_IFRS,101550181.0,93153310.0,-3.11,5.62,941642959.0,887549989.0,6.09,,https://mopsov.twse.com.tw/nas/t21/sii/t21sc03_107_11_0.html
2018-12,TSMC,2330,TWSE,台積電,revenue,89830598.0,TWD thousand,consolidated_IFRS,98389414.0,89897252.0,-8.69,-0.07,1031473557.0,977447241.0,5.52,,https://mopsov.twse.com.tw/nas/t21/sii/t21sc03_107_12_0.html
2019-01,TSMC,2330,TWSE,台積電,revenue,78093827.0,TWD thousand,consolidated_IFRS,89830598.0,79740672.0,-13.06,-2.06,78093827.0,79740672.0,-2.06,,https://mopsov.twse.com.tw/nas/t21/sii/t21sc03_108_1_0.html
2019-02,TSMC,2330,TWSE,台積電,revenue,60889055.0,TWD thousand,consolidated_IFRS,78093827.0,64640562.0,-22.03,-5.8,138982882.0,144381234.0,-3.73,,https://mopsov.twse.com.tw/nas/t21/sii/t21sc03_108_2_0.html
2019-03,TSMC,2330,TWSE,台積電,revenue,79721587.0,TWD thousand,consolidated_IFRS,60889055.0,103697437.0,30.92,-23.12,218704469.0,248078671.0,-11.84,,https://mopsov.twse.com.tw/nas/t21/sii/t21sc03_108_3_0.html
2019-04,TSMC,2330,TWSE,台積電,revenue,74693615.0,TWD thousand,consolidated_IFRS,79721587.0,81869781.0,-6.3,-8.76,293398084.0,329948452.0,-11.07,,https://mopsov.twse.com.tw/nas/t21/sii/t21sc03_108_4_0.html
2019-05,TSMC,2330,TWSE,台積電,revenue,80436931.0,TWD thousand,consolidated_IFRS,74693615.0,80968732.0,7.68,-0.65,373835015.0,410917184.0,-9.02,,https://mopsov.twse.com.tw/nas/t21/sii/t21sc03_108_5_0.html
2019-06,TSMC,2330,TWSE,台積電,revenue,85867929.0,TWD thousand,consolidated_IFRS,80436931.0,70438298.0,6.75,21.9,459702944.0,481355482.0,-4.49,,https://mopsov.twse.com.tw/nas/t21/sii/t21sc03_108_6_0.html
2019-07,TSMC,2330,TWSE,台積電,revenue,84757724.0,TWD thousand,consolidated_IFRS,85867929.0,74370924.0,-1.29,13.96,544460668.0,555726406.0,-2.02,,https://mopsov.twse.com.tw/nas/t21/sii/t21sc03_108_7_0.html
2019-08,TSMC,2330,TWSE,台積電,revenue,106117619.0,TWD thousand,consolidated_IFRS,84757724.0,91055038.0,25.2,16.54,650578287.0,646781444.0,0.58,,https://mopsov.twse.com.tw/nas/t21/sii/t21sc03_108_8_0.html
2019-09,TSMC,2330,TWSE,台積電,revenue,102170096.0,TWD thousand,consolidated_IFRS,106117619.0,94921920.0,-3.71,7.63,752748383.0,741703364.0,1.48,,https://mopsov.twse.com.tw/nas/t21/sii/t21sc03_108_9_0.html
2019-10,TSMC,2330,TWSE,台積電,revenue,106039531.0,TWD thousand,consolidated_IFRS,102170096.0,101550181.0,3.78,4.42,858787914.0,843253545.0,1.84,,https://mopsov.twse.com.tw/nas/t21/sii/t21sc03_108_10_0.html
2019-11,TSMC,2330,TWSE,台積電,revenue,107884396.0,TWD thousand,consolidated_IFRS,106039531.0,98389414.0,1.73,9.65,966672310.0,941642959.0,2.65,,https://mopsov.twse.com.tw/nas/t21/sii/t21sc03_108_11_0.html
2019-12,TSMC,2330,TWSE,台積電,revenue,103313138.0,TWD thousand,consolidated_IFRS,107884396.0,89830598.0,-4.23,15.0,1069985448.0,1031473557.0,3.73,,https://mopsov.twse.com.tw/nas/t21/sii/t21sc03_108_12_0.html
2020-01,TSMC,2330,TWSE,台積電,revenue,103683135.0,TWD thousand,consolidated_IFRS,103313138.0,78093827.0,0.35,32.76,103683135.0,78093827.0,32.76,,https://mopsov.twse.com.tw/nas/t21/sii/t21sc03_109_1_0.html
2020-02,TSMC,2330,TWSE,台積電,revenue,93394449.0,TWD thousand,consolidated_IFRS,103683135.0,60889055.0,-9.92,53.38,197077584.0,138982882.0,41.79,因客戶需求增加所致。,https://mopsov.twse.com.tw/nas/t21/sii/t21sc03_109_2_0.html
2020-03,TSMC,2330,TWSE,台積電,revenue,113519599.0,TWD thousand,consolidated_IFRS,93394449.0,79721587.0,21.54,42.39,310597183.0,218704469.0,42.01,,https://mopsov.twse.com.tw/nas/t21/sii/t21sc03_109_3_0.html
2020-04,TSMC,2330,TWSE,台積電,revenue,96001572.0,TWD thousand,consolidated_IFRS,113519599.0,74693615.0,-15.43,28.52,406598755.0,293398084.0,38.58,,https://mopsov.twse.com.tw/nas/t21/sii/t21sc03_109_4_0.html
2020-05,TSMC,2330,TWSE,台積電,revenue,93819010.0,TWD thousand,consolidated_IFRS,96001572.0,80436931.0,-2.27,16.63,500417765.0,373835015.0,33.86,,https://mopsov.twse.com.tw/nas/t21/sii/t21sc03_109_5_0.html
2020-06,TSMC,2330,TWSE,台積電,revenue,120877785.0,TWD thousand,consolidated_IFRS,93819010.0,85867929.0,28.84,40.77,621295550.0,459702944.0,35.15,無。,https://mopsov.twse.com.tw/nas/t21/sii/t21sc03_109_6_0.html
2020-07,TSMC,2330,TWSE,台積電,revenue,105963468.0,TWD thousand,consolidated_IFRS,120877785.0,84757724.0,-12.33,25.01,727259018.0,544460668.0,33.57,,https://mopsov.twse.com.tw/nas/t21/sii/t21sc03_109_7_0.html
2020-08,TSMC,2330,TWSE,台積電,revenue,122878244.0,TWD thousand,consolidated_IFRS,105963468.0,106117619.0,15.96,15.79,850137262.0,650578287.0,30.67,無,https://mopsov.twse.com.tw/nas/t21/sii/t21sc03_109_8_0.html
2020-09,TSMC,2330,TWSE,台積電,revenue,127584492.0,TWD thousand,consolidated_IFRS,122878244.0,102170096.0,3.83,24.87,977721754.0,752748383.0,29.88,,https://mopsov.twse.com.tw/nas/t21/sii/t21sc03_109_9_0.html
2020-10,TSMC,2330,TWSE,台積電,revenue,119302707.0,TWD thousand,consolidated_IFRS,127584492.0,106039531.0,-6.49,12.5,1097024461.0,858787914.0,27.74,,https://mopsov.twse.com.tw/nas/t21/sii/t21sc03_109_10_0.html
2020-11,TSMC,2330,TWSE,台積電,revenue,124865438.0,TWD thousand,consolidated_IFRS,119302707.0,107884396.0,4.66,15.74,1221889899.0,966672310.0,26.4,無,https://mopsov.twse.com.tw/nas/t21/sii/t21sc03_109_11_0.html
2020-12,TSMC,2330,TWSE,台積電,revenue,117364912.0,TWD thousand,consolidated_IFRS,124865438.0,103313138.0,-6.0,13.6,1339254811.0,1069985448.0,25.16,,https://mopsov.twse.com.tw/nas/t21/sii/t21sc03_109_12_0.html
2021-01,TSMC,2330,TWSE,台積電,revenue,126749152.0,TWD thousand,consolidated_IFRS,117364912.0,103683135.0,7.99,22.24,126749152.0,103683135.0,22.24,,https://mopsov.twse.com.tw/nas/t21/sii/t21sc03_110_1_0.html
2021-02,TSMC,2330,TWSE,台積電,revenue,106533690.0,TWD thousand,consolidated_IFRS,126749152.0,93394449.0,-15.94,14.06,233282842.0,197077584.0,18.37,無,https://mopsov.twse.com.tw/nas/t21/sii/t21sc03_110_2_0.html
2021-03,TSMC,2330,TWSE,台積電,revenue,129127388.0,TWD thousand,consolidated_IFRS,106533690.0,113519599.0,21.2,13.74,362410230.0,310597183.0,16.68,,https://mopsov.twse.com.tw/nas/t21/sii/t21sc03_110_3_0.html
2021-04,TSMC,2330,TWSE,台積電,revenue,111314794.0,TWD thousand,consolidated_IFRS,129127388.0,96001572.0,-13.79,15.95,473725024.0,406598755.0,16.5,無,https://mopsov.twse.com.tw/nas/t21/sii/t21sc03_110_4_0.html
2021-05,TSMC,2330,TWSE,台積電,revenue,112359668.0,TWD thousand,consolidated_IFRS,111314794.0,93819010.0,0.93,19.76,586084692.0,500417765.0,17.11,無。,https://mopsov.twse.com.tw/nas/t21/sii/t21sc03_110_5_0.html
2021-06,TSMC,2330,TWSE,台積電,revenue,148470660.0,TWD thousand,consolidated_IFRS,112359668.0,120877785.0,32.13,22.82,734555352.0,621295550.0,18.22,無。,https://mopsov.twse.com.tw/nas/t21/sii/t21sc03_110_6_0.html
2021-07,TSMC,2330,TWSE,台積電,revenue,124557799.0,TWD thousand,consolidated_IFRS,148470660.0,105963468.0,-16.1,17.54,859113151.0,727259018.0,18.13,無。,https://mopsov.twse.com.tw/nas/t21/sii/t21sc03_110_7_0.html
2021-08,TSMC,2330,TWSE,台積電,revenue,137427162.0,TWD thousand,consolidated_IFRS,124557799.0,122878244.0,10.33,11.84,996540313.0,850137262.0,17.22,無,https://mopsov.twse.com.tw/nas/t21/sii/t21sc03_110_8_0.html
2021-09,TSMC,2330,TWSE,台積電,revenue,152685418.0,TWD thousand,consolidated_IFRS,137427162.0,127584492.0,11.1,19.67,1149225731.0,977721754.0,17.54,無,https://mopsov.twse.com.tw/nas/t21/sii/t21sc03_110_9_0.html
2021-10,TSMC,2330,TWSE,台積電,revenue,134539477.0,TWD thousand,consolidated_IFRS,152685418.0,119302707.0,-11.88,12.77,1283765208.0,1097024461.0,17.02,無。,https://mopsov.twse.com.tw/nas/t21/sii/t21sc03_110_10_0.html
2021-11,TSMC,2330,TWSE,台積電,revenue,148267599.0,TWD thousand,consolidated_IFRS,134539477.0,124865438.0,10.2,18.74,1432032807.0,1221889899.0,17.19,無。,https://mopsov.twse.com.tw/nas/t21/sii/t21sc03_110_11_0.html
2021-12,TSMC,2330,TWSE,台積電,revenue,155382230.0,TWD thousand,consolidated_IFRS,148267599.0,117364912.0,4.79,32.39,1587415037.0,1339254811.0,18.52,無。,https://mopsov.twse.com.tw/nas/t21/sii/t21sc03_110_12_0.html
2022-01,TSMC,2330,TWSE,台積電,revenue,172176110.0,TWD thousand,consolidated_IFRS,155382230.0,126749152.0,10.8,35.84,172176110.0,126749152.0,35.84,無,https://mopsov.twse.com.tw/nas/t21/sii/t21sc03_111_1_0.html
2022-02,TSMC,2330,TWSE,台積電,revenue,146933238.0,TWD thousand,consolidated_IFRS,172176110.0,106533690.0,-14.66,37.92,319109348.0,233282842.0,36.79,無。,https://mopsov.twse.com.tw/nas/t21/sii/t21sc03_111_2_0.html
2022-03,TSMC,2330,TWSE,台積電,revenue,171966525.0,TWD thousand,consolidated_IFRS,146933238.0,129127388.0,17.03,33.17,491075873.0,362410230.0,35.5,無。,https://mopsov.twse.com.tw/nas/t21/sii/t21sc03_111_3_0.html
2022-04,TSMC,2330,TWSE,台積電,revenue,172561382.0,TWD thousand,consolidated_IFRS,171966525.0,111314794.0,0.34,55.02,663637255.0,473725024.0,40.08,無。,https://mopsov.twse.com.tw/nas/t21/sii/t21sc03_111_4_0.html
2022-05,TSMC,2330,TWSE,台積電,revenue,185705425.0,TWD thousand,consolidated_IFRS,172561382.0,112359668.0,7.61,65.27,849342680.0,586084692.0,44.91,無。,https://mopsov.twse.com.tw/nas/t21/sii/t21sc03_111_5_0.html
2022-06,TSMC,2330,TWSE,台積電,revenue,175874001.0,TWD thousand,consolidated_IFRS,185705425.0,148470660.0,-5.29,18.45,1025216681.0,734555352.0,39.56,,https://mopsov.twse.com.tw/nas/t21/sii/t21sc03_111_6_0.html
2022-07,TSMC,2330,TWSE,台積電,revenue,186762689.0,TWD thousand,consolidated_IFRS,175874001.0,124557799.0,6.19,49.94,1211979370.0,859113151.0,41.07,無。,https://mopsov.twse.com.tw/nas/t21/sii/t21sc03_111_7_0.html
2022-08,TSMC,2330,TWSE,台積電,revenue,218132391.0,TWD thousand,consolidated_IFRS,186762689.0,137427162.0,16.79,58.72,1430111761.0,996540313.0,43.5,無。,https://mopsov.twse.com.tw/nas/t21/sii/t21sc03_111_8_0.html
2022-09,TSMC,2330,TWSE,台積電,revenue,208247663.0,TWD thousand,consolidated_IFRS,218132391.0,152685418.0,-4.53,36.39,1638359424.0,1149225731.0,42.56,無。,https://mopsov.twse.com.tw/nas/t21/sii/t21sc03_111_9_0.html
2022-10,TSMC,2330,TWSE,台積電,revenue,210265633.0,TWD thousand,consolidated_IFRS,208247663.0,134539477.0,0.96,56.28,1848625057.0,1283765208.0,44.0,無。,https://mopsov.twse.com.tw/nas/t21/sii/t21sc03_111_10_0.html
2022-11,TSMC,2330,TWSE,台積電,revenue,222705993.0,TWD thousand,consolidated_IFRS,210265633.0,148267599.0,5.91,50.2,2071331050.0,1432032807.0,44.64,因先進製程產品需求增加所致。,https://mopsov.twse.com.tw/nas/t21/sii/t21sc03_111_11_0.html
2022-12,TSMC,2330,TWSE,台積電,revenue,192560242.0,TWD thousand,consolidated_IFRS,222705993.0,155382230.0,-13.53,23.92,2263891292.0,1587415037.0,42.61,無。,https://mopsov.twse.com.tw/nas/t21/sii/t21sc03_111_12_0.html
2023-01,TSMC,2330,TWSE,台積電,revenue,200050544.0,TWD thousand,consolidated_IFRS,192560242.0,172176110.0,3.88,16.18,200050544.0,172176110.0,16.18,無。,https://mopsov.twse.com.tw/nas/t21/sii/t21sc03_112_1_0.html
2023-02,TSMC,2330,TWSE,台積電,revenue,163174097.0,TWD thousand,consolidated_IFRS,200050544.0,146933238.0,-18.43,11.05,363224641.0,319109348.0,13.82,無。,https://mopsov.twse.com.tw/nas/t21/sii/t21sc03_112_2_0.html
2023-03,TSMC,2330,TWSE,台積電,revenue,145408332.0,TWD thousand,consolidated_IFRS,163174097.0,171966525.0,-10.88,-15.44,508632973.0,491075873.0,3.57,,https://mopsov.twse.com.tw/nas/t21/sii/t21sc03_112_3_0.html
2023-04,TSMC,2330,TWSE,台積電,revenue,147899735.0,TWD thousand,consolidated_IFRS,145408332.0,172561382.0,1.71,-14.29,656532708.0,663637255.0,-1.07,無。,https://mopsov.twse.com.tw/nas/t21/sii/t21sc03_112_4_0.html
2023-05,TSMC,2330,TWSE,台積電,revenue,176537345.0,TWD thousand,consolidated_IFRS,147899735.0,185705425.0,19.36,-4.93,833070053.0,849342680.0,-1.91,,https://mopsov.twse.com.tw/nas/t21/sii/t21sc03_112_5_0.html
2023-06,TSMC,2330,TWSE,台積電,revenue,156404174.0,TWD thousand,consolidated_IFRS,176537345.0,175874001.0,-11.4,-11.07,989474227.0,1025216681.0,-3.48,,https://mopsov.twse.com.tw/nas/t21/sii/t21sc03_112_6_0.html
2023-07,TSMC,2330,TWSE,台積電,revenue,177616220.0,TWD thousand,consolidated_IFRS,156404174.0,186762689.0,13.56,-4.89,1167090447.0,1211979370.0,-3.7,,https://mopsov.twse.com.tw/nas/t21/sii/t21sc03_112_7_0.html
2023-08,TSMC,2330,TWSE,台積電,revenue,188686256.0,TWD thousand,consolidated_IFRS,177616220.0,218132391.0,6.23,-13.49,1355776703.0,1430111761.0,-5.19,,https://mopsov.twse.com.tw/nas/t21/sii/t21sc03_112_8_0.html
2023-09,TSMC,2330,TWSE,台積電,revenue,180430282.0,TWD thousand,consolidated_IFRS,188686256.0,208247663.0,-4.37,-13.35,1536206985.0,1638359424.0,-6.23,,https://mopsov.twse.com.tw/nas/t21/sii/t21sc03_112_9_0.html
2023-10,TSMC,2330,TWSE,台積電,revenue,243202811.0,TWD thousand,consolidated_IFRS,180430282.0,210265633.0,34.79,15.66,1779409796.0,1848625057.0,-3.74,無。,https://mopsov.twse.com.tw/nas/t21/sii/t21sc03_112_10_0.html
2023-11,TSMC,2330,TWSE,台積電,revenue,206026179.0,TWD thousand,consolidated_IFRS,243202811.0,222705993.0,-15.28,-7.48,1985435975.0,2071331050.0,-4.14,,https://mopsov.twse.com.tw/nas/t21/sii/t21sc03_112_11_0.html
2023-12,TSMC,2330,TWSE,台積電,revenue,176299866.0,TWD thousand,consolidated_IFRS,206026179.0,192560242.0,-14.42,-8.44,2161735841.0,2263891292.0,-4.51,,https://mopsov.twse.com.tw/nas/t21/sii/t21sc03_112_12_0.html
2024-01,TSMC,2330,TWSE,台積電,revenue,215785127.0,TWD thousand,consolidated_IFRS,176299866.0,200050544.0,22.39,7.86,215785127.0,200050544.0,7.86,無。,https://mopsov.twse.com.tw/nas/t21/sii/t21sc03_113_1_0.html
2024-02,TSMC,2330,TWSE,台積電,revenue,181648270.0,TWD thousand,consolidated_IFRS,215785127.0,163174097.0,-15.81,11.32,397433397.0,363224641.0,9.41,,https://mopsov.twse.com.tw/nas/t21/sii/t21sc03_113_2_0.html
2024-03,TSMC,2330,TWSE,台積電,revenue,195210804.0,TWD thousand,consolidated_IFRS,181648270.0,145408332.0,7.46,34.25,592644201.0,508632973.0,16.51,,https://mopsov.twse.com.tw/nas/t21/sii/t21sc03_113_3_0.html
2024-04,TSMC,2330,TWSE,台積電,revenue,236021112.0,TWD thousand,consolidated_IFRS,195210804.0,147899735.0,20.9,59.58,828665313.0,656532708.0,26.21,因先進製程產品需求增加所致。,https://mopsov.twse.com.tw/nas/t21/sii/t21sc03_113_4_0.html
2024-05,TSMC,2330,TWSE,台積電,revenue,229620372.0,TWD thousand,consolidated_IFRS,236021112.0,176537345.0,-2.71,30.06,1058285685.0,833070053.0,27.03,,https://mopsov.twse.com.tw/nas/t21/sii/t21sc03_113_5_0.html
2024-06,TSMC,2330,TWSE,台積電,revenue,207868693.0,TWD thousand,consolidated_IFRS,229620372.0,156404174.0,-9.47,32.9,1266154378.0,989474227.0,27.96,,https://mopsov.twse.com.tw/nas/t21/sii/t21sc03_113_6_0.html
2024-07,TSMC,2330,TWSE,台積電,revenue,256953058.0,TWD thousand,consolidated_IFRS,207868693.0,177616220.0,23.61,44.66,1523107436.0,1167090447.0,30.5,,https://mopsov.twse.com.tw/nas/t21/sii/t21sc03_113_7_0.html
2024-08,TSMC,2330,TWSE,台積電,revenue,250866368.0,TWD thousand,consolidated_IFRS,256953058.0,188686256.0,-2.36,32.95,1773973804.0,1355776703.0,30.84,,https://mopsov.twse.com.tw/nas/t21/sii/t21sc03_113_8_0.html
2024-09,TSMC,2330,TWSE,台積電,revenue,251872717.0,TWD thousand,consolidated_IFRS,250866368.0,180430282.0,0.4,39.59,2025846521.0,1536206985.0,31.87,,https://mopsov.twse.com.tw/nas/t21/sii/t21sc03_113_9_0.html
2024-10,TSMC,2330,TWSE,台積電,revenue,314239713.0,TWD thousand,consolidated_IFRS,251872717.0,243202811.0,24.76,29.2,2340086234.0,1779409796.0,31.5,,https://mopsov.twse.com.tw/nas/t21/sii/t21sc03_113_10_0.html
2024-11,TSMC,2330,TWSE,台積電,revenue,276058358.0,TWD thousand,consolidated_IFRS,314239713.0,206026179.0,-12.15,33.99,2616144592.0,1985435975.0,31.76,,https://mopsov.twse.com.tw/nas/t21/sii/t21sc03_113_11_0.html
2024-12,TSMC,2330,TWSE,台積電,revenue,278163107.0,TWD thousand,consolidated_IFRS,276058358.0,176299866.0,0.76,57.77,2894307699.0,2161735841.0,33.88,因先進製程產品需求增加所致。,https://mopsov.twse.com.tw/nas/t21/sii/t21sc03_113_12_0.html
2025-01,TSMC,2330,TWSE,台積電,revenue,293288038.0,TWD thousand,consolidated_IFRS,278163107.0,215785127.0,5.43,35.91,293288038.0,215785127.0,35.91,,https://mopsov.twse.com.tw/nas/t21/sii/t21sc03_114_1_0.html
2025-02,TSMC,2330,TWSE,台積電,revenue,260008796.0,TWD thousand,consolidated_IFRS,293288038.0,181648270.0,-11.34,43.13,553296834.0,397433397.0,39.21,,https://mopsov.twse.com.tw/nas/t21/sii/t21sc03_114_2_0.html
2025-03,TSMC,2330,TWSE,台積電,revenue,285956830.0,TWD thousand,consolidated_IFRS,260008796.0,195210804.0,9.97,46.48,839253664.0,592644201.0,41.61,,https://mopsov.twse.com.tw/nas/t21/sii/t21sc03_114_3_0.html
2025-04,TSMC,2330,TWSE,台積電,revenue,349566940.0,TWD thousand,consolidated_IFRS,285956830.0,236021112.0,22.24,48.1,1188820604.0,828665313.0,43.46,,https://mopsov.twse.com.tw/nas/t21/sii/t21sc03_114_4_0.html
2025-05,TSMC,2330,TWSE,台積電,revenue,320515951.0,TWD thousand,consolidated_IFRS,349566940.0,229620372.0,-8.31,39.58,1509336555.0,1058285685.0,42.62,,https://mopsov.twse.com.tw/nas/t21/sii/t21sc03_114_5_0.html
2025-06,TSMC,2330,TWSE,台積電,revenue,263708978.0,TWD thousand,consolidated_IFRS,320515951.0,207868693.0,-17.72,26.86,1773045533.0,1266154378.0,40.03,,https://mopsov.twse.com.tw/nas/t21/sii/t21sc03_114_6_0.html
2025-07,TSMC,2330,TWSE,台積電,revenue,323165707.0,TWD thousand,consolidated_IFRS,263708978.0,256953058.0,22.54,25.76,2096211240.0,1523107436.0,37.62,,https://mopsov.twse.com.tw/nas/t21/sii/t21sc03_114_7_0.html
2025-08,TSMC,2330,TWSE,台積電,revenue,335771691.0,TWD thousand,consolidated_IFRS,323165707.0,250866368.0,3.9,33.84,2431982931.0,1773973804.0,37.09,,https://mopsov.twse.com.tw/nas/t21/sii/t21sc03_114_8_0.html
2025-09,TSMC,2330,TWSE,台積電,revenue,330980920.0,TWD thousand,consolidated_IFRS,335771691.0,251872717.0,-1.42,31.4,2762963851.0,2025846521.0,36.38,,https://mopsov.twse.com.tw/nas/t21/sii/t21sc03_114_9_0.html
2025-10,TSMC,2330,TWSE,台積電,revenue,367473051.0,TWD thousand,consolidated_IFRS,330980920.0,314239713.0,11.02,16.94,3130436902.0,2340086234.0,33.77,,https://mopsov.twse.com.tw/nas/t21/sii/t21sc03_114_10_0.html
2025-11,TSMC,2330,TWSE,台積電,revenue,343613802.0,TWD thousand,consolidated_IFRS,367473051.0,276058358.0,-6.49,24.47,3474050704.0,2616144592.0,32.79,,https://mopsov.twse.com.tw/nas/t21/sii/t21sc03_114_11_0.html
2025-12,TSMC,2330,TWSE,台積電,revenue,335003568.0,TWD thousand,consolidated_IFRS,343613802.0,278163107.0,-2.5,20.43,3809054272.0,2894307699.0,31.6,,https://mopsov.twse.com.tw/nas/t21/sii/t21sc03_114_12_0.html
2026-01,TSMC,2330,TWSE,台積電,revenue,401255128.0,TWD thousand,consolidated_IFRS,335003568.0,293288038.0,19.77,36.81,401255128.0,293288038.0,36.81,,https://mopsov.twse.com.tw/nas/t21/sii/t21sc03_115_1_0.html
2026-02,TSMC,2330,TWSE,台積電,revenue,317656613.0,TWD thousand,consolidated_IFRS,401255128.0,260008796.0,-20.83,22.17,718911741.0,553296834.0,29.93,,https://mopsov.twse.com.tw/nas/t21/sii/t21sc03_115_2_0.html
2026-03,TSMC,2330,TWSE,台積電,revenue,415191699.0,TWD thousand,consolidated_IFRS,317656613.0,285956830.0,30.7,45.19,1134103440.0,839253664.0,35.13,,https://mopsov.twse.com.tw/nas/t21/sii/t21sc03_115_3_0.html
2026-04,TSMC,2330,TWSE,台積電,revenue,410725118.0,TWD thousand,consolidated_IFRS,415191699.0,349566940.0,-1.07,17.49,1544828558.0,1188820604.0,29.94,,https://mopsov.twse.com.tw/nas/t21/sii/t21sc03_115_4_0.html
2026-05,TSMC,2330,TWSE,台積電,revenue,416975163.0,TWD thousand,consolidated_IFRS,410725118.0,320515951.0,1.52,30.09,1961803721.0,1509336555.0,29.97,,https://mopsov.twse.com.tw/nas/t21/sii/t21sc03_115_5_0.html
2026-06,TSMC,2330,TWSE,台積電,revenue,442679969.0,TWD thousand,consolidated_IFRS,416975163.0,263708978.0,6.16,67.86,2404483690.0,1773045533.0,35.61,因先進製程產品需求增加所致。,https://mopsov.twse.com.tw/nas/t21/sii/t21sc03_115_6_0.html
2026-07,TSMC,2330,TWSE,台積電,revenue,467580548.0,TWD thousand,consolidated_IFRS,442679969.0,323165707.0,5.62,44.68,2872064238.0,2096211240.0,37.01,,https://mopsov.twse.com.tw/nas/t21/sii/t21sc03_115_7_0.html
2026-08,TSMC,2330,TWSE,台積電,revenue,514805337.0,TWD thousand,consolidated_IFRS,467580548.0,335771691.0,10.09,53.32,3386869575.0,2431982931.0,39.26,因先進製程產品需求增加所致。,https://mopsov.twse.com.tw/nas/t21/sii/t21sc03_115_8_0.html
2010-01,Winbond Electronics,2344,TWSE,華邦電,revenue,2361008.0,TWD thousand,standalone_ROC_GAAP,2203078.0,982759.0,7.16,140.24,2361008.0,982759.0,140.24,,https://mopsov.twse.com.tw/nas/t21/sii/t21sc03_99_1_0.html
2010-02,Winbond Electronics,2344,TWSE,華邦電,revenue,2205989.0,TWD thousand,standalone_ROC_GAAP,2361008.0,1057745.0,-6.56,108.55,4566997.0,2040503.0,123.81,,https://mopsov.twse.com.tw/nas/t21/sii/t21sc03_99_2_0.html
2010-03,Winbond Electronics,2344,TWSE,華邦電,revenue,2445844.0,TWD thousand,standalone_ROC_GAAP,2205989.0,1089137.0,10.87,124.56,7012841.0,3129640.0,124.07,,https://mopsov.twse.com.tw/nas/t21/sii/t21sc03_99_3_0.html
2010-04,Winbond Electronics,2344,TWSE,華邦電,revenue,2711986.0,TWD thousand,standalone_ROC_GAAP,2445844.0,1430233.0,10.88,89.61,9724827.0,4559872.0,113.26,,https://mopsov.twse.com.tw/nas/t21/sii/t21sc03_99_4_0.html
2010-05,Winbond Electronics,2344,TWSE,華邦電,revenue,2864351.0,TWD thousand,standalone_ROC_GAAP,2711986.0,1368576.0,5.61,109.29,12589178.0,5928448.0,112.35,,https://mopsov.twse.com.tw/nas/t21/sii/t21sc03_99_5_0.html
2010-06,Winbond Electronics,2344,TWSE,華邦電,revenue,2954996.0,TWD thousand,standalone_ROC_GAAP,2864351.0,1402711.0,3.16,110.66,15544174.0,7331159.0,112.02,,https://mopsov.twse.com.tw/nas/t21/sii/t21sc03_99_6_0.html
2010-07,Winbond Electronics,2344,TWSE,華邦電,revenue,2999389.0,TWD thousand,standalone_ROC_GAAP,2954996.0,1858462.0,1.5,61.39,18543563.0,9189621.0,101.78,,https://mopsov.twse.com.tw/nas/t21/sii/t21sc03_99_7_0.html
2010-08,Winbond Electronics,2344,TWSE,華邦電,revenue,2919449.0,TWD thousand,standalone_ROC_GAAP,2999389.0,1943562.0,-2.66,50.21,21463012.0,11133183.0,92.78,,https://mopsov.twse.com.tw/nas/t21/sii/t21sc03_99_8_0.html
2010-09,Winbond Electronics,2344,TWSE,華邦電,revenue,2655517.0,TWD thousand,standalone_ROC_GAAP,2919449.0,1891498.0,-9.04,40.39,24118529.0,13024681.0,85.17,,https://mopsov.twse.com.tw/nas/t21/sii/t21sc03_99_9_0.html
2010-10,Winbond Electronics,2344,TWSE,華邦電,revenue,2572459.0,TWD thousand,standalone_ROC_GAAP,2655517.0,2122335.0,-3.12,21.2,26690988.0,15147016.0,76.21,,https://mopsov.twse.com.tw/nas/t21/sii/t21sc03_99_10_0.html
2010-11,Winbond Electronics,2344,TWSE,華邦電,revenue,2585843.0,TWD thousand,standalone_ROC_GAAP,2572459.0,2182618.0,0.52,18.47,29276831.0,17329634.0,68.94,,https://mopsov.twse.com.tw/nas/t21/sii/t21sc03_99_11_0.html
2010-12,Winbond Electronics,2344,TWSE,華邦電,revenue,2578632.0,TWD thousand,standalone_ROC_GAAP,2585843.0,2203078.0,-0.27,17.04,31855463.0,19532712.0,63.08,,https://mopsov.twse.com.tw/nas/t21/sii/t21sc03_99_12_0.html
2011-01,Winbond Electronics,2344,TWSE,華邦電,revenue,2596235.0,TWD thousand,standalone_ROC_GAAP,2578632.0,2361008.0,0.68,9.96,2596235.0,2361008.0,9.96,,https://mopsov.twse.com.tw/nas/t21/sii/t21sc03_100_1_0.html
2011-02,Winbond Electronics,2344,TWSE,華邦電,revenue,2187939.0,TWD thousand,standalone_ROC_GAAP,2596235.0,2205989.0,-15.72,-0.81,4784174.0,4566997.0,4.75,,https://mopsov.twse.com.tw/nas/t21/sii/t21sc03_100_2_0.html
2011-03,Winbond Electronics,2344,TWSE,華邦電,revenue,2374640.0,TWD thousand,standalone_ROC_GAAP,2187939.0,2445844.0,8.53,-2.91,7158814.0,7012841.0,2.08,,https://mopsov.twse.com.tw/nas/t21/sii/t21sc03_100_3_0.html
2011-04,Winbond Electronics,2344,TWSE,華邦電,revenue,2527453.0,TWD thousand,standalone_ROC_GAAP,2374640.0,2711986.0,6.43,-6.8,9686267.0,9724827.0,-0.39,,https://mopsov.twse.com.tw/nas/t21/sii/t21sc03_100_4_0.html
2011-05,Winbond Electronics,2344,TWSE,華邦電,revenue,2565277.0,TWD thousand,standalone_ROC_GAAP,2527453.0,2864351.0,1.49,-10.44,12251544.0,12589178.0,-2.68,,https://mopsov.twse.com.tw/nas/t21/sii/t21sc03_100_5_0.html
2011-06,Winbond Electronics,2344,TWSE,華邦電,revenue,2327692.0,TWD thousand,standalone_ROC_GAAP,2565277.0,2954996.0,-9.26,-21.22,14579236.0,15544174.0,-6.2,,https://mopsov.twse.com.tw/nas/t21/sii/t21sc03_100_6_0.html
2011-07,Winbond Electronics,2344,TWSE,華邦電,revenue,2298070.0,TWD thousand,standalone_ROC_GAAP,2327692.0,2999389.0,-1.27,-23.38,16877306.0,18543563.0,-8.98,,https://mopsov.twse.com.tw/nas/t21/sii/t21sc03_100_7_0.html
2011-08,Winbond Electronics,2344,TWSE,華邦電,revenue,2344417.0,TWD thousand,standalone_ROC_GAAP,2298070.0,2919449.0,2.01,-19.69,19221723.0,21463012.0,-10.44,,https://mopsov.twse.com.tw/nas/t21/sii/t21sc03_100_8_0.html
2011-09,Winbond Electronics,2344,TWSE,華邦電,revenue,2275911.0,TWD thousand,standalone_ROC_GAAP,2344417.0,2655517.0,-2.92,-14.29,21497634.0,24118529.0,-10.86,,https://mopsov.twse.com.tw/nas/t21/sii/t21sc03_100_9_0.html
2011-10,Winbond Electronics,2344,TWSE,華邦電,revenue,2032799.0,TWD thousand,standalone_ROC_GAAP,2275911.0,2572459.0,-10.68,-20.97,23530433.0,26690988.0,-11.84,,https://mopsov.twse.com.tw/nas/t21/sii/t21sc03_100_10_0.html
2011-11,Winbond Electronics,2344,TWSE,華邦電,revenue,1852956.0,TWD thousand,standalone_ROC_GAAP,2032799.0,2585843.0,-8.84,-28.34,25383389.0,29276831.0,-13.29,,https://mopsov.twse.com.tw/nas/t21/sii/t21sc03_100_11_0.html
2011-12,Winbond Electronics,2344,TWSE,華邦電,revenue,1831065.0,TWD thousand,standalone_ROC_GAAP,1852956.0,2578632.0,-1.18,-28.99,27214454.0,31855463.0,-14.56,,https://mopsov.twse.com.tw/nas/t21/sii/t21sc03_100_12_0.html
2012-01,Winbond Electronics,2344,TWSE,華邦電,revenue,1779795.0,TWD thousand,standalone_ROC_GAAP,1831065.0,2596235.0,-2.8,-31.44,1779795.0,2596235.0,-31.44,,https://mopsov.twse.com.tw/nas/t21/sii/t21sc03_101_1_0.html
2012-02,Winbond Electronics,2344,TWSE,華邦電,revenue,1879078.0,TWD thousand,standalone_ROC_GAAP,1779795.0,2187939.0,5.57,-14.11,3658873.0,4784174.0,-23.52,,https://mopsov.twse.com.tw/nas/t21/sii/t21sc03_101_2_0.html
2012-03,Winbond Electronics,2344,TWSE,華邦電,revenue,2153908.0,TWD thousand,standalone_ROC_GAAP,1879078.0,2374640.0,14.62,-9.29,5812781.0,7158814.0,-18.8,,https://mopsov.twse.com.tw/nas/t21/sii/t21sc03_101_3_0.html
2012-04,Winbond Electronics,2344,TWSE,華邦電,revenue,2235710.0,TWD thousand,standalone_ROC_GAAP,2153908.0,2527453.0,3.79,-11.54,8048491.0,9686267.0,-16.9,,https://mopsov.twse.com.tw/nas/t21/sii/t21sc03_101_4_0.html
2012-05,Winbond Electronics,2344,TWSE,華邦電,revenue,2277685.0,TWD thousand,standalone_ROC_GAAP,2235710.0,2565277.0,1.87,-11.21,10326176.0,12251544.0,-15.71,,https://mopsov.twse.com.tw/nas/t21/sii/t21sc03_101_5_0.html
2012-06,Winbond Electronics,2344,TWSE,華邦電,revenue,2278399.0,TWD thousand,standalone_ROC_GAAP,2277685.0,2327692.0,0.03,-2.11,12604575.0,14579236.0,-13.54,,https://mopsov.twse.com.tw/nas/t21/sii/t21sc03_101_6_0.html
2012-07,Winbond Electronics,2344,TWSE,華邦電,revenue,2299426.0,TWD thousand,standalone_ROC_GAAP,2278399.0,2298070.0,0.92,0.05,14904001.0,16877306.0,-11.69,,https://mopsov.twse.com.tw/nas/t21/sii/t21sc03_101_7_0.html
2012-08,Winbond Electronics,2344,TWSE,華邦電,revenue,2159503.0,TWD thousand,standalone_ROC_GAAP,2299426.0,2344417.0,-6.08,-7.88,17063504.0,19221723.0,-11.22,,https://mopsov.twse.com.tw/nas/t21/sii/t21sc03_101_8_0.html
2012-09,Winbond Electronics,2344,TWSE,華邦電,revenue,2119809.0,TWD thousand,standalone_ROC_GAAP,2159503.0,2275911.0,-1.83,-6.85,19183313.0,21497634.0,-10.76,,https://mopsov.twse.com.tw/nas/t21/sii/t21sc03_101_9_0.html
2012-10,Winbond Electronics,2344,TWSE,華邦電,revenue,2222563.0,TWD thousand,standalone_ROC_GAAP,2119809.0,2032799.0,4.84,9.33,21405876.0,23530433.0,-9.02,,https://mopsov.twse.com.tw/nas/t21/sii/t21sc03_101_10_0.html
2012-11,Winbond Electronics,2344,TWSE,華邦電,revenue,2167592.0,TWD thousand,standalone_ROC_GAAP,2222563.0,1852956.0,-2.47,16.98,23573468.0,25383389.0,-7.13,,https://mopsov.twse.com.tw/nas/t21/sii/t21sc03_101_11_0.html
2012-12,Winbond Electronics,2344,TWSE,華邦電,revenue,1845351.0,TWD thousand,standalone_ROC_GAAP,2167592.0,1831065.0,-14.86,0.78,25418819.0,27214454.0,-6.59,,https://mopsov.twse.com.tw/nas/t21/sii/t21sc03_101_12_0.html
2013-01,Winbond Electronics,2344,TWSE,華邦電,revenue,2554408.0,TWD thousand,consolidated_IFRS,,2285354.0,,11.77,2554408.0,2285354.0,11.77,,https://mopsov.twse.com.tw/nas/t21/sii/t21sc03_102_1_0.html
2013-02,Winbond Electronics,2344,TWSE,華邦電,revenue,2407504.0,TWD thousand,consolidated_IFRS,2554408.0,2416394.0,-5.75,-0.36,4961912.0,4701748.0,5.53,,https://mopsov.twse.com.tw/nas/t21/sii/t21sc03_102_2_0.html
2013-03,Winbond Electronics,2344,TWSE,華邦電,revenue,2713193.0,TWD thousand,consolidated_IFRS,2407504.0,2784467.0,12.69,-2.55,7675105.0,7486215.0,2.52,,https://mopsov.twse.com.tw/nas/t21/sii/t21sc03_102_3_0.html
2013-04,Winbond Electronics,2344,TWSE,華邦電,revenue,2995694.0,TWD thousand,consolidated_IFRS,2713193.0,2991376.0,10.41,0.14,10670799.0,10477591.0,1.84,,https://mopsov.twse.com.tw/nas/t21/sii/t21sc03_102_4_0.html
2013-05,Winbond Electronics,2344,TWSE,華邦電,revenue,3006312.0,TWD thousand,consolidated_IFRS,2995694.0,3048607.0,0.35,-1.38,13677111.0,13526198.0,1.11,,https://mopsov.twse.com.tw/nas/t21/sii/t21sc03_102_5_0.html
2013-06,Winbond Electronics,2344,TWSE,華邦電,revenue,2843823.0,TWD thousand,consolidated_IFRS,3006312.0,3029145.0,-5.4,-6.11,16520934.0,16555343.0,-0.2,,https://mopsov.twse.com.tw/nas/t21/sii/t21sc03_102_6_0.html
2013-07,Winbond Electronics,2344,TWSE,華邦電,revenue,2855022.0,TWD thousand,consolidated_IFRS,2843823.0,3032928.0,0.39,-5.86,19375956.0,19588271.0,-1.08,,https://mopsov.twse.com.tw/nas/t21/sii/t21sc03_102_7_0.html
2013-08,Winbond Electronics,2344,TWSE,華邦電,revenue,2804110.0,TWD thousand,consolidated_IFRS,2855022.0,2810888.0,-1.78,-0.24,22180066.0,22399159.0,-0.97,,https://mopsov.twse.com.tw/nas/t21/sii/t21sc03_102_8_0.html
2013-09,Winbond Electronics,2344,TWSE,華邦電,revenue,2650026.0,TWD thousand,consolidated_IFRS,2804110.0,2696627.0,-5.49,-1.72,24830092.0,25095786.0,-1.05,,https://mopsov.twse.com.tw/nas/t21/sii/t21sc03_102_9_0.html
2013-10,Winbond Electronics,2344,TWSE,華邦電,revenue,2813395.0,TWD thousand,consolidated_IFRS,2650026.0,2760071.0,6.16,1.93,27643487.0,27855857.0,-0.76,,https://mopsov.twse.com.tw/nas/t21/sii/t21sc03_102_10_0.html
2013-11,Winbond Electronics,2344,TWSE,華邦電,revenue,2809432.0,TWD thousand,consolidated_IFRS,2813395.0,2733524.0,-0.14,2.77,30452919.0,30589381.0,-0.44,,https://mopsov.twse.com.tw/nas/t21/sii/t21sc03_102_11_0.html
2013-12,Winbond Electronics,2344,TWSE,華邦電,revenue,2682529.0,TWD thousand,consolidated_IFRS,2809432.0,2375902.0,-4.51,12.9,33135448.0,32965283.0,0.51,,https://mopsov.twse.com.tw/nas/t21/sii/t21sc03_102_12_0.html
2014-01,Winbond Electronics,2344,TWSE,華邦電,revenue,2950948.0,TWD thousand,consolidated_IFRS,2682529.0,2554408.0,10.0,15.52,2950948.0,2554408.0,15.52,,https://mopsov.twse.com.tw/nas/t21/sii/t21sc03_103_1_0.html
2014-02,Winbond Electronics,2344,TWSE,華邦電,revenue,2817128.0,TWD thousand,consolidated_IFRS,2950948.0,2407504.0,-4.53,17.01,5768076.0,4961912.0,16.24,,https://mopsov.twse.com.tw/nas/t21/sii/t21sc03_103_2_0.html
2014-03,Winbond Electronics,2344,TWSE,華邦電,revenue,2982946.0,TWD thousand,consolidated_IFRS,2817128.0,2713193.0,5.88,9.94,8751022.0,7675105.0,14.01,,https://mopsov.twse.com.tw/nas/t21/sii/t21sc03_103_3_0.html
2014-04,Winbond Electronics,2344,TWSE,華邦電,revenue,3169832.0,TWD thousand,consolidated_IFRS,2982946.0,2995694.0,6.26,5.81,11920854.0,10670799.0,11.71,,https://mopsov.twse.com.tw/nas/t21/sii/t21sc03_103_4_0.html
2014-05,Winbond Electronics,2344,TWSE,華邦電,revenue,3259108.0,TWD thousand,consolidated_IFRS,3169832.0,3006312.0,2.81,8.4,15179962.0,13677111.0,10.98,,https://mopsov.twse.com.tw/nas/t21/sii/t21sc03_103_5_0.html
2014-06,Winbond Electronics,2344,TWSE,華邦電,revenue,3313414.0,TWD thousand,consolidated_IFRS,3259108.0,2843823.0,1.66,16.51,18493376.0,16520934.0,11.93,,https://mopsov.twse.com.tw/nas/t21/sii/t21sc03_103_6_0.html
2014-07,Winbond Electronics,2344,TWSE,華邦電,revenue,3337870.0,TWD thousand,consolidated_IFRS,3313414.0,2855022.0,0.73,16.91,21831246.0,19375956.0,12.67,,https://mopsov.twse.com.tw/nas/t21/sii/t21sc03_103_7_0.html
2014-08,Winbond Electronics,2344,TWSE,華邦電,revenue,3264684.0,TWD thousand,consolidated_IFRS,3337870.0,2804110.0,-2.19,16.42,25095930.0,22180066.0,13.14,,https://mopsov.twse.com.tw/nas/t21/sii/t21sc03_103_8_0.html
2014-09,Winbond Electronics,2344,TWSE,華邦電,revenue,3328894.0,TWD thousand,consolidated_IFRS,3264684.0,2650026.0,1.96,25.61,28424824.0,24830092.0,14.47,,https://mopsov.twse.com.tw/nas/t21/sii/t21sc03_103_9_0.html
2014-10,Winbond Electronics,2344,TWSE,華邦電,revenue,3202817.0,TWD thousand,consolidated_IFRS,3328894.0,2813395.0,-3.78,13.84,31627641.0,27643487.0,14.41,,https://mopsov.twse.com.tw/nas/t21/sii/t21sc03_103_10_0.html
2014-11,Winbond Electronics,2344,TWSE,華邦電,revenue,3222784.0,TWD thousand,consolidated_IFRS,3202817.0,2809432.0,0.62,14.71,34850425.0,30452919.0,14.44,,https://mopsov.twse.com.tw/nas/t21/sii/t21sc03_103_11_0.html
2014-12,Winbond Electronics,2344,TWSE,華邦電,revenue,3139235.0,TWD thousand,consolidated_IFRS,3222784.0,2682529.0,-2.59,17.02,37989660.0,33135448.0,14.64,,https://mopsov.twse.com.tw/nas/t21/sii/t21sc03_103_12_0.html
2015-01,Winbond Electronics,2344,TWSE,華邦電,revenue,3417507.0,TWD thousand,consolidated_IFRS,3139235.0,2950948.0,8.86,15.81,3417507.0,2950948.0,15.81,,https://mopsov.twse.com.tw/nas/t21/sii/t21sc03_104_1_0.html
2015-02,Winbond Electronics,2344,TWSE,華邦電,revenue,3041434.0,TWD thousand,consolidated_IFRS,3417507.0,2817128.0,-11.0,7.96,6458941.0,5768076.0,11.97,,https://mopsov.twse.com.tw/nas/t21/sii/t21sc03_104_2_0.html
2015-03,Winbond Electronics,2344,TWSE,華邦電,revenue,3264885.0,TWD thousand,consolidated_IFRS,3041434.0,2982946.0,7.34,9.45,9723826.0,8751022.0,11.11,,https://mopsov.twse.com.tw/nas/t21/sii/t21sc03_104_3_0.html
2015-04,Winbond Electronics,2344,TWSE,華邦電,revenue,3161087.0,TWD thousand,consolidated_IFRS,3264885.0,3169832.0,-3.17,-0.27,12884913.0,11920854.0,8.08,,https://mopsov.twse.com.tw/nas/t21/sii/t21sc03_104_4_0.html
2015-05,Winbond Electronics,2344,TWSE,華邦電,revenue,3078646.0,TWD thousand,consolidated_IFRS,3161087.0,3259108.0,-2.6,-5.53,15963559.0,15179962.0,5.16,,https://mopsov.twse.com.tw/nas/t21/sii/t21sc03_104_5_0.html
2015-06,Winbond Electronics,2344,TWSE,華邦電,revenue,3012396.0,TWD thousand,consolidated_IFRS,3078646.0,3313414.0,-2.15,-9.08,18975955.0,18493376.0,2.6,,https://mopsov.twse.com.tw/nas/t21/sii/t21sc03_104_6_0.html
2015-07,Winbond Electronics,2344,TWSE,華邦電,revenue,3094742.0,TWD thousand,consolidated_IFRS,3012396.0,3337870.0,2.73,-7.28,22070697.0,21831246.0,1.09,,https://mopsov.twse.com.tw/nas/t21/sii/t21sc03_104_7_0.html
2015-08,Winbond Electronics,2344,TWSE,華邦電,revenue,3216363.0,TWD thousand,consolidated_IFRS,3094742.0,3264684.0,3.92,-1.48,25287060.0,25095930.0,0.76,,https://mopsov.twse.com.tw/nas/t21/sii/t21sc03_104_8_0.html
2015-09,Winbond Electronics,2344,TWSE,華邦電,revenue,3222822.0,TWD thousand,consolidated_IFRS,3216363.0,3328894.0,0.2,-3.18,28509882.0,28424824.0,0.29,,https://mopsov.twse.com.tw/nas/t21/sii/t21sc03_104_9_0.html
2015-10,Winbond Electronics,2344,TWSE,華邦電,revenue,3385067.0,TWD thousand,consolidated_IFRS,3222822.0,3202817.0,5.03,5.69,31894949.0,31627641.0,0.84,,https://mopsov.twse.com.tw/nas/t21/sii/t21sc03_104_10_0.html
2015-11,Winbond Electronics,2344,TWSE,華邦電,revenue,3307924.0,TWD thousand,consolidated_IFRS,3385067.0,3222784.0,-2.27,2.64,35202873.0,34850425.0,1.01,,https://mopsov.twse.com.tw/nas/t21/sii/t21sc03_104_11_0.html
2015-12,Winbond Electronics,2344,TWSE,華邦電,revenue,3147442.0,TWD thousand,consolidated_IFRS,3307924.0,3139235.0,-4.85,0.26,38350315.0,37989660.0,0.94,,https://mopsov.twse.com.tw/nas/t21/sii/t21sc03_104_12_0.html
2016-01,Winbond Electronics,2344,TWSE,華邦電,revenue,3457360.0,TWD thousand,consolidated_IFRS,3147442.0,3417507.0,9.84,1.16,3457360.0,3417507.0,1.16,,https://mopsov.twse.com.tw/nas/t21/sii/t21sc03_105_1_0.html
2016-02,Winbond Electronics,2344,TWSE,華邦電,revenue,3204513.0,TWD thousand,consolidated_IFRS,3457360.0,3041434.0,-7.31,5.36,6661873.0,6458941.0,3.14,,https://mopsov.twse.com.tw/nas/t21/sii/t21sc03_105_2_0.html
2016-03,Winbond Electronics,2344,TWSE,華邦電,revenue,3425071.0,TWD thousand,consolidated_IFRS,3204513.0,3264885.0,6.88,4.9,10086944.0,9723826.0,3.73,,https://mopsov.twse.com.tw/nas/t21/sii/t21sc03_105_3_0.html
2016-04,Winbond Electronics,2344,TWSE,華邦電,revenue,3521142.0,TWD thousand,consolidated_IFRS,3425071.0,3161087.0,2.8,11.39,13608086.0,12884913.0,5.61,,https://mopsov.twse.com.tw/nas/t21/sii/t21sc03_105_4_0.html
2016-05,Winbond Electronics,2344,TWSE,華邦電,revenue,3454832.0,TWD thousand,consolidated_IFRS,3521142.0,3078646.0,-1.88,12.21,17062918.0,15963559.0,6.88,,https://mopsov.twse.com.tw/nas/t21/sii/t21sc03_105_5_0.html
2016-06,Winbond Electronics,2344,TWSE,華邦電,revenue,3520914.0,TWD thousand,consolidated_IFRS,3454832.0,3012396.0,1.91,16.88,20583832.0,18975955.0,8.47,,https://mopsov.twse.com.tw/nas/t21/sii/t21sc03_105_6_0.html
2016-07,Winbond Electronics,2344,TWSE,華邦電,revenue,3526997.0,TWD thousand,consolidated_IFRS,3520914.0,3094742.0,0.17,13.96,24110829.0,22070697.0,9.24,,https://mopsov.twse.com.tw/nas/t21/sii/t21sc03_105_7_0.html
2016-08,Winbond Electronics,2344,TWSE,華邦電,revenue,3574056.0,TWD thousand,consolidated_IFRS,3526997.0,3216363.0,1.33,11.12,27684885.0,25287060.0,9.48,,https://mopsov.twse.com.tw/nas/t21/sii/t21sc03_105_8_0.html
2016-09,Winbond Electronics,2344,TWSE,華邦電,revenue,3631663.0,TWD thousand,consolidated_IFRS,3574056.0,3222822.0,1.61,12.68,31316548.0,28509882.0,9.84,,https://mopsov.twse.com.tw/nas/t21/sii/t21sc03_105_9_0.html
2016-10,Winbond Electronics,2344,TWSE,華邦電,revenue,3709883.0,TWD thousand,consolidated_IFRS,3631663.0,3385067.0,2.15,9.59,35026431.0,31894949.0,9.81,,https://mopsov.twse.com.tw/nas/t21/sii/t21sc03_105_10_0.html
2016-11,Winbond Electronics,2344,TWSE,華邦電,revenue,3572948.0,TWD thousand,consolidated_IFRS,3709883.0,3307924.0,-3.69,8.01,38599379.0,35202873.0,9.64,,https://mopsov.twse.com.tw/nas/t21/sii/t21sc03_105_11_0.html
2016-12,Winbond Electronics,2344,TWSE,華邦電,revenue,3492330.0,TWD thousand,consolidated_IFRS,3572948.0,3147442.0,-2.25,10.95,42091709.0,38350315.0,9.75,,https://mopsov.twse.com.tw/nas/t21/sii/t21sc03_105_12_0.html
2017-01,Winbond Electronics,2344,TWSE,華邦電,revenue,3422038.0,TWD thousand,consolidated_IFRS,3492330.0,3457360.0,-2.01,-1.02,3422038.0,3457360.0,-1.02,,https://mopsov.twse.com.tw/nas/t21/sii/t21sc03_106_1_0.html
2017-02,Winbond Electronics,2344,TWSE,華邦電,revenue,3351191.0,TWD thousand,consolidated_IFRS,3422038.0,3204513.0,-2.07,4.57,6773229.0,6661873.0,1.67,,https://mopsov.twse.com.tw/nas/t21/sii/t21sc03_106_2_0.html
2017-03,Winbond Electronics,2344,TWSE,華邦電,revenue,3651734.0,TWD thousand,consolidated_IFRS,3351191.0,3425071.0,8.96,6.61,10424963.0,10086944.0,3.35,,https://mopsov.twse.com.tw/nas/t21/sii/t21sc03_106_3_0.html
2017-04,Winbond Electronics,2344,TWSE,華邦電,revenue,3636762.0,TWD thousand,consolidated_IFRS,3651734.0,3521142.0,-0.4,3.28,14061725.0,13608086.0,3.33,,https://mopsov.twse.com.tw/nas/t21/sii/t21sc03_106_4_0.html
2017-05,Winbond Electronics,2344,TWSE,華邦電,revenue,3798958.0,TWD thousand,consolidated_IFRS,3636762.0,3454832.0,4.45,9.96,17860683.0,17062918.0,4.67,,https://mopsov.twse.com.tw/nas/t21/sii/t21sc03_106_5_0.html
2017-06,Winbond Electronics,2344,TWSE,華邦電,revenue,3975557.0,TWD thousand,consolidated_IFRS,3798958.0,3520914.0,4.64,12.91,21836240.0,20583832.0,6.08,,https://mopsov.twse.com.tw/nas/t21/sii/t21sc03_106_6_0.html
2017-07,Winbond Electronics,2344,TWSE,華邦電,revenue,3999305.0,TWD thousand,consolidated_IFRS,3975557.0,3526997.0,0.59,13.39,25835545.0,24110829.0,7.15,,https://mopsov.twse.com.tw/nas/t21/sii/t21sc03_106_7_0.html
2017-08,Winbond Electronics,2344,TWSE,華邦電,revenue,4234814.0,TWD thousand,consolidated_IFRS,3999305.0,3574056.0,5.88,18.48,30070359.0,27684885.0,8.61,,https://mopsov.twse.com.tw/nas/t21/sii/t21sc03_106_8_0.html
2017-09,Winbond Electronics,2344,TWSE,華邦電,revenue,4315784.0,TWD thousand,consolidated_IFRS,4234814.0,3631663.0,1.91,18.83,34386143.0,31316548.0,9.8,,https://mopsov.twse.com.tw/nas/t21/sii/t21sc03_106_9_0.html
2017-10,Winbond Electronics,2344,TWSE,華邦電,revenue,4491255.0,TWD thousand,consolidated_IFRS,4315784.0,3709883.0,4.06,21.06,38877398.0,35026431.0,10.99,,https://mopsov.twse.com.tw/nas/t21/sii/t21sc03_106_10_0.html
2017-11,Winbond Electronics,2344,TWSE,華邦電,revenue,4474010.0,TWD thousand,consolidated_IFRS,4491255.0,3572948.0,-0.38,25.21,43351408.0,38599379.0,12.31,,https://mopsov.twse.com.tw/nas/t21/sii/t21sc03_106_11_0.html
2017-12,Winbond Electronics,2344,TWSE,華邦電,revenue,4240384.0,TWD thousand,consolidated_IFRS,4474010.0,3492330.0,-5.22,21.41,47591792.0,42091709.0,13.06,,https://mopsov.twse.com.tw/nas/t21/sii/t21sc03_106_12_0.html
2018-01,Winbond Electronics,2344,TWSE,華邦電,revenue,4145678.0,TWD thousand,consolidated_IFRS,4240384.0,3422038.0,-2.23,21.14,4145678.0,3422038.0,21.14,,https://mopsov.twse.com.tw/nas/t21/sii/t21sc03_107_1_0.html
2018-02,Winbond Electronics,2344,TWSE,華邦電,revenue,3828924.0,TWD thousand,consolidated_IFRS,4145678.0,3351191.0,-7.64,14.25,7974602.0,6773229.0,17.73,,https://mopsov.twse.com.tw/nas/t21/sii/t21sc03_107_2_0.html
2018-03,Winbond Electronics,2344,TWSE,華邦電,revenue,4181581.0,TWD thousand,consolidated_IFRS,3828924.0,3651734.0,9.21,14.5,12156183.0,10424963.0,16.6,,https://mopsov.twse.com.tw/nas/t21/sii/t21sc03_107_3_0.html
2018-04,Winbond Electronics,2344,TWSE,華邦電,revenue,4488725.0,TWD thousand,consolidated_IFRS,4181581.0,3636762.0,7.34,23.42,16644908.0,14061725.0,18.37,,https://mopsov.twse.com.tw/nas/t21/sii/t21sc03_107_4_0.html
2018-05,Winbond Electronics,2344,TWSE,華邦電,revenue,4489086.0,TWD thousand,consolidated_IFRS,4488725.0,3798958.0,0.0,18.16,21133994.0,17860683.0,18.32,,https://mopsov.twse.com.tw/nas/t21/sii/t21sc03_107_5_0.html
2018-06,Winbond Electronics,2344,TWSE,華邦電,revenue,4507412.0,TWD thousand,consolidated_IFRS,4489086.0,3975557.0,0.4,13.37,25641406.0,21836240.0,17.42,,https://mopsov.twse.com.tw/nas/t21/sii/t21sc03_107_6_0.html
2018-07,Winbond Electronics,2344,TWSE,華邦電,revenue,4597513.0,TWD thousand,consolidated_IFRS,4507412.0,3999305.0,1.99,14.95,30238919.0,25835545.0,17.04,,https://mopsov.twse.com.tw/nas/t21/sii/t21sc03_107_7_0.html
2018-08,Winbond Electronics,2344,TWSE,華邦電,revenue,4764276.0,TWD thousand,consolidated_IFRS,4597513.0,4234814.0,3.62,12.5,35003195.0,30070359.0,16.4,,https://mopsov.twse.com.tw/nas/t21/sii/t21sc03_107_8_0.html
2018-09,Winbond Electronics,2344,TWSE,華邦電,revenue,4318864.0,TWD thousand,consolidated_IFRS,4764276.0,4315784.0,-9.34,0.07,39322059.0,34386143.0,14.35,,https://mopsov.twse.com.tw/nas/t21/sii/t21sc03_107_9_0.html
2018-10,Winbond Electronics,2344,TWSE,華邦電,revenue,4155215.0,TWD thousand,consolidated_IFRS,4318864.0,4491255.0,-3.78,-7.48,43477274.0,38877398.0,11.83,,https://mopsov.twse.com.tw/nas/t21/sii/t21sc03_107_10_0.html
2018-11,Winbond Electronics,2344,TWSE,華邦電,revenue,4021231.0,TWD thousand,consolidated_IFRS,4155215.0,4474010.0,-3.22,-10.12,47498505.0,43351408.0,9.56,,https://mopsov.twse.com.tw/nas/t21/sii/t21sc03_107_11_0.html
2018-12,Winbond Electronics,2344,TWSE,華邦電,revenue,3691818.0,TWD thousand,consolidated_IFRS,4021231.0,4240384.0,-8.19,-12.93,51190323.0,47591792.0,7.56,,https://mopsov.twse.com.tw/nas/t21/sii/t21sc03_107_12_0.html
2019-01,Winbond Electronics,2344,TWSE,華邦電,revenue,3876792.0,TWD thousand,consolidated_IFRS,3691818.0,4145678.0,5.01,-6.48,3876792.0,4145678.0,-6.48,,https://mopsov.twse.com.tw/nas/t21/sii/t21sc03_108_1_0.html
2019-02,Winbond Electronics,2344,TWSE,華邦電,revenue,3275804.0,TWD thousand,consolidated_IFRS,3876792.0,3828924.0,-15.5,-14.44,7152596.0,7974602.0,-10.3,,https://mopsov.twse.com.tw/nas/t21/sii/t21sc03_108_2_0.html
2019-03,Winbond Electronics,2344,TWSE,華邦電,revenue,3734172.0,TWD thousand,consolidated_IFRS,3275804.0,4181581.0,13.99,-10.69,10886768.0,12156183.0,-10.44,,https://mopsov.twse.com.tw/nas/t21/sii/t21sc03_108_3_0.html
2019-04,Winbond Electronics,2344,TWSE,華邦電,revenue,3903846.0,TWD thousand,consolidated_IFRS,3734172.0,4488725.0,4.54,-13.02,14790614.0,16644908.0,-11.14,,https://mopsov.twse.com.tw/nas/t21/sii/t21sc03_108_4_0.html
2019-05,Winbond Electronics,2344,TWSE,華邦電,revenue,4012937.0,TWD thousand,consolidated_IFRS,3903846.0,4489086.0,2.79,-10.6,18803551.0,21133994.0,-11.02,,https://mopsov.twse.com.tw/nas/t21/sii/t21sc03_108_5_0.html
2019-06,Winbond Electronics,2344,TWSE,華邦電,revenue,4094886.0,TWD thousand,consolidated_IFRS,4012937.0,4507412.0,2.04,-9.15,22898437.0,25641406.0,-10.69,,https://mopsov.twse.com.tw/nas/t21/sii/t21sc03_108_6_0.html
2019-07,Winbond Electronics,2344,TWSE,華邦電,revenue,4327483.0,TWD thousand,consolidated_IFRS,4094886.0,4597513.0,5.68,-5.87,27225920.0,30238919.0,-9.96,,https://mopsov.twse.com.tw/nas/t21/sii/t21sc03_108_7_0.html
2019-08,Winbond Electronics,2344,TWSE,華邦電,revenue,4463022.0,TWD thousand,consolidated_IFRS,4327483.0,4764276.0,3.13,-6.32,31688942.0,35003195.0,-9.46,,https://mopsov.twse.com.tw/nas/t21/sii/t21sc03_108_8_0.html
2019-09,Winbond Electronics,2344,TWSE,華邦電,revenue,4629824.0,TWD thousand,consolidated_IFRS,4463022.0,4318864.0,3.73,7.2,36318766.0,39322059.0,-7.63,,https://mopsov.twse.com.tw/nas/t21/sii/t21sc03_108_9_0.html
2019-10,Winbond Electronics,2344,TWSE,華邦電,revenue,4321150.0,TWD thousand,consolidated_IFRS,4629824.0,4155215.0,-6.66,3.99,40639916.0,43477274.0,-6.52,,https://mopsov.twse.com.tw/nas/t21/sii/t21sc03_108_10_0.html
2019-11,Winbond Electronics,2344,TWSE,華邦電,revenue,4057424.0,TWD thousand,consolidated_IFRS,4321150.0,4021231.0,-6.1,0.9,44697340.0,47498505.0,-5.89,,https://mopsov.twse.com.tw/nas/t21/sii/t21sc03_108_11_0.html
2019-12,Winbond Electronics,2344,TWSE,華邦電,revenue,4074094.0,TWD thousand,consolidated_IFRS,4057424.0,3691818.0,0.41,10.35,48771434.0,51190323.0,-4.72,,https://mopsov.twse.com.tw/nas/t21/sii/t21sc03_108_12_0.html
2020-01,Winbond Electronics,2344,TWSE,華邦電,revenue,3682717.0,TWD thousand,consolidated_IFRS,4074094.0,3876792.0,-9.6,-5.0,3682717.0,3876792.0,-5.0,,https://mopsov.twse.com.tw/nas/t21/sii/t21sc03_109_1_0.html
2020-02,Winbond Electronics,2344,TWSE,華邦電,revenue,3725519.0,TWD thousand,consolidated_IFRS,3682717.0,3275804.0,1.16,13.72,7408236.0,7152596.0,3.57,,https://mopsov.twse.com.tw/nas/t21/sii/t21sc03_109_2_0.html
2020-03,Winbond Electronics,2344,TWSE,華邦電,revenue,4140767.0,TWD thousand,consolidated_IFRS,3725519.0,3734172.0,11.14,10.88,11549003.0,10886768.0,6.08,,https://mopsov.twse.com.tw/nas/t21/sii/t21sc03_109_3_0.html
2020-04,Winbond Electronics,2344,TWSE,華邦電,revenue,4348589.0,TWD thousand,consolidated_IFRS,4140767.0,3903846.0,5.01,11.39,15897592.0,14790614.0,7.48,,https://mopsov.twse.com.tw/nas/t21/sii/t21sc03_109_4_0.html
2020-05,Winbond Electronics,2344,TWSE,華邦電,revenue,4273412.0,TWD thousand,consolidated_IFRS,4348589.0,4012937.0,-1.72,6.49,20171004.0,18803551.0,7.27,,https://mopsov.twse.com.tw/nas/t21/sii/t21sc03_109_5_0.html
2020-06,Winbond Electronics,2344,TWSE,華邦電,revenue,4130594.0,TWD thousand,consolidated_IFRS,4273412.0,4094886.0,-3.34,0.87,24301598.0,22898437.0,6.12,,https://mopsov.twse.com.tw/nas/t21/sii/t21sc03_109_6_0.html
2020-07,Winbond Electronics,2344,TWSE,華邦電,revenue,4124163.0,TWD thousand,consolidated_IFRS,4130594.0,4327483.0,-0.15,-4.69,28425761.0,27225920.0,4.4,,https://mopsov.twse.com.tw/nas/t21/sii/t21sc03_109_7_0.html
2020-08,Winbond Electronics,2344,TWSE,華邦電,revenue,4432501.0,TWD thousand,consolidated_IFRS,4124163.0,4463022.0,7.47,-0.68,32858262.0,31688942.0,3.68,,https://mopsov.twse.com.tw/nas/t21/sii/t21sc03_109_8_0.html
2020-09,Winbond Electronics,2344,TWSE,華邦電,revenue,7477057.0,TWD thousand,consolidated_IFRS,4432501.0,4629824.0,68.68,61.49,40335319.0,36318766.0,11.05,本公司之子公司新唐科技109/9/1完成對日本Panasonic Corporation半導體相關事業之併購，自完成日起該事業併入本公司合併財報,https://mopsov.twse.com.tw/nas/t21/sii/t21sc03_109_9_0.html
2020-10,Winbond Electronics,2344,TWSE,華邦電,revenue,6864511.0,TWD thousand,consolidated_IFRS,7477057.0,4321150.0,-8.19,58.85,47199830.0,40639916.0,16.14,本公司之子公司新唐科技109/9/1完成對日本Panasonic Corporation半導體相關事業之併購，自完成日起該事業併入本公司合併財報,https://mopsov.twse.com.tw/nas/t21/sii/t21sc03_109_10_0.html
2020-11,Winbond Electronics,2344,TWSE,華邦電,revenue,6675073.0,TWD thousand,consolidated_IFRS,6864511.0,4057424.0,-2.75,64.51,53874903.0,44697340.0,20.53,本公司之子公司新唐科技109/9/1完成對日本Panasonic Corporation半導體相關事業之併購，自完成日起該事業併入本公司合併財報,https://mopsov.twse.com.tw/nas/t21/sii/t21sc03_109_11_0.html
2020-12,Winbond Electronics,2344,TWSE,華邦電,revenue,6808268.0,TWD thousand,consolidated_IFRS,6675073.0,4074094.0,1.99,67.11,60683171.0,48771434.0,24.42,本公司之子公司新唐科技109/9/1完成對日本Panasonic Corporation半導體相關事業之併購，自完成日起該事業併入本公司合併財報,https://mopsov.twse.com.tw/nas/t21/sii/t21sc03_109_12_0.html
2021-01,Winbond Electronics,2344,TWSE,華邦電,revenue,6903387.0,TWD thousand,consolidated_IFRS,6808268.0,3682717.0,1.39,87.45,6903387.0,3682717.0,87.45,本公司之子公司新唐科技109/9/1完成對日本Panasonic Corporation半導體相關事業之併購，自完成日起該事業併入本公司合併財報,https://mopsov.twse.com.tw/nas/t21/sii/t21sc03_110_1_0.html
2021-02,Winbond Electronics,2344,TWSE,華邦電,revenue,6454634.0,TWD thousand,consolidated_IFRS,6903387.0,3725519.0,-6.5,73.25,13358021.0,7408236.0,80.31,本公司之子公司新唐科技109/9/1完成對日本Panasonic Corporation半導體相關事業之併購，自完成日起該事業併入本公司合併財報,https://mopsov.twse.com.tw/nas/t21/sii/t21sc03_110_2_0.html
2021-03,Winbond Electronics,2344,TWSE,華邦電,revenue,7967337.0,TWD thousand,consolidated_IFRS,6454634.0,4140767.0,23.43,92.41,21325358.0,11549003.0,84.65,本公司之子公司新唐科技109/9/1完成對日本Panasonic Corporation半導體相關事業之併購，自完成日起該事業併入本公司合併財報,https://mopsov.twse.com.tw/nas/t21/sii/t21sc03_110_3_0.html
2021-04,Winbond Electronics,2344,TWSE,華邦電,revenue,8304909.0,TWD thousand,consolidated_IFRS,7967337.0,4348589.0,4.23,90.97,29630267.0,15897592.0,86.38,本公司之子公司新唐科技109/9/1完成對日本Panasonic Corporation半導體相關事業之併購，自完成日起該事業併入本公司合併財報,https://mopsov.twse.com.tw/nas/t21/sii/t21sc03_110_4_0.html
2021-05,Winbond Electronics,2344,TWSE,華邦電,revenue,8207005.0,TWD thousand,consolidated_IFRS,8304909.0,4273412.0,-1.17,92.04,37837272.0,20171004.0,87.58,本公司之子公司新唐科技109/9/1完成對日本Panasonic Corporation半導體相關事業之併購，自完成日起該事業併入本公司合併財報,https://mopsov.twse.com.tw/nas/t21/sii/t21sc03_110_5_0.html
2021-06,Winbond Electronics,2344,TWSE,華邦電,revenue,8722245.0,TWD thousand,consolidated_IFRS,8207005.0,4130594.0,6.27,111.16,46559517.0,24301598.0,91.59,本公司之子公司新唐科技109/9/1完成對日本Panasonic Corporation半導體相關事業之併購，自完成日起該事業併入本公司合併財報,https://mopsov.twse.com.tw/nas/t21/sii/t21sc03_110_6_0.html
2021-07,Winbond Electronics,2344,TWSE,華邦電,revenue,9089871.0,TWD thousand,consolidated_IFRS,8722245.0,4124163.0,4.21,120.4,55649388.0,28425761.0,95.77,本公司之子公司新唐科技109/9/1完成對日本Panasonic Corporation半導體相關事業之併購，自完成日起該事業併入本公司合併財報,https://mopsov.twse.com.tw/nas/t21/sii/t21sc03_110_7_0.html
2021-08,Winbond Electronics,2344,TWSE,華邦電,revenue,8816083.0,TWD thousand,consolidated_IFRS,9089871.0,4432501.0,-3.01,98.89,64465471.0,32858262.0,96.19,本公司之子公司新唐科技109/9/1完成對日本Panasonic Corporation半導體相關事業之併購，自完成日起該事業併入本公司合併財報,https://mopsov.twse.com.tw/nas/t21/sii/t21sc03_110_8_0.html
2021-09,Winbond Electronics,2344,TWSE,華邦電,revenue,9108776.0,TWD thousand,consolidated_IFRS,8816083.0,7477057.0,3.31,21.82,73574247.0,40335319.0,82.4,本公司之子公司新唐科技109/9/1完成對日本Panasonic Corporation半導體相關事業之併購，自完成日起該事業併入本公司合併財報,https://mopsov.twse.com.tw/nas/t21/sii/t21sc03_110_9_0.html
2021-10,Winbond Electronics,2344,TWSE,華邦電,revenue,8829275.0,TWD thousand,consolidated_IFRS,9108776.0,6864511.0,-3.06,28.62,82403522.0,47199830.0,74.58,本公司之子公司新唐科技109/9/1完成對日本Panasonic Corporation半導體相關事業之併購，自完成日起該事業併入本公司合併財報,https://mopsov.twse.com.tw/nas/t21/sii/t21sc03_110_10_0.html
2021-11,Winbond Electronics,2344,TWSE,華邦電,revenue,8559401.0,TWD thousand,consolidated_IFRS,8829275.0,6675073.0,-3.05,28.22,90962923.0,53874903.0,68.84,本公司之子公司新唐科技109/9/1完成對日本Panasonic Corporation半導體相關事業之併購，自完成日起該事業併入本公司合併財報,https://mopsov.twse.com.tw/nas/t21/sii/t21sc03_110_11_0.html
2021-12,Winbond Electronics,2344,TWSE,華邦電,revenue,8607001.0,TWD thousand,consolidated_IFRS,8559401.0,6808268.0,0.55,26.41,99569924.0,60683171.0,64.08,本公司之子公司新唐科技109/9/1完成對日本Panasonic Corporation半導體相關事業之併購，自完成日起該事業併入本公司合併財報,https://mopsov.twse.com.tw/nas/t21/sii/t21sc03_110_12_0.html
2022-01,Winbond Electronics,2344,TWSE,華邦電,revenue,8690488.0,TWD thousand,consolidated_IFRS,8607001.0,6903387.0,0.96,25.88,8690488.0,6903387.0,25.88,,https://mopsov.twse.com.tw/nas/t21/sii/t21sc03_111_1_0.html
2022-02,Winbond Electronics,2344,TWSE,華邦電,revenue,8606056.0,TWD thousand,consolidated_IFRS,8690488.0,6454634.0,-0.97,33.33,17296544.0,13358021.0,29.48,,https://mopsov.twse.com.tw/nas/t21/sii/t21sc03_111_2_0.html
2022-03,Winbond Electronics,2344,TWSE,華邦電,revenue,9217307.0,TWD thousand,consolidated_IFRS,8606056.0,7967337.0,7.1,15.68,26513851.0,21325358.0,24.33,,https://mopsov.twse.com.tw/nas/t21/sii/t21sc03_111_3_0.html
2022-04,Winbond Electronics,2344,TWSE,華邦電,revenue,8923615.0,TWD thousand,consolidated_IFRS,9217307.0,8304909.0,-3.18,7.44,35437466.0,29630267.0,19.59,,https://mopsov.twse.com.tw/nas/t21/sii/t21sc03_111_4_0.html
2022-05,Winbond Electronics,2344,TWSE,華邦電,revenue,8820001.0,TWD thousand,consolidated_IFRS,8923615.0,8207005.0,-1.16,7.46,44257467.0,37837272.0,16.96,,https://mopsov.twse.com.tw/nas/t21/sii/t21sc03_111_5_0.html
2022-06,Winbond Electronics,2344,TWSE,華邦電,revenue,8903080.0,TWD thousand,consolidated_IFRS,8820001.0,8722245.0,0.94,2.07,53160547.0,46559517.0,14.17,,https://mopsov.twse.com.tw/nas/t21/sii/t21sc03_111_6_0.html
2022-07,Winbond Electronics,2344,TWSE,華邦電,revenue,7390832.0,TWD thousand,consolidated_IFRS,8903080.0,9089871.0,-16.98,-18.69,60551379.0,55649388.0,8.8,,https://mopsov.twse.com.tw/nas/t21/sii/t21sc03_111_7_0.html
2022-08,Winbond Electronics,2344,TWSE,華邦電,revenue,7402743.0,TWD thousand,consolidated_IFRS,7390832.0,8816083.0,0.16,-16.03,67954122.0,64465471.0,5.41,,https://mopsov.twse.com.tw/nas/t21/sii/t21sc03_111_8_0.html
2022-09,Winbond Electronics,2344,TWSE,華邦電,revenue,7351855.0,TWD thousand,consolidated_IFRS,7402743.0,9108776.0,-0.68,-19.28,75305977.0,73574247.0,2.35,,https://mopsov.twse.com.tw/nas/t21/sii/t21sc03_111_9_0.html
2022-10,Winbond Electronics,2344,TWSE,華邦電,revenue,6226159.0,TWD thousand,consolidated_IFRS,7351855.0,8829275.0,-15.31,-29.48,81532136.0,82403522.0,-1.05,,https://mopsov.twse.com.tw/nas/t21/sii/t21sc03_111_10_0.html
2022-11,Winbond Electronics,2344,TWSE,華邦電,revenue,6519979.0,TWD thousand,consolidated_IFRS,6226159.0,8559401.0,4.71,-23.82,88052115.0,90962923.0,-3.19,,https://mopsov.twse.com.tw/nas/t21/sii/t21sc03_111_11_0.html
2022-12,Winbond Electronics,2344,TWSE,華邦電,revenue,6477675.0,TWD thousand,consolidated_IFRS,6519979.0,8607001.0,-0.64,-24.73,94529790.0,99569924.0,-5.06,,https://mopsov.twse.com.tw/nas/t21/sii/t21sc03_111_12_0.html
2023-01,Winbond Electronics,2344,TWSE,華邦電,revenue,4885570.0,TWD thousand,consolidated_IFRS,6477675.0,8690488.0,-24.57,-43.78,4885570.0,8690488.0,-43.78,,https://mopsov.twse.com.tw/nas/t21/sii/t21sc03_112_1_0.html
2023-02,Winbond Electronics,2344,TWSE,華邦電,revenue,5746016.0,TWD thousand,consolidated_IFRS,4885570.0,8606056.0,17.61,-33.23,10631586.0,17296544.0,-38.53,,https://mopsov.twse.com.tw/nas/t21/sii/t21sc03_112_2_0.html
2023-03,Winbond Electronics,2344,TWSE,華邦電,revenue,6884141.0,TWD thousand,consolidated_IFRS,5746016.0,9217307.0,19.8,-25.31,17515727.0,26513851.0,-33.93,,https://mopsov.twse.com.tw/nas/t21/sii/t21sc03_112_3_0.html
2023-04,Winbond Electronics,2344,TWSE,華邦電,revenue,5684046.0,TWD thousand,consolidated_IFRS,6884141.0,8923615.0,-17.43,-36.3,23199773.0,35437466.0,-34.53,,https://mopsov.twse.com.tw/nas/t21/sii/t21sc03_112_4_0.html
2023-05,Winbond Electronics,2344,TWSE,華邦電,revenue,6137916.0,TWD thousand,consolidated_IFRS,5684046.0,8820001.0,7.98,-30.4,29337689.0,44257467.0,-33.71,,https://mopsov.twse.com.tw/nas/t21/sii/t21sc03_112_5_0.html
2023-06,Winbond Electronics,2344,TWSE,華邦電,revenue,6988905.0,TWD thousand,consolidated_IFRS,6137916.0,8903080.0,13.86,-21.5,36326594.0,53160547.0,-31.66,,https://mopsov.twse.com.tw/nas/t21/sii/t21sc03_112_6_0.html
2023-07,Winbond Electronics,2344,TWSE,華邦電,revenue,6314838.0,TWD thousand,consolidated_IFRS,6988905.0,7390832.0,-9.64,-14.55,42641432.0,60551379.0,-29.57,,https://mopsov.twse.com.tw/nas/t21/sii/t21sc03_112_7_0.html
2023-08,Winbond Electronics,2344,TWSE,華邦電,revenue,6424643.0,TWD thousand,consolidated_IFRS,6314838.0,7402743.0,1.73,-13.21,49066075.0,67954122.0,-27.79,,https://mopsov.twse.com.tw/nas/t21/sii/t21sc03_112_8_0.html
2023-09,Winbond Electronics,2344,TWSE,華邦電,revenue,6766334.0,TWD thousand,consolidated_IFRS,6424643.0,7351855.0,5.31,-7.96,55832409.0,75305977.0,-25.85,,https://mopsov.twse.com.tw/nas/t21/sii/t21sc03_112_9_0.html
2023-10,Winbond Electronics,2344,TWSE,華邦電,revenue,6297972.0,TWD thousand,consolidated_IFRS,6766334.0,6226159.0,-6.92,1.15,62130381.0,81532136.0,-23.79,,https://mopsov.twse.com.tw/nas/t21/sii/t21sc03_112_10_0.html
2023-11,Winbond Electronics,2344,TWSE,華邦電,revenue,6368389.0,TWD thousand,consolidated_IFRS,6297972.0,6519979.0,1.11,-2.32,68498770.0,88052115.0,-22.2,,https://mopsov.twse.com.tw/nas/t21/sii/t21sc03_112_11_0.html
2023-12,Winbond Electronics,2344,TWSE,華邦電,revenue,6507308.0,TWD thousand,consolidated_IFRS,6368389.0,6477675.0,2.18,0.45,75006078.0,94529790.0,-20.65,,https://mopsov.twse.com.tw/nas/t21/sii/t21sc03_112_12_0.html
2024-01,Winbond Electronics,2344,TWSE,華邦電,revenue,6402586.0,TWD thousand,consolidated_IFRS,6507308.0,4885570.0,-1.6,31.05,6402586.0,4885570.0,31.05,,https://mopsov.twse.com.tw/nas/t21/sii/t21sc03_113_1_0.html
2024-02,Winbond Electronics,2344,TWSE,華邦電,revenue,6207435.0,TWD thousand,consolidated_IFRS,6402586.0,5746016.0,-3.04,8.03,12610021.0,10631586.0,18.6,,https://mopsov.twse.com.tw/nas/t21/sii/t21sc03_113_2_0.html
2024-03,Winbond Electronics,2344,TWSE,華邦電,revenue,7511330.0,TWD thousand,consolidated_IFRS,6207435.0,6884141.0,21.0,9.11,20121351.0,17515727.0,14.87,,https://mopsov.twse.com.tw/nas/t21/sii/t21sc03_113_3_0.html
2024-04,Winbond Electronics,2344,TWSE,華邦電,revenue,6981267.0,TWD thousand,consolidated_IFRS,7511330.0,5684046.0,-7.05,22.82,27102618.0,23199773.0,16.82,,https://mopsov.twse.com.tw/nas/t21/sii/t21sc03_113_4_0.html
2024-05,Winbond Electronics,2344,TWSE,華邦電,revenue,7125163.0,TWD thousand,consolidated_IFRS,6981267.0,6137916.0,2.06,16.08,34227781.0,29337689.0,16.66,,https://mopsov.twse.com.tw/nas/t21/sii/t21sc03_113_5_0.html
2024-06,Winbond Electronics,2344,TWSE,華邦電,revenue,7377553.0,TWD thousand,consolidated_IFRS,7125163.0,6988905.0,3.54,5.56,41605334.0,36326594.0,14.53,,https://mopsov.twse.com.tw/nas/t21/sii/t21sc03_113_6_0.html
2024-07,Winbond Electronics,2344,TWSE,華邦電,revenue,7083403.0,TWD thousand,consolidated_IFRS,7377553.0,6314838.0,-3.98,12.17,48688737.0,42641432.0,14.18,,https://mopsov.twse.com.tw/nas/t21/sii/t21sc03_113_7_0.html
2024-08,Winbond Electronics,2344,TWSE,華邦電,revenue,6997545.0,TWD thousand,consolidated_IFRS,7083403.0,6424643.0,-1.21,8.91,55686282.0,49066075.0,13.49,,https://mopsov.twse.com.tw/nas/t21/sii/t21sc03_113_8_0.html
2024-09,Winbond Electronics,2344,TWSE,華邦電,revenue,7231483.0,TWD thousand,consolidated_IFRS,6997545.0,6766334.0,3.34,6.87,62917765.0,55832409.0,12.69,,https://mopsov.twse.com.tw/nas/t21/sii/t21sc03_113_9_0.html
2024-10,Winbond Electronics,2344,TWSE,華邦電,revenue,6097945.0,TWD thousand,consolidated_IFRS,7231483.0,6297972.0,-15.67,-3.17,69015710.0,62130381.0,11.08,,https://mopsov.twse.com.tw/nas/t21/sii/t21sc03_113_10_0.html
2024-11,Winbond Electronics,2344,TWSE,華邦電,revenue,6221805.0,TWD thousand,consolidated_IFRS,6097945.0,6368389.0,2.03,-2.3,75237515.0,68498770.0,9.83,,https://mopsov.twse.com.tw/nas/t21/sii/t21sc03_113_11_0.html
2024-12,Winbond Electronics,2344,TWSE,華邦電,revenue,6372253.0,TWD thousand,consolidated_IFRS,6221805.0,6507308.0,2.41,-2.07,81609768.0,75006078.0,8.8,,https://mopsov.twse.com.tw/nas/t21/sii/t21sc03_113_12_0.html
2025-01,Winbond Electronics,2344,TWSE,華邦電,revenue,6066312.0,TWD thousand,consolidated_IFRS,6372253.0,6402586.0,-4.8,-5.25,6066312.0,6402586.0,-5.25,,https://mopsov.twse.com.tw/nas/t21/sii/t21sc03_114_1_0.html
2025-02,Winbond Electronics,2344,TWSE,華邦電,revenue,6353503.0,TWD thousand,consolidated_IFRS,6066312.0,6207435.0,4.73,2.35,12419815.0,12610021.0,-1.5,,https://mopsov.twse.com.tw/nas/t21/sii/t21sc03_114_2_0.html
2025-03,Winbond Electronics,2344,TWSE,華邦電,revenue,7572802.0,TWD thousand,consolidated_IFRS,6353503.0,7511330.0,19.19,0.81,19992617.0,20121351.0,-0.63,,https://mopsov.twse.com.tw/nas/t21/sii/t21sc03_114_3_0.html
2025-04,Winbond Electronics,2344,TWSE,華邦電,revenue,6819077.0,TWD thousand,consolidated_IFRS,7572802.0,6981267.0,-9.95,-2.32,26811694.0,27102618.0,-1.07,,https://mopsov.twse.com.tw/nas/t21/sii/t21sc03_114_4_0.html
2025-05,Winbond Electronics,2344,TWSE,華邦電,revenue,7093516.0,TWD thousand,consolidated_IFRS,6819077.0,7125163.0,4.02,-0.44,33905210.0,34227781.0,-0.94,,https://mopsov.twse.com.tw/nas/t21/sii/t21sc03_114_5_0.html
2025-06,Winbond Electronics,2344,TWSE,華邦電,revenue,7105364.0,TWD thousand,consolidated_IFRS,7093516.0,7377553.0,0.16,-3.68,41010574.0,41605334.0,-1.42,,https://mopsov.twse.com.tw/nas/t21/sii/t21sc03_114_6_0.html
2025-07,Winbond Electronics,2344,TWSE,華邦電,revenue,6837785.0,TWD thousand,consolidated_IFRS,7105364.0,7083403.0,-3.76,-3.46,47848359.0,48688737.0,-1.72,,https://mopsov.twse.com.tw/nas/t21/sii/t21sc03_114_7_0.html
2025-08,Winbond Electronics,2344,TWSE,華邦電,revenue,7012528.0,TWD thousand,consolidated_IFRS,6837785.0,6997545.0,2.55,0.21,54860887.0,55686282.0,-1.48,,https://mopsov.twse.com.tw/nas/t21/sii/t21sc03_114_8_0.html
2025-09,Winbond Electronics,2344,TWSE,華邦電,revenue,7920210.0,TWD thousand,consolidated_IFRS,7012528.0,7231483.0,12.94,9.52,62781097.0,62917765.0,-0.21,,https://mopsov.twse.com.tw/nas/t21/sii/t21sc03_114_9_0.html
2025-10,Winbond Electronics,2344,TWSE,華邦電,revenue,8225204.0,TWD thousand,consolidated_IFRS,7920210.0,6097945.0,3.85,34.88,71006301.0,69015710.0,2.88,,https://mopsov.twse.com.tw/nas/t21/sii/t21sc03_114_10_0.html
2025-11,Winbond Electronics,2344,TWSE,華邦電,revenue,8629567.0,TWD thousand,consolidated_IFRS,8225204.0,6221805.0,4.91,38.69,79635868.0,75237515.0,5.84,,https://mopsov.twse.com.tw/nas/t21/sii/t21sc03_114_11_0.html
2025-12,Winbond Electronics,2344,TWSE,華邦電,revenue,9770303.0,TWD thousand,consolidated_IFRS,8629567.0,6372253.0,13.21,53.32,89406171.0,81609768.0,9.55,受市場供需影響,https://mopsov.twse.com.tw/nas/t21/sii/t21sc03_114_12_0.html
2026-01,Winbond Electronics,2344,TWSE,華邦電,revenue,11778411.0,TWD thousand,consolidated_IFRS,9770303.0,6066312.0,20.55,94.16,11778411.0,6066312.0,94.16,受市場供需影響。,https://mopsov.twse.com.tw/nas/t21/sii/t21sc03_115_1_0.html
2026-02,Winbond Electronics,2344,TWSE,華邦電,revenue,11973254.0,TWD thousand,consolidated_IFRS,11778411.0,6353503.0,1.65,88.45,23751665.0,12419815.0,91.24,受市場供需影響。,https://mopsov.twse.com.tw/nas/t21/sii/t21sc03_115_2_0.html
2026-03,Winbond Electronics,2344,TWSE,華邦電,revenue,14501399.0,TWD thousand,consolidated_IFRS,11973254.0,7572802.0,21.11,91.49,38253064.0,19992617.0,91.33,受市場供需影響。,https://mopsov.twse.com.tw/nas/t21/sii/t21sc03_115_3_0.html
2026-04,Winbond Electronics,2344,TWSE,華邦電,revenue,19245022.0,TWD thousand,consolidated_IFRS,14501399.0,6819077.0,32.71,182.22,57498086.0,26811694.0,114.45,受市場供需影響。,https://mopsov.twse.com.tw/nas/t21/sii/t21sc03_115_4_0.html
2026-05,Winbond Electronics,2344,TWSE,華邦電,revenue,20001444.0,TWD thousand,consolidated_IFRS,19245022.0,7093516.0,3.93,181.96,77499530.0,33905210.0,128.57,受市場供需影響。,https://mopsov.twse.com.tw/nas/t21/sii/t21sc03_115_5_0.html
2026-06,Winbond Electronics,2344,TWSE,華邦電,revenue,20596799.0,TWD thousand,consolidated_IFRS,20001444.0,7105364.0,2.97,189.87,98096329.0,41010574.0,139.19,受市場供需影響。,https://mopsov.twse.com.tw/nas/t21/sii/t21sc03_115_6_0.html
2026-07,Winbond Electronics,2344,TWSE,華邦電,revenue,26773179.0,TWD thousand,consolidated_IFRS,20596799.0,6837785.0,29.98,291.54,124869508.0,47848359.0,160.96,受市場供需影響。,https://mopsov.twse.com.tw/nas/t21/sii/t21sc03_115_7_0.html
2026-08,Winbond Electronics,2344,TWSE,華邦電,revenue,27308717.0,TWD thousand,consolidated_IFRS,26773179.0,7012528.0,2.0,289.42,152178225.0,54860887.0,177.38,受市場供需影響。,https://mopsov.twse.com.tw/nas/t21/sii/t21sc03_115_8_0.html
2026-09,Winbond Electronics,2344,TWSE,華邦電,revenue,28248909.0,TWD thousand,consolidated_IFRS,27308717.0,7920210.0,3.44,256.66,180427134.0,62781097.0,187.39,受市場供需影響。,https://mopsov.twse.com.tw/nas/t21/sii/t21sc03_115_9_0.html
2010-01,Nanya Technology,2408,TWSE,南科,revenue,4722438.0,TWD thousand,standalone_ROC_GAAP,4963710.0,2003911.0,-4.86,135.66,4722438.0,2003911.0,135.66,,https://mopsov.twse.com.tw/nas/t21/sii/t21sc03_99_1_0.html
2010-02,Nanya Technology,2408,TWSE,南科,revenue,4141263.0,TWD thousand,standalone_ROC_GAAP,4722438.0,1947535.0,-12.3,112.64,8863701.0,3951447.0,124.31,,https://mopsov.twse.com.tw/nas/t21/sii/t21sc03_99_2_0.html
2010-03,Nanya Technology,2408,TWSE,南科,revenue,5257108.0,TWD thousand,standalone_ROC_GAAP,4141263.0,2220518.0,26.94,136.75,14120809.0,6171965.0,128.78,,https://mopsov.twse.com.tw/nas/t21/sii/t21sc03_99_3_0.html
2010-04,Nanya Technology,2408,TWSE,南科,revenue,5221150.0,TWD thousand,standalone_ROC_GAAP,5257108.0,2646698.0,-0.68,97.27,19341959.0,8818663.0,119.32,,https://mopsov.twse.com.tw/nas/t21/sii/t21sc03_99_4_0.html
2010-05,Nanya Technology,2408,TWSE,南科,revenue,5266966.0,TWD thousand,standalone_ROC_GAAP,5221150.0,2890631.0,0.87,82.2,24608925.0,11709294.0,110.16,,https://mopsov.twse.com.tw/nas/t21/sii/t21sc03_99_5_0.html
2010-06,Nanya Technology,2408,TWSE,南科,revenue,5229431.0,TWD thousand,standalone_ROC_GAAP,5266966.0,2547908.0,-0.71,105.24,29838355.0,14257202.0,109.28,,https://mopsov.twse.com.tw/nas/t21/sii/t21sc03_99_6_0.html
2010-07,Nanya Technology,2408,TWSE,南科,revenue,5098080.0,TWD thousand,standalone_ROC_GAAP,5229431.0,3296476.0,-2.51,54.65,34936435.0,17553679.0,99.02,,https://mopsov.twse.com.tw/nas/t21/sii/t21sc03_99_7_0.html
2010-08,Nanya Technology,2408,TWSE,南科,revenue,5259456.0,TWD thousand,standalone_ROC_GAAP,5098080.0,3653544.0,3.16,43.95,40195891.0,21207222.0,89.53,,https://mopsov.twse.com.tw/nas/t21/sii/t21sc03_99_8_0.html
2010-09,Nanya Technology,2408,TWSE,南科,revenue,4558436.0,TWD thousand,standalone_ROC_GAAP,5259456.0,4559390.0,-13.32,-0.02,44754327.0,25766613.0,73.69,,https://mopsov.twse.com.tw/nas/t21/sii/t21sc03_99_9_0.html
2010-10,Nanya Technology,2408,TWSE,南科,revenue,3779160.0,TWD thousand,standalone_ROC_GAAP,4558436.0,5675310.0,-17.09,-33.41,48533487.0,31441923.0,54.35,,https://mopsov.twse.com.tw/nas/t21/sii/t21sc03_99_10_0.html
2010-11,Nanya Technology,2408,TWSE,南科,revenue,3962380.0,TWD thousand,standalone_ROC_GAAP,3779160.0,6050840.0,4.84,-34.51,52495867.0,37492763.0,40.01,,https://mopsov.twse.com.tw/nas/t21/sii/t21sc03_99_11_0.html
2010-12,Nanya Technology,2408,TWSE,南科,revenue,4048028.0,TWD thousand,standalone_ROC_GAAP,3962380.0,4963710.0,2.16,-18.44,56543895.0,42456473.0,33.18,,https://mopsov.twse.com.tw/nas/t21/sii/t21sc03_99_12_0.html
2011-01,Nanya Technology,2408,TWSE,南亞科,revenue,3442728.0,TWD thousand,standalone_ROC_GAAP,4048028.0,4722438.0,-14.95,-27.09,3442728.0,4722438.0,-27.09,,https://mopsov.twse.com.tw/nas/t21/sii/t21sc03_100_1_0.html
2011-02,Nanya Technology,2408,TWSE,南亞科,revenue,3551825.0,TWD thousand,standalone_ROC_GAAP,3442728.0,4141263.0,3.16,-14.23,6994553.0,8863701.0,-21.08,,https://mopsov.twse.com.tw/nas/t21/sii/t21sc03_100_2_0.html
2011-03,Nanya Technology,2408,TWSE,南科,revenue,3737025.0,TWD thousand,standalone_ROC_GAAP,3551825.0,5257108.0,5.21,-28.91,10731578.0,14120809.0,-24.0,,https://mopsov.twse.com.tw/nas/t21/sii/t21sc03_100_3_0.html
2011-04,Nanya Technology,2408,TWSE,南科,revenue,4436388.0,TWD thousand,standalone_ROC_GAAP,3737025.0,5221150.0,18.71,-15.03,15167966.0,19341959.0,-21.57,,https://mopsov.twse.com.tw/nas/t21/sii/t21sc03_100_4_0.html
2011-05,Nanya Technology,2408,TWSE,南科,revenue,3920108.0,TWD thousand,standalone_ROC_GAAP,4436388.0,5266966.0,-11.63,-25.57,19088074.0,24608925.0,-22.43,,https://mopsov.twse.com.tw/nas/t21/sii/t21sc03_100_5_0.html
2011-06,Nanya Technology,2408,TWSE,南科,revenue,3112401.0,TWD thousand,standalone_ROC_GAAP,3920108.0,5229431.0,-20.6,-40.48,22200475.0,29838355.0,-25.59,,https://mopsov.twse.com.tw/nas/t21/sii/t21sc03_100_6_0.html
2011-07,Nanya Technology,2408,TWSE,南科,revenue,2348304.0,TWD thousand,standalone_ROC_GAAP,3112401.0,5098080.0,-24.55,-53.93,24548778.0,34936435.0,-29.73,,https://mopsov.twse.com.tw/nas/t21/sii/t21sc03_100_7_0.html
2011-08,Nanya Technology,2408,TWSE,南科,revenue,2403819.0,TWD thousand,standalone_ROC_GAAP,2348304.0,5259456.0,2.36,-54.29,26952597.0,40195891.0,-32.94,,https://mopsov.twse.com.tw/nas/t21/sii/t21sc03_100_8_0.html
2011-09,Nanya Technology,2408,TWSE,南科,revenue,2570491.0,TWD thousand,standalone_ROC_GAAP,2403819.0,4558436.0,6.93,-43.61,29523089.0,44754327.0,-34.03,,https://mopsov.twse.com.tw/nas/t21/sii/t21sc03_100_9_0.html
2011-10,Nanya Technology,2408,TWSE,南科,revenue,2787996.0,TWD thousand,standalone_ROC_GAAP,2570491.0,3779160.0,8.46,-26.22,32311084.0,48533487.0,-33.42,,https://mopsov.twse.com.tw/nas/t21/sii/t21sc03_100_10_0.html
2011-11,Nanya Technology,2408,TWSE,南科,revenue,2421586.0,TWD thousand,standalone_ROC_GAAP,2787996.0,3962380.0,-13.14,-38.88,34732670.0,52495867.0,-33.83,,https://mopsov.twse.com.tw/nas/t21/sii/t21sc03_100_11_0.html
2011-12,Nanya Technology,2408,TWSE,南科,revenue,2008611.0,TWD thousand,standalone_ROC_GAAP,2421586.0,4048028.0,-17.05,-50.38,36741281.0,56543895.0,-35.02,,https://mopsov.twse.com.tw/nas/t21/sii/t21sc03_100_12_0.html
2012-01,Nanya Technology,2408,TWSE,南亞科,revenue,2569616.0,TWD thousand,standalone_ROC_GAAP,2008611.0,3442728.0,27.92,-25.36,2569616.0,3442728.0,-25.36,,https://mopsov.twse.com.tw/nas/t21/sii/t21sc03_101_1_0.html
2012-02,Nanya Technology,2408,TWSE,南亞科,revenue,3244726.0,TWD thousand,standalone_ROC_GAAP,2569616.0,3551825.0,26.27,-8.64,5814343.0,6994553.0,-16.87,,https://mopsov.twse.com.tw/nas/t21/sii/t21sc03_101_2_0.html
2012-03,Nanya Technology,2408,TWSE,南亞科,revenue,2983770.0,TWD thousand,standalone_ROC_GAAP,3244726.0,3737025.0,-8.04,-20.15,8798113.0,10731578.0,-18.01,,https://mopsov.twse.com.tw/nas/t21/sii/t21sc03_101_3_0.html
2012-04,Nanya Technology,2408,TWSE,南亞科,revenue,3409709.0,TWD thousand,standalone_ROC_GAAP,2983770.0,4436388.0,14.27,-23.14,12207822.0,15167966.0,-19.51,,https://mopsov.twse.com.tw/nas/t21/sii/t21sc03_101_4_0.html
2012-05,Nanya Technology,2408,TWSE,南亞科,revenue,3421027.0,TWD thousand,standalone_ROC_GAAP,3409709.0,3920108.0,0.33,-12.73,15628849.0,19088074.0,-18.12,,https://mopsov.twse.com.tw/nas/t21/sii/t21sc03_101_5_0.html
2012-06,Nanya Technology,2408,TWSE,南亞科,revenue,3270864.0,TWD thousand,standalone_ROC_GAAP,3421027.0,3112401.0,-4.38,5.09,18899713.0,22200475.0,-14.86,,https://mopsov.twse.com.tw/nas/t21/sii/t21sc03_101_6_0.html
2012-07,Nanya Technology,2408,TWSE,南亞科,revenue,2578683.0,TWD thousand,standalone_ROC_GAAP,3270864.0,2348304.0,-21.16,9.81,21478395.0,24548778.0,-12.5,,https://mopsov.twse.com.tw/nas/t21/sii/t21sc03_101_7_0.html
2012-08,Nanya Technology,2408,TWSE,南亞科,revenue,2110371.0,TWD thousand,standalone_ROC_GAAP,2578683.0,2403819.0,-18.16,-12.2,23588766.0,26952597.0,-12.48,,https://mopsov.twse.com.tw/nas/t21/sii/t21sc03_101_8_0.html
2012-09,Nanya Technology,2408,TWSE,南亞科,revenue,1863664.0,TWD thousand,standalone_ROC_GAAP,2110371.0,2570491.0,-11.69,-27.49,25452430.0,29523089.0,-13.78,,https://mopsov.twse.com.tw/nas/t21/sii/t21sc03_101_9_0.html
2012-10,Nanya Technology,2408,TWSE,南亞科,revenue,2243282.0,TWD thousand,standalone_ROC_GAAP,1863664.0,2787996.0,20.36,-19.53,27695712.0,32311084.0,-14.28,,https://mopsov.twse.com.tw/nas/t21/sii/t21sc03_101_10_0.html
2012-11,Nanya Technology,2408,TWSE,南亞科,revenue,2668813.0,TWD thousand,standalone_ROC_GAAP,2243282.0,2421586.0,18.96,10.2,30364526.0,34732670.0,-12.57,,https://mopsov.twse.com.tw/nas/t21/sii/t21sc03_101_11_0.html
2012-12,Nanya Technology,2408,TWSE,南亞科,revenue,2113573.0,TWD thousand,standalone_ROC_GAAP,2668813.0,2008611.0,-20.8,5.22,32478098.0,36741281.0,-11.6,,https://mopsov.twse.com.tw/nas/t21/sii/t21sc03_101_12_0.html
2013-01,Nanya Technology,2408,TWSE,南亞科,revenue,2551193.0,TWD thousand,consolidated_IFRS,,2641710.0,,-3.42,2551193.0,2641710.0,-3.42,,https://mopsov.twse.com.tw/nas/t21/sii/t21sc03_102_1_0.html
2013-02,Nanya Technology,2408,TWSE,南亞科,revenue,3062645.0,TWD thousand,consolidated_IFRS,2551193.0,3328555.0,20.04,-7.98,5613839.0,5970265.0,-5.97,,https://mopsov.twse.com.tw/nas/t21/sii/t21sc03_102_2_0.html
2013-03,Nanya Technology,2408,TWSE,南亞科,revenue,3631933.0,TWD thousand,consolidated_IFRS,3062645.0,2973213.0,18.58,22.15,9245772.0,8943477.0,3.38,,https://mopsov.twse.com.tw/nas/t21/sii/t21sc03_102_3_0.html
2013-04,Nanya Technology,2408,TWSE,南亞科,revenue,4801389.0,TWD thousand,consolidated_IFRS,3631933.0,3419917.0,32.19,40.39,14047160.0,12363394.0,13.61,,https://mopsov.twse.com.tw/nas/t21/sii/t21sc03_102_4_0.html
2013-05,Nanya Technology,2408,TWSE,南亞科,revenue,4601130.0,TWD thousand,consolidated_IFRS,4801389.0,3634219.0,-4.17,26.6,18648290.0,15997613.0,16.56,,https://mopsov.twse.com.tw/nas/t21/sii/t21sc03_102_5_0.html
2013-06,Nanya Technology,2408,TWSE,南亞科,revenue,4432463.0,TWD thousand,consolidated_IFRS,4601130.0,3269015.0,-3.66,35.59,23080753.0,19266628.0,19.79,,https://mopsov.twse.com.tw/nas/t21/sii/t21sc03_102_6_0.html
2013-07,Nanya Technology,2408,TWSE,南亞科,revenue,4139045.0,TWD thousand,consolidated_IFRS,4432463.0,2749577.0,-6.61,50.53,27219798.0,22016205.0,23.63,,https://mopsov.twse.com.tw/nas/t21/sii/t21sc03_102_7_0.html
2013-08,Nanya Technology,2408,TWSE,南亞科,revenue,3513149.0,TWD thousand,consolidated_IFRS,4139045.0,2291807.0,-15.12,53.29,30732947.0,24308012.0,26.43,,https://mopsov.twse.com.tw/nas/t21/sii/t21sc03_102_8_0.html
2013-09,Nanya Technology,2408,TWSE,南亞科,revenue,3804586.0,TWD thousand,consolidated_IFRS,3513149.0,2013642.0,8.29,88.94,34537533.0,26321654.0,31.21,,https://mopsov.twse.com.tw/nas/t21/sii/t21sc03_102_9_0.html
2013-10,Nanya Technology,2408,TWSE,南亞科,revenue,4401784.0,TWD thousand,consolidated_IFRS,3804586.0,2423064.0,15.69,81.66,38939317.0,28744718.0,35.46,,https://mopsov.twse.com.tw/nas/t21/sii/t21sc03_102_10_0.html
2013-11,Nanya Technology,2408,TWSE,南亞科,revenue,3845626.0,TWD thousand,consolidated_IFRS,4401784.0,2875925.0,-12.63,33.71,42784943.0,31620643.0,35.3,,https://mopsov.twse.com.tw/nas/t21/sii/t21sc03_102_11_0.html
2013-12,Nanya Technology,2408,TWSE,南亞科,revenue,4168898.0,TWD thousand,consolidated_IFRS,3845626.0,2261582.0,8.4,84.33,46953841.0,33882225.0,38.57,,https://mopsov.twse.com.tw/nas/t21/sii/t21sc03_102_12_0.html
2014-01,Nanya Technology,2408,TWSE,南亞科,revenue,4165035.0,TWD thousand,consolidated_IFRS,4168898.0,2551193.0,-0.09,63.25,4165035.0,2551193.0,63.25,,https://mopsov.twse.com.tw/nas/t21/sii/t21sc03_103_1_0.html
2014-02,Nanya Technology,2408,TWSE,南亞科,revenue,3754520.0,TWD thousand,consolidated_IFRS,4165035.0,3062646.0,-9.85,22.59,7919555.0,5613839.0,41.07,,https://mopsov.twse.com.tw/nas/t21/sii/t21sc03_103_2_0.html
2014-03,Nanya Technology,2408,TWSE,南亞科,revenue,3771957.0,TWD thousand,consolidated_IFRS,3754520.0,3631933.0,0.46,3.85,11691512.0,9245772.0,26.45,,https://mopsov.twse.com.tw/nas/t21/sii/t21sc03_103_3_0.html
2014-04,Nanya Technology,2408,TWSE,南亞科,revenue,3687352.0,TWD thousand,consolidated_IFRS,3771957.0,4801389.0,-2.24,-23.2,15378864.0,14047160.0,9.48,,https://mopsov.twse.com.tw/nas/t21/sii/t21sc03_103_4_0.html
2014-05,Nanya Technology,2408,TWSE,南亞科,revenue,4155060.0,TWD thousand,consolidated_IFRS,3687352.0,4601130.0,12.68,-9.69,19533924.0,18648290.0,4.74,,https://mopsov.twse.com.tw/nas/t21/sii/t21sc03_103_5_0.html
2014-06,Nanya Technology,2408,TWSE,南亞科,revenue,4074011.0,TWD thousand,consolidated_IFRS,4155060.0,4432463.0,-1.95,-8.08,23607935.0,23080753.0,2.28,,https://mopsov.twse.com.tw/nas/t21/sii/t21sc03_103_6_0.html
2014-07,Nanya Technology,2408,TWSE,南亞科,revenue,4392528.0,TWD thousand,consolidated_IFRS,4074011.0,4139045.0,7.81,6.12,28000463.0,27219798.0,2.86,,https://mopsov.twse.com.tw/nas/t21/sii/t21sc03_103_7_0.html
2014-08,Nanya Technology,2408,TWSE,南亞科,revenue,4457165.0,TWD thousand,consolidated_IFRS,4392528.0,3513149.0,1.47,26.87,32457628.0,30732947.0,5.61,,https://mopsov.twse.com.tw/nas/t21/sii/t21sc03_103_8_0.html
2014-09,Nanya Technology,2408,TWSE,南亞科,revenue,4240880.0,TWD thousand,consolidated_IFRS,4457165.0,3633353.0,-4.85,16.72,36698508.0,33274294.0,10.29,,https://mopsov.twse.com.tw/nas/t21/sii/t21sc03_103_9_0.html
2014-10,Nanya Technology,2408,TWSE,南亞科,revenue,4154888.0,TWD thousand,consolidated_IFRS,4240880.0,4218341.0,-2.02,-1.5,40853396.0,37492635.0,8.96,,https://mopsov.twse.com.tw/nas/t21/sii/t21sc03_103_10_0.html
2014-11,Nanya Technology,2408,TWSE,南亞科,revenue,4093420.0,TWD thousand,consolidated_IFRS,4154888.0,3697581.0,-1.47,10.7,44946816.0,41190216.0,9.12,,https://mopsov.twse.com.tw/nas/t21/sii/t21sc03_103_11_0.html
2014-12,Nanya Technology,2408,TWSE,南亞科,revenue,4159574.0,TWD thousand,consolidated_IFRS,4093420.0,4033844.0,1.61,3.11,49106390.0,45224060.0,8.58,,https://mopsov.twse.com.tw/nas/t21/sii/t21sc03_103_12_0.html
2015-01,Nanya Technology,2408,TWSE,南亞科,revenue,3983798.0,TWD thousand,consolidated_IFRS,4159574.0,4165035.0,-4.22,-4.35,3983798.0,4165035.0,-4.35,,https://mopsov.twse.com.tw/nas/t21/sii/t21sc03_104_1_0.html
2015-02,Nanya Technology,2408,TWSE,南亞科,revenue,3965430.0,TWD thousand,consolidated_IFRS,3983798.0,3754520.0,-0.46,5.61,7949228.0,7919555.0,0.37,,https://mopsov.twse.com.tw/nas/t21/sii/t21sc03_104_2_0.html
2015-03,Nanya Technology,2408,TWSE,南亞科,revenue,4078715.0,TWD thousand,consolidated_IFRS,3965430.0,3771957.0,2.85,8.13,12027943.0,11691512.0,2.87,,https://mopsov.twse.com.tw/nas/t21/sii/t21sc03_104_3_0.html
2015-04,Nanya Technology,2408,TWSE,南亞科,revenue,3913630.0,TWD thousand,consolidated_IFRS,4078715.0,3687352.0,-4.04,6.13,15941573.0,15378864.0,3.65,,https://mopsov.twse.com.tw/nas/t21/sii/t21sc03_104_4_0.html
2015-05,Nanya Technology,2408,TWSE,南亞科,revenue,3797674.0,TWD thousand,consolidated_IFRS,3913630.0,4155060.0,-2.96,-8.6,19739247.0,19533924.0,1.05,,https://mopsov.twse.com.tw/nas/t21/sii/t21sc03_104_5_0.html
2015-06,Nanya Technology,2408,TWSE,南亞科,revenue,3444472.0,TWD thousand,consolidated_IFRS,3797674.0,4074011.0,-9.3,-15.45,23183719.0,23607935.0,-1.79,,https://mopsov.twse.com.tw/nas/t21/sii/t21sc03_104_6_0.html
2015-07,Nanya Technology,2408,TWSE,南亞科,revenue,3528150.0,TWD thousand,consolidated_IFRS,3444472.0,4392528.0,2.42,-19.67,26711869.0,28000463.0,-4.6,,https://mopsov.twse.com.tw/nas/t21/sii/t21sc03_104_7_0.html
2015-08,Nanya Technology,2408,TWSE,南亞科,revenue,3596388.0,TWD thousand,consolidated_IFRS,3528150.0,4457165.0,1.93,-19.31,30308257.0,32457628.0,-6.62,,https://mopsov.twse.com.tw/nas/t21/sii/t21sc03_104_8_0.html
2015-09,Nanya Technology,2408,TWSE,南亞科,revenue,3212782.0,TWD thousand,consolidated_IFRS,3596388.0,4240880.0,-10.66,-24.24,33521039.0,36698508.0,-8.65,,https://mopsov.twse.com.tw/nas/t21/sii/t21sc03_104_9_0.html
2015-10,Nanya Technology,2408,TWSE,南亞科,revenue,3414112.0,TWD thousand,consolidated_IFRS,3212782.0,4154888.0,6.26,-17.82,36935151.0,40853396.0,-9.59,,https://mopsov.twse.com.tw/nas/t21/sii/t21sc03_104_10_0.html
2015-11,Nanya Technology,2408,TWSE,南亞科,revenue,3373228.0,TWD thousand,consolidated_IFRS,3414112.0,4093420.0,-1.19,-17.59,40308379.0,44946816.0,-10.31,,https://mopsov.twse.com.tw/nas/t21/sii/t21sc03_104_11_0.html
2015-12,Nanya Technology,2408,TWSE,南亞科,revenue,3560928.0,TWD thousand,consolidated_IFRS,3373228.0,4160806.0,5.56,-14.41,43869307.0,49107622.0,-10.66,,https://mopsov.twse.com.tw/nas/t21/sii/t21sc03_104_12_0.html
2016-01,Nanya Technology,2408,TWSE,南亞科,revenue,3757519.0,TWD thousand,consolidated_IFRS,3560928.0,3983798.0,5.52,-5.67,3757519.0,3983798.0,-5.67,,https://mopsov.twse.com.tw/nas/t21/sii/t21sc03_105_1_0.html
2016-02,Nanya Technology,2408,TWSE,南亞科,revenue,3339604.0,TWD thousand,consolidated_IFRS,3757519.0,3965430.0,-11.12,-15.78,7097123.0,7949228.0,-10.71,,https://mopsov.twse.com.tw/nas/t21/sii/t21sc03_105_2_0.html
2016-03,Nanya Technology,2408,TWSE,南亞科,revenue,3300432.0,TWD thousand,consolidated_IFRS,3339604.0,4078715.0,-1.17,-19.08,10397555.0,12027943.0,-13.55,,https://mopsov.twse.com.tw/nas/t21/sii/t21sc03_105_3_0.html
2016-04,Nanya Technology,2408,TWSE,南亞科,revenue,2975131.0,TWD thousand,consolidated_IFRS,3300432.0,3913630.0,-9.85,-23.98,13372686.0,15941573.0,-16.11,,https://mopsov.twse.com.tw/nas/t21/sii/t21sc03_105_4_0.html
2016-05,Nanya Technology,2408,TWSE,南亞科,revenue,2896748.0,TWD thousand,consolidated_IFRS,2975131.0,3797674.0,-2.63,-23.72,16269434.0,19739247.0,-17.57,,https://mopsov.twse.com.tw/nas/t21/sii/t21sc03_105_5_0.html
2016-06,Nanya Technology,2408,TWSE,南亞科,revenue,3061215.0,TWD thousand,consolidated_IFRS,2896748.0,3444472.0,5.67,-11.12,19330649.0,23183719.0,-16.61,,https://mopsov.twse.com.tw/nas/t21/sii/t21sc03_105_6_0.html
2016-07,Nanya Technology,2408,TWSE,南亞科,revenue,3251880.0,TWD thousand,consolidated_IFRS,3061215.0,3528150.0,6.22,-7.83,22582530.0,26711869.0,-15.45,,https://mopsov.twse.com.tw/nas/t21/sii/t21sc03_105_7_0.html
2016-08,Nanya Technology,2408,TWSE,南亞科,revenue,3455658.0,TWD thousand,consolidated_IFRS,3251880.0,3596388.0,6.26,-3.91,26038188.0,30308257.0,-14.08,,https://mopsov.twse.com.tw/nas/t21/sii/t21sc03_105_8_0.html
2016-09,Nanya Technology,2408,TWSE,南亞科,revenue,3496357.0,TWD thousand,consolidated_IFRS,3455658.0,3212782.0,1.17,8.82,29534545.0,33521039.0,-11.89,,https://mopsov.twse.com.tw/nas/t21/sii/t21sc03_105_9_0.html
2016-10,Nanya Technology,2408,TWSE,南亞科,revenue,3821452.0,TWD thousand,consolidated_IFRS,3496357.0,3414112.0,9.29,11.93,33355997.0,36935151.0,-9.69,,https://mopsov.twse.com.tw/nas/t21/sii/t21sc03_105_10_0.html
2016-11,Nanya Technology,2408,TWSE,南亞科,revenue,4011853.0,TWD thousand,consolidated_IFRS,3821452.0,3373228.0,4.98,18.93,37367850.0,40308379.0,-7.29,,https://mopsov.twse.com.tw/nas/t21/sii/t21sc03_105_11_0.html
2016-12,Nanya Technology,2408,TWSE,南亞科,revenue,4263045.0,TWD thousand,consolidated_IFRS,4011853.0,3567526.0,6.26,19.49,41630895.0,43875905.0,-5.11,,https://mopsov.twse.com.tw/nas/t21/sii/t21sc03_105_12_0.html
2017-01,Nanya Technology,2408,TWSE,南亞科,revenue,4067460.0,TWD thousand,consolidated_IFRS,4263045.0,3757519.0,-4.58,8.24,4067460.0,3757519.0,8.24,,https://mopsov.twse.com.tw/nas/t21/sii/t21sc03_106_1_0.html
2017-02,Nanya Technology,2408,TWSE,南亞科,revenue,3969931.0,TWD thousand,consolidated_IFRS,4067460.0,3339604.0,-2.39,18.87,8037391.0,7097123.0,13.24,,https://mopsov.twse.com.tw/nas/t21/sii/t21sc03_106_2_0.html
2017-03,Nanya Technology,2408,TWSE,南亞科,revenue,4193183.0,TWD thousand,consolidated_IFRS,3969931.0,3300432.0,5.62,27.04,12230574.0,10397555.0,17.62,,https://mopsov.twse.com.tw/nas/t21/sii/t21sc03_106_3_0.html
2017-04,Nanya Technology,2408,TWSE,南亞科,revenue,4317144.0,TWD thousand,consolidated_IFRS,4193183.0,2975131.0,2.95,45.1,16547718.0,13372686.0,23.74,,https://mopsov.twse.com.tw/nas/t21/sii/t21sc03_106_4_0.html
2017-05,Nanya Technology,2408,TWSE,南亞科,revenue,4115025.0,TWD thousand,consolidated_IFRS,4317144.0,2896748.0,-4.68,42.05,20662743.0,16269434.0,27.0,,https://mopsov.twse.com.tw/nas/t21/sii/t21sc03_106_5_0.html
2017-06,Nanya Technology,2408,TWSE,南亞科,revenue,4193333.0,TWD thousand,consolidated_IFRS,4115025.0,3061215.0,1.9,36.98,24856076.0,19330649.0,28.58,,https://mopsov.twse.com.tw/nas/t21/sii/t21sc03_106_6_0.html
2017-07,Nanya Technology,2408,TWSE,南亞科,revenue,4296911.0,TWD thousand,consolidated_IFRS,4193333.0,3251880.0,2.47,32.13,29152987.0,22582530.0,29.09,,https://mopsov.twse.com.tw/nas/t21/sii/t21sc03_106_7_0.html
2017-08,Nanya Technology,2408,TWSE,南亞科,revenue,4352252.0,TWD thousand,consolidated_IFRS,4296911.0,3455658.0,1.28,25.94,33505239.0,26038188.0,28.67,,https://mopsov.twse.com.tw/nas/t21/sii/t21sc03_106_8_0.html
2017-09,Nanya Technology,2408,TWSE,南亞科,revenue,4644199.0,TWD thousand,consolidated_IFRS,4352252.0,3496357.0,6.7,32.82,38149438.0,29534545.0,29.16,,https://mopsov.twse.com.tw/nas/t21/sii/t21sc03_106_9_0.html
2017-10,Nanya Technology,2408,TWSE,南亞科,revenue,5072100.0,TWD thousand,consolidated_IFRS,4644199.0,3821452.0,9.21,32.72,43221538.0,33355997.0,29.57,,https://mopsov.twse.com.tw/nas/t21/sii/t21sc03_106_10_0.html
2017-11,Nanya Technology,2408,TWSE,南亞科,revenue,5744613.0,TWD thousand,consolidated_IFRS,5072100.0,4011853.0,13.25,43.19,48966151.0,37367850.0,31.03,,https://mopsov.twse.com.tw/nas/t21/sii/t21sc03_106_11_0.html
2017-12,Nanya Technology,2408,TWSE,南亞科,revenue,5966623.0,TWD thousand,consolidated_IFRS,5744613.0,4264655.0,3.86,39.9,54932774.0,41632505.0,31.94,,https://mopsov.twse.com.tw/nas/t21/sii/t21sc03_106_12_0.html
2018-01,Nanya Technology,2408,TWSE,南亞科,revenue,6147637.0,TWD thousand,consolidated_IFRS,5966623.0,4067460.0,3.03,51.14,6147637.0,4067460.0,51.14,107年01月價格及量較106年01月增加,https://mopsov.twse.com.tw/nas/t21/sii/t21sc03_107_1_0.html
2018-02,Nanya Technology,2408,TWSE,南亞科,revenue,5927141.0,TWD thousand,consolidated_IFRS,6147637.0,3969931.0,-3.58,49.3,12074778.0,8037391.0,50.23,107年02月價格及量較106年01月增加,https://mopsov.twse.com.tw/nas/t21/sii/t21sc03_107_2_0.html
2018-03,Nanya Technology,2408,TWSE,南亞科,revenue,6722661.0,TWD thousand,consolidated_IFRS,5927141.0,4193183.0,13.42,60.32,18797439.0,12230574.0,53.69,107年03月價格及量較106年03月增加,https://mopsov.twse.com.tw/nas/t21/sii/t21sc03_107_3_0.html
2018-04,Nanya Technology,2408,TWSE,南亞科,revenue,7680634.0,TWD thousand,consolidated_IFRS,6722661.0,4317144.0,14.24,77.91,26478073.0,16547718.0,60.01,107年04月價格及量較106年04月增加,https://mopsov.twse.com.tw/nas/t21/sii/t21sc03_107_4_0.html
2018-05,Nanya Technology,2408,TWSE,南亞科,revenue,8326045.0,TWD thousand,consolidated_IFRS,7680634.0,4115025.0,8.4,102.33,34804118.0,20662743.0,68.43,107年05月價格及量較106年05月增加,https://mopsov.twse.com.tw/nas/t21/sii/t21sc03_107_5_0.html
2018-06,Nanya Technology,2408,TWSE,南亞科,revenue,8585538.0,TWD thousand,consolidated_IFRS,8326045.0,4193333.0,3.11,104.74,43389656.0,24856076.0,74.56,107年06月價格及量較106年06月增加,https://mopsov.twse.com.tw/nas/t21/sii/t21sc03_107_6_0.html
2018-07,Nanya Technology,2408,TWSE,南亞科,revenue,8162217.0,TWD thousand,consolidated_IFRS,8585538.0,4296911.0,-4.93,89.95,51551873.0,29152987.0,76.83,107年07月價格及量較106年07月增加,https://mopsov.twse.com.tw/nas/t21/sii/t21sc03_107_7_0.html
2018-08,Nanya Technology,2408,TWSE,南亞科,revenue,8233012.0,TWD thousand,consolidated_IFRS,8162217.0,4352252.0,0.86,89.16,59784885.0,33505239.0,78.43,107年08月價格及量較106年08月增加,https://mopsov.twse.com.tw/nas/t21/sii/t21sc03_107_8_0.html
2018-09,Nanya Technology,2408,TWSE,南亞科,revenue,7979357.0,TWD thousand,consolidated_IFRS,8233012.0,4644199.0,-3.08,71.81,67764242.0,38149438.0,77.62,107年09月價格及量較106年09月增加,https://mopsov.twse.com.tw/nas/t21/sii/t21sc03_107_9_0.html
2018-10,Nanya Technology,2408,TWSE,南亞科,revenue,6725607.0,TWD thousand,consolidated_IFRS,7979357.0,5072100.0,-15.71,32.6,74489849.0,43221538.0,72.34,107年10月價格及量較106年10月增加,https://mopsov.twse.com.tw/nas/t21/sii/t21sc03_107_10_0.html
2018-11,Nanya Technology,2408,TWSE,南亞科,revenue,5402984.0,TWD thousand,consolidated_IFRS,6725607.0,5744613.0,-19.66,-5.94,79892833.0,48966151.0,63.15,累計至107年11月價格及量較累計至106年11月增加,https://mopsov.twse.com.tw/nas/t21/sii/t21sc03_107_11_0.html
2018-12,Nanya Technology,2408,TWSE,南亞科,revenue,4828971.0,TWD thousand,consolidated_IFRS,5402984.0,5952073.0,-10.62,-18.86,84721804.0,54918224.0,54.26,107年度價與量較106年度增加,https://mopsov.twse.com.tw/nas/t21/sii/t21sc03_107_12_0.html
2019-01,Nanya Technology,2408,TWSE,南亞科,revenue,4258227.0,TWD thousand,consolidated_IFRS,4828971.0,6147637.0,-11.81,-30.73,4258227.0,6147637.0,-30.73,,https://mopsov.twse.com.tw/nas/t21/sii/t21sc03_108_1_0.html
2019-02,Nanya Technology,2408,TWSE,南亞科,revenue,3394786.0,TWD thousand,consolidated_IFRS,4258227.0,5927141.0,-20.27,-42.72,7653013.0,12074778.0,-36.61,,https://mopsov.twse.com.tw/nas/t21/sii/t21sc03_108_2_0.html
2019-03,Nanya Technology,2408,TWSE,南亞科,revenue,3718792.0,TWD thousand,consolidated_IFRS,3394786.0,6722661.0,9.54,-44.68,11371805.0,18797439.0,-39.5,,https://mopsov.twse.com.tw/nas/t21/sii/t21sc03_108_3_0.html
2019-04,Nanya Technology,2408,TWSE,南亞科,revenue,4110913.0,TWD thousand,consolidated_IFRS,3718792.0,7680634.0,10.54,-46.47,15482718.0,26478073.0,-41.52,,https://mopsov.twse.com.tw/nas/t21/sii/t21sc03_108_4_0.html
2019-05,Nanya Technology,2408,TWSE,南亞科,revenue,4244222.0,TWD thousand,consolidated_IFRS,4110913.0,8326045.0,3.24,-49.02,19726940.0,34804118.0,-43.32,,https://mopsov.twse.com.tw/nas/t21/sii/t21sc03_108_5_0.html
2019-06,Nanya Technology,2408,TWSE,南亞科,revenue,4085655.0,TWD thousand,consolidated_IFRS,4244222.0,8585538.0,-3.73,-52.41,23812595.0,43389656.0,-45.11,108年06月價格及量較107年6月減少,https://mopsov.twse.com.tw/nas/t21/sii/t21sc03_108_6_0.html
2019-07,Nanya Technology,2408,TWSE,南亞科,revenue,4575989.0,TWD thousand,consolidated_IFRS,4085655.0,8162217.0,12.0,-43.93,28388584.0,51551873.0,-44.93,,https://mopsov.twse.com.tw/nas/t21/sii/t21sc03_108_7_0.html
2019-08,Nanya Technology,2408,TWSE,南亞科,revenue,5222016.0,TWD thousand,consolidated_IFRS,4575989.0,8233012.0,14.11,-36.57,33610600.0,59784885.0,-43.78,,https://mopsov.twse.com.tw/nas/t21/sii/t21sc03_108_8_0.html
2019-09,Nanya Technology,2408,TWSE,南亞科,revenue,5001349.0,TWD thousand,consolidated_IFRS,5222016.0,7979357.0,-4.22,-37.32,38611949.0,67764242.0,-43.02,,https://mopsov.twse.com.tw/nas/t21/sii/t21sc03_108_9_0.html
2019-10,Nanya Technology,2408,TWSE,南亞科,revenue,4522071.0,TWD thousand,consolidated_IFRS,5001349.0,6725607.0,-9.58,-32.76,43134020.0,74489849.0,-42.09,,https://mopsov.twse.com.tw/nas/t21/sii/t21sc03_108_10_0.html
2019-11,Nanya Technology,2408,TWSE,南亞科,revenue,4262907.0,TWD thousand,consolidated_IFRS,4522071.0,5402984.0,-5.73,-21.1,47396927.0,79892833.0,-40.67,,https://mopsov.twse.com.tw/nas/t21/sii/t21sc03_108_11_0.html
2019-12,Nanya Technology,2408,TWSE,南亞科,revenue,4330531.0,TWD thousand,consolidated_IFRS,4262907.0,4828971.0,1.58,-10.32,51727458.0,84721804.0,-38.94,,https://mopsov.twse.com.tw/nas/t21/sii/t21sc03_108_12_0.html
2020-01,Nanya Technology,2408,TWSE,南亞科,revenue,4500238.0,TWD thousand,consolidated_IFRS,4330531.0,4258227.0,3.91,5.68,4500238.0,4258227.0,5.68,,https://mopsov.twse.com.tw/nas/t21/sii/t21sc03_109_1_0.html
2020-02,Nanya Technology,2408,TWSE,南亞科,revenue,4563039.0,TWD thousand,consolidated_IFRS,4500238.0,3394786.0,1.39,34.41,9063277.0,7653013.0,18.42,,https://mopsov.twse.com.tw/nas/t21/sii/t21sc03_109_2_0.html
2020-03,Nanya Technology,2408,TWSE,南亞科,revenue,5355593.0,TWD thousand,consolidated_IFRS,4563039.0,3718792.0,17.36,44.01,14418870.0,11371805.0,26.79,,https://mopsov.twse.com.tw/nas/t21/sii/t21sc03_109_3_0.html
2020-04,Nanya Technology,2408,TWSE,南亞科,revenue,5619678.0,TWD thousand,consolidated_IFRS,5355593.0,4110913.0,4.93,36.7,20038548.0,15482718.0,29.42,,https://mopsov.twse.com.tw/nas/t21/sii/t21sc03_109_4_0.html
2020-05,Nanya Technology,2408,TWSE,南亞科,revenue,5549926.0,TWD thousand,consolidated_IFRS,5619678.0,4244222.0,-1.24,30.76,25588474.0,19726940.0,29.71,,https://mopsov.twse.com.tw/nas/t21/sii/t21sc03_109_5_0.html
2020-06,Nanya Technology,2408,TWSE,南亞科,revenue,5319753.0,TWD thousand,consolidated_IFRS,5549926.0,4085655.0,-4.14,30.2,30908227.0,23812595.0,29.79,,https://mopsov.twse.com.tw/nas/t21/sii/t21sc03_109_6_0.html
2020-07,Nanya Technology,2408,TWSE,南亞科,revenue,4906905.0,TWD thousand,consolidated_IFRS,5319753.0,4575989.0,-7.76,7.23,35815132.0,28388584.0,26.16,,https://mopsov.twse.com.tw/nas/t21/sii/t21sc03_109_7_0.html
2020-08,Nanya Technology,2408,TWSE,南亞科,revenue,4870327.0,TWD thousand,consolidated_IFRS,4906905.0,5222016.0,-0.74,-6.73,40685459.0,33610600.0,21.04,,https://mopsov.twse.com.tw/nas/t21/sii/t21sc03_109_8_0.html
2020-09,Nanya Technology,2408,TWSE,南亞科,revenue,5546635.0,TWD thousand,consolidated_IFRS,4870327.0,5001349.0,13.88,10.9,46232094.0,38611949.0,19.73,,https://mopsov.twse.com.tw/nas/t21/sii/t21sc03_109_9_0.html
2020-10,Nanya Technology,2408,TWSE,南亞科,revenue,4798034.0,TWD thousand,consolidated_IFRS,5546635.0,4522071.0,-13.49,6.1,51030128.0,43134020.0,18.3,,https://mopsov.twse.com.tw/nas/t21/sii/t21sc03_109_10_0.html
2020-11,Nanya Technology,2408,TWSE,南亞科,revenue,4898221.0,TWD thousand,consolidated_IFRS,4798034.0,4262907.0,2.08,14.9,55928349.0,47396927.0,17.99,,https://mopsov.twse.com.tw/nas/t21/sii/t21sc03_109_11_0.html
2020-12,Nanya Technology,2408,TWSE,南亞科,revenue,5077165.0,TWD thousand,consolidated_IFRS,4898221.0,4330531.0,3.65,17.24,61005514.0,51727458.0,17.93,,https://mopsov.twse.com.tw/nas/t21/sii/t21sc03_109_12_0.html
2021-01,Nanya Technology,2408,TWSE,南亞科,revenue,5532161.0,TWD thousand,consolidated_IFRS,5077165.0,4500238.0,8.96,22.93,5532161.0,4500238.0,22.93,,https://mopsov.twse.com.tw/nas/t21/sii/t21sc03_110_1_0.html
2021-02,Nanya Technology,2408,TWSE,南亞科,revenue,5790836.0,TWD thousand,consolidated_IFRS,5532161.0,4563039.0,4.67,26.9,11322997.0,9063277.0,24.93,,https://mopsov.twse.com.tw/nas/t21/sii/t21sc03_110_2_0.html
2021-03,Nanya Technology,2408,TWSE,南亞科,revenue,6407616.0,TWD thousand,consolidated_IFRS,5790836.0,5355593.0,10.65,19.64,17730613.0,14418870.0,22.96,,https://mopsov.twse.com.tw/nas/t21/sii/t21sc03_110_3_0.html
2021-04,Nanya Technology,2408,TWSE,南亞科,revenue,7394273.0,TWD thousand,consolidated_IFRS,6407616.0,5619678.0,15.39,31.57,25124886.0,20038548.0,25.38,,https://mopsov.twse.com.tw/nas/t21/sii/t21sc03_110_4_0.html
2021-05,Nanya Technology,2408,TWSE,南亞科,revenue,7604264.0,TWD thousand,consolidated_IFRS,7394273.0,5549926.0,2.83,37.01,32729150.0,25588474.0,27.9,,https://mopsov.twse.com.tw/nas/t21/sii/t21sc03_110_5_0.html
2021-06,Nanya Technology,2408,TWSE,南亞科,revenue,7638931.0,TWD thousand,consolidated_IFRS,7604264.0,5319753.0,0.45,43.59,40368081.0,30908227.0,30.6,,https://mopsov.twse.com.tw/nas/t21/sii/t21sc03_110_6_0.html
2021-07,Nanya Technology,2408,TWSE,南亞科,revenue,7950469.0,TWD thousand,consolidated_IFRS,7638931.0,4906905.0,4.07,62.02,48318550.0,35815132.0,34.91,110年7月價格及量較109年7月增加,https://mopsov.twse.com.tw/nas/t21/sii/t21sc03_110_7_0.html
2021-08,Nanya Technology,2408,TWSE,南亞科,revenue,8209899.0,TWD thousand,consolidated_IFRS,7950469.0,4870327.0,3.26,68.56,56528449.0,40685459.0,38.94,110年8月價格及量較109年8月增加,https://mopsov.twse.com.tw/nas/t21/sii/t21sc03_110_8_0.html
2021-09,Nanya Technology,2408,TWSE,南亞科,revenue,7676760.0,TWD thousand,consolidated_IFRS,8209899.0,5546635.0,-6.49,38.4,64205209.0,46232094.0,38.87,,https://mopsov.twse.com.tw/nas/t21/sii/t21sc03_110_9_0.html
2021-10,Nanya Technology,2408,TWSE,南亞科,revenue,7205480.0,TWD thousand,consolidated_IFRS,7676760.0,4798034.0,-6.13,50.17,71410689.0,51030128.0,39.93,110年10月價格較109年10月增加,https://mopsov.twse.com.tw/nas/t21/sii/t21sc03_110_10_0.html
2021-11,Nanya Technology,2408,TWSE,南亞科,revenue,7256877.0,TWD thousand,consolidated_IFRS,7205480.0,4898221.0,0.71,48.15,78667566.0,55928349.0,40.65,,https://mopsov.twse.com.tw/nas/t21/sii/t21sc03_110_11_0.html
2021-12,Nanya Technology,2408,TWSE,南亞科,revenue,6936592.0,TWD thousand,consolidated_IFRS,7256877.0,5077165.0,-4.41,36.62,85604158.0,61005514.0,40.32,,https://mopsov.twse.com.tw/nas/t21/sii/t21sc03_110_12_0.html
2022-01,Nanya Technology,2408,TWSE,南亞科,revenue,6772211.0,TWD thousand,consolidated_IFRS,6936592.0,5532161.0,-2.36,22.41,6772211.0,5532161.0,22.41,,https://mopsov.twse.com.tw/nas/t21/sii/t21sc03_111_1_0.html
2022-02,Nanya Technology,2408,TWSE,南亞科,revenue,6433273.0,TWD thousand,consolidated_IFRS,6772211.0,5790836.0,-5.0,11.09,13205484.0,11322997.0,16.62,,https://mopsov.twse.com.tw/nas/t21/sii/t21sc03_111_2_0.html
2022-03,Nanya Technology,2408,TWSE,南亞科,revenue,6740841.0,TWD thousand,consolidated_IFRS,6433273.0,6407616.0,4.78,5.2,19946325.0,17730613.0,12.49,,https://mopsov.twse.com.tw/nas/t21/sii/t21sc03_111_3_0.html
2022-04,Nanya Technology,2408,TWSE,南亞科,revenue,6598295.0,TWD thousand,consolidated_IFRS,6740841.0,7394273.0,-2.11,-10.76,26544620.0,25124886.0,5.65,,https://mopsov.twse.com.tw/nas/t21/sii/t21sc03_111_4_0.html
2022-05,Nanya Technology,2408,TWSE,南亞科,revenue,6197459.0,TWD thousand,consolidated_IFRS,6598295.0,7604264.0,-6.07,-18.5,32742079.0,32729150.0,0.03,,https://mopsov.twse.com.tw/nas/t21/sii/t21sc03_111_5_0.html
2022-06,Nanya Technology,2408,TWSE,南亞科,revenue,5234918.0,TWD thousand,consolidated_IFRS,6197459.0,7638931.0,-15.53,-31.47,37976997.0,40368081.0,-5.92,,https://mopsov.twse.com.tw/nas/t21/sii/t21sc03_111_6_0.html
2022-07,Nanya Technology,2408,TWSE,南亞科,revenue,4396393.0,TWD thousand,consolidated_IFRS,5234918.0,7950469.0,-16.01,-44.7,42373390.0,48318550.0,-12.3,,https://mopsov.twse.com.tw/nas/t21/sii/t21sc03_111_7_0.html
2022-08,Nanya Technology,2408,TWSE,南亞科,revenue,3419118.0,TWD thousand,consolidated_IFRS,4396393.0,8209899.0,-22.22,-58.35,45792508.0,56528449.0,-18.99,111年8月價格及量較110年8月減少,https://mopsov.twse.com.tw/nas/t21/sii/t21sc03_111_8_0.html
2022-09,Nanya Technology,2408,TWSE,南亞科,revenue,3206214.0,TWD thousand,consolidated_IFRS,3419118.0,7676760.0,-6.22,-58.23,48998722.0,64205209.0,-23.68,111年9月價格及量較110年9月減少,https://mopsov.twse.com.tw/nas/t21/sii/t21sc03_111_9_0.html
2022-10,Nanya Technology,2408,TWSE,南亞科,revenue,2782167.0,TWD thousand,consolidated_IFRS,3206214.0,7205480.0,-13.22,-61.38,51780889.0,71410689.0,-27.48,111年10月價格及量較110年10月減少,https://mopsov.twse.com.tw/nas/t21/sii/t21sc03_111_10_0.html
2022-11,Nanya Technology,2408,TWSE,南亞科,revenue,2771137.0,TWD thousand,consolidated_IFRS,2782167.0,7256877.0,-0.39,-61.81,54552026.0,78667566.0,-30.65,111年11月價格及量較110年11月減少,https://mopsov.twse.com.tw/nas/t21/sii/t21sc03_111_11_0.html
2022-12,Nanya Technology,2408,TWSE,南亞科,revenue,2400249.0,TWD thousand,consolidated_IFRS,2771137.0,6936592.0,-13.38,-65.39,56952275.0,85604158.0,-33.47,因俄烏戰爭、全球通膨、中國封控、升息造成記憶體市場景氣下滑,https://mopsov.twse.com.tw/nas/t21/sii/t21sc03_111_12_0.html
2023-01,Nanya Technology,2408,TWSE,南亞科,revenue,2251364.0,TWD thousand,consolidated_IFRS,2400249.0,6772211.0,-6.2,-66.75,2251364.0,6772211.0,-66.75,因俄烏戰爭、高通膨、疫情影響供應鏈及中國內需走弱、全球高利息等，造成記憶體景氣下滑。,https://mopsov.twse.com.tw/nas/t21/sii/t21sc03_112_1_0.html
2023-02,Nanya Technology,2408,TWSE,南亞科,revenue,2026426.0,TWD thousand,consolidated_IFRS,2251364.0,6433273.0,-9.99,-68.5,4277790.0,13205484.0,-67.6,因俄烏戰爭、高通膨及升息等影響，全球性總體經濟走緩，記憶體市場需求不佳。,https://mopsov.twse.com.tw/nas/t21/sii/t21sc03_112_2_0.html
2023-03,Nanya Technology,2408,TWSE,南亞科,revenue,2147093.0,TWD thousand,consolidated_IFRS,2026426.0,6740841.0,5.95,-68.14,6424883.0,19946325.0,-67.78,因俄烏戰爭、高通膨及升息等影響，全球性總體經濟走緩，記憶體市場需求不佳。,https://mopsov.twse.com.tw/nas/t21/sii/t21sc03_112_3_0.html
2023-04,Nanya Technology,2408,TWSE,南亞科,revenue,2260020.0,TWD thousand,consolidated_IFRS,2147093.0,6598295.0,5.25,-65.74,8684903.0,26544620.0,-67.28,因俄烏戰爭、高通膨及升息等影響，全球性總體經濟走緩，記憶體市場需求不佳。,https://mopsov.twse.com.tw/nas/t21/sii/t21sc03_112_4_0.html
2023-05,Nanya Technology,2408,TWSE,南亞科,revenue,2309037.0,TWD thousand,consolidated_IFRS,2260020.0,6197459.0,2.16,-62.74,10993940.0,32742079.0,-66.42,因俄烏戰爭、高通膨及升息等影響，全球性總體經濟走緩，記憶體市場需求不佳。,https://mopsov.twse.com.tw/nas/t21/sii/t21sc03_112_5_0.html
2023-06,Nanya Technology,2408,TWSE,南亞科,revenue,2458014.0,TWD thousand,consolidated_IFRS,2309037.0,5234918.0,6.45,-53.04,13451954.0,37976997.0,-64.57,因俄烏戰爭、高通膨及升息等影響，全球性總體經濟走緩，記憶體市場需求不佳。,https://mopsov.twse.com.tw/nas/t21/sii/t21sc03_112_6_0.html
2023-07,Nanya Technology,2408,TWSE,南亞科,revenue,2437193.0,TWD thousand,consolidated_IFRS,2458014.0,4396393.0,-0.84,-44.56,15889147.0,42373390.0,-62.5,因俄烏戰爭、高通膨等影響，全球性總體經濟走緩，記憶體市場需求不佳。,https://mopsov.twse.com.tw/nas/t21/sii/t21sc03_112_7_0.html
2023-08,Nanya Technology,2408,TWSE,南亞科,revenue,2574894.0,TWD thousand,consolidated_IFRS,2437193.0,3419118.0,5.64,-24.69,18464041.0,45792508.0,-59.67,因地緣政治影響，全球性總體經濟走緩，記憶體市場需求不佳。,https://mopsov.twse.com.tw/nas/t21/sii/t21sc03_112_8_0.html
2023-09,Nanya Technology,2408,TWSE,南亞科,revenue,2724287.0,TWD thousand,consolidated_IFRS,2574894.0,3206214.0,5.8,-15.03,21188328.0,48998722.0,-56.75,因地緣政治影響，全球性總體經濟走緩，記憶體市場需求不佳。,https://mopsov.twse.com.tw/nas/t21/sii/t21sc03_112_9_0.html
2023-10,Nanya Technology,2408,TWSE,南亞科,revenue,2668030.0,TWD thousand,consolidated_IFRS,2724287.0,2782167.0,-2.06,-4.1,23856358.0,51780889.0,-53.92,因地緣政治影響，全球性總體經濟走緩，記憶體市場需求不佳。,https://mopsov.twse.com.tw/nas/t21/sii/t21sc03_112_10_0.html
2023-11,Nanya Technology,2408,TWSE,南亞科,revenue,2874000.0,TWD thousand,consolidated_IFRS,2668030.0,2771137.0,7.71,3.71,26730358.0,54552026.0,-51.0,因地緣政治影響，全球性總體經濟走緩，記憶體市場需求不佳。,https://mopsov.twse.com.tw/nas/t21/sii/t21sc03_112_11_0.html
2023-12,Nanya Technology,2408,TWSE,南亞科,revenue,3161948.0,TWD thousand,consolidated_IFRS,2874000.0,2400249.0,10.01,31.73,29892306.0,56952275.0,-47.51,,https://mopsov.twse.com.tw/nas/t21/sii/t21sc03_112_12_0.html
2024-01,Nanya Technology,2408,TWSE,南亞科,revenue,3060645.0,TWD thousand,consolidated_IFRS,3161948.0,2251364.0,-3.2,35.94,3060645.0,2251364.0,35.94,,https://mopsov.twse.com.tw/nas/t21/sii/t21sc03_113_1_0.html
2024-02,Nanya Technology,2408,TWSE,南亞科,revenue,3050934.0,TWD thousand,consolidated_IFRS,3060645.0,2026426.0,-0.31,50.55,6111579.0,4277790.0,42.86,113年2月營收較去年同期增加50.56%，主要是因出貨量較去年同期增加所致。,https://mopsov.twse.com.tw/nas/t21/sii/t21sc03_113_2_0.html
2024-03,Nanya Technology,2408,TWSE,南亞科,revenue,3391358.0,TWD thousand,consolidated_IFRS,3050934.0,2147093.0,11.15,57.95,9502937.0,6424883.0,47.9,113年3月營收較去年同期增加57.95%，主要是因出貨量較去年同期增加所致。,https://mopsov.twse.com.tw/nas/t21/sii/t21sc03_113_3_0.html
2024-04,Nanya Technology,2408,TWSE,南亞科,revenue,3206471.0,TWD thousand,consolidated_IFRS,3391358.0,2260020.0,-5.45,41.87,12709408.0,8684903.0,46.33,,https://mopsov.twse.com.tw/nas/t21/sii/t21sc03_113_4_0.html
2024-05,Nanya Technology,2408,TWSE,南亞科,revenue,3351375.0,TWD thousand,consolidated_IFRS,3206471.0,2309037.0,4.51,45.14,16060783.0,10993940.0,46.08,,https://mopsov.twse.com.tw/nas/t21/sii/t21sc03_113_5_0.html
2024-06,Nanya Technology,2408,TWSE,南亞科,revenue,3363197.0,TWD thousand,consolidated_IFRS,3351375.0,2458014.0,0.35,36.82,19423980.0,13451954.0,44.39,,https://mopsov.twse.com.tw/nas/t21/sii/t21sc03_113_6_0.html
2024-07,Nanya Technology,2408,TWSE,南亞科,revenue,2745416.0,TWD thousand,consolidated_IFRS,3363197.0,2437193.0,-18.36,12.64,22169396.0,15889147.0,39.52,,https://mopsov.twse.com.tw/nas/t21/sii/t21sc03_113_7_0.html
2024-08,Nanya Technology,2408,TWSE,南亞科,revenue,2802250.0,TWD thousand,consolidated_IFRS,2745416.0,2574894.0,2.07,8.82,24971646.0,18464041.0,35.24,,https://mopsov.twse.com.tw/nas/t21/sii/t21sc03_113_8_0.html
2024-09,Nanya Technology,2408,TWSE,南亞科,revenue,2584927.0,TWD thousand,consolidated_IFRS,2802250.0,2724287.0,-7.75,-5.11,27556573.0,21188328.0,30.05,,https://mopsov.twse.com.tw/nas/t21/sii/t21sc03_113_9_0.html
2024-10,Nanya Technology,2408,TWSE,南亞科,revenue,2182240.0,TWD thousand,consolidated_IFRS,2584927.0,2668030.0,-15.57,-18.2,29738813.0,23856358.0,24.65,,https://mopsov.twse.com.tw/nas/t21/sii/t21sc03_113_10_0.html
2024-11,Nanya Technology,2408,TWSE,南亞科,revenue,2187326.0,TWD thousand,consolidated_IFRS,2182240.0,2874000.0,0.23,-23.89,31926139.0,26730358.0,19.43,,https://mopsov.twse.com.tw/nas/t21/sii/t21sc03_113_11_0.html
2024-12,Nanya Technology,2408,TWSE,南亞科,revenue,2205531.0,TWD thousand,consolidated_IFRS,2187326.0,3161948.0,0.83,-30.24,34131670.0,29892306.0,14.18,,https://mopsov.twse.com.tw/nas/t21/sii/t21sc03_113_12_0.html
2025-01,Nanya Technology,2408,TWSE,南亞科,revenue,2162373.0,TWD thousand,consolidated_IFRS,2205531.0,3060645.0,-1.95,-29.34,2162373.0,3060645.0,-29.34,,https://mopsov.twse.com.tw/nas/t21/sii/t21sc03_114_1_0.html
2025-02,Nanya Technology,2408,TWSE,南亞科,revenue,2272734.0,TWD thousand,consolidated_IFRS,2162373.0,3050934.0,5.1,-25.5,4435107.0,6111579.0,-27.43,,https://mopsov.twse.com.tw/nas/t21/sii/t21sc03_114_2_0.html
2025-03,Nanya Technology,2408,TWSE,南亞科,revenue,2752833.0,TWD thousand,consolidated_IFRS,2272734.0,3391358.0,21.12,-18.82,7187940.0,9502937.0,-24.36,,https://mopsov.twse.com.tw/nas/t21/sii/t21sc03_114_3_0.html
2025-04,Nanya Technology,2408,TWSE,南亞科,revenue,3118820.0,TWD thousand,consolidated_IFRS,2752833.0,3206471.0,13.29,-2.73,10306760.0,12709408.0,-18.9,,https://mopsov.twse.com.tw/nas/t21/sii/t21sc03_114_4_0.html
2025-05,Nanya Technology,2408,TWSE,南亞科,revenue,3333121.0,TWD thousand,consolidated_IFRS,3118820.0,3351375.0,6.87,-0.54,13639881.0,16060783.0,-15.07,,https://mopsov.twse.com.tw/nas/t21/sii/t21sc03_114_5_0.html
2025-06,Nanya Technology,2408,TWSE,南亞科,revenue,4074153.0,TWD thousand,consolidated_IFRS,3333121.0,3363197.0,22.23,21.13,17714034.0,19423980.0,-8.8,,https://mopsov.twse.com.tw/nas/t21/sii/t21sc03_114_6_0.html
2025-07,Nanya Technology,2408,TWSE,南亞科,revenue,5352227.0,TWD thousand,consolidated_IFRS,4074153.0,2745416.0,31.37,94.95,23066261.0,22169396.0,4.04,受市場需求改善影響。,https://mopsov.twse.com.tw/nas/t21/sii/t21sc03_114_7_0.html
2025-08,Nanya Technology,2408,TWSE,南亞科,revenue,6762501.0,TWD thousand,consolidated_IFRS,5352227.0,2802250.0,26.34,141.32,29828762.0,24971646.0,19.45,受市場需求復甦影響。,https://mopsov.twse.com.tw/nas/t21/sii/t21sc03_114_8_0.html
2025-09,Nanya Technology,2408,TWSE,南亞科,revenue,6664140.0,TWD thousand,consolidated_IFRS,6762501.0,2584927.0,-1.45,157.8,36492902.0,27556573.0,32.42,受市場需求復甦影響。,https://mopsov.twse.com.tw/nas/t21/sii/t21sc03_114_9_0.html
2025-10,Nanya Technology,2408,TWSE,南亞科,revenue,7907729.0,TWD thousand,consolidated_IFRS,6664140.0,2182240.0,18.66,262.36,44400631.0,29738813.0,49.3,受市場需求復甦影響。,https://mopsov.twse.com.tw/nas/t21/sii/t21sc03_114_10_0.html
2025-11,Nanya Technology,2408,TWSE,南亞科,revenue,10168737.0,TWD thousand,consolidated_IFRS,7907729.0,2187326.0,28.59,364.89,54569368.0,31926139.0,70.92,受市場需求復甦影響。,https://mopsov.twse.com.tw/nas/t21/sii/t21sc03_114_11_0.html
2025-12,Nanya Technology,2408,TWSE,南亞科,revenue,12017152.0,TWD thousand,consolidated_IFRS,10168737.0,2205528.0,18.17,444.86,66586520.0,34131667.0,95.08,受市場需求復甦影響。,https://mopsov.twse.com.tw/nas/t21/sii/t21sc03_114_12_0.html
2026-01,Nanya Technology,2408,TWSE,南亞科,revenue,15309988.0,TWD thousand,consolidated_IFRS,12017152.0,2162373.0,27.4,608.01,15309988.0,2162373.0,608.01,受市場需求復甦影響。,https://mopsov.twse.com.tw/nas/t21/sii/t21sc03_115_1_0.html
2026-02,Nanya Technology,2408,TWSE,南亞科,revenue,15607184.0,TWD thousand,consolidated_IFRS,15309988.0,2272734.0,1.94,586.71,30917172.0,4435107.0,597.1,受市場需求復甦影響。,https://mopsov.twse.com.tw/nas/t21/sii/t21sc03_115_2_0.html
2026-03,Nanya Technology,2408,TWSE,南亞科,revenue,18169760.0,TWD thousand,consolidated_IFRS,15607184.0,2752833.0,16.41,560.03,49086932.0,7187940.0,582.9,受市場需求復甦影響。,https://mopsov.twse.com.tw/nas/t21/sii/t21sc03_115_3_0.html
2026-04,Nanya Technology,2408,TWSE,南亞科,revenue,25491201.0,TWD thousand,consolidated_IFRS,18169760.0,3118820.0,40.29,717.33,74578133.0,10306760.0,623.58,受市場需求成長影響。,https://mopsov.twse.com.tw/nas/t21/sii/t21sc03_115_4_0.html
2026-05,Nanya Technology,2408,TWSE,南亞科,revenue,27669563.0,TWD thousand,consolidated_IFRS,25491201.0,3333121.0,8.54,730.13,102247696.0,13639881.0,649.62,受市場需求成長影響。,https://mopsov.twse.com.tw/nas/t21/sii/t21sc03_115_5_0.html
2026-06,Nanya Technology,2408,TWSE,南亞科,revenue,29388309.0,TWD thousand,consolidated_IFRS,27669563.0,4074153.0,6.21,621.33,131636005.0,17714034.0,643.11,受市場需求成長影響。,https://mopsov.twse.com.tw/nas/t21/sii/t21sc03_115_6_0.html
2026-07,Nanya Technology,2408,TWSE,南亞科,revenue,43867609.0,TWD thousand,consolidated_IFRS,29388309.0,5352227.0,49.26,719.61,175503614.0,23066261.0,660.86,受市場需求成長影響。,https://mopsov.twse.com.tw/nas/t21/sii/t21sc03_115_7_0.html
2026-08,Nanya Technology,2408,TWSE,南亞科,revenue,44690268.0,TWD thousand,consolidated_IFRS,43867609.0,6762501.0,1.87,560.85,220193882.0,29828762.0,638.19,受市場需求成長影響。,https://mopsov.twse.com.tw/nas/t21/sii/t21sc03_115_8_0.html
2026-09,Nanya Technology,2408,TWSE,南亞科,revenue,45091089.0,TWD thousand,consolidated_IFRS,44690268.0,6664140.0,0.89,576.62,265284971.0,36492902.0,626.94,受市場需求成長影響。,https://mopsov.twse.com.tw/nas/t21/sii/t21sc03_115_9_0.html
2010-01,Transcend Information,2451,TWSE,創見資訊,revenue,2930284.0,TWD thousand,standalone_ROC_GAAP,2873012.0,2759746.0,1.99,6.17,2930284.0,2759746.0,6.17,,https://mopsov.twse.com.tw/nas/t21/sii/t21sc03_99_1_0.html
2010-02,Transcend Information,2451,TWSE,創見資訊,revenue,2344302.0,TWD thousand,standalone_ROC_GAAP,2930284.0,2555080.0,-19.99,-8.24,5274586.0,5314826.0,-0.75,,https://mopsov.twse.com.tw/nas/t21/sii/t21sc03_99_2_0.html
2010-03,Transcend Information,2451,TWSE,創見資訊,revenue,2835616.0,TWD thousand,standalone_ROC_GAAP,2344302.0,2489702.0,20.95,13.89,8110202.0,7804528.0,3.91,,https://mopsov.twse.com.tw/nas/t21/sii/t21sc03_99_3_0.html
2010-04,Transcend Information,2451,TWSE,創見資訊,revenue,2250961.0,TWD thousand,standalone_ROC_GAAP,2835616.0,2858203.0,-20.61,-21.24,10361163.0,10743845.0,-3.56,,https://mopsov.twse.com.tw/nas/t21/sii/t21sc03_99_4_0.html
2010-05,Transcend Information,2451,TWSE,創見資訊,revenue,2071467.0,TWD thousand,standalone_ROC_GAAP,2250961.0,2028360.0,-7.97,2.12,12432630.0,12782594.0,-2.73,,https://mopsov.twse.com.tw/nas/t21/sii/t21sc03_99_5_0.html
2010-06,Transcend Information,2451,TWSE,創見資訊,revenue,2348850.0,TWD thousand,standalone_ROC_GAAP,2071467.0,2546122.0,13.39,-7.74,14781480.0,15354061.0,-3.72,,https://mopsov.twse.com.tw/nas/t21/sii/t21sc03_99_6_0.html
2010-07,Transcend Information,2451,TWSE,創見資訊,revenue,2669310.0,TWD thousand,standalone_ROC_GAAP,2348850.0,3045535.0,13.64,-12.35,17450790.0,18282749.0,-4.55,,https://mopsov.twse.com.tw/nas/t21/sii/t21sc03_99_7_0.html
2010-08,Transcend Information,2451,TWSE,創見資訊,revenue,2532367.0,TWD thousand,standalone_ROC_GAAP,2669310.0,2538134.0,-5.13,-0.22,19983157.0,20820883.0,-4.02,,https://mopsov.twse.com.tw/nas/t21/sii/t21sc03_99_8_0.html
2010-09,Transcend Information,2451,TWSE,創見資訊,revenue,2968563.0,TWD thousand,standalone_ROC_GAAP,2532367.0,3615450.0,17.22,-17.89,22951720.0,24436333.0,-6.07,,https://mopsov.twse.com.tw/nas/t21/sii/t21sc03_99_9_0.html
2010-10,Transcend Information,2451,TWSE,創見資訊,revenue,2646616.0,TWD thousand,standalone_ROC_GAAP,2968563.0,2974057.0,-10.84,-11.0,25598336.0,27410390.0,-6.61,,https://mopsov.twse.com.tw/nas/t21/sii/t21sc03_99_10_0.html
2010-11,Transcend Information,2451,TWSE,創見資訊,revenue,2821061.0,TWD thousand,standalone_ROC_GAAP,2646616.0,3120936.0,6.59,-9.6,28419397.0,30531326.0,-6.91,,https://mopsov.twse.com.tw/nas/t21/sii/t21sc03_99_11_0.html
2010-12,Transcend Information,2451,TWSE,創見資訊,revenue,3028651.0,TWD thousand,standalone_ROC_GAAP,2821061.0,2873012.0,7.35,5.41,31448048.0,33404338.0,-5.85,,https://mopsov.twse.com.tw/nas/t21/sii/t21sc03_99_12_0.html
2011-01,Transcend Information,2451,TWSE,創見,revenue,2774162.0,TWD thousand,standalone_ROC_GAAP,3028651.0,2930284.0,-8.4,-5.32,2774162.0,2930284.0,-5.32,,https://mopsov.twse.com.tw/nas/t21/sii/t21sc03_100_1_0.html
2011-02,Transcend Information,2451,TWSE,創見,revenue,1884552.0,TWD thousand,standalone_ROC_GAAP,2774162.0,2344302.0,-32.06,-19.61,4658714.0,5274586.0,-11.67,,https://mopsov.twse.com.tw/nas/t21/sii/t21sc03_100_2_0.html
2011-03,Transcend Information,2451,TWSE,創見資訊,revenue,2904616.0,TWD thousand,standalone_ROC_GAAP,1884552.0,2835616.0,54.12,2.43,7563330.0,8110202.0,-6.74,,https://mopsov.twse.com.tw/nas/t21/sii/t21sc03_100_3_0.html
2011-04,Transcend Information,2451,TWSE,創見資訊,revenue,2380379.0,TWD thousand,standalone_ROC_GAAP,2904616.0,2250961.0,-18.04,5.74,9943709.0,10361163.0,-4.02,,https://mopsov.twse.com.tw/nas/t21/sii/t21sc03_100_4_0.html
2011-05,Transcend Information,2451,TWSE,創見資訊,revenue,2164282.0,TWD thousand,standalone_ROC_GAAP,2380379.0,2071467.0,-9.07,4.48,12107991.0,12432630.0,-2.61,,https://mopsov.twse.com.tw/nas/t21/sii/t21sc03_100_5_0.html
2011-06,Transcend Information,2451,TWSE,創見資訊,revenue,2368909.0,TWD thousand,standalone_ROC_GAAP,2164282.0,2348850.0,9.45,0.85,14476900.0,14781480.0,-2.06,,https://mopsov.twse.com.tw/nas/t21/sii/t21sc03_100_6_0.html
2011-07,Transcend Information,2451,TWSE,創見資訊,revenue,2517818.0,TWD thousand,standalone_ROC_GAAP,2368909.0,2669310.0,6.28,-5.67,16994718.0,17450790.0,-2.61,,https://mopsov.twse.com.tw/nas/t21/sii/t21sc03_100_7_0.html
2011-08,Transcend Information,2451,TWSE,創見資訊,revenue,2479126.0,TWD thousand,standalone_ROC_GAAP,2517818.0,2532367.0,-1.53,-2.1,19473844.0,19983157.0,-2.54,,https://mopsov.twse.com.tw/nas/t21/sii/t21sc03_100_8_0.html
2011-09,Transcend Information,2451,TWSE,創見資訊,revenue,2799406.0,TWD thousand,standalone_ROC_GAAP,2479126.0,2968563.0,12.91,-5.69,22273250.0,22951720.0,-2.95,,https://mopsov.twse.com.tw/nas/t21/sii/t21sc03_100_9_0.html
2011-10,Transcend Information,2451,TWSE,創見資訊,revenue,2378206.0,TWD thousand,standalone_ROC_GAAP,2799406.0,2646616.0,-15.04,-10.14,24651456.0,25598336.0,-3.69,,https://mopsov.twse.com.tw/nas/t21/sii/t21sc03_100_10_0.html
2011-11,Transcend Information,2451,TWSE,創見資訊,revenue,2428492.0,TWD thousand,standalone_ROC_GAAP,2378206.0,2821061.0,2.11,-13.91,27079948.0,28419397.0,-4.71,,https://mopsov.twse.com.tw/nas/t21/sii/t21sc03_100_11_0.html
2011-12,Transcend Information,2451,TWSE,創見資訊,revenue,2070447.0,TWD thousand,standalone_ROC_GAAP,2428492.0,3028651.0,-14.74,-31.63,29150395.0,31448048.0,-7.3,,https://mopsov.twse.com.tw/nas/t21/sii/t21sc03_100_12_0.html
2012-01,Transcend Information,2451,TWSE,創見,revenue,1854714.0,TWD thousand,standalone_ROC_GAAP,2070447.0,2774162.0,-10.41,-33.14,1854714.0,2774162.0,-33.14,,https://mopsov.twse.com.tw/nas/t21/sii/t21sc03_101_1_0.html
2012-02,Transcend Information,2451,TWSE,創見資訊,revenue,1900422.0,TWD thousand,standalone_ROC_GAAP,1854714.0,1884552.0,2.46,0.84,3755136.0,4658714.0,-19.39,,https://mopsov.twse.com.tw/nas/t21/sii/t21sc03_101_2_0.html
2012-03,Transcend Information,2451,TWSE,創見資訊,revenue,2042800.0,TWD thousand,standalone_ROC_GAAP,1900422.0,2904616.0,7.49,-29.67,5797936.0,7563330.0,-23.34,,https://mopsov.twse.com.tw/nas/t21/sii/t21sc03_101_3_0.html
2012-04,Transcend Information,2451,TWSE,創見資訊,revenue,1934303.0,TWD thousand,standalone_ROC_GAAP,2042800.0,2380379.0,-5.31,-18.73,7732239.0,9943709.0,-22.23,,https://mopsov.twse.com.tw/nas/t21/sii/t21sc03_101_4_0.html
2012-05,Transcend Information,2451,TWSE,創見資訊,revenue,2049888.0,TWD thousand,standalone_ROC_GAAP,1934303.0,2164282.0,5.97,-5.28,9782127.0,12107991.0,-19.2,,https://mopsov.twse.com.tw/nas/t21/sii/t21sc03_101_5_0.html
2012-06,Transcend Information,2451,TWSE,創見資訊,revenue,2253726.0,TWD thousand,standalone_ROC_GAAP,2049888.0,2368909.0,9.94,-4.86,12035853.0,14476900.0,-16.86,,https://mopsov.twse.com.tw/nas/t21/sii/t21sc03_101_6_0.html
2012-07,Transcend Information,2451,TWSE,創見資訊,revenue,2261844.0,TWD thousand,standalone_ROC_GAAP,2253726.0,2517818.0,0.36,-10.16,14297697.0,16994718.0,-15.86,,https://mopsov.twse.com.tw/nas/t21/sii/t21sc03_101_7_0.html
2012-08,Transcend Information,2451,TWSE,創見資訊,revenue,2086968.0,TWD thousand,standalone_ROC_GAAP,2261844.0,2479126.0,-7.73,-15.81,16384665.0,19473844.0,-15.86,,https://mopsov.twse.com.tw/nas/t21/sii/t21sc03_101_8_0.html
2012-09,Transcend Information,2451,TWSE,創見資訊,revenue,2326580.0,TWD thousand,standalone_ROC_GAAP,2086968.0,2799406.0,11.48,-16.89,18711245.0,22273250.0,-15.99,,https://mopsov.twse.com.tw/nas/t21/sii/t21sc03_101_9_0.html
2012-10,Transcend Information,2451,TWSE,創見資訊,revenue,2449517.0,TWD thousand,standalone_ROC_GAAP,2326580.0,2378206.0,5.28,2.99,21160762.0,24651456.0,-14.16,,https://mopsov.twse.com.tw/nas/t21/sii/t21sc03_101_10_0.html
2012-11,Transcend Information,2451,TWSE,創見資訊,revenue,2499145.0,TWD thousand,standalone_ROC_GAAP,2449517.0,2428492.0,2.02,2.9,23659908.0,27079948.0,-12.62,,https://mopsov.twse.com.tw/nas/t21/sii/t21sc03_101_11_0.html
2012-12,Transcend Information,2451,TWSE,創見資訊,revenue,1725460.0,TWD thousand,standalone_ROC_GAAP,2499145.0,2070447.0,-30.95,-16.66,25385368.0,29150395.0,-12.91,,https://mopsov.twse.com.tw/nas/t21/sii/t21sc03_101_12_0.html
2013-01,Transcend Information,2451,TWSE,創見,revenue,2313436.0,TWD thousand,consolidated_IFRS,,1902769.0,,21.58,2313436.0,1902769.0,21.58,,https://mopsov.twse.com.tw/nas/t21/sii/t21sc03_102_1_0.html
2013-02,Transcend Information,2451,TWSE,創見,revenue,2114208.0,TWD thousand,consolidated_IFRS,2313436.0,2070809.0,-8.61,2.09,4427644.0,3973578.0,11.42,,https://mopsov.twse.com.tw/nas/t21/sii/t21sc03_102_2_0.html
2013-03,Transcend Information,2451,TWSE,創見,revenue,2623798.0,TWD thousand,consolidated_IFRS,2114208.0,2224675.0,24.1,17.94,7051442.0,6198253.0,13.76,,https://mopsov.twse.com.tw/nas/t21/sii/t21sc03_102_3_0.html
2013-04,Transcend Information,2451,TWSE,創見,revenue,1728866.0,TWD thousand,consolidated_IFRS,2623798.0,1922515.0,-34.1,-10.07,8780307.0,8120769.0,8.12,,https://mopsov.twse.com.tw/nas/t21/sii/t21sc03_102_4_0.html
2013-05,Transcend Information,2451,TWSE,創見,revenue,1877138.0,TWD thousand,consolidated_IFRS,1728866.0,2089971.0,8.57,-10.18,10657445.0,10210740.0,4.37,,https://mopsov.twse.com.tw/nas/t21/sii/t21sc03_102_5_0.html
2013-06,Transcend Information,2451,TWSE,創見,revenue,2345255.0,TWD thousand,consolidated_IFRS,1877138.0,2051119.0,24.93,14.34,13002700.0,12261859.0,6.04,,https://mopsov.twse.com.tw/nas/t21/sii/t21sc03_102_6_0.html
2013-07,Transcend Information,2451,TWSE,創見,revenue,2018337.0,TWD thousand,consolidated_IFRS,2345255.0,2452084.0,-13.93,-17.68,15037271.0,14713943.0,2.19,,https://mopsov.twse.com.tw/nas/t21/sii/t21sc03_102_7_0.html
2013-08,Transcend Information,2451,TWSE,創見,revenue,2101207.0,TWD thousand,consolidated_IFRS,2018337.0,2151930.0,4.1,-2.35,17138478.0,16865874.0,1.61,,https://mopsov.twse.com.tw/nas/t21/sii/t21sc03_102_8_0.html
2013-09,Transcend Information,2451,TWSE,創見,revenue,2270267.0,TWD thousand,consolidated_IFRS,2101207.0,2562737.0,8.04,-11.41,19408745.0,19428611.0,-0.1,,https://mopsov.twse.com.tw/nas/t21/sii/t21sc03_102_9_0.html
2013-10,Transcend Information,2451,TWSE,創見,revenue,2164250.0,TWD thousand,consolidated_IFRS,2270267.0,2482369.0,-4.66,-12.81,21572996.0,21910980.0,-1.54,,https://mopsov.twse.com.tw/nas/t21/sii/t21sc03_102_10_0.html
2013-11,Transcend Information,2451,TWSE,創見,revenue,2420961.0,TWD thousand,consolidated_IFRS,2164250.0,2384146.0,11.86,1.54,23993956.0,24295125.0,-1.23,,https://mopsov.twse.com.tw/nas/t21/sii/t21sc03_102_11_0.html
2013-12,Transcend Information,2451,TWSE,創見,revenue,2120860.0,TWD thousand,consolidated_IFRS,2420961.0,1920835.0,-12.39,10.41,26114817.0,26215961.0,-0.38,,https://mopsov.twse.com.tw/nas/t21/sii/t21sc03_102_12_0.html
2014-01,Transcend Information,2451,TWSE,創見,revenue,2441803.0,TWD thousand,consolidated_IFRS,2120860.0,2313436.0,15.13,5.54,2441803.0,2313436.0,5.54,,https://mopsov.twse.com.tw/nas/t21/sii/t21sc03_103_1_0.html
2014-02,Transcend Information,2451,TWSE,創見,revenue,2039008.0,TWD thousand,consolidated_IFRS,2441803.0,2114208.0,-16.49,-3.55,4480811.0,4427644.0,1.2,,https://mopsov.twse.com.tw/nas/t21/sii/t21sc03_103_2_0.html
2014-03,Transcend Information,2451,TWSE,創見,revenue,2315758.0,TWD thousand,consolidated_IFRS,2039008.0,2623798.0,13.57,-11.74,6796569.0,7051442.0,-3.61,,https://mopsov.twse.com.tw/nas/t21/sii/t21sc03_103_3_0.html
2014-04,Transcend Information,2451,TWSE,創見,revenue,2174297.0,TWD thousand,consolidated_IFRS,2315758.0,1728866.0,-6.1,25.76,8970866.0,8780307.0,2.17,,https://mopsov.twse.com.tw/nas/t21/sii/t21sc03_103_4_0.html
2014-05,Transcend Information,2451,TWSE,創見,revenue,2286714.0,TWD thousand,consolidated_IFRS,2174297.0,1877138.0,5.17,21.81,11257581.0,10657445.0,5.63,,https://mopsov.twse.com.tw/nas/t21/sii/t21sc03_103_5_0.html
2014-06,Transcend Information,2451,TWSE,創見,revenue,2195377.0,TWD thousand,consolidated_IFRS,2286714.0,2361488.0,-3.99,-7.03,13452958.0,13018934.0,3.33,,https://mopsov.twse.com.tw/nas/t21/sii/t21sc03_103_6_0.html
2014-07,Transcend Information,2451,TWSE,創見,revenue,2543027.0,TWD thousand,consolidated_IFRS,2195377.0,2018337.0,15.83,25.99,15995984.0,15037271.0,6.37,,https://mopsov.twse.com.tw/nas/t21/sii/t21sc03_103_7_0.html
2014-08,Transcend Information,2451,TWSE,創見,revenue,2121199.0,TWD thousand,consolidated_IFRS,2543027.0,2101207.0,-16.58,0.95,18117183.0,17138478.0,5.71,,https://mopsov.twse.com.tw/nas/t21/sii/t21sc03_103_8_0.html
2014-09,Transcend Information,2451,TWSE,創見,revenue,2125402.0,TWD thousand,consolidated_IFRS,2121199.0,2270267.0,0.19,-6.38,20242585.0,19408745.0,4.29,,https://mopsov.twse.com.tw/nas/t21/sii/t21sc03_103_9_0.html
2014-10,Transcend Information,2451,TWSE,創見,revenue,2497793.0,TWD thousand,consolidated_IFRS,2125402.0,2164250.0,17.52,15.41,22740379.0,21572996.0,5.41,,https://mopsov.twse.com.tw/nas/t21/sii/t21sc03_103_10_0.html
2014-11,Transcend Information,2451,TWSE,創見,revenue,2266940.0,TWD thousand,consolidated_IFRS,2497793.0,2420961.0,-9.24,-6.36,25007318.0,23993956.0,4.22,,https://mopsov.twse.com.tw/nas/t21/sii/t21sc03_103_11_0.html
2014-12,Transcend Information,2451,TWSE,創見,revenue,2212176.0,TWD thousand,consolidated_IFRS,2266940.0,2120860.0,-2.41,4.3,27219495.0,26114817.0,4.23,,https://mopsov.twse.com.tw/nas/t21/sii/t21sc03_103_12_0.html
2015-01,Transcend Information,2451,TWSE,創見,revenue,2109547.0,TWD thousand,consolidated_IFRS,2212176.0,2441803.0,-4.63,-13.6,2109547.0,2441803.0,-13.6,,https://mopsov.twse.com.tw/nas/t21/sii/t21sc03_104_1_0.html
2015-02,Transcend Information,2451,TWSE,創見,revenue,1760299.0,TWD thousand,consolidated_IFRS,2109547.0,2039008.0,-16.55,-13.66,3869846.0,4480811.0,-13.63,,https://mopsov.twse.com.tw/nas/t21/sii/t21sc03_104_2_0.html
2015-03,Transcend Information,2451,TWSE,創見,revenue,2261899.0,TWD thousand,consolidated_IFRS,1760299.0,2315758.0,28.49,-2.32,6131745.0,6796569.0,-9.78,,https://mopsov.twse.com.tw/nas/t21/sii/t21sc03_104_3_0.html
2015-04,Transcend Information,2451,TWSE,創見,revenue,2102879.0,TWD thousand,consolidated_IFRS,2261899.0,2174297.0,-7.03,-3.28,8234624.0,8970866.0,-8.2,,https://mopsov.twse.com.tw/nas/t21/sii/t21sc03_104_4_0.html
2015-05,Transcend Information,2451,TWSE,創見,revenue,1962425.0,TWD thousand,consolidated_IFRS,2102879.0,2286714.0,-6.67,-14.18,10197049.0,11257581.0,-9.42,,https://mopsov.twse.com.tw/nas/t21/sii/t21sc03_104_5_0.html
2015-06,Transcend Information,2451,TWSE,創見,revenue,1959620.0,TWD thousand,consolidated_IFRS,1962425.0,2195377.0,-0.14,-10.73,12156669.0,13452958.0,-9.63,,https://mopsov.twse.com.tw/nas/t21/sii/t21sc03_104_6_0.html
2015-07,Transcend Information,2451,TWSE,創見,revenue,2090908.0,TWD thousand,consolidated_IFRS,1959620.0,2543027.0,6.69,-17.77,14247577.0,15995984.0,-10.93,,https://mopsov.twse.com.tw/nas/t21/sii/t21sc03_104_7_0.html
2015-08,Transcend Information,2451,TWSE,創見,revenue,1903069.0,TWD thousand,consolidated_IFRS,2090908.0,2121199.0,-8.98,-10.28,16150645.0,18117183.0,-10.85,,https://mopsov.twse.com.tw/nas/t21/sii/t21sc03_104_8_0.html
2015-09,Transcend Information,2451,TWSE,創見,revenue,2093653.0,TWD thousand,consolidated_IFRS,1903069.0,2125402.0,10.01,-1.49,18244298.0,20242585.0,-9.87,,https://mopsov.twse.com.tw/nas/t21/sii/t21sc03_104_9_0.html
2015-10,Transcend Information,2451,TWSE,創見,revenue,2197611.0,TWD thousand,consolidated_IFRS,2093653.0,2497793.0,4.96,-12.01,20441910.0,22740379.0,-10.1,,https://mopsov.twse.com.tw/nas/t21/sii/t21sc03_104_10_0.html
2015-11,Transcend Information,2451,TWSE,創見,revenue,2322283.0,TWD thousand,consolidated_IFRS,2197611.0,2266940.0,5.67,2.44,22764193.0,25007318.0,-8.96,,https://mopsov.twse.com.tw/nas/t21/sii/t21sc03_104_11_0.html
2015-12,Transcend Information,2451,TWSE,創見,revenue,2149094.0,TWD thousand,consolidated_IFRS,2322283.0,2212176.0,-7.45,-2.85,24913287.0,27219495.0,-8.47,,https://mopsov.twse.com.tw/nas/t21/sii/t21sc03_104_12_0.html
2016-01,Transcend Information,2451,TWSE,創見,revenue,2128111.0,TWD thousand,consolidated_IFRS,2149094.0,2109547.0,-0.97,0.87,2128111.0,2109547.0,0.87,,https://mopsov.twse.com.tw/nas/t21/sii/t21sc03_105_1_0.html
2016-02,Transcend Information,2451,TWSE,創見,revenue,1594880.0,TWD thousand,consolidated_IFRS,2128111.0,1760299.0,-25.05,-9.39,3722991.0,3869846.0,-3.79,,https://mopsov.twse.com.tw/nas/t21/sii/t21sc03_105_2_0.html
2016-03,Transcend Information,2451,TWSE,創見,revenue,1925043.0,TWD thousand,consolidated_IFRS,1594880.0,2261899.0,20.7,-14.89,5648034.0,6131745.0,-7.88,,https://mopsov.twse.com.tw/nas/t21/sii/t21sc03_105_3_0.html
2016-04,Transcend Information,2451,TWSE,創見,revenue,1750781.0,TWD thousand,consolidated_IFRS,1925043.0,2102879.0,-9.05,-16.74,7398789.0,8234624.0,-10.15,,https://mopsov.twse.com.tw/nas/t21/sii/t21sc03_105_4_0.html
2016-05,Transcend Information,2451,TWSE,創見,revenue,1729785.0,TWD thousand,consolidated_IFRS,1750781.0,1962425.0,-1.19,-11.85,9128574.0,10197049.0,-10.47,,https://mopsov.twse.com.tw/nas/t21/sii/t21sc03_105_5_0.html
2016-06,Transcend Information,2451,TWSE,創見,revenue,1851611.0,TWD thousand,consolidated_IFRS,1729785.0,1959620.0,7.04,-5.51,10980184.0,12156669.0,-9.67,,https://mopsov.twse.com.tw/nas/t21/sii/t21sc03_105_6_0.html
2016-07,Transcend Information,2451,TWSE,創見,revenue,1769372.0,TWD thousand,consolidated_IFRS,1851611.0,2090908.0,-4.44,-15.37,12749556.0,14247577.0,-10.51,,https://mopsov.twse.com.tw/nas/t21/sii/t21sc03_105_7_0.html
2016-08,Transcend Information,2451,TWSE,創見,revenue,1794431.0,TWD thousand,consolidated_IFRS,1769372.0,1903069.0,1.41,-5.7,14543988.0,16150645.0,-9.94,,https://mopsov.twse.com.tw/nas/t21/sii/t21sc03_105_8_0.html
2016-09,Transcend Information,2451,TWSE,創見,revenue,1861115.0,TWD thousand,consolidated_IFRS,1794431.0,2093653.0,3.71,-11.1,16405103.0,18244298.0,-10.08,,https://mopsov.twse.com.tw/nas/t21/sii/t21sc03_105_9_0.html
2016-10,Transcend Information,2451,TWSE,創見,revenue,1985172.0,TWD thousand,consolidated_IFRS,1861115.0,2197611.0,6.66,-9.66,18390275.0,20441910.0,-10.03,,https://mopsov.twse.com.tw/nas/t21/sii/t21sc03_105_10_0.html
2016-11,Transcend Information,2451,TWSE,創見,revenue,1969930.0,TWD thousand,consolidated_IFRS,1985172.0,2322283.0,-0.76,-15.17,20360205.0,22764193.0,-10.56,,https://mopsov.twse.com.tw/nas/t21/sii/t21sc03_105_11_0.html
2016-12,Transcend Information,2451,TWSE,創見,revenue,1744710.0,TWD thousand,consolidated_IFRS,1969930.0,2149094.0,-11.43,-18.81,22104915.0,24913287.0,-11.27,,https://mopsov.twse.com.tw/nas/t21/sii/t21sc03_105_12_0.html
2017-01,Transcend Information,2451,TWSE,創見,revenue,1967387.0,TWD thousand,consolidated_IFRS,1744710.0,2128111.0,12.76,-7.55,1967387.0,2128111.0,-7.55,,https://mopsov.twse.com.tw/nas/t21/sii/t21sc03_106_1_0.html
2017-02,Transcend Information,2451,TWSE,創見,revenue,1692635.0,TWD thousand,consolidated_IFRS,1967387.0,1594880.0,-13.96,6.12,3660022.0,3722991.0,-1.69,,https://mopsov.twse.com.tw/nas/t21/sii/t21sc03_106_2_0.html
2017-03,Transcend Information,2451,TWSE,創見,revenue,2029746.0,TWD thousand,consolidated_IFRS,1692635.0,1925017.0,19.91,5.44,5689768.0,5648007.0,0.73,,https://mopsov.twse.com.tw/nas/t21/sii/t21sc03_106_3_0.html
2017-04,Transcend Information,2451,TWSE,創見,revenue,1663317.0,TWD thousand,consolidated_IFRS,2029746.0,1750781.0,-18.05,-4.99,7353085.0,7398789.0,-0.61,,https://mopsov.twse.com.tw/nas/t21/sii/t21sc03_106_4_0.html
2017-05,Transcend Information,2451,TWSE,創見,revenue,1621007.0,TWD thousand,consolidated_IFRS,1663317.0,1729785.0,-2.54,-6.28,8974091.0,9128574.0,-1.69,,https://mopsov.twse.com.tw/nas/t21/sii/t21sc03_106_5_0.html
2017-06,Transcend Information,2451,TWSE,創見,revenue,1712156.0,TWD thousand,consolidated_IFRS,1621007.0,1851611.0,5.62,-7.53,10686247.0,10980184.0,-2.67,,https://mopsov.twse.com.tw/nas/t21/sii/t21sc03_106_6_0.html
2017-07,Transcend Information,2451,TWSE,創見,revenue,1778606.0,TWD thousand,consolidated_IFRS,1712156.0,1769372.0,3.88,0.52,12464853.0,12749556.0,-2.23,,https://mopsov.twse.com.tw/nas/t21/sii/t21sc03_106_7_0.html
2017-08,Transcend Information,2451,TWSE,創見,revenue,1716813.0,TWD thousand,consolidated_IFRS,1778606.0,1794431.0,-3.47,-4.32,14181666.0,14543988.0,-2.49,,https://mopsov.twse.com.tw/nas/t21/sii/t21sc03_106_8_0.html
2017-09,Transcend Information,2451,TWSE,創見,revenue,1965561.0,TWD thousand,consolidated_IFRS,1716813.0,1861115.0,14.48,5.61,16147227.0,16405103.0,-1.57,,https://mopsov.twse.com.tw/nas/t21/sii/t21sc03_106_9_0.html
2017-10,Transcend Information,2451,TWSE,創見,revenue,1739958.0,TWD thousand,consolidated_IFRS,1965561.0,1985172.0,-11.47,-12.35,17887185.0,18390275.0,-2.73,,https://mopsov.twse.com.tw/nas/t21/sii/t21sc03_106_10_0.html
2017-11,Transcend Information,2451,TWSE,創見,revenue,1738766.0,TWD thousand,consolidated_IFRS,1739958.0,1969930.0,-0.06,-11.73,19625951.0,20360205.0,-3.6,,https://mopsov.twse.com.tw/nas/t21/sii/t21sc03_106_11_0.html
2017-12,Transcend Information,2451,TWSE,創見,revenue,1338902.0,TWD thousand,consolidated_IFRS,1738766.0,1744710.0,-22.99,-23.25,20964853.0,22104915.0,-5.15,,https://mopsov.twse.com.tw/nas/t21/sii/t21sc03_106_12_0.html
2018-01,Transcend Information,2451,TWSE,創見,revenue,1714797.0,TWD thousand,consolidated_IFRS,1338902.0,1967387.0,28.07,-12.83,1714797.0,1967387.0,-12.83,,https://mopsov.twse.com.tw/nas/t21/sii/t21sc03_107_1_0.html
2018-02,Transcend Information,2451,TWSE,創見,revenue,1316123.0,TWD thousand,consolidated_IFRS,1714797.0,1692635.0,-23.24,-22.24,3030921.0,3660022.0,-17.18,,https://mopsov.twse.com.tw/nas/t21/sii/t21sc03_107_2_0.html
2018-03,Transcend Information,2451,TWSE,創見,revenue,1768643.0,TWD thousand,consolidated_IFRS,1316123.0,2029746.0,34.38,-12.86,4799564.0,5689768.0,-15.64,,https://mopsov.twse.com.tw/nas/t21/sii/t21sc03_107_3_0.html
2018-04,Transcend Information,2451,TWSE,創見,revenue,1450911.0,TWD thousand,consolidated_IFRS,1768643.0,1663317.0,-17.96,-12.77,6250475.0,7353085.0,-14.99,,https://mopsov.twse.com.tw/nas/t21/sii/t21sc03_107_4_0.html
2018-05,Transcend Information,2451,TWSE,創見,revenue,1433766.0,TWD thousand,consolidated_IFRS,1450911.0,1621007.0,-1.18,-11.55,7684240.0,8974091.0,-14.37,,https://mopsov.twse.com.tw/nas/t21/sii/t21sc03_107_5_0.html
2018-06,Transcend Information,2451,TWSE,創見,revenue,1527044.0,TWD thousand,consolidated_IFRS,1433766.0,1712156.0,6.5,-10.81,9211285.0,10686247.0,-13.8,,https://mopsov.twse.com.tw/nas/t21/sii/t21sc03_107_6_0.html
2018-07,Transcend Information,2451,TWSE,創見,revenue,1554867.0,TWD thousand,consolidated_IFRS,1527044.0,1778606.0,1.82,-12.57,10766152.0,12464853.0,-13.62,,https://mopsov.twse.com.tw/nas/t21/sii/t21sc03_107_7_0.html
2018-08,Transcend Information,2451,TWSE,創見,revenue,1562009.0,TWD thousand,consolidated_IFRS,1554867.0,1716813.0,0.45,-9.01,12328161.0,14181666.0,-13.06,,https://mopsov.twse.com.tw/nas/t21/sii/t21sc03_107_8_0.html
2018-09,Transcend Information,2451,TWSE,創見,revenue,1314437.0,TWD thousand,consolidated_IFRS,1562009.0,1965561.0,-15.84,-33.12,13642598.0,16147227.0,-15.51,,https://mopsov.twse.com.tw/nas/t21/sii/t21sc03_107_9_0.html
2018-10,Transcend Information,2451,TWSE,創見,revenue,1523742.0,TWD thousand,consolidated_IFRS,1314437.0,1739958.0,15.92,-12.42,15166340.0,17887185.0,-15.21,,https://mopsov.twse.com.tw/nas/t21/sii/t21sc03_107_10_0.html
2018-11,Transcend Information,2451,TWSE,創見,revenue,1408067.0,TWD thousand,consolidated_IFRS,1523742.0,1738766.0,-7.59,-19.01,16574407.0,19625951.0,-15.54,,https://mopsov.twse.com.tw/nas/t21/sii/t21sc03_107_11_0.html
2018-12,Transcend Information,2451,TWSE,創見,revenue,1041558.0,TWD thousand,consolidated_IFRS,1408067.0,1338902.0,-26.02,-22.2,17615965.0,20964853.0,-15.97,,https://mopsov.twse.com.tw/nas/t21/sii/t21sc03_107_12_0.html
2019-01,Transcend Information,2451,TWSE,創見,revenue,1371138.0,TWD thousand,consolidated_IFRS,1041558.0,1714797.0,31.64,-20.04,1371138.0,1714797.0,-20.04,,https://mopsov.twse.com.tw/nas/t21/sii/t21sc03_108_1_0.html
2019-02,Transcend Information,2451,TWSE,創見,revenue,1086761.0,TWD thousand,consolidated_IFRS,1371138.0,1316123.0,-20.74,-17.42,2457899.0,3030921.0,-18.9,,https://mopsov.twse.com.tw/nas/t21/sii/t21sc03_108_2_0.html
2019-03,Transcend Information,2451,TWSE,創見,revenue,1222020.0,TWD thousand,consolidated_IFRS,1086761.0,1768643.0,12.44,-30.9,3679919.0,4799564.0,-23.32,,https://mopsov.twse.com.tw/nas/t21/sii/t21sc03_108_3_0.html
2019-04,Transcend Information,2451,TWSE,創見,revenue,1071629.0,TWD thousand,consolidated_IFRS,1222020.0,1450911.0,-12.3,-26.14,4751549.0,6250475.0,-23.98,,https://mopsov.twse.com.tw/nas/t21/sii/t21sc03_108_4_0.html
2019-05,Transcend Information,2451,TWSE,創見,revenue,1091070.0,TWD thousand,consolidated_IFRS,1071629.0,1433766.0,1.81,-23.9,5842619.0,7684240.0,-23.96,,https://mopsov.twse.com.tw/nas/t21/sii/t21sc03_108_5_0.html
2019-06,Transcend Information,2451,TWSE,創見,revenue,1001209.0,TWD thousand,consolidated_IFRS,1091070.0,1527044.0,-8.23,-34.43,6843828.0,9211285.0,-25.7,,https://mopsov.twse.com.tw/nas/t21/sii/t21sc03_108_6_0.html
2019-07,Transcend Information,2451,TWSE,創見,revenue,1233991.0,TWD thousand,consolidated_IFRS,1001209.0,1554867.0,23.25,-20.63,8077819.0,10766152.0,-24.97,,https://mopsov.twse.com.tw/nas/t21/sii/t21sc03_108_7_0.html
2019-08,Transcend Information,2451,TWSE,創見,revenue,1087491.0,TWD thousand,consolidated_IFRS,1233991.0,1562009.0,-11.87,-30.37,9165310.0,12328161.0,-25.65,,https://mopsov.twse.com.tw/nas/t21/sii/t21sc03_108_8_0.html
2019-09,Transcend Information,2451,TWSE,創見,revenue,1044795.0,TWD thousand,consolidated_IFRS,1087491.0,1314437.0,-3.92,-20.51,10210105.0,13642598.0,-25.16,,https://mopsov.twse.com.tw/nas/t21/sii/t21sc03_108_9_0.html
2019-10,Transcend Information,2451,TWSE,創見,revenue,1153122.0,TWD thousand,consolidated_IFRS,1044795.0,1523742.0,10.36,-24.32,11363227.0,15166340.0,-25.07,,https://mopsov.twse.com.tw/nas/t21/sii/t21sc03_108_10_0.html
2019-11,Transcend Information,2451,TWSE,創見,revenue,1166340.0,TWD thousand,consolidated_IFRS,1153122.0,1408067.0,1.14,-17.16,12529568.0,16574407.0,-24.4,,https://mopsov.twse.com.tw/nas/t21/sii/t21sc03_108_11_0.html
2019-12,Transcend Information,2451,TWSE,創見,revenue,966619.0,TWD thousand,consolidated_IFRS,1166340.0,1041558.0,-17.12,-7.19,13496186.0,17615965.0,-23.38,,https://mopsov.twse.com.tw/nas/t21/sii/t21sc03_108_12_0.html
2020-01,Transcend Information,2451,TWSE,創見,revenue,1069559.0,TWD thousand,consolidated_IFRS,966619.0,1371138.0,10.64,-21.99,1069559.0,1371138.0,-21.99,,https://mopsov.twse.com.tw/nas/t21/sii/t21sc03_109_1_0.html
2020-02,Transcend Information,2451,TWSE,創見,revenue,1128924.0,TWD thousand,consolidated_IFRS,1069559.0,1086761.0,5.55,3.87,2198483.0,2457899.0,-10.55,,https://mopsov.twse.com.tw/nas/t21/sii/t21sc03_109_2_0.html
2020-03,Transcend Information,2451,TWSE,創見,revenue,1021927.0,TWD thousand,consolidated_IFRS,1128924.0,1222020.0,-9.47,-16.37,3220410.0,3679919.0,-12.48,,https://mopsov.twse.com.tw/nas/t21/sii/t21sc03_109_3_0.html
2020-04,Transcend Information,2451,TWSE,創見,revenue,790267.0,TWD thousand,consolidated_IFRS,1021927.0,1071629.0,-22.66,-26.25,4010677.0,4751549.0,-15.59,,https://mopsov.twse.com.tw/nas/t21/sii/t21sc03_109_4_0.html
2020-05,Transcend Information,2451,TWSE,創見,revenue,831925.0,TWD thousand,consolidated_IFRS,790267.0,1091070.0,5.27,-23.75,4842602.0,5842619.0,-17.11,,https://mopsov.twse.com.tw/nas/t21/sii/t21sc03_109_5_0.html
2020-06,Transcend Information,2451,TWSE,創見,revenue,863526.0,TWD thousand,consolidated_IFRS,831925.0,1001209.0,3.79,-13.75,5706128.0,6843828.0,-16.62,,https://mopsov.twse.com.tw/nas/t21/sii/t21sc03_109_6_0.html
2020-07,Transcend Information,2451,TWSE,創見,revenue,957237.0,TWD thousand,consolidated_IFRS,863526.0,1233991.0,10.85,-22.42,6663365.0,8077819.0,-17.51,,https://mopsov.twse.com.tw/nas/t21/sii/t21sc03_109_7_0.html
2020-08,Transcend Information,2451,TWSE,創見,revenue,811792.0,TWD thousand,consolidated_IFRS,957237.0,1087491.0,-15.19,-25.35,7475157.0,9165310.0,-18.44,,https://mopsov.twse.com.tw/nas/t21/sii/t21sc03_109_8_0.html
2020-09,Transcend Information,2451,TWSE,創見,revenue,995864.0,TWD thousand,consolidated_IFRS,811792.0,1044795.0,22.67,-4.68,8471020.0,10210105.0,-17.03,,https://mopsov.twse.com.tw/nas/t21/sii/t21sc03_109_9_0.html
2020-10,Transcend Information,2451,TWSE,創見,revenue,966152.0,TWD thousand,consolidated_IFRS,995864.0,1153122.0,-2.98,-16.21,9437172.0,11363227.0,-16.94,,https://mopsov.twse.com.tw/nas/t21/sii/t21sc03_109_10_0.html
2020-11,Transcend Information,2451,TWSE,創見,revenue,974783.0,TWD thousand,consolidated_IFRS,966152.0,1166340.0,0.89,-16.42,10411955.0,12529568.0,-16.9,,https://mopsov.twse.com.tw/nas/t21/sii/t21sc03_109_11_0.html
2020-12,Transcend Information,2451,TWSE,創見,revenue,1034741.0,TWD thousand,consolidated_IFRS,974783.0,966619.0,6.15,7.04,11446696.0,13496186.0,-15.18,,https://mopsov.twse.com.tw/nas/t21/sii/t21sc03_109_12_0.html
2021-01,Transcend Information,2451,TWSE,創見,revenue,1181561.0,TWD thousand,consolidated_IFRS,1034741.0,1069559.0,14.18,10.47,1181561.0,1069559.0,10.47,,https://mopsov.twse.com.tw/nas/t21/sii/t21sc03_110_1_0.html
2021-02,Transcend Information,2451,TWSE,創見,revenue,969446.0,TWD thousand,consolidated_IFRS,1181561.0,1128924.0,-17.95,-14.12,2151007.0,2198483.0,-2.15,,https://mopsov.twse.com.tw/nas/t21/sii/t21sc03_110_2_0.html
2021-03,Transcend Information,2451,TWSE,創見,revenue,1347613.0,TWD thousand,consolidated_IFRS,969446.0,1021927.0,39.0,31.86,3498620.0,3220410.0,8.63,,https://mopsov.twse.com.tw/nas/t21/sii/t21sc03_110_3_0.html
2021-04,Transcend Information,2451,TWSE,創見,revenue,1289337.0,TWD thousand,consolidated_IFRS,1347613.0,790267.0,-4.32,63.15,4787957.0,4010677.0,19.38,去年同期受疫情影響，基期較低,https://mopsov.twse.com.tw/nas/t21/sii/t21sc03_110_4_0.html
2021-05,Transcend Information,2451,TWSE,創見,revenue,1277428.0,TWD thousand,consolidated_IFRS,1289337.0,831925.0,-0.92,53.55,6065386.0,4842602.0,25.25,去年同期受疫情影響，基期較低,https://mopsov.twse.com.tw/nas/t21/sii/t21sc03_110_5_0.html
2021-06,Transcend Information,2451,TWSE,創見,revenue,1227418.0,TWD thousand,consolidated_IFRS,1277428.0,863526.0,-3.91,42.14,7292804.0,5706128.0,27.8,,https://mopsov.twse.com.tw/nas/t21/sii/t21sc03_110_6_0.html
2021-07,Transcend Information,2451,TWSE,創見,revenue,1320580.0,TWD thousand,consolidated_IFRS,1227418.0,957237.0,7.59,37.95,8613384.0,6663365.0,29.26,,https://mopsov.twse.com.tw/nas/t21/sii/t21sc03_110_7_0.html
2021-08,Transcend Information,2451,TWSE,創見,revenue,1141520.0,TWD thousand,consolidated_IFRS,1320580.0,811792.0,-13.55,40.61,9754903.0,7475157.0,30.49,,https://mopsov.twse.com.tw/nas/t21/sii/t21sc03_110_8_0.html
2021-09,Transcend Information,2451,TWSE,創見,revenue,1061642.0,TWD thousand,consolidated_IFRS,1141520.0,995864.0,-6.99,6.6,10816545.0,8471020.0,27.68,,https://mopsov.twse.com.tw/nas/t21/sii/t21sc03_110_9_0.html
2021-10,Transcend Information,2451,TWSE,創見,revenue,1175961.0,TWD thousand,consolidated_IFRS,1061642.0,966152.0,10.76,21.71,11992505.0,9437172.0,27.07,,https://mopsov.twse.com.tw/nas/t21/sii/t21sc03_110_10_0.html
2021-11,Transcend Information,2451,TWSE,創見,revenue,1179063.0,TWD thousand,consolidated_IFRS,1175961.0,974783.0,0.26,20.95,13171568.0,10411955.0,26.5,,https://mopsov.twse.com.tw/nas/t21/sii/t21sc03_110_11_0.html
2021-12,Transcend Information,2451,TWSE,創見,revenue,1143247.0,TWD thousand,consolidated_IFRS,1179063.0,1034741.0,-3.03,10.48,14314815.0,11446696.0,25.05,,https://mopsov.twse.com.tw/nas/t21/sii/t21sc03_110_12_0.html
2022-01,Transcend Information,2451,TWSE,創見,revenue,1170657.0,TWD thousand,consolidated_IFRS,1143247.0,1181561.0,2.39,-0.92,1170657.0,1181561.0,-0.92,,https://mopsov.twse.com.tw/nas/t21/sii/t21sc03_111_1_0.html
2022-02,Transcend Information,2451,TWSE,創見,revenue,1047426.0,TWD thousand,consolidated_IFRS,1170657.0,969446.0,-10.52,8.04,2218083.0,2151007.0,3.11,,https://mopsov.twse.com.tw/nas/t21/sii/t21sc03_111_2_0.html
2022-03,Transcend Information,2451,TWSE,創見,revenue,1231553.0,TWD thousand,consolidated_IFRS,1047426.0,1347613.0,17.57,-8.61,3449636.0,3498620.0,-1.4,,https://mopsov.twse.com.tw/nas/t21/sii/t21sc03_111_3_0.html
2022-04,Transcend Information,2451,TWSE,創見,revenue,915455.0,TWD thousand,consolidated_IFRS,1231553.0,1289337.0,-25.66,-28.99,4365091.0,4787957.0,-8.83,,https://mopsov.twse.com.tw/nas/t21/sii/t21sc03_111_4_0.html
2022-05,Transcend Information,2451,TWSE,創見,revenue,1031705.0,TWD thousand,consolidated_IFRS,915455.0,1277428.0,12.69,-19.23,5396796.0,6065386.0,-11.02,,https://mopsov.twse.com.tw/nas/t21/sii/t21sc03_111_5_0.html
2022-06,Transcend Information,2451,TWSE,創見,revenue,1059329.0,TWD thousand,consolidated_IFRS,1031705.0,1227418.0,2.67,-13.69,6456124.0,7292804.0,-11.47,,https://mopsov.twse.com.tw/nas/t21/sii/t21sc03_111_6_0.html
2022-07,Transcend Information,2451,TWSE,創見,revenue,1024394.0,TWD thousand,consolidated_IFRS,1059329.0,1320580.0,-3.29,-22.42,7480518.0,8613384.0,-13.15,,https://mopsov.twse.com.tw/nas/t21/sii/t21sc03_111_7_0.html
2022-08,Transcend Information,2451,TWSE,創見,revenue,1003703.0,TWD thousand,consolidated_IFRS,1024394.0,1141520.0,-2.01,-12.07,8484221.0,9754903.0,-13.02,,https://mopsov.twse.com.tw/nas/t21/sii/t21sc03_111_8_0.html
2022-09,Transcend Information,2451,TWSE,創見,revenue,1038116.0,TWD thousand,consolidated_IFRS,1003703.0,1061642.0,3.42,-2.21,9522337.0,10816545.0,-11.96,,https://mopsov.twse.com.tw/nas/t21/sii/t21sc03_111_9_0.html
2022-10,Transcend Information,2451,TWSE,創見,revenue,903895.0,TWD thousand,consolidated_IFRS,1038116.0,1175961.0,-12.92,-23.13,10426232.0,11992505.0,-13.06,,https://mopsov.twse.com.tw/nas/t21/sii/t21sc03_111_10_0.html
2022-11,Transcend Information,2451,TWSE,創見,revenue,898683.0,TWD thousand,consolidated_IFRS,903895.0,1179063.0,-0.57,-23.77,11324916.0,13171568.0,-14.01,,https://mopsov.twse.com.tw/nas/t21/sii/t21sc03_111_11_0.html
2022-12,Transcend Information,2451,TWSE,創見,revenue,797434.0,TWD thousand,consolidated_IFRS,898683.0,1143247.0,-11.26,-30.24,12122350.0,14314815.0,-15.31,,https://mopsov.twse.com.tw/nas/t21/sii/t21sc03_111_12_0.html
2023-01,Transcend Information,2451,TWSE,創見,revenue,765562.0,TWD thousand,consolidated_IFRS,797434.0,1170657.0,-3.99,-34.6,765562.0,1170657.0,-34.6,,https://mopsov.twse.com.tw/nas/t21/sii/t21sc03_112_1_0.html
2023-02,Transcend Information,2451,TWSE,創見,revenue,804016.0,TWD thousand,consolidated_IFRS,765562.0,1047426.0,5.02,-23.23,1569579.0,2218083.0,-29.23,,https://mopsov.twse.com.tw/nas/t21/sii/t21sc03_112_2_0.html
2023-03,Transcend Information,2451,TWSE,創見,revenue,1039223.0,TWD thousand,consolidated_IFRS,804016.0,1231553.0,29.25,-15.61,2608801.0,3449636.0,-24.37,,https://mopsov.twse.com.tw/nas/t21/sii/t21sc03_112_3_0.html
2023-04,Transcend Information,2451,TWSE,創見,revenue,704162.0,TWD thousand,consolidated_IFRS,1039223.0,915455.0,-32.24,-23.08,3312963.0,4365091.0,-24.1,,https://mopsov.twse.com.tw/nas/t21/sii/t21sc03_112_4_0.html
2023-05,Transcend Information,2451,TWSE,創見,revenue,846259.0,TWD thousand,consolidated_IFRS,704162.0,1031705.0,20.17,-17.97,4159223.0,5396796.0,-22.93,,https://mopsov.twse.com.tw/nas/t21/sii/t21sc03_112_5_0.html
2023-06,Transcend Information,2451,TWSE,創見,revenue,919155.0,TWD thousand,consolidated_IFRS,846259.0,1059329.0,8.61,-13.23,5078378.0,6456124.0,-21.34,,https://mopsov.twse.com.tw/nas/t21/sii/t21sc03_112_6_0.html
2023-07,Transcend Information,2451,TWSE,創見,revenue,808006.0,TWD thousand,consolidated_IFRS,919155.0,1024394.0,-12.09,-21.12,5886384.0,7480518.0,-21.31,,https://mopsov.twse.com.tw/nas/t21/sii/t21sc03_112_7_0.html
2023-08,Transcend Information,2451,TWSE,創見,revenue,877679.0,TWD thousand,consolidated_IFRS,808006.0,1003703.0,8.62,-12.55,6764063.0,8484221.0,-20.27,,https://mopsov.twse.com.tw/nas/t21/sii/t21sc03_112_8_0.html
2023-09,Transcend Information,2451,TWSE,創見,revenue,1041420.0,TWD thousand,consolidated_IFRS,877679.0,1038116.0,18.65,0.31,7805483.0,9522337.0,-18.02,,https://mopsov.twse.com.tw/nas/t21/sii/t21sc03_112_9_0.html
2023-10,Transcend Information,2451,TWSE,創見,revenue,912945.0,TWD thousand,consolidated_IFRS,1041420.0,903895.0,-12.33,1.0,8718427.0,10426232.0,-16.37,,https://mopsov.twse.com.tw/nas/t21/sii/t21sc03_112_10_0.html
2023-11,Transcend Information,2451,TWSE,創見,revenue,877974.0,TWD thousand,consolidated_IFRS,912945.0,898683.0,-3.83,-2.3,9596401.0,11324916.0,-15.26,,https://mopsov.twse.com.tw/nas/t21/sii/t21sc03_112_11_0.html
2023-12,Transcend Information,2451,TWSE,創見,revenue,899771.0,TWD thousand,consolidated_IFRS,877974.0,797434.0,2.48,12.83,10496172.0,12122350.0,-13.41,,https://mopsov.twse.com.tw/nas/t21/sii/t21sc03_112_12_0.html
2024-01,Transcend Information,2451,TWSE,創見,revenue,1045005.0,TWD thousand,consolidated_IFRS,899771.0,765562.0,16.14,36.5,1045005.0,765562.0,36.5,,https://mopsov.twse.com.tw/nas/t21/sii/t21sc03_113_1_0.html
2024-02,Transcend Information,2451,TWSE,創見,revenue,802693.0,TWD thousand,consolidated_IFRS,1045005.0,804016.0,-23.18,-0.16,1847698.0,1569579.0,17.71,,https://mopsov.twse.com.tw/nas/t21/sii/t21sc03_113_2_0.html
2024-03,Transcend Information,2451,TWSE,創見,revenue,884588.0,TWD thousand,consolidated_IFRS,802693.0,1039223.0,10.2,-14.87,2732286.0,2608801.0,4.73,,https://mopsov.twse.com.tw/nas/t21/sii/t21sc03_113_3_0.html
2024-04,Transcend Information,2451,TWSE,創見,revenue,849142.0,TWD thousand,consolidated_IFRS,884588.0,704162.0,-4.0,20.58,3581428.0,3312963.0,8.1,,https://mopsov.twse.com.tw/nas/t21/sii/t21sc03_113_4_0.html
2024-05,Transcend Information,2451,TWSE,創見,revenue,798531.0,TWD thousand,consolidated_IFRS,849142.0,846259.0,-5.96,-5.63,4379959.0,4159223.0,5.3,,https://mopsov.twse.com.tw/nas/t21/sii/t21sc03_113_5_0.html
2024-06,Transcend Information,2451,TWSE,創見,revenue,684277.0,TWD thousand,consolidated_IFRS,798531.0,919155.0,-14.3,-25.55,5064236.0,5078378.0,-0.27,,https://mopsov.twse.com.tw/nas/t21/sii/t21sc03_113_6_0.html
2024-07,Transcend Information,2451,TWSE,創見,revenue,788630.0,TWD thousand,consolidated_IFRS,684277.0,808006.0,15.25,-2.39,5852866.0,5886384.0,-0.56,,https://mopsov.twse.com.tw/nas/t21/sii/t21sc03_113_7_0.html
2024-08,Transcend Information,2451,TWSE,創見,revenue,908747.0,TWD thousand,consolidated_IFRS,788630.0,877679.0,15.23,3.53,6761613.0,6764063.0,-0.03,,https://mopsov.twse.com.tw/nas/t21/sii/t21sc03_113_8_0.html
2024-09,Transcend Information,2451,TWSE,創見,revenue,819543.0,TWD thousand,consolidated_IFRS,908747.0,1041420.0,-9.81,-21.3,7581156.0,7805483.0,-2.87,,https://mopsov.twse.com.tw/nas/t21/sii/t21sc03_113_9_0.html
2024-10,Transcend Information,2451,TWSE,創見,revenue,784582.0,TWD thousand,consolidated_IFRS,819543.0,912945.0,-4.26,-14.06,8365738.0,8718427.0,-4.04,,https://mopsov.twse.com.tw/nas/t21/sii/t21sc03_113_10_0.html
2024-11,Transcend Information,2451,TWSE,創見,revenue,823676.0,TWD thousand,consolidated_IFRS,784582.0,877974.0,4.98,-6.18,9189414.0,9596401.0,-4.24,,https://mopsov.twse.com.tw/nas/t21/sii/t21sc03_113_11_0.html
2024-12,Transcend Information,2451,TWSE,創見,revenue,894111.0,TWD thousand,consolidated_IFRS,823676.0,899771.0,8.55,-0.62,10083525.0,10496172.0,-3.93,,https://mopsov.twse.com.tw/nas/t21/sii/t21sc03_113_12_0.html
2025-01,Transcend Information,2451,TWSE,創見,revenue,880546.0,TWD thousand,consolidated_IFRS,894111.0,1045005.0,-1.51,-15.73,880546.0,1045005.0,-15.73,,https://mopsov.twse.com.tw/nas/t21/sii/t21sc03_114_1_0.html
2025-02,Transcend Information,2451,TWSE,創見,revenue,919591.0,TWD thousand,consolidated_IFRS,880546.0,802693.0,4.43,14.56,1800137.0,1847698.0,-2.57,,https://mopsov.twse.com.tw/nas/t21/sii/t21sc03_114_2_0.html
2025-03,Transcend Information,2451,TWSE,創見,revenue,1182715.0,TWD thousand,consolidated_IFRS,919591.0,884588.0,28.61,33.7,2982852.0,2732286.0,9.17,,https://mopsov.twse.com.tw/nas/t21/sii/t21sc03_114_3_0.html
2025-04,Transcend Information,2451,TWSE,創見,revenue,1072713.0,TWD thousand,consolidated_IFRS,1182715.0,849142.0,-9.3,26.32,4055565.0,3581428.0,13.23,,https://mopsov.twse.com.tw/nas/t21/sii/t21sc03_114_4_0.html
2025-05,Transcend Information,2451,TWSE,創見,revenue,1105232.0,TWD thousand,consolidated_IFRS,1072713.0,798531.0,3.03,38.4,5160797.0,4379959.0,17.82,,https://mopsov.twse.com.tw/nas/t21/sii/t21sc03_114_5_0.html
2025-06,Transcend Information,2451,TWSE,創見,revenue,1052487.0,TWD thousand,consolidated_IFRS,1105232.0,684277.0,-4.77,53.81,6213284.0,5064236.0,22.68,本月營收較去年同期增加主係市場價格上漲所致,https://mopsov.twse.com.tw/nas/t21/sii/t21sc03_114_6_0.html
2025-07,Transcend Information,2451,TWSE,創見,revenue,1274380.0,TWD thousand,consolidated_IFRS,1052487.0,788630.0,21.08,61.59,7487664.0,5852866.0,27.93,本月營收較去年同期增加主係市場價格上漲所致,https://mopsov.twse.com.tw/nas/t21/sii/t21sc03_114_7_0.html
2025-08,Transcend Information,2451,TWSE,創見,revenue,1288310.0,TWD thousand,consolidated_IFRS,1274380.0,908747.0,1.09,41.76,8775974.0,6761613.0,29.79,,https://mopsov.twse.com.tw/nas/t21/sii/t21sc03_114_8_0.html
2025-09,Transcend Information,2451,TWSE,創見,revenue,1545811.0,TWD thousand,consolidated_IFRS,1288310.0,819543.0,19.98,88.61,10321785.0,7581156.0,36.15,本月營收較去年同期增加主係市場價格上漲所致,https://mopsov.twse.com.tw/nas/t21/sii/t21sc03_114_9_0.html
2025-10,Transcend Information,2451,TWSE,創見,revenue,1723157.0,TWD thousand,consolidated_IFRS,1545811.0,784582.0,11.47,119.62,12044942.0,8365738.0,43.97,本月營收較去年同期增加主係市場價格上漲所致,https://mopsov.twse.com.tw/nas/t21/sii/t21sc03_114_10_0.html
2025-11,Transcend Information,2451,TWSE,創見,revenue,2022848.0,TWD thousand,consolidated_IFRS,1723157.0,823676.0,17.39,145.58,14067790.0,9189414.0,53.08,本月營收較去年同期增加主係市場價格上漲所致,https://mopsov.twse.com.tw/nas/t21/sii/t21sc03_114_11_0.html
2025-12,Transcend Information,2451,TWSE,創見,revenue,3057663.0,TWD thousand,consolidated_IFRS,2022848.0,894111.0,51.15,241.97,17125453.0,10083525.0,69.83,本月營收較去年同期增加主係市場價格上漲所致,https://mopsov.twse.com.tw/nas/t21/sii/t21sc03_114_12_0.html
2026-01,Transcend Information,2451,TWSE,創見,revenue,4760314.0,TWD thousand,consolidated_IFRS,3057663.0,880546.0,55.68,440.6,4760314.0,880546.0,440.6,本月營收較去年同期增加主係市場價格上漲所致,https://mopsov.twse.com.tw/nas/t21/sii/t21sc03_115_1_0.html
2026-02,Transcend Information,2451,TWSE,創見,revenue,3184337.0,TWD thousand,consolidated_IFRS,4760314.0,919591.0,-33.1,246.27,7944651.0,1800137.0,341.33,本月營收較去年同期增加主係市場價格上漲所致,https://mopsov.twse.com.tw/nas/t21/sii/t21sc03_115_2_0.html
2026-03,Transcend Information,2451,TWSE,創見,revenue,5683818.0,TWD thousand,consolidated_IFRS,3184337.0,1182715.0,78.49,380.57,13628469.0,2982852.0,356.89,本月營收較去年同期增加主係市場價格上漲所致,https://mopsov.twse.com.tw/nas/t21/sii/t21sc03_115_3_0.html
2026-04,Transcend Information,2451,TWSE,創見,revenue,7449251.0,TWD thousand,consolidated_IFRS,5683818.0,1072713.0,31.06,594.43,21077720.0,4055565.0,419.72,本月營收較去年同期增加主係市場價格上漲所致,https://mopsov.twse.com.tw/nas/t21/sii/t21sc03_115_4_0.html
2026-05,Transcend Information,2451,TWSE,創見,revenue,6297950.0,TWD thousand,consolidated_IFRS,7449251.0,1105232.0,-15.45,469.83,27375670.0,5160797.0,430.45,本月營收較去年同期增加主係市場價格上漲所致,https://mopsov.twse.com.tw/nas/t21/sii/t21sc03_115_5_0.html
2026-06,Transcend Information,2451,TWSE,創見,revenue,5068218.0,TWD thousand,consolidated_IFRS,6297950.0,1052487.0,-19.52,381.54,32443888.0,6213284.0,422.16,本月營收較去年同期增加主係市場價格上漲所致,https://mopsov.twse.com.tw/nas/t21/sii/t21sc03_115_6_0.html
2026-07,Transcend Information,2451,TWSE,創見,revenue,5195090.0,TWD thousand,consolidated_IFRS,5068218.0,1274380.0,2.5,307.65,37638978.0,7487664.0,402.67,本月營收較去年同期增加主係市場價格上漲所致,https://mopsov.twse.com.tw/nas/t21/sii/t21sc03_115_7_0.html
2026-08,Transcend Information,2451,TWSE,創見,revenue,4837166.0,TWD thousand,consolidated_IFRS,5195090.0,1288310.0,-6.88,275.46,42476144.0,8775974.0,384.0,本月營收較去年同期增加主係市場價格上漲所致,https://mopsov.twse.com.tw/nas/t21/sii/t21sc03_115_8_0.html
2026-09,Transcend Information,2451,TWSE,創見,revenue,6035203.0,TWD thousand,consolidated_IFRS,4837166.0,1545811.0,24.76,290.42,48511347.0,10321785.0,369.98,本月營收較去年同期增加主係市場價格上漲所致,https://mopsov.twse.com.tw/nas/t21/sii/t21sc03_115_9_0.html
2010-01,ADATA Technology,3260,TPEx,威剛科技,revenue,3693760.0,TWD thousand,standalone_ROC_GAAP,4293506.0,1697167.0,-13.96,117.64,3693760.0,1697167.0,117.64,,https://mopsov.twse.com.tw/nas/t21/otc/t21sc03_99_1_0.html
2010-02,ADATA Technology,3260,TPEx,威剛科技,revenue,3197404.0,TWD thousand,standalone_ROC_GAAP,3693760.0,2124738.0,-13.43,50.48,6891164.0,3821905.0,80.3,,https://mopsov.twse.com.tw/nas/t21/otc/t21sc03_99_2_0.html
2010-03,ADATA Technology,3260,TPEx,威剛科技,revenue,4834505.0,TWD thousand,standalone_ROC_GAAP,3197404.0,1990367.0,51.2,142.89,11725669.0,5812272.0,101.73,,https://mopsov.twse.com.tw/nas/t21/otc/t21sc03_99_3_0.html
2010-04,ADATA Technology,3260,TPEx,威剛科技,revenue,3709158.0,TWD thousand,standalone_ROC_GAAP,4834505.0,2340756.0,-23.27,58.45,15434827.0,8153027.0,89.31,,https://mopsov.twse.com.tw/nas/t21/otc/t21sc03_99_4_0.html
2010-05,ADATA Technology,3260,TPEx,威剛科技,revenue,3250756.0,TWD thousand,standalone_ROC_GAAP,3709158.0,1650341.0,-12.35,96.97,18685582.0,9803368.0,90.6,,https://mopsov.twse.com.tw/nas/t21/otc/t21sc03_99_5_0.html
2010-06,ADATA Technology,3260,TPEx,威剛科技,revenue,3564357.0,TWD thousand,standalone_ROC_GAAP,3250756.0,2054441.0,9.64,73.49,22249939.0,11857809.0,87.63,,https://mopsov.twse.com.tw/nas/t21/otc/t21sc03_99_6_0.html
2010-07,ADATA Technology,3260,TPEx,威剛科技,revenue,3538383.0,TWD thousand,standalone_ROC_GAAP,3564357.0,2587923.0,-0.72,36.72,25788322.0,14445732.0,78.51,,https://mopsov.twse.com.tw/nas/t21/otc/t21sc03_99_7_0.html
2010-08,ADATA Technology,3260,TPEx,威剛科技,revenue,3390608.0,TWD thousand,standalone_ROC_GAAP,3538383.0,3175626.0,-4.17,6.76,29178930.0,17621358.0,65.58,,https://mopsov.twse.com.tw/nas/t21/otc/t21sc03_99_8_0.html
2010-09,ADATA Technology,3260,TPEx,威剛科技,revenue,3449990.0,TWD thousand,standalone_ROC_GAAP,3390608.0,4085015.0,1.75,-15.54,32628920.0,21706373.0,50.31,,https://mopsov.twse.com.tw/nas/t21/otc/t21sc03_99_9_0.html
2010-10,ADATA Technology,3260,TPEx,威剛科技,revenue,2859915.0,TWD thousand,standalone_ROC_GAAP,3449990.0,4365347.0,-17.1,-34.48,35488835.0,26071720.0,36.12,,https://mopsov.twse.com.tw/nas/t21/otc/t21sc03_99_10_0.html
2010-11,ADATA Technology,3260,TPEx,威剛科技,revenue,2694910.0,TWD thousand,standalone_ROC_GAAP,2859915.0,4478932.0,-5.76,-39.83,38183745.0,30550652.0,24.98,,https://mopsov.twse.com.tw/nas/t21/otc/t21sc03_99_11_0.html
2010-12,ADATA Technology,3260,TPEx,威剛科技,revenue,3073512.0,TWD thousand,standalone_ROC_GAAP,2694910.0,4293506.0,14.04,-28.41,41257257.0,34844158.0,18.4,,https://mopsov.twse.com.tw/nas/t21/otc/t21sc03_99_12_0.html
2011-01,ADATA Technology,3260,TPEx,威剛科技,revenue,2803805.0,TWD thousand,standalone_ROC_GAAP,3073512.0,3693760.0,-8.77,-24.09,2803805.0,3693760.0,-24.09,,https://mopsov.twse.com.tw/nas/t21/otc/t21sc03_100_1_0.html
2011-02,ADATA Technology,3260,TPEx,威剛科技,revenue,2056701.0,TWD thousand,standalone_ROC_GAAP,2803805.0,3197404.0,-26.64,-35.67,4860506.0,6891164.0,-29.46,,https://mopsov.twse.com.tw/nas/t21/otc/t21sc03_100_2_0.html
2011-03,ADATA Technology,3260,TPEx,威剛科技,revenue,3138478.0,TWD thousand,standalone_ROC_GAAP,2056701.0,4834505.0,52.59,-35.08,7998984.0,11725669.0,-31.78,,https://mopsov.twse.com.tw/nas/t21/otc/t21sc03_100_3_0.html
2011-04,ADATA Technology,3260,TPEx,威剛科技,revenue,2534637.0,TWD thousand,standalone_ROC_GAAP,3138478.0,3709158.0,-19.23,-31.66,10533621.0,15434827.0,-31.75,,https://mopsov.twse.com.tw/nas/t21/otc/t21sc03_100_4_0.html
2011-05,ADATA Technology,3260,TPEx,威剛科技,revenue,2348220.0,TWD thousand,standalone_ROC_GAAP,2534637.0,3250756.0,-7.35,-27.76,12881841.0,18685582.0,-31.05,,https://mopsov.twse.com.tw/nas/t21/otc/t21sc03_100_5_0.html
2011-06,ADATA Technology,3260,TPEx,威剛科技,revenue,1656601.0,TWD thousand,standalone_ROC_GAAP,2348220.0,3564357.0,-29.45,-53.52,14538442.0,22249939.0,-34.65,,https://mopsov.twse.com.tw/nas/t21/otc/t21sc03_100_6_0.html
2011-07,ADATA Technology,3260,TPEx,威剛科技,revenue,2145549.0,TWD thousand,standalone_ROC_GAAP,1656601.0,3538383.0,29.51,-39.36,16683991.0,25788322.0,-35.3,,https://mopsov.twse.com.tw/nas/t21/otc/t21sc03_100_7_0.html
2011-08,ADATA Technology,3260,TPEx,威剛科技,revenue,2466246.0,TWD thousand,standalone_ROC_GAAP,2145549.0,3390608.0,14.94,-27.26,19150237.0,29178930.0,-34.36,,https://mopsov.twse.com.tw/nas/t21/otc/t21sc03_100_8_0.html
2011-09,ADATA Technology,3260,TPEx,威剛科技,revenue,2613635.0,TWD thousand,standalone_ROC_GAAP,2466246.0,3449990.0,5.97,-24.24,21763872.0,32628920.0,-33.29,,https://mopsov.twse.com.tw/nas/t21/otc/t21sc03_100_9_0.html
2011-10,ADATA Technology,3260,TPEx,威剛科技,revenue,2639192.0,TWD thousand,standalone_ROC_GAAP,2613635.0,2859915.0,0.97,-7.71,24403065.0,35488835.0,-31.23,,https://mopsov.twse.com.tw/nas/t21/otc/t21sc03_100_10_0.html
2011-11,ADATA Technology,3260,TPEx,威剛科技,revenue,2744179.0,TWD thousand,standalone_ROC_GAAP,2639192.0,2694910.0,3.97,1.82,27147244.0,38183745.0,-28.9,,https://mopsov.twse.com.tw/nas/t21/otc/t21sc03_100_11_0.html
2011-12,ADATA Technology,3260,TPEx,威剛科技,revenue,2770886.0,TWD thousand,standalone_ROC_GAAP,2744179.0,3073512.0,0.97,-9.84,29918130.0,41257257.0,-27.48,,https://mopsov.twse.com.tw/nas/t21/otc/t21sc03_100_12_0.html
2012-01,ADATA Technology,3260,TPEx,威剛科技,revenue,2112779.0,TWD thousand,standalone_ROC_GAAP,2770886.0,2803805.0,-23.75,-24.64,2112779.0,2803805.0,-24.64,,https://mopsov.twse.com.tw/nas/t21/otc/t21sc03_101_1_0.html
2012-02,ADATA Technology,3260,TPEx,威剛科技,revenue,2445724.0,TWD thousand,standalone_ROC_GAAP,2112779.0,2056701.0,15.75,18.91,4558504.0,4860506.0,-6.21,,https://mopsov.twse.com.tw/nas/t21/otc/t21sc03_101_2_0.html
2012-03,ADATA Technology,3260,TPEx,威剛科技,revenue,2659375.0,TWD thousand,standalone_ROC_GAAP,2445724.0,3138478.0,8.73,-15.26,7217879.0,7998984.0,-9.76,,https://mopsov.twse.com.tw/nas/t21/otc/t21sc03_101_3_0.html
2012-04,ADATA Technology,3260,TPEx,威剛科技,revenue,2226046.0,TWD thousand,standalone_ROC_GAAP,2659375.0,2534637.0,-16.29,-12.17,9443924.0,10533621.0,-10.34,,https://mopsov.twse.com.tw/nas/t21/otc/t21sc03_101_4_0.html
2012-05,ADATA Technology,3260,TPEx,威剛科技,revenue,2342363.0,TWD thousand,standalone_ROC_GAAP,2226046.0,2348220.0,5.22,-0.24,11786287.0,12881841.0,-8.5,,https://mopsov.twse.com.tw/nas/t21/otc/t21sc03_101_5_0.html
2012-06,ADATA Technology,3260,TPEx,威剛科技,revenue,2276683.0,TWD thousand,standalone_ROC_GAAP,2342363.0,1656601.0,-2.8,37.43,14062971.0,14538442.0,-3.27,,https://mopsov.twse.com.tw/nas/t21/otc/t21sc03_101_6_0.html
2012-07,ADATA Technology,3260,TPEx,威剛科技,revenue,2470270.0,TWD thousand,standalone_ROC_GAAP,2276683.0,2145549.0,8.5,15.13,16533241.0,16683991.0,-0.9,,https://mopsov.twse.com.tw/nas/t21/otc/t21sc03_101_7_0.html
2012-08,ADATA Technology,3260,TPEx,威剛科技,revenue,2100972.0,TWD thousand,standalone_ROC_GAAP,2470270.0,2466246.0,-14.94,-14.81,18634213.0,19150237.0,-2.69,,https://mopsov.twse.com.tw/nas/t21/otc/t21sc03_101_8_0.html
2012-09,ADATA Technology,3260,TPEx,威剛科技,revenue,2368099.0,TWD thousand,standalone_ROC_GAAP,2100972.0,2613635.0,12.71,-9.39,21002312.0,21763872.0,-3.49,,https://mopsov.twse.com.tw/nas/t21/otc/t21sc03_101_9_0.html
2012-10,ADATA Technology,3260,TPEx,威剛科技,revenue,2271516.0,TWD thousand,standalone_ROC_GAAP,2368099.0,2639192.0,-4.07,-13.93,23273828.0,24403065.0,-4.62,,https://mopsov.twse.com.tw/nas/t21/otc/t21sc03_101_10_0.html
2012-11,ADATA Technology,3260,TPEx,威剛科技,revenue,2189304.0,TWD thousand,standalone_ROC_GAAP,2271516.0,2744179.0,-3.61,-20.22,25463132.0,27147244.0,-6.2,,https://mopsov.twse.com.tw/nas/t21/otc/t21sc03_101_11_0.html
2012-12,ADATA Technology,3260,TPEx,威剛科技,revenue,2512303.0,TWD thousand,standalone_ROC_GAAP,2189304.0,2770886.0,14.75,-9.33,27975435.0,29918130.0,-6.49,,https://mopsov.twse.com.tw/nas/t21/otc/t21sc03_101_12_0.html
2013-01,ADATA Technology,3260,TPEx,威剛,revenue,2649499.0,TWD thousand,consolidated_IFRS,,1991055.0,,33.07,2649499.0,1991055.0,33.07,,https://mopsov.twse.com.tw/nas/t21/otc/t21sc03_102_1_0.html
2013-02,ADATA Technology,3260,TPEx,威剛,revenue,1687222.0,TWD thousand,consolidated_IFRS,2649499.0,2432772.0,-36.31,-30.64,4336721.0,4423827.0,-1.96,,https://mopsov.twse.com.tw/nas/t21/otc/t21sc03_102_2_0.html
2013-03,ADATA Technology,3260,TPEx,威剛,revenue,3304264.0,TWD thousand,consolidated_IFRS,1687222.0,2652594.0,95.84,24.56,7640985.0,7076421.0,7.97,,https://mopsov.twse.com.tw/nas/t21/otc/t21sc03_102_3_0.html
2013-04,ADATA Technology,3260,TPEx,威剛,revenue,2259065.0,TWD thousand,consolidated_IFRS,3304264.0,2369710.0,-31.63,-4.66,9900050.0,9446131.0,4.8,,https://mopsov.twse.com.tw/nas/t21/otc/t21sc03_102_4_0.html
2013-05,ADATA Technology,3260,TPEx,威剛,revenue,3547559.0,TWD thousand,consolidated_IFRS,2259065.0,2173934.0,57.03,63.18,13447609.0,11620065.0,15.72,,https://mopsov.twse.com.tw/nas/t21/otc/t21sc03_102_5_0.html
2013-06,ADATA Technology,3260,TPEx,威剛,revenue,3308154.0,TWD thousand,consolidated_IFRS,3547559.0,2275573.0,-6.74,45.37,16755763.0,13895638.0,20.58,,https://mopsov.twse.com.tw/nas/t21/otc/t21sc03_102_6_0.html
2013-07,ADATA Technology,3260,TPEx,威剛,revenue,2877457.0,TWD thousand,consolidated_IFRS,3308154.0,2534005.0,-13.01,13.55,19633220.0,16429643.0,19.49,,https://mopsov.twse.com.tw/nas/t21/otc/t21sc03_102_7_0.html
2013-08,ADATA Technology,3260,TPEx,威剛,revenue,2671449.0,TWD thousand,consolidated_IFRS,2877457.0,2196023.0,-7.15,21.64,22304669.0,18625667.0,19.75,,https://mopsov.twse.com.tw/nas/t21/otc/t21sc03_102_8_0.html
2013-09,ADATA Technology,3260,TPEx,威剛,revenue,2726703.0,TWD thousand,consolidated_IFRS,2671449.0,2374058.0,2.06,14.85,25031372.0,20999725.0,19.19,,https://mopsov.twse.com.tw/nas/t21/otc/t21sc03_102_9_0.html
2013-10,ADATA Technology,3260,TPEx,威剛,revenue,2998270.0,TWD thousand,consolidated_IFRS,2726703.0,2336097.0,9.95,28.34,28029642.0,23335822.0,20.11,,https://mopsov.twse.com.tw/nas/t21/otc/t21sc03_102_10_0.html
2013-11,ADATA Technology,3260,TPEx,威剛,revenue,2602212.0,TWD thousand,consolidated_IFRS,2998270.0,2249838.0,-13.2,15.66,30631854.0,25585660.0,19.72,,https://mopsov.twse.com.tw/nas/t21/otc/t21sc03_102_11_0.html
2013-12,ADATA Technology,3260,TPEx,威剛,revenue,2892715.0,TWD thousand,consolidated_IFRS,2602212.0,2612924.0,11.16,10.7,33524569.0,28198584.0,18.88,,https://mopsov.twse.com.tw/nas/t21/otc/t21sc03_102_12_0.html
2014-01,ADATA Technology,3260,TPEx,威剛,revenue,2775049.0,TWD thousand,consolidated_IFRS,2892715.0,2649499.0,-4.06,4.73,2775049.0,2649499.0,4.73,,https://mopsov.twse.com.tw/nas/t21/otc/t21sc03_103_1_0.html
2014-02,ADATA Technology,3260,TPEx,威剛,revenue,2076947.0,TWD thousand,consolidated_IFRS,2775049.0,1687222.0,-25.15,23.09,4851995.0,4336721.0,11.88,,https://mopsov.twse.com.tw/nas/t21/otc/t21sc03_103_2_0.html
2014-03,ADATA Technology,3260,TPEx,威剛,revenue,2380965.0,TWD thousand,consolidated_IFRS,2076947.0,3304264.0,14.63,-27.94,7232960.0,7640985.0,-5.33,,https://mopsov.twse.com.tw/nas/t21/otc/t21sc03_103_3_0.html
2014-04,ADATA Technology,3260,TPEx,威剛,revenue,2513447.0,TWD thousand,consolidated_IFRS,2380965.0,2259065.0,5.56,11.26,9746407.0,9900050.0,-1.55,,https://mopsov.twse.com.tw/nas/t21/otc/t21sc03_103_4_0.html
2014-05,ADATA Technology,3260,TPEx,威剛,revenue,2412496.0,TWD thousand,consolidated_IFRS,2513447.0,3547559.0,-4.01,-31.99,12158904.0,13447609.0,-9.58,,https://mopsov.twse.com.tw/nas/t21/otc/t21sc03_103_5_0.html
2014-06,ADATA Technology,3260,TPEx,威剛,revenue,2647245.0,TWD thousand,consolidated_IFRS,2412496.0,3308154.0,9.73,-19.97,14806149.0,16755763.0,-11.63,,https://mopsov.twse.com.tw/nas/t21/otc/t21sc03_103_6_0.html
2014-07,ADATA Technology,3260,TPEx,威剛,revenue,2666953.0,TWD thousand,consolidated_IFRS,2647245.0,2877457.0,0.74,-7.31,17473102.0,19633220.0,-11.0,,https://mopsov.twse.com.tw/nas/t21/otc/t21sc03_103_7_0.html
2014-08,ADATA Technology,3260,TPEx,威剛,revenue,2326065.0,TWD thousand,consolidated_IFRS,2666953.0,2671449.0,-12.78,-12.92,19799167.0,22304669.0,-11.23,,https://mopsov.twse.com.tw/nas/t21/otc/t21sc03_103_8_0.html
2014-09,ADATA Technology,3260,TPEx,威剛,revenue,2447773.0,TWD thousand,consolidated_IFRS,2326065.0,2726703.0,5.23,-10.22,22246940.0,25031372.0,-11.12,,https://mopsov.twse.com.tw/nas/t21/otc/t21sc03_103_9_0.html
2014-10,ADATA Technology,3260,TPEx,威剛,revenue,2273445.0,TWD thousand,consolidated_IFRS,2447773.0,2998270.0,-7.12,-24.17,24520385.0,28029642.0,-12.51,,https://mopsov.twse.com.tw/nas/t21/otc/t21sc03_103_10_0.html
2014-11,ADATA Technology,3260,TPEx,威剛,revenue,2200341.0,TWD thousand,consolidated_IFRS,2273445.0,2602212.0,-3.21,-15.44,26720726.0,30631854.0,-12.76,,https://mopsov.twse.com.tw/nas/t21/otc/t21sc03_103_11_0.html
2014-12,ADATA Technology,3260,TPEx,威剛,revenue,2374408.0,TWD thousand,consolidated_IFRS,2200341.0,2892715.0,7.91,-17.91,29095135.0,33524569.0,-13.21,,https://mopsov.twse.com.tw/nas/t21/otc/t21sc03_103_12_0.html
2015-01,ADATA Technology,3260,TPEx,威剛,revenue,2006109.0,TWD thousand,consolidated_IFRS,2374408.0,2775049.0,-15.51,-27.7,2006109.0,2775049.0,-27.7,,https://mopsov.twse.com.tw/nas/t21/otc/t21sc03_104_1_0.html
2015-02,ADATA Technology,3260,TPEx,威剛,revenue,1373477.0,TWD thousand,consolidated_IFRS,2006109.0,2076947.0,-31.53,-33.87,3379586.0,4851995.0,-30.34,,https://mopsov.twse.com.tw/nas/t21/otc/t21sc03_104_2_0.html
2015-03,ADATA Technology,3260,TPEx,威剛,revenue,2072484.0,TWD thousand,consolidated_IFRS,1373477.0,2380965.0,50.89,-12.95,5452070.0,7232960.0,-24.62,,https://mopsov.twse.com.tw/nas/t21/otc/t21sc03_104_3_0.html
2015-04,ADATA Technology,3260,TPEx,威剛,revenue,1715400.0,TWD thousand,consolidated_IFRS,2072484.0,2513447.0,-17.22,-31.75,7167471.0,9746407.0,-26.46,,https://mopsov.twse.com.tw/nas/t21/otc/t21sc03_104_4_0.html
2015-05,ADATA Technology,3260,TPEx,威剛,revenue,1454436.0,TWD thousand,consolidated_IFRS,1715400.0,2412496.0,-15.21,-39.71,8621907.0,12158904.0,-29.08,,https://mopsov.twse.com.tw/nas/t21/otc/t21sc03_104_5_0.html
2015-06,ADATA Technology,3260,TPEx,威剛,revenue,1496313.0,TWD thousand,consolidated_IFRS,1454436.0,2647245.0,2.87,-43.47,10118221.0,14806149.0,-31.66,,https://mopsov.twse.com.tw/nas/t21/otc/t21sc03_104_6_0.html
2015-07,ADATA Technology,3260,TPEx,威剛,revenue,1554027.0,TWD thousand,consolidated_IFRS,1496313.0,2666953.0,3.85,-41.73,11672248.0,17473102.0,-33.19,,https://mopsov.twse.com.tw/nas/t21/otc/t21sc03_104_7_0.html
2015-08,ADATA Technology,3260,TPEx,威剛,revenue,1661338.0,TWD thousand,consolidated_IFRS,1554027.0,2326065.0,6.9,-28.57,13333586.0,19799167.0,-32.65,,https://mopsov.twse.com.tw/nas/t21/otc/t21sc03_104_8_0.html
2015-09,ADATA Technology,3260,TPEx,威剛,revenue,1642522.0,TWD thousand,consolidated_IFRS,1661338.0,2447773.0,-1.13,-32.89,14976108.0,22246940.0,-32.68,,https://mopsov.twse.com.tw/nas/t21/otc/t21sc03_104_9_0.html
2015-10,ADATA Technology,3260,TPEx,威剛,revenue,1672344.0,TWD thousand,consolidated_IFRS,1642522.0,2273445.0,1.81,-26.44,16648452.0,24520385.0,-32.1,,https://mopsov.twse.com.tw/nas/t21/otc/t21sc03_104_10_0.html
2015-11,ADATA Technology,3260,TPEx,威剛,revenue,1714549.0,TWD thousand,consolidated_IFRS,1672344.0,2200341.0,2.52,-22.07,18363001.0,26720726.0,-31.27,,https://mopsov.twse.com.tw/nas/t21/otc/t21sc03_104_11_0.html
2015-12,ADATA Technology,3260,TPEx,威剛,revenue,1829142.0,TWD thousand,consolidated_IFRS,1714549.0,2374408.0,6.68,-22.96,20192143.0,29095135.0,-30.59,,https://mopsov.twse.com.tw/nas/t21/otc/t21sc03_104_12_0.html
2016-01,ADATA Technology,3260,TPEx,威剛,revenue,1824713.0,TWD thousand,consolidated_IFRS,1829142.0,2006109.0,-0.24,-9.04,1824713.0,2006109.0,-9.04,,https://mopsov.twse.com.tw/nas/t21/otc/t21sc03_105_1_0.html
2016-02,ADATA Technology,3260,TPEx,威剛,revenue,1337023.0,TWD thousand,consolidated_IFRS,1824713.0,1373477.0,-26.72,-2.65,3161736.0,3379586.0,-6.44,,https://mopsov.twse.com.tw/nas/t21/otc/t21sc03_105_2_0.html
2016-03,ADATA Technology,3260,TPEx,威剛,revenue,1719953.0,TWD thousand,consolidated_IFRS,1337023.0,2072484.0,28.64,-17.01,4881689.0,5452070.0,-10.46,,https://mopsov.twse.com.tw/nas/t21/otc/t21sc03_105_3_0.html
2016-04,ADATA Technology,3260,TPEx,威剛,revenue,1641817.0,TWD thousand,consolidated_IFRS,1719953.0,1715400.0,-4.54,-4.28,6523506.0,7167471.0,-8.98,,https://mopsov.twse.com.tw/nas/t21/otc/t21sc03_105_4_0.html
2016-05,ADATA Technology,3260,TPEx,威剛,revenue,1533548.0,TWD thousand,consolidated_IFRS,1641817.0,1454436.0,-6.59,5.43,8057054.0,8621907.0,-6.55,,https://mopsov.twse.com.tw/nas/t21/otc/t21sc03_105_5_0.html
2016-06,ADATA Technology,3260,TPEx,威剛,revenue,1880533.0,TWD thousand,consolidated_IFRS,1533548.0,1496313.0,22.62,25.67,9937587.0,10118221.0,-1.78,,https://mopsov.twse.com.tw/nas/t21/otc/t21sc03_105_6_0.html
2016-07,ADATA Technology,3260,TPEx,威剛,revenue,1804411.0,TWD thousand,consolidated_IFRS,1880533.0,1554027.0,-4.04,16.11,11741998.0,11672248.0,0.59,,https://mopsov.twse.com.tw/nas/t21/otc/t21sc03_105_7_0.html
2016-08,ADATA Technology,3260,TPEx,威剛,revenue,1879872.0,TWD thousand,consolidated_IFRS,1804411.0,1661338.0,4.18,13.15,13621870.0,13333586.0,2.16,,https://mopsov.twse.com.tw/nas/t21/otc/t21sc03_105_8_0.html
2016-09,ADATA Technology,3260,TPEx,威剛,revenue,2176641.0,TWD thousand,consolidated_IFRS,1879872.0,1642522.0,15.78,32.51,15798511.0,14976108.0,5.49,,https://mopsov.twse.com.tw/nas/t21/otc/t21sc03_105_9_0.html
2016-10,ADATA Technology,3260,TPEx,威剛,revenue,2588323.0,TWD thousand,consolidated_IFRS,2176641.0,1672344.0,18.91,54.77,18386834.0,16648452.0,10.44,受惠於DRAM及NAND Flash價格走揚，客戶需求大量回籠，配合供貨商支持，推升10月合併營收創近27個月新高。,https://mopsov.twse.com.tw/nas/t21/otc/t21sc03_105_10_0.html
2016-11,ADATA Technology,3260,TPEx,威剛,revenue,2564920.0,TWD thousand,consolidated_IFRS,2588323.0,1714549.0,-0.9,49.59,20951754.0,18363001.0,14.09,,https://mopsov.twse.com.tw/nas/t21/otc/t21sc03_105_11_0.html
2016-12,ADATA Technology,3260,TPEx,威剛,revenue,2265123.0,TWD thousand,consolidated_IFRS,2564920.0,1829142.0,-11.68,23.83,23216877.0,20192143.0,14.97,,https://mopsov.twse.com.tw/nas/t21/otc/t21sc03_105_12_0.html
2017-01,ADATA Technology,3260,TPEx,威剛,revenue,2508058.0,TWD thousand,consolidated_IFRS,2265123.0,1824713.0,10.72,37.44,2508058.0,1824713.0,37.44,,https://mopsov.twse.com.tw/nas/t21/otc/t21sc03_106_1_0.html
2017-02,ADATA Technology,3260,TPEx,威剛,revenue,2701151.0,TWD thousand,consolidated_IFRS,2508058.0,1337023.0,7.69,102.02,5209209.0,3161736.0,64.75,受惠於DRAM及NAND Flash價格走揚，客戶需求大量回籠，配合供貨商支持，推升2月合併營收創近3年新高。,https://mopsov.twse.com.tw/nas/t21/otc/t21sc03_106_2_0.html
2017-03,ADATA Technology,3260,TPEx,威剛,revenue,2794248.0,TWD thousand,consolidated_IFRS,2701151.0,1719953.0,3.44,62.46,8003457.0,4881689.0,63.94,受惠於DRAM及NAND Flash價格走揚，客戶需求大量回籠，配合供貨商支持，推升3月合併營收創40個月新高。,https://mopsov.twse.com.tw/nas/t21/otc/t21sc03_106_3_0.html
2017-04,ADATA Technology,3260,TPEx,威剛,revenue,2533029.0,TWD thousand,consolidated_IFRS,2794248.0,1641817.0,-9.34,54.28,10536486.0,6523506.0,61.51,DRAM及NAND Flash合約價在第二季仍呈穩步向上的態勢。,https://mopsov.twse.com.tw/nas/t21/otc/t21sc03_106_4_0.html
2017-05,ADATA Technology,3260,TPEx,威剛,revenue,2546374.0,TWD thousand,consolidated_IFRS,2533029.0,1533548.0,0.52,66.04,13082860.0,8057054.0,62.37,DRAM及NAND Flash價格較去年同期大幅成長。,https://mopsov.twse.com.tw/nas/t21/otc/t21sc03_106_5_0.html
2017-06,ADATA Technology,3260,TPEx,威剛,revenue,2754348.0,TWD thousand,consolidated_IFRS,2546374.0,1880533.0,8.16,46.46,15837208.0,9937587.0,59.36,DRAM及NAND Flash需求成長,https://mopsov.twse.com.tw/nas/t21/otc/t21sc03_106_6_0.html
2017-07,ADATA Technology,3260,TPEx,威剛,revenue,2624333.0,TWD thousand,consolidated_IFRS,2754348.0,1804411.0,-4.72,45.43,18461541.0,11741998.0,57.22,DRAM及NAND Flash價格較去年同期大幅上揚,https://mopsov.twse.com.tw/nas/t21/otc/t21sc03_106_7_0.html
2017-08,ADATA Technology,3260,TPEx,威剛,revenue,2609255.0,TWD thousand,consolidated_IFRS,2624333.0,1879872.0,-0.57,38.79,21070796.0,13621870.0,54.68,DRAM及NAND Flash價格較去年同期大幅上揚,https://mopsov.twse.com.tw/nas/t21/otc/t21sc03_106_8_0.html
2017-09,ADATA Technology,3260,TPEx,威剛,revenue,2926134.0,TWD thousand,consolidated_IFRS,2609255.0,2176641.0,12.14,34.43,23996930.0,15798511.0,51.89,DRAM及NAND Flash價格較去年同期大幅上揚,https://mopsov.twse.com.tw/nas/t21/otc/t21sc03_106_9_0.html
2017-10,ADATA Technology,3260,TPEx,威剛,revenue,2733366.0,TWD thousand,consolidated_IFRS,2926134.0,2588323.0,-6.58,5.6,26730296.0,18386834.0,45.37,,https://mopsov.twse.com.tw/nas/t21/otc/t21sc03_106_10_0.html
2017-11,ADATA Technology,3260,TPEx,威剛,revenue,2943164.0,TWD thousand,consolidated_IFRS,2733366.0,2564920.0,7.67,14.74,29673460.0,20951754.0,41.62,,https://mopsov.twse.com.tw/nas/t21/otc/t21sc03_106_11_0.html
2017-12,ADATA Technology,3260,TPEx,威剛,revenue,2551619.0,TWD thousand,consolidated_IFRS,2943164.0,2265123.0,-13.3,12.64,32225079.0,23216877.0,38.8,,https://mopsov.twse.com.tw/nas/t21/otc/t21sc03_106_12_0.html
2018-01,ADATA Technology,3260,TPEx,威剛,revenue,2641143.0,TWD thousand,consolidated_IFRS,2551619.0,2508058.0,3.5,5.3,2641143.0,2508058.0,5.3,,https://mopsov.twse.com.tw/nas/t21/otc/t21sc03_107_1_0.html
2018-02,ADATA Technology,3260,TPEx,威剛,revenue,2060728.0,TWD thousand,consolidated_IFRS,2641143.0,2701151.0,-21.97,-23.7,4701871.0,5209209.0,-9.73,,https://mopsov.twse.com.tw/nas/t21/otc/t21sc03_107_2_0.html
2018-03,ADATA Technology,3260,TPEx,威剛,revenue,3253442.0,TWD thousand,consolidated_IFRS,2060728.0,2794248.0,57.87,16.43,7955313.0,8003457.0,-0.6,,https://mopsov.twse.com.tw/nas/t21/otc/t21sc03_107_3_0.html
2018-04,ADATA Technology,3260,TPEx,威剛,revenue,2460872.0,TWD thousand,consolidated_IFRS,3253442.0,2533029.0,-24.36,-2.84,10416185.0,10536486.0,-1.14,,https://mopsov.twse.com.tw/nas/t21/otc/t21sc03_107_4_0.html
2018-05,ADATA Technology,3260,TPEx,威剛,revenue,2962616.0,TWD thousand,consolidated_IFRS,2460872.0,2546374.0,20.38,16.34,13378801.0,13082860.0,2.26,,https://mopsov.twse.com.tw/nas/t21/otc/t21sc03_107_5_0.html
2018-06,ADATA Technology,3260,TPEx,威剛,revenue,2513848.0,TWD thousand,consolidated_IFRS,2962616.0,2754348.0,-15.14,-8.73,15892649.0,15837208.0,0.35,,https://mopsov.twse.com.tw/nas/t21/otc/t21sc03_107_6_0.html
2018-07,ADATA Technology,3260,TPEx,威剛,revenue,2727747.0,TWD thousand,consolidated_IFRS,2513848.0,2624333.0,8.5,3.94,18620396.0,18461541.0,0.86,,https://mopsov.twse.com.tw/nas/t21/otc/t21sc03_107_7_0.html
2018-08,ADATA Technology,3260,TPEx,威剛,revenue,3381134.0,TWD thousand,consolidated_IFRS,2727747.0,2609255.0,23.95,29.58,22001530.0,21070796.0,4.41,,https://mopsov.twse.com.tw/nas/t21/otc/t21sc03_107_8_0.html
2018-09,ADATA Technology,3260,TPEx,威剛,revenue,2636980.0,TWD thousand,consolidated_IFRS,3381134.0,2926134.0,-22.0,-9.88,24638510.0,23996930.0,2.67,,https://mopsov.twse.com.tw/nas/t21/otc/t21sc03_107_9_0.html
2018-10,ADATA Technology,3260,TPEx,威剛,revenue,2395705.0,TWD thousand,consolidated_IFRS,2636980.0,2733366.0,-9.14,-12.35,27034215.0,26730296.0,1.13,,https://mopsov.twse.com.tw/nas/t21/otc/t21sc03_107_10_0.html
2018-11,ADATA Technology,3260,TPEx,威剛,revenue,2329455.0,TWD thousand,consolidated_IFRS,2395705.0,2943164.0,-2.76,-20.85,29363670.0,29673460.0,-1.04,,https://mopsov.twse.com.tw/nas/t21/otc/t21sc03_107_11_0.html
2018-12,ADATA Technology,3260,TPEx,威剛,revenue,2084213.0,TWD thousand,consolidated_IFRS,2329455.0,2551619.0,-10.52,-18.31,31447883.0,32225079.0,-2.41,,https://mopsov.twse.com.tw/nas/t21/otc/t21sc03_107_12_0.html
2019-01,ADATA Technology,3260,TPEx,威剛,revenue,2103388.0,TWD thousand,consolidated_IFRS,2084213.0,2651945.0,0.92,-20.68,2103388.0,2651945.0,-20.68,,https://mopsov.twse.com.tw/nas/t21/otc/t21sc03_108_1_0.html
2019-02,ADATA Technology,3260,TPEx,威剛,revenue,2049729.0,TWD thousand,consolidated_IFRS,2103388.0,2079384.0,-2.55,-1.42,4153117.0,4731329.0,-12.22,,https://mopsov.twse.com.tw/nas/t21/otc/t21sc03_108_2_0.html
2019-03,ADATA Technology,3260,TPEx,威剛,revenue,2277122.0,TWD thousand,consolidated_IFRS,2049729.0,3275801.0,11.09,-30.48,6430239.0,8007130.0,-19.69,,https://mopsov.twse.com.tw/nas/t21/otc/t21sc03_108_3_0.html
2019-04,ADATA Technology,3260,TPEx,威剛,revenue,1838105.0,TWD thousand,consolidated_IFRS,2277122.0,2475416.0,-19.27,-25.74,8268344.0,10482546.0,-21.12,,https://mopsov.twse.com.tw/nas/t21/otc/t21sc03_108_4_0.html
2019-05,ADATA Technology,3260,TPEx,威剛,revenue,1808415.0,TWD thousand,consolidated_IFRS,1838105.0,2979326.0,-1.61,-39.3,10076759.0,13461872.0,-25.14,,https://mopsov.twse.com.tw/nas/t21/otc/t21sc03_108_5_0.html
2019-06,ADATA Technology,3260,TPEx,威剛,revenue,1942037.0,TWD thousand,consolidated_IFRS,1808415.0,2530903.0,7.38,-23.26,12018796.0,15992775.0,-24.84,,https://mopsov.twse.com.tw/nas/t21/otc/t21sc03_108_6_0.html
2019-07,ADATA Technology,3260,TPEx,威剛,revenue,2042974.0,TWD thousand,consolidated_IFRS,1942037.0,2743430.0,5.19,-25.53,14061770.0,18736205.0,-24.94,,https://mopsov.twse.com.tw/nas/t21/otc/t21sc03_108_7_0.html
2019-08,ADATA Technology,3260,TPEx,威剛,revenue,2335710.0,TWD thousand,consolidated_IFRS,2042974.0,3392383.0,14.32,-31.14,16397480.0,22128588.0,-25.89,,https://mopsov.twse.com.tw/nas/t21/otc/t21sc03_108_8_0.html
2019-09,ADATA Technology,3260,TPEx,威剛,revenue,2096549.0,TWD thousand,consolidated_IFRS,2335710.0,2644742.0,-10.23,-20.72,18494029.0,24773330.0,-25.34,,https://mopsov.twse.com.tw/nas/t21/otc/t21sc03_108_9_0.html
2019-10,ADATA Technology,3260,TPEx,威剛,revenue,2134226.0,TWD thousand,consolidated_IFRS,2096549.0,2414413.0,1.79,-11.6,20628255.0,27187743.0,-24.12,,https://mopsov.twse.com.tw/nas/t21/otc/t21sc03_108_10_0.html
2019-11,ADATA Technology,3260,TPEx,威剛,revenue,2530586.0,TWD thousand,consolidated_IFRS,2134226.0,2350834.0,18.57,7.64,23158841.0,29538577.0,-21.59,,https://mopsov.twse.com.tw/nas/t21/otc/t21sc03_108_11_0.html
2019-12,ADATA Technology,3260,TPEx,威剛,revenue,2388883.0,TWD thousand,consolidated_IFRS,2530586.0,2092491.0,-5.59,14.16,25547724.0,31631068.0,-19.23,,https://mopsov.twse.com.tw/nas/t21/otc/t21sc03_108_12_0.html
2020-01,ADATA Technology,3260,TPEx,威剛,revenue,1837565.0,TWD thousand,consolidated_IFRS,2388883.0,2103388.0,-23.07,-12.63,1837565.0,2103388.0,-12.63,,https://mopsov.twse.com.tw/nas/t21/otc/t21sc03_109_1_0.html
2020-02,ADATA Technology,3260,TPEx,威剛,revenue,2504606.0,TWD thousand,consolidated_IFRS,1837565.0,2049729.0,36.3,22.19,4342171.0,4153117.0,4.55,,https://mopsov.twse.com.tw/nas/t21/otc/t21sc03_109_2_0.html
2020-03,ADATA Technology,3260,TPEx,威剛,revenue,2895723.0,TWD thousand,consolidated_IFRS,2504606.0,2277122.0,15.61,27.16,7237894.0,6430239.0,12.56,,https://mopsov.twse.com.tw/nas/t21/otc/t21sc03_109_3_0.html
2020-04,ADATA Technology,3260,TPEx,威剛,revenue,2069869.0,TWD thousand,consolidated_IFRS,2895723.0,1838105.0,-28.51,12.6,9307763.0,8268344.0,12.57,,https://mopsov.twse.com.tw/nas/t21/otc/t21sc03_109_4_0.html
2020-05,ADATA Technology,3260,TPEx,威剛,revenue,2609194.0,TWD thousand,consolidated_IFRS,2069869.0,1808415.0,26.05,44.28,11916957.0,10076759.0,18.26,,https://mopsov.twse.com.tw/nas/t21/otc/t21sc03_109_5_0.html
2020-06,ADATA Technology,3260,TPEx,威剛,revenue,2752684.0,TWD thousand,consolidated_IFRS,2609194.0,1942037.0,5.49,41.74,14669641.0,12018796.0,22.05,,https://mopsov.twse.com.tw/nas/t21/otc/t21sc03_109_6_0.html
2020-07,ADATA Technology,3260,TPEx,威剛,revenue,2716153.0,TWD thousand,consolidated_IFRS,2752684.0,2062416.0,-1.32,31.69,17233349.0,14040931.0,22.73,,https://mopsov.twse.com.tw/nas/t21/otc/t21sc03_109_7_0.html
2020-08,ADATA Technology,3260,TPEx,威剛,revenue,2682004.0,TWD thousand,consolidated_IFRS,2716153.0,2335710.0,-1.25,14.82,20067798.0,16397480.0,22.38,,https://mopsov.twse.com.tw/nas/t21/otc/t21sc03_109_8_0.html
2020-09,ADATA Technology,3260,TPEx,威剛,revenue,3199880.0,TWD thousand,consolidated_IFRS,2682004.0,2096549.0,19.3,52.62,23267678.0,18494029.0,25.81,銷貨增加,https://mopsov.twse.com.tw/nas/t21/otc/t21sc03_109_9_0.html
2020-10,ADATA Technology,3260,TPEx,威剛,revenue,2890031.0,TWD thousand,consolidated_IFRS,3199880.0,2134226.0,-9.68,35.41,26157709.0,20628255.0,26.8,,https://mopsov.twse.com.tw/nas/t21/otc/t21sc03_109_10_0.html
2020-11,ADATA Technology,3260,TPEx,威剛,revenue,3122865.0,TWD thousand,consolidated_IFRS,2890031.0,2530586.0,8.05,23.4,29280574.0,23158841.0,26.43,,https://mopsov.twse.com.tw/nas/t21/otc/t21sc03_109_11_0.html
2020-12,ADATA Technology,3260,TPEx,威剛,revenue,2797217.0,TWD thousand,consolidated_IFRS,3122865.0,2388883.0,-10.42,17.09,32077791.0,25547724.0,25.56,,https://mopsov.twse.com.tw/nas/t21/otc/t21sc03_109_12_0.html
2021-01,ADATA Technology,3260,TPEx,威剛,revenue,2931065.0,TWD thousand,consolidated_IFRS,2797217.0,1837565.0,4.78,59.5,2931065.0,1837565.0,59.5,銷貨增加,https://mopsov.twse.com.tw/nas/t21/otc/t21sc03_110_1_0.html
2021-02,ADATA Technology,3260,TPEx,威剛,revenue,2811808.0,TWD thousand,consolidated_IFRS,2931065.0,2504606.0,-4.06,12.26,5742873.0,4342171.0,32.25,,https://mopsov.twse.com.tw/nas/t21/otc/t21sc03_110_2_0.html
2021-03,ADATA Technology,3260,TPEx,威剛,revenue,3353306.0,TWD thousand,consolidated_IFRS,2811808.0,2895723.0,19.25,15.8,9096179.0,7237894.0,25.67,,https://mopsov.twse.com.tw/nas/t21/otc/t21sc03_110_3_0.html
2021-04,ADATA Technology,3260,TPEx,威剛,revenue,3602398.0,TWD thousand,consolidated_IFRS,3353306.0,2069869.0,7.42,74.03,12698577.0,9307763.0,36.42,銷貨增加,https://mopsov.twse.com.tw/nas/t21/otc/t21sc03_110_4_0.html
2021-05,ADATA Technology,3260,TPEx,威剛,revenue,3633536.0,TWD thousand,consolidated_IFRS,3602398.0,2609194.0,0.86,39.25,16332113.0,11916957.0,37.04,,https://mopsov.twse.com.tw/nas/t21/otc/t21sc03_110_5_0.html
2021-06,ADATA Technology,3260,TPEx,威剛,revenue,3385332.0,TWD thousand,consolidated_IFRS,3633536.0,2752684.0,-6.83,22.98,19717445.0,14669641.0,34.4,,https://mopsov.twse.com.tw/nas/t21/otc/t21sc03_110_6_0.html
2021-07,ADATA Technology,3260,TPEx,威剛,revenue,3268176.0,TWD thousand,consolidated_IFRS,3385332.0,2716153.0,-3.46,20.32,22985621.0,17233349.0,33.37,,https://mopsov.twse.com.tw/nas/t21/otc/t21sc03_110_7_0.html
2021-08,ADATA Technology,3260,TPEx,威剛,revenue,3218308.0,TWD thousand,consolidated_IFRS,3268176.0,2682004.0,-1.52,19.99,26203929.0,20067798.0,30.57,,https://mopsov.twse.com.tw/nas/t21/otc/t21sc03_110_8_0.html
2021-09,ADATA Technology,3260,TPEx,威剛,revenue,3203073.0,TWD thousand,consolidated_IFRS,3218308.0,3199880.0,-0.47,0.09,29407002.0,23267678.0,26.38,,https://mopsov.twse.com.tw/nas/t21/otc/t21sc03_110_9_0.html
2021-10,ADATA Technology,3260,TPEx,威剛,revenue,3321791.0,TWD thousand,consolidated_IFRS,3203073.0,2890031.0,3.7,14.93,32728793.0,26157709.0,25.12,,https://mopsov.twse.com.tw/nas/t21/otc/t21sc03_110_10_0.html
2021-11,ADATA Technology,3260,TPEx,威剛,revenue,3576320.0,TWD thousand,consolidated_IFRS,3321791.0,3122865.0,7.66,14.52,36305113.0,29280574.0,23.99,,https://mopsov.twse.com.tw/nas/t21/otc/t21sc03_110_11_0.html
2021-12,ADATA Technology,3260,TPEx,威剛,revenue,3267121.0,TWD thousand,consolidated_IFRS,3576320.0,2797217.0,-8.64,16.79,39572234.0,32077791.0,23.36,,https://mopsov.twse.com.tw/nas/t21/otc/t21sc03_110_12_0.html
2022-01,ADATA Technology,3260,TPEx,威剛,revenue,3321006.0,TWD thousand,consolidated_IFRS,3267121.0,2931065.0,1.64,13.3,3321006.0,2931065.0,13.3,,https://mopsov.twse.com.tw/nas/t21/otc/t21sc03_111_1_0.html
2022-02,ADATA Technology,3260,TPEx,威剛,revenue,3185672.0,TWD thousand,consolidated_IFRS,3321006.0,2811808.0,-4.07,13.29,6506678.0,5742873.0,13.3,,https://mopsov.twse.com.tw/nas/t21/otc/t21sc03_111_2_0.html
2022-03,ADATA Technology,3260,TPEx,威剛,revenue,3254509.0,TWD thousand,consolidated_IFRS,3185672.0,3353306.0,2.16,-2.94,9761187.0,9096179.0,7.31,,https://mopsov.twse.com.tw/nas/t21/otc/t21sc03_111_3_0.html
2022-04,ADATA Technology,3260,TPEx,威剛,revenue,2906524.0,TWD thousand,consolidated_IFRS,3254509.0,3602398.0,-10.69,-19.31,12667711.0,12698577.0,-0.24,,https://mopsov.twse.com.tw/nas/t21/otc/t21sc03_111_4_0.html
2022-05,ADATA Technology,3260,TPEx,威剛,revenue,2805579.0,TWD thousand,consolidated_IFRS,2906524.0,3633536.0,-3.47,-22.78,15473290.0,16332113.0,-5.25,,https://mopsov.twse.com.tw/nas/t21/otc/t21sc03_111_5_0.html
2022-06,ADATA Technology,3260,TPEx,威剛,revenue,2999108.0,TWD thousand,consolidated_IFRS,2805579.0,3385332.0,6.89,-11.4,18472398.0,19717445.0,-6.31,,https://mopsov.twse.com.tw/nas/t21/otc/t21sc03_111_6_0.html
2022-07,ADATA Technology,3260,TPEx,威剛,revenue,2666567.0,TWD thousand,consolidated_IFRS,2999108.0,3268176.0,-11.08,-18.4,21138965.0,22985621.0,-8.03,,https://mopsov.twse.com.tw/nas/t21/otc/t21sc03_111_7_0.html
2022-08,ADATA Technology,3260,TPEx,威剛,revenue,3004961.0,TWD thousand,consolidated_IFRS,2666567.0,3218308.0,12.69,-6.62,24143926.0,26203929.0,-7.86,,https://mopsov.twse.com.tw/nas/t21/otc/t21sc03_111_8_0.html
2022-09,ADATA Technology,3260,TPEx,威剛,revenue,3215067.0,TWD thousand,consolidated_IFRS,3004961.0,3203073.0,6.99,0.37,27358993.0,29407002.0,-6.96,,https://mopsov.twse.com.tw/nas/t21/otc/t21sc03_111_9_0.html
2022-10,ADATA Technology,3260,TPEx,威剛,revenue,2715974.0,TWD thousand,consolidated_IFRS,3215067.0,3321791.0,-15.52,-18.23,30074967.0,32728793.0,-8.1,,https://mopsov.twse.com.tw/nas/t21/otc/t21sc03_111_10_0.html
2022-11,ADATA Technology,3260,TPEx,威剛,revenue,2621241.0,TWD thousand,consolidated_IFRS,2715974.0,3576320.0,-3.48,-26.7,32696208.0,36305113.0,-9.94,,https://mopsov.twse.com.tw/nas/t21/otc/t21sc03_111_11_0.html
2022-12,ADATA Technology,3260,TPEx,威剛,revenue,2355710.0,TWD thousand,consolidated_IFRS,2621241.0,3267121.0,-10.12,-27.89,35051918.0,39572234.0,-11.42,,https://mopsov.twse.com.tw/nas/t21/otc/t21sc03_111_12_0.html
2023-01,ADATA Technology,3260,TPEx,威剛,revenue,2177268.0,TWD thousand,consolidated_IFRS,2355710.0,3321006.0,-7.57,-34.43,2177268.0,3321006.0,-34.43,,https://mopsov.twse.com.tw/nas/t21/otc/t21sc03_112_1_0.html
2023-02,ADATA Technology,3260,TPEx,威剛,revenue,2493037.0,TWD thousand,consolidated_IFRS,2177268.0,3185672.0,14.5,-21.74,4670305.0,6506678.0,-28.22,,https://mopsov.twse.com.tw/nas/t21/otc/t21sc03_112_2_0.html
2023-03,ADATA Technology,3260,TPEx,威剛,revenue,2538810.0,TWD thousand,consolidated_IFRS,2493037.0,3254509.0,1.83,-21.99,7209115.0,9761187.0,-26.14,,https://mopsov.twse.com.tw/nas/t21/otc/t21sc03_112_3_0.html
2023-04,ADATA Technology,3260,TPEx,威剛,revenue,2128758.0,TWD thousand,consolidated_IFRS,2538810.0,2906524.0,-16.15,-26.75,9337873.0,12667711.0,-26.28,,https://mopsov.twse.com.tw/nas/t21/otc/t21sc03_112_4_0.html
2023-05,ADATA Technology,3260,TPEx,威剛,revenue,2453963.0,TWD thousand,consolidated_IFRS,2128758.0,2805579.0,15.27,-12.53,11791836.0,15473290.0,-23.79,,https://mopsov.twse.com.tw/nas/t21/otc/t21sc03_112_5_0.html
2023-06,ADATA Technology,3260,TPEx,威剛,revenue,2283238.0,TWD thousand,consolidated_IFRS,2453963.0,2999108.0,-6.95,-23.86,14075074.0,18472398.0,-23.8,,https://mopsov.twse.com.tw/nas/t21/otc/t21sc03_112_6_0.html
2023-07,ADATA Technology,3260,TPEx,威剛,revenue,2278446.0,TWD thousand,consolidated_IFRS,2283238.0,2666567.0,-0.2,-14.55,16353520.0,21138965.0,-22.63,,https://mopsov.twse.com.tw/nas/t21/otc/t21sc03_112_7_0.html
2023-08,ADATA Technology,3260,TPEx,威剛,revenue,2971146.0,TWD thousand,consolidated_IFRS,2278446.0,3004961.0,30.4,-1.12,19324666.0,24143926.0,-19.96,,https://mopsov.twse.com.tw/nas/t21/otc/t21sc03_112_8_0.html
2023-09,ADATA Technology,3260,TPEx,威剛,revenue,3342305.0,TWD thousand,consolidated_IFRS,2971146.0,3215067.0,12.49,3.95,22666971.0,27358993.0,-17.14,,https://mopsov.twse.com.tw/nas/t21/otc/t21sc03_112_9_0.html
2023-10,ADATA Technology,3260,TPEx,威剛,revenue,3791326.0,TWD thousand,consolidated_IFRS,3342305.0,2715974.0,13.43,39.59,26458297.0,30074967.0,-12.02,,https://mopsov.twse.com.tw/nas/t21/otc/t21sc03_112_10_0.html
2023-11,ADATA Technology,3260,TPEx,威剛,revenue,4094655.0,TWD thousand,consolidated_IFRS,3791326.0,2621241.0,8.0,56.21,30552952.0,32696208.0,-6.55,記憶體價格上漲,https://mopsov.twse.com.tw/nas/t21/otc/t21sc03_112_11_0.html
2023-12,ADATA Technology,3260,TPEx,威剛,revenue,3145330.0,TWD thousand,consolidated_IFRS,4094655.0,2355710.0,-23.18,33.51,33698282.0,35051918.0,-3.86,,https://mopsov.twse.com.tw/nas/t21/otc/t21sc03_112_12_0.html
2024-01,ADATA Technology,3260,TPEx,威剛,revenue,3565297.0,TWD thousand,consolidated_IFRS,3145330.0,2177268.0,13.35,63.75,3565297.0,2177268.0,63.75,記憶體價格上漲,https://mopsov.twse.com.tw/nas/t21/otc/t21sc03_113_1_0.html
2024-02,ADATA Technology,3260,TPEx,威剛,revenue,3340222.0,TWD thousand,consolidated_IFRS,3565297.0,2493037.0,-6.31,33.98,6905519.0,4670305.0,47.86,,https://mopsov.twse.com.tw/nas/t21/otc/t21sc03_113_2_0.html
2024-03,ADATA Technology,3260,TPEx,威剛,revenue,3975411.0,TWD thousand,consolidated_IFRS,3340222.0,2538810.0,19.01,56.58,10880930.0,7209115.0,50.93,記憶體價格上漲,https://mopsov.twse.com.tw/nas/t21/otc/t21sc03_113_3_0.html
2024-04,ADATA Technology,3260,TPEx,威剛,revenue,3847937.0,TWD thousand,consolidated_IFRS,3975411.0,2128758.0,-3.2,80.75,14728867.0,9337873.0,57.73,記憶體價格上漲,https://mopsov.twse.com.tw/nas/t21/otc/t21sc03_113_4_0.html
2024-05,ADATA Technology,3260,TPEx,威剛,revenue,3227273.0,TWD thousand,consolidated_IFRS,3847937.0,2453963.0,-16.12,31.51,17956140.0,11791836.0,52.27,記憶體價格上漲,https://mopsov.twse.com.tw/nas/t21/otc/t21sc03_113_5_0.html
2024-06,ADATA Technology,3260,TPEx,威剛,revenue,2953988.0,TWD thousand,consolidated_IFRS,3227273.0,2283238.0,-8.46,29.37,20910128.0,14075074.0,48.56,,https://mopsov.twse.com.tw/nas/t21/otc/t21sc03_113_6_0.html
2024-07,ADATA Technology,3260,TPEx,威剛,revenue,3053955.0,TWD thousand,consolidated_IFRS,2953988.0,2278446.0,3.38,34.03,23964083.0,16353520.0,46.53,,https://mopsov.twse.com.tw/nas/t21/otc/t21sc03_113_7_0.html
2024-08,ADATA Technology,3260,TPEx,威剛,revenue,3028522.0,TWD thousand,consolidated_IFRS,3053955.0,2971146.0,-0.83,1.93,26992605.0,19324666.0,39.67,,https://mopsov.twse.com.tw/nas/t21/otc/t21sc03_113_8_0.html
2024-09,ADATA Technology,3260,TPEx,威剛,revenue,3253591.0,TWD thousand,consolidated_IFRS,3028522.0,3342305.0,7.43,-2.65,30246196.0,22666971.0,33.43,,https://mopsov.twse.com.tw/nas/t21/otc/t21sc03_113_9_0.html
2024-10,ADATA Technology,3260,TPEx,威剛,revenue,3410086.0,TWD thousand,consolidated_IFRS,3253591.0,3791326.0,4.8,-10.05,33656282.0,26458297.0,27.2,,https://mopsov.twse.com.tw/nas/t21/otc/t21sc03_113_10_0.html
2024-11,ADATA Technology,3260,TPEx,威剛,revenue,3493652.0,TWD thousand,consolidated_IFRS,3410086.0,4094655.0,2.45,-14.67,37149934.0,30552952.0,21.59,,https://mopsov.twse.com.tw/nas/t21/otc/t21sc03_113_11_0.html
2024-12,ADATA Technology,3260,TPEx,威剛,revenue,2887393.0,TWD thousand,consolidated_IFRS,3493652.0,3145330.0,-17.35,-8.2,40037327.0,33698282.0,18.81,,https://mopsov.twse.com.tw/nas/t21/otc/t21sc03_113_12_0.html
2025-01,ADATA Technology,3260,TPEx,威剛,revenue,2813961.0,TWD thousand,consolidated_IFRS,2887393.0,3565297.0,-2.54,-21.07,2813961.0,3565297.0,-21.07,,https://mopsov.twse.com.tw/nas/t21/otc/t21sc03_114_1_0.html
2025-02,ADATA Technology,3260,TPEx,威剛,revenue,3342809.0,TWD thousand,consolidated_IFRS,2813961.0,3340222.0,18.79,0.07,6156770.0,6905519.0,-10.84,,https://mopsov.twse.com.tw/nas/t21/otc/t21sc03_114_2_0.html
2025-03,ADATA Technology,3260,TPEx,威剛,revenue,3743335.0,TWD thousand,consolidated_IFRS,3342809.0,3975411.0,11.98,-5.83,9900105.0,10880930.0,-9.01,,https://mopsov.twse.com.tw/nas/t21/otc/t21sc03_114_3_0.html
2025-04,ADATA Technology,3260,TPEx,威剛,revenue,3916617.0,TWD thousand,consolidated_IFRS,3743335.0,3847937.0,4.62,1.78,13816722.0,14728867.0,-6.19,,https://mopsov.twse.com.tw/nas/t21/otc/t21sc03_114_4_0.html
2025-05,ADATA Technology,3260,TPEx,威剛,revenue,4169173.0,TWD thousand,consolidated_IFRS,3916617.0,3227273.0,6.44,29.18,17985895.0,17956140.0,0.16,,https://mopsov.twse.com.tw/nas/t21/otc/t21sc03_114_5_0.html
2025-06,ADATA Technology,3260,TPEx,威剛,revenue,4698271.0,TWD thousand,consolidated_IFRS,4169173.0,2953988.0,12.69,59.04,22684166.0,20910128.0,8.48,記憶體價格上漲,https://mopsov.twse.com.tw/nas/t21/otc/t21sc03_114_6_0.html
2025-07,ADATA Technology,3260,TPEx,威剛,revenue,4261406.0,TWD thousand,consolidated_IFRS,4698271.0,3053955.0,-9.29,39.53,26945572.0,23964083.0,12.44,,https://mopsov.twse.com.tw/nas/t21/otc/t21sc03_114_7_0.html
2025-08,ADATA Technology,3260,TPEx,威剛,revenue,4982863.0,TWD thousand,consolidated_IFRS,4261406.0,3028522.0,16.93,64.53,31928435.0,26992605.0,18.28,記憶體價格上漲,https://mopsov.twse.com.tw/nas/t21/otc/t21sc03_114_8_0.html
2025-09,ADATA Technology,3260,TPEx,威剛,revenue,5244144.0,TWD thousand,consolidated_IFRS,4982863.0,3253591.0,5.24,61.18,37172579.0,30246196.0,22.9,記憶體需求增加,https://mopsov.twse.com.tw/nas/t21/otc/t21sc03_114_9_0.html
2025-10,ADATA Technology,3260,TPEx,威剛,revenue,4462788.0,TWD thousand,consolidated_IFRS,5244144.0,3410086.0,-14.89,30.87,41635367.0,33656282.0,23.7,,https://mopsov.twse.com.tw/nas/t21/otc/t21sc03_114_10_0.html
2025-11,ADATA Technology,3260,TPEx,威剛,revenue,5597912.0,TWD thousand,consolidated_IFRS,4462788.0,3493652.0,25.43,60.23,47233279.0,37149934.0,27.14,記憶體售價上漲,https://mopsov.twse.com.tw/nas/t21/otc/t21sc03_114_11_0.html
2025-12,ADATA Technology,3260,TPEx,威剛,revenue,5809832.0,TWD thousand,consolidated_IFRS,5597912.0,2887393.0,3.78,101.21,53043111.0,40037327.0,32.48,記憶體售價上漲,https://mopsov.twse.com.tw/nas/t21/otc/t21sc03_114_12_0.html
2026-01,ADATA Technology,3260,TPEx,威剛,revenue,8411537.0,TWD thousand,consolidated_IFRS,5809832.0,2813961.0,44.78,198.92,8411537.0,2813961.0,198.92,記憶體售價上漲及需求增加,https://mopsov.twse.com.tw/nas/t21/otc/t21sc03_115_1_0.html
2026-02,ADATA Technology,3260,TPEx,威剛,revenue,7163670.0,TWD thousand,consolidated_IFRS,8411537.0,3342809.0,-14.83,114.3,15575207.0,6156770.0,152.97,記憶體售價上漲,https://mopsov.twse.com.tw/nas/t21/otc/t21sc03_115_2_0.html
2026-03,ADATA Technology,3260,TPEx,威剛,revenue,10536851.0,TWD thousand,consolidated_IFRS,7163670.0,3743335.0,47.08,181.48,26112058.0,9900105.0,163.75,記憶體售價上漲,https://mopsov.twse.com.tw/nas/t21/otc/t21sc03_115_3_0.html
2026-04,ADATA Technology,3260,TPEx,威剛,revenue,10555559.0,TWD thousand,consolidated_IFRS,10536851.0,3916617.0,0.17,169.5,36667617.0,13816722.0,165.38,記憶體售價上漲,https://mopsov.twse.com.tw/nas/t21/otc/t21sc03_115_4_0.html
2026-05,ADATA Technology,3260,TPEx,威剛,revenue,12942597.0,TWD thousand,consolidated_IFRS,10555559.0,4169173.0,22.61,210.43,49610214.0,17985895.0,175.82,記憶體售價上漲,https://mopsov.twse.com.tw/nas/t21/otc/t21sc03_115_5_0.html
2026-06,ADATA Technology,3260,TPEx,威剛,revenue,14661310.0,TWD thousand,consolidated_IFRS,12942597.0,4698271.0,13.27,212.05,64271524.0,22684166.0,183.33,記憶體售價上漲,https://mopsov.twse.com.tw/nas/t21/otc/t21sc03_115_6_0.html
2026-07,ADATA Technology,3260,TPEx,威剛,revenue,18379079.0,TWD thousand,consolidated_IFRS,14661310.0,4261406.0,25.35,331.29,82650603.0,26945572.0,206.73,記憶體售價上漲,https://mopsov.twse.com.tw/nas/t21/otc/t21sc03_115_7_0.html
2026-08,ADATA Technology,3260,TPEx,威剛,revenue,18925261.0,TWD thousand,consolidated_IFRS,18379079.0,4982863.0,2.97,279.8,101575864.0,31928435.0,218.13,記憶體售價上漲,https://mopsov.twse.com.tw/nas/t21/otc/t21sc03_115_8_0.html
2026-09,ADATA Technology,3260,TPEx,威剛,revenue,15729789.0,TWD thousand,consolidated_IFRS,18925261.0,5244144.0,-16.88,199.94,117305653.0,37172579.0,215.57,記憶體售價上漲,https://mopsov.twse.com.tw/nas/t21/otc/t21sc03_115_9_0.html
2011-01,TeamGroup,4967,TWSE,十銓,revenue,515224.0,TWD thousand,standalone_ROC_GAAP,559325.0,352277.0,-7.88,46.25,515224.0,352277.0,46.25,,https://mopsov.twse.com.tw/nas/t21/sii/t21sc03_100_1_0.html
2011-02,TeamGroup,4967,TWSE,十銓,revenue,292210.0,TWD thousand,standalone_ROC_GAAP,515224.0,315598.0,-43.28,-7.41,807434.0,667875.0,20.89,,https://mopsov.twse.com.tw/nas/t21/sii/t21sc03_100_2_0.html
2012-01,TeamGroup,4967,TWSE,十銓,revenue,456515.0,TWD thousand,standalone_ROC_GAAP,494072.0,515224.0,-7.6,-11.39,456515.0,515224.0,-11.39,,https://mopsov.twse.com.tw/nas/t21/sii/t21sc03_101_1_0.html
2013-01,TeamGroup,4967,TWSE,十銓,revenue,313249.0,TWD thousand,consolidated_IFRS,,456455.0,,-31.37,313249.0,456455.0,-31.37,,https://mopsov.twse.com.tw/nas/t21/sii/t21sc03_102_1_0.html
2013-02,TeamGroup,4967,TWSE,十銓,revenue,347823.0,TWD thousand,consolidated_IFRS,313249.0,464305.0,11.03,-25.08,661071.0,920760.0,-28.2,,https://mopsov.twse.com.tw/nas/t21/sii/t21sc03_102_2_0.html
2013-03,TeamGroup,4967,TWSE,十銓,revenue,597177.0,TWD thousand,consolidated_IFRS,347823.0,587153.0,71.68,1.7,1258248.0,1507913.0,-16.55,,https://mopsov.twse.com.tw/nas/t21/sii/t21sc03_102_3_0.html
2013-04,TeamGroup,4967,TWSE,十銓,revenue,398605.0,TWD thousand,consolidated_IFRS,597177.0,392121.0,-33.25,1.65,1656853.0,1900034.0,-12.79,,https://mopsov.twse.com.tw/nas/t21/sii/t21sc03_102_4_0.html
2013-05,TeamGroup,4967,TWSE,十銓,revenue,377113.0,TWD thousand,consolidated_IFRS,398605.0,458239.0,-5.39,-17.7,2033966.0,2358272.0,-13.75,,https://mopsov.twse.com.tw/nas/t21/sii/t21sc03_102_5_0.html
2013-06,TeamGroup,4967,TWSE,十銓,revenue,534240.0,TWD thousand,consolidated_IFRS,377113.0,520002.0,41.66,2.73,2568206.0,2878275.0,-10.77,,https://mopsov.twse.com.tw/nas/t21/sii/t21sc03_102_6_0.html
2013-07,TeamGroup,4967,TWSE,十銓,revenue,434892.0,TWD thousand,consolidated_IFRS,534240.0,507742.0,-18.59,-14.34,3003098.0,3386017.0,-11.3,,https://mopsov.twse.com.tw/nas/t21/sii/t21sc03_102_7_0.html
2013-08,TeamGroup,4967,TWSE,十銓,revenue,363517.0,TWD thousand,consolidated_IFRS,434892.0,523948.0,-16.41,-30.61,3366615.0,3909965.0,-13.89,,https://mopsov.twse.com.tw/nas/t21/sii/t21sc03_102_8_0.html
2013-09,TeamGroup,4967,TWSE,十銓,revenue,485532.0,TWD thousand,consolidated_IFRS,363517.0,540160.0,33.56,-10.11,3852148.0,4450125.0,-13.43,,https://mopsov.twse.com.tw/nas/t21/sii/t21sc03_102_9_0.html
2013-10,TeamGroup,4967,TWSE,十銓,revenue,569316.0,TWD thousand,consolidated_IFRS,485532.0,446941.0,17.25,27.38,4421464.0,4897066.0,-9.71,,https://mopsov.twse.com.tw/nas/t21/sii/t21sc03_102_10_0.html
2013-11,TeamGroup,4967,TWSE,十銓,revenue,499607.0,TWD thousand,consolidated_IFRS,569316.0,590688.0,-12.24,-15.41,4921070.0,5487754.0,-10.32,,https://mopsov.twse.com.tw/nas/t21/sii/t21sc03_102_11_0.html
2013-12,TeamGroup,4967,TWSE,十銓,revenue,630335.0,TWD thousand,consolidated_IFRS,499607.0,661092.0,26.16,-4.65,5551405.0,6148846.0,-9.71,,https://mopsov.twse.com.tw/nas/t21/sii/t21sc03_102_12_0.html
2014-01,TeamGroup,4967,TWSE,十銓,revenue,492594.0,TWD thousand,consolidated_IFRS,630335.0,313249.0,-21.85,57.25,492594.0,313249.0,57.25,,https://mopsov.twse.com.tw/nas/t21/sii/t21sc03_103_1_0.html
2014-02,TeamGroup,4967,TWSE,十銓,revenue,425845.0,TWD thousand,consolidated_IFRS,492594.0,347823.0,-13.55,22.43,918439.0,661071.0,38.93,,https://mopsov.twse.com.tw/nas/t21/sii/t21sc03_103_2_0.html
2014-03,TeamGroup,4967,TWSE,十銓,revenue,542670.0,TWD thousand,consolidated_IFRS,425845.0,597177.0,27.43,-9.12,1461109.0,1258248.0,16.12,,https://mopsov.twse.com.tw/nas/t21/sii/t21sc03_103_3_0.html
2014-04,TeamGroup,4967,TWSE,十銓,revenue,616091.0,TWD thousand,consolidated_IFRS,542670.0,398605.0,13.52,54.56,2077200.0,1656853.0,25.37,,https://mopsov.twse.com.tw/nas/t21/sii/t21sc03_103_4_0.html
2014-05,TeamGroup,4967,TWSE,十銓,revenue,453253.0,TWD thousand,consolidated_IFRS,616091.0,377113.0,-26.43,20.19,2530453.0,2033966.0,24.4,,https://mopsov.twse.com.tw/nas/t21/sii/t21sc03_103_5_0.html
2014-06,TeamGroup,4967,TWSE,十銓,revenue,551807.0,TWD thousand,consolidated_IFRS,453253.0,534240.0,21.74,3.28,3082260.0,2568206.0,20.01,,https://mopsov.twse.com.tw/nas/t21/sii/t21sc03_103_6_0.html
2014-07,TeamGroup,4967,TWSE,十銓,revenue,680667.0,TWD thousand,consolidated_IFRS,551807.0,434892.0,23.35,56.51,3762927.0,3003098.0,25.3,,https://mopsov.twse.com.tw/nas/t21/sii/t21sc03_103_7_0.html
2014-08,TeamGroup,4967,TWSE,十銓,revenue,477869.0,TWD thousand,consolidated_IFRS,680667.0,363517.0,-29.79,31.45,4240796.0,3366615.0,25.96,,https://mopsov.twse.com.tw/nas/t21/sii/t21sc03_103_8_0.html
2014-09,TeamGroup,4967,TWSE,十銓,revenue,484466.0,TWD thousand,consolidated_IFRS,477869.0,485532.0,1.38,-0.21,4725262.0,3852148.0,22.66,,https://mopsov.twse.com.tw/nas/t21/sii/t21sc03_103_9_0.html
2014-10,TeamGroup,4967,TWSE,十銓,revenue,744343.0,TWD thousand,consolidated_IFRS,484466.0,569316.0,53.64,30.74,5469605.0,4421464.0,23.7,,https://mopsov.twse.com.tw/nas/t21/sii/t21sc03_103_10_0.html
2014-11,TeamGroup,4967,TWSE,十銓,revenue,520232.0,TWD thousand,consolidated_IFRS,744343.0,499607.0,-30.1,4.12,5989837.0,4921070.0,21.71,,https://mopsov.twse.com.tw/nas/t21/sii/t21sc03_103_11_0.html
2014-12,TeamGroup,4967,TWSE,十銓,revenue,676653.0,TWD thousand,consolidated_IFRS,520232.0,630335.0,30.06,7.34,6666490.0,5551405.0,20.08,,https://mopsov.twse.com.tw/nas/t21/sii/t21sc03_103_12_0.html
2015-01,TeamGroup,4967,TWSE,十銓,revenue,426423.0,TWD thousand,consolidated_IFRS,676653.0,492594.0,-36.98,-13.43,426423.0,492594.0,-13.43,,https://mopsov.twse.com.tw/nas/t21/sii/t21sc03_104_1_0.html
2015-02,TeamGroup,4967,TWSE,十銓,revenue,299934.0,TWD thousand,consolidated_IFRS,426423.0,425845.0,-29.66,-29.56,726357.0,918439.0,-20.91,,https://mopsov.twse.com.tw/nas/t21/sii/t21sc03_104_2_0.html
2015-03,TeamGroup,4967,TWSE,十銓,revenue,350413.0,TWD thousand,consolidated_IFRS,299934.0,545951.0,16.83,-35.81,1076770.0,1464390.0,-26.46,,https://mopsov.twse.com.tw/nas/t21/sii/t21sc03_104_3_0.html
2015-04,TeamGroup,4967,TWSE,十銓,revenue,297688.0,TWD thousand,consolidated_IFRS,350413.0,616091.0,-15.04,-51.68,1374458.0,2077200.0,-33.83,,https://mopsov.twse.com.tw/nas/t21/sii/t21sc03_104_4_0.html
2015-05,TeamGroup,4967,TWSE,十銓,revenue,327725.0,TWD thousand,consolidated_IFRS,297688.0,453253.0,10.09,-27.69,1702183.0,2530453.0,-32.73,,https://mopsov.twse.com.tw/nas/t21/sii/t21sc03_104_5_0.html
2015-06,TeamGroup,4967,TWSE,十銓,revenue,337338.0,TWD thousand,consolidated_IFRS,327725.0,551807.0,2.93,-38.86,2039521.0,3082260.0,-33.83,,https://mopsov.twse.com.tw/nas/t21/sii/t21sc03_104_6_0.html
2015-07,TeamGroup,4967,TWSE,十銓,revenue,321417.0,TWD thousand,consolidated_IFRS,337338.0,680667.0,-4.71,-52.77,2360938.0,3762927.0,-37.25,2015年PC市場出貨量衰退，整體記憶體產品需求減少，價格持續下跌，影響整體營收。,https://mopsov.twse.com.tw/nas/t21/sii/t21sc03_104_7_0.html
2015-08,TeamGroup,4967,TWSE,十銓,revenue,388447.0,TWD thousand,consolidated_IFRS,321417.0,477869.0,20.85,-18.71,2749385.0,4240796.0,-35.16,,https://mopsov.twse.com.tw/nas/t21/sii/t21sc03_104_8_0.html
2015-09,TeamGroup,4967,TWSE,十銓,revenue,347384.0,TWD thousand,consolidated_IFRS,388447.0,484466.0,-10.57,-28.29,3096769.0,4725262.0,-34.46,,https://mopsov.twse.com.tw/nas/t21/sii/t21sc03_104_9_0.html
2015-10,TeamGroup,4967,TWSE,十銓,revenue,383341.0,TWD thousand,consolidated_IFRS,347384.0,744343.0,10.35,-48.49,3480110.0,5469605.0,-36.37,,https://mopsov.twse.com.tw/nas/t21/sii/t21sc03_104_10_0.html
2015-11,TeamGroup,4967,TWSE,十銓,revenue,348745.0,TWD thousand,consolidated_IFRS,383341.0,520232.0,-9.02,-32.96,3828855.0,5989837.0,-36.07,,https://mopsov.twse.com.tw/nas/t21/sii/t21sc03_104_11_0.html
2015-12,TeamGroup,4967,TWSE,十銓,revenue,329662.0,TWD thousand,consolidated_IFRS,348745.0,676653.0,-5.47,-51.28,4158517.0,6666490.0,-37.62,2015年PC市場出貨量衰退，整體記憶體產品需求減少，價格持續下跌，影響整體營收。,https://mopsov.twse.com.tw/nas/t21/sii/t21sc03_104_12_0.html
2016-01,TeamGroup,4967,TWSE,十銓,revenue,297595.0,TWD thousand,consolidated_IFRS,329662.0,426423.0,-9.72,-30.21,297595.0,426423.0,-30.21,,https://mopsov.twse.com.tw/nas/t21/sii/t21sc03_105_1_0.html
2016-02,TeamGroup,4967,TWSE,十銓,revenue,190541.0,TWD thousand,consolidated_IFRS,297595.0,299934.0,-35.97,-36.47,488136.0,726357.0,-32.79,,https://mopsov.twse.com.tw/nas/t21/sii/t21sc03_105_2_0.html
2016-03,TeamGroup,4967,TWSE,十銓,revenue,282081.0,TWD thousand,consolidated_IFRS,190541.0,350413.0,48.04,-19.5,770217.0,1076770.0,-28.46,,https://mopsov.twse.com.tw/nas/t21/sii/t21sc03_105_3_0.html
2016-04,TeamGroup,4967,TWSE,十銓,revenue,271965.0,TWD thousand,consolidated_IFRS,282081.0,297688.0,-3.58,-8.64,1042182.0,1374458.0,-24.17,,https://mopsov.twse.com.tw/nas/t21/sii/t21sc03_105_4_0.html
2016-05,TeamGroup,4967,TWSE,十銓,revenue,350402.0,TWD thousand,consolidated_IFRS,271965.0,327725.0,28.84,6.91,1392584.0,1702183.0,-18.18,,https://mopsov.twse.com.tw/nas/t21/sii/t21sc03_105_5_0.html
2016-06,TeamGroup,4967,TWSE,十銓,revenue,356388.0,TWD thousand,consolidated_IFRS,350402.0,337338.0,1.7,5.64,1748972.0,2039521.0,-14.24,,https://mopsov.twse.com.tw/nas/t21/sii/t21sc03_105_6_0.html
2016-07,TeamGroup,4967,TWSE,十銓,revenue,293326.0,TWD thousand,consolidated_IFRS,356388.0,321417.0,-17.69,-8.73,2042298.0,2360938.0,-13.49,,https://mopsov.twse.com.tw/nas/t21/sii/t21sc03_105_7_0.html
2016-08,TeamGroup,4967,TWSE,十銓,revenue,279639.0,TWD thousand,consolidated_IFRS,293326.0,388447.0,-4.66,-28.01,2321937.0,2749385.0,-15.54,,https://mopsov.twse.com.tw/nas/t21/sii/t21sc03_105_8_0.html
2016-09,TeamGroup,4967,TWSE,十銓,revenue,327906.0,TWD thousand,consolidated_IFRS,279639.0,347384.0,17.26,-5.6,2649843.0,3096769.0,-14.43,,https://mopsov.twse.com.tw/nas/t21/sii/t21sc03_105_9_0.html
2016-10,TeamGroup,4967,TWSE,十銓,revenue,346001.0,TWD thousand,consolidated_IFRS,327906.0,383341.0,5.51,-9.74,2995844.0,3480110.0,-13.91,,https://mopsov.twse.com.tw/nas/t21/sii/t21sc03_105_10_0.html
2016-11,TeamGroup,4967,TWSE,十銓,revenue,356144.0,TWD thousand,consolidated_IFRS,346001.0,348745.0,2.93,2.12,3351988.0,3828855.0,-12.45,,https://mopsov.twse.com.tw/nas/t21/sii/t21sc03_105_11_0.html
2016-12,TeamGroup,4967,TWSE,十銓,revenue,382482.0,TWD thousand,consolidated_IFRS,356144.0,329662.0,7.39,16.02,3734470.0,4158517.0,-10.19,,https://mopsov.twse.com.tw/nas/t21/sii/t21sc03_105_12_0.html
2017-01,TeamGroup,4967,TWSE,十銓,revenue,363500.0,TWD thousand,consolidated_IFRS,382482.0,297595.0,-4.96,22.14,363500.0,297595.0,22.14,,https://mopsov.twse.com.tw/nas/t21/sii/t21sc03_106_1_0.html
2017-02,TeamGroup,4967,TWSE,十銓,revenue,407376.0,TWD thousand,consolidated_IFRS,363500.0,190541.0,12.07,113.79,770876.0,488136.0,57.92,係因DRAM及NAND Flash價格走升，且產品需求強勁所致。,https://mopsov.twse.com.tw/nas/t21/sii/t21sc03_106_2_0.html
2017-03,TeamGroup,4967,TWSE,十銓,revenue,601066.0,TWD thousand,consolidated_IFRS,407376.0,282081.0,47.54,113.08,1371942.0,770217.0,78.12,係因DRAM及NAND Flash價格走升，且產品需求強勁所致。,https://mopsov.twse.com.tw/nas/t21/sii/t21sc03_106_3_0.html
2017-04,TeamGroup,4967,TWSE,十銓,revenue,442861.0,TWD thousand,consolidated_IFRS,601066.0,271965.0,-26.32,62.83,1814803.0,1042182.0,74.13,係因DRAM及NAND Flash價格持續緩步走升所致。,https://mopsov.twse.com.tw/nas/t21/sii/t21sc03_106_4_0.html
2017-05,TeamGroup,4967,TWSE,十銓,revenue,544563.0,TWD thousand,consolidated_IFRS,442861.0,350402.0,22.96,55.41,2359366.0,1392584.0,69.42,係因DRAM及NAND Flash價格持續緩步走升所致。,https://mopsov.twse.com.tw/nas/t21/sii/t21sc03_106_5_0.html
2017-06,TeamGroup,4967,TWSE,十銓,revenue,601301.0,TWD thousand,consolidated_IFRS,544563.0,356388.0,10.41,68.72,2960667.0,1748972.0,69.28,係因DRAM及NAND Flash產品需求增加所致。,https://mopsov.twse.com.tw/nas/t21/sii/t21sc03_106_6_0.html
2017-07,TeamGroup,4967,TWSE,十銓,revenue,684549.0,TWD thousand,consolidated_IFRS,601301.0,293326.0,13.84,133.37,3645216.0,2042298.0,78.48,記憶體相關產品價格較去年同期大幅走升,https://mopsov.twse.com.tw/nas/t21/sii/t21sc03_106_7_0.html
2017-08,TeamGroup,4967,TWSE,十銓,revenue,625267.0,TWD thousand,consolidated_IFRS,684549.0,279639.0,-8.66,123.59,4270483.0,2321937.0,83.91,記憶體相關產品價格較去年同期大幅走升,https://mopsov.twse.com.tw/nas/t21/sii/t21sc03_106_8_0.html
2017-09,TeamGroup,4967,TWSE,十銓,revenue,608077.0,TWD thousand,consolidated_IFRS,625267.0,327906.0,-2.74,85.44,4878560.0,2649843.0,84.1,記憶體相關產品價格較去年同期大幅走升,https://mopsov.twse.com.tw/nas/t21/sii/t21sc03_106_9_0.html
2017-10,TeamGroup,4967,TWSE,十銓,revenue,640117.0,TWD thousand,consolidated_IFRS,608077.0,346001.0,5.26,85.0,5518677.0,2995844.0,84.21,記憶體相關產品價格較去年同期大幅上漲,https://mopsov.twse.com.tw/nas/t21/sii/t21sc03_106_10_0.html
2017-11,TeamGroup,4967,TWSE,十銓,revenue,604277.0,TWD thousand,consolidated_IFRS,640117.0,356144.0,-5.59,69.67,6122954.0,3351988.0,82.66,記憶體相關產品價格較去年同期大幅走升,https://mopsov.twse.com.tw/nas/t21/sii/t21sc03_106_11_0.html
2017-12,TeamGroup,4967,TWSE,十銓,revenue,701054.0,TWD thousand,consolidated_IFRS,604277.0,382482.0,16.01,83.29,6824008.0,3734470.0,82.73,記憶體相關產品價格較去年同期走升所致,https://mopsov.twse.com.tw/nas/t21/sii/t21sc03_106_12_0.html
2018-01,TeamGroup,4967,TWSE,十銓,revenue,516030.0,TWD thousand,consolidated_IFRS,701054.0,363569.0,-26.39,41.93,516030.0,363569.0,41.93,,https://mopsov.twse.com.tw/nas/t21/sii/t21sc03_107_1_0.html
2018-02,TeamGroup,4967,TWSE,十銓,revenue,444002.0,TWD thousand,consolidated_IFRS,516030.0,408605.0,-13.95,8.66,960032.0,772174.0,24.32,,https://mopsov.twse.com.tw/nas/t21/sii/t21sc03_107_2_0.html
2018-03,TeamGroup,4967,TWSE,十銓,revenue,671042.0,TWD thousand,consolidated_IFRS,444002.0,603052.0,51.13,11.27,1631074.0,1375226.0,18.6,無,https://mopsov.twse.com.tw/nas/t21/sii/t21sc03_107_3_0.html
2018-04,TeamGroup,4967,TWSE,十銓,revenue,507617.0,TWD thousand,consolidated_IFRS,671042.0,442861.0,-24.35,14.62,2138691.0,1814803.0,17.84,,https://mopsov.twse.com.tw/nas/t21/sii/t21sc03_107_4_0.html
2018-05,TeamGroup,4967,TWSE,十銓,revenue,594268.0,TWD thousand,consolidated_IFRS,507617.0,544563.0,17.07,9.12,2732959.0,2359366.0,15.83,,https://mopsov.twse.com.tw/nas/t21/sii/t21sc03_107_5_0.html
2018-06,TeamGroup,4967,TWSE,十銓,revenue,638889.0,TWD thousand,consolidated_IFRS,594268.0,601301.0,7.5,6.25,3371848.0,2960667.0,13.88,,https://mopsov.twse.com.tw/nas/t21/sii/t21sc03_107_6_0.html
2018-07,TeamGroup,4967,TWSE,十銓,revenue,657458.0,TWD thousand,consolidated_IFRS,638889.0,684549.0,2.9,-3.95,4029306.0,3645216.0,10.53,,https://mopsov.twse.com.tw/nas/t21/sii/t21sc03_107_7_0.html
2018-08,TeamGroup,4967,TWSE,十銓,revenue,624957.0,TWD thousand,consolidated_IFRS,657458.0,625267.0,-4.94,-0.04,4654263.0,4270483.0,8.98,,https://mopsov.twse.com.tw/nas/t21/sii/t21sc03_107_8_0.html
2018-09,TeamGroup,4967,TWSE,十銓,revenue,673523.0,TWD thousand,consolidated_IFRS,624957.0,608077.0,7.77,10.76,5327786.0,4878560.0,9.2,,https://mopsov.twse.com.tw/nas/t21/sii/t21sc03_107_9_0.html
2018-10,TeamGroup,4967,TWSE,十銓,revenue,670371.0,TWD thousand,consolidated_IFRS,673523.0,640117.0,-0.46,4.72,5998157.0,5518677.0,8.68,無,https://mopsov.twse.com.tw/nas/t21/sii/t21sc03_107_10_0.html
2018-11,TeamGroup,4967,TWSE,十銓,revenue,607248.0,TWD thousand,consolidated_IFRS,670371.0,604277.0,-9.41,0.49,6605405.0,6122954.0,7.87,,https://mopsov.twse.com.tw/nas/t21/sii/t21sc03_107_11_0.html
2018-12,TeamGroup,4967,TWSE,十銓,revenue,577699.0,TWD thousand,consolidated_IFRS,607248.0,701054.0,-4.86,-17.59,7183104.0,6824008.0,5.26,,https://mopsov.twse.com.tw/nas/t21/sii/t21sc03_107_12_0.html
2019-01,TeamGroup,4967,TWSE,十銓,revenue,587106.0,TWD thousand,consolidated_IFRS,577699.0,516030.0,1.62,13.77,587106.0,516030.0,13.77,,https://mopsov.twse.com.tw/nas/t21/sii/t21sc03_108_1_0.html
2019-02,TeamGroup,4967,TWSE,十銓,revenue,484879.0,TWD thousand,consolidated_IFRS,587106.0,444002.0,-17.41,9.2,1071985.0,960032.0,11.66,,https://mopsov.twse.com.tw/nas/t21/sii/t21sc03_108_2_0.html
2019-03,TeamGroup,4967,TWSE,十銓,revenue,620772.0,TWD thousand,consolidated_IFRS,484879.0,671042.0,28.02,-7.49,1692757.0,1631074.0,3.78,,https://mopsov.twse.com.tw/nas/t21/sii/t21sc03_108_3_0.html
2019-04,TeamGroup,4967,TWSE,十銓,revenue,522334.0,TWD thousand,consolidated_IFRS,620772.0,507617.0,-15.85,2.89,2215091.0,2138691.0,3.57,,https://mopsov.twse.com.tw/nas/t21/sii/t21sc03_108_4_0.html
2019-05,TeamGroup,4967,TWSE,十銓,revenue,667425.0,TWD thousand,consolidated_IFRS,522334.0,594268.0,27.77,12.31,2882516.0,2732959.0,5.47,,https://mopsov.twse.com.tw/nas/t21/sii/t21sc03_108_5_0.html
2019-06,TeamGroup,4967,TWSE,十銓,revenue,609120.0,TWD thousand,consolidated_IFRS,667425.0,638889.0,-8.73,-4.65,3491636.0,3371848.0,3.55,,https://mopsov.twse.com.tw/nas/t21/sii/t21sc03_108_6_0.html
2019-07,TeamGroup,4967,TWSE,十銓,revenue,616231.0,TWD thousand,consolidated_IFRS,609120.0,657458.0,1.16,-6.27,4107867.0,4029306.0,1.94,,https://mopsov.twse.com.tw/nas/t21/sii/t21sc03_108_7_0.html
2019-08,TeamGroup,4967,TWSE,十銓,revenue,501120.0,TWD thousand,consolidated_IFRS,616231.0,624957.0,-18.67,-19.81,4608987.0,4654263.0,-0.97,,https://mopsov.twse.com.tw/nas/t21/sii/t21sc03_108_8_0.html
2019-09,TeamGroup,4967,TWSE,十銓,revenue,437767.0,TWD thousand,consolidated_IFRS,501120.0,673523.0,-12.64,-35.0,5046754.0,5327786.0,-5.27,,https://mopsov.twse.com.tw/nas/t21/sii/t21sc03_108_9_0.html
2019-10,TeamGroup,4967,TWSE,十銓,revenue,574951.0,TWD thousand,consolidated_IFRS,437767.0,670371.0,31.33,-14.23,5621705.0,5998157.0,-6.27,,https://mopsov.twse.com.tw/nas/t21/sii/t21sc03_108_10_0.html
2019-11,TeamGroup,4967,TWSE,十銓,revenue,679707.0,TWD thousand,consolidated_IFRS,574951.0,607248.0,18.21,11.93,6301412.0,6605405.0,-4.6,,https://mopsov.twse.com.tw/nas/t21/sii/t21sc03_108_11_0.html
2019-12,TeamGroup,4967,TWSE,十銓,revenue,602339.0,TWD thousand,consolidated_IFRS,679707.0,577699.0,-11.38,4.26,6903751.0,7183104.0,-3.88,,https://mopsov.twse.com.tw/nas/t21/sii/t21sc03_108_12_0.html
2020-01,TeamGroup,4967,TWSE,十銓,revenue,439406.0,TWD thousand,consolidated_IFRS,602339.0,587106.0,-27.05,-25.15,439406.0,587106.0,-25.15,,https://mopsov.twse.com.tw/nas/t21/sii/t21sc03_109_1_0.html
2020-02,TeamGroup,4967,TWSE,十銓,revenue,441484.0,TWD thousand,consolidated_IFRS,439406.0,484879.0,0.47,-8.94,880890.0,1071985.0,-17.82,,https://mopsov.twse.com.tw/nas/t21/sii/t21sc03_109_2_0.html
2020-03,TeamGroup,4967,TWSE,十銓,revenue,666013.0,TWD thousand,consolidated_IFRS,441484.0,620772.0,50.85,7.28,1546903.0,1692757.0,-8.61,,https://mopsov.twse.com.tw/nas/t21/sii/t21sc03_109_3_0.html
2020-04,TeamGroup,4967,TWSE,十銓,revenue,541800.0,TWD thousand,consolidated_IFRS,666013.0,522334.0,-18.65,3.72,2088703.0,2215091.0,-5.7,,https://mopsov.twse.com.tw/nas/t21/sii/t21sc03_109_4_0.html
2020-05,TeamGroup,4967,TWSE,十銓,revenue,564922.0,TWD thousand,consolidated_IFRS,541800.0,667425.0,4.26,-15.35,2653625.0,2882516.0,-7.94,,https://mopsov.twse.com.tw/nas/t21/sii/t21sc03_109_5_0.html
2020-06,TeamGroup,4967,TWSE,十銓,revenue,1099228.0,TWD thousand,consolidated_IFRS,564922.0,609120.0,94.58,80.46,3752853.0,3491636.0,7.48,市場因疫情減緩需求回溫所致,https://mopsov.twse.com.tw/nas/t21/sii/t21sc03_109_6_0.html
2020-07,TeamGroup,4967,TWSE,十銓,revenue,607878.0,TWD thousand,consolidated_IFRS,1099228.0,616231.0,-44.69,-1.35,4360731.0,4107867.0,6.15,,https://mopsov.twse.com.tw/nas/t21/sii/t21sc03_109_7_0.html
2020-08,TeamGroup,4967,TWSE,十銓,revenue,657472.0,TWD thousand,consolidated_IFRS,607878.0,501120.0,8.15,31.2,5018203.0,4608987.0,8.87,,https://mopsov.twse.com.tw/nas/t21/sii/t21sc03_109_8_0.html
2020-09,TeamGroup,4967,TWSE,十銓,revenue,805719.0,TWD thousand,consolidated_IFRS,657472.0,437767.0,22.54,84.05,5823922.0,5046754.0,15.39,"巿場需求回溫,銷售增加所致",https://mopsov.twse.com.tw/nas/t21/sii/t21sc03_109_9_0.html
2020-10,TeamGroup,4967,TWSE,十銓,revenue,570017.0,TWD thousand,consolidated_IFRS,805719.0,574951.0,-29.25,-0.85,6393939.0,5621705.0,13.73,,https://mopsov.twse.com.tw/nas/t21/sii/t21sc03_109_10_0.html
2020-11,TeamGroup,4967,TWSE,十銓,revenue,556498.0,TWD thousand,consolidated_IFRS,570017.0,679707.0,-2.37,-18.12,6950437.0,6301412.0,10.29,,https://mopsov.twse.com.tw/nas/t21/sii/t21sc03_109_11_0.html
2020-12,TeamGroup,4967,TWSE,十銓,revenue,551477.0,TWD thousand,consolidated_IFRS,556498.0,602339.0,-0.9,-8.44,7501914.0,6903751.0,8.66,,https://mopsov.twse.com.tw/nas/t21/sii/t21sc03_109_12_0.html
2021-01,TeamGroup,4967,TWSE,十銓,revenue,684921.0,TWD thousand,consolidated_IFRS,551477.0,439406.0,24.19,55.87,684921.0,439406.0,55.87,"巿場需求,銷售增加所致",https://mopsov.twse.com.tw/nas/t21/sii/t21sc03_110_1_0.html
2021-02,TeamGroup,4967,TWSE,十銓,revenue,619365.0,TWD thousand,consolidated_IFRS,684921.0,441484.0,-9.57,40.29,1304286.0,880890.0,48.06,,https://mopsov.twse.com.tw/nas/t21/sii/t21sc03_110_2_0.html
2021-03,TeamGroup,4967,TWSE,十銓,revenue,609063.0,TWD thousand,consolidated_IFRS,619365.0,666013.0,-1.66,-8.55,1913349.0,1546903.0,23.68,,https://mopsov.twse.com.tw/nas/t21/sii/t21sc03_110_3_0.html
2021-04,TeamGroup,4967,TWSE,十銓,revenue,611842.0,TWD thousand,consolidated_IFRS,609063.0,541800.0,0.45,12.92,2525191.0,2088703.0,20.89,,https://mopsov.twse.com.tw/nas/t21/sii/t21sc03_110_4_0.html
2021-05,TeamGroup,4967,TWSE,十銓,revenue,625146.0,TWD thousand,consolidated_IFRS,611842.0,564922.0,2.17,10.66,3150337.0,2653625.0,18.71,,https://mopsov.twse.com.tw/nas/t21/sii/t21sc03_110_5_0.html
2021-06,TeamGroup,4967,TWSE,十銓,revenue,718123.0,TWD thousand,consolidated_IFRS,625146.0,1099228.0,14.87,-34.67,3868460.0,3752853.0,3.08,,https://mopsov.twse.com.tw/nas/t21/sii/t21sc03_110_6_0.html
2021-07,TeamGroup,4967,TWSE,十銓,revenue,518791.0,TWD thousand,consolidated_IFRS,718123.0,607878.0,-27.75,-14.65,4387251.0,4360731.0,0.6,,https://mopsov.twse.com.tw/nas/t21/sii/t21sc03_110_7_0.html
2021-08,TeamGroup,4967,TWSE,十銓,revenue,538421.0,TWD thousand,consolidated_IFRS,518791.0,657472.0,3.78,-18.1,4925672.0,5018203.0,-1.84,,https://mopsov.twse.com.tw/nas/t21/sii/t21sc03_110_8_0.html
2021-09,TeamGroup,4967,TWSE,十銓,revenue,721279.0,TWD thousand,consolidated_IFRS,538421.0,805719.0,33.96,-10.48,5646951.0,5823922.0,-3.03,,https://mopsov.twse.com.tw/nas/t21/sii/t21sc03_110_9_0.html
2021-10,TeamGroup,4967,TWSE,十銓,revenue,627945.0,TWD thousand,consolidated_IFRS,721279.0,570017.0,-12.94,10.16,6274896.0,6393939.0,-1.86,,https://mopsov.twse.com.tw/nas/t21/sii/t21sc03_110_10_0.html
2021-11,TeamGroup,4967,TWSE,十銓,revenue,740628.0,TWD thousand,consolidated_IFRS,627945.0,556498.0,17.94,33.08,7015524.0,6950437.0,0.93,,https://mopsov.twse.com.tw/nas/t21/sii/t21sc03_110_11_0.html
2021-12,TeamGroup,4967,TWSE,十銓,revenue,637937.0,TWD thousand,consolidated_IFRS,740628.0,551477.0,-13.86,15.67,7653461.0,7501914.0,2.02,,https://mopsov.twse.com.tw/nas/t21/sii/t21sc03_110_12_0.html
2022-01,TeamGroup,4967,TWSE,十銓,revenue,585045.0,TWD thousand,consolidated_IFRS,637937.0,684921.0,-8.29,-14.58,585045.0,684921.0,-14.58,,https://mopsov.twse.com.tw/nas/t21/sii/t21sc03_111_1_0.html
2022-02,TeamGroup,4967,TWSE,十銓,revenue,464793.0,TWD thousand,consolidated_IFRS,585045.0,619365.0,-20.55,-24.95,1049838.0,1304286.0,-19.5,,https://mopsov.twse.com.tw/nas/t21/sii/t21sc03_111_2_0.html
2022-03,TeamGroup,4967,TWSE,十銓,revenue,655037.0,TWD thousand,consolidated_IFRS,464793.0,609063.0,40.93,7.54,1704875.0,1913349.0,-10.89,,https://mopsov.twse.com.tw/nas/t21/sii/t21sc03_111_3_0.html
2022-04,TeamGroup,4967,TWSE,十銓,revenue,449686.0,TWD thousand,consolidated_IFRS,655037.0,611842.0,-31.34,-26.5,2154561.0,2525191.0,-14.67,,https://mopsov.twse.com.tw/nas/t21/sii/t21sc03_111_4_0.html
2022-05,TeamGroup,4967,TWSE,十銓,revenue,509712.0,TWD thousand,consolidated_IFRS,449686.0,625146.0,13.34,-18.46,2664273.0,3150337.0,-15.42,,https://mopsov.twse.com.tw/nas/t21/sii/t21sc03_111_5_0.html
2022-06,TeamGroup,4967,TWSE,十銓,revenue,609228.0,TWD thousand,consolidated_IFRS,509712.0,718123.0,19.52,-15.16,3273501.0,3868460.0,-15.37,,https://mopsov.twse.com.tw/nas/t21/sii/t21sc03_111_6_0.html
2022-07,TeamGroup,4967,TWSE,十銓,revenue,485816.0,TWD thousand,consolidated_IFRS,609228.0,518791.0,-20.25,-6.35,3759317.0,4387251.0,-14.31,,https://mopsov.twse.com.tw/nas/t21/sii/t21sc03_111_7_0.html
2022-08,TeamGroup,4967,TWSE,十銓,revenue,504585.0,TWD thousand,consolidated_IFRS,485816.0,538421.0,3.86,-6.28,4263902.0,4925672.0,-13.43,,https://mopsov.twse.com.tw/nas/t21/sii/t21sc03_111_8_0.html
2022-09,TeamGroup,4967,TWSE,十銓,revenue,695710.0,TWD thousand,consolidated_IFRS,504585.0,721279.0,37.87,-3.54,4959612.0,5646951.0,-12.17,,https://mopsov.twse.com.tw/nas/t21/sii/t21sc03_111_9_0.html
2022-10,TeamGroup,4967,TWSE,十銓,revenue,499105.0,TWD thousand,consolidated_IFRS,695710.0,627945.0,-28.25,-20.51,5458717.0,6274896.0,-13.0,,https://mopsov.twse.com.tw/nas/t21/sii/t21sc03_111_10_0.html
2022-11,TeamGroup,4967,TWSE,十銓,revenue,586505.0,TWD thousand,consolidated_IFRS,499105.0,740628.0,17.51,-20.8,6045222.0,7015524.0,-13.83,,https://mopsov.twse.com.tw/nas/t21/sii/t21sc03_111_11_0.html
2022-12,TeamGroup,4967,TWSE,十銓,revenue,677831.0,TWD thousand,consolidated_IFRS,586505.0,637937.0,15.57,6.25,6723053.0,7653461.0,-12.15,,https://mopsov.twse.com.tw/nas/t21/sii/t21sc03_111_12_0.html
2023-01,TeamGroup,4967,TWSE,十銓,revenue,441962.0,TWD thousand,consolidated_IFRS,677831.0,585045.0,-34.79,-24.45,441962.0,585045.0,-24.45,,https://mopsov.twse.com.tw/nas/t21/sii/t21sc03_112_1_0.html
2023-02,TeamGroup,4967,TWSE,十銓,revenue,557527.0,TWD thousand,consolidated_IFRS,441962.0,464793.0,26.14,19.95,999489.0,1049838.0,-4.79,,https://mopsov.twse.com.tw/nas/t21/sii/t21sc03_112_2_0.html
2023-03,TeamGroup,4967,TWSE,十銓,revenue,570127.0,TWD thousand,consolidated_IFRS,557527.0,655037.0,2.25,-12.96,1569616.0,1704875.0,-7.93,,https://mopsov.twse.com.tw/nas/t21/sii/t21sc03_112_3_0.html
2023-04,TeamGroup,4967,TWSE,十銓,revenue,2653297.0,TWD thousand,consolidated_IFRS,570127.0,449686.0,365.38,490.03,4222913.0,2154561.0,95.99,"新增專案客戶訂單,第二季起開始出貨,營收較去年同期大幅增加.",https://mopsov.twse.com.tw/nas/t21/sii/t21sc03_112_4_0.html
2023-05,TeamGroup,4967,TWSE,十銓,revenue,1126349.0,TWD thousand,consolidated_IFRS,2653297.0,509712.0,-57.54,120.97,5349262.0,2664273.0,100.77,"新增專案客戶訂單,第二季起開始出貨,營收較去年同期大幅增加.",https://mopsov.twse.com.tw/nas/t21/sii/t21sc03_112_5_0.html
2023-06,TeamGroup,4967,TWSE,十銓,revenue,1875654.0,TWD thousand,consolidated_IFRS,1126349.0,609228.0,66.52,207.87,7224916.0,3273501.0,120.7,"新增專案客戶訂單,第二季起開始出貨,營收較去年同期大幅增加.",https://mopsov.twse.com.tw/nas/t21/sii/t21sc03_112_6_0.html
2023-07,TeamGroup,4967,TWSE,十銓,revenue,892105.0,TWD thousand,consolidated_IFRS,1875654.0,485816.0,-52.43,83.63,8117021.0,3759317.0,115.91,B2B專案訂單持續出貨，營收較去年同期增加。,https://mopsov.twse.com.tw/nas/t21/sii/t21sc03_112_7_0.html
2023-08,TeamGroup,4967,TWSE,十銓,revenue,1272862.0,TWD thousand,consolidated_IFRS,892105.0,504585.0,42.68,152.25,9389883.0,4263902.0,120.21,B2B專案訂單持續出貨，營收較去年同期增加。,https://mopsov.twse.com.tw/nas/t21/sii/t21sc03_112_8_0.html
2023-09,TeamGroup,4967,TWSE,十銓,revenue,1482536.0,TWD thousand,consolidated_IFRS,1272862.0,695710.0,16.47,113.09,10872419.0,4959612.0,119.21,B2B專案與品牌訂單持續增加出貨量。,https://mopsov.twse.com.tw/nas/t21/sii/t21sc03_112_9_0.html
2023-10,TeamGroup,4967,TWSE,十銓,revenue,1601091.0,TWD thousand,consolidated_IFRS,1482536.0,499105.0,7.99,220.79,12473510.0,5458717.0,128.5,B2B專案與品牌訂單持續增加出貨量。,https://mopsov.twse.com.tw/nas/t21/sii/t21sc03_112_10_0.html
2023-11,TeamGroup,4967,TWSE,十銓,revenue,2053554.0,TWD thousand,consolidated_IFRS,1601091.0,586505.0,28.25,250.13,14527064.0,6045222.0,140.3,B2B 專案與品牌訂單持續增加，Q4為傳統旺季！,https://mopsov.twse.com.tw/nas/t21/sii/t21sc03_112_11_0.html
2023-12,TeamGroup,4967,TWSE,十銓,revenue,2039212.0,TWD thousand,consolidated_IFRS,2053554.0,677831.0,-0.69,200.84,16566276.0,6723053.0,146.41,B2B 專案與品牌訂單持續增加，Q4為傳統旺季。,https://mopsov.twse.com.tw/nas/t21/sii/t21sc03_112_12_0.html
2024-01,TeamGroup,4967,TWSE,十銓,revenue,894693.0,TWD thousand,consolidated_IFRS,2039212.0,441962.0,-56.12,102.43,894693.0,441962.0,102.43,品牌訂單價格上漲及出貨量增加。,https://mopsov.twse.com.tw/nas/t21/sii/t21sc03_113_1_0.html
2024-02,TeamGroup,4967,TWSE,十銓,revenue,867079.0,TWD thousand,consolidated_IFRS,894693.0,557527.0,-3.08,55.52,1761772.0,999489.0,76.26,品牌訂單價格上漲及出貨量增加。,https://mopsov.twse.com.tw/nas/t21/sii/t21sc03_113_2_0.html
2024-03,TeamGroup,4967,TWSE,十銓,revenue,1232571.0,TWD thousand,consolidated_IFRS,867079.0,570127.0,42.15,116.19,2994343.0,1569616.0,90.76,品牌訂單價格上漲及出貨量增加。,https://mopsov.twse.com.tw/nas/t21/sii/t21sc03_113_3_0.html
2024-04,TeamGroup,4967,TWSE,十銓,revenue,2043431.0,TWD thousand,consolidated_IFRS,1232571.0,2653297.0,65.78,-22.98,5037774.0,4222913.0,19.29,,https://mopsov.twse.com.tw/nas/t21/sii/t21sc03_113_4_0.html
2024-05,TeamGroup,4967,TWSE,十銓,revenue,2637237.0,TWD thousand,consolidated_IFRS,2043431.0,1126349.0,29.05,134.14,7675011.0,5349262.0,43.47,品牌訂單價格上漲及出貨量增加。,https://mopsov.twse.com.tw/nas/t21/sii/t21sc03_113_5_0.html
2024-06,TeamGroup,4967,TWSE,十銓,revenue,2796210.0,TWD thousand,consolidated_IFRS,2637237.0,1875654.0,6.02,49.07,10471221.0,7224916.0,44.93,,https://mopsov.twse.com.tw/nas/t21/sii/t21sc03_113_6_0.html
2024-07,TeamGroup,4967,TWSE,十銓,revenue,2900354.0,TWD thousand,consolidated_IFRS,2796210.0,892105.0,3.72,225.11,13371575.0,8117021.0,64.73,品牌訂單價格上漲及出貨量增加。,https://mopsov.twse.com.tw/nas/t21/sii/t21sc03_113_7_0.html
2024-08,TeamGroup,4967,TWSE,十銓,revenue,2114283.0,TWD thousand,consolidated_IFRS,2900354.0,1272862.0,-27.1,66.1,15485858.0,9389883.0,64.92,品牌訂單價格上漲及出貨量增加。,https://mopsov.twse.com.tw/nas/t21/sii/t21sc03_113_8_0.html
2024-09,TeamGroup,4967,TWSE,十銓,revenue,1185953.0,TWD thousand,consolidated_IFRS,2114283.0,1482536.0,-43.9,-20.0,16671811.0,10872419.0,53.34,品牌訂單及B2B專案穩定持續。,https://mopsov.twse.com.tw/nas/t21/sii/t21sc03_113_9_0.html
2024-10,TeamGroup,4967,TWSE,十銓,revenue,1195186.0,TWD thousand,consolidated_IFRS,1185953.0,1601091.0,0.77,-25.35,17866997.0,12473510.0,43.23,,https://mopsov.twse.com.tw/nas/t21/sii/t21sc03_113_10_0.html
2024-11,TeamGroup,4967,TWSE,十銓,revenue,905397.0,TWD thousand,consolidated_IFRS,1195186.0,2053554.0,-24.24,-55.91,18772394.0,14527064.0,29.22,品牌訂單持續穩定。,https://mopsov.twse.com.tw/nas/t21/sii/t21sc03_113_11_0.html
2024-12,TeamGroup,4967,TWSE,十銓,revenue,1166065.0,TWD thousand,consolidated_IFRS,905397.0,2039212.0,28.79,-42.81,19938459.0,16566276.0,20.35,,https://mopsov.twse.com.tw/nas/t21/sii/t21sc03_113_12_0.html
2025-01,TeamGroup,4967,TWSE,十銓,revenue,1640416.0,TWD thousand,consolidated_IFRS,1166065.0,894693.0,40.67,83.34,1640416.0,894693.0,83.34,品牌及B2B出貨量增加。,https://mopsov.twse.com.tw/nas/t21/sii/t21sc03_114_1_0.html
2025-02,TeamGroup,4967,TWSE,十銓,revenue,1480527.0,TWD thousand,consolidated_IFRS,1640416.0,867079.0,-9.74,70.74,3120943.0,1761772.0,77.14,品牌及B2B出貨量增加。,https://mopsov.twse.com.tw/nas/t21/sii/t21sc03_114_2_0.html
2025-03,TeamGroup,4967,TWSE,十銓,revenue,2229355.0,TWD thousand,consolidated_IFRS,1480527.0,1232571.0,50.57,80.87,5350298.0,2994343.0,78.68,品牌及B2B出貨量增加。,https://mopsov.twse.com.tw/nas/t21/sii/t21sc03_114_3_0.html
2025-04,TeamGroup,4967,TWSE,十銓,revenue,1128007.0,TWD thousand,consolidated_IFRS,2229355.0,2043431.0,-49.4,-44.79,6478305.0,5037774.0,28.59,,https://mopsov.twse.com.tw/nas/t21/sii/t21sc03_114_4_0.html
2025-05,TeamGroup,4967,TWSE,十銓,revenue,1202149.0,TWD thousand,consolidated_IFRS,1128007.0,2637237.0,6.57,-54.41,7680454.0,7675011.0,0.07,受訂單遞延所致。,https://mopsov.twse.com.tw/nas/t21/sii/t21sc03_114_5_0.html
2025-06,TeamGroup,4967,TWSE,十銓,revenue,2235640.0,TWD thousand,consolidated_IFRS,1202149.0,2796210.0,85.97,-20.04,9916094.0,10471221.0,-5.3,,https://mopsov.twse.com.tw/nas/t21/sii/t21sc03_114_6_0.html
2025-07,TeamGroup,4967,TWSE,十銓,revenue,1280473.0,TWD thousand,consolidated_IFRS,2235640.0,2900354.0,-42.72,-55.85,11196567.0,13371575.0,-16.26,受訂單遞延所致。,https://mopsov.twse.com.tw/nas/t21/sii/t21sc03_114_7_0.html
2025-08,TeamGroup,4967,TWSE,十銓,revenue,936659.0,TWD thousand,consolidated_IFRS,1280473.0,2114283.0,-26.85,-55.69,12133226.0,15485858.0,-21.64,受訂單遞延所致。,https://mopsov.twse.com.tw/nas/t21/sii/t21sc03_114_8_0.html
2025-09,TeamGroup,4967,TWSE,十銓,revenue,1946275.0,TWD thousand,consolidated_IFRS,936659.0,1185953.0,107.78,64.11,14079501.0,16671811.0,-15.54,遞延訂單正逐步交貨中。,https://mopsov.twse.com.tw/nas/t21/sii/t21sc03_114_9_0.html
2025-10,TeamGroup,4967,TWSE,十銓,revenue,1101995.0,TWD thousand,consolidated_IFRS,1946275.0,1195186.0,-43.37,-7.79,15181496.0,17866997.0,-15.03,,https://mopsov.twse.com.tw/nas/t21/sii/t21sc03_114_10_0.html
2025-11,TeamGroup,4967,TWSE,十銓,revenue,1617270.0,TWD thousand,consolidated_IFRS,1101995.0,905397.0,46.75,78.62,16798766.0,18772394.0,-10.51,遞延訂單正逐步交貨中。,https://mopsov.twse.com.tw/nas/t21/sii/t21sc03_114_11_0.html
2025-12,TeamGroup,4967,TWSE,十銓,revenue,3629683.0,TWD thousand,consolidated_IFRS,1617270.0,1166065.0,124.43,211.27,20428449.0,19938459.0,2.45,遞延訂單正逐步交貨中,https://mopsov.twse.com.tw/nas/t21/sii/t21sc03_114_12_0.html
2026-01,TeamGroup,4967,TWSE,十銓,revenue,2977190.0,TWD thousand,consolidated_IFRS,3629683.0,1640416.0,-17.97,81.48,2977190.0,1640416.0,81.48,記憶體價格上漲所致,https://mopsov.twse.com.tw/nas/t21/sii/t21sc03_115_1_0.html
2026-02,TeamGroup,4967,TWSE,十銓,revenue,1152052.0,TWD thousand,consolidated_IFRS,2977190.0,1480527.0,-61.3,-22.18,4129242.0,3120943.0,32.3,,https://mopsov.twse.com.tw/nas/t21/sii/t21sc03_115_2_0.html
2026-03,TeamGroup,4967,TWSE,十銓,revenue,4915564.0,TWD thousand,consolidated_IFRS,1152052.0,2229355.0,326.67,120.49,9044806.0,5350298.0,69.05,因出貨量增加及銷售單價上漲所致,https://mopsov.twse.com.tw/nas/t21/sii/t21sc03_115_3_0.html
2026-04,TeamGroup,4967,TWSE,十銓,revenue,2014775.0,TWD thousand,consolidated_IFRS,4915564.0,1128007.0,-59.01,78.61,11059581.0,6478305.0,70.71,因出貨量增加及銷售單價上漲所致。,https://mopsov.twse.com.tw/nas/t21/sii/t21sc03_115_4_0.html
2026-05,TeamGroup,4967,TWSE,十銓,revenue,2555598.0,TWD thousand,consolidated_IFRS,2014775.0,1202149.0,26.84,112.58,13615179.0,7680454.0,77.27,因出貨量增加及銷售單價上漲所致。,https://mopsov.twse.com.tw/nas/t21/sii/t21sc03_115_5_0.html
2026-06,TeamGroup,4967,TWSE,十銓,revenue,3018031.0,TWD thousand,consolidated_IFRS,2555598.0,2235640.0,18.09,34.99,16633210.0,9916094.0,67.73,因出貨量增加及銷售單價上漲所致。,https://mopsov.twse.com.tw/nas/t21/sii/t21sc03_115_6_0.html
2026-07,TeamGroup,4967,TWSE,十銓,revenue,2544932.0,TWD thousand,consolidated_IFRS,3018031.0,1280473.0,-15.67,98.74,19178142.0,11196567.0,71.28,因出貨量增加及銷售單價上漲所致。,https://mopsov.twse.com.tw/nas/t21/sii/t21sc03_115_7_0.html
2026-08,TeamGroup,4967,TWSE,十銓,revenue,3513003.0,TWD thousand,consolidated_IFRS,2544932.0,936659.0,38.03,275.05,22691145.0,12133226.0,87.01,因出貨量增加及銷售單價上漲所致。,https://mopsov.twse.com.tw/nas/t21/sii/t21sc03_115_8_0.html
2010-01,Phison Electronics,8299,TPEx,群聯電子,revenue,2694276.0,TWD thousand,standalone_ROC_GAAP,2275633.0,1335036.0,18.39,101.81,2694276.0,1335036.0,101.81,,https://mopsov.twse.com.tw/nas/t21/otc/t21sc03_99_1_0.html
2010-02,Phison Electronics,8299,TPEx,群聯電子,revenue,2041136.0,TWD thousand,standalone_ROC_GAAP,2694276.0,1334275.0,-24.24,52.97,4735412.0,2669311.0,77.4,,https://mopsov.twse.com.tw/nas/t21/otc/t21sc03_99_2_0.html
2010-03,Phison Electronics,8299,TPEx,群聯電子,revenue,3224559.0,TWD thousand,standalone_ROC_GAAP,2041136.0,1652030.0,57.97,95.18,7959971.0,4321341.0,84.2,,https://mopsov.twse.com.tw/nas/t21/otc/t21sc03_99_3_0.html
2010-04,Phison Electronics,8299,TPEx,群聯電子,revenue,2846887.0,TWD thousand,standalone_ROC_GAAP,3224559.0,1924838.0,-11.71,47.9,10806858.0,6246179.0,73.01,,https://mopsov.twse.com.tw/nas/t21/otc/t21sc03_99_4_0.html
2010-05,Phison Electronics,8299,TPEx,群聯電子,revenue,2289009.0,TWD thousand,standalone_ROC_GAAP,2846887.0,1813416.0,-19.59,26.22,13095867.0,8059595.0,62.48,,https://mopsov.twse.com.tw/nas/t21/otc/t21sc03_99_5_0.html
2010-06,Phison Electronics,8299,TPEx,群聯電子,revenue,2406113.0,TWD thousand,standalone_ROC_GAAP,2289009.0,1646826.0,5.11,46.1,15501980.0,9706421.0,59.7,,https://mopsov.twse.com.tw/nas/t21/otc/t21sc03_99_6_0.html
2010-07,Phison Electronics,8299,TPEx,群聯電子,revenue,2824753.0,TWD thousand,standalone_ROC_GAAP,2406113.0,1954950.0,17.39,44.49,18326733.0,11661371.0,57.15,,https://mopsov.twse.com.tw/nas/t21/otc/t21sc03_99_7_0.html
2010-08,Phison Electronics,8299,TPEx,群聯電子,revenue,2793667.0,TWD thousand,standalone_ROC_GAAP,2824753.0,2273516.0,-1.1,22.87,21120400.0,13934887.0,51.56,,https://mopsov.twse.com.tw/nas/t21/otc/t21sc03_99_8_0.html
2010-09,Phison Electronics,8299,TPEx,群聯電子,revenue,2817308.0,TWD thousand,standalone_ROC_GAAP,2793667.0,2627526.0,0.84,7.22,23937708.0,16562413.0,44.53,,https://mopsov.twse.com.tw/nas/t21/otc/t21sc03_99_9_0.html
2010-10,Phison Electronics,8299,TPEx,群聯電子,revenue,2905067.0,TWD thousand,standalone_ROC_GAAP,2817308.0,2955534.0,3.11,-1.7,26842775.0,19517947.0,37.52,,https://mopsov.twse.com.tw/nas/t21/otc/t21sc03_99_10_0.html
2010-11,Phison Electronics,8299,TPEx,群聯電子,revenue,2668242.0,TWD thousand,standalone_ROC_GAAP,2905067.0,2666888.0,-8.15,0.05,29511017.0,22184835.0,33.02,,https://mopsov.twse.com.tw/nas/t21/otc/t21sc03_99_11_0.html
2010-12,Phison Electronics,8299,TPEx,群聯電子,revenue,2285239.0,TWD thousand,standalone_ROC_GAAP,2668242.0,2275633.0,-14.35,0.42,31796256.0,24460468.0,29.99,,https://mopsov.twse.com.tw/nas/t21/otc/t21sc03_99_12_0.html
2011-01,Phison Electronics,8299,TPEx,群聯電子,revenue,2524630.0,TWD thousand,standalone_ROC_GAAP,2285239.0,2694276.0,10.47,-6.29,2524630.0,2694276.0,-6.29,,https://mopsov.twse.com.tw/nas/t21/otc/t21sc03_100_1_0.html
2011-02,Phison Electronics,8299,TPEx,群聯電子,revenue,2051734.0,TWD thousand,standalone_ROC_GAAP,2524630.0,2041136.0,-18.73,0.51,4576364.0,4735412.0,-3.35,,https://mopsov.twse.com.tw/nas/t21/otc/t21sc03_100_2_0.html
2011-03,Phison Electronics,8299,TPEx,群聯電子,revenue,3135720.0,TWD thousand,standalone_ROC_GAAP,2051734.0,3224559.0,52.83,-2.75,7712084.0,7959971.0,-3.11,,https://mopsov.twse.com.tw/nas/t21/otc/t21sc03_100_3_0.html
2011-04,Phison Electronics,8299,TPEx,群聯電子,revenue,2730051.0,TWD thousand,standalone_ROC_GAAP,3135720.0,2846887.0,-12.93,-4.1,10442135.0,10806858.0,-3.37,,https://mopsov.twse.com.tw/nas/t21/otc/t21sc03_100_4_0.html
2011-05,Phison Electronics,8299,TPEx,群聯電子,revenue,2253380.0,TWD thousand,standalone_ROC_GAAP,2730051.0,2289009.0,-17.46,-1.55,12695515.0,13095867.0,-3.05,,https://mopsov.twse.com.tw/nas/t21/otc/t21sc03_100_5_0.html
2011-06,Phison Electronics,8299,TPEx,群聯電子,revenue,2567620.0,TWD thousand,standalone_ROC_GAAP,2253380.0,2406113.0,13.94,6.71,15263135.0,15501980.0,-1.54,,https://mopsov.twse.com.tw/nas/t21/otc/t21sc03_100_6_0.html
2011-07,Phison Electronics,8299,TPEx,群聯電子,revenue,2873466.0,TWD thousand,standalone_ROC_GAAP,2567620.0,2824753.0,11.91,1.72,18136601.0,18326733.0,-1.03,,https://mopsov.twse.com.tw/nas/t21/otc/t21sc03_100_7_0.html
2011-08,Phison Electronics,8299,TPEx,群聯電子,revenue,2673622.0,TWD thousand,standalone_ROC_GAAP,2873466.0,2793667.0,-6.95,-4.29,20810223.0,21120400.0,-1.46,,https://mopsov.twse.com.tw/nas/t21/otc/t21sc03_100_8_0.html
2011-09,Phison Electronics,8299,TPEx,群聯電子,revenue,2756604.0,TWD thousand,standalone_ROC_GAAP,2673622.0,2817308.0,3.1,-2.15,23566827.0,23937708.0,-1.54,,https://mopsov.twse.com.tw/nas/t21/otc/t21sc03_100_9_0.html
2011-10,Phison Electronics,8299,TPEx,群聯電子,revenue,3126121.0,TWD thousand,standalone_ROC_GAAP,2756604.0,2905067.0,13.4,7.6,26692948.0,26842775.0,-0.55,,https://mopsov.twse.com.tw/nas/t21/otc/t21sc03_100_10_0.html
2011-11,Phison Electronics,8299,TPEx,群聯電子,revenue,2929316.0,TWD thousand,standalone_ROC_GAAP,3126121.0,2668242.0,-6.29,9.78,29622264.0,29511017.0,0.37,,https://mopsov.twse.com.tw/nas/t21/otc/t21sc03_100_11_0.html
2011-12,Phison Electronics,8299,TPEx,群聯電子,revenue,2720962.0,TWD thousand,standalone_ROC_GAAP,2929316.0,2285239.0,-7.11,19.06,32343226.0,31796256.0,1.72,,https://mopsov.twse.com.tw/nas/t21/otc/t21sc03_100_12_0.html
2012-01,Phison Electronics,8299,TPEx,群聯電子,revenue,2349266.0,TWD thousand,standalone_ROC_GAAP,2720962.0,2524630.0,-13.66,-6.94,2349266.0,2524630.0,-6.94,,https://mopsov.twse.com.tw/nas/t21/otc/t21sc03_101_1_0.html
2012-02,Phison Electronics,8299,TPEx,群聯電子,revenue,2799550.0,TWD thousand,standalone_ROC_GAAP,2349266.0,2051734.0,19.16,36.44,5148816.0,4576364.0,12.5,,https://mopsov.twse.com.tw/nas/t21/otc/t21sc03_101_2_0.html
2012-03,Phison Electronics,8299,TPEx,群聯電子,revenue,3073059.0,TWD thousand,standalone_ROC_GAAP,2799550.0,3135720.0,9.76,-1.99,8221875.0,7712084.0,6.61,,https://mopsov.twse.com.tw/nas/t21/otc/t21sc03_101_3_0.html
2012-04,Phison Electronics,8299,TPEx,群聯電子,revenue,2655177.0,TWD thousand,standalone_ROC_GAAP,3073059.0,2730051.0,-13.59,-2.74,10877052.0,10442135.0,4.16,,https://mopsov.twse.com.tw/nas/t21/otc/t21sc03_101_4_0.html
2012-05,Phison Electronics,8299,TPEx,群聯電子,revenue,2611003.0,TWD thousand,standalone_ROC_GAAP,2655177.0,2253380.0,-1.66,15.87,13488055.0,12695515.0,6.24,,https://mopsov.twse.com.tw/nas/t21/otc/t21sc03_101_5_0.html
2012-06,Phison Electronics,8299,TPEx,群聯電子,revenue,2770748.0,TWD thousand,standalone_ROC_GAAP,2611003.0,2567620.0,6.11,7.91,16258803.0,15263135.0,6.52,,https://mopsov.twse.com.tw/nas/t21/otc/t21sc03_101_6_0.html
2012-07,Phison Electronics,8299,TPEx,群聯電子,revenue,3051223.0,TWD thousand,standalone_ROC_GAAP,2770748.0,2873466.0,10.12,6.18,19310026.0,18136601.0,6.46,,https://mopsov.twse.com.tw/nas/t21/otc/t21sc03_101_7_0.html
2012-08,Phison Electronics,8299,TPEx,群聯電子,revenue,2879419.0,TWD thousand,standalone_ROC_GAAP,3051223.0,2673622.0,-5.63,7.69,22189445.0,20810223.0,6.62,,https://mopsov.twse.com.tw/nas/t21/otc/t21sc03_101_8_0.html
2012-09,Phison Electronics,8299,TPEx,群聯電子,revenue,2763723.0,TWD thousand,standalone_ROC_GAAP,2879419.0,2756604.0,-4.01,0.25,24953168.0,23566827.0,5.88,,https://mopsov.twse.com.tw/nas/t21/otc/t21sc03_101_9_0.html
2012-10,Phison Electronics,8299,TPEx,群聯電子,revenue,2860391.0,TWD thousand,standalone_ROC_GAAP,2763723.0,3126121.0,3.49,-8.5,27813559.0,26692948.0,4.19,,https://mopsov.twse.com.tw/nas/t21/otc/t21sc03_101_10_0.html
2012-11,Phison Electronics,8299,TPEx,群聯電子,revenue,2831916.0,TWD thousand,standalone_ROC_GAAP,2860391.0,2929316.0,-0.99,-3.32,30645475.0,29622264.0,3.45,,https://mopsov.twse.com.tw/nas/t21/otc/t21sc03_101_11_0.html
2012-12,Phison Electronics,8299,TPEx,群聯電子,revenue,2435207.0,TWD thousand,standalone_ROC_GAAP,2831916.0,2720962.0,-14.0,-10.5,33080682.0,32343226.0,2.28,,https://mopsov.twse.com.tw/nas/t21/otc/t21sc03_101_12_0.html
2013-01,Phison Electronics,8299,TPEx,群聯,revenue,2379656.0,TWD thousand,consolidated_IFRS,,2349280.0,,1.29,2379656.0,2349280.0,1.29,,https://mopsov.twse.com.tw/nas/t21/otc/t21sc03_102_1_0.html
2013-02,Phison Electronics,8299,TPEx,群聯,revenue,1904292.0,TWD thousand,consolidated_IFRS,2379656.0,2799651.0,-19.97,-31.98,4283948.0,5148931.0,-16.79,,https://mopsov.twse.com.tw/nas/t21/otc/t21sc03_102_2_0.html
2013-03,Phison Electronics,8299,TPEx,群聯,revenue,2829897.0,TWD thousand,consolidated_IFRS,1904292.0,3076781.0,48.6,-8.02,7113845.0,8225712.0,-13.51,,https://mopsov.twse.com.tw/nas/t21/otc/t21sc03_102_3_0.html
2013-04,Phison Electronics,8299,TPEx,群聯,revenue,2655632.0,TWD thousand,consolidated_IFRS,2829897.0,2656323.0,-6.15,-0.02,9769477.0,10882035.0,-10.22,,https://mopsov.twse.com.tw/nas/t21/otc/t21sc03_102_4_0.html
2013-05,Phison Electronics,8299,TPEx,群聯,revenue,3021958.0,TWD thousand,consolidated_IFRS,2655632.0,2611133.0,13.79,15.73,12791435.0,13493168.0,-5.2,,https://mopsov.twse.com.tw/nas/t21/otc/t21sc03_102_5_0.html
2013-06,Phison Electronics,8299,TPEx,群聯,revenue,2620416.0,TWD thousand,consolidated_IFRS,3021958.0,2770763.0,-13.28,-5.42,15411851.0,16263931.0,-5.23,,https://mopsov.twse.com.tw/nas/t21/otc/t21sc03_102_6_0.html
2013-07,Phison Electronics,8299,TPEx,群聯,revenue,3032704.0,TWD thousand,consolidated_IFRS,2620416.0,3051215.0,15.73,-0.6,18444555.0,19315146.0,-4.5,,https://mopsov.twse.com.tw/nas/t21/otc/t21sc03_102_7_0.html
2013-08,Phison Electronics,8299,TPEx,群聯,revenue,2678439.0,TWD thousand,consolidated_IFRS,3032704.0,2880109.0,-11.68,-7.0,21122995.0,22195255.0,-4.83,,https://mopsov.twse.com.tw/nas/t21/otc/t21sc03_102_8_0.html
2013-09,Phison Electronics,8299,TPEx,群聯,revenue,2688611.0,TWD thousand,consolidated_IFRS,2678439.0,2764547.0,0.37,-2.74,23811605.0,24959802.0,-4.6,,https://mopsov.twse.com.tw/nas/t21/otc/t21sc03_102_9_0.html
2013-10,Phison Electronics,8299,TPEx,群聯,revenue,2986999.0,TWD thousand,consolidated_IFRS,2688611.0,2861296.0,11.09,4.39,26798604.0,27821098.0,-3.67,,https://mopsov.twse.com.tw/nas/t21/otc/t21sc03_102_10_0.html
2013-11,Phison Electronics,8299,TPEx,群聯,revenue,2839349.0,TWD thousand,consolidated_IFRS,2986999.0,2834134.0,-4.94,0.18,29637953.0,30655232.0,-3.31,,https://mopsov.twse.com.tw/nas/t21/otc/t21sc03_102_11_0.html
2013-12,Phison Electronics,8299,TPEx,群聯,revenue,2536378.0,TWD thousand,consolidated_IFRS,2839349.0,2435837.0,-10.67,4.12,32174331.0,33091069.0,-2.77,,https://mopsov.twse.com.tw/nas/t21/otc/t21sc03_102_12_0.html
2014-01,Phison Electronics,8299,TPEx,群聯,revenue,2624079.0,TWD thousand,consolidated_IFRS,2536378.0,2379656.0,3.45,10.27,2624079.0,2379656.0,10.27,,https://mopsov.twse.com.tw/nas/t21/otc/t21sc03_103_1_0.html
2014-02,Phison Electronics,8299,TPEx,群聯,revenue,2367984.0,TWD thousand,consolidated_IFRS,2624079.0,1904292.0,-9.75,24.34,4992063.0,4283948.0,16.52,,https://mopsov.twse.com.tw/nas/t21/otc/t21sc03_103_2_0.html
2014-03,Phison Electronics,8299,TPEx,群聯,revenue,2709271.0,TWD thousand,consolidated_IFRS,2367984.0,2829897.0,14.41,-4.26,7701334.0,7113845.0,8.25,,https://mopsov.twse.com.tw/nas/t21/otc/t21sc03_103_3_0.html
2014-04,Phison Electronics,8299,TPEx,群聯,revenue,2594411.0,TWD thousand,consolidated_IFRS,2709271.0,2655632.0,-4.23,-2.3,10295745.0,9769477.0,5.38,,https://mopsov.twse.com.tw/nas/t21/otc/t21sc03_103_4_0.html
2014-05,Phison Electronics,8299,TPEx,群聯,revenue,2770956.0,TWD thousand,consolidated_IFRS,2594411.0,3021958.0,6.8,-8.3,13066701.0,12791435.0,2.15,,https://mopsov.twse.com.tw/nas/t21/otc/t21sc03_103_5_0.html
2014-06,Phison Electronics,8299,TPEx,群聯,revenue,2722511.0,TWD thousand,consolidated_IFRS,2770956.0,2620416.0,-1.74,3.89,15789212.0,15411851.0,2.44,,https://mopsov.twse.com.tw/nas/t21/otc/t21sc03_103_6_0.html
2014-07,Phison Electronics,8299,TPEx,群聯,revenue,3049473.0,TWD thousand,consolidated_IFRS,2722511.0,3032704.0,12.0,0.55,18838685.0,18444555.0,2.13,,https://mopsov.twse.com.tw/nas/t21/otc/t21sc03_103_7_0.html
2014-08,Phison Electronics,8299,TPEx,群聯,revenue,2789293.0,TWD thousand,consolidated_IFRS,3049473.0,2678439.0,-8.53,4.13,21627978.0,21122994.0,2.39,,https://mopsov.twse.com.tw/nas/t21/otc/t21sc03_103_8_0.html
2014-09,Phison Electronics,8299,TPEx,群聯,revenue,2678980.0,TWD thousand,consolidated_IFRS,2789293.0,2688611.0,-3.95,-0.35,24306958.0,23811605.0,2.08,,https://mopsov.twse.com.tw/nas/t21/otc/t21sc03_103_9_0.html
2014-10,Phison Electronics,8299,TPEx,群聯,revenue,3120819.0,TWD thousand,consolidated_IFRS,2678980.0,2986999.0,16.49,4.48,27427777.0,26798604.0,2.34,,https://mopsov.twse.com.tw/nas/t21/otc/t21sc03_103_10_0.html
2014-11,Phison Electronics,8299,TPEx,群聯,revenue,2911902.0,TWD thousand,consolidated_IFRS,3120819.0,2839349.0,-6.69,2.55,30339679.0,29637953.0,2.36,,https://mopsov.twse.com.tw/nas/t21/otc/t21sc03_103_11_0.html
2014-12,Phison Electronics,8299,TPEx,群聯,revenue,2735019.0,TWD thousand,consolidated_IFRS,2911902.0,2536378.0,-6.07,7.83,33074698.0,32174331.0,2.79,,https://mopsov.twse.com.tw/nas/t21/otc/t21sc03_103_12_0.html
2015-01,Phison Electronics,8299,TPEx,群聯,revenue,2843731.0,TWD thousand,consolidated_IFRS,2735019.0,2624079.0,3.97,8.37,2843731.0,2624079.0,8.37,,https://mopsov.twse.com.tw/nas/t21/otc/t21sc03_104_1_0.html
2015-02,Phison Electronics,8299,TPEx,群聯,revenue,2631357.0,TWD thousand,consolidated_IFRS,2843731.0,2367984.0,-7.46,11.12,5475088.0,4992063.0,9.67,,https://mopsov.twse.com.tw/nas/t21/otc/t21sc03_104_2_0.html
2015-03,Phison Electronics,8299,TPEx,群聯,revenue,2866389.0,TWD thousand,consolidated_IFRS,2631357.0,2709271.0,8.93,5.79,8341477.0,7701334.0,8.31,,https://mopsov.twse.com.tw/nas/t21/otc/t21sc03_104_3_0.html
2015-04,Phison Electronics,8299,TPEx,群聯,revenue,2889796.0,TWD thousand,consolidated_IFRS,2866389.0,2594411.0,0.81,11.38,11231273.0,10295745.0,9.08,,https://mopsov.twse.com.tw/nas/t21/otc/t21sc03_104_4_0.html
2015-05,Phison Electronics,8299,TPEx,群聯,revenue,2811290.0,TWD thousand,consolidated_IFRS,2889796.0,2770956.0,-2.71,1.45,14042563.0,13066701.0,7.46,,https://mopsov.twse.com.tw/nas/t21/otc/t21sc03_104_5_0.html
2015-06,Phison Electronics,8299,TPEx,群聯,revenue,2741071.0,TWD thousand,consolidated_IFRS,2811290.0,2722511.0,-2.49,0.68,16783634.0,15789212.0,6.29,,https://mopsov.twse.com.tw/nas/t21/otc/t21sc03_104_6_0.html
2015-07,Phison Electronics,8299,TPEx,群聯,revenue,3317290.0,TWD thousand,consolidated_IFRS,2741071.0,3049473.0,21.02,8.78,20100924.0,18838685.0,6.7,,https://mopsov.twse.com.tw/nas/t21/otc/t21sc03_104_7_0.html
2015-08,Phison Electronics,8299,TPEx,群聯,revenue,3225471.0,TWD thousand,consolidated_IFRS,3317290.0,2789293.0,-2.76,15.63,23326395.0,21627978.0,7.85,,https://mopsov.twse.com.tw/nas/t21/otc/t21sc03_104_8_0.html
2015-09,Phison Electronics,8299,TPEx,群聯,revenue,3491055.0,TWD thousand,consolidated_IFRS,3225471.0,2678980.0,8.23,30.31,26817450.0,24306958.0,10.32,,https://mopsov.twse.com.tw/nas/t21/otc/t21sc03_104_9_0.html
2015-10,Phison Electronics,8299,TPEx,群聯,revenue,4170476.0,TWD thousand,consolidated_IFRS,3491055.0,3120819.0,19.46,33.63,30987926.0,27427777.0,12.98,,https://mopsov.twse.com.tw/nas/t21/otc/t21sc03_104_10_0.html
2015-11,Phison Electronics,8299,TPEx,群聯,revenue,3227037.0,TWD thousand,consolidated_IFRS,4170476.0,2911902.0,-22.62,10.82,34214963.0,30339679.0,12.77,,https://mopsov.twse.com.tw/nas/t21/otc/t21sc03_104_11_0.html
2015-12,Phison Electronics,8299,TPEx,群聯,revenue,2963140.0,TWD thousand,consolidated_IFRS,3227037.0,2735019.0,-8.17,8.34,37178103.0,33074698.0,12.4,,https://mopsov.twse.com.tw/nas/t21/otc/t21sc03_104_12_0.html
2016-01,Phison Electronics,8299,TPEx,群聯,revenue,3120529.0,TWD thousand,consolidated_IFRS,2963140.0,2843731.0,5.31,9.73,3120529.0,2843731.0,9.73,,https://mopsov.twse.com.tw/nas/t21/otc/t21sc03_105_1_0.html
2016-02,Phison Electronics,8299,TPEx,群聯,revenue,3091855.0,TWD thousand,consolidated_IFRS,3120529.0,2631357.0,-0.91,17.5,6212384.0,5475088.0,13.46,,https://mopsov.twse.com.tw/nas/t21/otc/t21sc03_105_2_0.html
2016-03,Phison Electronics,8299,TPEx,群聯,revenue,3694002.0,TWD thousand,consolidated_IFRS,3091855.0,2866389.0,19.47,28.87,9906386.0,8341477.0,18.76,,https://mopsov.twse.com.tw/nas/t21/otc/t21sc03_105_3_0.html
2016-04,Phison Electronics,8299,TPEx,群聯,revenue,3835798.0,TWD thousand,consolidated_IFRS,3694002.0,2889796.0,3.83,32.73,13742184.0,11231273.0,22.35,,https://mopsov.twse.com.tw/nas/t21/otc/t21sc03_105_4_0.html
2016-05,Phison Electronics,8299,TPEx,群聯,revenue,3190326.0,TWD thousand,consolidated_IFRS,3835798.0,2811290.0,-16.82,13.48,16932510.0,14042563.0,20.57,,https://mopsov.twse.com.tw/nas/t21/otc/t21sc03_105_5_0.html
2016-06,Phison Electronics,8299,TPEx,群聯,revenue,3430814.0,TWD thousand,consolidated_IFRS,3190326.0,2741071.0,7.53,25.16,20363324.0,16783634.0,21.32,,https://mopsov.twse.com.tw/nas/t21/otc/t21sc03_105_6_0.html
2016-07,Phison Electronics,8299,TPEx,群聯,revenue,3788741.0,TWD thousand,consolidated_IFRS,3430814.0,3317290.0,10.43,14.21,24152065.0,20100924.0,20.15,,https://mopsov.twse.com.tw/nas/t21/otc/t21sc03_105_7_0.html
2016-08,Phison Electronics,8299,TPEx,群聯,revenue,4445990.0,TWD thousand,consolidated_IFRS,3788741.0,3225471.0,17.34,37.84,28598055.0,23326395.0,22.59,,https://mopsov.twse.com.tw/nas/t21/otc/t21sc03_105_8_0.html
2016-09,Phison Electronics,8299,TPEx,群聯,revenue,4102626.0,TWD thousand,consolidated_IFRS,4445990.0,3491055.0,-7.72,17.51,32700681.0,26817450.0,21.93,,https://mopsov.twse.com.tw/nas/t21/otc/t21sc03_105_9_0.html
2016-10,Phison Electronics,8299,TPEx,群聯,revenue,4176802.0,TWD thousand,consolidated_IFRS,4102626.0,4170476.0,1.8,0.15,36877483.0,30987926.0,19.0,,https://mopsov.twse.com.tw/nas/t21/otc/t21sc03_105_10_0.html
2016-11,Phison Electronics,8299,TPEx,群聯,revenue,3837687.0,TWD thousand,consolidated_IFRS,4176802.0,3227037.0,-8.11,18.92,40715170.0,34214963.0,18.99,,https://mopsov.twse.com.tw/nas/t21/otc/t21sc03_105_11_0.html
2016-12,Phison Electronics,8299,TPEx,群聯,revenue,3067342.0,TWD thousand,consolidated_IFRS,3837687.0,2963140.0,-20.07,3.51,43782512.0,37178103.0,17.76,,https://mopsov.twse.com.tw/nas/t21/otc/t21sc03_105_12_0.html
2017-01,Phison Electronics,8299,TPEx,群聯,revenue,3147077.0,TWD thousand,consolidated_IFRS,3067342.0,3120529.0,2.59,0.85,3147077.0,3120529.0,0.85,,https://mopsov.twse.com.tw/nas/t21/otc/t21sc03_106_1_0.html
2017-02,Phison Electronics,8299,TPEx,群聯,revenue,2779274.0,TWD thousand,consolidated_IFRS,3147077.0,3091855.0,-11.68,-10.1,5926351.0,6212384.0,-4.6,,https://mopsov.twse.com.tw/nas/t21/otc/t21sc03_106_2_0.html
2017-03,Phison Electronics,8299,TPEx,群聯,revenue,3629516.0,TWD thousand,consolidated_IFRS,2779274.0,3694002.0,30.59,-1.74,9555867.0,9906386.0,-3.53,,https://mopsov.twse.com.tw/nas/t21/otc/t21sc03_106_3_0.html
2017-04,Phison Electronics,8299,TPEx,群聯,revenue,3356656.0,TWD thousand,consolidated_IFRS,3629516.0,3835798.0,-7.51,-12.49,12912523.0,13742184.0,-6.03,,https://mopsov.twse.com.tw/nas/t21/otc/t21sc03_106_4_0.html
2017-05,Phison Electronics,8299,TPEx,群聯,revenue,3492154.0,TWD thousand,consolidated_IFRS,3356656.0,3190326.0,4.03,9.46,16404677.0,16932510.0,-3.11,,https://mopsov.twse.com.tw/nas/t21/otc/t21sc03_106_5_0.html
2017-06,Phison Electronics,8299,TPEx,群聯,revenue,3643683.0,TWD thousand,consolidated_IFRS,3492154.0,3430814.0,4.33,6.2,20048360.0,20363324.0,-1.54,,https://mopsov.twse.com.tw/nas/t21/otc/t21sc03_106_6_0.html
2017-07,Phison Electronics,8299,TPEx,群聯,revenue,3627165.0,TWD thousand,consolidated_IFRS,3643683.0,3788741.0,-0.45,-4.26,23675525.0,24152065.0,-1.97,,https://mopsov.twse.com.tw/nas/t21/otc/t21sc03_106_7_0.html
2017-08,Phison Electronics,8299,TPEx,群聯,revenue,3606489.0,TWD thousand,consolidated_IFRS,3627165.0,4445990.0,-0.57,-18.88,27282014.0,28598055.0,-4.6,,https://mopsov.twse.com.tw/nas/t21/otc/t21sc03_106_8_0.html
2017-09,Phison Electronics,8299,TPEx,群聯,revenue,3939973.0,TWD thousand,consolidated_IFRS,3606489.0,4102626.0,9.24,-3.96,31221987.0,32700681.0,-4.52,,https://mopsov.twse.com.tw/nas/t21/otc/t21sc03_106_9_0.html
2017-10,Phison Electronics,8299,TPEx,群聯,revenue,3741271.0,TWD thousand,consolidated_IFRS,3939973.0,4176802.0,-5.04,-10.42,34963258.0,36877483.0,-5.19,,https://mopsov.twse.com.tw/nas/t21/otc/t21sc03_106_10_0.html
2017-11,Phison Electronics,8299,TPEx,群聯,revenue,3896275.0,TWD thousand,consolidated_IFRS,3741271.0,3837687.0,4.14,1.52,38859533.0,40715170.0,-4.55,,https://mopsov.twse.com.tw/nas/t21/otc/t21sc03_106_11_0.html
2017-12,Phison Electronics,8299,TPEx,群聯,revenue,3005226.0,TWD thousand,consolidated_IFRS,3896275.0,3067342.0,-22.86,-2.02,41864759.0,43782512.0,-4.38,,https://mopsov.twse.com.tw/nas/t21/otc/t21sc03_106_12_0.html
2018-01,Phison Electronics,8299,TPEx,群聯,revenue,3065076.0,TWD thousand,consolidated_IFRS,3005226.0,3147077.0,1.99,-2.6,3065076.0,3147077.0,-2.6,,https://mopsov.twse.com.tw/nas/t21/otc/t21sc03_107_1_0.html
2018-02,Phison Electronics,8299,TPEx,群聯,revenue,2731663.0,TWD thousand,consolidated_IFRS,3065076.0,2779274.0,-10.87,-1.71,5796739.0,5926351.0,-2.18,,https://mopsov.twse.com.tw/nas/t21/otc/t21sc03_107_2_0.html
2018-03,Phison Electronics,8299,TPEx,群聯,revenue,3502814.0,TWD thousand,consolidated_IFRS,2731663.0,3629516.0,28.23,-3.49,9299553.0,9555867.0,-2.68,,https://mopsov.twse.com.tw/nas/t21/otc/t21sc03_107_3_0.html
2018-04,Phison Electronics,8299,TPEx,群聯,revenue,3518011.0,TWD thousand,consolidated_IFRS,3502814.0,3356656.0,0.43,4.8,12817564.0,12912523.0,-0.73,,https://mopsov.twse.com.tw/nas/t21/otc/t21sc03_107_4_0.html
2018-05,Phison Electronics,8299,TPEx,群聯,revenue,3459047.0,TWD thousand,consolidated_IFRS,3518011.0,3492154.0,-1.67,-0.94,16276611.0,16404677.0,-0.78,,https://mopsov.twse.com.tw/nas/t21/otc/t21sc03_107_5_0.html
2018-06,Phison Electronics,8299,TPEx,群聯,revenue,3352088.0,TWD thousand,consolidated_IFRS,3459047.0,3643683.0,-3.09,-8.0,19628699.0,20048360.0,-2.09,,https://mopsov.twse.com.tw/nas/t21/otc/t21sc03_107_6_0.html
2018-07,Phison Electronics,8299,TPEx,群聯,revenue,3569800.0,TWD thousand,consolidated_IFRS,3352088.0,3627165.0,6.49,-1.58,23198499.0,23675525.0,-2.01,,https://mopsov.twse.com.tw/nas/t21/otc/t21sc03_107_7_0.html
2018-08,Phison Electronics,8299,TPEx,群聯,revenue,3905980.0,TWD thousand,consolidated_IFRS,3569800.0,3606489.0,9.41,8.3,27104479.0,27282014.0,-0.65,,https://mopsov.twse.com.tw/nas/t21/otc/t21sc03_107_8_0.html
2018-09,Phison Electronics,8299,TPEx,群聯,revenue,3561053.0,TWD thousand,consolidated_IFRS,3905980.0,3939973.0,-8.83,-9.61,30665532.0,31221987.0,-1.78,,https://mopsov.twse.com.tw/nas/t21/otc/t21sc03_107_9_0.html
2018-10,Phison Electronics,8299,TPEx,群聯,revenue,3606644.0,TWD thousand,consolidated_IFRS,3561053.0,3741271.0,1.28,-3.59,34272176.0,34963258.0,-1.97,,https://mopsov.twse.com.tw/nas/t21/otc/t21sc03_107_10_0.html
2018-11,Phison Electronics,8299,TPEx,群聯,revenue,3554055.0,TWD thousand,consolidated_IFRS,3606644.0,3896275.0,-1.45,-8.78,37826231.0,38859533.0,-2.65,,https://mopsov.twse.com.tw/nas/t21/otc/t21sc03_107_11_0.html
2018-12,Phison Electronics,8299,TPEx,群聯,revenue,2961874.0,TWD thousand,consolidated_IFRS,3554055.0,3005226.0,-16.66,-1.44,40788105.0,41864759.0,-2.57,,https://mopsov.twse.com.tw/nas/t21/otc/t21sc03_107_12_0.html
2019-01,Phison Electronics,8299,TPEx,群聯,revenue,3358464.0,TWD thousand,consolidated_IFRS,2961874.0,3065076.0,13.38,9.57,3358464.0,3065076.0,9.57,,https://mopsov.twse.com.tw/nas/t21/otc/t21sc03_108_1_0.html
2019-02,Phison Electronics,8299,TPEx,群聯,revenue,2710307.0,TWD thousand,consolidated_IFRS,3358464.0,2731663.0,-19.29,-0.78,6068771.0,5796739.0,4.69,,https://mopsov.twse.com.tw/nas/t21/otc/t21sc03_108_2_0.html
2019-03,Phison Electronics,8299,TPEx,群聯,revenue,3274245.0,TWD thousand,consolidated_IFRS,2710307.0,3502814.0,20.8,-6.52,9343016.0,9299553.0,0.46,,https://mopsov.twse.com.tw/nas/t21/otc/t21sc03_108_3_0.html
2019-04,Phison Electronics,8299,TPEx,群聯,revenue,3084400.0,TWD thousand,consolidated_IFRS,3274245.0,3518011.0,-5.79,-12.32,12427416.0,12817564.0,-3.04,,https://mopsov.twse.com.tw/nas/t21/otc/t21sc03_108_4_0.html
2019-05,Phison Electronics,8299,TPEx,群聯,revenue,3355208.0,TWD thousand,consolidated_IFRS,3084400.0,3459047.0,8.77,-3.0,15782624.0,16276611.0,-3.03,,https://mopsov.twse.com.tw/nas/t21/otc/t21sc03_108_5_0.html
2019-06,Phison Electronics,8299,TPEx,群聯,revenue,3343520.0,TWD thousand,consolidated_IFRS,3355208.0,3352088.0,-0.34,-0.25,19126144.0,19628699.0,-2.56,,https://mopsov.twse.com.tw/nas/t21/otc/t21sc03_108_6_0.html
2019-07,Phison Electronics,8299,TPEx,群聯,revenue,4062819.0,TWD thousand,consolidated_IFRS,3343520.0,3569800.0,21.51,13.81,23188963.0,23198499.0,-0.04,,https://mopsov.twse.com.tw/nas/t21/otc/t21sc03_108_7_0.html
2019-08,Phison Electronics,8299,TPEx,群聯,revenue,4272747.0,TWD thousand,consolidated_IFRS,4062819.0,3905980.0,5.16,9.38,27461710.0,27104479.0,1.31,,https://mopsov.twse.com.tw/nas/t21/otc/t21sc03_108_8_0.html
2019-09,Phison Electronics,8299,TPEx,群聯,revenue,4058337.0,TWD thousand,consolidated_IFRS,4272747.0,3561053.0,-5.01,13.96,31520047.0,30665532.0,2.78,,https://mopsov.twse.com.tw/nas/t21/otc/t21sc03_108_9_0.html
2019-10,Phison Electronics,8299,TPEx,群聯,revenue,4697324.0,TWD thousand,consolidated_IFRS,4058337.0,3606644.0,15.74,30.24,36217371.0,34272176.0,5.67,,https://mopsov.twse.com.tw/nas/t21/otc/t21sc03_108_10_0.html
2019-11,Phison Electronics,8299,TPEx,群聯,revenue,4380889.0,TWD thousand,consolidated_IFRS,4697324.0,3554055.0,-6.73,23.26,40598260.0,37826231.0,7.32,,https://mopsov.twse.com.tw/nas/t21/otc/t21sc03_108_11_0.html
2019-12,Phison Electronics,8299,TPEx,群聯,revenue,4095181.0,TWD thousand,consolidated_IFRS,4380889.0,2961874.0,-6.52,38.26,44693441.0,40788105.0,9.57,,https://mopsov.twse.com.tw/nas/t21/otc/t21sc03_108_12_0.html
2020-01,Phison Electronics,8299,TPEx,群聯,revenue,3325942.0,TWD thousand,consolidated_IFRS,4095181.0,3358464.0,-18.78,-0.96,3325942.0,3358464.0,-0.96,,https://mopsov.twse.com.tw/nas/t21/otc/t21sc03_109_1_0.html
2020-02,Phison Electronics,8299,TPEx,群聯,revenue,4001968.0,TWD thousand,consolidated_IFRS,3325942.0,2710307.0,20.32,47.65,7327910.0,6068771.0,20.74,,https://mopsov.twse.com.tw/nas/t21/otc/t21sc03_109_2_0.html
2020-03,Phison Electronics,8299,TPEx,群聯,revenue,5538793.0,TWD thousand,consolidated_IFRS,4001968.0,3274245.0,38.4,69.16,12866703.0,9343016.0,37.71,產品組合改變,https://mopsov.twse.com.tw/nas/t21/otc/t21sc03_109_3_0.html
2020-04,Phison Electronics,8299,TPEx,群聯,revenue,3579202.0,TWD thousand,consolidated_IFRS,5538793.0,3084400.0,-35.37,16.04,16445905.0,12427416.0,32.33,,https://mopsov.twse.com.tw/nas/t21/otc/t21sc03_109_4_0.html
2020-05,Phison Electronics,8299,TPEx,群聯,revenue,3905092.0,TWD thousand,consolidated_IFRS,3579202.0,3355208.0,9.1,16.38,20350997.0,15782624.0,28.94,,https://mopsov.twse.com.tw/nas/t21/otc/t21sc03_109_5_0.html
2020-06,Phison Electronics,8299,TPEx,群聯,revenue,3370555.0,TWD thousand,consolidated_IFRS,3905092.0,3343520.0,-13.68,0.8,23721552.0,19126144.0,24.02,,https://mopsov.twse.com.tw/nas/t21/otc/t21sc03_109_6_0.html
2020-07,Phison Electronics,8299,TPEx,群聯,revenue,3849067.0,TWD thousand,consolidated_IFRS,3370555.0,4062819.0,14.19,-5.26,27570619.0,23188963.0,18.89,,https://mopsov.twse.com.tw/nas/t21/otc/t21sc03_109_7_0.html
2020-08,Phison Electronics,8299,TPEx,群聯,revenue,3743807.0,TWD thousand,consolidated_IFRS,3849067.0,4272747.0,-2.73,-12.37,31314426.0,27461710.0,14.02,,https://mopsov.twse.com.tw/nas/t21/otc/t21sc03_109_8_0.html
2020-09,Phison Electronics,8299,TPEx,群聯,revenue,4341123.0,TWD thousand,consolidated_IFRS,3743807.0,4058337.0,15.95,6.96,35655549.0,31520047.0,13.12,,https://mopsov.twse.com.tw/nas/t21/otc/t21sc03_109_9_0.html
2020-10,Phison Electronics,8299,TPEx,群聯,revenue,4447850.0,TWD thousand,consolidated_IFRS,4341123.0,4697324.0,2.45,-5.31,40103399.0,36217371.0,10.72,,https://mopsov.twse.com.tw/nas/t21/otc/t21sc03_109_10_0.html
2020-11,Phison Electronics,8299,TPEx,群聯,revenue,4218291.0,TWD thousand,consolidated_IFRS,4447850.0,4380889.0,-5.16,-3.71,44321690.0,40598260.0,9.17,,https://mopsov.twse.com.tw/nas/t21/otc/t21sc03_109_11_0.html
2020-12,Phison Electronics,8299,TPEx,群聯,revenue,4174832.0,TWD thousand,consolidated_IFRS,4218291.0,4095181.0,-1.03,1.94,48496522.0,44693441.0,8.5,,https://mopsov.twse.com.tw/nas/t21/otc/t21sc03_109_12_0.html
2021-01,Phison Electronics,8299,TPEx,群聯,revenue,4060743.0,TWD thousand,consolidated_IFRS,4174832.0,3325942.0,-2.73,22.09,4060743.0,3325942.0,22.09,,https://mopsov.twse.com.tw/nas/t21/otc/t21sc03_110_1_0.html
2021-02,Phison Electronics,8299,TPEx,群聯,revenue,3654613.0,TWD thousand,consolidated_IFRS,4060743.0,4001968.0,-10.0,-8.67,7715356.0,7327910.0,5.28,,https://mopsov.twse.com.tw/nas/t21/otc/t21sc03_110_2_0.html
2021-03,Phison Electronics,8299,TPEx,群聯,revenue,5172594.0,TWD thousand,consolidated_IFRS,3654613.0,5538793.0,41.53,-6.61,12887950.0,12866703.0,0.16,,https://mopsov.twse.com.tw/nas/t21/otc/t21sc03_110_3_0.html
2021-04,Phison Electronics,8299,TPEx,群聯,revenue,5090578.0,TWD thousand,consolidated_IFRS,5172594.0,3579202.0,-1.58,42.22,17978528.0,16445905.0,9.31,,https://mopsov.twse.com.tw/nas/t21/otc/t21sc03_110_4_0.html
2021-05,Phison Electronics,8299,TPEx,群聯,revenue,5696048.0,TWD thousand,consolidated_IFRS,5090578.0,3905092.0,11.89,45.86,23674576.0,20350997.0,16.33,,https://mopsov.twse.com.tw/nas/t21/otc/t21sc03_110_5_0.html
2021-06,Phison Electronics,8299,TPEx,群聯,revenue,5123350.0,TWD thousand,consolidated_IFRS,5696048.0,3370555.0,-10.05,52.0,28797926.0,23721552.0,21.39,營收成長主要係模組產品營收較去年同期成長68.41%；綜效使6月整體營收較去年同期成長52%。,https://mopsov.twse.com.tw/nas/t21/otc/t21sc03_110_6_0.html
2021-07,Phison Electronics,8299,TPEx,群聯,revenue,5482184.0,TWD thousand,consolidated_IFRS,5123350.0,3849067.0,7.0,42.42,34280110.0,27570619.0,24.33,,https://mopsov.twse.com.tw/nas/t21/otc/t21sc03_110_7_0.html
2021-08,Phison Electronics,8299,TPEx,群聯,revenue,5706563.0,TWD thousand,consolidated_IFRS,5482184.0,3743807.0,4.09,52.42,39986673.0,31314426.0,27.69,主要係模組產品營收增加51.17%,https://mopsov.twse.com.tw/nas/t21/otc/t21sc03_110_8_0.html
2021-09,Phison Electronics,8299,TPEx,群聯,revenue,5737799.0,TWD thousand,consolidated_IFRS,5706563.0,4341123.0,0.54,32.17,45724472.0,35655549.0,28.23,,https://mopsov.twse.com.tw/nas/t21/otc/t21sc03_110_9_0.html
2021-10,Phison Electronics,8299,TPEx,群聯,revenue,6036781.0,TWD thousand,consolidated_IFRS,5737799.0,4447850.0,5.21,35.72,51761253.0,40103399.0,29.06,,https://mopsov.twse.com.tw/nas/t21/otc/t21sc03_110_10_0.html
2021-11,Phison Electronics,8299,TPEx,群聯,revenue,5802942.0,TWD thousand,consolidated_IFRS,6036781.0,4218291.0,-3.87,37.56,57564195.0,44321690.0,29.87,,https://mopsov.twse.com.tw/nas/t21/otc/t21sc03_110_11_0.html
2021-12,Phison Electronics,8299,TPEx,群聯,revenue,4992997.0,TWD thousand,consolidated_IFRS,5802942.0,4174832.0,-13.95,19.59,62557192.0,48496522.0,28.99,,https://mopsov.twse.com.tw/nas/t21/otc/t21sc03_110_12_0.html
2022-01,Phison Electronics,8299,TPEx,群聯,revenue,5418890.0,TWD thousand,consolidated_IFRS,4992997.0,4060743.0,8.52,33.44,5418890.0,4060743.0,33.44,,https://mopsov.twse.com.tw/nas/t21/otc/t21sc03_111_1_0.html
2022-02,Phison Electronics,8299,TPEx,群聯,revenue,5307336.0,TWD thousand,consolidated_IFRS,5418890.0,3654613.0,-2.05,45.22,10726226.0,7715356.0,39.02,,https://mopsov.twse.com.tw/nas/t21/otc/t21sc03_111_2_0.html
2022-03,Phison Electronics,8299,TPEx,群聯,revenue,6379633.0,TWD thousand,consolidated_IFRS,5307336.0,5172594.0,20.2,23.33,17105859.0,12887950.0,32.72,,https://mopsov.twse.com.tw/nas/t21/otc/t21sc03_111_3_0.html
2022-04,Phison Electronics,8299,TPEx,群聯,revenue,5901725.0,TWD thousand,consolidated_IFRS,6379633.0,5090578.0,-7.49,15.93,23007584.0,17978528.0,27.97,,https://mopsov.twse.com.tw/nas/t21/otc/t21sc03_111_4_0.html
2022-05,Phison Electronics,8299,TPEx,群聯,revenue,5099437.0,TWD thousand,consolidated_IFRS,5901725.0,5696048.0,-13.59,-10.47,28107021.0,23674576.0,18.72,,https://mopsov.twse.com.tw/nas/t21/otc/t21sc03_111_5_0.html
2022-06,Phison Electronics,8299,TPEx,群聯,revenue,5284253.0,TWD thousand,consolidated_IFRS,5099437.0,5123350.0,3.62,3.14,33391274.0,28797926.0,15.95,,https://mopsov.twse.com.tw/nas/t21/otc/t21sc03_111_6_0.html
2022-07,Phison Electronics,8299,TPEx,群聯,revenue,5342363.0,TWD thousand,consolidated_IFRS,5284253.0,5482184.0,1.09,-2.55,38733637.0,34280110.0,12.99,,https://mopsov.twse.com.tw/nas/t21/otc/t21sc03_111_7_0.html
2022-08,Phison Electronics,8299,TPEx,群聯,revenue,4423361.0,TWD thousand,consolidated_IFRS,5342363.0,5706563.0,-17.2,-22.48,43156998.0,39986673.0,7.92,,https://mopsov.twse.com.tw/nas/t21/otc/t21sc03_111_8_0.html
2022-09,Phison Electronics,8299,TPEx,群聯,revenue,4808884.0,TWD thousand,consolidated_IFRS,4423361.0,5737799.0,8.71,-16.18,47965882.0,45724472.0,4.9,,https://mopsov.twse.com.tw/nas/t21/otc/t21sc03_111_9_0.html
2022-10,Phison Electronics,8299,TPEx,群聯,revenue,4205901.0,TWD thousand,consolidated_IFRS,4808884.0,6036781.0,-12.53,-30.32,52171783.0,51761253.0,0.79,,https://mopsov.twse.com.tw/nas/t21/otc/t21sc03_111_10_0.html
2022-11,Phison Electronics,8299,TPEx,群聯,revenue,4082304.0,TWD thousand,consolidated_IFRS,4205901.0,5802942.0,-2.93,-29.65,56254087.0,57564195.0,-2.27,,https://mopsov.twse.com.tw/nas/t21/otc/t21sc03_111_11_0.html
2022-12,Phison Electronics,8299,TPEx,群聯,revenue,4002055.0,TWD thousand,consolidated_IFRS,4082304.0,4992997.0,-1.96,-19.84,60256142.0,62557192.0,-3.67,,https://mopsov.twse.com.tw/nas/t21/otc/t21sc03_111_12_0.html
2023-01,Phison Electronics,8299,TPEx,群聯,revenue,2878167.0,TWD thousand,consolidated_IFRS,4002055.0,5418890.0,-28.08,-46.88,2878167.0,5418890.0,-46.88,,https://mopsov.twse.com.tw/nas/t21/otc/t21sc03_112_1_0.html
2023-02,Phison Electronics,8299,TPEx,群聯,revenue,3274873.0,TWD thousand,consolidated_IFRS,2878167.0,5307336.0,13.78,-38.29,6153040.0,10726226.0,-42.63,,https://mopsov.twse.com.tw/nas/t21/otc/t21sc03_112_2_0.html
2023-03,Phison Electronics,8299,TPEx,群聯,revenue,3925381.0,TWD thousand,consolidated_IFRS,3274873.0,6379633.0,19.86,-38.47,10078421.0,17105859.0,-41.08,,https://mopsov.twse.com.tw/nas/t21/otc/t21sc03_112_3_0.html
2023-04,Phison Electronics,8299,TPEx,群聯,revenue,3366959.0,TWD thousand,consolidated_IFRS,3925381.0,5901725.0,-14.22,-42.94,13445380.0,23007584.0,-41.56,,https://mopsov.twse.com.tw/nas/t21/otc/t21sc03_112_4_0.html
2023-05,Phison Electronics,8299,TPEx,群聯,revenue,3201684.0,TWD thousand,consolidated_IFRS,3366959.0,5099437.0,-4.9,-37.21,16647064.0,28107021.0,-40.77,,https://mopsov.twse.com.tw/nas/t21/otc/t21sc03_112_5_0.html
2023-06,Phison Electronics,8299,TPEx,群聯,revenue,3438001.0,TWD thousand,consolidated_IFRS,3201684.0,5284253.0,7.38,-34.93,20085065.0,33391274.0,-39.84,,https://mopsov.twse.com.tw/nas/t21/otc/t21sc03_112_6_0.html
2023-07,Phison Electronics,8299,TPEx,群聯,revenue,3394299.0,TWD thousand,consolidated_IFRS,3438001.0,5342363.0,-1.27,-36.46,23479364.0,38733637.0,-39.38,,https://mopsov.twse.com.tw/nas/t21/otc/t21sc03_112_7_0.html
2023-08,Phison Electronics,8299,TPEx,群聯,revenue,3990403.0,TWD thousand,consolidated_IFRS,3394299.0,4423361.0,17.56,-9.78,27469767.0,43156998.0,-36.34,,https://mopsov.twse.com.tw/nas/t21/otc/t21sc03_112_8_0.html
2023-09,Phison Electronics,8299,TPEx,群聯,revenue,5003863.0,TWD thousand,consolidated_IFRS,3990403.0,4808884.0,25.39,4.05,32473630.0,47965882.0,-32.29,,https://mopsov.twse.com.tw/nas/t21/otc/t21sc03_112_9_0.html
2023-10,Phison Electronics,8299,TPEx,群聯,revenue,5158905.0,TWD thousand,consolidated_IFRS,5003863.0,4205901.0,3.09,22.65,37632535.0,52171783.0,-27.86,,https://mopsov.twse.com.tw/nas/t21/otc/t21sc03_112_10_0.html
2023-11,Phison Electronics,8299,TPEx,群聯,revenue,5407270.0,TWD thousand,consolidated_IFRS,5158905.0,4082304.0,4.81,32.45,43039805.0,56254087.0,-23.49,,https://mopsov.twse.com.tw/nas/t21/otc/t21sc03_112_11_0.html
2023-12,Phison Electronics,8299,TPEx,群聯,revenue,5181825.0,TWD thousand,consolidated_IFRS,5407270.0,4002055.0,-4.16,29.47,48221630.0,60256142.0,-19.97,,https://mopsov.twse.com.tw/nas/t21/otc/t21sc03_112_12_0.html
2024-01,Phison Electronics,8299,TPEx,群聯,revenue,5086003.0,TWD thousand,consolidated_IFRS,5181825.0,2878167.0,-1.84,76.7,5086003.0,2878167.0,76.7,模組產品銷售額約增加67%,https://mopsov.twse.com.tw/nas/t21/otc/t21sc03_113_1_0.html
2024-02,Phison Electronics,8299,TPEx,群聯,revenue,4664908.0,TWD thousand,consolidated_IFRS,5086003.0,3274873.0,-8.27,42.44,9750911.0,6153040.0,58.47,模組產品銷售額約增加60%,https://mopsov.twse.com.tw/nas/t21/otc/t21sc03_113_2_0.html
2024-03,Phison Electronics,8299,TPEx,群聯,revenue,6774966.0,TWD thousand,consolidated_IFRS,4664908.0,3925381.0,45.23,72.59,16525877.0,10078421.0,63.97,模組產品銷售額約增加60%,https://mopsov.twse.com.tw/nas/t21/otc/t21sc03_113_3_0.html
2024-04,Phison Electronics,8299,TPEx,群聯,revenue,5156193.0,TWD thousand,consolidated_IFRS,6774966.0,3366959.0,-23.89,53.14,21682070.0,13445380.0,61.26,模組產品銷售額增加30%,https://mopsov.twse.com.tw/nas/t21/otc/t21sc03_113_4_0.html
2024-05,Phison Electronics,8299,TPEx,群聯,revenue,5377566.0,TWD thousand,consolidated_IFRS,5156193.0,3201684.0,4.29,67.96,27059636.0,16647064.0,62.54,係模組產品銷售額增加,https://mopsov.twse.com.tw/nas/t21/otc/t21sc03_113_5_0.html
2024-06,Phison Electronics,8299,TPEx,群聯,revenue,5361009.0,TWD thousand,consolidated_IFRS,5377566.0,3438001.0,-0.3,55.93,32420645.0,20085065.0,61.41,係模組產品銷售額增加,https://mopsov.twse.com.tw/nas/t21/otc/t21sc03_113_6_0.html
2024-07,Phison Electronics,8299,TPEx,群聯,revenue,4706092.0,TWD thousand,consolidated_IFRS,5361009.0,3394299.0,-12.21,38.64,37126737.0,23479364.0,58.12,係模組產品銷售額增加,https://mopsov.twse.com.tw/nas/t21/otc/t21sc03_113_7_0.html
2024-08,Phison Electronics,8299,TPEx,群聯,revenue,4805588.0,TWD thousand,consolidated_IFRS,4706092.0,3990403.0,2.11,20.42,41932325.0,27469767.0,52.64,係模組產品銷售額增加,https://mopsov.twse.com.tw/nas/t21/otc/t21sc03_113_8_0.html
2024-09,Phison Electronics,8299,TPEx,群聯,revenue,4430879.0,TWD thousand,consolidated_IFRS,4805588.0,5003863.0,-7.79,-11.45,46363204.0,32473630.0,42.77,,https://mopsov.twse.com.tw/nas/t21/otc/t21sc03_113_9_0.html
2024-10,Phison Electronics,8299,TPEx,群聯,revenue,3717027.0,TWD thousand,consolidated_IFRS,4430879.0,5158905.0,-16.11,-27.94,50080231.0,37632535.0,33.07,,https://mopsov.twse.com.tw/nas/t21/otc/t21sc03_113_10_0.html
2024-11,Phison Electronics,8299,TPEx,群聯,revenue,4333904.0,TWD thousand,consolidated_IFRS,3717027.0,5407270.0,16.59,-19.85,54414135.0,43039805.0,26.42,,https://mopsov.twse.com.tw/nas/t21/otc/t21sc03_113_11_0.html
2024-12,Phison Electronics,8299,TPEx,群聯,revenue,4521378.0,TWD thousand,consolidated_IFRS,4333904.0,5181825.0,4.32,-12.74,58935513.0,48221630.0,22.21,,https://mopsov.twse.com.tw/nas/t21/otc/t21sc03_113_12_0.html
2025-01,Phison Electronics,8299,TPEx,群聯,revenue,3613390.0,TWD thousand,consolidated_IFRS,4521378.0,5086003.0,-20.08,-28.95,3613390.0,5086003.0,-28.95,,https://mopsov.twse.com.tw/nas/t21/otc/t21sc03_114_1_0.html
2025-02,Phison Electronics,8299,TPEx,群聯,revenue,4527416.0,TWD thousand,consolidated_IFRS,3613390.0,4664908.0,25.29,-2.94,8140806.0,9750911.0,-16.51,,https://mopsov.twse.com.tw/nas/t21/otc/t21sc03_114_2_0.html
2025-03,Phison Electronics,8299,TPEx,群聯,revenue,5697759.0,TWD thousand,consolidated_IFRS,4527416.0,6774966.0,25.85,-15.89,13838565.0,16525877.0,-16.26,,https://mopsov.twse.com.tw/nas/t21/otc/t21sc03_114_3_0.html
2025-04,Phison Electronics,8299,TPEx,群聯,revenue,6002833.0,TWD thousand,consolidated_IFRS,5697759.0,5156193.0,5.35,16.41,19841398.0,21682070.0,-8.48,,https://mopsov.twse.com.tw/nas/t21/otc/t21sc03_114_4_0.html
2025-05,Phison Electronics,8299,TPEx,群聯,revenue,5689559.0,TWD thousand,consolidated_IFRS,6002833.0,5377566.0,-5.21,5.8,25530957.0,27059636.0,-5.64,,https://mopsov.twse.com.tw/nas/t21/otc/t21sc03_114_5_0.html
2025-06,Phison Electronics,8299,TPEx,群聯,revenue,6197679.0,TWD thousand,consolidated_IFRS,5689559.0,5361009.0,8.93,15.6,31728636.0,32420645.0,-2.13,,https://mopsov.twse.com.tw/nas/t21/otc/t21sc03_114_6_0.html
2025-07,Phison Electronics,8299,TPEx,群聯,revenue,5687708.0,TWD thousand,consolidated_IFRS,6197679.0,4706092.0,-8.22,20.85,37416344.0,37126737.0,0.78,,https://mopsov.twse.com.tw/nas/t21/otc/t21sc03_114_7_0.html
2025-08,Phison Electronics,8299,TPEx,群聯,revenue,5933811.0,TWD thousand,consolidated_IFRS,5687708.0,4805588.0,4.32,23.47,43350155.0,41932325.0,3.38,,https://mopsov.twse.com.tw/nas/t21/otc/t21sc03_114_8_0.html
2025-09,Phison Electronics,8299,TPEx,群聯,revenue,6515278.0,TWD thousand,consolidated_IFRS,5933811.0,4430879.0,9.79,47.04,49865433.0,46363204.0,7.55,,https://mopsov.twse.com.tw/nas/t21/otc/t21sc03_114_9_0.html
2025-10,Phison Electronics,8299,TPEx,群聯,revenue,7065326.0,TWD thousand,consolidated_IFRS,6515278.0,3717027.0,8.44,90.08,56930759.0,50080231.0,13.67,係模組產品出貨量增加,https://mopsov.twse.com.tw/nas/t21/otc/t21sc03_114_10_0.html
2025-11,Phison Electronics,8299,TPEx,群聯,revenue,7021586.0,TWD thousand,consolidated_IFRS,7065326.0,4333904.0,-0.61,62.01,63952345.0,54414135.0,17.52,係模組產品出貨量增加,https://mopsov.twse.com.tw/nas/t21/otc/t21sc03_114_11_0.html
2025-12,Phison Electronics,8299,TPEx,群聯,revenue,8711746.0,TWD thousand,consolidated_IFRS,7021586.0,4521378.0,24.07,92.67,72664091.0,58935513.0,23.29,係總出貨量增加,https://mopsov.twse.com.tw/nas/t21/otc/t21sc03_114_12_0.html
2026-01,Phison Electronics,8299,TPEx,群聯,revenue,10451593.0,TWD thousand,consolidated_IFRS,8711746.0,3613390.0,19.97,189.24,10451593.0,3613390.0,189.24,係總出貨量增加,https://mopsov.twse.com.tw/nas/t21/otc/t21sc03_115_1_0.html
2026-02,Phison Electronics,8299,TPEx,群聯,revenue,12198386.0,TWD thousand,consolidated_IFRS,10451593.0,4527416.0,16.71,169.43,22649979.0,8140806.0,178.22,係總出貨量增加,https://mopsov.twse.com.tw/nas/t21/otc/t21sc03_115_2_0.html
2026-03,Phison Electronics,8299,TPEx,群聯,revenue,18316974.0,TWD thousand,consolidated_IFRS,12198386.0,5697759.0,50.15,221.47,40966953.0,13838565.0,196.03,係總出貨量增加,https://mopsov.twse.com.tw/nas/t21/otc/t21sc03_115_3_0.html
2026-04,Phison Electronics,8299,TPEx,群聯,revenue,20207493.0,TWD thousand,consolidated_IFRS,18316974.0,6002833.0,10.32,236.63,61174446.0,19841398.0,208.31,係總出貨量及均價增加,https://mopsov.twse.com.tw/nas/t21/otc/t21sc03_115_4_0.html
2026-05,Phison Electronics,8299,TPEx,群聯,revenue,22827979.0,TWD thousand,consolidated_IFRS,20207493.0,5689559.0,12.96,301.22,84002425.0,25530957.0,229.02,係總出貨量及均價增加,https://mopsov.twse.com.tw/nas/t21/otc/t21sc03_115_5_0.html
2026-06,Phison Electronics,8299,TPEx,群聯,revenue,24852784.0,TWD thousand,consolidated_IFRS,22827979.0,6197679.0,8.86,301.0,108855209.0,31728636.0,243.08,係總出貨量及均價增加,https://mopsov.twse.com.tw/nas/t21/otc/t21sc03_115_6_0.html
2026-07,Phison Electronics,8299,TPEx,群聯,revenue,27161687.0,TWD thousand,consolidated_IFRS,24852784.0,5687708.0,9.29,377.55,136016896.0,37416344.0,263.52,係總出貨量及均價增加,https://mopsov.twse.com.tw/nas/t21/otc/t21sc03_115_7_0.html
2026-08,Phison Electronics,8299,TPEx,群聯,revenue,28275661.0,TWD thousand,consolidated_IFRS,27161687.0,5933811.0,4.1,376.51,164292557.0,43350155.0,278.98,係總出貨量及均價增加,https://mopsov.twse.com.tw/nas/t21/otc/t21sc03_115_8_0.html
