Date,Series,Value
2017-01-01,Average Tone,-6.8783
2017-01-02,Average Tone,1.4085
2017-01-03,Average Tone,0
2017-01-04,Average Tone,-0.1339
2017-01-05,Average Tone,-3.2799
2017-01-06,Average Tone,1.603
2017-01-07,Average Tone,0
2017-01-08,Average Tone,0
2017-01-09,Average Tone,-1.2594
2017-01-10,Average Tone,0.2408
2017-01-11,Average Tone,-1.087
2017-01-12,Average Tone,-2.0828
2017-01-13,Average Tone,0
2017-01-14,Average Tone,-0.7519
2017-01-15,Average Tone,0
2017-01-16,Average Tone,-2.1959
2017-01-17,Average Tone,0.4862
2017-01-18,Average Tone,1.1173
2017-01-19,Average Tone,-1.964
2017-01-20,Average Tone,0
2017-01-21,Average Tone,0
2017-01-22,Average Tone,0
2017-01-23,Average Tone,0
2017-01-24,Average Tone,1.3016
2017-01-25,Average Tone,0.4935
2017-01-26,Average Tone,0.4478
2017-01-27,Average Tone,0
2017-01-28,Average Tone,0
2017-01-29,Average Tone,0
2017-01-30,Average Tone,-1.7082
2017-01-31,Average Tone,-2.7697
2017-02-01,Average Tone,0.7223
2017-02-02,Average Tone,-1.6667
2017-02-03,Average Tone,0
2017-02-04,Average Tone,0
2017-02-05,Average Tone,0
2017-02-06,Average Tone,0
2017-02-07,Average Tone,-0.7954
2017-02-08,Average Tone,0
2017-02-09,Average Tone,-0.547
2017-02-10,Average Tone,1.1468
2017-02-11,Average Tone,2.4145
2017-02-12,Average Tone,2.8661
2017-02-13,Average Tone,0.3014
2017-02-14,Average Tone,-5.7554
2017-02-15,Average Tone,-2.5672
2017-02-16,Average Tone,0
2017-02-17,Average Tone,-1.0307
2017-02-18,Average Tone,-1.2739
2017-02-19,Average Tone,0
2017-02-20,Average Tone,0
2017-02-21,Average Tone,0
2017-02-22,Average Tone,-1.9784
2017-02-23,Average Tone,1.8802
2017-02-24,Average Tone,0
2017-02-25,Average Tone,0
2017-02-26,Average Tone,0.5128
2017-02-27,Average Tone,-0.248
2017-02-28,Average Tone,0
2017-03-01,Average Tone,-0.5714
2017-03-02,Average Tone,-1.1111
2017-03-03,Average Tone,0
2017-03-04,Average Tone,0
2017-03-05,Average Tone,0
2017-03-06,Average Tone,0
2017-03-07,Average Tone,-0.5105
2017-03-08,Average Tone,-0.2707
2017-03-09,Average Tone,0
2017-03-10,Average Tone,0
2017-03-11,Average Tone,0
2017-03-12,Average Tone,0
2017-03-13,Average Tone,-1.1331
2017-03-14,Average Tone,0
2017-03-15,Average Tone,-2.8302
2017-03-16,Average Tone,0
2017-03-17,Average Tone,0
2017-03-18,Average Tone,0
2017-03-19,Average Tone,0
2017-03-20,Average Tone,0
2017-03-21,Average Tone,0
2017-03-22,Average Tone,0
2017-03-23,Average Tone,0
2017-03-24,Average Tone,0
2017-03-25,Average Tone,-2.8169
2017-03-26,Average Tone,-1.1628
2017-03-27,Average Tone,0.2395
2017-03-28,Average Tone,0
2017-03-29,Average Tone,0.0661
2017-03-30,Average Tone,-1.0246
2017-03-31,Average Tone,0
2017-04-01,Average Tone,0
2017-04-02,Average Tone,0
2017-04-03,Average Tone,0.1783
2017-04-04,Average Tone,-0.33
2017-04-05,Average Tone,-0.724
2017-04-06,Average Tone,0.2611
2017-04-07,Average Tone,1.3978
2017-04-08,Average Tone,0
2017-04-09,Average Tone,-1.4085
2017-04-10,Average Tone,-0.6024
2017-04-11,Average Tone,-2.5641
2017-04-12,Average Tone,0
2017-04-13,Average Tone,-1.3514
2017-04-14,Average Tone,-0.2183
2017-04-15,Average Tone,4.5125
2017-04-16,Average Tone,0
2017-04-17,Average Tone,0
2017-04-18,Average Tone,0
2017-04-19,Average Tone,0
2017-04-20,Average Tone,1.0058
2017-04-21,Average Tone,0
2017-04-22,Average Tone,0
2017-04-23,Average Tone,-5.3846
2017-04-24,Average Tone,2.1525
2017-04-25,Average Tone,-0.905
2017-04-26,Average Tone,1.3652
2017-04-27,Average Tone,-1.6954
2017-04-28,Average Tone,0
2017-04-29,Average Tone,0
2017-04-30,Average Tone,-4.0173
2017-05-01,Average Tone,0
2017-05-02,Average Tone,-1.4502
2017-05-03,Average Tone,-0.9562
2017-05-04,Average Tone,-2.3569
2017-05-05,Average Tone,1.1198
2017-05-06,Average Tone,0
2017-05-07,Average Tone,0
2017-05-08,Average Tone,0
2017-05-09,Average Tone,0
2017-05-10,Average Tone,-3.0075
2017-05-11,Average Tone,1.0352
2017-05-12,Average Tone,-1.1194
2017-05-13,Average Tone,0
2017-05-14,Average Tone,0
2017-05-15,Average Tone,-1.6129
2017-05-16,Average Tone,-1.8957
2017-05-17,Average Tone,2.4138
2017-05-18,Average Tone,0
2017-05-19,Average Tone,0
2017-05-20,Average Tone,0
2017-05-21,Average Tone,0
2017-05-22,Average Tone,0
2017-05-23,Average Tone,-1.2987
2017-05-24,Average Tone,0.3689
2017-05-25,Average Tone,0.2814
2017-05-26,Average Tone,-1.2371
2017-05-27,Average Tone,-5.0959
2017-05-28,Average Tone,-2.6027
2017-05-29,Average Tone,-1.2371
2017-05-30,Average Tone,-1.9324
2017-05-31,Average Tone,0.862
2017-06-01,Average Tone,-0.2385
2017-06-02,Average Tone,0
2017-06-03,Average Tone,0
2017-06-04,Average Tone,-5.9028
2017-06-05,Average Tone,0
2017-06-06,Average Tone,-0.5682
2017-06-07,Average Tone,0
2017-06-08,Average Tone,-1.4032
2017-06-09,Average Tone,0
2017-06-10,Average Tone,0
2017-06-11,Average Tone,-1.1577
2017-06-12,Average Tone,-2.1212
2017-06-13,Average Tone,0
2017-06-14,Average Tone,0.8812
2017-06-15,Average Tone,0
2017-06-16,Average Tone,0.7317
2017-06-17,Average Tone,-5.2696
2017-06-18,Average Tone,3.5556
2017-06-19,Average Tone,-1.2503
2017-06-20,Average Tone,0.9331
2017-06-21,Average Tone,0.5507
2017-06-22,Average Tone,0
2017-06-23,Average Tone,0.1247
2017-06-24,Average Tone,-2.2708
2017-06-25,Average Tone,0
2017-06-26,Average Tone,0
2017-06-27,Average Tone,0
2017-06-28,Average Tone,2.0896
2017-06-29,Average Tone,0
2017-06-30,Average Tone,-1.3514
2017-07-01,Average Tone,0
2017-07-02,Average Tone,0
2017-07-03,Average Tone,1.0092
2017-07-04,Average Tone,-0.4949
2017-07-05,Average Tone,0.5509
2017-07-06,Average Tone,-1.0525
2017-07-07,Average Tone,-2.0247
2017-07-08,Average Tone,0
2017-07-09,Average Tone,0
2017-07-10,Average Tone,0
2017-07-11,Average Tone,0
2017-07-12,Average Tone,0
2017-07-13,Average Tone,0
2017-07-14,Average Tone,0
2017-07-15,Average Tone,0
2017-07-16,Average Tone,0
2017-07-17,Average Tone,-1.6556
2017-07-18,Average Tone,0.387
2017-07-19,Average Tone,0
2017-07-20,Average Tone,0
2017-07-21,Average Tone,0
2017-07-22,Average Tone,0
2017-07-23,Average Tone,0
2017-07-24,Average Tone,-0.3077
2017-07-25,Average Tone,0
2017-07-26,Average Tone,-2.4862
2017-07-27,Average Tone,0
2017-07-28,Average Tone,0
2017-07-29,Average Tone,0
2017-07-30,Average Tone,0
2017-07-31,Average Tone,-1.4013
2017-08-01,Average Tone,-0.0542
2017-08-02,Average Tone,0.1297
2017-08-03,Average Tone,1.8816
2017-08-04,Average Tone,0
2017-08-05,Average Tone,0
2017-08-06,Average Tone,0
2017-08-07,Average Tone,0
2017-08-08,Average Tone,0
2017-08-09,Average Tone,0
2017-08-10,Average Tone,-3.2353
2017-08-11,Average Tone,0
2017-08-12,Average Tone,0
2017-08-13,Average Tone,0
2017-08-14,Average Tone,0
2017-08-15,Average Tone,0
2017-08-16,Average Tone,-4.8848
2017-08-17,Average Tone,-1.8265
2017-08-18,Average Tone,-7.0806
2017-08-19,Average Tone,0
2017-08-20,Average Tone,-0.2751
2017-08-21,Average Tone,0
2017-08-22,Average Tone,2.4316
2017-08-23,Average Tone,-1.4368
2017-08-24,Average Tone,-0.7634
2017-08-25,Average Tone,0
2017-08-26,Average Tone,0
2017-08-27,Average Tone,-3.559
2017-08-28,Average Tone,-3.2967
2017-08-29,Average Tone,-3.0744
2017-08-30,Average Tone,0
2017-08-31,Average Tone,-5.1282
2017-09-01,Average Tone,-0.8336
2017-09-02,Average Tone,-2.1505
2017-09-03,Average Tone,0
2017-09-04,Average Tone,-3.6735
2017-09-05,Average Tone,1.1212
2017-09-06,Average Tone,2.4843
2017-09-07,Average Tone,-3.9841
2017-09-08,Average Tone,0
2017-09-09,Average Tone,0
2017-09-10,Average Tone,0
2017-09-11,Average Tone,0
2017-09-12,Average Tone,-2.3622
2017-09-13,Average Tone,0
2017-09-14,Average Tone,-4.5462
2017-09-15,Average Tone,0
2017-09-16,Average Tone,0
2017-09-17,Average Tone,-0.3495
2017-09-18,Average Tone,0
2017-09-19,Average Tone,-1.426
2017-09-20,Average Tone,1.0584
2017-09-21,Average Tone,-5.5105
2017-09-22,Average Tone,0
2017-09-23,Average Tone,-0.6628
2017-09-24,Average Tone,0
2017-09-25,Average Tone,-0.1938
2017-09-26,Average Tone,-0.0302
2017-09-27,Average Tone,-0.1963
2017-09-28,Average Tone,0
2017-09-29,Average Tone,0
2017-09-30,Average Tone,0
2017-10-01,Average Tone,0
2017-10-02,Average Tone,0
2017-10-03,Average Tone,0
2017-10-04,Average Tone,-3.0387
2017-10-05,Average Tone,0.7855
2017-10-06,Average Tone,0
2017-10-07,Average Tone,0
2017-10-08,Average Tone,-2.6667
2017-10-09,Average Tone,0
2017-10-10,Average Tone,-1.5327
2017-10-11,Average Tone,1.2931
2017-10-12,Average Tone,-1.0523
2017-10-13,Average Tone,1.3877
2017-10-14,Average Tone,-2.6616
2017-10-15,Average Tone,0
2017-10-16,Average Tone,0
2017-10-17,Average Tone,0
2017-10-18,Average Tone,-3.6498
2017-10-19,Average Tone,0
2017-10-20,Average Tone,-1.7766
2017-10-21,Average Tone,0
2017-10-22,Average Tone,-0.3268
2017-10-23,Average Tone,-0.3808
2017-10-24,Average Tone,-1.4103
2017-10-25,Average Tone,0
2017-10-26,Average Tone,0
2017-10-27,Average Tone,-4.5625
2017-10-28,Average Tone,0
2017-10-29,Average Tone,0
2017-10-30,Average Tone,0
2017-10-31,Average Tone,0.7876
2017-11-01,Average Tone,0
2017-11-02,Average Tone,-2.4752
2017-11-03,Average Tone,0
2017-11-04,Average Tone,0
2017-11-05,Average Tone,0
2017-11-06,Average Tone,-1.4448
2017-11-07,Average Tone,-0.9195
2017-11-08,Average Tone,0
2017-11-09,Average Tone,2.5523
2017-11-10,Average Tone,-4.43
2017-11-11,Average Tone,0.0635
2017-11-12,Average Tone,0
2017-11-13,Average Tone,-4.2857
2017-11-14,Average Tone,-1.7117
2017-11-15,Average Tone,-3.3742
2017-11-16,Average Tone,-5.2209
2017-11-17,Average Tone,-0.4246
2017-11-18,Average Tone,-0.4577
2017-11-19,Average Tone,0
2017-11-20,Average Tone,0
2017-11-21,Average Tone,0.8734
2017-11-22,Average Tone,-1.0803
2017-11-23,Average Tone,0.1074
2017-11-24,Average Tone,0
2017-11-25,Average Tone,0
2017-11-26,Average Tone,0
2017-11-27,Average Tone,0
2017-11-28,Average Tone,0
2017-11-29,Average Tone,0
2017-11-30,Average Tone,0
2017-12-03,Average Tone,0.7236
2017-12-04,Average Tone,-1.5479
2017-12-05,Average Tone,0
2017-12-06,Average Tone,-1.2104
2017-12-07,Average Tone,-2.6316
2017-12-08,Average Tone,0.8365
2017-12-09,Average Tone,0
2017-12-10,Average Tone,0
2017-12-11,Average Tone,-4.6414
2017-12-12,Average Tone,-6.1453
2017-12-13,Average Tone,-4.2393
2017-12-14,Average Tone,0
2017-12-15,Average Tone,0
2017-12-16,Average Tone,0
2017-12-17,Average Tone,0
2017-12-18,Average Tone,0
2017-12-19,Average Tone,0.2506
2017-12-20,Average Tone,-2.4019
2017-12-21,Average Tone,0
2017-12-22,Average Tone,-1.6861
2017-12-23,Average Tone,0
2017-12-24,Average Tone,0
2017-12-25,Average Tone,1.1288
2017-12-26,Average Tone,0
2017-12-27,Average Tone,0
2017-12-28,Average Tone,0
2017-12-29,Average Tone,0
2017-12-30,Average Tone,0
2017-12-31,Average Tone,0
2018-01-01,Average Tone,-3.3597
2018-01-02,Average Tone,-1.8087
2018-01-03,Average Tone,0
2018-01-04,Average Tone,0
2018-01-05,Average Tone,-0.1767
2018-01-06,Average Tone,0
2018-01-07,Average Tone,0.8364
2018-01-08,Average Tone,-1.1631
2018-01-09,Average Tone,3.1719
2018-01-10,Average Tone,0
2018-01-11,Average Tone,-1.2632
2018-01-12,Average Tone,0
2018-01-13,Average Tone,0
2018-01-14,Average Tone,-1.1198
2018-01-15,Average Tone,0
2018-01-16,Average Tone,0.0498
2018-01-17,Average Tone,0.3125
2018-01-18,Average Tone,-2.2779
2018-01-19,Average Tone,-1.3164
2018-01-20,Average Tone,0
2018-01-21,Average Tone,-1.5591
2018-01-22,Average Tone,0
2018-01-23,Average Tone,0
2018-01-24,Average Tone,0.2443
2018-01-25,Average Tone,-0.0497
2018-01-26,Average Tone,-1.1312
2018-01-27,Average Tone,0
2018-01-28,Average Tone,-0.6192
2018-01-29,Average Tone,-0.1557
2018-01-30,Average Tone,-0.1395
2018-01-31,Average Tone,0.0458
2018-02-01,Average Tone,-1.1224
2018-02-02,Average Tone,-2.5924
2018-02-03,Average Tone,-5.3191
2018-02-04,Average Tone,-2.3428
2018-02-05,Average Tone,-4.7991
2018-02-06,Average Tone,0
2018-02-07,Average Tone,0.1742
2018-02-08,Average Tone,0
2018-02-09,Average Tone,-0.7844
2018-02-10,Average Tone,-1.3011
2018-02-11,Average Tone,-0.0905
2018-02-12,Average Tone,-0.4786
2018-02-13,Average Tone,-3.7269
2018-02-14,Average Tone,-3.1148
2018-02-15,Average Tone,0
2018-02-16,Average Tone,-0.2494
2018-02-17,Average Tone,-0.1127
2018-02-18,Average Tone,-2.4922
2018-02-19,Average Tone,0.1667
2018-02-20,Average Tone,0
2018-02-21,Average Tone,0
2018-02-22,Average Tone,1.1405
2018-02-23,Average Tone,0
2018-02-24,Average Tone,0
2018-02-25,Average Tone,-2.0468
2018-02-26,Average Tone,-0.848
2018-02-27,Average Tone,0
2018-02-28,Average Tone,0
2018-03-01,Average Tone,0
2018-03-02,Average Tone,-1.6591
2018-03-03,Average Tone,-3.023
2018-03-04,Average Tone,-1.7766
2018-03-05,Average Tone,-2.4809
2018-03-06,Average Tone,-2.3491
2018-03-07,Average Tone,-3.5894
2018-03-08,Average Tone,-3.7468
2018-03-09,Average Tone,-2.8209
2018-03-10,Average Tone,0
2018-03-11,Average Tone,0
2018-03-12,Average Tone,-2.2256
2018-03-13,Average Tone,-2.2402
2018-03-14,Average Tone,0
2018-03-15,Average Tone,-1.1338
2018-03-16,Average Tone,-1.3661
2018-03-17,Average Tone,0
2018-03-18,Average Tone,0
2018-03-19,Average Tone,1.519
2018-03-20,Average Tone,-1.1274
2018-03-21,Average Tone,-1.5267
2018-03-22,Average Tone,-0.8715
2018-03-23,Average Tone,0
2018-03-24,Average Tone,0
2018-03-25,Average Tone,-0.3728
2018-03-26,Average Tone,0
2018-03-27,Average Tone,-2.0725
2018-03-28,Average Tone,-0.6993
2018-03-29,Average Tone,0
2018-03-30,Average Tone,1.6619
2018-03-31,Average Tone,0
2018-04-01,Average Tone,0
2018-04-02,Average Tone,-0.277
2018-04-03,Average Tone,0
2018-04-04,Average Tone,0
2018-04-05,Average Tone,0.6061
2018-04-06,Average Tone,0.5976
2018-04-07,Average Tone,0
2018-04-08,Average Tone,-0.5396
2018-04-09,Average Tone,-1.9337
2018-04-10,Average Tone,0
2018-04-11,Average Tone,0
2018-04-12,Average Tone,1.4563
2018-04-13,Average Tone,0
2018-04-14,Average Tone,0
2018-04-15,Average Tone,-1.2987
2018-04-16,Average Tone,0.9115
2018-04-17,Average Tone,0
2018-04-18,Average Tone,1.3809
2018-04-19,Average Tone,-2.4465
2018-04-20,Average Tone,-1.3847
2018-04-21,Average Tone,0
2018-04-22,Average Tone,0
2018-04-23,Average Tone,-2.4138
2018-04-24,Average Tone,0
2018-04-25,Average Tone,-3.7671
2018-04-26,Average Tone,-1.2545
2018-04-27,Average Tone,0
2018-04-28,Average Tone,0.1996
2018-04-29,Average Tone,-6.8182
2018-04-30,Average Tone,-5.5498
2018-05-01,Average Tone,-2.5576
2018-05-02,Average Tone,0.0941
2018-05-03,Average Tone,-1.6556
2018-05-04,Average Tone,0
2018-05-05,Average Tone,0
2018-05-06,Average Tone,-1.6908
2018-05-07,Average Tone,-1.9177
2018-05-08,Average Tone,-2.8819
2018-05-09,Average Tone,-3.4091
2018-05-10,Average Tone,0
2018-05-11,Average Tone,0.1298
2018-05-12,Average Tone,0.2775
2018-05-13,Average Tone,-0.3008
2018-05-14,Average Tone,0
2018-05-15,Average Tone,0
2018-05-16,Average Tone,-0.2326
2018-05-17,Average Tone,0
2018-05-18,Average Tone,-1.2912
2018-05-19,Average Tone,0
2018-05-20,Average Tone,0
2018-05-21,Average Tone,0
2018-05-22,Average Tone,0
2018-05-23,Average Tone,0
2018-05-24,Average Tone,0
2018-05-25,Average Tone,0
2018-05-26,Average Tone,-4.6693
2018-05-27,Average Tone,0
2018-05-28,Average Tone,0
2018-05-29,Average Tone,0
2018-05-30,Average Tone,3.8922
2018-05-31,Average Tone,-2.3935
2018-06-01,Average Tone,-0.5376
2018-06-02,Average Tone,0
2018-06-03,Average Tone,-3.4455
2018-06-04,Average Tone,-3.372
2018-06-05,Average Tone,0
2018-06-06,Average Tone,0
2018-06-07,Average Tone,-0.0598
2018-06-08,Average Tone,1.374
2018-06-09,Average Tone,0
2018-06-10,Average Tone,0
2018-06-11,Average Tone,-4.2705
2018-06-12,Average Tone,-1.0899
2018-06-13,Average Tone,0
2018-06-14,Average Tone,0
2018-06-15,Average Tone,0
2018-06-16,Average Tone,-2.1126
2018-06-17,Average Tone,2.3806
2018-06-18,Average Tone,-2.1505
2018-06-19,Average Tone,0
2018-06-20,Average Tone,-0.9589
2018-06-21,Average Tone,-2.9299
2018-06-22,Average Tone,-2.4955
2018-06-23,Average Tone,-3.0094
2018-06-24,Average Tone,-4.6414
2018-06-25,Average Tone,0
2018-06-26,Average Tone,0
2018-06-27,Average Tone,-1.6164
2018-06-28,Average Tone,0
2018-06-29,Average Tone,0
2018-06-30,Average Tone,0
2018-07-01,Average Tone,-1.2584
2018-07-02,Average Tone,-1.7606
2018-07-03,Average Tone,0.9402
2018-07-04,Average Tone,-2.1938
2018-07-05,Average Tone,-2.4311
2018-07-06,Average Tone,-2.1309
2018-07-07,Average Tone,0
2018-07-08,Average Tone,-2.9777
2018-07-09,Average Tone,-1.5883
2018-07-10,Average Tone,-2.061
2018-07-11,Average Tone,-2.3866
2018-07-12,Average Tone,0
2018-07-13,Average Tone,3.1921
2018-07-14,Average Tone,0
2018-07-15,Average Tone,0
2018-07-16,Average Tone,-0.3918
2018-07-17,Average Tone,0.6709
2018-07-18,Average Tone,0.2132
2018-07-19,Average Tone,0
2018-07-20,Average Tone,1.4286
2018-07-21,Average Tone,-1.7
2018-07-22,Average Tone,0
2018-07-23,Average Tone,-1.5104
2018-07-24,Average Tone,-3.9864
2018-07-25,Average Tone,0
2018-07-26,Average Tone,-0.8653
2018-07-27,Average Tone,-2.5816
2018-07-28,Average Tone,0
2018-07-29,Average Tone,0
2018-07-30,Average Tone,0.7463
2018-07-31,Average Tone,-0.3097
2018-08-01,Average Tone,-2.1857
2018-08-02,Average Tone,0
2018-08-03,Average Tone,0
2018-08-04,Average Tone,0
2018-08-05,Average Tone,-4.6875
2018-08-06,Average Tone,0
2018-08-07,Average Tone,-1.6529
2018-08-08,Average Tone,0
2018-08-09,Average Tone,0
2018-08-10,Average Tone,-2.7453
2018-08-11,Average Tone,-4.8373
2018-08-12,Average Tone,0
2018-08-13,Average Tone,0.4741
2018-08-14,Average Tone,0
2018-08-15,Average Tone,0
2018-08-16,Average Tone,0
2018-08-17,Average Tone,-1.7972
2018-08-18,Average Tone,-7.967
2018-08-19,Average Tone,-4.8032
2018-08-20,Average Tone,-5.2279
2018-08-21,Average Tone,-4.5466
2018-08-22,Average Tone,-0.3067
2018-08-23,Average Tone,-1.7697
2018-08-24,Average Tone,0.2995
2018-08-25,Average Tone,-0.2778
2018-08-26,Average Tone,0
2018-08-27,Average Tone,-2.8634
2018-08-28,Average Tone,-0.4988
2018-08-29,Average Tone,0.1522
2018-08-30,Average Tone,-2.5581
2018-08-31,Average Tone,1.2868
2018-09-01,Average Tone,0
2018-09-02,Average Tone,0
2018-09-03,Average Tone,1.2868
2018-09-04,Average Tone,-2.3506
2018-09-05,Average Tone,0
2018-09-06,Average Tone,-1.0252
2018-09-07,Average Tone,-4.5635
2018-09-08,Average Tone,-2.47
2018-09-09,Average Tone,0
2018-09-10,Average Tone,0
2018-09-11,Average Tone,-1.6854
2018-09-12,Average Tone,-3.2205
2018-09-13,Average Tone,1.5385
2018-09-14,Average Tone,0
2018-09-15,Average Tone,0
2018-09-16,Average Tone,-5.3763
2018-09-17,Average Tone,0
2018-09-18,Average Tone,0.7866
2018-09-19,Average Tone,-2.9448
2018-09-20,Average Tone,-3.1749
2018-09-21,Average Tone,-2.9851
2018-09-22,Average Tone,0
2018-09-23,Average Tone,-3.3275
2018-09-24,Average Tone,-1.3787
2018-09-25,Average Tone,-1.1939
2018-09-26,Average Tone,-1.1542
2018-09-27,Average Tone,-2.3456
2018-09-28,Average Tone,-3.5261
2018-09-29,Average Tone,0
2018-09-30,Average Tone,-1.9609
2018-10-01,Average Tone,-3.4931
2018-10-02,Average Tone,-2.2026
2018-10-03,Average Tone,0
2018-10-04,Average Tone,0
2018-10-05,Average Tone,-2.4811
2018-10-06,Average Tone,-1.2346
2018-10-07,Average Tone,1.3228
2018-10-08,Average Tone,-0.7091
2018-10-09,Average Tone,-0.364
2018-10-10,Average Tone,0.8147
2018-10-11,Average Tone,-1.8501
2018-10-12,Average Tone,-0.7373
2018-10-13,Average Tone,0
2018-10-14,Average Tone,-3.4483
2018-10-15,Average Tone,0
2018-10-16,Average Tone,-1.8836
2018-10-17,Average Tone,-1.6962
2018-10-18,Average Tone,0
2018-10-19,Average Tone,2.757
2018-10-20,Average Tone,-2.5641
2018-10-21,Average Tone,0
2018-10-22,Average Tone,0
2018-10-23,Average Tone,0
2018-10-24,Average Tone,-3.5108
2018-10-25,Average Tone,-2.5845
2018-10-26,Average Tone,-2.1531
2018-10-27,Average Tone,-1.7032
2018-10-28,Average Tone,0
2018-10-29,Average Tone,0
2018-10-30,Average Tone,1.2421
2018-10-31,Average Tone,-2.7823
2018-11-01,Average Tone,-3.4405
2018-11-02,Average Tone,-5.4673
2018-11-03,Average Tone,-3.7327
2018-11-04,Average Tone,0
2018-11-05,Average Tone,0
2018-11-06,Average Tone,-1.0363
2018-11-07,Average Tone,-2.2109
2018-11-08,Average Tone,-1.4374
2018-11-09,Average Tone,0
2018-11-10,Average Tone,0
2018-11-11,Average Tone,0
2018-11-12,Average Tone,-2.6245
2018-11-13,Average Tone,-1.854
2018-11-14,Average Tone,-3.0047
2018-11-15,Average Tone,-2.709
2018-11-16,Average Tone,-2.1084
2018-11-17,Average Tone,0
2018-11-18,Average Tone,-3.9427
2018-11-19,Average Tone,-1.1632
2018-11-20,Average Tone,0
2018-11-21,Average Tone,-1.7288
2018-11-22,Average Tone,-4.5802
2018-11-23,Average Tone,0
2018-11-24,Average Tone,2.6266
2018-11-25,Average Tone,0
2018-11-26,Average Tone,0
2018-11-27,Average Tone,-0.4872
2018-11-28,Average Tone,0
2018-11-29,Average Tone,-2.0982
2018-11-30,Average Tone,-2.551
2018-12-01,Average Tone,0
2018-12-02,Average Tone,-2.6671
2018-12-03,Average Tone,0.1812
2018-12-04,Average Tone,0
2018-12-05,Average Tone,0.8671
2018-12-06,Average Tone,0
2018-12-07,Average Tone,-2.1739
2018-12-08,Average Tone,-1.4535
2018-12-09,Average Tone,-0.7246
2018-12-10,Average Tone,-1.4105
2018-12-11,Average Tone,-5.3763
2018-12-12,Average Tone,-3.4921
2018-12-13,Average Tone,-3.0864
2018-12-14,Average Tone,0.9593
2018-12-15,Average Tone,0
2018-12-16,Average Tone,0
2018-12-17,Average Tone,0
2018-12-18,Average Tone,-0.4016
2018-12-19,Average Tone,-1.3397
2018-12-20,Average Tone,0
2018-12-21,Average Tone,0
2018-12-22,Average Tone,-1.2225
2018-12-23,Average Tone,0
2018-12-24,Average Tone,-2.6531
2018-12-25,Average Tone,-2.8571
2018-12-26,Average Tone,0
2018-12-27,Average Tone,0
2018-12-28,Average Tone,0
2018-12-29,Average Tone,0
2018-12-30,Average Tone,-1.2386
2018-12-31,Average Tone,-1.6831
2019-01-01,Average Tone,-6.9196
2019-01-02,Average Tone,-3.7496
2019-01-03,Average Tone,-3.3813
2019-01-04,Average Tone,0.9288
2019-01-05,Average Tone,-1.034
2019-01-06,Average Tone,0
2019-01-07,Average Tone,0
2019-01-08,Average Tone,-2.5195
2019-01-09,Average Tone,-1.7277
2019-01-10,Average Tone,-4.4619
2019-01-11,Average Tone,-3.9676
2019-01-12,Average Tone,0
2019-01-13,Average Tone,-1.2363
2019-01-14,Average Tone,0
2019-01-15,Average Tone,-2.7818
2019-01-16,Average Tone,0.3373
2019-01-17,Average Tone,-1.3899
2019-01-18,Average Tone,-1.2634
2019-01-19,Average Tone,0
2019-01-20,Average Tone,0.5731
2019-01-21,Average Tone,-2.6109
2019-01-22,Average Tone,-2.2268
2019-01-23,Average Tone,-0.5976
2019-01-24,Average Tone,-1.7546
2019-01-25,Average Tone,0
2019-01-26,Average Tone,0.3117
2019-01-27,Average Tone,1.0247
2019-01-28,Average Tone,0
2019-01-29,Average Tone,-3.6468
2019-01-30,Average Tone,0
2019-01-31,Average Tone,0
2019-02-01,Average Tone,-3.4565
2019-02-02,Average Tone,0
2019-02-03,Average Tone,0
2019-02-04,Average Tone,0
2019-02-05,Average Tone,0
2019-02-06,Average Tone,-2.8917
2019-02-07,Average Tone,-0.5912
2019-02-08,Average Tone,-1.7281
2019-02-09,Average Tone,-4.2879
2019-02-10,Average Tone,0
2019-02-11,Average Tone,0
2019-02-12,Average Tone,4.8193
2019-02-13,Average Tone,0
2019-02-14,Average Tone,0
2019-02-15,Average Tone,-3.7578
2019-02-16,Average Tone,0
2019-02-17,Average Tone,0
2019-02-18,Average Tone,-3.9266
2019-02-19,Average Tone,-3.1064
2019-02-20,Average Tone,-3.8298
2019-02-21,Average Tone,-2.9977
2019-02-22,Average Tone,0
2019-02-23,Average Tone,0
2019-02-24,Average Tone,2.5974
2019-02-25,Average Tone,-2.0716
2019-02-26,Average Tone,-7.6923
2019-02-27,Average Tone,-5.5879
2019-02-28,Average Tone,-1.7115
2019-03-01,Average Tone,-3.3562
2019-03-02,Average Tone,-5.5829
2019-03-03,Average Tone,-2.6263
2019-03-04,Average Tone,-1.432
2019-03-05,Average Tone,0
2019-03-06,Average Tone,-2.6432
2019-03-07,Average Tone,-3.4111
2019-03-08,Average Tone,-2.2494
2019-03-09,Average Tone,0
2019-03-10,Average Tone,0
2019-03-11,Average Tone,-1.7058
2019-03-12,Average Tone,-3.0574
2019-03-13,Average Tone,0
2019-03-14,Average Tone,-4.2013
2019-03-15,Average Tone,-1.8667
2019-03-16,Average Tone,0
2019-03-17,Average Tone,2.2315
2019-03-18,Average Tone,2.2315
2019-03-19,Average Tone,-2.957
2019-03-20,Average Tone,0
2019-03-21,Average Tone,-3.5707
2019-03-22,Average Tone,-2.3628
2019-03-23,Average Tone,0
2019-03-24,Average Tone,0
2019-03-25,Average Tone,0
2019-03-26,Average Tone,-3.0727
2019-03-27,Average Tone,-4.8546
2019-03-28,Average Tone,0
2019-03-29,Average Tone,-3.6899
2019-03-30,Average Tone,0
2019-03-31,Average Tone,-2.3529
2019-04-01,Average Tone,-4.0599
2019-04-02,Average Tone,-0.9322
2019-04-03,Average Tone,-2.4223
2019-04-04,Average Tone,-3.3957
2019-04-05,Average Tone,-2.8921
2019-04-06,Average Tone,0
2019-04-07,Average Tone,0
2019-04-08,Average Tone,0
2019-04-09,Average Tone,0
2019-04-10,Average Tone,0.1077
2019-04-11,Average Tone,0.6188
2019-04-12,Average Tone,0
2019-04-13,Average Tone,0
2019-04-14,Average Tone,-1.909
2019-04-15,Average Tone,1.0633
2019-04-16,Average Tone,0
2019-04-17,Average Tone,-2.6087
2019-04-18,Average Tone,0
2019-04-19,Average Tone,0
2019-04-20,Average Tone,0
2019-04-21,Average Tone,0
2019-04-22,Average Tone,-0.9923
2019-04-23,Average Tone,2.6596
2019-04-24,Average Tone,-0.6868
2019-04-25,Average Tone,-2.837
2019-04-26,Average Tone,-0.4417
2019-04-27,Average Tone,0
2019-04-28,Average Tone,0
2019-04-29,Average Tone,0
2019-04-30,Average Tone,0.1531
2019-05-01,Average Tone,-4.3319
2019-05-02,Average Tone,0
2019-05-03,Average Tone,0
2019-05-04,Average Tone,-0.6518
2019-05-05,Average Tone,0
2019-05-06,Average Tone,0
2019-05-07,Average Tone,-0.7417
2019-05-08,Average Tone,0
2019-05-09,Average Tone,0
2019-05-10,Average Tone,0
2019-05-11,Average Tone,0
2019-05-12,Average Tone,0
2019-05-13,Average Tone,-2.9727
2019-05-14,Average Tone,1.7857
2019-05-15,Average Tone,-1.8881
2019-05-16,Average Tone,0
2019-05-17,Average Tone,1.3353
2019-05-18,Average Tone,0
2019-05-19,Average Tone,1.3353
2019-05-20,Average Tone,0
2019-05-21,Average Tone,0
2019-05-22,Average Tone,0.2639
2019-05-23,Average Tone,2.956
2019-05-24,Average Tone,-2.2412
2019-05-25,Average Tone,0
2019-05-26,Average Tone,0
2019-05-27,Average Tone,-1.7107
2019-05-28,Average Tone,-3.1073
2019-05-29,Average Tone,0
2019-05-30,Average Tone,-1.4532
2019-05-31,Average Tone,-6.7483
2019-06-01,Average Tone,-3.4388
2019-06-02,Average Tone,-6.8063
2019-06-03,Average Tone,0.0427
2019-06-04,Average Tone,-2.7027
2019-06-05,Average Tone,-3.0571
2019-06-06,Average Tone,-2.9575
2019-06-07,Average Tone,-6.8295
2019-06-08,Average Tone,-1.1848
2019-06-09,Average Tone,1.5326
2019-06-10,Average Tone,-0.6225
2019-06-11,Average Tone,-0.271
2019-06-12,Average Tone,0
2019-06-13,Average Tone,-3.0508
2019-06-14,Average Tone,-0.1083
2019-06-15,Average Tone,0
2019-06-16,Average Tone,0
2019-06-17,Average Tone,0
2019-06-18,Average Tone,-4.5553
2019-06-19,Average Tone,-2.8254
2019-06-20,Average Tone,-1.4085
2019-06-21,Average Tone,-4.168
2019-06-22,Average Tone,0
2019-06-23,Average Tone,0
2019-06-24,Average Tone,0.82
2019-06-25,Average Tone,-1.7705
2019-06-26,Average Tone,0
2019-06-27,Average Tone,-4.1441
2019-06-28,Average Tone,-5.3507
2019-06-29,Average Tone,0
2019-06-30,Average Tone,-3.2915
2019-07-01,Average Tone,-3.7707
2019-07-02,Average Tone,1.4706
2019-07-03,Average Tone,-2.4267
2019-07-04,Average Tone,0
2019-07-05,Average Tone,-2.4994
2019-07-06,Average Tone,0
2019-07-07,Average Tone,-0.7937
2019-07-08,Average Tone,1.6647
2019-07-09,Average Tone,3.1136
2019-07-10,Average Tone,-2.82
2019-07-11,Average Tone,-4.0439
2019-07-12,Average Tone,-2.9804
2019-07-13,Average Tone,-2.3146
2019-07-14,Average Tone,-3.114
2019-07-15,Average Tone,1.3122
2019-07-16,Average Tone,-1.206
2019-07-17,Average Tone,-1.154
2019-07-18,Average Tone,-3.9264
2019-07-19,Average Tone,-6.3492
2019-07-20,Average Tone,-4.9587
2019-07-21,Average Tone,-2.3653
2019-07-22,Average Tone,-2.1978
2019-07-23,Average Tone,0
2019-07-24,Average Tone,-2.0325
2019-07-25,Average Tone,-2.6692
2019-07-26,Average Tone,-6.2948
2019-07-27,Average Tone,-4.9123
2019-07-28,Average Tone,0
2019-07-29,Average Tone,-3.1895
2019-07-30,Average Tone,0
2019-07-31,Average Tone,-3.5481
2019-08-01,Average Tone,-3.2816
2019-08-02,Average Tone,-0.8681
2019-08-03,Average Tone,0.2555
2019-08-04,Average Tone,-3.7975
2019-08-05,Average Tone,-2.1277
2019-08-06,Average Tone,2.2144
2019-08-07,Average Tone,0.7823
2019-08-08,Average Tone,1.2289
2019-08-09,Average Tone,-3.9194
2019-08-10,Average Tone,1.2186
2019-08-11,Average Tone,1.0296
2019-08-12,Average Tone,-0.1637
2019-08-13,Average Tone,-5.8832
2019-08-14,Average Tone,-5.2375
2019-08-15,Average Tone,0
2019-08-16,Average Tone,0
2019-08-17,Average Tone,0
2019-08-18,Average Tone,0
2019-08-19,Average Tone,0
2019-08-20,Average Tone,0
2019-08-21,Average Tone,-4.0321
2019-08-22,Average Tone,-2.4609
2019-08-23,Average Tone,0
2019-08-24,Average Tone,0
2019-08-25,Average Tone,0
2019-08-26,Average Tone,-0.4157
2019-08-27,Average Tone,-3.0832
2019-08-28,Average Tone,0.8718
2019-08-29,Average Tone,0
2019-08-30,Average Tone,-4.0827
2019-08-31,Average Tone,0
2019-09-01,Average Tone,-4.2352
2019-09-02,Average Tone,0
2019-09-03,Average Tone,0
2019-09-04,Average Tone,-0.8838
2019-09-05,Average Tone,-1.6524
2019-09-06,Average Tone,2.3502
2019-09-07,Average Tone,0
2019-09-08,Average Tone,-4.3103
2019-09-09,Average Tone,1.1952
2019-09-10,Average Tone,-1.3918
2019-09-11,Average Tone,0
2019-09-12,Average Tone,0
2019-09-13,Average Tone,0
2019-09-14,Average Tone,-1.3208
2019-09-15,Average Tone,-3.4286
2019-09-16,Average Tone,0
2019-09-17,Average Tone,0
2019-09-18,Average Tone,-4.6512
2019-09-19,Average Tone,0.5865
2019-09-20,Average Tone,0.6329
2019-09-21,Average Tone,0
2019-09-22,Average Tone,0
2019-09-23,Average Tone,-1.3535
2019-09-24,Average Tone,-0.3922
2019-09-25,Average Tone,0
2019-09-26,Average Tone,-0.9642
2019-09-27,Average Tone,0
2019-09-28,Average Tone,0
2019-09-29,Average Tone,0
2019-09-30,Average Tone,-1.7945
2019-10-01,Average Tone,-3.6228
2019-10-02,Average Tone,-0.4439
2019-10-03,Average Tone,-3.992
2019-10-04,Average Tone,-1.4577
2019-10-05,Average Tone,0
2019-10-06,Average Tone,-2.9855
2019-10-07,Average Tone,0
2019-10-08,Average Tone,0.0595
2019-10-09,Average Tone,-0.8621
2019-10-10,Average Tone,0
2019-10-11,Average Tone,0
2019-10-12,Average Tone,0
2019-10-13,Average Tone,0
2019-10-14,Average Tone,-1.857
2019-10-15,Average Tone,-1.7128
2019-10-16,Average Tone,-0.729
2019-10-17,Average Tone,0
2019-10-18,Average Tone,1.1398
2019-10-19,Average Tone,0
2019-10-20,Average Tone,0
2019-10-21,Average Tone,0
2019-10-22,Average Tone,-3.4564
2019-10-23,Average Tone,2.6385
2019-10-24,Average Tone,-2.787
2019-10-25,Average Tone,0
2019-10-26,Average Tone,0
2019-10-27,Average Tone,0
2019-10-28,Average Tone,0
2019-10-29,Average Tone,0
2019-10-30,Average Tone,0
2019-10-31,Average Tone,-1.3404
2019-11-01,Average Tone,-2.8232
2019-11-02,Average Tone,0
2019-11-03,Average Tone,0
2019-11-04,Average Tone,-2.1653
2019-11-05,Average Tone,-0.982
2019-11-06,Average Tone,0
2019-11-07,Average Tone,0.1179
2019-11-08,Average Tone,0
2019-11-09,Average Tone,0
2019-11-10,Average Tone,0
2019-11-11,Average Tone,-0.1898
2019-11-12,Average Tone,-0.1901
2019-11-13,Average Tone,-2.1114
2019-11-14,Average Tone,-0.1447
2019-11-15,Average Tone,-1.1527
2019-11-16,Average Tone,0
2019-11-17,Average Tone,-5.1829
2019-11-18,Average Tone,0
2019-11-19,Average Tone,-0.5291
2019-11-20,Average Tone,-3.3742
2019-11-21,Average Tone,-1.9608
2019-11-22,Average Tone,0
2019-11-23,Average Tone,0
2019-11-24,Average Tone,0
2019-11-25,Average Tone,-3.0812
2019-11-26,Average Tone,0
2019-11-27,Average Tone,0.7077
2019-11-28,Average Tone,-0.253
2019-11-29,Average Tone,-5.6573
2019-11-30,Average Tone,0
2019-12-01,Average Tone,-3.3222
2019-12-02,Average Tone,-3.9472
2019-12-03,Average Tone,-3.1986
2019-12-04,Average Tone,0
2019-12-05,Average Tone,-1.5915
2019-12-06,Average Tone,0
2019-12-07,Average Tone,0
2019-12-08,Average Tone,-3.7152
2019-12-09,Average Tone,-4.0767
2019-12-10,Average Tone,0
2019-12-11,Average Tone,0
2019-12-12,Average Tone,0.4219
2019-12-13,Average Tone,-2.1574
2019-12-14,Average Tone,-2.2388
2019-12-15,Average Tone,0
2019-12-16,Average Tone,1.2631
2019-12-17,Average Tone,-1.4726
2019-12-18,Average Tone,0
2019-12-19,Average Tone,-0.8753
2019-12-20,Average Tone,0
2019-12-21,Average Tone,0
2019-12-22,Average Tone,-1.0544
2019-12-23,Average Tone,-0.9597
2019-12-24,Average Tone,0
2019-12-25,Average Tone,0
2019-12-26,Average Tone,0
2019-12-27,Average Tone,-2.4324
2019-12-28,Average Tone,0
2019-12-29,Average Tone,-3.1761
2019-12-30,Average Tone,-2.9603
2019-12-31,Average Tone,-6.7129
2020-01-01,Average Tone,-1.5862
2020-01-02,Average Tone,0
2020-01-03,Average Tone,0.3807
2020-01-04,Average Tone,0
2020-01-05,Average Tone,-0.5799
2020-01-06,Average Tone,0
2020-01-07,Average Tone,0.7722
2020-01-08,Average Tone,-0.3216
2020-01-09,Average Tone,-1.2085
2020-01-10,Average Tone,-0.3077
2020-01-11,Average Tone,0
2020-01-12,Average Tone,0.6875
2020-01-13,Average Tone,-0.8246
2020-01-14,Average Tone,-1.1678
2020-01-15,Average Tone,-3.53
2020-01-16,Average Tone,0
2020-01-17,Average Tone,-0.8346
2020-01-18,Average Tone,0
2020-01-19,Average Tone,0
2020-01-20,Average Tone,-2.2505
2020-01-21,Average Tone,1.6702
2020-01-22,Average Tone,0
2020-01-23,Average Tone,0
2020-01-24,Average Tone,0.9838
2020-01-25,Average Tone,0
2020-01-26,Average Tone,0
2020-01-27,Average Tone,0
2020-01-28,Average Tone,0
2020-01-29,Average Tone,0.0875
2020-01-30,Average Tone,-0.5319
2020-01-31,Average Tone,0
2020-02-01,Average Tone,0.5168
2020-02-02,Average Tone,-2.665
2020-02-03,Average Tone,-0.2053
2020-02-04,Average Tone,-0.4329
2020-02-05,Average Tone,0
2020-02-06,Average Tone,0
2020-02-07,Average Tone,-0.2264
2020-02-08,Average Tone,2.4242
2020-02-09,Average Tone,0
2020-02-10,Average Tone,-0.3155
2020-02-11,Average Tone,-0.5792
2020-02-12,Average Tone,0
2020-02-13,Average Tone,-8.1871
2020-02-14,Average Tone,0
2020-02-15,Average Tone,0.5939
2020-02-16,Average Tone,0
2020-02-17,Average Tone,0
2020-02-18,Average Tone,0
2020-02-19,Average Tone,-3.6145
2020-02-20,Average Tone,0
2020-02-21,Average Tone,1.6854
2020-02-22,Average Tone,0
2020-02-23,Average Tone,-3.5503
2020-02-24,Average Tone,-2.604
2020-02-25,Average Tone,-3.6223
2020-02-26,Average Tone,0.2611
2020-02-27,Average Tone,0.6475
2020-02-28,Average Tone,-1.606
2020-02-29,Average Tone,-2.1924
2020-03-01,Average Tone,0
2020-03-02,Average Tone,-3.5343
2020-03-03,Average Tone,-3.8732
2020-03-04,Average Tone,0
2020-03-05,Average Tone,0
2020-03-06,Average Tone,-3.8359
2020-03-07,Average Tone,2.509
2020-03-08,Average Tone,-5.6962
2020-03-09,Average Tone,-1.9729
2020-03-10,Average Tone,0
2020-03-11,Average Tone,-2.765
2020-03-12,Average Tone,-4.1963
2020-03-13,Average Tone,-0.1477
2020-03-14,Average Tone,-4.427
2020-03-15,Average Tone,-4.7196
2020-03-16,Average Tone,0
2020-03-17,Average Tone,0
2020-03-18,Average Tone,-3.9926
2020-03-19,Average Tone,-1.6465
2020-03-20,Average Tone,0
2020-03-21,Average Tone,0
2020-03-22,Average Tone,-1.5523
2020-03-23,Average Tone,0
2020-03-24,Average Tone,0
2020-03-25,Average Tone,-2.1368
2020-03-26,Average Tone,-3.9437
2020-03-27,Average Tone,0
2020-03-28,Average Tone,-3.0043
2020-03-29,Average Tone,0
2020-03-30,Average Tone,0
2020-03-31,Average Tone,-5.3241
2020-04-01,Average Tone,0
2020-04-02,Average Tone,-2.6471
2020-04-03,Average Tone,0
2020-04-04,Average Tone,-2.1053
2020-04-05,Average Tone,0
2020-04-06,Average Tone,-0.1883
2020-04-07,Average Tone,-1.6586
2020-04-08,Average Tone,-0.625
2020-04-09,Average Tone,0.347
2020-04-10,Average Tone,0
2020-04-11,Average Tone,1.0838
2020-04-12,Average Tone,-2.3525
2020-04-13,Average Tone,0.482
2020-04-14,Average Tone,-2.0513
2020-04-15,Average Tone,0
2020-04-16,Average Tone,0
2020-04-17,Average Tone,-1.3528
2020-04-18,Average Tone,0
2020-04-19,Average Tone,0.7194
2020-04-20,Average Tone,0
2020-04-21,Average Tone,0.4717
2020-04-22,Average Tone,1.5376
2020-04-23,Average Tone,-2.0706
2020-04-24,Average Tone,-3.1034
2020-04-25,Average Tone,0
2020-04-26,Average Tone,0
2020-04-27,Average Tone,0
2020-04-28,Average Tone,-1.9379
2020-04-29,Average Tone,0.6536
2020-04-30,Average Tone,0.4145
2020-05-01,Average Tone,0
2020-05-02,Average Tone,-3.1646
2020-05-03,Average Tone,0
2020-05-04,Average Tone,-3.6131
2020-05-05,Average Tone,-1.0274
2020-05-06,Average Tone,3.5778
2020-05-07,Average Tone,-0.3473
2020-05-08,Average Tone,0
2020-05-09,Average Tone,0
2020-05-10,Average Tone,-1.2579
2020-05-11,Average Tone,-1.6329
2020-05-12,Average Tone,-2.1127
2020-05-13,Average Tone,0
2020-05-14,Average Tone,0
2020-05-15,Average Tone,0
2020-05-16,Average Tone,0
2020-05-17,Average Tone,0
2020-05-18,Average Tone,0
2020-05-19,Average Tone,2.3018
2020-05-20,Average Tone,0
2020-05-21,Average Tone,0
2020-05-22,Average Tone,0
2020-05-23,Average Tone,0
2020-05-24,Average Tone,0
2020-05-25,Average Tone,0
2020-05-26,Average Tone,0
2020-05-27,Average Tone,-1.2673
2020-05-28,Average Tone,-2.2913
2020-05-29,Average Tone,0
2020-05-30,Average Tone,0
2020-05-31,Average Tone,0
2020-06-01,Average Tone,-1.2367
2020-06-02,Average Tone,-0.7872
2020-06-03,Average Tone,0
2020-06-04,Average Tone,0
2020-06-05,Average Tone,0
2020-06-06,Average Tone,0
2020-06-07,Average Tone,0
2020-06-08,Average Tone,-0.2252
2020-06-09,Average Tone,0
2020-06-10,Average Tone,0
2020-06-11,Average Tone,0
2020-06-12,Average Tone,0.2331
2020-06-13,Average Tone,0
2020-06-14,Average Tone,0
2020-06-15,Average Tone,0
2020-06-16,Average Tone,0
2020-06-17,Average Tone,-1.1765
2020-06-18,Average Tone,0
2020-06-19,Average Tone,0
2020-06-20,Average Tone,0.6042
2020-06-21,Average Tone,-3.0211
2020-06-22,Average Tone,-3.6254
2020-06-23,Average Tone,0
2020-06-24,Average Tone,0
2020-06-25,Average Tone,0
2020-06-26,Average Tone,0
2020-06-27,Average Tone,0
2020-06-28,Average Tone,-1.1215
2020-06-29,Average Tone,-2.6423
2020-06-30,Average Tone,-4.5205
2020-07-01,Average Tone,0
2020-07-02,Average Tone,0
2020-07-03,Average Tone,0
2020-07-04,Average Tone,0
2020-07-05,Average Tone,0
2020-07-06,Average Tone,-0.4765
2020-07-07,Average Tone,-0.648
2020-07-08,Average Tone,-0.6515
2020-07-09,Average Tone,0
2020-07-10,Average Tone,1.309
2020-07-11,Average Tone,-0.2634
2020-07-12,Average Tone,0.4931
2020-07-13,Average Tone,0
2020-07-14,Average Tone,1.4094
2020-07-15,Average Tone,0.4872
2020-07-16,Average Tone,0.9913
2020-07-17,Average Tone,-0.4086
2020-07-18,Average Tone,0.0736
2020-07-19,Average Tone,0.2371
2020-07-20,Average Tone,0
2020-07-21,Average Tone,-0.4826
2020-07-22,Average Tone,-0.1274
2020-07-23,Average Tone,-0.8459
2020-07-24,Average Tone,2.1563
2020-07-25,Average Tone,1.2659
2020-07-26,Average Tone,5.5556
2020-07-27,Average Tone,0.8984
2020-07-28,Average Tone,0.5217
2020-07-29,Average Tone,-1.2048
2020-07-30,Average Tone,-0.0173
2020-07-31,Average Tone,-1.52
2020-08-01,Average Tone,-0.8918
2020-08-02,Average Tone,-0.8496
2020-08-03,Average Tone,-1.8411
2020-08-04,Average Tone,1.0875
2020-08-05,Average Tone,0.5692
2020-08-06,Average Tone,0.9545
2020-08-07,Average Tone,0.485
2020-08-08,Average Tone,1.8054
2020-08-09,Average Tone,-0.4325
2020-08-10,Average Tone,-0.6784
2020-08-11,Average Tone,0.0355
2020-08-12,Average Tone,0.282
2020-08-13,Average Tone,-0.5087
2020-08-14,Average Tone,1.1067
2020-08-15,Average Tone,0.3678
2020-08-16,Average Tone,0
2020-08-17,Average Tone,0.9799
2020-08-18,Average Tone,0.6447
2020-08-19,Average Tone,-0.0548
2020-08-20,Average Tone,-2.8983
2020-08-21,Average Tone,1.0731
2020-08-22,Average Tone,-0.8065
2020-08-23,Average Tone,0.7614
2020-08-24,Average Tone,-0.1701
2020-08-25,Average Tone,1.2551
2020-08-26,Average Tone,0.7328
2020-08-27,Average Tone,1.2837
2020-08-28,Average Tone,0.7916
2020-08-29,Average Tone,0.9829
2020-08-30,Average Tone,-0.4731
2020-08-31,Average Tone,-0.8397
2020-09-01,Average Tone,-1.5043
2020-09-02,Average Tone,1.9099
2020-09-03,Average Tone,-1.0796
2020-09-04,Average Tone,0.4635
2020-09-05,Average Tone,1.7388
2020-09-06,Average Tone,1.4561
2020-09-07,Average Tone,1.6122
2020-09-08,Average Tone,0.8894
2020-09-09,Average Tone,-0.698
2020-09-10,Average Tone,2.0894
2020-09-11,Average Tone,2.2155
2020-09-12,Average Tone,1.8237
2020-09-13,Average Tone,-1.5162
2020-09-14,Average Tone,2.0478
2020-09-15,Average Tone,-2.1385
2020-09-16,Average Tone,1.4836
2020-09-17,Average Tone,-0.1911
2020-09-18,Average Tone,1.1555
2020-09-19,Average Tone,2.3252
2020-09-20,Average Tone,0.6323
2020-09-21,Average Tone,0
2020-09-22,Average Tone,0.9711
2020-09-23,Average Tone,-0.1713
2020-09-24,Average Tone,0
2020-09-25,Average Tone,-0.25
2020-09-26,Average Tone,-0.5119
2020-09-27,Average Tone,0.3745
2020-09-28,Average Tone,-0.0074
2020-09-29,Average Tone,0.1379
2020-09-30,Average Tone,0.7605
2020-10-01,Average Tone,1.1163
2020-10-02,Average Tone,0.4081
2020-10-03,Average Tone,0
2020-10-04,Average Tone,0.2538
2020-10-05,Average Tone,-2.191
2020-10-06,Average Tone,2.6616
2020-10-07,Average Tone,-1.1985
2020-10-08,Average Tone,1.6315
2020-10-09,Average Tone,0.4796
2020-10-10,Average Tone,0.4212
2020-10-11,Average Tone,3.1414
2020-10-12,Average Tone,-0.823
2020-10-13,Average Tone,0.8475
2020-10-14,Average Tone,0
2020-10-15,Average Tone,-1.1628
2020-10-16,Average Tone,0
2020-10-17,Average Tone,0.5248
2020-10-18,Average Tone,0.9073
2020-10-19,Average Tone,0
2020-10-21,Average Tone,2.5654
2020-10-22,Average Tone,0
2020-10-23,Average Tone,0
2020-10-24,Average Tone,0
2020-10-25,Average Tone,1.6949
2020-10-26,Average Tone,1.2658
2020-10-27,Average Tone,3.0471
2020-10-28,Average Tone,-1.6493
2020-10-29,Average Tone,1.2658
2020-10-30,Average Tone,-6.2912
2020-10-31,Average Tone,0
2020-11-01,Average Tone,0
2020-11-02,Average Tone,-0.3336
2020-11-03,Average Tone,0
2020-11-04,Average Tone,-3.1863
2020-11-05,Average Tone,0.4059
2020-11-06,Average Tone,0
2020-11-07,Average Tone,3.0418
2020-11-08,Average Tone,0
2020-11-09,Average Tone,1.1393
2020-11-10,Average Tone,-0.9009
2020-11-11,Average Tone,1.2755
2020-11-12,Average Tone,2.1376
2020-11-13,Average Tone,0
2020-11-14,Average Tone,0
2020-11-15,Average Tone,0.7538
2020-11-16,Average Tone,0
2020-11-17,Average Tone,-0.6006
2020-11-18,Average Tone,2.1212
2020-11-19,Average Tone,1.1082
2020-11-20,Average Tone,-2.8431
2020-11-21,Average Tone,0.4863
2020-11-22,Average Tone,-0.4555
2020-11-23,Average Tone,0.398
2020-11-24,Average Tone,2.9468
2020-11-25,Average Tone,2.0439
2020-11-26,Average Tone,1.1449
2020-11-27,Average Tone,-0.6378
2020-11-28,Average Tone,0
2020-11-29,Average Tone,-0.7282
2020-11-30,Average Tone,-0.8298
2020-12-01,Average Tone,0.5236
2020-12-02,Average Tone,-0.1385
2020-12-03,Average Tone,1.278
2020-12-04,Average Tone,0.38
2020-12-05,Average Tone,-0.4965
2020-12-06,Average Tone,0.5834
2020-12-07,Average Tone,-0.3725
2020-12-08,Average Tone,0.3623
2020-12-09,Average Tone,-0.9735
2020-12-10,Average Tone,0.1911
2020-12-11,Average Tone,-1.0984
2020-12-12,Average Tone,0
2020-12-13,Average Tone,0
2020-12-14,Average Tone,0.2762
2020-12-15,Average Tone,-0.617
2020-12-16,Average Tone,1.5675
2020-12-17,Average Tone,0.0648
2020-12-18,Average Tone,0.9258
2020-12-19,Average Tone,-1.2066
2020-12-20,Average Tone,0.253
2020-12-21,Average Tone,0.5085
2020-12-22,Average Tone,1.1527
2020-12-23,Average Tone,0.6473
2020-12-24,Average Tone,0.945
2020-12-25,Average Tone,0.2626
2020-12-26,Average Tone,0
2020-12-27,Average Tone,-0.9901
2020-12-28,Average Tone,1.3707
2020-12-29,Average Tone,0
2020-12-30,Average Tone,1.0191
2020-12-31,Average Tone,-2.7659
2021-01-01,Average Tone,1.3021
2021-01-02,Average Tone,-0.1753
2021-01-03,Average Tone,0.5958
2021-01-04,Average Tone,-0.6894
2021-01-05,Average Tone,-0.3045
2021-01-06,Average Tone,0.7832
2021-01-07,Average Tone,0.778
2021-01-08,Average Tone,-0.111
2021-01-09,Average Tone,0.6902
2021-01-10,Average Tone,0.184
2021-01-11,Average Tone,0.9397
2021-01-12,Average Tone,0
2021-01-13,Average Tone,1.5188
2021-01-14,Average Tone,1.4895
2021-01-15,Average Tone,0.9734
2021-01-16,Average Tone,1.0734
2021-01-17,Average Tone,-0.3774
2021-01-18,Average Tone,2.3392
2021-01-19,Average Tone,0.176
2021-01-20,Average Tone,-0.1263
2021-01-21,Average Tone,2.1999
2021-01-22,Average Tone,0.7297
2021-01-23,Average Tone,1.3046
2021-01-24,Average Tone,0.3571
2021-01-25,Average Tone,0.578
2021-01-26,Average Tone,0
2021-01-27,Average Tone,1.4656
2021-01-28,Average Tone,1.4296
2021-01-29,Average Tone,0.2505
2021-01-30,Average Tone,0.8571
2021-01-31,Average Tone,1.227
2021-02-01,Average Tone,-3.8508
2021-02-02,Average Tone,0.3551
2021-02-03,Average Tone,0.7514
2021-02-04,Average Tone,-0.2865
2021-02-05,Average Tone,0.6923
2021-02-06,Average Tone,0.8622
2021-02-07,Average Tone,-0.9945
2021-02-08,Average Tone,0.2717
2021-02-09,Average Tone,0.2353
2021-02-10,Average Tone,0.3845
2021-02-11,Average Tone,1.0191
2021-02-12,Average Tone,1.8293
2021-02-13,Average Tone,1.1791
2021-02-14,Average Tone,0.137
2021-02-15,Average Tone,1.2195
2021-02-16,Average Tone,1.994
2021-02-17,Average Tone,0.9726
2021-02-18,Average Tone,1.6275
2021-02-19,Average Tone,1.6333
2021-02-20,Average Tone,0.8
2021-02-21,Average Tone,0.0846
2021-02-22,Average Tone,0.5591
2021-02-23,Average Tone,0.8242
2021-02-24,Average Tone,0
2021-02-25,Average Tone,-0.3446
2021-02-26,Average Tone,-0.6849
2021-02-27,Average Tone,0.4146
2021-02-28,Average Tone,-3.4437
2021-03-01,Average Tone,0.2785
2021-03-02,Average Tone,-1.4886
2021-03-03,Average Tone,-0.8575
2021-03-04,Average Tone,0.4463
2021-03-05,Average Tone,0.3546
2021-03-06,Average Tone,-4.8711
2021-03-07,Average Tone,0
2021-03-08,Average Tone,1.4387
2021-03-09,Average Tone,0.5021
2021-03-10,Average Tone,1.8318
2021-03-11,Average Tone,0.7511
2021-03-12,Average Tone,1.3237
2021-03-13,Average Tone,0.2117
2021-03-14,Average Tone,1.9391
2021-03-15,Average Tone,0.939
2021-03-16,Average Tone,1.3274
2021-03-17,Average Tone,-3.0563
2021-03-18,Average Tone,0.077
2021-03-19,Average Tone,0.8298
2021-03-20,Average Tone,1.3249
2021-03-21,Average Tone,0.4215
2021-03-22,Average Tone,0
2021-03-23,Average Tone,1.0252
2021-03-24,Average Tone,0.2907
2021-03-25,Average Tone,-0.9627
2021-03-26,Average Tone,2.5888
2021-03-27,Average Tone,0.6821
2021-03-28,Average Tone,0
2021-03-29,Average Tone,0.0815
2021-03-30,Average Tone,0.2625
2021-03-31,Average Tone,-3.8023
2021-04-01,Average Tone,0.4965
2021-04-02,Average Tone,1.1929
2021-04-03,Average Tone,1.3139
2021-04-04,Average Tone,0.7586
2021-04-05,Average Tone,-0.3055
2021-04-06,Average Tone,-1.7495
2021-04-07,Average Tone,-0.0492
2021-04-08,Average Tone,-0.505
2021-04-09,Average Tone,1.0374
2021-04-10,Average Tone,0.0047
2021-04-11,Average Tone,-0.6506
2021-04-12,Average Tone,0.0348
2021-04-13,Average Tone,-2.2472
2021-04-14,Average Tone,0.6808
2021-04-15,Average Tone,0.2347
2021-04-16,Average Tone,4.6296
2021-04-17,Average Tone,0.2404
2021-04-18,Average Tone,0.2228
2021-04-19,Average Tone,0
2021-04-20,Average Tone,0.473
2021-04-21,Average Tone,-0.9737
2021-04-22,Average Tone,-0.3447
2021-04-23,Average Tone,0.577
2021-04-24,Average Tone,0.5073
2021-04-25,Average Tone,-0.0622
2021-04-26,Average Tone,0.8558
2021-04-27,Average Tone,0.1956
2021-04-28,Average Tone,1.1231
2021-04-29,Average Tone,-0.0163
2021-04-30,Average Tone,0.5107
2021-05-01,Average Tone,-0.1482
2021-05-02,Average Tone,-0.6406
2021-05-03,Average Tone,0
2021-05-04,Average Tone,-0.653
2021-05-05,Average Tone,-0.5818
2021-05-06,Average Tone,-0.2592
2021-05-07,Average Tone,0.6375
2021-05-08,Average Tone,0.1907
2021-05-09,Average Tone,0.4819
2021-05-10,Average Tone,0.8377
2021-05-11,Average Tone,0.5643
2021-05-12,Average Tone,0.6086
2021-05-13,Average Tone,-0.2265
2021-05-14,Average Tone,1.4205
2021-05-15,Average Tone,1.1662
2021-05-16,Average Tone,0.8744
2021-05-17,Average Tone,0.7547
2021-05-18,Average Tone,0.8164
2021-05-19,Average Tone,0.3447
2021-05-20,Average Tone,0.2181
2021-05-21,Average Tone,0.1178
2021-05-22,Average Tone,-0.0146
2021-05-23,Average Tone,0.4573
2021-05-24,Average Tone,-1.0825
2021-05-25,Average Tone,-0.1504
2021-05-26,Average Tone,0.5783
2021-05-27,Average Tone,0
2021-05-28,Average Tone,-0.925
2021-05-29,Average Tone,0.2591
2021-05-30,Average Tone,0.9825
2021-05-31,Average Tone,-3.5256
2021-06-01,Average Tone,-1.4914
2021-06-02,Average Tone,-0.0445
2021-06-03,Average Tone,0.8238
2021-06-04,Average Tone,0.5767
2021-06-05,Average Tone,0.4045
2021-06-06,Average Tone,0.5302
2021-06-07,Average Tone,0.2661
2021-06-08,Average Tone,0.0548
2021-06-09,Average Tone,-1.7049
2021-06-10,Average Tone,-0.6205
2021-06-11,Average Tone,-0.211
2021-06-12,Average Tone,0.1603
2021-06-13,Average Tone,1.084
2021-06-14,Average Tone,1.2745
2021-06-15,Average Tone,-0.3592
2021-06-16,Average Tone,-0.3978
2021-06-17,Average Tone,0.489
2021-06-18,Average Tone,0.1073
2021-06-19,Average Tone,1.5161
2021-06-20,Average Tone,0.1653
2021-06-21,Average Tone,0.3744
2021-06-22,Average Tone,-0.2488
2021-06-23,Average Tone,1.9718
2021-06-24,Average Tone,1.7631
2021-06-25,Average Tone,1.0126
2021-06-26,Average Tone,0
2021-06-27,Average Tone,1.176
2021-06-28,Average Tone,0
2021-06-29,Average Tone,0
2021-06-30,Average Tone,-2.0094
2021-07-01,Average Tone,-0.5193
2021-07-02,Average Tone,1.2658
2021-07-03,Average Tone,-0.5463
2021-07-04,Average Tone,2.1918
2021-07-05,Average Tone,0
2021-07-06,Average Tone,-1.7927
2021-07-07,Average Tone,0.7637
2021-07-08,Average Tone,0.152
2021-07-09,Average Tone,0.3144
2021-07-10,Average Tone,0.4083
2021-07-11,Average Tone,0.5141
2021-07-12,Average Tone,-0.1084
2021-07-13,Average Tone,1.6397
2021-07-14,Average Tone,-0.4049
2021-07-15,Average Tone,0.1649
2021-07-16,Average Tone,1.4773
2021-07-17,Average Tone,0.0008
2021-07-18,Average Tone,0.5086
2021-07-19,Average Tone,-2.2833
2021-07-20,Average Tone,-0.1083
2021-07-21,Average Tone,1.3067
2021-07-22,Average Tone,0.8711
2021-07-23,Average Tone,1.0257
2021-07-24,Average Tone,1.188
2021-07-25,Average Tone,-0.7605
2021-07-26,Average Tone,1.2946
2021-07-27,Average Tone,0.9603
2021-07-28,Average Tone,0.0349
2021-07-29,Average Tone,1.9968
2021-07-30,Average Tone,0.8846
2021-07-31,Average Tone,0
2021-08-01,Average Tone,-1.0965
2021-08-02,Average Tone,-4.0964
2021-08-03,Average Tone,1.005
2021-08-04,Average Tone,-0.3087
2021-08-05,Average Tone,1.3368
2021-08-06,Average Tone,-0.3534
2021-08-07,Average Tone,0.7299
2021-08-08,Average Tone,-0.7752
2021-08-09,Average Tone,-0.2344
2021-08-10,Average Tone,1.5408
2021-08-11,Average Tone,-6.4725
2021-08-12,Average Tone,-2.3322
2021-08-13,Average Tone,0
2021-08-14,Average Tone,-0.4902
2021-08-15,Average Tone,0
2021-08-16,Average Tone,0.884
2021-08-17,Average Tone,0.1587
2021-08-18,Average Tone,0.7929
2021-08-19,Average Tone,1.2853
2021-08-20,Average Tone,-0.6098
2021-08-21,Average Tone,0.45
2021-08-22,Average Tone,-1.5025
2021-08-23,Average Tone,0
2021-08-24,Average Tone,1.1764
2021-08-25,Average Tone,0.5094
2021-08-26,Average Tone,-0.0637
2021-08-27,Average Tone,-0.0739
2021-08-28,Average Tone,0
2021-08-29,Average Tone,1.0747
2021-08-30,Average Tone,-0.1704
2021-08-31,Average Tone,-4.918
2021-09-01,Average Tone,1.659
2021-09-02,Average Tone,1.6193
2021-09-03,Average Tone,1.5378
2021-09-04,Average Tone,1.6379
2021-09-05,Average Tone,0
2021-09-06,Average Tone,1.2658
2021-09-07,Average Tone,1.2789
2021-09-08,Average Tone,0.1447
2021-09-09,Average Tone,-0.9436
2021-09-10,Average Tone,0.2439
2021-09-11,Average Tone,0.2394
2021-09-12,Average Tone,1.3113
2021-09-13,Average Tone,-3.5363
2021-09-14,Average Tone,-1.7032
2021-09-15,Average Tone,0.8535
2021-09-16,Average Tone,-0.8987
2021-09-17,Average Tone,0
2021-09-18,Average Tone,0
2021-09-19,Average Tone,0
2021-09-20,Average Tone,0
2021-09-21,Average Tone,-1.0417
2021-09-22,Average Tone,-3.361
2021-09-23,Average Tone,-6.0067
2021-09-24,Average Tone,0
2021-09-25,Average Tone,-1.8987
2021-09-26,Average Tone,-4.7778
2021-09-27,Average Tone,-2.5532
2021-09-28,Average Tone,-5.2408
2021-09-29,Average Tone,0.6742
2021-09-30,Average Tone,-6.9307
2021-10-01,Average Tone,1.4855
2021-10-02,Average Tone,0
2021-10-03,Average Tone,0
2021-10-04,Average Tone,-2.7639
2021-10-05,Average Tone,0.3033
2021-10-06,Average Tone,-0.2949
2021-10-07,Average Tone,-4.2517
2021-10-08,Average Tone,-1.2883
2021-10-09,Average Tone,0
2021-10-10,Average Tone,-1.4902
2021-10-11,Average Tone,-0.2894
2021-10-12,Average Tone,-0.2258
2021-10-13,Average Tone,-2.5974
2021-10-14,Average Tone,-0.6018
2021-10-15,Average Tone,-4.5198
2021-10-16,Average Tone,-3.2491
2021-10-17,Average Tone,0
2021-10-18,Average Tone,0
2021-10-19,Average Tone,1.0945
2021-10-20,Average Tone,0
2021-10-21,Average Tone,0
2021-10-22,Average Tone,0
2021-10-23,Average Tone,-3.9604
2021-10-24,Average Tone,-0.6173
2021-10-25,Average Tone,-1.2295
2021-10-26,Average Tone,-0.493
2021-10-27,Average Tone,0
2021-10-28,Average Tone,0.1232
2021-10-29,Average Tone,-6.0709
2021-10-30,Average Tone,-5.2774
2021-10-31,Average Tone,-3.0238
2021-11-01,Average Tone,-3.4979
2021-11-02,Average Tone,-4.614
2021-11-03,Average Tone,-2.9557
2021-11-04,Average Tone,0
2021-11-05,Average Tone,0
2021-11-06,Average Tone,0
2021-11-07,Average Tone,-3.9648
2021-11-08,Average Tone,0
2021-11-09,Average Tone,0
2021-11-10,Average Tone,0.2463
2021-11-11,Average Tone,0
2021-11-12,Average Tone,0
2021-11-13,Average Tone,0
2021-11-14,Average Tone,0
2021-11-15,Average Tone,1.6104
2021-11-16,Average Tone,0
2021-11-17,Average Tone,-1.9742
2021-11-18,Average Tone,0
2021-11-19,Average Tone,0
2021-11-20,Average Tone,0
2021-11-21,Average Tone,0
2021-11-22,Average Tone,-0.0751
2021-11-23,Average Tone,-1.8119
2021-11-24,Average Tone,0.8831
2021-11-25,Average Tone,-2.2388
2021-11-26,Average Tone,-1.1765
2021-11-27,Average Tone,0
2021-11-28,Average Tone,0
2021-11-29,Average Tone,-2.5189
2021-11-30,Average Tone,0
2021-12-01,Average Tone,-1.2469
2021-12-02,Average Tone,-3.3308
2021-12-03,Average Tone,0
2021-12-04,Average Tone,0
2021-12-05,Average Tone,0
2021-12-06,Average Tone,0
2021-12-07,Average Tone,0
2021-12-08,Average Tone,0
2021-12-09,Average Tone,-1.083
2021-12-10,Average Tone,0.3295
2021-12-11,Average Tone,0.3295
2021-12-12,Average Tone,1.4147
2021-12-13,Average Tone,0.2338
2021-12-14,Average Tone,0
2021-12-15,Average Tone,-1.438
2021-12-16,Average Tone,0
2021-12-17,Average Tone,-0.3755
2021-12-18,Average Tone,0
2021-12-19,Average Tone,0
2021-12-20,Average Tone,0
2021-12-21,Average Tone,-4.4055
2021-12-22,Average Tone,-2.1236
2021-12-23,Average Tone,0
2021-12-24,Average Tone,1.3793
2021-12-25,Average Tone,0
2021-12-26,Average Tone,0.3431
2021-12-27,Average Tone,0
2021-12-28,Average Tone,-1.1009
2021-12-29,Average Tone,0
2021-12-30,Average Tone,1.7153
2021-12-31,Average Tone,-4.4248
2022-01-01,Average Tone,-1.0626
2022-01-02,Average Tone,0
2022-01-03,Average Tone,0.2626
2022-01-04,Average Tone,-2.3136
2022-01-05,Average Tone,-3.5514
2022-01-06,Average Tone,0
2022-01-07,Average Tone,0.3155
2022-01-08,Average Tone,0
2022-01-09,Average Tone,0
2022-01-10,Average Tone,2.328
2022-01-11,Average Tone,-1.2658
2022-01-12,Average Tone,0
2022-01-13,Average Tone,3.68
2022-01-14,Average Tone,0
2022-01-15,Average Tone,0
2022-01-16,Average Tone,-0.8282
2022-01-17,Average Tone,0
2022-01-18,Average Tone,0
2022-01-19,Average Tone,2.6866
2022-01-20,Average Tone,0
2022-01-21,Average Tone,1.5459
2022-01-22,Average Tone,0.8559
2022-01-23,Average Tone,0
2022-01-24,Average Tone,0
2022-01-25,Average Tone,0
2022-01-26,Average Tone,0
2022-01-27,Average Tone,0
2022-01-28,Average Tone,0
2022-01-29,Average Tone,0
2022-01-30,Average Tone,0
2022-01-31,Average Tone,0
2022-02-01,Average Tone,0
2022-02-02,Average Tone,0
2022-02-03,Average Tone,0
2022-02-04,Average Tone,0
2022-02-05,Average Tone,0
2022-02-06,Average Tone,0
2022-02-07,Average Tone,0
2022-02-08,Average Tone,0
2022-02-09,Average Tone,0
2022-02-10,Average Tone,0
2022-02-11,Average Tone,0
2022-02-12,Average Tone,0
2022-02-13,Average Tone,0
2022-02-14,Average Tone,-2.4155
2022-02-15,Average Tone,-0.1704
2022-02-16,Average Tone,1.9645
2022-02-17,Average Tone,0
2022-02-18,Average Tone,-7.7131
2022-02-19,Average Tone,0
2022-02-20,Average Tone,0
2022-02-21,Average Tone,0
2022-02-22,Average Tone,0
2022-02-23,Average Tone,0
2022-02-24,Average Tone,0
2022-02-25,Average Tone,0
2022-02-26,Average Tone,0
2022-02-27,Average Tone,0
2022-02-28,Average Tone,0
2022-03-01,Average Tone,0
2022-03-02,Average Tone,0
2022-03-03,Average Tone,0.9097
2022-03-04,Average Tone,0
2022-03-05,Average Tone,0
2022-03-06,Average Tone,0
2022-03-07,Average Tone,-5.4226
2022-03-08,Average Tone,-4.391
2022-03-09,Average Tone,0.1679
2022-03-10,Average Tone,1.5817
2022-03-11,Average Tone,-3.1579
2022-03-12,Average Tone,0
2022-03-13,Average Tone,0
2022-03-14,Average Tone,0
2022-03-15,Average Tone,0
2022-03-16,Average Tone,0
2022-03-17,Average Tone,0
2022-03-18,Average Tone,1.1927
2022-03-19,Average Tone,0
2022-03-20,Average Tone,0
2022-03-21,Average Tone,0
2022-03-22,Average Tone,0
2022-03-23,Average Tone,0
2022-03-24,Average Tone,0
2022-03-25,Average Tone,0
2022-03-26,Average Tone,0
2022-03-27,Average Tone,0
2022-03-28,Average Tone,-3.2122
2022-03-29,Average Tone,-7.8035
2022-03-30,Average Tone,-0.2045
2022-03-31,Average Tone,-5.9441
2022-04-01,Average Tone,0
2022-04-02,Average Tone,0
2022-04-03,Average Tone,0
2022-04-04,Average Tone,0
2022-04-05,Average Tone,-0.2681
2022-04-06,Average Tone,0
2022-04-07,Average Tone,0.2681
2022-04-08,Average Tone,-0.2562
2022-04-09,Average Tone,0
2022-04-10,Average Tone,-0.974
2022-04-11,Average Tone,-0.5944
2022-04-12,Average Tone,0
2022-04-13,Average Tone,0
2022-04-14,Average Tone,0
2022-04-15,Average Tone,0
2022-04-16,Average Tone,0
2022-04-17,Average Tone,0
2022-04-18,Average Tone,-2.5919
2022-04-19,Average Tone,0
2022-04-20,Average Tone,-4.291
2022-04-21,Average Tone,-5.0904
2022-04-22,Average Tone,2.9976
2022-04-23,Average Tone,0.542
2022-04-24,Average Tone,0
2022-04-25,Average Tone,0
2022-04-26,Average Tone,-3.1952
2022-04-27,Average Tone,0
2022-04-28,Average Tone,-0.1916
2022-04-29,Average Tone,0
2022-04-30,Average Tone,0
2022-05-01,Average Tone,0
2022-05-02,Average Tone,0
2022-05-03,Average Tone,0
2022-05-04,Average Tone,0
2022-05-05,Average Tone,0
2022-05-06,Average Tone,0.4633
2022-05-07,Average Tone,0
2022-05-08,Average Tone,0
2022-05-09,Average Tone,0
2022-05-10,Average Tone,0
2022-05-11,Average Tone,-5.0633
2022-05-12,Average Tone,3.0403
2022-05-13,Average Tone,0
2022-05-14,Average Tone,0
2022-05-15,Average Tone,0
2022-05-16,Average Tone,1.5126
2022-05-17,Average Tone,0
2022-05-18,Average Tone,0
2022-05-19,Average Tone,0
2022-05-20,Average Tone,0
2022-05-21,Average Tone,0
2022-05-22,Average Tone,0
2022-05-23,Average Tone,0
2022-05-24,Average Tone,0
2022-05-25,Average Tone,0
2022-05-26,Average Tone,0
2022-05-27,Average Tone,0
2022-05-28,Average Tone,0
2022-05-29,Average Tone,0
2022-05-30,Average Tone,0
2022-05-31,Average Tone,-1.3569
2022-06-01,Average Tone,0.8023
2022-06-02,Average Tone,0
2022-06-03,Average Tone,0
2022-06-04,Average Tone,0.6726
2022-06-05,Average Tone,0
2022-06-06,Average Tone,0
2022-06-07,Average Tone,0
2022-06-08,Average Tone,0
2022-06-09,Average Tone,0
2022-06-10,Average Tone,2.1627
2022-06-11,Average Tone,2.6201
2022-06-12,Average Tone,0
2022-06-13,Average Tone,0
2022-06-14,Average Tone,-2.7969
2022-06-15,Average Tone,0
2022-06-16,Average Tone,0
2022-06-17,Average Tone,1.4407
2022-06-18,Average Tone,0
2022-06-19,Average Tone,0
2022-06-20,Average Tone,2.4737
2022-06-21,Average Tone,-6.3579
2022-06-22,Average Tone,-3.4132
2022-06-23,Average Tone,0
2022-06-24,Average Tone,0
2022-06-25,Average Tone,0
2022-06-26,Average Tone,0
2022-06-27,Average Tone,0
2022-06-28,Average Tone,0
2022-06-29,Average Tone,0
2022-06-30,Average Tone,-4.6243
2022-07-01,Average Tone,-7.8911
2022-07-02,Average Tone,0
2022-07-03,Average Tone,-5.1213
2022-07-04,Average Tone,-3.9354
2022-07-05,Average Tone,-8.9744
2022-07-06,Average Tone,-6.6801
2022-07-07,Average Tone,-2.5426
2022-07-08,Average Tone,-2.7913
2022-07-09,Average Tone,0
2022-07-10,Average Tone,-3.5256
2022-07-11,Average Tone,-3.301
2022-07-12,Average Tone,-6.1199
2022-07-13,Average Tone,-4.5624
2022-07-14,Average Tone,-1.2579
2022-07-15,Average Tone,-1.3333
2022-07-16,Average Tone,-2.4888
2022-07-17,Average Tone,0
2022-07-18,Average Tone,0
2022-07-19,Average Tone,-3.2609
2022-07-20,Average Tone,-7.4184
2022-07-21,Average Tone,-2.9886
2022-07-22,Average Tone,0
2022-07-23,Average Tone,1.633
2022-07-24,Average Tone,-4.4716
2022-07-25,Average Tone,4.5669
2022-07-26,Average Tone,0
2022-07-27,Average Tone,0.2525
2022-07-28,Average Tone,0.0785
2022-07-29,Average Tone,-4.5845
2022-07-30,Average Tone,0
2022-07-31,Average Tone,0
2022-08-01,Average Tone,0
2022-08-02,Average Tone,0
2022-08-03,Average Tone,-2.9143
2022-08-04,Average Tone,-3.862
2022-08-05,Average Tone,0
2022-08-06,Average Tone,-4.6465
2022-08-07,Average Tone,-5.9476
2022-08-08,Average Tone,-3.5027
2022-08-09,Average Tone,-3.0488
2022-08-10,Average Tone,-2.5884
2022-08-11,Average Tone,-5.8885
2022-08-12,Average Tone,-6.5944
2022-08-13,Average Tone,-2.1554
2022-08-14,Average Tone,-7.7491
2022-08-15,Average Tone,0
2022-08-16,Average Tone,-4.2079
2022-08-17,Average Tone,-6.25
2022-08-18,Average Tone,-0.5012
2022-08-19,Average Tone,-2.99
2022-08-20,Average Tone,0
2022-08-21,Average Tone,0
2022-08-22,Average Tone,-6.5511
2022-08-23,Average Tone,-5.0003
2022-08-24,Average Tone,-5.8577
2022-08-25,Average Tone,0
2022-08-26,Average Tone,0
2022-08-27,Average Tone,0
2022-08-28,Average Tone,0.618
2022-08-29,Average Tone,-1.8494
2022-08-30,Average Tone,0
2022-08-31,Average Tone,-3.9988
2022-09-01,Average Tone,-7.7491
2022-09-02,Average Tone,-4.2904
2022-09-03,Average Tone,-3.2351
2022-09-04,Average Tone,-2.3557
2022-09-05,Average Tone,-3.1595
2022-09-06,Average Tone,-1.644
2022-09-07,Average Tone,-2.665
2022-09-08,Average Tone,1.2195
2022-09-09,Average Tone,0
2022-09-10,Average Tone,0
2022-09-11,Average Tone,0
2022-09-12,Average Tone,0
2022-09-13,Average Tone,0
2022-09-14,Average Tone,0
2022-09-15,Average Tone,0
2022-09-16,Average Tone,0
2022-09-17,Average Tone,0
2022-09-18,Average Tone,1.0791
2022-09-19,Average Tone,0
2022-09-20,Average Tone,0
2022-09-21,Average Tone,0
2022-09-22,Average Tone,-9.0909
2022-09-23,Average Tone,-7.4998
2022-09-24,Average Tone,0
2022-09-25,Average Tone,-3.9683
2022-09-26,Average Tone,-6.3043
2022-09-27,Average Tone,-3.9649
2022-09-28,Average Tone,-1.3744
2022-09-29,Average Tone,-1.3565
2022-09-30,Average Tone,-3.8016
2022-10-01,Average Tone,0
2022-10-02,Average Tone,-5.2279
2022-10-03,Average Tone,-3.2035
2022-10-04,Average Tone,0
2022-10-05,Average Tone,0
2022-10-06,Average Tone,-0.0686
2022-10-07,Average Tone,-1.3004
2022-10-08,Average Tone,-0.0907
2022-10-09,Average Tone,-5.7056
2022-10-10,Average Tone,-1.2193
2022-10-11,Average Tone,0
2022-10-12,Average Tone,0
2022-10-13,Average Tone,0
2022-10-14,Average Tone,0
2022-10-15,Average Tone,0
2022-10-16,Average Tone,-0.9884
2022-10-17,Average Tone,-0.9979
2022-10-18,Average Tone,-5.9019
2022-10-19,Average Tone,0
2022-10-20,Average Tone,0
2022-10-21,Average Tone,0
2022-10-22,Average Tone,0.0917
2022-10-23,Average Tone,-2.0013
2022-10-24,Average Tone,-2.1352
2022-10-25,Average Tone,1.3699
2022-10-26,Average Tone,-4.6421
2022-10-27,Average Tone,-2.7396
2022-10-28,Average Tone,0
2022-10-29,Average Tone,0
2022-10-30,Average Tone,1.4679
2022-10-31,Average Tone,-9.1653
2022-11-01,Average Tone,-7.084
2022-11-02,Average Tone,-1.0381
2022-11-03,Average Tone,0
2022-11-04,Average Tone,0
2022-11-05,Average Tone,0
2022-11-06,Average Tone,-3.9098
2022-11-07,Average Tone,-4.2303
2022-11-08,Average Tone,-3.0648
2022-11-09,Average Tone,0
2022-11-10,Average Tone,0
2022-11-11,Average Tone,0
2022-11-12,Average Tone,0
2022-11-13,Average Tone,0
2022-11-14,Average Tone,0
2022-11-15,Average Tone,0
2022-11-16,Average Tone,0
2022-11-17,Average Tone,0
2022-11-18,Average Tone,0
2022-11-19,Average Tone,0
2022-11-20,Average Tone,0
2022-11-21,Average Tone,0
2022-11-22,Average Tone,-1.826
2022-11-23,Average Tone,0
2022-11-24,Average Tone,-1.5152
2022-11-25,Average Tone,0
2022-11-26,Average Tone,0
2022-11-27,Average Tone,0
2022-11-28,Average Tone,0
2022-11-29,Average Tone,0
2022-11-30,Average Tone,-4.5219
2022-12-01,Average Tone,-1.06
2022-12-02,Average Tone,0
2022-12-03,Average Tone,0
2022-12-04,Average Tone,0
2022-12-05,Average Tone,3.75
2022-12-06,Average Tone,0
2022-12-07,Average Tone,-3.7113
2022-12-08,Average Tone,0
2022-12-09,Average Tone,0
2022-12-10,Average Tone,1.1505
2022-12-11,Average Tone,0
2022-12-12,Average Tone,-1.9737
2022-12-13,Average Tone,-3.1429
2022-12-14,Average Tone,0
2022-12-15,Average Tone,-2.809
2022-12-16,Average Tone,0
2022-12-17,Average Tone,0
2022-12-18,Average Tone,2.0559
2022-12-19,Average Tone,1.4045
2022-12-20,Average Tone,-2.2245
2022-12-21,Average Tone,0
2022-12-22,Average Tone,0
2022-12-23,Average Tone,0
2022-12-24,Average Tone,0
2022-12-25,Average Tone,0
2022-12-26,Average Tone,0
2022-12-27,Average Tone,0
2022-12-28,Average Tone,0
2022-12-29,Average Tone,-3.6287
2022-12-30,Average Tone,-4.6816
2022-12-31,Average Tone,-3.5294
2023-01-01,Average Tone,0
2023-01-02,Average Tone,0
2023-01-03,Average Tone,0
2023-01-04,Average Tone,-1.6556
2023-01-05,Average Tone,-2.621
2023-01-06,Average Tone,-3.8056
2023-01-07,Average Tone,-0.0191
2023-01-08,Average Tone,-2.4314
2023-01-09,Average Tone,0
2023-01-10,Average Tone,-4.3304
2023-01-11,Average Tone,-6.1051
2023-01-12,Average Tone,-3.8625
2023-01-13,Average Tone,-1.8454
2023-01-14,Average Tone,-1.9133
2023-01-15,Average Tone,-1.8569
2023-01-16,Average Tone,-1.3158
2023-01-17,Average Tone,6.8429
2023-01-18,Average Tone,0
2023-01-19,Average Tone,0
2023-01-20,Average Tone,0
2023-01-21,Average Tone,0
2023-01-22,Average Tone,-1.921
2023-01-23,Average Tone,-3.5168
2023-01-24,Average Tone,0
2023-01-25,Average Tone,0
2023-01-26,Average Tone,-0.5099
2023-01-27,Average Tone,-3.3324
2023-01-28,Average Tone,-0.7491
2023-01-29,Average Tone,-1.8816
2023-01-30,Average Tone,0
2023-01-31,Average Tone,-3.9692
2023-02-01,Average Tone,-3.7671
2023-02-02,Average Tone,-1.173
2023-02-03,Average Tone,-2.6667
2023-02-04,Average Tone,-2.8825
2023-02-05,Average Tone,0
2023-02-06,Average Tone,-3.2558
2023-02-07,Average Tone,0
2023-02-08,Average Tone,-1.7112
2023-02-09,Average Tone,0
2023-02-10,Average Tone,0
2023-02-11,Average Tone,0
2023-02-12,Average Tone,1.0753
2023-02-13,Average Tone,0.6098
2023-02-14,Average Tone,-2.3952
2023-02-15,Average Tone,0
2023-02-16,Average Tone,-3.8636
2023-02-17,Average Tone,-0.3311
2023-02-18,Average Tone,-3.7581
2023-02-19,Average Tone,0
2023-02-20,Average Tone,0
2023-02-21,Average Tone,0
2023-02-22,Average Tone,0
2023-02-23,Average Tone,0
2023-02-24,Average Tone,0
2023-02-25,Average Tone,0
2023-02-26,Average Tone,0
2023-02-27,Average Tone,0.293
2023-02-28,Average Tone,-6.0348
2023-03-01,Average Tone,-3.6697
2023-03-02,Average Tone,-2.3243
2023-03-03,Average Tone,-4.8281
2023-03-04,Average Tone,-4.5977
2023-03-05,Average Tone,-3.9946
2023-03-06,Average Tone,0
2023-03-07,Average Tone,0.4689
2023-03-08,Average Tone,0
2023-03-09,Average Tone,0
2023-03-10,Average Tone,0
2023-03-11,Average Tone,0
2023-03-12,Average Tone,0
2023-03-13,Average Tone,4.9628
2023-03-14,Average Tone,0
2023-03-15,Average Tone,0
2023-03-16,Average Tone,0
2023-03-17,Average Tone,-3.1627
2023-03-18,Average Tone,-3.1627
2023-03-19,Average Tone,-4.4258
2023-03-20,Average Tone,-3.8526
2023-03-21,Average Tone,0
2023-03-22,Average Tone,0
2023-03-24,Average Tone,0
2023-03-25,Average Tone,0
2023-03-26,Average Tone,0.1803
2023-03-27,Average Tone,0
2023-03-28,Average Tone,-11.9048
2023-03-29,Average Tone,0
2023-03-30,Average Tone,-2.8674
2023-03-31,Average Tone,0
2023-04-01,Average Tone,0
2023-04-02,Average Tone,0
2023-04-03,Average Tone,0
2023-04-04,Average Tone,-4.1259
2023-04-05,Average Tone,0
2023-04-06,Average Tone,-5.9794
2023-04-07,Average Tone,-3.1147
2023-04-08,Average Tone,0
2023-04-09,Average Tone,-3.6036
2023-04-10,Average Tone,-5.1163
2023-04-11,Average Tone,0
2023-04-12,Average Tone,-4.3238
2023-04-13,Average Tone,0
2023-04-14,Average Tone,-1.0373
2023-04-15,Average Tone,0
2023-04-16,Average Tone,0
2023-04-17,Average Tone,0
2023-04-18,Average Tone,0
2023-04-19,Average Tone,0
2023-04-20,Average Tone,0
2023-04-21,Average Tone,0
2023-04-22,Average Tone,0
2023-04-23,Average Tone,0
2023-04-24,Average Tone,0
2023-04-25,Average Tone,-4.0975
2023-04-26,Average Tone,0
2023-04-27,Average Tone,-1.3759
2023-04-28,Average Tone,3.1609
2023-04-29,Average Tone,0
2023-04-30,Average Tone,-4.3478
2023-05-01,Average Tone,-5.5556
2023-05-02,Average Tone,0
2023-05-03,Average Tone,0
2023-05-04,Average Tone,2.7778
2023-05-05,Average Tone,1.8683
2023-05-06,Average Tone,0
2023-05-07,Average Tone,-4.2439
2023-05-08,Average Tone,-2.1661
2023-05-09,Average Tone,0
2023-05-10,Average Tone,-4.0043
2023-05-11,Average Tone,-2.765
2023-05-12,Average Tone,0
2023-05-13,Average Tone,0
2023-05-14,Average Tone,0
2023-05-15,Average Tone,1.7107
2023-05-16,Average Tone,0
2023-05-17,Average Tone,0
2023-05-18,Average Tone,-2.1654
2023-05-19,Average Tone,0
2023-05-20,Average Tone,0
2023-05-21,Average Tone,0
2023-05-22,Average Tone,0
2023-05-23,Average Tone,0
2023-05-24,Average Tone,0
2023-05-25,Average Tone,-5.1502
2023-05-26,Average Tone,0
2023-05-27,Average Tone,0
2023-05-28,Average Tone,0
2023-05-29,Average Tone,0
2023-05-30,Average Tone,0
2023-05-31,Average Tone,-5.1351
2023-06-01,Average Tone,0
2023-06-02,Average Tone,0
2023-06-03,Average Tone,0
2023-06-04,Average Tone,-3.0806
2023-06-05,Average Tone,0
2023-06-06,Average Tone,0
2023-06-07,Average Tone,0
2023-06-08,Average Tone,0
2023-06-09,Average Tone,0
2023-06-10,Average Tone,0
2023-06-11,Average Tone,0
2023-06-12,Average Tone,0
2023-06-13,Average Tone,-1.6807
2023-06-14,Average Tone,0
2023-06-15,Average Tone,-1.7316
2023-06-16,Average Tone,0
2023-06-17,Average Tone,-3.0702
2023-06-18,Average Tone,0
2023-06-19,Average Tone,-3.5032
2023-06-20,Average Tone,2.729
2023-06-21,Average Tone,0
2023-06-22,Average Tone,0
2023-06-23,Average Tone,0.6173
2023-06-24,Average Tone,0
2023-06-25,Average Tone,-0.1833
2023-06-26,Average Tone,-2.9057
2023-06-27,Average Tone,0
2023-06-28,Average Tone,-2.9661
2023-06-29,Average Tone,-3.0664
2023-06-30,Average Tone,-5.1948
2023-07-01,Average Tone,0
2023-07-02,Average Tone,-1.1976
2023-07-03,Average Tone,0
2023-07-04,Average Tone,0
2023-07-05,Average Tone,-4.5882
2023-07-06,Average Tone,2.1379
2023-07-07,Average Tone,-3.1083
2023-07-08,Average Tone,0
2023-07-09,Average Tone,0
2023-07-10,Average Tone,4.5413
2023-07-11,Average Tone,2.907
2023-07-12,Average Tone,1.8217
2023-07-13,Average Tone,0
2023-07-14,Average Tone,0.9032
2023-07-15,Average Tone,0
2023-07-16,Average Tone,0
2023-07-17,Average Tone,-2.4169
2023-07-18,Average Tone,0
2023-07-19,Average Tone,0
2023-07-20,Average Tone,0
2023-07-21,Average Tone,0
2023-07-22,Average Tone,0
2023-07-23,Average Tone,0
2023-07-24,Average Tone,0
2023-07-25,Average Tone,0
2023-07-26,Average Tone,-2.8995
2023-07-27,Average Tone,0
2023-07-28,Average Tone,0
2023-07-29,Average Tone,0
2023-07-30,Average Tone,0
2023-07-31,Average Tone,0
2023-08-01,Average Tone,0
2023-08-02,Average Tone,0
2023-08-03,Average Tone,0
2023-08-04,Average Tone,0
2023-08-05,Average Tone,0
2023-08-06,Average Tone,0
2023-08-07,Average Tone,0
2023-08-08,Average Tone,0
2023-08-09,Average Tone,0
2023-08-10,Average Tone,0
2023-08-11,Average Tone,0
2023-08-12,Average Tone,0
2023-08-13,Average Tone,0
2023-08-14,Average Tone,0
2023-08-15,Average Tone,0
2023-08-16,Average Tone,-1.8709
2023-08-17,Average Tone,0
2023-08-18,Average Tone,0
2023-08-19,Average Tone,0
2023-08-20,Average Tone,0
2023-08-21,Average Tone,0
2023-08-22,Average Tone,0
2023-08-23,Average Tone,0
2023-08-24,Average Tone,-4.2373
2023-08-25,Average Tone,0
2023-08-26,Average Tone,0
2023-08-27,Average Tone,0.2045
2023-08-28,Average Tone,0
2023-08-29,Average Tone,0
2023-08-30,Average Tone,0
2023-08-31,Average Tone,0
2023-09-01,Average Tone,-3.125
2023-09-02,Average Tone,0
2023-09-03,Average Tone,0
2023-09-04,Average Tone,-3.3898
2023-09-05,Average Tone,0
2023-09-06,Average Tone,-1.7516
2023-09-07,Average Tone,3.3079
2023-09-08,Average Tone,0
2023-09-09,Average Tone,0
2023-09-10,Average Tone,0
2023-09-11,Average Tone,0
2023-09-12,Average Tone,0
2023-09-13,Average Tone,0
2023-09-14,Average Tone,-1.692
2023-09-15,Average Tone,-2.2836
2023-09-16,Average Tone,0
2023-09-17,Average Tone,0
2023-09-18,Average Tone,-2.5797
2023-09-19,Average Tone,0
2023-09-20,Average Tone,0
2023-09-21,Average Tone,0
2023-09-22,Average Tone,0
2023-09-23,Average Tone,0
2023-09-24,Average Tone,0
2023-09-25,Average Tone,0
2023-09-26,Average Tone,0
2023-09-27,Average Tone,0
2023-09-28,Average Tone,0
2023-09-29,Average Tone,0
2023-09-30,Average Tone,0
2023-10-01,Average Tone,0
2023-10-02,Average Tone,0
2023-10-03,Average Tone,0
2023-10-04,Average Tone,-4.2493
2023-10-05,Average Tone,0
2023-10-06,Average Tone,0
2023-10-07,Average Tone,0
2023-10-08,Average Tone,0
2023-10-09,Average Tone,0
2023-10-10,Average Tone,0
2023-10-11,Average Tone,-1.057
2023-10-12,Average Tone,-1.7147
2023-10-13,Average Tone,0
2023-10-14,Average Tone,0
2023-10-15,Average Tone,0
2023-10-16,Average Tone,-6.9364
2023-10-17,Average Tone,0
2023-10-18,Average Tone,0
2023-10-19,Average Tone,-0.8013
2023-10-20,Average Tone,0
2023-10-21,Average Tone,0
2023-10-22,Average Tone,0
2023-10-23,Average Tone,-1.3761
2023-10-24,Average Tone,0
2023-10-25,Average Tone,0
2023-10-26,Average Tone,0
2023-10-27,Average Tone,0
2023-10-28,Average Tone,0
2023-10-29,Average Tone,0
2023-10-30,Average Tone,0
2023-10-31,Average Tone,-2.104
2023-11-01,Average Tone,-5.5556
2023-11-02,Average Tone,0
2023-11-03,Average Tone,0
2023-11-04,Average Tone,-1.4706
2023-11-05,Average Tone,0
2023-11-06,Average Tone,-3.1785
2023-11-07,Average Tone,0
2023-11-08,Average Tone,-3.69
2023-11-09,Average Tone,-3.1157
2023-11-10,Average Tone,0
2023-11-11,Average Tone,0
2023-11-12,Average Tone,-0.3977
2023-11-13,Average Tone,0
2023-11-14,Average Tone,0
2023-11-15,Average Tone,0
2023-11-16,Average Tone,0
2023-11-17,Average Tone,0
2023-11-18,Average Tone,0
2023-11-19,Average Tone,2.6915
2023-11-20,Average Tone,0
2023-11-21,Average Tone,0
2023-11-22,Average Tone,0
2023-11-23,Average Tone,0
2023-11-24,Average Tone,0
2023-11-25,Average Tone,0
2023-11-26,Average Tone,0
2023-11-27,Average Tone,0
2023-11-28,Average Tone,0
2023-11-29,Average Tone,0
2023-11-30,Average Tone,-1.6547
2023-12-01,Average Tone,0
2023-12-02,Average Tone,0
2023-12-03,Average Tone,-0.8021
2023-12-04,Average Tone,-2.1089
2023-12-05,Average Tone,0
2023-12-06,Average Tone,0
2023-12-07,Average Tone,0
2023-12-08,Average Tone,-5.1887
2023-12-09,Average Tone,0
2023-12-10,Average Tone,0
2023-12-11,Average Tone,-3.6723
2023-12-12,Average Tone,0
2023-12-13,Average Tone,0
2023-12-14,Average Tone,0
2023-12-15,Average Tone,0
2023-12-16,Average Tone,0
2023-12-17,Average Tone,-1.3129
2023-12-18,Average Tone,0
2023-12-19,Average Tone,0
2023-12-20,Average Tone,0
2023-12-21,Average Tone,0
2023-12-22,Average Tone,2.4938
2023-12-23,Average Tone,0
2023-12-24,Average Tone,0
2023-12-25,Average Tone,0
2023-12-26,Average Tone,-1.0707
2023-12-27,Average Tone,0
2023-12-28,Average Tone,0
2023-12-29,Average Tone,-2.1882
2023-12-30,Average Tone,0.7678
2023-12-31,Average Tone,2.4876
2024-01-01,Average Tone,0
2024-01-02,Average Tone,-2.1187
2024-01-03,Average Tone,-0.8621
2024-01-04,Average Tone,0
2024-01-05,Average Tone,0
2024-01-06,Average Tone,0
2024-01-07,Average Tone,-2.4842
2024-01-08,Average Tone,-2.3354
2024-01-09,Average Tone,-0.4123
2024-01-10,Average Tone,0
2024-01-11,Average Tone,0
2024-01-12,Average Tone,0
2024-01-13,Average Tone,0
2024-01-14,Average Tone,0
2024-01-15,Average Tone,0
2024-01-16,Average Tone,0
2024-01-17,Average Tone,0
2024-01-18,Average Tone,0
2024-01-19,Average Tone,0
2024-01-20,Average Tone,0
2024-01-21,Average Tone,-2.988
2024-01-22,Average Tone,0
2024-01-23,Average Tone,-0.7101
2024-01-24,Average Tone,0
2024-01-25,Average Tone,0
2024-01-26,Average Tone,0
2024-01-27,Average Tone,-0.1372
2024-01-28,Average Tone,0
2024-01-29,Average Tone,0
2024-01-30,Average Tone,0
2024-01-31,Average Tone,1.3953
2024-02-01,Average Tone,0
2024-02-02,Average Tone,0
2024-02-03,Average Tone,0
2024-02-04,Average Tone,0
2024-02-05,Average Tone,0
2024-02-06,Average Tone,0
2024-02-07,Average Tone,0
2024-02-08,Average Tone,0
2024-02-09,Average Tone,0
2024-02-10,Average Tone,0
2024-02-11,Average Tone,0
2024-02-12,Average Tone,0
2024-02-13,Average Tone,0
2024-02-14,Average Tone,0
2024-02-15,Average Tone,0
2024-02-16,Average Tone,0
2024-02-17,Average Tone,0
2024-02-18,Average Tone,0
2024-02-19,Average Tone,0
2024-02-20,Average Tone,0
2024-02-21,Average Tone,0
2024-02-22,Average Tone,0
2024-02-23,Average Tone,0
2024-02-24,Average Tone,0
2024-02-25,Average Tone,0
2024-02-26,Average Tone,0
2024-02-27,Average Tone,-3.737
2024-02-28,Average Tone,0
2024-02-29,Average Tone,-4.8387
2024-03-01,Average Tone,0
2024-03-02,Average Tone,0
2024-03-03,Average Tone,0
2024-03-04,Average Tone,0
2024-03-05,Average Tone,0
2024-03-06,Average Tone,-3.3079
2024-03-07,Average Tone,0
2024-03-08,Average Tone,0.4494
2024-03-09,Average Tone,0
2024-03-10,Average Tone,0
2024-03-11,Average Tone,0
2024-03-12,Average Tone,0
2024-03-13,Average Tone,0
2024-03-14,Average Tone,0
2024-03-15,Average Tone,0
2024-03-16,Average Tone,0
2024-03-17,Average Tone,0
2024-03-18,Average Tone,0
2024-03-19,Average Tone,0
2024-03-20,Average Tone,0
2024-03-21,Average Tone,-0.2292
2024-03-22,Average Tone,0
2024-03-23,Average Tone,0
2024-03-24,Average Tone,0
2024-03-25,Average Tone,0
2024-03-26,Average Tone,0
2024-03-27,Average Tone,0
2024-03-28,Average Tone,0
2024-03-29,Average Tone,0
2024-03-30,Average Tone,-1.692
2024-03-31,Average Tone,0
2024-04-01,Average Tone,-5.2479
2024-04-02,Average Tone,-0.6429
2024-04-03,Average Tone,0
2024-04-04,Average Tone,0
2024-04-05,Average Tone,-0.5859
2024-04-06,Average Tone,0
2024-04-07,Average Tone,0
2024-04-08,Average Tone,-5.3452
2024-04-09,Average Tone,0
2024-04-10,Average Tone,1.2195
2024-04-11,Average Tone,0
2024-04-12,Average Tone,0
2024-04-13,Average Tone,0
2024-04-14,Average Tone,0
2024-04-15,Average Tone,0
2024-04-16,Average Tone,0
2024-04-17,Average Tone,0
2024-04-18,Average Tone,0
2024-04-19,Average Tone,0
2024-04-20,Average Tone,0
2024-04-21,Average Tone,0
2024-04-22,Average Tone,0
2024-04-23,Average Tone,0
2024-04-24,Average Tone,0
2024-04-25,Average Tone,0.6073
2024-04-26,Average Tone,0
2024-04-27,Average Tone,0
2024-04-28,Average Tone,0
2024-04-29,Average Tone,0
2024-04-30,Average Tone,0.9822
2024-05-01,Average Tone,0
2024-05-02,Average Tone,0
2024-05-03,Average Tone,0
2024-05-04,Average Tone,0
2024-05-05,Average Tone,0
2024-05-06,Average Tone,0
2024-05-07,Average Tone,0
2024-05-08,Average Tone,0
2024-05-09,Average Tone,0
2024-05-10,Average Tone,0
2024-05-11,Average Tone,0
2024-05-12,Average Tone,0
2024-05-13,Average Tone,0
2024-05-14,Average Tone,0
2024-05-15,Average Tone,0
2024-05-16,Average Tone,0
2024-05-17,Average Tone,0
2024-05-18,Average Tone,0
2024-05-19,Average Tone,0
2024-05-20,Average Tone,0
2024-05-21,Average Tone,-1.5238
2024-05-22,Average Tone,0.753
2024-05-23,Average Tone,2.2785
2024-05-24,Average Tone,0
2024-05-25,Average Tone,0
2024-05-26,Average Tone,0
2024-05-27,Average Tone,0
2024-05-28,Average Tone,0
2024-05-29,Average Tone,0
2024-05-30,Average Tone,0
2024-05-31,Average Tone,0
2024-06-01,Average Tone,0
2024-06-02,Average Tone,0
2024-06-03,Average Tone,0
2024-06-04,Average Tone,0
2024-06-05,Average Tone,0
2024-06-06,Average Tone,0
2024-06-07,Average Tone,-3.9352
2024-06-08,Average Tone,-0.7977
2024-06-09,Average Tone,0
2024-06-10,Average Tone,0
2024-06-11,Average Tone,-6.6496
2024-06-12,Average Tone,0
2024-06-13,Average Tone,0
2024-06-14,Average Tone,0
2024-06-15,Average Tone,0
2024-06-16,Average Tone,-3.2158
2024-06-17,Average Tone,0
2024-06-18,Average Tone,0
2024-06-19,Average Tone,0
2024-06-20,Average Tone,0
2024-06-21,Average Tone,0
2024-06-22,Average Tone,0
2024-06-23,Average Tone,0
2024-06-24,Average Tone,0
2024-06-25,Average Tone,0
2024-06-26,Average Tone,-2.6017
2024-06-27,Average Tone,-1.8316
2024-06-28,Average Tone,-1.0076
2024-06-29,Average Tone,-0.4024
2024-06-30,Average Tone,-3.7281
2024-07-01,Average Tone,-0.5019
2024-07-02,Average Tone,0.5128
2024-07-03,Average Tone,0
2024-07-04,Average Tone,0
2024-07-05,Average Tone,0.9771
2024-07-06,Average Tone,1.7456
2024-07-07,Average Tone,1.7065
2024-07-08,Average Tone,4.1284
2024-07-09,Average Tone,0
2024-07-10,Average Tone,0
2024-07-11,Average Tone,0.7717
2024-07-12,Average Tone,-0.7792
2024-07-13,Average Tone,0
2024-07-14,Average Tone,0
2024-07-15,Average Tone,0
2024-07-16,Average Tone,0
2024-07-17,Average Tone,0
2024-07-18,Average Tone,0
2024-07-19,Average Tone,0
2024-07-20,Average Tone,0
2024-07-21,Average Tone,0
2024-07-22,Average Tone,-0.4237
2024-07-23,Average Tone,0.9156
2024-07-24,Average Tone,0
2024-07-25,Average Tone,0
2024-07-26,Average Tone,0
2024-07-27,Average Tone,0
2024-07-28,Average Tone,0
2024-07-29,Average Tone,-0.6916
2024-07-30,Average Tone,0
2024-07-31,Average Tone,0.371
2024-08-01,Average Tone,-0.9091
2024-08-02,Average Tone,-0.6711
2024-08-03,Average Tone,-1.3253
2024-08-04,Average Tone,-4.8465
2024-08-05,Average Tone,0
2024-08-06,Average Tone,0
2024-08-07,Average Tone,0
2024-08-08,Average Tone,0
2024-08-09,Average Tone,0
2024-08-10,Average Tone,0
2024-08-11,Average Tone,0
2024-08-12,Average Tone,0
2024-08-13,Average Tone,0
2024-08-14,Average Tone,0.9451
2024-08-15,Average Tone,0.625
2024-08-16,Average Tone,0
2024-08-17,Average Tone,0
2024-08-18,Average Tone,0
2024-08-19,Average Tone,0
2024-08-20,Average Tone,0
2024-08-21,Average Tone,0
2024-08-22,Average Tone,-0.3846
2024-08-23,Average Tone,0
2024-08-24,Average Tone,1.7978
2024-08-25,Average Tone,0
2024-08-26,Average Tone,0
2024-08-27,Average Tone,0
2024-08-28,Average Tone,0
2024-08-29,Average Tone,-1.421
2024-08-30,Average Tone,0
2024-08-31,Average Tone,-5
2024-09-01,Average Tone,0
2024-09-02,Average Tone,0
2024-09-03,Average Tone,0
2024-09-04,Average Tone,-0.9174
2024-09-05,Average Tone,-1.984
2024-09-06,Average Tone,0
2024-09-07,Average Tone,0
2024-09-08,Average Tone,-5.6876
2024-09-09,Average Tone,-4.4369
2024-09-10,Average Tone,-2.1729
2024-09-11,Average Tone,-0.5952
2024-09-12,Average Tone,0
2024-09-13,Average Tone,0
2024-09-14,Average Tone,0
2024-09-15,Average Tone,-2.9954
2024-09-16,Average Tone,0
2024-09-17,Average Tone,-2.0277
2024-09-18,Average Tone,-1.7268
2024-09-19,Average Tone,-3.6873
2024-09-20,Average Tone,0
2024-09-21,Average Tone,0
2024-09-22,Average Tone,-2.3679
2024-09-23,Average Tone,0
2024-09-24,Average Tone,0
2024-09-25,Average Tone,-3.0445
2024-09-26,Average Tone,8.0537
2024-09-27,Average Tone,0
2024-09-28,Average Tone,0
2024-09-29,Average Tone,0
2024-09-30,Average Tone,0
2024-10-01,Average Tone,-6.9686
2024-10-02,Average Tone,0
2024-10-03,Average Tone,0.5618
2024-10-04,Average Tone,0
2024-10-05,Average Tone,0
2024-10-06,Average Tone,0
2024-10-07,Average Tone,-1.0913
2024-10-08,Average Tone,-2.5362
2024-10-09,Average Tone,0
2024-10-10,Average Tone,-7.8086
2024-10-11,Average Tone,-1.0862
2024-10-12,Average Tone,-2.8704
2024-10-13,Average Tone,0
2024-10-14,Average Tone,-1.3483
2024-10-15,Average Tone,-0.8177
2024-10-16,Average Tone,0
2024-10-17,Average Tone,-2.8884
2024-10-18,Average Tone,0
2024-10-19,Average Tone,5.9369
2024-10-20,Average Tone,0
2024-10-21,Average Tone,1.5872
2024-10-22,Average Tone,0.2725
2024-10-23,Average Tone,0.1714
2024-10-24,Average Tone,0
2024-10-25,Average Tone,-0.7194
2024-10-26,Average Tone,0
2024-10-27,Average Tone,0
2024-10-28,Average Tone,-2.1652
2024-10-29,Average Tone,0
2024-10-30,Average Tone,-1.5911
2024-10-31,Average Tone,1.066
2024-11-01,Average Tone,-6.25
2024-11-02,Average Tone,0
2024-11-03,Average Tone,0
2024-11-04,Average Tone,0
2024-11-05,Average Tone,0
2024-11-06,Average Tone,0
2024-11-07,Average Tone,0
2024-11-08,Average Tone,0
2024-11-09,Average Tone,0
2024-11-10,Average Tone,0
2024-11-11,Average Tone,0
2024-11-12,Average Tone,0
2024-11-13,Average Tone,0
2024-11-14,Average Tone,0
2024-11-15,Average Tone,0
2024-11-16,Average Tone,0
2024-11-17,Average Tone,0
2024-11-18,Average Tone,0
2024-11-19,Average Tone,0
2024-11-20,Average Tone,-2.5974
2024-11-21,Average Tone,0
2024-11-22,Average Tone,0
2024-11-23,Average Tone,0
2024-11-24,Average Tone,-0.3649
2024-11-25,Average Tone,0
2024-11-26,Average Tone,0
2024-11-27,Average Tone,1.3063
2024-11-28,Average Tone,0
2024-11-29,Average Tone,-4.4444
2024-11-30,Average Tone,0
2024-12-01,Average Tone,0
2024-12-02,Average Tone,-4.793
2024-12-03,Average Tone,0
2024-12-04,Average Tone,0
2024-12-05,Average Tone,0
2024-12-06,Average Tone,-3.681
2024-12-07,Average Tone,0
2024-12-08,Average Tone,-3.3854
2024-12-09,Average Tone,0
2024-12-10,Average Tone,-2.3981
2024-12-11,Average Tone,0
2024-12-12,Average Tone,0.2712
2024-12-13,Average Tone,0
2024-12-14,Average Tone,4.1544
2024-12-15,Average Tone,0
2024-12-16,Average Tone,0
2024-12-17,Average Tone,0
2024-12-18,Average Tone,0.9371
2024-12-19,Average Tone,0
2024-12-20,Average Tone,0
2024-12-21,Average Tone,5.7695
2024-12-22,Average Tone,0
2024-12-23,Average Tone,-0.4107
2024-12-24,Average Tone,-1.0395
2024-12-25,Average Tone,0
2024-12-26,Average Tone,6.135
2024-12-27,Average Tone,0
2024-12-28,Average Tone,0
2024-12-29,Average Tone,0
2024-12-30,Average Tone,-7.1918
2024-12-31,Average Tone,-2.5862
2025-01-01,Average Tone,0
2025-01-02,Average Tone,0
2025-01-03,Average Tone,0
2025-01-04,Average Tone,0
2025-01-05,Average Tone,2.0885
2025-01-06,Average Tone,-0.2041
2025-01-07,Average Tone,0
2025-01-08,Average Tone,-1.6827
2025-01-09,Average Tone,0.3752
2025-01-10,Average Tone,0
2025-01-11,Average Tone,0
2025-01-12,Average Tone,0
2025-01-13,Average Tone,0
2025-01-14,Average Tone,0
2025-01-15,Average Tone,0
2025-01-16,Average Tone,0
2025-01-17,Average Tone,0
2025-01-18,Average Tone,0
2025-01-19,Average Tone,0
2025-01-20,Average Tone,0
2025-01-21,Average Tone,-2.635
2025-01-22,Average Tone,0
2025-01-23,Average Tone,0
2025-01-24,Average Tone,0
2025-01-25,Average Tone,0
2025-01-26,Average Tone,0
2025-01-27,Average Tone,0
2025-01-28,Average Tone,0
2025-01-29,Average Tone,0
2025-01-30,Average Tone,0
2025-01-31,Average Tone,-1.2928
2025-02-01,Average Tone,0
2025-02-02,Average Tone,0
2025-02-03,Average Tone,0
2025-02-04,Average Tone,0
2025-02-05,Average Tone,0
2025-02-06,Average Tone,0
2025-02-07,Average Tone,0
2025-02-08,Average Tone,0
2025-02-09,Average Tone,0.7239
2025-02-10,Average Tone,0
2025-02-11,Average Tone,1.3514
2025-02-12,Average Tone,-3.2174
2025-02-13,Average Tone,0
2025-02-14,Average Tone,0
2025-02-15,Average Tone,0
2025-02-16,Average Tone,0
2025-02-17,Average Tone,0
2025-02-18,Average Tone,0
2025-02-19,Average Tone,0
2025-02-20,Average Tone,0
2025-02-21,Average Tone,0
2025-02-22,Average Tone,-2.4502
2025-02-23,Average Tone,0
2025-02-24,Average Tone,-0.7449
2025-02-25,Average Tone,0
2025-02-26,Average Tone,0
2025-02-27,Average Tone,0
2025-02-28,Average Tone,-6.0606
2025-03-01,Average Tone,0
2025-03-02,Average Tone,0
2025-03-03,Average Tone,0
2025-03-04,Average Tone,0
2025-03-05,Average Tone,0
2025-03-06,Average Tone,0.4255
2025-03-07,Average Tone,0
2025-03-08,Average Tone,0
2025-03-09,Average Tone,-2.6975
2025-03-10,Average Tone,0
2025-03-11,Average Tone,0
2025-03-12,Average Tone,0
2025-03-13,Average Tone,0
2025-03-14,Average Tone,0
2025-03-15,Average Tone,0
2025-03-16,Average Tone,0
2025-03-17,Average Tone,0
2025-03-18,Average Tone,-0.6329
2025-03-19,Average Tone,0
2025-03-20,Average Tone,0
2025-03-21,Average Tone,-0.3034
2025-03-22,Average Tone,0
2025-03-23,Average Tone,0
2025-03-24,Average Tone,0
2025-03-25,Average Tone,0
2025-03-26,Average Tone,0
2025-03-27,Average Tone,0
2025-03-28,Average Tone,0
2025-03-29,Average Tone,0
2025-03-30,Average Tone,0.3551
2025-03-31,Average Tone,0
2025-04-01,Average Tone,0
2025-04-02,Average Tone,0
2025-04-03,Average Tone,0
2025-04-04,Average Tone,0
2025-04-05,Average Tone,0
2025-04-06,Average Tone,0
2025-04-07,Average Tone,0
2025-04-08,Average Tone,0.7379
2025-04-09,Average Tone,-3.3259
2025-04-10,Average Tone,0
2025-04-11,Average Tone,-0.3367
2025-04-12,Average Tone,1.81
2025-04-13,Average Tone,0
2025-04-14,Average Tone,0
2025-04-15,Average Tone,0
2025-04-16,Average Tone,-0.3945
2025-04-17,Average Tone,0
2025-04-18,Average Tone,0
2025-04-19,Average Tone,0
2025-04-20,Average Tone,0
2025-04-21,Average Tone,0
2025-04-22,Average Tone,-2.7397
2025-04-23,Average Tone,0
2025-04-24,Average Tone,-0.2174
2025-04-25,Average Tone,-1.2605
2025-04-26,Average Tone,0
2025-04-27,Average Tone,0
2025-04-28,Average Tone,2.7174
2025-04-29,Average Tone,0
2025-04-30,Average Tone,0
2025-05-01,Average Tone,-1.1121
2025-05-02,Average Tone,0
2025-05-03,Average Tone,0
2025-05-04,Average Tone,0
2025-05-05,Average Tone,0
2025-05-06,Average Tone,0
2025-05-07,Average Tone,0
2025-05-08,Average Tone,0
2025-05-09,Average Tone,0
2025-05-10,Average Tone,0
2025-05-11,Average Tone,-2.1306
2025-05-12,Average Tone,-0.6467
2025-05-13,Average Tone,0
2025-05-14,Average Tone,-1.0862
2025-05-15,Average Tone,0
2025-05-16,Average Tone,0
2025-05-17,Average Tone,0
2025-05-18,Average Tone,0
2025-05-19,Average Tone,0
2025-05-20,Average Tone,0
2025-05-21,Average Tone,0
2025-05-22,Average Tone,0
2025-05-23,Average Tone,0
2025-05-24,Average Tone,1.3761
2025-05-25,Average Tone,0
2025-05-26,Average Tone,0
2025-05-27,Average Tone,1.7964
2025-05-28,Average Tone,0
2025-05-29,Average Tone,0
2025-05-30,Average Tone,-2.9072
2025-05-31,Average Tone,-0.8026
2025-06-01,Average Tone,0
2025-06-02,Average Tone,0
2025-06-03,Average Tone,1.7094
2025-06-04,Average Tone,-0.1961
2025-06-05,Average Tone,-8.9398
2025-06-06,Average Tone,0
2025-06-07,Average Tone,1.3636
2025-06-08,Average Tone,0
2025-06-09,Average Tone,-1.6
2025-06-10,Average Tone,0
2025-06-11,Average Tone,0
2025-06-12,Average Tone,0
2025-06-13,Average Tone,0
2025-06-14,Average Tone,0
2025-07-02,Average Tone,0
2025-07-03,Average Tone,0
2025-07-04,Average Tone,0
2025-07-05,Average Tone,0
2025-07-06,Average Tone,0
2025-07-07,Average Tone,0
2025-07-08,Average Tone,-1.9481
2025-07-09,Average Tone,0
2025-07-10,Average Tone,0
2025-07-11,Average Tone,0
2025-07-12,Average Tone,-6.6845
2025-07-13,Average Tone,0
2025-07-14,Average Tone,0
2025-07-15,Average Tone,0
2025-07-16,Average Tone,0
2025-07-17,Average Tone,0
2025-07-18,Average Tone,0
2025-07-19,Average Tone,1.004
2025-07-20,Average Tone,0
2025-07-21,Average Tone,0
2025-07-22,Average Tone,-4.5643
2025-07-23,Average Tone,0
2025-07-24,Average Tone,0
2025-07-25,Average Tone,7.8512
2025-07-26,Average Tone,0
2025-07-27,Average Tone,0
2025-07-28,Average Tone,0
2025-07-29,Average Tone,0
2025-07-30,Average Tone,0
2025-07-31,Average Tone,-10.3825
2025-08-01,Average Tone,0
2025-08-02,Average Tone,0
2025-08-03,Average Tone,0
2025-08-04,Average Tone,0
2025-08-05,Average Tone,0
2025-08-06,Average Tone,0
2025-08-07,Average Tone,0
2025-08-08,Average Tone,1.3514
2025-08-09,Average Tone,0
2025-08-10,Average Tone,0
2025-08-11,Average Tone,0
2025-08-12,Average Tone,0
2025-08-13,Average Tone,0
2025-08-14,Average Tone,0
2025-08-15,Average Tone,0
2025-08-16,Average Tone,0
2025-08-17,Average Tone,0
2025-08-18,Average Tone,0
2025-08-19,Average Tone,0
2025-08-20,Average Tone,0
2025-08-21,Average Tone,0
2025-08-22,Average Tone,0
2025-08-23,Average Tone,0
2025-08-24,Average Tone,0
2025-08-25,Average Tone,0
2025-08-26,Average Tone,-1.8582
2025-08-27,Average Tone,0
2025-08-28,Average Tone,0
2025-08-29,Average Tone,-1.8957
2025-08-30,Average Tone,0
2025-08-31,Average Tone,0
2025-09-01,Average Tone,0
2025-09-02,Average Tone,0
2025-09-03,Average Tone,0
2025-09-04,Average Tone,-5.4496
2025-09-05,Average Tone,0
2025-09-06,Average Tone,0
2025-09-07,Average Tone,0
2025-09-08,Average Tone,0
2025-09-09,Average Tone,-1.2579
2025-09-10,Average Tone,0
2025-09-11,Average Tone,0
2025-09-12,Average Tone,0
2025-09-13,Average Tone,0
2025-09-14,Average Tone,0
2025-09-15,Average Tone,0
2025-09-16,Average Tone,0
2025-09-17,Average Tone,0
2025-09-18,Average Tone,0
2025-09-19,Average Tone,2.7407
2025-09-20,Average Tone,0
2025-09-21,Average Tone,0
2025-09-22,Average Tone,0
2025-09-23,Average Tone,0
2025-09-24,Average Tone,-1.5086
2025-09-25,Average Tone,-2.9586
2025-09-26,Average Tone,0.7238
2025-09-27,Average Tone,0
2025-09-28,Average Tone,0.7381
2025-09-29,Average Tone,0
2025-09-30,Average Tone,0
2025-10-01,Average Tone,0
2025-10-02,Average Tone,0
2025-10-03,Average Tone,-2.5316
2025-10-04,Average Tone,0
2025-10-05,Average Tone,0
2025-10-06,Average Tone,0
2025-10-07,Average Tone,0
2025-10-08,Average Tone,0
2025-10-09,Average Tone,0
2025-10-10,Average Tone,0
2025-10-11,Average Tone,0
2025-10-12,Average Tone,-1.5
2025-10-13,Average Tone,0
2025-10-14,Average Tone,-0.9086
2025-10-15,Average Tone,0
2025-10-16,Average Tone,0
2025-10-17,Average Tone,1.0277
2025-10-18,Average Tone,0
2025-10-19,Average Tone,0
2025-10-20,Average Tone,0
2025-10-21,Average Tone,-0.0678
2025-10-22,Average Tone,0
2025-10-23,Average Tone,0
2025-10-24,Average Tone,0
2025-10-25,Average Tone,0
2025-10-26,Average Tone,-1.1111
2025-10-27,Average Tone,0
2025-10-28,Average Tone,0
2025-10-29,Average Tone,-1.8538
2025-10-30,Average Tone,0
2025-10-31,Average Tone,-0.2536
2025-11-01,Average Tone,-3.0488
2025-11-02,Average Tone,0
2025-11-03,Average Tone,-2.1226
2025-11-04,Average Tone,1.2214
2025-11-05,Average Tone,-3.7747
2025-11-06,Average Tone,0
2025-11-07,Average Tone,-4.2254
2025-11-08,Average Tone,3.9773
2025-11-09,Average Tone,-1.7241
2025-11-10,Average Tone,0
2025-11-11,Average Tone,0
2025-11-12,Average Tone,-2.0779
2025-11-13,Average Tone,0
2025-11-14,Average Tone,1.63
2025-11-15,Average Tone,-0.829
2025-11-16,Average Tone,-2.0629
2025-11-17,Average Tone,-0.7963
2025-11-18,Average Tone,-2.3986
2025-11-19,Average Tone,0
2025-11-20,Average Tone,0
2025-11-21,Average Tone,-1.3543
2025-11-22,Average Tone,-2.7406
2025-11-23,Average Tone,0
2025-11-24,Average Tone,-0.1874
2025-11-25,Average Tone,-0.533
2025-11-26,Average Tone,-2.4919
2025-11-27,Average Tone,-0.9072
2025-11-28,Average Tone,0.5361
2025-11-29,Average Tone,-0.7106
2025-11-30,Average Tone,1.1857
2025-12-01,Average Tone,-0.6984
2025-12-02,Average Tone,-1.7151
2025-12-03,Average Tone,-1.7144
2025-12-04,Average Tone,-2.5209
2025-12-05,Average Tone,-2.2547
2025-12-06,Average Tone,0
2025-12-07,Average Tone,-3.7982
2025-12-08,Average Tone,-1.3535
2025-12-09,Average Tone,0.6759
2025-12-10,Average Tone,0.5133
2025-12-11,Average Tone,-2.1779
2025-12-12,Average Tone,-1.6666
2025-12-13,Average Tone,0
2025-12-14,Average Tone,0
2025-12-15,Average Tone,-1.8379
2025-12-16,Average Tone,-1.2411
2025-12-17,Average Tone,-1.5891
2025-12-18,Average Tone,-1.41
2025-12-19,Average Tone,-2.6185
2025-12-20,Average Tone,-0.8426
2025-12-21,Average Tone,-2.243
2025-12-22,Average Tone,-1.0965
2025-12-23,Average Tone,-3.0511
2025-12-24,Average Tone,-2.09
2025-12-25,Average Tone,-0.9545
2025-12-26,Average Tone,0.0915
2025-12-27,Average Tone,-2.5717
2025-12-28,Average Tone,0.1808
2025-12-29,Average Tone,-1.6695
2025-12-30,Average Tone,-0.9489
2025-12-31,Average Tone,-3.2261
2026-01-01,Average Tone,0.585
2026-01-02,Average Tone,-2.3172
2026-01-03,Average Tone,-1.4286
2026-01-04,Average Tone,-1.252
2026-01-05,Average Tone,-0.888
2026-01-06,Average Tone,0.2088
2026-01-07,Average Tone,-0.6581
2026-01-08,Average Tone,-0.4689
2026-01-09,Average Tone,-0.1071
2026-01-10,Average Tone,-0.8333
2026-01-11,Average Tone,-0.4624
2026-01-12,Average Tone,-1.1255
2026-01-13,Average Tone,-1.1495
2026-01-14,Average Tone,-0.5082
2026-01-15,Average Tone,0.0137
2026-01-16,Average Tone,-1.909
2026-01-17,Average Tone,-2.8796
2026-01-18,Average Tone,-1.8265
2026-01-19,Average Tone,-1.7229
2026-01-20,Average Tone,1.3401
2026-01-21,Average Tone,-1.2857
2026-01-22,Average Tone,-1.0019
2026-01-23,Average Tone,-1.9204
2026-01-24,Average Tone,0.4938
2026-01-25,Average Tone,-1.9018
2026-01-26,Average Tone,-0.1051
2026-01-27,Average Tone,0
2026-01-28,Average Tone,-0.1851
2026-01-29,Average Tone,-0.8211
2026-01-30,Average Tone,0.1073
2026-01-31,Average Tone,-2.5203
2026-02-01,Average Tone,-0.5035
2026-02-02,Average Tone,-0.4436
2026-02-03,Average Tone,-1.7656
2026-02-04,Average Tone,1.2796
2026-02-05,Average Tone,-0.3787
2026-02-06,Average Tone,-4.7839
2026-02-07,Average Tone,-1.5488
2026-02-08,Average Tone,1.2868
2026-02-09,Average Tone,1.2166
2026-02-10,Average Tone,0.6135
2026-02-11,Average Tone,1.0745
2026-02-12,Average Tone,-3.2711
2026-02-13,Average Tone,-0.4359
2026-02-14,Average Tone,1.662
2026-02-15,Average Tone,-0.2426
2026-02-16,Average Tone,-0.8013
2026-02-17,Average Tone,-2.2074
2026-02-18,Average Tone,-2.3447
2026-02-19,Average Tone,-0.9752
2026-02-20,Average Tone,0.6192
2026-02-21,Average Tone,0
2026-02-22,Average Tone,-2.2049
2026-02-23,Average Tone,-2.6414
2026-02-24,Average Tone,1.1413
2026-02-25,Average Tone,0.7141
2026-02-26,Average Tone,-1.6714
2026-02-27,Average Tone,-1.8551
2026-02-28,Average Tone,0
2026-03-01,Average Tone,-0.9468
2026-03-02,Average Tone,0.5939
2026-03-03,Average Tone,-1.4758
2026-03-04,Average Tone,0.602
2026-03-05,Average Tone,-1.1638
2026-03-06,Average Tone,-0.3096
2026-03-07,Average Tone,-3.3727
2026-03-08,Average Tone,1.134
2026-03-09,Average Tone,0.3343
2026-03-10,Average Tone,-0.7018
2026-03-11,Average Tone,-0.1389
2026-03-12,Average Tone,-0.8748
2026-03-13,Average Tone,-2.1861
2026-03-14,Average Tone,0
2026-03-15,Average Tone,2.5263
2026-03-16,Average Tone,-3.05
2026-03-17,Average Tone,0.2901
2026-03-18,Average Tone,0.0752
2026-03-19,Average Tone,0
2026-03-20,Average Tone,-0.4144
2026-03-21,Average Tone,-3.1579
2026-03-22,Average Tone,0
2026-03-23,Average Tone,-4.1451
2026-03-24,Average Tone,-1.5866
2026-03-25,Average Tone,-0.132
2026-03-26,Average Tone,-4.5198
2026-03-27,Average Tone,-0.9378
2026-03-28,Average Tone,0.612
2026-03-29,Average Tone,-3.1895
2026-03-30,Average Tone,-1.0028
2026-03-31,Average Tone,-1.7385
2026-04-01,Average Tone,-0.7948
2026-04-02,Average Tone,-0.1625
2026-04-03,Average Tone,-1.4675
2026-04-04,Average Tone,0.4792
2026-04-05,Average Tone,-1.4481
2026-04-06,Average Tone,-1.4529
2026-04-07,Average Tone,1.5495
2026-04-08,Average Tone,0.9181
2026-04-09,Average Tone,-2.0849
2026-04-10,Average Tone,-0.7419
2026-04-11,Average Tone,0
2026-04-12,Average Tone,-4.3508
2026-04-13,Average Tone,-1.9344
2026-04-14,Average Tone,-2.144
2026-04-15,Average Tone,-3.397
2026-04-16,Average Tone,-1.289
2026-04-17,Average Tone,0
2026-04-18,Average Tone,-3.3898
2026-04-19,Average Tone,0.9326
2026-04-20,Average Tone,-1.6668
2026-04-21,Average Tone,-0.4606
2026-04-22,Average Tone,0.0289
2026-04-23,Average Tone,-0.979
2026-04-24,Average Tone,-0.748
2026-04-25,Average Tone,-1.2147
2026-04-26,Average Tone,-1.1619
2026-04-27,Average Tone,0
2026-04-28,Average Tone,-1.0861
2026-04-29,Average Tone,-1.6566
2026-04-30,Average Tone,-0.4512
2026-05-01,Average Tone,-2.6634
2026-05-02,Average Tone,1.1013
2026-05-03,Average Tone,0.6236
2026-05-04,Average Tone,-1.0791
2026-05-05,Average Tone,-0.6216
2026-05-06,Average Tone,-0.3159
2026-05-07,Average Tone,0.8997
2026-05-08,Average Tone,2.4485
2026-05-09,Average Tone,-0.0971
2026-05-10,Average Tone,0
2026-05-11,Average Tone,-0.1309
2026-05-12,Average Tone,0.0371
2026-05-13,Average Tone,0
2026-05-14,Average Tone,-1.4881
2026-05-15,Average Tone,0
2026-05-16,Average Tone,0.476
2026-05-17,Average Tone,-0.9606
2026-05-18,Average Tone,0.3316
2026-05-19,Average Tone,0.133
2026-05-20,Average Tone,0
2026-05-21,Average Tone,-0.6718
2026-05-22,Average Tone,-0.5006
2026-05-23,Average Tone,0
2026-05-24,Average Tone,-3.8895
2026-05-25,Average Tone,-2.2822
2026-05-26,Average Tone,-4.3804
2026-05-27,Average Tone,-3.7661
2026-05-28,Average Tone,-1.0121
2026-05-29,Average Tone,-1.4563
2026-05-30,Average Tone,-0.5519
2026-05-31,Average Tone,0.5142
2026-06-01,Average Tone,-0.1525
2026-06-02,Average Tone,0.1943
2026-06-03,Average Tone,0
2026-06-04,Average Tone,-1.5977
2026-06-05,Average Tone,-0.3822
2026-06-06,Average Tone,0
2026-06-07,Average Tone,-1.2019
2026-06-08,Average Tone,0.3444
2026-06-09,Average Tone,0.189
2026-06-10,Average Tone,0
2026-06-11,Average Tone,-2.1025
2026-06-12,Average Tone,-1.1416
2026-06-13,Average Tone,-1.581
2026-06-14,Average Tone,-1.5113
2026-06-15,Average Tone,-0.4342
2026-06-16,Average Tone,2.1335
2026-06-17,Average Tone,-2.2084
2026-06-18,Average Tone,-0.0431
2026-06-19,Average Tone,-2.7665
2026-06-20,Average Tone,-4.3127
2026-06-21,Average Tone,1.0862
2026-06-22,Average Tone,-1.2825
2026-06-23,Average Tone,0.4167
2026-06-24,Average Tone,-0.8019
2026-06-25,Average Tone,0.0461
2026-06-26,Average Tone,0.9345
2026-06-27,Average Tone,-1.5465
2026-06-28,Average Tone,-1.3633
2026-06-29,Average Tone,-1.1992
2026-06-30,Average Tone,0.3077
2026-07-05,Average Tone,0.7704
2026-07-06,Average Tone,0
2026-07-07,Average Tone,-0.9402
2026-07-08,Average Tone,-2.0293
2026-07-09,Average Tone,0.3503
2026-07-10,Average Tone,-0.6899
2026-07-11,Average Tone,-1.8426
2026-07-12,Average Tone,-2.9859
2026-07-13,Average Tone,-0.3091
2026-07-14,Average Tone,0.1792
2026-07-15,Average Tone,1.6032
2026-07-16,Average Tone,-1.5414
2026-07-17,Average Tone,0
2026-07-18,Average Tone,0
2026-07-19,Average Tone,4.2308
2026-07-20,Average Tone,-0.0762
2026-07-21,Average Tone,1.4418
2026-07-22,Average Tone,0
2026-07-23,Average Tone,0
2026-07-24,Average Tone,-1.173
2026-07-25,Average Tone,-4.4014
2026-07-26,Average Tone,0
2026-07-27,Average Tone,-0.9363
2026-07-28,Average Tone,-1.6808
2026-07-29,Average Tone,-0.0186
2026-07-30,Average Tone,-1.241
2026-07-31,Average Tone,0
2026-08-01,Average Tone,0.7201
2026-08-02,Average Tone,0.2338
2026-08-03,Average Tone,-0.5
2026-08-04,Average Tone,-1.0391
2026-08-05,Average Tone,-2.7397
2026-08-06,Average Tone,0.1934
2026-08-07,Average Tone,-1.6244
2026-08-08,Average Tone,1.0742
2026-08-09,Average Tone,0
2026-08-10,Average Tone,-3.5545
2026-08-11,Average Tone,0.4286
2026-08-12,Average Tone,-2.2648
2026-08-13,Average Tone,1.9064
2026-08-14,Average Tone,0
2026-08-15,Average Tone,-0.9698
2026-08-16,Average Tone,-1.5103
2026-08-17,Average Tone,-4.5802
2026-08-18,Average Tone,0.2007
2026-08-19,Average Tone,-3.2051
2026-08-20,Average Tone,-1.4071
2026-08-21,Average Tone,0.0937
2026-08-22,Average Tone,1.6941
2026-08-23,Average Tone,0.0738
2026-08-24,Average Tone,-0.9132
2026-08-25,Average Tone,3.0238
2026-08-26,Average Tone,-1.1352
2026-08-27,Average Tone,2.2895
2026-08-28,Average Tone,0
2026-08-29,Average Tone,0.5833
2026-08-30,Average Tone,-1.2999
2026-08-31,Average Tone,-1.4111
2026-09-01,Average Tone,-0.2244
2026-09-02,Average Tone,0
2026-09-03,Average Tone,0
2026-09-04,Average Tone,1.1272
2026-09-05,Average Tone,1.699
2026-09-06,Average Tone,-1.3844
2026-09-07,Average Tone,1.1846
2026-09-08,Average Tone,0
2026-09-09,Average Tone,0.329
2026-09-10,Average Tone,0.4371
2026-09-11,Average Tone,-0.4418
2026-09-12,Average Tone,4.5166
2026-09-13,Average Tone,0
2026-09-20,Average Tone,0
2026-09-21,Average Tone,-1.4379
2026-09-22,Average Tone,-3.3091
2026-09-23,Average Tone,2.4953
2026-09-24,Average Tone,0
2026-09-25,Average Tone,0
2026-09-27,Average Tone,-3.7764
2026-09-28,Average Tone,-2.9613
2026-09-29,Average Tone,-0.2222
2026-09-30,Average Tone,0
2026-10-01,Average Tone,-0.384
2026-10-02,Average Tone,-0.2703
2026-10-06,Average Tone,0
