period,metric,value,page,row_text,deck_quarter,source_url,company,unit
2014Q3,total_sales,47.45,4,Total 47.45 9%↓ 52.35 59.08,2014Q3,https://images.samsung.com/is/content/samsung/assets/global/ir/docs/20141030_conference_eng.pdf,Samsung Electronics,KRW trillion
2014Q2,total_sales,52.35,4,Total 47.45 9%↓ 52.35 59.08,2014Q3,https://images.samsung.com/is/content/samsung/assets/global/ir/docs/20141030_conference_eng.pdf,Samsung Electronics,KRW trillion
2013Q3,total_sales,59.08,4,Total 47.45 9%↓ 52.35 59.08,2014Q3,https://images.samsung.com/is/content/samsung/assets/global/ir/docs/20141030_conference_eng.pdf,Samsung Electronics,KRW trillion
2014Q3,ds_sales,16.29,4,DS  16.29 0.4%↑ 16.23 17.90,2014Q3,https://images.samsung.com/is/content/samsung/assets/global/ir/docs/20141030_conference_eng.pdf,Samsung Electronics,KRW trillion
2014Q2,ds_sales,16.23,4,DS  16.29 0.4%↑ 16.23 17.90,2014Q3,https://images.samsung.com/is/content/samsung/assets/global/ir/docs/20141030_conference_eng.pdf,Samsung Electronics,KRW trillion
2013Q3,ds_sales,17.9,4,DS  16.29 0.4%↑ 16.23 17.90,2014Q3,https://images.samsung.com/is/content/samsung/assets/global/ir/docs/20141030_conference_eng.pdf,Samsung Electronics,KRW trillion
2014Q3,semiconductor_sales,9.89,4,Semiconductor 9.89 1%↑ 9.78 9.74,2014Q3,https://images.samsung.com/is/content/samsung/assets/global/ir/docs/20141030_conference_eng.pdf,Samsung Electronics,KRW trillion
2014Q2,semiconductor_sales,9.78,4,Semiconductor 9.89 1%↑ 9.78 9.74,2014Q3,https://images.samsung.com/is/content/samsung/assets/global/ir/docs/20141030_conference_eng.pdf,Samsung Electronics,KRW trillion
2013Q3,semiconductor_sales,9.74,4,Semiconductor 9.89 1%↑ 9.78 9.74,2014Q3,https://images.samsung.com/is/content/samsung/assets/global/ir/docs/20141030_conference_eng.pdf,Samsung Electronics,KRW trillion
2014Q3,memory_sales,7.93,4,- Memory 7.93 15%↑ 6.92 6.37,2014Q3,https://images.samsung.com/is/content/samsung/assets/global/ir/docs/20141030_conference_eng.pdf,Samsung Electronics,KRW trillion
2014Q2,memory_sales,6.92,4,- Memory 7.93 15%↑ 6.92 6.37,2014Q3,https://images.samsung.com/is/content/samsung/assets/global/ir/docs/20141030_conference_eng.pdf,Samsung Electronics,KRW trillion
2013Q3,memory_sales,6.37,4,- Memory 7.93 15%↑ 6.92 6.37,2014Q3,https://images.samsung.com/is/content/samsung/assets/global/ir/docs/20141030_conference_eng.pdf,Samsung Electronics,KRW trillion
2014Q3,total_operating_profit,4.06,4,Total 4.06 △3.13 7.19 10.16,2014Q3,https://images.samsung.com/is/content/samsung/assets/global/ir/docs/20141030_conference_eng.pdf,Samsung Electronics,KRW trillion
2014Q2,total_operating_profit,7.19,4,Total 4.06 △3.13 7.19 10.16,2014Q3,https://images.samsung.com/is/content/samsung/assets/global/ir/docs/20141030_conference_eng.pdf,Samsung Electronics,KRW trillion
2013Q3,total_operating_profit,10.16,4,Total 4.06 △3.13 7.19 10.16,2014Q3,https://images.samsung.com/is/content/samsung/assets/global/ir/docs/20141030_conference_eng.pdf,Samsung Electronics,KRW trillion
2014Q3,ds_operating_profit,2.33,4,DS  2.33 0.24 2.09 3.09,2014Q3,https://images.samsung.com/is/content/samsung/assets/global/ir/docs/20141030_conference_eng.pdf,Samsung Electronics,KRW trillion
2014Q2,ds_operating_profit,2.09,4,DS  2.33 0.24 2.09 3.09,2014Q3,https://images.samsung.com/is/content/samsung/assets/global/ir/docs/20141030_conference_eng.pdf,Samsung Electronics,KRW trillion
2013Q3,ds_operating_profit,3.09,4,DS  2.33 0.24 2.09 3.09,2014Q3,https://images.samsung.com/is/content/samsung/assets/global/ir/docs/20141030_conference_eng.pdf,Samsung Electronics,KRW trillion
2014Q3,semiconductor_operating_profit,2.26,4,Semiconductor 2.26 0.40 1.86 2.06,2014Q3,https://images.samsung.com/is/content/samsung/assets/global/ir/docs/20141030_conference_eng.pdf,Samsung Electronics,KRW trillion
2014Q2,semiconductor_operating_profit,1.86,4,Semiconductor 2.26 0.40 1.86 2.06,2014Q3,https://images.samsung.com/is/content/samsung/assets/global/ir/docs/20141030_conference_eng.pdf,Samsung Electronics,KRW trillion
2013Q3,semiconductor_operating_profit,2.06,4,Semiconductor 2.26 0.40 1.86 2.06,2014Q3,https://images.samsung.com/is/content/samsung/assets/global/ir/docs/20141030_conference_eng.pdf,Samsung Electronics,KRW trillion
2015Q1,total_sales,47.12,4,Total 47.12 11%↓ 52.73 53.68,2015Q1,https://images.samsung.com/is/content/samsung/assets/global/ir/docs/20150429_conference_eng.pdf,Samsung Electronics,KRW trillion
2014Q4,total_sales,52.73,4,Total 47.12 11%↓ 52.73 53.68,2015Q1,https://images.samsung.com/is/content/samsung/assets/global/ir/docs/20150429_conference_eng.pdf,Samsung Electronics,KRW trillion
2014Q1,total_sales,53.68,4,Total 47.12 11%↓ 52.73 53.68,2015Q1,https://images.samsung.com/is/content/samsung/assets/global/ir/docs/20150429_conference_eng.pdf,Samsung Electronics,KRW trillion
2015Q1,ds_sales,17.1,4,DS  17.10 3%↓ 17.71 15.56,2015Q1,https://images.samsung.com/is/content/samsung/assets/global/ir/docs/20150429_conference_eng.pdf,Samsung Electronics,KRW trillion
2014Q4,ds_sales,17.71,4,DS  17.10 3%↓ 17.71 15.56,2015Q1,https://images.samsung.com/is/content/samsung/assets/global/ir/docs/20150429_conference_eng.pdf,Samsung Electronics,KRW trillion
2014Q1,ds_sales,15.56,4,DS  17.10 3%↓ 17.71 15.56,2015Q1,https://images.samsung.com/is/content/samsung/assets/global/ir/docs/20150429_conference_eng.pdf,Samsung Electronics,KRW trillion
2015Q1,semiconductor_sales,10.27,4,Semiconductor 10.27 4%↓ 10.66 9.39,2015Q1,https://images.samsung.com/is/content/samsung/assets/global/ir/docs/20150429_conference_eng.pdf,Samsung Electronics,KRW trillion
2014Q4,semiconductor_sales,10.66,4,Semiconductor 10.27 4%↓ 10.66 9.39,2015Q1,https://images.samsung.com/is/content/samsung/assets/global/ir/docs/20150429_conference_eng.pdf,Samsung Electronics,KRW trillion
2014Q1,semiconductor_sales,9.39,4,Semiconductor 10.27 4%↓ 10.66 9.39,2015Q1,https://images.samsung.com/is/content/samsung/assets/global/ir/docs/20150429_conference_eng.pdf,Samsung Electronics,KRW trillion
2015Q1,memory_sales,8.32,4,- Memory 8.32 2%↑ 8.18 6.29,2015Q1,https://images.samsung.com/is/content/samsung/assets/global/ir/docs/20150429_conference_eng.pdf,Samsung Electronics,KRW trillion
2014Q4,memory_sales,8.18,4,- Memory 8.32 2%↑ 8.18 6.29,2015Q1,https://images.samsung.com/is/content/samsung/assets/global/ir/docs/20150429_conference_eng.pdf,Samsung Electronics,KRW trillion
2014Q1,memory_sales,6.29,4,- Memory 8.32 2%↑ 8.18 6.29,2015Q1,https://images.samsung.com/is/content/samsung/assets/global/ir/docs/20150429_conference_eng.pdf,Samsung Electronics,KRW trillion
2015Q1,total_operating_profit,5.98,4,Total 5.98 0.69 5.29 8.49,2015Q1,https://images.samsung.com/is/content/samsung/assets/global/ir/docs/20150429_conference_eng.pdf,Samsung Electronics,KRW trillion
2014Q4,total_operating_profit,5.29,4,Total 5.98 0.69 5.29 8.49,2015Q1,https://images.samsung.com/is/content/samsung/assets/global/ir/docs/20150429_conference_eng.pdf,Samsung Electronics,KRW trillion
2014Q1,total_operating_profit,8.49,4,Total 5.98 0.69 5.29 8.49,2015Q1,https://images.samsung.com/is/content/samsung/assets/global/ir/docs/20150429_conference_eng.pdf,Samsung Electronics,KRW trillion
2015Q1,ds_operating_profit,3.39,4,DS  3.39 0.25 3.13 1.87,2015Q1,https://images.samsung.com/is/content/samsung/assets/global/ir/docs/20150429_conference_eng.pdf,Samsung Electronics,KRW trillion
2014Q4,ds_operating_profit,3.13,4,DS  3.39 0.25 3.13 1.87,2015Q1,https://images.samsung.com/is/content/samsung/assets/global/ir/docs/20150429_conference_eng.pdf,Samsung Electronics,KRW trillion
2014Q1,ds_operating_profit,1.87,4,DS  3.39 0.25 3.13 1.87,2015Q1,https://images.samsung.com/is/content/samsung/assets/global/ir/docs/20150429_conference_eng.pdf,Samsung Electronics,KRW trillion
2015Q1,semiconductor_operating_profit,2.93,4,Semiconductor 2.93 0.23 2.70 1.95,2015Q1,https://images.samsung.com/is/content/samsung/assets/global/ir/docs/20150429_conference_eng.pdf,Samsung Electronics,KRW trillion
2014Q4,semiconductor_operating_profit,2.7,4,Semiconductor 2.93 0.23 2.70 1.95,2015Q1,https://images.samsung.com/is/content/samsung/assets/global/ir/docs/20150429_conference_eng.pdf,Samsung Electronics,KRW trillion
2014Q1,semiconductor_operating_profit,1.95,4,Semiconductor 2.93 0.23 2.70 1.95,2015Q1,https://images.samsung.com/is/content/samsung/assets/global/ir/docs/20150429_conference_eng.pdf,Samsung Electronics,KRW trillion
2015Q2,total_sales,48.54,4,Total 48.54 3%↑ 47.12 52.35,2015Q2,https://images.samsung.com/is/content/samsung/assets/global/ir/docs/20150730_conference_eng.pdf,Samsung Electronics,KRW trillion
2015Q1,total_sales,47.12,4,Total 48.54 3%↑ 47.12 52.35,2015Q2,https://images.samsung.com/is/content/samsung/assets/global/ir/docs/20150730_conference_eng.pdf,Samsung Electronics,KRW trillion
2014Q2,total_sales,52.35,4,Total 48.54 3%↑ 47.12 52.35,2015Q2,https://images.samsung.com/is/content/samsung/assets/global/ir/docs/20150730_conference_eng.pdf,Samsung Electronics,KRW trillion
2015Q2,ds_sales,17.87,4,DS  17.87 4%↑ 17.10 16.23,2015Q2,https://images.samsung.com/is/content/samsung/assets/global/ir/docs/20150730_conference_eng.pdf,Samsung Electronics,KRW trillion
2015Q1,ds_sales,17.1,4,DS  17.87 4%↑ 17.10 16.23,2015Q2,https://images.samsung.com/is/content/samsung/assets/global/ir/docs/20150730_conference_eng.pdf,Samsung Electronics,KRW trillion
2014Q2,ds_sales,16.23,4,DS  17.87 4%↑ 17.10 16.23,2015Q2,https://images.samsung.com/is/content/samsung/assets/global/ir/docs/20150730_conference_eng.pdf,Samsung Electronics,KRW trillion
2015Q2,semiconductor_sales,11.29,4,Semiconductor 11.29 10%↑ 10.27 9.78,2015Q2,https://images.samsung.com/is/content/samsung/assets/global/ir/docs/20150730_conference_eng.pdf,Samsung Electronics,KRW trillion
2015Q1,semiconductor_sales,10.27,4,Semiconductor 11.29 10%↑ 10.27 9.78,2015Q2,https://images.samsung.com/is/content/samsung/assets/global/ir/docs/20150730_conference_eng.pdf,Samsung Electronics,KRW trillion
2014Q2,semiconductor_sales,9.78,4,Semiconductor 11.29 10%↑ 10.27 9.78,2015Q2,https://images.samsung.com/is/content/samsung/assets/global/ir/docs/20150730_conference_eng.pdf,Samsung Electronics,KRW trillion
2015Q2,memory_sales,8.49,4,- Memory 8.49 2%↑ 8.32 6.92,2015Q2,https://images.samsung.com/is/content/samsung/assets/global/ir/docs/20150730_conference_eng.pdf,Samsung Electronics,KRW trillion
2015Q1,memory_sales,8.32,4,- Memory 8.49 2%↑ 8.32 6.92,2015Q2,https://images.samsung.com/is/content/samsung/assets/global/ir/docs/20150730_conference_eng.pdf,Samsung Electronics,KRW trillion
2014Q2,memory_sales,6.92,4,- Memory 8.49 2%↑ 8.32 6.92,2015Q2,https://images.samsung.com/is/content/samsung/assets/global/ir/docs/20150730_conference_eng.pdf,Samsung Electronics,KRW trillion
2015Q2,total_operating_profit,6.9,4,Total 6.90 0.92↑ 5.98 7.19,2015Q2,https://images.samsung.com/is/content/samsung/assets/global/ir/docs/20150730_conference_eng.pdf,Samsung Electronics,KRW trillion
2015Q1,total_operating_profit,5.98,4,Total 6.90 0.92↑ 5.98 7.19,2015Q2,https://images.samsung.com/is/content/samsung/assets/global/ir/docs/20150730_conference_eng.pdf,Samsung Electronics,KRW trillion
2014Q2,total_operating_profit,7.19,4,Total 6.90 0.92↑ 5.98 7.19,2015Q2,https://images.samsung.com/is/content/samsung/assets/global/ir/docs/20150730_conference_eng.pdf,Samsung Electronics,KRW trillion
2015Q2,ds_operating_profit,3.87,4,DS  3.87 0.48↑ 3.39 2.09,2015Q2,https://images.samsung.com/is/content/samsung/assets/global/ir/docs/20150730_conference_eng.pdf,Samsung Electronics,KRW trillion
2015Q1,ds_operating_profit,3.39,4,DS  3.87 0.48↑ 3.39 2.09,2015Q2,https://images.samsung.com/is/content/samsung/assets/global/ir/docs/20150730_conference_eng.pdf,Samsung Electronics,KRW trillion
2014Q2,ds_operating_profit,2.09,4,DS  3.87 0.48↑ 3.39 2.09,2015Q2,https://images.samsung.com/is/content/samsung/assets/global/ir/docs/20150730_conference_eng.pdf,Samsung Electronics,KRW trillion
2015Q2,semiconductor_operating_profit,3.4,4,Semiconductor 3.40 0.47↑ 2.93 1.86,2015Q2,https://images.samsung.com/is/content/samsung/assets/global/ir/docs/20150730_conference_eng.pdf,Samsung Electronics,KRW trillion
2015Q1,semiconductor_operating_profit,2.93,4,Semiconductor 3.40 0.47↑ 2.93 1.86,2015Q2,https://images.samsung.com/is/content/samsung/assets/global/ir/docs/20150730_conference_eng.pdf,Samsung Electronics,KRW trillion
2014Q2,semiconductor_operating_profit,1.86,4,Semiconductor 3.40 0.47↑ 2.93 1.86,2015Q2,https://images.samsung.com/is/content/samsung/assets/global/ir/docs/20150730_conference_eng.pdf,Samsung Electronics,KRW trillion
2015Q3,total_sales,51.68,4,Total 51.68 6%↑ 48.54 47.45,2015Q3,https://images.samsung.com/is/content/samsung/assets/global/ir/docs/20151029_conference_eng.pdf,Samsung Electronics,KRW trillion
2015Q2,total_sales,48.54,4,Total 51.68 6%↑ 48.54 47.45,2015Q3,https://images.samsung.com/is/content/samsung/assets/global/ir/docs/20151029_conference_eng.pdf,Samsung Electronics,KRW trillion
2014Q3,total_sales,47.45,4,Total 51.68 6%↑ 48.54 47.45,2015Q3,https://images.samsung.com/is/content/samsung/assets/global/ir/docs/20151029_conference_eng.pdf,Samsung Electronics,KRW trillion
2015Q3,ds_sales,20.31,4,DS  20.31 14%↑ 17.87 16.29,2015Q3,https://images.samsung.com/is/content/samsung/assets/global/ir/docs/20151029_conference_eng.pdf,Samsung Electronics,KRW trillion
2015Q2,ds_sales,17.87,4,DS  20.31 14%↑ 17.87 16.29,2015Q3,https://images.samsung.com/is/content/samsung/assets/global/ir/docs/20151029_conference_eng.pdf,Samsung Electronics,KRW trillion
2014Q3,ds_sales,16.29,4,DS  20.31 14%↑ 17.87 16.29,2015Q3,https://images.samsung.com/is/content/samsung/assets/global/ir/docs/20151029_conference_eng.pdf,Samsung Electronics,KRW trillion
2015Q3,semiconductor_sales,12.82,4,Semiconductor 12.82 14%↑ 11.29 9.89,2015Q3,https://images.samsung.com/is/content/samsung/assets/global/ir/docs/20151029_conference_eng.pdf,Samsung Electronics,KRW trillion
2015Q2,semiconductor_sales,11.29,4,Semiconductor 12.82 14%↑ 11.29 9.89,2015Q3,https://images.samsung.com/is/content/samsung/assets/global/ir/docs/20151029_conference_eng.pdf,Samsung Electronics,KRW trillion
2014Q3,semiconductor_sales,9.89,4,Semiconductor 12.82 14%↑ 11.29 9.89,2015Q3,https://images.samsung.com/is/content/samsung/assets/global/ir/docs/20151029_conference_eng.pdf,Samsung Electronics,KRW trillion
2015Q3,memory_sales,9.14,4,- Memory 9.14 8%↑ 8.49 7.93,2015Q3,https://images.samsung.com/is/content/samsung/assets/global/ir/docs/20151029_conference_eng.pdf,Samsung Electronics,KRW trillion
2015Q2,memory_sales,8.49,4,- Memory 9.14 8%↑ 8.49 7.93,2015Q3,https://images.samsung.com/is/content/samsung/assets/global/ir/docs/20151029_conference_eng.pdf,Samsung Electronics,KRW trillion
2014Q3,memory_sales,7.93,4,- Memory 9.14 8%↑ 8.49 7.93,2015Q3,https://images.samsung.com/is/content/samsung/assets/global/ir/docs/20151029_conference_eng.pdf,Samsung Electronics,KRW trillion
2015Q3,total_operating_profit,7.39,4,Total 7.39 0.50 6.90 4.06,2015Q3,https://images.samsung.com/is/content/samsung/assets/global/ir/docs/20151029_conference_eng.pdf,Samsung Electronics,KRW trillion
2015Q2,total_operating_profit,6.9,4,Total 7.39 0.50 6.90 4.06,2015Q3,https://images.samsung.com/is/content/samsung/assets/global/ir/docs/20151029_conference_eng.pdf,Samsung Electronics,KRW trillion
2014Q3,total_operating_profit,4.06,4,Total 7.39 0.50 6.90 4.06,2015Q3,https://images.samsung.com/is/content/samsung/assets/global/ir/docs/20151029_conference_eng.pdf,Samsung Electronics,KRW trillion
2015Q3,ds_operating_profit,4.65,4,DS  4.65 0.79 3.87 2.33,2015Q3,https://images.samsung.com/is/content/samsung/assets/global/ir/docs/20151029_conference_eng.pdf,Samsung Electronics,KRW trillion
2015Q2,ds_operating_profit,3.87,4,DS  4.65 0.79 3.87 2.33,2015Q3,https://images.samsung.com/is/content/samsung/assets/global/ir/docs/20151029_conference_eng.pdf,Samsung Electronics,KRW trillion
2014Q3,ds_operating_profit,2.33,4,DS  4.65 0.79 3.87 2.33,2015Q3,https://images.samsung.com/is/content/samsung/assets/global/ir/docs/20151029_conference_eng.pdf,Samsung Electronics,KRW trillion
2015Q3,semiconductor_operating_profit,3.66,4,Semiconductor 3.66 0.26 3.40 2.26,2015Q3,https://images.samsung.com/is/content/samsung/assets/global/ir/docs/20151029_conference_eng.pdf,Samsung Electronics,KRW trillion
2015Q2,semiconductor_operating_profit,3.4,4,Semiconductor 3.66 0.26 3.40 2.26,2015Q3,https://images.samsung.com/is/content/samsung/assets/global/ir/docs/20151029_conference_eng.pdf,Samsung Electronics,KRW trillion
2014Q3,semiconductor_operating_profit,2.26,4,Semiconductor 3.66 0.26 3.40 2.26,2015Q3,https://images.samsung.com/is/content/samsung/assets/global/ir/docs/20151029_conference_eng.pdf,Samsung Electronics,KRW trillion
2021Q1,total_sales,65.39,4,65.39 61.55 55.33 6%↑ 18%↑,2021Q1,https://images.samsung.com/is/content/samsung/assets/global/ir/docs/2021_1Q_conference_eng.pdf,Samsung Electronics,KRW trillion
2020Q4,total_sales,61.55,4,65.39 61.55 55.33 6%↑ 18%↑,2021Q1,https://images.samsung.com/is/content/samsung/assets/global/ir/docs/2021_1Q_conference_eng.pdf,Samsung Electronics,KRW trillion
2020Q1,total_sales,55.33,4,65.39 61.55 55.33 6%↑ 18%↑,2021Q1,https://images.samsung.com/is/content/samsung/assets/global/ir/docs/2021_1Q_conference_eng.pdf,Samsung Electronics,KRW trillion
2021Q1,ds_sales,25.82,4,DS 25.82 27.92 24.13 8%↓ 7%↑,2021Q1,https://images.samsung.com/is/content/samsung/assets/global/ir/docs/2021_1Q_conference_eng.pdf,Samsung Electronics,KRW trillion
2020Q4,ds_sales,27.92,4,DS 25.82 27.92 24.13 8%↓ 7%↑,2021Q1,https://images.samsung.com/is/content/samsung/assets/global/ir/docs/2021_1Q_conference_eng.pdf,Samsung Electronics,KRW trillion
2020Q1,ds_sales,24.13,4,DS 25.82 27.92 24.13 8%↓ 7%↑,2021Q1,https://images.samsung.com/is/content/samsung/assets/global/ir/docs/2021_1Q_conference_eng.pdf,Samsung Electronics,KRW trillion
2021Q1,semiconductor_sales,19.01,4,Semiconductor 19.01 18.18 17.64 5%↑ 8%↑,2021Q1,https://images.samsung.com/is/content/samsung/assets/global/ir/docs/2021_1Q_conference_eng.pdf,Samsung Electronics,KRW trillion
2020Q4,semiconductor_sales,18.18,4,Semiconductor 19.01 18.18 17.64 5%↑ 8%↑,2021Q1,https://images.samsung.com/is/content/samsung/assets/global/ir/docs/2021_1Q_conference_eng.pdf,Samsung Electronics,KRW trillion
2020Q1,semiconductor_sales,17.64,4,Semiconductor 19.01 18.18 17.64 5%↑ 8%↑,2021Q1,https://images.samsung.com/is/content/samsung/assets/global/ir/docs/2021_1Q_conference_eng.pdf,Samsung Electronics,KRW trillion
2021Q1,memory_sales,14.43,4,- Memory 14.43 13.51 13.14 7%↑ 10%↑,2021Q1,https://images.samsung.com/is/content/samsung/assets/global/ir/docs/2021_1Q_conference_eng.pdf,Samsung Electronics,KRW trillion
2020Q4,memory_sales,13.51,4,- Memory 14.43 13.51 13.14 7%↑ 10%↑,2021Q1,https://images.samsung.com/is/content/samsung/assets/global/ir/docs/2021_1Q_conference_eng.pdf,Samsung Electronics,KRW trillion
2020Q1,memory_sales,13.14,4,- Memory 14.43 13.51 13.14 7%↑ 10%↑,2021Q1,https://images.samsung.com/is/content/samsung/assets/global/ir/docs/2021_1Q_conference_eng.pdf,Samsung Electronics,KRW trillion
2021Q1,total_operating_profit,9.38,4,9.38 9.05 6.45 0.34 2.94,2021Q1,https://images.samsung.com/is/content/samsung/assets/global/ir/docs/2021_1Q_conference_eng.pdf,Samsung Electronics,KRW trillion
2020Q4,total_operating_profit,9.05,4,9.38 9.05 6.45 0.34 2.94,2021Q1,https://images.samsung.com/is/content/samsung/assets/global/ir/docs/2021_1Q_conference_eng.pdf,Samsung Electronics,KRW trillion
2020Q1,total_operating_profit,6.45,4,9.38 9.05 6.45 0.34 2.94,2021Q1,https://images.samsung.com/is/content/samsung/assets/global/ir/docs/2021_1Q_conference_eng.pdf,Samsung Electronics,KRW trillion
2021Q1,ds_operating_profit,3.75,4,DS 3.75 5.63 3.72 △1.88 0.03,2021Q1,https://images.samsung.com/is/content/samsung/assets/global/ir/docs/2021_1Q_conference_eng.pdf,Samsung Electronics,KRW trillion
2020Q4,ds_operating_profit,5.63,4,DS 3.75 5.63 3.72 △1.88 0.03,2021Q1,https://images.samsung.com/is/content/samsung/assets/global/ir/docs/2021_1Q_conference_eng.pdf,Samsung Electronics,KRW trillion
2020Q1,ds_operating_profit,3.72,4,DS 3.75 5.63 3.72 △1.88 0.03,2021Q1,https://images.samsung.com/is/content/samsung/assets/global/ir/docs/2021_1Q_conference_eng.pdf,Samsung Electronics,KRW trillion
2021Q1,semiconductor_operating_profit,3.37,4,Semiconductor 3.37 3.85 3.99 △0.48 △0.63,2021Q1,https://images.samsung.com/is/content/samsung/assets/global/ir/docs/2021_1Q_conference_eng.pdf,Samsung Electronics,KRW trillion
2020Q4,semiconductor_operating_profit,3.85,4,Semiconductor 3.37 3.85 3.99 △0.48 △0.63,2021Q1,https://images.samsung.com/is/content/samsung/assets/global/ir/docs/2021_1Q_conference_eng.pdf,Samsung Electronics,KRW trillion
2020Q1,semiconductor_operating_profit,3.99,4,Semiconductor 3.37 3.85 3.99 △0.48 △0.63,2021Q1,https://images.samsung.com/is/content/samsung/assets/global/ir/docs/2021_1Q_conference_eng.pdf,Samsung Electronics,KRW trillion
2021Q2,total_sales,63.67,4,63.67 65.39 52.97 3%↓ 20%↑,2021Q2,https://images.samsung.com/is/content/samsung/assets/global/ir/docs/2021_2Q_conference_eng.pdf,Samsung Electronics,KRW trillion
2021Q1,total_sales,65.39,4,63.67 65.39 52.97 3%↓ 20%↑,2021Q2,https://images.samsung.com/is/content/samsung/assets/global/ir/docs/2021_2Q_conference_eng.pdf,Samsung Electronics,KRW trillion
2020Q2,total_sales,52.97,4,63.67 65.39 52.97 3%↓ 20%↑,2021Q2,https://images.samsung.com/is/content/samsung/assets/global/ir/docs/2021_2Q_conference_eng.pdf,Samsung Electronics,KRW trillion
2021Q2,ds_sales,29.46,4,DS 29.46 25.82 25.05 14%↑ 18%↑,2021Q2,https://images.samsung.com/is/content/samsung/assets/global/ir/docs/2021_2Q_conference_eng.pdf,Samsung Electronics,KRW trillion
2021Q1,ds_sales,25.82,4,DS 29.46 25.82 25.05 14%↑ 18%↑,2021Q2,https://images.samsung.com/is/content/samsung/assets/global/ir/docs/2021_2Q_conference_eng.pdf,Samsung Electronics,KRW trillion
2020Q2,ds_sales,25.05,4,DS 29.46 25.82 25.05 14%↑ 18%↑,2021Q2,https://images.samsung.com/is/content/samsung/assets/global/ir/docs/2021_2Q_conference_eng.pdf,Samsung Electronics,KRW trillion
2021Q2,semiconductor_sales,22.74,4,Semiconductor 22.74 19.01 18.23 20%↑ 25%↑,2021Q2,https://images.samsung.com/is/content/samsung/assets/global/ir/docs/2021_2Q_conference_eng.pdf,Samsung Electronics,KRW trillion
2021Q1,semiconductor_sales,19.01,4,Semiconductor 22.74 19.01 18.23 20%↑ 25%↑,2021Q2,https://images.samsung.com/is/content/samsung/assets/global/ir/docs/2021_2Q_conference_eng.pdf,Samsung Electronics,KRW trillion
2020Q2,semiconductor_sales,18.23,4,Semiconductor 22.74 19.01 18.23 20%↑ 25%↑,2021Q2,https://images.samsung.com/is/content/samsung/assets/global/ir/docs/2021_2Q_conference_eng.pdf,Samsung Electronics,KRW trillion
2021Q2,memory_sales,17.88,4,- Memory 17.88 14.43 14.61 24%↑ 22%↑,2021Q2,https://images.samsung.com/is/content/samsung/assets/global/ir/docs/2021_2Q_conference_eng.pdf,Samsung Electronics,KRW trillion
2021Q1,memory_sales,14.43,4,- Memory 17.88 14.43 14.61 24%↑ 22%↑,2021Q2,https://images.samsung.com/is/content/samsung/assets/global/ir/docs/2021_2Q_conference_eng.pdf,Samsung Electronics,KRW trillion
2020Q2,memory_sales,14.61,4,- Memory 17.88 14.43 14.61 24%↑ 22%↑,2021Q2,https://images.samsung.com/is/content/samsung/assets/global/ir/docs/2021_2Q_conference_eng.pdf,Samsung Electronics,KRW trillion
2021Q2,total_operating_profit,12.57,4,12.57 9.38 8.15 3.18 4.42,2021Q2,https://images.samsung.com/is/content/samsung/assets/global/ir/docs/2021_2Q_conference_eng.pdf,Samsung Electronics,KRW trillion
2021Q1,total_operating_profit,9.38,4,12.57 9.38 8.15 3.18 4.42,2021Q2,https://images.samsung.com/is/content/samsung/assets/global/ir/docs/2021_2Q_conference_eng.pdf,Samsung Electronics,KRW trillion
2020Q2,total_operating_profit,8.15,4,12.57 9.38 8.15 3.18 4.42,2021Q2,https://images.samsung.com/is/content/samsung/assets/global/ir/docs/2021_2Q_conference_eng.pdf,Samsung Electronics,KRW trillion
2021Q2,ds_operating_profit,8.23,4,DS 8.23 3.75 5.74 4.48 2.49,2021Q2,https://images.samsung.com/is/content/samsung/assets/global/ir/docs/2021_2Q_conference_eng.pdf,Samsung Electronics,KRW trillion
2021Q1,ds_operating_profit,3.75,4,DS 8.23 3.75 5.74 4.48 2.49,2021Q2,https://images.samsung.com/is/content/samsung/assets/global/ir/docs/2021_2Q_conference_eng.pdf,Samsung Electronics,KRW trillion
2020Q2,ds_operating_profit,5.74,4,DS 8.23 3.75 5.74 4.48 2.49,2021Q2,https://images.samsung.com/is/content/samsung/assets/global/ir/docs/2021_2Q_conference_eng.pdf,Samsung Electronics,KRW trillion
2021Q2,semiconductor_operating_profit,6.93,4,Semiconductor 6.93 3.37 5.43 3.56 1.50,2021Q2,https://images.samsung.com/is/content/samsung/assets/global/ir/docs/2021_2Q_conference_eng.pdf,Samsung Electronics,KRW trillion
2021Q1,semiconductor_operating_profit,3.37,4,Semiconductor 6.93 3.37 5.43 3.56 1.50,2021Q2,https://images.samsung.com/is/content/samsung/assets/global/ir/docs/2021_2Q_conference_eng.pdf,Samsung Electronics,KRW trillion
2020Q2,semiconductor_operating_profit,5.43,4,Semiconductor 6.93 3.37 5.43 3.56 1.50,2021Q2,https://images.samsung.com/is/content/samsung/assets/global/ir/docs/2021_2Q_conference_eng.pdf,Samsung Electronics,KRW trillion
2021Q3,total_sales,73.98,4,73.98 63.67 66.96 16%↑ 10%↑,2021Q3,https://images.samsung.com/is/content/samsung/assets/global/ir/docs/2021_3Q_conference_eng.pdf,Samsung Electronics,KRW trillion
2021Q2,total_sales,63.67,4,73.98 63.67 66.96 16%↑ 10%↑,2021Q3,https://images.samsung.com/is/content/samsung/assets/global/ir/docs/2021_3Q_conference_eng.pdf,Samsung Electronics,KRW trillion
2020Q3,total_sales,66.96,4,73.98 63.67 66.96 16%↑ 10%↑,2021Q3,https://images.samsung.com/is/content/samsung/assets/global/ir/docs/2021_3Q_conference_eng.pdf,Samsung Electronics,KRW trillion
2021Q3,ds_sales,35.09,4,DS 35.09 29.46 25.93 19%↑ 35%↑,2021Q3,https://images.samsung.com/is/content/samsung/assets/global/ir/docs/2021_3Q_conference_eng.pdf,Samsung Electronics,KRW trillion
2021Q2,ds_sales,29.46,4,DS 35.09 29.46 25.93 19%↑ 35%↑,2021Q3,https://images.samsung.com/is/content/samsung/assets/global/ir/docs/2021_3Q_conference_eng.pdf,Samsung Electronics,KRW trillion
2020Q3,ds_sales,25.93,4,DS 35.09 29.46 25.93 19%↑ 35%↑,2021Q3,https://images.samsung.com/is/content/samsung/assets/global/ir/docs/2021_3Q_conference_eng.pdf,Samsung Electronics,KRW trillion
2021Q3,semiconductor_sales,26.41,4,Semiconductor 26.41 22.74 18.80 16%↑ 40%↑,2021Q3,https://images.samsung.com/is/content/samsung/assets/global/ir/docs/2021_3Q_conference_eng.pdf,Samsung Electronics,KRW trillion
2021Q2,semiconductor_sales,22.74,4,Semiconductor 26.41 22.74 18.80 16%↑ 40%↑,2021Q3,https://images.samsung.com/is/content/samsung/assets/global/ir/docs/2021_3Q_conference_eng.pdf,Samsung Electronics,KRW trillion
2020Q3,semiconductor_sales,18.8,4,Semiconductor 26.41 22.74 18.80 16%↑ 40%↑,2021Q3,https://images.samsung.com/is/content/samsung/assets/global/ir/docs/2021_3Q_conference_eng.pdf,Samsung Electronics,KRW trillion
2021Q3,memory_sales,20.83,4,- Memory 20.83 17.88 14.28 17%↑ 46%↑,2021Q3,https://images.samsung.com/is/content/samsung/assets/global/ir/docs/2021_3Q_conference_eng.pdf,Samsung Electronics,KRW trillion
2021Q2,memory_sales,17.88,4,- Memory 20.83 17.88 14.28 17%↑ 46%↑,2021Q3,https://images.samsung.com/is/content/samsung/assets/global/ir/docs/2021_3Q_conference_eng.pdf,Samsung Electronics,KRW trillion
2020Q3,memory_sales,14.28,4,- Memory 20.83 17.88 14.28 17%↑ 46%↑,2021Q3,https://images.samsung.com/is/content/samsung/assets/global/ir/docs/2021_3Q_conference_eng.pdf,Samsung Electronics,KRW trillion
2021Q3,total_operating_profit,15.82,4,15.82 12.57 12.35 3.25 3.46,2021Q3,https://images.samsung.com/is/content/samsung/assets/global/ir/docs/2021_3Q_conference_eng.pdf,Samsung Electronics,KRW trillion
2021Q2,total_operating_profit,12.57,4,15.82 12.57 12.35 3.25 3.46,2021Q3,https://images.samsung.com/is/content/samsung/assets/global/ir/docs/2021_3Q_conference_eng.pdf,Samsung Electronics,KRW trillion
2020Q3,total_operating_profit,12.35,4,15.82 12.57 12.35 3.25 3.46,2021Q3,https://images.samsung.com/is/content/samsung/assets/global/ir/docs/2021_3Q_conference_eng.pdf,Samsung Electronics,KRW trillion
2021Q3,ds_operating_profit,11.58,4,DS 11.58 8.23 6.04 3.35 5.55,2021Q3,https://images.samsung.com/is/content/samsung/assets/global/ir/docs/2021_3Q_conference_eng.pdf,Samsung Electronics,KRW trillion
2021Q2,ds_operating_profit,8.23,4,DS 11.58 8.23 6.04 3.35 5.55,2021Q3,https://images.samsung.com/is/content/samsung/assets/global/ir/docs/2021_3Q_conference_eng.pdf,Samsung Electronics,KRW trillion
2020Q3,ds_operating_profit,6.04,4,DS 11.58 8.23 6.04 3.35 5.55,2021Q3,https://images.samsung.com/is/content/samsung/assets/global/ir/docs/2021_3Q_conference_eng.pdf,Samsung Electronics,KRW trillion
2021Q3,semiconductor_operating_profit,10.06,4,Semiconductor 10.06 6.93 5.54 3.13 4.52,2021Q3,https://images.samsung.com/is/content/samsung/assets/global/ir/docs/2021_3Q_conference_eng.pdf,Samsung Electronics,KRW trillion
2021Q2,semiconductor_operating_profit,6.93,4,Semiconductor 10.06 6.93 5.54 3.13 4.52,2021Q3,https://images.samsung.com/is/content/samsung/assets/global/ir/docs/2021_3Q_conference_eng.pdf,Samsung Electronics,KRW trillion
2020Q3,semiconductor_operating_profit,5.54,4,Semiconductor 10.06 6.93 5.54 3.13 4.52,2021Q3,https://images.samsung.com/is/content/samsung/assets/global/ir/docs/2021_3Q_conference_eng.pdf,Samsung Electronics,KRW trillion
2022Q1,total_sales,77.78,4,77.78 76.57 65.39 2%↑ 19%↑,2022Q1,https://images.samsung.com/is/content/samsung/assets/global/ir/docs/2022_1Q_conference_eng.pdf,Samsung Electronics,KRW trillion
2021Q4,total_sales,76.57,4,77.78 76.57 65.39 2%↑ 19%↑,2022Q1,https://images.samsung.com/is/content/samsung/assets/global/ir/docs/2022_1Q_conference_eng.pdf,Samsung Electronics,KRW trillion
2021Q1,total_sales,65.39,4,77.78 76.57 65.39 2%↑ 19%↑,2022Q1,https://images.samsung.com/is/content/samsung/assets/global/ir/docs/2022_1Q_conference_eng.pdf,Samsung Electronics,KRW trillion
2022Q1,ds_sales,26.87,4,DS 26.87 26.28 19.32 2%↑ 39%↑,2022Q1,https://images.samsung.com/is/content/samsung/assets/global/ir/docs/2022_1Q_conference_eng.pdf,Samsung Electronics,KRW trillion
2021Q4,ds_sales,26.28,4,DS 26.87 26.28 19.32 2%↑ 39%↑,2022Q1,https://images.samsung.com/is/content/samsung/assets/global/ir/docs/2022_1Q_conference_eng.pdf,Samsung Electronics,KRW trillion
2021Q1,ds_sales,19.32,4,DS 26.87 26.28 19.32 2%↑ 39%↑,2022Q1,https://images.samsung.com/is/content/samsung/assets/global/ir/docs/2022_1Q_conference_eng.pdf,Samsung Electronics,KRW trillion
2022Q1,memory_sales,20.09,4,- Memory 20.09 19.45 14.43 3%↑ 39%↑,2022Q1,https://images.samsung.com/is/content/samsung/assets/global/ir/docs/2022_1Q_conference_eng.pdf,Samsung Electronics,KRW trillion
2021Q4,memory_sales,19.45,4,- Memory 20.09 19.45 14.43 3%↑ 39%↑,2022Q1,https://images.samsung.com/is/content/samsung/assets/global/ir/docs/2022_1Q_conference_eng.pdf,Samsung Electronics,KRW trillion
2021Q1,memory_sales,14.43,4,- Memory 20.09 19.45 14.43 3%↑ 39%↑,2022Q1,https://images.samsung.com/is/content/samsung/assets/global/ir/docs/2022_1Q_conference_eng.pdf,Samsung Electronics,KRW trillion
2022Q1,total_operating_profit,14.12,4,14.12 13.87 9.38 0.25 4.74,2022Q1,https://images.samsung.com/is/content/samsung/assets/global/ir/docs/2022_1Q_conference_eng.pdf,Samsung Electronics,KRW trillion
2021Q4,total_operating_profit,13.87,4,14.12 13.87 9.38 0.25 4.74,2022Q1,https://images.samsung.com/is/content/samsung/assets/global/ir/docs/2022_1Q_conference_eng.pdf,Samsung Electronics,KRW trillion
2021Q1,total_operating_profit,9.38,4,14.12 13.87 9.38 0.25 4.74,2022Q1,https://images.samsung.com/is/content/samsung/assets/global/ir/docs/2022_1Q_conference_eng.pdf,Samsung Electronics,KRW trillion
2022Q1,ds_operating_profit,8.45,4,DS 8.45 8.83 3.36 △0.38 5.09,2022Q1,https://images.samsung.com/is/content/samsung/assets/global/ir/docs/2022_1Q_conference_eng.pdf,Samsung Electronics,KRW trillion
2021Q4,ds_operating_profit,8.83,4,DS 8.45 8.83 3.36 △0.38 5.09,2022Q1,https://images.samsung.com/is/content/samsung/assets/global/ir/docs/2022_1Q_conference_eng.pdf,Samsung Electronics,KRW trillion
2021Q1,ds_operating_profit,3.36,4,DS 8.45 8.83 3.36 △0.38 5.09,2022Q1,https://images.samsung.com/is/content/samsung/assets/global/ir/docs/2022_1Q_conference_eng.pdf,Samsung Electronics,KRW trillion
2022Q2,total_sales,77.2,4,77.20 77.78 63.67 1%↓ 21%↑,2022Q2,https://images.samsung.com/is/content/samsung/assets/global/ir/docs/2022_2Q_conference_eng.pdf,Samsung Electronics,KRW trillion
2022Q1,total_sales,77.78,4,77.20 77.78 63.67 1%↓ 21%↑,2022Q2,https://images.samsung.com/is/content/samsung/assets/global/ir/docs/2022_2Q_conference_eng.pdf,Samsung Electronics,KRW trillion
2021Q2,total_sales,63.67,4,77.20 77.78 63.67 1%↓ 21%↑,2022Q2,https://images.samsung.com/is/content/samsung/assets/global/ir/docs/2022_2Q_conference_eng.pdf,Samsung Electronics,KRW trillion
2022Q2,ds_sales,28.5,4,DS 28.50 26.87 23.05 6%↑ 24%↑,2022Q2,https://images.samsung.com/is/content/samsung/assets/global/ir/docs/2022_2Q_conference_eng.pdf,Samsung Electronics,KRW trillion
2022Q1,ds_sales,26.87,4,DS 28.50 26.87 23.05 6%↑ 24%↑,2022Q2,https://images.samsung.com/is/content/samsung/assets/global/ir/docs/2022_2Q_conference_eng.pdf,Samsung Electronics,KRW trillion
2021Q2,ds_sales,23.05,4,DS 28.50 26.87 23.05 6%↑ 24%↑,2022Q2,https://images.samsung.com/is/content/samsung/assets/global/ir/docs/2022_2Q_conference_eng.pdf,Samsung Electronics,KRW trillion
2022Q2,memory_sales,21.08,4,- Memory 21.08 20.09 17.88 5%↑ 18%↑,2022Q2,https://images.samsung.com/is/content/samsung/assets/global/ir/docs/2022_2Q_conference_eng.pdf,Samsung Electronics,KRW trillion
2022Q1,memory_sales,20.09,4,- Memory 21.08 20.09 17.88 5%↑ 18%↑,2022Q2,https://images.samsung.com/is/content/samsung/assets/global/ir/docs/2022_2Q_conference_eng.pdf,Samsung Electronics,KRW trillion
2021Q2,memory_sales,17.88,4,- Memory 21.08 20.09 17.88 5%↑ 18%↑,2022Q2,https://images.samsung.com/is/content/samsung/assets/global/ir/docs/2022_2Q_conference_eng.pdf,Samsung Electronics,KRW trillion
2022Q2,total_operating_profit,14.1,4,14.10 14.12 12.57 △0.02 1.53,2022Q2,https://images.samsung.com/is/content/samsung/assets/global/ir/docs/2022_2Q_conference_eng.pdf,Samsung Electronics,KRW trillion
2022Q1,total_operating_profit,14.12,4,14.10 14.12 12.57 △0.02 1.53,2022Q2,https://images.samsung.com/is/content/samsung/assets/global/ir/docs/2022_2Q_conference_eng.pdf,Samsung Electronics,KRW trillion
2021Q2,total_operating_profit,12.57,4,14.10 14.12 12.57 △0.02 1.53,2022Q2,https://images.samsung.com/is/content/samsung/assets/global/ir/docs/2022_2Q_conference_eng.pdf,Samsung Electronics,KRW trillion
2022Q2,ds_operating_profit,9.98,4,DS 9.98 8.45 6.93 1.53 3.05,2022Q2,https://images.samsung.com/is/content/samsung/assets/global/ir/docs/2022_2Q_conference_eng.pdf,Samsung Electronics,KRW trillion
2022Q1,ds_operating_profit,8.45,4,DS 9.98 8.45 6.93 1.53 3.05,2022Q2,https://images.samsung.com/is/content/samsung/assets/global/ir/docs/2022_2Q_conference_eng.pdf,Samsung Electronics,KRW trillion
2021Q2,ds_operating_profit,6.93,4,DS 9.98 8.45 6.93 1.53 3.05,2022Q2,https://images.samsung.com/is/content/samsung/assets/global/ir/docs/2022_2Q_conference_eng.pdf,Samsung Electronics,KRW trillion
2022Q3,total_sales,76.78,4,76.78 77.20 73.98 1%↓ 4%↑,2022Q3,https://images.samsung.com/is/content/samsung/assets/global/ir/docs/2022_3Q_conference_eng.pdf,Samsung Electronics,KRW trillion
2022Q2,total_sales,77.2,4,76.78 77.20 73.98 1%↓ 4%↑,2022Q3,https://images.samsung.com/is/content/samsung/assets/global/ir/docs/2022_3Q_conference_eng.pdf,Samsung Electronics,KRW trillion
2021Q3,total_sales,73.98,4,76.78 77.20 73.98 1%↓ 4%↑,2022Q3,https://images.samsung.com/is/content/samsung/assets/global/ir/docs/2022_3Q_conference_eng.pdf,Samsung Electronics,KRW trillion
2022Q3,ds_sales,23.02,4,DS 23.02 28.50 26.74 19%↓ 14%↓,2022Q3,https://images.samsung.com/is/content/samsung/assets/global/ir/docs/2022_3Q_conference_eng.pdf,Samsung Electronics,KRW trillion
2022Q2,ds_sales,28.5,4,DS 23.02 28.50 26.74 19%↓ 14%↓,2022Q3,https://images.samsung.com/is/content/samsung/assets/global/ir/docs/2022_3Q_conference_eng.pdf,Samsung Electronics,KRW trillion
2021Q3,ds_sales,26.74,4,DS 23.02 28.50 26.74 19%↓ 14%↓,2022Q3,https://images.samsung.com/is/content/samsung/assets/global/ir/docs/2022_3Q_conference_eng.pdf,Samsung Electronics,KRW trillion
2022Q3,memory_sales,15.23,4,- Memory 15.23 21.08 20.83 28%↓ 27%↓,2022Q3,https://images.samsung.com/is/content/samsung/assets/global/ir/docs/2022_3Q_conference_eng.pdf,Samsung Electronics,KRW trillion
2022Q2,memory_sales,21.08,4,- Memory 15.23 21.08 20.83 28%↓ 27%↓,2022Q3,https://images.samsung.com/is/content/samsung/assets/global/ir/docs/2022_3Q_conference_eng.pdf,Samsung Electronics,KRW trillion
2021Q3,memory_sales,20.83,4,- Memory 15.23 21.08 20.83 28%↓ 27%↓,2022Q3,https://images.samsung.com/is/content/samsung/assets/global/ir/docs/2022_3Q_conference_eng.pdf,Samsung Electronics,KRW trillion
2022Q3,total_operating_profit,10.85,4,10.85 14.10 15.82 △3.25 △4.97,2022Q3,https://images.samsung.com/is/content/samsung/assets/global/ir/docs/2022_3Q_conference_eng.pdf,Samsung Electronics,KRW trillion
2022Q2,total_operating_profit,14.1,4,10.85 14.10 15.82 △3.25 △4.97,2022Q3,https://images.samsung.com/is/content/samsung/assets/global/ir/docs/2022_3Q_conference_eng.pdf,Samsung Electronics,KRW trillion
2021Q3,total_operating_profit,15.82,4,10.85 14.10 15.82 △3.25 △4.97,2022Q3,https://images.samsung.com/is/content/samsung/assets/global/ir/docs/2022_3Q_conference_eng.pdf,Samsung Electronics,KRW trillion
2022Q3,ds_operating_profit,5.12,4,DS 5.12 9.98 10.07 △4.87 △4.95,2022Q3,https://images.samsung.com/is/content/samsung/assets/global/ir/docs/2022_3Q_conference_eng.pdf,Samsung Electronics,KRW trillion
2022Q2,ds_operating_profit,9.98,4,DS 5.12 9.98 10.07 △4.87 △4.95,2022Q3,https://images.samsung.com/is/content/samsung/assets/global/ir/docs/2022_3Q_conference_eng.pdf,Samsung Electronics,KRW trillion
2021Q3,ds_operating_profit,10.07,4,DS 5.12 9.98 10.07 △4.87 △4.95,2022Q3,https://images.samsung.com/is/content/samsung/assets/global/ir/docs/2022_3Q_conference_eng.pdf,Samsung Electronics,KRW trillion
2023Q1,total_sales,63.75,6,Total 63.75 70.46 77.78 10%↓ 18%↓,2023Q1,https://images.samsung.com/is/content/samsung/assets/global/ir/docs/2023_1Q_conference_eng.pdf,Samsung Electronics,KRW trillion
2022Q4,total_sales,70.46,6,Total 63.75 70.46 77.78 10%↓ 18%↓,2023Q1,https://images.samsung.com/is/content/samsung/assets/global/ir/docs/2023_1Q_conference_eng.pdf,Samsung Electronics,KRW trillion
2022Q1,total_sales,77.78,6,Total 63.75 70.46 77.78 10%↓ 18%↓,2023Q1,https://images.samsung.com/is/content/samsung/assets/global/ir/docs/2023_1Q_conference_eng.pdf,Samsung Electronics,KRW trillion
2023Q1,ds_sales,13.73,6,DS 13.73 20.07 26.87 32%↓ 49%↓,2023Q1,https://images.samsung.com/is/content/samsung/assets/global/ir/docs/2023_1Q_conference_eng.pdf,Samsung Electronics,KRW trillion
2022Q4,ds_sales,20.07,6,DS 13.73 20.07 26.87 32%↓ 49%↓,2023Q1,https://images.samsung.com/is/content/samsung/assets/global/ir/docs/2023_1Q_conference_eng.pdf,Samsung Electronics,KRW trillion
2022Q1,ds_sales,26.87,6,DS 13.73 20.07 26.87 32%↓ 49%↓,2023Q1,https://images.samsung.com/is/content/samsung/assets/global/ir/docs/2023_1Q_conference_eng.pdf,Samsung Electronics,KRW trillion
2023Q1,memory_sales,8.92,6,Memory 8.92 12.14 20.09 27%↓ 56%↓,2023Q1,https://images.samsung.com/is/content/samsung/assets/global/ir/docs/2023_1Q_conference_eng.pdf,Samsung Electronics,KRW trillion
2022Q4,memory_sales,12.14,6,Memory 8.92 12.14 20.09 27%↓ 56%↓,2023Q1,https://images.samsung.com/is/content/samsung/assets/global/ir/docs/2023_1Q_conference_eng.pdf,Samsung Electronics,KRW trillion
2022Q1,memory_sales,20.09,6,Memory 8.92 12.14 20.09 27%↓ 56%↓,2023Q1,https://images.samsung.com/is/content/samsung/assets/global/ir/docs/2023_1Q_conference_eng.pdf,Samsung Electronics,KRW trillion
2023Q1,total_operating_profit,0.64,6,Total 0.64 4.31 14.12 (3.67) (13.48),2023Q1,https://images.samsung.com/is/content/samsung/assets/global/ir/docs/2023_1Q_conference_eng.pdf,Samsung Electronics,KRW trillion
2022Q4,total_operating_profit,4.31,6,Total 0.64 4.31 14.12 (3.67) (13.48),2023Q1,https://images.samsung.com/is/content/samsung/assets/global/ir/docs/2023_1Q_conference_eng.pdf,Samsung Electronics,KRW trillion
2022Q1,total_operating_profit,14.12,6,Total 0.64 4.31 14.12 (3.67) (13.48),2023Q1,https://images.samsung.com/is/content/samsung/assets/global/ir/docs/2023_1Q_conference_eng.pdf,Samsung Electronics,KRW trillion
2023Q1,ds_operating_profit,-4.58,6,DS (4.58) 0.27 8.45 (4.85) (13.03),2023Q1,https://images.samsung.com/is/content/samsung/assets/global/ir/docs/2023_1Q_conference_eng.pdf,Samsung Electronics,KRW trillion
2022Q4,ds_operating_profit,0.27,6,DS (4.58) 0.27 8.45 (4.85) (13.03),2023Q1,https://images.samsung.com/is/content/samsung/assets/global/ir/docs/2023_1Q_conference_eng.pdf,Samsung Electronics,KRW trillion
2022Q1,ds_operating_profit,8.45,6,DS (4.58) 0.27 8.45 (4.85) (13.03),2023Q1,https://images.samsung.com/is/content/samsung/assets/global/ir/docs/2023_1Q_conference_eng.pdf,Samsung Electronics,KRW trillion
2023Q2,total_sales,60.01,6,Total 60.01 63.75 77.20 6%↓ 22%↓,2023Q2,https://images.samsung.com/is/content/samsung/assets/global/ir/docs/2023_2Q_conference_eng.pdf,Samsung Electronics,KRW trillion
2023Q1,total_sales,63.75,6,Total 60.01 63.75 77.20 6%↓ 22%↓,2023Q2,https://images.samsung.com/is/content/samsung/assets/global/ir/docs/2023_2Q_conference_eng.pdf,Samsung Electronics,KRW trillion
2022Q2,total_sales,77.2,6,Total 60.01 63.75 77.20 6%↓ 22%↓,2023Q2,https://images.samsung.com/is/content/samsung/assets/global/ir/docs/2023_2Q_conference_eng.pdf,Samsung Electronics,KRW trillion
2023Q2,ds_sales,14.73,6,DS 14.73 13.73 28.50 7%↑ 48%↓,2023Q2,https://images.samsung.com/is/content/samsung/assets/global/ir/docs/2023_2Q_conference_eng.pdf,Samsung Electronics,KRW trillion
2023Q1,ds_sales,13.73,6,DS 14.73 13.73 28.50 7%↑ 48%↓,2023Q2,https://images.samsung.com/is/content/samsung/assets/global/ir/docs/2023_2Q_conference_eng.pdf,Samsung Electronics,KRW trillion
2022Q2,ds_sales,28.5,6,DS 14.73 13.73 28.50 7%↑ 48%↓,2023Q2,https://images.samsung.com/is/content/samsung/assets/global/ir/docs/2023_2Q_conference_eng.pdf,Samsung Electronics,KRW trillion
2023Q2,memory_sales,8.97,6,Memory 8.97 8.92 21.08 1%↑ 57%↓,2023Q2,https://images.samsung.com/is/content/samsung/assets/global/ir/docs/2023_2Q_conference_eng.pdf,Samsung Electronics,KRW trillion
2023Q1,memory_sales,8.92,6,Memory 8.97 8.92 21.08 1%↑ 57%↓,2023Q2,https://images.samsung.com/is/content/samsung/assets/global/ir/docs/2023_2Q_conference_eng.pdf,Samsung Electronics,KRW trillion
2022Q2,memory_sales,21.08,6,Memory 8.97 8.92 21.08 1%↑ 57%↓,2023Q2,https://images.samsung.com/is/content/samsung/assets/global/ir/docs/2023_2Q_conference_eng.pdf,Samsung Electronics,KRW trillion
2023Q2,total_operating_profit,0.67,6,Total 0.67 0.64 14.10 0.03 (13.43),2023Q2,https://images.samsung.com/is/content/samsung/assets/global/ir/docs/2023_2Q_conference_eng.pdf,Samsung Electronics,KRW trillion
2023Q1,total_operating_profit,0.64,6,Total 0.67 0.64 14.10 0.03 (13.43),2023Q2,https://images.samsung.com/is/content/samsung/assets/global/ir/docs/2023_2Q_conference_eng.pdf,Samsung Electronics,KRW trillion
2022Q2,total_operating_profit,14.1,6,Total 0.67 0.64 14.10 0.03 (13.43),2023Q2,https://images.samsung.com/is/content/samsung/assets/global/ir/docs/2023_2Q_conference_eng.pdf,Samsung Electronics,KRW trillion
2023Q2,ds_operating_profit,-4.36,6,DS (4.36) (4.58) 9.98 0.22 (14.34),2023Q2,https://images.samsung.com/is/content/samsung/assets/global/ir/docs/2023_2Q_conference_eng.pdf,Samsung Electronics,KRW trillion
2023Q1,ds_operating_profit,-4.58,6,DS (4.36) (4.58) 9.98 0.22 (14.34),2023Q2,https://images.samsung.com/is/content/samsung/assets/global/ir/docs/2023_2Q_conference_eng.pdf,Samsung Electronics,KRW trillion
2022Q2,ds_operating_profit,9.98,6,DS (4.36) (4.58) 9.98 0.22 (14.34),2023Q2,https://images.samsung.com/is/content/samsung/assets/global/ir/docs/2023_2Q_conference_eng.pdf,Samsung Electronics,KRW trillion
2023Q3,total_sales,67.4,6,Total 67.40 60.01 76.78 12%↑ 12%↓,2023Q3,https://images.samsung.com/is/content/samsung/assets/global/ir/docs/2023_3Q_conference_eng_01.pdf,Samsung Electronics,KRW trillion
2023Q2,total_sales,60.01,6,Total 67.40 60.01 76.78 12%↑ 12%↓,2023Q3,https://images.samsung.com/is/content/samsung/assets/global/ir/docs/2023_3Q_conference_eng_01.pdf,Samsung Electronics,KRW trillion
2022Q3,total_sales,76.78,6,Total 67.40 60.01 76.78 12%↑ 12%↓,2023Q3,https://images.samsung.com/is/content/samsung/assets/global/ir/docs/2023_3Q_conference_eng_01.pdf,Samsung Electronics,KRW trillion
2023Q3,ds_sales,16.44,6,DS 16.44 14.73 23.02 12%↑ 29%↓,2023Q3,https://images.samsung.com/is/content/samsung/assets/global/ir/docs/2023_3Q_conference_eng_01.pdf,Samsung Electronics,KRW trillion
2023Q2,ds_sales,14.73,6,DS 16.44 14.73 23.02 12%↑ 29%↓,2023Q3,https://images.samsung.com/is/content/samsung/assets/global/ir/docs/2023_3Q_conference_eng_01.pdf,Samsung Electronics,KRW trillion
2022Q3,ds_sales,23.02,6,DS 16.44 14.73 23.02 12%↑ 29%↓,2023Q3,https://images.samsung.com/is/content/samsung/assets/global/ir/docs/2023_3Q_conference_eng_01.pdf,Samsung Electronics,KRW trillion
2023Q3,memory_sales,10.53,6,Memory 10.53 8.97 15.23 17%↑ 31%↓,2023Q3,https://images.samsung.com/is/content/samsung/assets/global/ir/docs/2023_3Q_conference_eng_01.pdf,Samsung Electronics,KRW trillion
2023Q2,memory_sales,8.97,6,Memory 10.53 8.97 15.23 17%↑ 31%↓,2023Q3,https://images.samsung.com/is/content/samsung/assets/global/ir/docs/2023_3Q_conference_eng_01.pdf,Samsung Electronics,KRW trillion
2022Q3,memory_sales,15.23,6,Memory 10.53 8.97 15.23 17%↑ 31%↓,2023Q3,https://images.samsung.com/is/content/samsung/assets/global/ir/docs/2023_3Q_conference_eng_01.pdf,Samsung Electronics,KRW trillion
2023Q3,total_operating_profit,2.43,6,Total 2.43 0.67 10.85 1.77 (8.42),2023Q3,https://images.samsung.com/is/content/samsung/assets/global/ir/docs/2023_3Q_conference_eng_01.pdf,Samsung Electronics,KRW trillion
2023Q2,total_operating_profit,0.67,6,Total 2.43 0.67 10.85 1.77 (8.42),2023Q3,https://images.samsung.com/is/content/samsung/assets/global/ir/docs/2023_3Q_conference_eng_01.pdf,Samsung Electronics,KRW trillion
2022Q3,total_operating_profit,10.85,6,Total 2.43 0.67 10.85 1.77 (8.42),2023Q3,https://images.samsung.com/is/content/samsung/assets/global/ir/docs/2023_3Q_conference_eng_01.pdf,Samsung Electronics,KRW trillion
2023Q3,ds_operating_profit,-3.75,6,DS (3.75) (4.36) 5.12 0.61 (8.87),2023Q3,https://images.samsung.com/is/content/samsung/assets/global/ir/docs/2023_3Q_conference_eng_01.pdf,Samsung Electronics,KRW trillion
2023Q2,ds_operating_profit,-4.36,6,DS (3.75) (4.36) 5.12 0.61 (8.87),2023Q3,https://images.samsung.com/is/content/samsung/assets/global/ir/docs/2023_3Q_conference_eng_01.pdf,Samsung Electronics,KRW trillion
2022Q3,ds_operating_profit,5.12,6,DS (3.75) (4.36) 5.12 0.61 (8.87),2023Q3,https://images.samsung.com/is/content/samsung/assets/global/ir/docs/2023_3Q_conference_eng_01.pdf,Samsung Electronics,KRW trillion
2024Q1,total_operating_profit,6.61,6,Total 6.61 2.82 0.64 3.78 5.97,2024Q1,https://images.samsung.com/is/content/samsung/assets/global/ir/docs/2024_1Q_conference_eng.pdf,Samsung Electronics,KRW trillion
2023Q4,total_operating_profit,2.82,6,Total 6.61 2.82 0.64 3.78 5.97,2024Q1,https://images.samsung.com/is/content/samsung/assets/global/ir/docs/2024_1Q_conference_eng.pdf,Samsung Electronics,KRW trillion
2023Q1,total_operating_profit,0.64,6,Total 6.61 2.82 0.64 3.78 5.97,2024Q1,https://images.samsung.com/is/content/samsung/assets/global/ir/docs/2024_1Q_conference_eng.pdf,Samsung Electronics,KRW trillion
2024Q1,ds_operating_profit,1.91,6,DS 1.91 (2.18) (4.58) 4.10 6.50,2024Q1,https://images.samsung.com/is/content/samsung/assets/global/ir/docs/2024_1Q_conference_eng.pdf,Samsung Electronics,KRW trillion
2023Q4,ds_operating_profit,-2.18,6,DS 1.91 (2.18) (4.58) 4.10 6.50,2024Q1,https://images.samsung.com/is/content/samsung/assets/global/ir/docs/2024_1Q_conference_eng.pdf,Samsung Electronics,KRW trillion
2023Q1,ds_operating_profit,-4.58,6,DS 1.91 (2.18) (4.58) 4.10 6.50,2024Q1,https://images.samsung.com/is/content/samsung/assets/global/ir/docs/2024_1Q_conference_eng.pdf,Samsung Electronics,KRW trillion
2024Q1,total_sales,71.92,6,Total 71.92 67.78 63.75 6%↑ 13%↑,2024Q1,https://images.samsung.com/is/content/samsung/assets/global/ir/docs/2024_1Q_conference_eng.pdf,Samsung Electronics,KRW trillion
2023Q4,total_sales,67.78,6,Total 71.92 67.78 63.75 6%↑ 13%↑,2024Q1,https://images.samsung.com/is/content/samsung/assets/global/ir/docs/2024_1Q_conference_eng.pdf,Samsung Electronics,KRW trillion
2023Q1,total_sales,63.75,6,Total 71.92 67.78 63.75 6%↑ 13%↑,2024Q1,https://images.samsung.com/is/content/samsung/assets/global/ir/docs/2024_1Q_conference_eng.pdf,Samsung Electronics,KRW trillion
2024Q1,ds_sales,23.14,6,DS 23.14 21.69 13.73 7%↑ 68%↑,2024Q1,https://images.samsung.com/is/content/samsung/assets/global/ir/docs/2024_1Q_conference_eng.pdf,Samsung Electronics,KRW trillion
2023Q4,ds_sales,21.69,6,DS 23.14 21.69 13.73 7%↑ 68%↑,2024Q1,https://images.samsung.com/is/content/samsung/assets/global/ir/docs/2024_1Q_conference_eng.pdf,Samsung Electronics,KRW trillion
2023Q1,ds_sales,13.73,6,DS 23.14 21.69 13.73 7%↑ 68%↑,2024Q1,https://images.samsung.com/is/content/samsung/assets/global/ir/docs/2024_1Q_conference_eng.pdf,Samsung Electronics,KRW trillion
2024Q1,memory_sales,17.49,6,Memory 17.49 15.71 8.92 11%↑ 96%↑,2024Q1,https://images.samsung.com/is/content/samsung/assets/global/ir/docs/2024_1Q_conference_eng.pdf,Samsung Electronics,KRW trillion
2023Q4,memory_sales,15.71,6,Memory 17.49 15.71 8.92 11%↑ 96%↑,2024Q1,https://images.samsung.com/is/content/samsung/assets/global/ir/docs/2024_1Q_conference_eng.pdf,Samsung Electronics,KRW trillion
2023Q1,memory_sales,8.92,6,Memory 17.49 15.71 8.92 11%↑ 96%↑,2024Q1,https://images.samsung.com/is/content/samsung/assets/global/ir/docs/2024_1Q_conference_eng.pdf,Samsung Electronics,KRW trillion
2023Q2,total_operating_profit,0.67,6,Total 0.67 6.61 10.44 3.84 9.78,2024Q2,https://images.samsung.com/is/content/samsung/assets/global/ir/docs/2024_2Q_conference_eng.pdf,Samsung Electronics,KRW trillion
2024Q1,total_operating_profit,6.61,6,Total 0.67 6.61 10.44 3.84 9.78,2024Q2,https://images.samsung.com/is/content/samsung/assets/global/ir/docs/2024_2Q_conference_eng.pdf,Samsung Electronics,KRW trillion
2024Q2,total_operating_profit,10.44,6,Total 0.67 6.61 10.44 3.84 9.78,2024Q2,https://images.samsung.com/is/content/samsung/assets/global/ir/docs/2024_2Q_conference_eng.pdf,Samsung Electronics,KRW trillion
2023Q2,ds_operating_profit,-4.36,6,DS (4.36) 1.91 6.45 4.54 10.81,2024Q2,https://images.samsung.com/is/content/samsung/assets/global/ir/docs/2024_2Q_conference_eng.pdf,Samsung Electronics,KRW trillion
2024Q1,ds_operating_profit,1.91,6,DS (4.36) 1.91 6.45 4.54 10.81,2024Q2,https://images.samsung.com/is/content/samsung/assets/global/ir/docs/2024_2Q_conference_eng.pdf,Samsung Electronics,KRW trillion
2024Q2,ds_operating_profit,6.45,6,DS (4.36) 1.91 6.45 4.54 10.81,2024Q2,https://images.samsung.com/is/content/samsung/assets/global/ir/docs/2024_2Q_conference_eng.pdf,Samsung Electronics,KRW trillion
2023Q2,total_sales,60.01,6,Total 60.01 71.92 74.07 3%↑ 23%↑,2024Q2,https://images.samsung.com/is/content/samsung/assets/global/ir/docs/2024_2Q_conference_eng.pdf,Samsung Electronics,KRW trillion
2024Q1,total_sales,71.92,6,Total 60.01 71.92 74.07 3%↑ 23%↑,2024Q2,https://images.samsung.com/is/content/samsung/assets/global/ir/docs/2024_2Q_conference_eng.pdf,Samsung Electronics,KRW trillion
2024Q2,total_sales,74.07,6,Total 60.01 71.92 74.07 3%↑ 23%↑,2024Q2,https://images.samsung.com/is/content/samsung/assets/global/ir/docs/2024_2Q_conference_eng.pdf,Samsung Electronics,KRW trillion
2023Q2,ds_sales,14.73,6,DS 14.73 23.14 28.56 23%↑ 94%↑,2024Q2,https://images.samsung.com/is/content/samsung/assets/global/ir/docs/2024_2Q_conference_eng.pdf,Samsung Electronics,KRW trillion
2024Q1,ds_sales,23.14,6,DS 14.73 23.14 28.56 23%↑ 94%↑,2024Q2,https://images.samsung.com/is/content/samsung/assets/global/ir/docs/2024_2Q_conference_eng.pdf,Samsung Electronics,KRW trillion
2024Q2,ds_sales,28.56,6,DS 14.73 23.14 28.56 23%↑ 94%↑,2024Q2,https://images.samsung.com/is/content/samsung/assets/global/ir/docs/2024_2Q_conference_eng.pdf,Samsung Electronics,KRW trillion
2023Q2,memory_sales,8.97,6,Memory 8.97 17.49 21.74 24%↑ 142%↑,2024Q2,https://images.samsung.com/is/content/samsung/assets/global/ir/docs/2024_2Q_conference_eng.pdf,Samsung Electronics,KRW trillion
2024Q1,memory_sales,17.49,6,Memory 8.97 17.49 21.74 24%↑ 142%↑,2024Q2,https://images.samsung.com/is/content/samsung/assets/global/ir/docs/2024_2Q_conference_eng.pdf,Samsung Electronics,KRW trillion
2024Q2,memory_sales,21.74,6,Memory 8.97 17.49 21.74 24%↑ 142%↑,2024Q2,https://images.samsung.com/is/content/samsung/assets/global/ir/docs/2024_2Q_conference_eng.pdf,Samsung Electronics,KRW trillion
2023Q3,total_operating_profit,2.43,6,Total 2.43 10.44 9.18 (1.26) 6.75,2024Q3,https://images.samsung.com/is/content/samsung/assets/global/ir/docs/2024_3Q_conference_eng.pdf,Samsung Electronics,KRW trillion
2024Q2,total_operating_profit,10.44,6,Total 2.43 10.44 9.18 (1.26) 6.75,2024Q3,https://images.samsung.com/is/content/samsung/assets/global/ir/docs/2024_3Q_conference_eng.pdf,Samsung Electronics,KRW trillion
2024Q3,total_operating_profit,9.18,6,Total 2.43 10.44 9.18 (1.26) 6.75,2024Q3,https://images.samsung.com/is/content/samsung/assets/global/ir/docs/2024_3Q_conference_eng.pdf,Samsung Electronics,KRW trillion
2023Q3,ds_operating_profit,-3.75,6,DS (3.75) 6.45 3.86 (2.59) 7.62,2024Q3,https://images.samsung.com/is/content/samsung/assets/global/ir/docs/2024_3Q_conference_eng.pdf,Samsung Electronics,KRW trillion
2024Q2,ds_operating_profit,6.45,6,DS (3.75) 6.45 3.86 (2.59) 7.62,2024Q3,https://images.samsung.com/is/content/samsung/assets/global/ir/docs/2024_3Q_conference_eng.pdf,Samsung Electronics,KRW trillion
2024Q3,ds_operating_profit,3.86,6,DS (3.75) 6.45 3.86 (2.59) 7.62,2024Q3,https://images.samsung.com/is/content/samsung/assets/global/ir/docs/2024_3Q_conference_eng.pdf,Samsung Electronics,KRW trillion
2023Q3,total_sales,67.4,6,Total 67.40 74.07 79.10 7%↑ 17%↑,2024Q3,https://images.samsung.com/is/content/samsung/assets/global/ir/docs/2024_3Q_conference_eng.pdf,Samsung Electronics,KRW trillion
2024Q2,total_sales,74.07,6,Total 67.40 74.07 79.10 7%↑ 17%↑,2024Q3,https://images.samsung.com/is/content/samsung/assets/global/ir/docs/2024_3Q_conference_eng.pdf,Samsung Electronics,KRW trillion
2024Q3,total_sales,79.1,6,Total 67.40 74.07 79.10 7%↑ 17%↑,2024Q3,https://images.samsung.com/is/content/samsung/assets/global/ir/docs/2024_3Q_conference_eng.pdf,Samsung Electronics,KRW trillion
2023Q3,ds_sales,16.44,6,DS 16.44 28.56 29.27 3%↑ 78%↑,2024Q3,https://images.samsung.com/is/content/samsung/assets/global/ir/docs/2024_3Q_conference_eng.pdf,Samsung Electronics,KRW trillion
2024Q2,ds_sales,28.56,6,DS 16.44 28.56 29.27 3%↑ 78%↑,2024Q3,https://images.samsung.com/is/content/samsung/assets/global/ir/docs/2024_3Q_conference_eng.pdf,Samsung Electronics,KRW trillion
2024Q3,ds_sales,29.27,6,DS 16.44 28.56 29.27 3%↑ 78%↑,2024Q3,https://images.samsung.com/is/content/samsung/assets/global/ir/docs/2024_3Q_conference_eng.pdf,Samsung Electronics,KRW trillion
2023Q3,memory_sales,10.53,6,Memory 10.53 21.74 22.27 2%↑ 112%↑,2024Q3,https://images.samsung.com/is/content/samsung/assets/global/ir/docs/2024_3Q_conference_eng.pdf,Samsung Electronics,KRW trillion
2024Q2,memory_sales,21.74,6,Memory 10.53 21.74 22.27 2%↑ 112%↑,2024Q3,https://images.samsung.com/is/content/samsung/assets/global/ir/docs/2024_3Q_conference_eng.pdf,Samsung Electronics,KRW trillion
2024Q3,memory_sales,22.27,6,Memory 10.53 21.74 22.27 2%↑ 112%↑,2024Q3,https://images.samsung.com/is/content/samsung/assets/global/ir/docs/2024_3Q_conference_eng.pdf,Samsung Electronics,KRW trillion
2023Q4,total_operating_profit,2.8,7,Total 2.8 9.2 6.5 2.7↓ 3.7↑ 6.6 32.7 26.2↑,2024Q4,https://images.samsung.com/is/content/samsung/assets/global/ir/docs/2024_4Q_conference_eng.pdf,Samsung Electronics,KRW trillion
2024Q3,total_operating_profit,9.2,7,Total 2.8 9.2 6.5 2.7↓ 3.7↑ 6.6 32.7 26.2↑,2024Q4,https://images.samsung.com/is/content/samsung/assets/global/ir/docs/2024_4Q_conference_eng.pdf,Samsung Electronics,KRW trillion
2024Q4,total_operating_profit,6.5,7,Total 2.8 9.2 6.5 2.7↓ 3.7↑ 6.6 32.7 26.2↑,2024Q4,https://images.samsung.com/is/content/samsung/assets/global/ir/docs/2024_4Q_conference_eng.pdf,Samsung Electronics,KRW trillion
2023Q4,ds_operating_profit,-2.2,7,DS (2.2) 3.9 2.9 1.0↓ 5.0↑ (14.9) 15.1 30.0↑,2024Q4,https://images.samsung.com/is/content/samsung/assets/global/ir/docs/2024_4Q_conference_eng.pdf,Samsung Electronics,KRW trillion
2024Q3,ds_operating_profit,3.9,7,DS (2.2) 3.9 2.9 1.0↓ 5.0↑ (14.9) 15.1 30.0↑,2024Q4,https://images.samsung.com/is/content/samsung/assets/global/ir/docs/2024_4Q_conference_eng.pdf,Samsung Electronics,KRW trillion
2024Q4,ds_operating_profit,2.9,7,DS (2.2) 3.9 2.9 1.0↓ 5.0↑ (14.9) 15.1 30.0↑,2024Q4,https://images.samsung.com/is/content/samsung/assets/global/ir/docs/2024_4Q_conference_eng.pdf,Samsung Electronics,KRW trillion
2023Q4,total_sales,67.8,7,Total 67.8 79.1 75.8 4%↓ 12%↑ 258.9 300.9 16%↑,2024Q4,https://images.samsung.com/is/content/samsung/assets/global/ir/docs/2024_4Q_conference_eng.pdf,Samsung Electronics,KRW trillion
2024Q3,total_sales,79.1,7,Total 67.8 79.1 75.8 4%↓ 12%↑ 258.9 300.9 16%↑,2024Q4,https://images.samsung.com/is/content/samsung/assets/global/ir/docs/2024_4Q_conference_eng.pdf,Samsung Electronics,KRW trillion
2024Q4,total_sales,75.8,7,Total 67.8 79.1 75.8 4%↓ 12%↑ 258.9 300.9 16%↑,2024Q4,https://images.samsung.com/is/content/samsung/assets/global/ir/docs/2024_4Q_conference_eng.pdf,Samsung Electronics,KRW trillion
2023Q4,ds_sales,21.7,7,DS 21.7 29.3 30.1 3%↑ 39%↑ 66.6 111.1 67%↑,2024Q4,https://images.samsung.com/is/content/samsung/assets/global/ir/docs/2024_4Q_conference_eng.pdf,Samsung Electronics,KRW trillion
2024Q3,ds_sales,29.3,7,DS 21.7 29.3 30.1 3%↑ 39%↑ 66.6 111.1 67%↑,2024Q4,https://images.samsung.com/is/content/samsung/assets/global/ir/docs/2024_4Q_conference_eng.pdf,Samsung Electronics,KRW trillion
2024Q4,ds_sales,30.1,7,DS 21.7 29.3 30.1 3%↑ 39%↑ 66.6 111.1 67%↑,2024Q4,https://images.samsung.com/is/content/samsung/assets/global/ir/docs/2024_4Q_conference_eng.pdf,Samsung Electronics,KRW trillion
2023Q4,memory_sales,15.7,7,Memory 15.7 22.3 23.0 3%↑ 46%↑ 44.1 84.5 91%↑,2024Q4,https://images.samsung.com/is/content/samsung/assets/global/ir/docs/2024_4Q_conference_eng.pdf,Samsung Electronics,KRW trillion
2024Q3,memory_sales,22.3,7,Memory 15.7 22.3 23.0 3%↑ 46%↑ 44.1 84.5 91%↑,2024Q4,https://images.samsung.com/is/content/samsung/assets/global/ir/docs/2024_4Q_conference_eng.pdf,Samsung Electronics,KRW trillion
2024Q4,memory_sales,23.0,7,Memory 15.7 22.3 23.0 3%↑ 46%↑ 44.1 84.5 91%↑,2024Q4,https://images.samsung.com/is/content/samsung/assets/global/ir/docs/2024_4Q_conference_eng.pdf,Samsung Electronics,KRW trillion
2024Q1,total_operating_profit,6.6,7,Total 6.6 6.5 6.7 0.2↑ 0.1↑,2025Q1,https://images.samsung.com/is/content/samsung/assets/global/ir/docs/2025_1Q_conference_eng.pdf,Samsung Electronics,KRW trillion
2024Q4,total_operating_profit,6.5,7,Total 6.6 6.5 6.7 0.2↑ 0.1↑,2025Q1,https://images.samsung.com/is/content/samsung/assets/global/ir/docs/2025_1Q_conference_eng.pdf,Samsung Electronics,KRW trillion
2025Q1,total_operating_profit,6.7,7,Total 6.6 6.5 6.7 0.2↑ 0.1↑,2025Q1,https://images.samsung.com/is/content/samsung/assets/global/ir/docs/2025_1Q_conference_eng.pdf,Samsung Electronics,KRW trillion
2024Q1,ds_operating_profit,1.9,7,DS 1.9 2.9 1.1 1.8↓ 0.8↓,2025Q1,https://images.samsung.com/is/content/samsung/assets/global/ir/docs/2025_1Q_conference_eng.pdf,Samsung Electronics,KRW trillion
2024Q4,ds_operating_profit,2.9,7,DS 1.9 2.9 1.1 1.8↓ 0.8↓,2025Q1,https://images.samsung.com/is/content/samsung/assets/global/ir/docs/2025_1Q_conference_eng.pdf,Samsung Electronics,KRW trillion
2025Q1,ds_operating_profit,1.1,7,DS 1.9 2.9 1.1 1.8↓ 0.8↓,2025Q1,https://images.samsung.com/is/content/samsung/assets/global/ir/docs/2025_1Q_conference_eng.pdf,Samsung Electronics,KRW trillion
2024Q1,total_sales,71.9,7,Total 71.9 75.8 79.1 4%↑ 10%↑,2025Q1,https://images.samsung.com/is/content/samsung/assets/global/ir/docs/2025_1Q_conference_eng.pdf,Samsung Electronics,KRW trillion
2024Q4,total_sales,75.8,7,Total 71.9 75.8 79.1 4%↑ 10%↑,2025Q1,https://images.samsung.com/is/content/samsung/assets/global/ir/docs/2025_1Q_conference_eng.pdf,Samsung Electronics,KRW trillion
2025Q1,total_sales,79.1,7,Total 71.9 75.8 79.1 4%↑ 10%↑,2025Q1,https://images.samsung.com/is/content/samsung/assets/global/ir/docs/2025_1Q_conference_eng.pdf,Samsung Electronics,KRW trillion
2024Q1,ds_sales,23.1,7,DS 23.1 30.1 25.1 17%↓ 9%↑,2025Q1,https://images.samsung.com/is/content/samsung/assets/global/ir/docs/2025_1Q_conference_eng.pdf,Samsung Electronics,KRW trillion
2024Q4,ds_sales,30.1,7,DS 23.1 30.1 25.1 17%↓ 9%↑,2025Q1,https://images.samsung.com/is/content/samsung/assets/global/ir/docs/2025_1Q_conference_eng.pdf,Samsung Electronics,KRW trillion
2025Q1,ds_sales,25.1,7,DS 23.1 30.1 25.1 17%↓ 9%↑,2025Q1,https://images.samsung.com/is/content/samsung/assets/global/ir/docs/2025_1Q_conference_eng.pdf,Samsung Electronics,KRW trillion
2024Q1,memory_sales,17.5,7,Memory 17.5 23.0 19.1 17%↓ 9%↑,2025Q1,https://images.samsung.com/is/content/samsung/assets/global/ir/docs/2025_1Q_conference_eng.pdf,Samsung Electronics,KRW trillion
2024Q4,memory_sales,23.0,7,Memory 17.5 23.0 19.1 17%↓ 9%↑,2025Q1,https://images.samsung.com/is/content/samsung/assets/global/ir/docs/2025_1Q_conference_eng.pdf,Samsung Electronics,KRW trillion
2025Q1,memory_sales,19.1,7,Memory 17.5 23.0 19.1 17%↓ 9%↑,2025Q1,https://images.samsung.com/is/content/samsung/assets/global/ir/docs/2025_1Q_conference_eng.pdf,Samsung Electronics,KRW trillion
2024Q2,total_operating_profit,10.4,7,Total 10.4 6.7 4.7 2.0↓ 5.8↓,2025Q2,https://images.samsung.com/is/content/samsung/assets/global/ir/docs/2025_2Q_conference_eng.pdf,Samsung Electronics,KRW trillion
2025Q1,total_operating_profit,6.7,7,Total 10.4 6.7 4.7 2.0↓ 5.8↓,2025Q2,https://images.samsung.com/is/content/samsung/assets/global/ir/docs/2025_2Q_conference_eng.pdf,Samsung Electronics,KRW trillion
2025Q2,total_operating_profit,4.7,7,Total 10.4 6.7 4.7 2.0↓ 5.8↓,2025Q2,https://images.samsung.com/is/content/samsung/assets/global/ir/docs/2025_2Q_conference_eng.pdf,Samsung Electronics,KRW trillion
2024Q2,ds_operating_profit,6.5,7,DS 6.5 1.1 0.4 0.8↓ 6.1↓,2025Q2,https://images.samsung.com/is/content/samsung/assets/global/ir/docs/2025_2Q_conference_eng.pdf,Samsung Electronics,KRW trillion
2025Q1,ds_operating_profit,1.1,7,DS 6.5 1.1 0.4 0.8↓ 6.1↓,2025Q2,https://images.samsung.com/is/content/samsung/assets/global/ir/docs/2025_2Q_conference_eng.pdf,Samsung Electronics,KRW trillion
2025Q2,ds_operating_profit,0.4,7,DS 6.5 1.1 0.4 0.8↓ 6.1↓,2025Q2,https://images.samsung.com/is/content/samsung/assets/global/ir/docs/2025_2Q_conference_eng.pdf,Samsung Electronics,KRW trillion
2024Q2,total_sales,74.1,7,Total 74.1 79.1 74.6 6%↓ 1%↑,2025Q2,https://images.samsung.com/is/content/samsung/assets/global/ir/docs/2025_2Q_conference_eng.pdf,Samsung Electronics,KRW trillion
2025Q1,total_sales,79.1,7,Total 74.1 79.1 74.6 6%↓ 1%↑,2025Q2,https://images.samsung.com/is/content/samsung/assets/global/ir/docs/2025_2Q_conference_eng.pdf,Samsung Electronics,KRW trillion
2025Q2,total_sales,74.6,7,Total 74.1 79.1 74.6 6%↓ 1%↑,2025Q2,https://images.samsung.com/is/content/samsung/assets/global/ir/docs/2025_2Q_conference_eng.pdf,Samsung Electronics,KRW trillion
2024Q2,ds_sales,28.6,7,DS 28.6 25.1 27.9 11%↑ 2%↓,2025Q2,https://images.samsung.com/is/content/samsung/assets/global/ir/docs/2025_2Q_conference_eng.pdf,Samsung Electronics,KRW trillion
2025Q1,ds_sales,25.1,7,DS 28.6 25.1 27.9 11%↑ 2%↓,2025Q2,https://images.samsung.com/is/content/samsung/assets/global/ir/docs/2025_2Q_conference_eng.pdf,Samsung Electronics,KRW trillion
2025Q2,ds_sales,27.9,7,DS 28.6 25.1 27.9 11%↑ 2%↓,2025Q2,https://images.samsung.com/is/content/samsung/assets/global/ir/docs/2025_2Q_conference_eng.pdf,Samsung Electronics,KRW trillion
2024Q2,memory_sales,21.7,7,Memory 21.7 19.1 21.2 11%↑ 3%↓,2025Q2,https://images.samsung.com/is/content/samsung/assets/global/ir/docs/2025_2Q_conference_eng.pdf,Samsung Electronics,KRW trillion
2025Q1,memory_sales,19.1,7,Memory 21.7 19.1 21.2 11%↑ 3%↓,2025Q2,https://images.samsung.com/is/content/samsung/assets/global/ir/docs/2025_2Q_conference_eng.pdf,Samsung Electronics,KRW trillion
2025Q2,memory_sales,21.2,7,Memory 21.7 19.1 21.2 11%↑ 3%↓,2025Q2,https://images.samsung.com/is/content/samsung/assets/global/ir/docs/2025_2Q_conference_eng.pdf,Samsung Electronics,KRW trillion
2024Q3,total_operating_profit,9.2,7,Total 9.2 4.7 12.2 7.5↑ 3.0↑,2025Q3,https://images.samsung.com/is/content/samsung/assets/global/ir/docs/2025_3Q_conference_eng.pdf,Samsung Electronics,KRW trillion
2025Q2,total_operating_profit,4.7,7,Total 9.2 4.7 12.2 7.5↑ 3.0↑,2025Q3,https://images.samsung.com/is/content/samsung/assets/global/ir/docs/2025_3Q_conference_eng.pdf,Samsung Electronics,KRW trillion
2025Q3,total_operating_profit,12.2,7,Total 9.2 4.7 12.2 7.5↑ 3.0↑,2025Q3,https://images.samsung.com/is/content/samsung/assets/global/ir/docs/2025_3Q_conference_eng.pdf,Samsung Electronics,KRW trillion
2024Q3,ds_operating_profit,3.9,7,DS 3.9 0.4 7.0 6.6↑ 3.1↑,2025Q3,https://images.samsung.com/is/content/samsung/assets/global/ir/docs/2025_3Q_conference_eng.pdf,Samsung Electronics,KRW trillion
2025Q2,ds_operating_profit,0.4,7,DS 3.9 0.4 7.0 6.6↑ 3.1↑,2025Q3,https://images.samsung.com/is/content/samsung/assets/global/ir/docs/2025_3Q_conference_eng.pdf,Samsung Electronics,KRW trillion
2025Q3,ds_operating_profit,7.0,7,DS 3.9 0.4 7.0 6.6↑ 3.1↑,2025Q3,https://images.samsung.com/is/content/samsung/assets/global/ir/docs/2025_3Q_conference_eng.pdf,Samsung Electronics,KRW trillion
2024Q3,total_sales,79.1,7,Total 79.1 74.6 86.1 15%↑ 9%↑,2025Q3,https://images.samsung.com/is/content/samsung/assets/global/ir/docs/2025_3Q_conference_eng.pdf,Samsung Electronics,KRW trillion
2025Q2,total_sales,74.6,7,Total 79.1 74.6 86.1 15%↑ 9%↑,2025Q3,https://images.samsung.com/is/content/samsung/assets/global/ir/docs/2025_3Q_conference_eng.pdf,Samsung Electronics,KRW trillion
2025Q3,total_sales,86.1,7,Total 79.1 74.6 86.1 15%↑ 9%↑,2025Q3,https://images.samsung.com/is/content/samsung/assets/global/ir/docs/2025_3Q_conference_eng.pdf,Samsung Electronics,KRW trillion
2024Q3,ds_sales,29.3,7,DS 29.3 27.9 33.1 19%↑ 13%↑,2025Q3,https://images.samsung.com/is/content/samsung/assets/global/ir/docs/2025_3Q_conference_eng.pdf,Samsung Electronics,KRW trillion
2025Q2,ds_sales,27.9,7,DS 29.3 27.9 33.1 19%↑ 13%↑,2025Q3,https://images.samsung.com/is/content/samsung/assets/global/ir/docs/2025_3Q_conference_eng.pdf,Samsung Electronics,KRW trillion
2025Q3,ds_sales,33.1,7,DS 29.3 27.9 33.1 19%↑ 13%↑,2025Q3,https://images.samsung.com/is/content/samsung/assets/global/ir/docs/2025_3Q_conference_eng.pdf,Samsung Electronics,KRW trillion
2024Q3,memory_sales,22.3,7,Memory 22.3 21.2 26.7 26%↑ 20%↑,2025Q3,https://images.samsung.com/is/content/samsung/assets/global/ir/docs/2025_3Q_conference_eng.pdf,Samsung Electronics,KRW trillion
2025Q2,memory_sales,21.2,7,Memory 22.3 21.2 26.7 26%↑ 20%↑,2025Q3,https://images.samsung.com/is/content/samsung/assets/global/ir/docs/2025_3Q_conference_eng.pdf,Samsung Electronics,KRW trillion
2025Q3,memory_sales,26.7,7,Memory 22.3 21.2 26.7 26%↑ 20%↑,2025Q3,https://images.samsung.com/is/content/samsung/assets/global/ir/docs/2025_3Q_conference_eng.pdf,Samsung Electronics,KRW trillion
2024Q4,total_sales,75.8,7,Total 75.8 86.1 93.8 9%↑ 24%↑ 300.9 333.6 11%↑,2025Q4,https://images.samsung.com/is/content/samsung/assets/global/ir/docs/2025_4Q_conference_eng.pdf,Samsung Electronics,KRW trillion
2025Q3,total_sales,86.1,7,Total 75.8 86.1 93.8 9%↑ 24%↑ 300.9 333.6 11%↑,2025Q4,https://images.samsung.com/is/content/samsung/assets/global/ir/docs/2025_4Q_conference_eng.pdf,Samsung Electronics,KRW trillion
2025Q4,total_sales,93.8,7,Total 75.8 86.1 93.8 9%↑ 24%↑ 300.9 333.6 11%↑,2025Q4,https://images.samsung.com/is/content/samsung/assets/global/ir/docs/2025_4Q_conference_eng.pdf,Samsung Electronics,KRW trillion
2024Q4,ds_sales,30.1,7,DS 30.1 33.1 44.0 33%↑ 46%↑ 111.1 130.1 17%↑,2025Q4,https://images.samsung.com/is/content/samsung/assets/global/ir/docs/2025_4Q_conference_eng.pdf,Samsung Electronics,KRW trillion
2025Q3,ds_sales,33.1,7,DS 30.1 33.1 44.0 33%↑ 46%↑ 111.1 130.1 17%↑,2025Q4,https://images.samsung.com/is/content/samsung/assets/global/ir/docs/2025_4Q_conference_eng.pdf,Samsung Electronics,KRW trillion
2025Q4,ds_sales,44.0,7,DS 30.1 33.1 44.0 33%↑ 46%↑ 111.1 130.1 17%↑,2025Q4,https://images.samsung.com/is/content/samsung/assets/global/ir/docs/2025_4Q_conference_eng.pdf,Samsung Electronics,KRW trillion
2024Q4,memory_sales,23.0,7,Memory 23.0 26.7 37.1 39%↑ 62%↑ 84.5 104.1 23%↑,2025Q4,https://images.samsung.com/is/content/samsung/assets/global/ir/docs/2025_4Q_conference_eng.pdf,Samsung Electronics,KRW trillion
2025Q3,memory_sales,26.7,7,Memory 23.0 26.7 37.1 39%↑ 62%↑ 84.5 104.1 23%↑,2025Q4,https://images.samsung.com/is/content/samsung/assets/global/ir/docs/2025_4Q_conference_eng.pdf,Samsung Electronics,KRW trillion
2025Q4,memory_sales,37.1,7,Memory 23.0 26.7 37.1 39%↑ 62%↑ 84.5 104.1 23%↑,2025Q4,https://images.samsung.com/is/content/samsung/assets/global/ir/docs/2025_4Q_conference_eng.pdf,Samsung Electronics,KRW trillion
2024Q4,total_operating_profit,6.5,7,Total 6.5 12.2 20.1 7.9↑ 13.6↑ 32.7 43.6 10.9↑,2025Q4,https://images.samsung.com/is/content/samsung/assets/global/ir/docs/2025_4Q_conference_eng.pdf,Samsung Electronics,KRW trillion
2025Q3,total_operating_profit,12.2,7,Total 6.5 12.2 20.1 7.9↑ 13.6↑ 32.7 43.6 10.9↑,2025Q4,https://images.samsung.com/is/content/samsung/assets/global/ir/docs/2025_4Q_conference_eng.pdf,Samsung Electronics,KRW trillion
2025Q4,total_operating_profit,20.1,7,Total 6.5 12.2 20.1 7.9↑ 13.6↑ 32.7 43.6 10.9↑,2025Q4,https://images.samsung.com/is/content/samsung/assets/global/ir/docs/2025_4Q_conference_eng.pdf,Samsung Electronics,KRW trillion
2024Q4,ds_operating_profit,2.9,7,DS 2.9 7.0 16.4 9.4↑ 13.5↑ 15.1 24.9 9.8↑,2025Q4,https://images.samsung.com/is/content/samsung/assets/global/ir/docs/2025_4Q_conference_eng.pdf,Samsung Electronics,KRW trillion
2025Q3,ds_operating_profit,7.0,7,DS 2.9 7.0 16.4 9.4↑ 13.5↑ 15.1 24.9 9.8↑,2025Q4,https://images.samsung.com/is/content/samsung/assets/global/ir/docs/2025_4Q_conference_eng.pdf,Samsung Electronics,KRW trillion
2025Q4,ds_operating_profit,16.4,7,DS 2.9 7.0 16.4 9.4↑ 13.5↑ 15.1 24.9 9.8↑,2025Q4,https://images.samsung.com/is/content/samsung/assets/global/ir/docs/2025_4Q_conference_eng.pdf,Samsung Electronics,KRW trillion
2025Q1,total_sales,79.1,13,Total 79.1 93.8 133.9 43%↑ 69%↑,2026Q1,https://images.samsung.com/is/content/samsung/assets/global/ir/docs/2026_1Q_conference_eng.pdf,Samsung Electronics,KRW trillion
2025Q4,total_sales,93.8,13,Total 79.1 93.8 133.9 43%↑ 69%↑,2026Q1,https://images.samsung.com/is/content/samsung/assets/global/ir/docs/2026_1Q_conference_eng.pdf,Samsung Electronics,KRW trillion
2026Q1,total_sales,133.9,13,Total 79.1 93.8 133.9 43%↑ 69%↑,2026Q1,https://images.samsung.com/is/content/samsung/assets/global/ir/docs/2026_1Q_conference_eng.pdf,Samsung Electronics,KRW trillion
2025Q1,ds_sales,25.1,13,DS 25.1 44.0 81.7 86%↑ 225%↑,2026Q1,https://images.samsung.com/is/content/samsung/assets/global/ir/docs/2026_1Q_conference_eng.pdf,Samsung Electronics,KRW trillion
2025Q4,ds_sales,44.0,13,DS 25.1 44.0 81.7 86%↑ 225%↑,2026Q1,https://images.samsung.com/is/content/samsung/assets/global/ir/docs/2026_1Q_conference_eng.pdf,Samsung Electronics,KRW trillion
2026Q1,ds_sales,81.7,13,DS 25.1 44.0 81.7 86%↑ 225%↑,2026Q1,https://images.samsung.com/is/content/samsung/assets/global/ir/docs/2026_1Q_conference_eng.pdf,Samsung Electronics,KRW trillion
2025Q1,memory_sales,19.1,13,Memory 19.1 37.1 74.8 101%↑ 292%↑,2026Q1,https://images.samsung.com/is/content/samsung/assets/global/ir/docs/2026_1Q_conference_eng.pdf,Samsung Electronics,KRW trillion
2025Q4,memory_sales,37.1,13,Memory 19.1 37.1 74.8 101%↑ 292%↑,2026Q1,https://images.samsung.com/is/content/samsung/assets/global/ir/docs/2026_1Q_conference_eng.pdf,Samsung Electronics,KRW trillion
2026Q1,memory_sales,74.8,13,Memory 19.1 37.1 74.8 101%↑ 292%↑,2026Q1,https://images.samsung.com/is/content/samsung/assets/global/ir/docs/2026_1Q_conference_eng.pdf,Samsung Electronics,KRW trillion
2025Q1,total_operating_profit,6.7,13,Total 6.7 20.1 57.2 37.2↑ 50.5↑,2026Q1,https://images.samsung.com/is/content/samsung/assets/global/ir/docs/2026_1Q_conference_eng.pdf,Samsung Electronics,KRW trillion
2025Q4,total_operating_profit,20.1,13,Total 6.7 20.1 57.2 37.2↑ 50.5↑,2026Q1,https://images.samsung.com/is/content/samsung/assets/global/ir/docs/2026_1Q_conference_eng.pdf,Samsung Electronics,KRW trillion
2026Q1,total_operating_profit,57.2,13,Total 6.7 20.1 57.2 37.2↑ 50.5↑,2026Q1,https://images.samsung.com/is/content/samsung/assets/global/ir/docs/2026_1Q_conference_eng.pdf,Samsung Electronics,KRW trillion
2025Q1,ds_operating_profit,1.1,13,DS 1.1 16.4 53.7 37.3↑ 52.6↑,2026Q1,https://images.samsung.com/is/content/samsung/assets/global/ir/docs/2026_1Q_conference_eng.pdf,Samsung Electronics,KRW trillion
2025Q4,ds_operating_profit,16.4,13,DS 1.1 16.4 53.7 37.3↑ 52.6↑,2026Q1,https://images.samsung.com/is/content/samsung/assets/global/ir/docs/2026_1Q_conference_eng.pdf,Samsung Electronics,KRW trillion
2026Q1,ds_operating_profit,53.7,13,DS 1.1 16.4 53.7 37.3↑ 52.6↑,2026Q1,https://images.samsung.com/is/content/samsung/assets/global/ir/docs/2026_1Q_conference_eng.pdf,Samsung Electronics,KRW trillion
2025Q2,total_sales,74.6,13,Total 74.6 133.9 171.5 28%↑ 130%↑,2026Q2,https://images.samsung.com/is/content/samsung/assets/global/ir/docs/2026_2Q_conference_eng.pdf,Samsung Electronics,KRW trillion
2026Q1,total_sales,133.9,13,Total 74.6 133.9 171.5 28%↑ 130%↑,2026Q2,https://images.samsung.com/is/content/samsung/assets/global/ir/docs/2026_2Q_conference_eng.pdf,Samsung Electronics,KRW trillion
2026Q2,total_sales,171.5,13,Total 74.6 133.9 171.5 28%↑ 130%↑,2026Q2,https://images.samsung.com/is/content/samsung/assets/global/ir/docs/2026_2Q_conference_eng.pdf,Samsung Electronics,KRW trillion
2025Q2,ds_sales,27.9,13,DS 27.9 81.7 127.5 56%↑ 357%↑,2026Q2,https://images.samsung.com/is/content/samsung/assets/global/ir/docs/2026_2Q_conference_eng.pdf,Samsung Electronics,KRW trillion
2026Q1,ds_sales,81.7,13,DS 27.9 81.7 127.5 56%↑ 357%↑,2026Q2,https://images.samsung.com/is/content/samsung/assets/global/ir/docs/2026_2Q_conference_eng.pdf,Samsung Electronics,KRW trillion
2026Q2,ds_sales,127.5,13,DS 27.9 81.7 127.5 56%↑ 357%↑,2026Q2,https://images.samsung.com/is/content/samsung/assets/global/ir/docs/2026_2Q_conference_eng.pdf,Samsung Electronics,KRW trillion
2025Q2,memory_sales,21.2,13,Memory 21.2 74.8 120.8 62%↑ 471%↑,2026Q2,https://images.samsung.com/is/content/samsung/assets/global/ir/docs/2026_2Q_conference_eng.pdf,Samsung Electronics,KRW trillion
2026Q1,memory_sales,74.8,13,Memory 21.2 74.8 120.8 62%↑ 471%↑,2026Q2,https://images.samsung.com/is/content/samsung/assets/global/ir/docs/2026_2Q_conference_eng.pdf,Samsung Electronics,KRW trillion
2026Q2,memory_sales,120.8,13,Memory 21.2 74.8 120.8 62%↑ 471%↑,2026Q2,https://images.samsung.com/is/content/samsung/assets/global/ir/docs/2026_2Q_conference_eng.pdf,Samsung Electronics,KRW trillion
2025Q2,total_operating_profit,4.7,13,Total 4.7 57.2 89.5 32.3↑ 84.8↑,2026Q2,https://images.samsung.com/is/content/samsung/assets/global/ir/docs/2026_2Q_conference_eng.pdf,Samsung Electronics,KRW trillion
2026Q1,total_operating_profit,57.2,13,Total 4.7 57.2 89.5 32.3↑ 84.8↑,2026Q2,https://images.samsung.com/is/content/samsung/assets/global/ir/docs/2026_2Q_conference_eng.pdf,Samsung Electronics,KRW trillion
2026Q2,total_operating_profit,89.5,13,Total 4.7 57.2 89.5 32.3↑ 84.8↑,2026Q2,https://images.samsung.com/is/content/samsung/assets/global/ir/docs/2026_2Q_conference_eng.pdf,Samsung Electronics,KRW trillion
2025Q2,ds_operating_profit,0.4,13,DS 0.4 53.7 89.2 35.5↑ 88.8↑,2026Q2,https://images.samsung.com/is/content/samsung/assets/global/ir/docs/2026_2Q_conference_eng.pdf,Samsung Electronics,KRW trillion
2026Q1,ds_operating_profit,53.7,13,DS 0.4 53.7 89.2 35.5↑ 88.8↑,2026Q2,https://images.samsung.com/is/content/samsung/assets/global/ir/docs/2026_2Q_conference_eng.pdf,Samsung Electronics,KRW trillion
2026Q2,ds_operating_profit,89.2,13,DS 0.4 53.7 89.2 35.5↑ 88.8↑,2026Q2,https://images.samsung.com/is/content/samsung/assets/global/ir/docs/2026_2Q_conference_eng.pdf,Samsung Electronics,KRW trillion
2017Q1,total_sales,50.55,4,50.55 49.78 53.33 2%↑ 5%↓,2017Q1,https://images.samsung.com/is/content/samsung/p5/global/ir/docs/2017_1Q_Earnings_Release_Samsung_Electronics.pdf,Samsung Electronics,KRW trillion
2016Q1,total_sales,49.78,4,50.55 49.78 53.33 2%↑ 5%↓,2017Q1,https://images.samsung.com/is/content/samsung/p5/global/ir/docs/2017_1Q_Earnings_Release_Samsung_Electronics.pdf,Samsung Electronics,KRW trillion
2016Q4,total_sales,53.33,4,50.55 49.78 53.33 2%↑ 5%↓,2017Q1,https://images.samsung.com/is/content/samsung/p5/global/ir/docs/2017_1Q_Earnings_Release_Samsung_Electronics.pdf,Samsung Electronics,KRW trillion
2017Q1,ds_sales,22.85,4,DS 22.85 17.18 22.26 33%↑ 3%↑,2017Q1,https://images.samsung.com/is/content/samsung/p5/global/ir/docs/2017_1Q_Earnings_Release_Samsung_Electronics.pdf,Samsung Electronics,KRW trillion
2016Q1,ds_sales,17.18,4,DS 22.85 17.18 22.26 33%↑ 3%↑,2017Q1,https://images.samsung.com/is/content/samsung/p5/global/ir/docs/2017_1Q_Earnings_Release_Samsung_Electronics.pdf,Samsung Electronics,KRW trillion
2016Q4,ds_sales,22.26,4,DS 22.85 17.18 22.26 33%↑ 3%↑,2017Q1,https://images.samsung.com/is/content/samsung/p5/global/ir/docs/2017_1Q_Earnings_Release_Samsung_Electronics.pdf,Samsung Electronics,KRW trillion
2017Q1,semiconductor_sales,15.66,4,Semiconductor 15.66 11.15 14.86 40%↑ 5%↑,2017Q1,https://images.samsung.com/is/content/samsung/p5/global/ir/docs/2017_1Q_Earnings_Release_Samsung_Electronics.pdf,Samsung Electronics,KRW trillion
2016Q1,semiconductor_sales,11.15,4,Semiconductor 15.66 11.15 14.86 40%↑ 5%↑,2017Q1,https://images.samsung.com/is/content/samsung/p5/global/ir/docs/2017_1Q_Earnings_Release_Samsung_Electronics.pdf,Samsung Electronics,KRW trillion
2016Q4,semiconductor_sales,14.86,4,Semiconductor 15.66 11.15 14.86 40%↑ 5%↑,2017Q1,https://images.samsung.com/is/content/samsung/p5/global/ir/docs/2017_1Q_Earnings_Release_Samsung_Electronics.pdf,Samsung Electronics,KRW trillion
2017Q1,memory_sales,12.12,4,- Memory 12.12 7.94 11.62 53%↑ 4%↑,2017Q1,https://images.samsung.com/is/content/samsung/p5/global/ir/docs/2017_1Q_Earnings_Release_Samsung_Electronics.pdf,Samsung Electronics,KRW trillion
2016Q1,memory_sales,7.94,4,- Memory 12.12 7.94 11.62 53%↑ 4%↑,2017Q1,https://images.samsung.com/is/content/samsung/p5/global/ir/docs/2017_1Q_Earnings_Release_Samsung_Electronics.pdf,Samsung Electronics,KRW trillion
2016Q4,memory_sales,11.62,4,- Memory 12.12 7.94 11.62 53%↑ 4%↑,2017Q1,https://images.samsung.com/is/content/samsung/p5/global/ir/docs/2017_1Q_Earnings_Release_Samsung_Electronics.pdf,Samsung Electronics,KRW trillion
2017Q1,total_operating_profit,9.9,4,9.90 6.68 9.22 3.22 0.68,2017Q1,https://images.samsung.com/is/content/samsung/p5/global/ir/docs/2017_1Q_Earnings_Release_Samsung_Electronics.pdf,Samsung Electronics,KRW trillion
2016Q1,total_operating_profit,6.68,4,9.90 6.68 9.22 3.22 0.68,2017Q1,https://images.samsung.com/is/content/samsung/p5/global/ir/docs/2017_1Q_Earnings_Release_Samsung_Electronics.pdf,Samsung Electronics,KRW trillion
2016Q4,total_operating_profit,9.22,4,9.90 6.68 9.22 3.22 0.68,2017Q1,https://images.samsung.com/is/content/samsung/p5/global/ir/docs/2017_1Q_Earnings_Release_Samsung_Electronics.pdf,Samsung Electronics,KRW trillion
2017Q1,ds_operating_profit,7.59,4,DS 7.59 2.33 6.34 5.26 1.25,2017Q1,https://images.samsung.com/is/content/samsung/p5/global/ir/docs/2017_1Q_Earnings_Release_Samsung_Electronics.pdf,Samsung Electronics,KRW trillion
2016Q1,ds_operating_profit,2.33,4,DS 7.59 2.33 6.34 5.26 1.25,2017Q1,https://images.samsung.com/is/content/samsung/p5/global/ir/docs/2017_1Q_Earnings_Release_Samsung_Electronics.pdf,Samsung Electronics,KRW trillion
2016Q4,ds_operating_profit,6.34,4,DS 7.59 2.33 6.34 5.26 1.25,2017Q1,https://images.samsung.com/is/content/samsung/p5/global/ir/docs/2017_1Q_Earnings_Release_Samsung_Electronics.pdf,Samsung Electronics,KRW trillion
2017Q1,semiconductor_operating_profit,6.31,4,Semiconductor 6.31 2.63 4.95 3.68 1.36,2017Q1,https://images.samsung.com/is/content/samsung/p5/global/ir/docs/2017_1Q_Earnings_Release_Samsung_Electronics.pdf,Samsung Electronics,KRW trillion
2016Q1,semiconductor_operating_profit,2.63,4,Semiconductor 6.31 2.63 4.95 3.68 1.36,2017Q1,https://images.samsung.com/is/content/samsung/p5/global/ir/docs/2017_1Q_Earnings_Release_Samsung_Electronics.pdf,Samsung Electronics,KRW trillion
2016Q4,semiconductor_operating_profit,4.95,4,Semiconductor 6.31 2.63 4.95 3.68 1.36,2017Q1,https://images.samsung.com/is/content/samsung/p5/global/ir/docs/2017_1Q_Earnings_Release_Samsung_Electronics.pdf,Samsung Electronics,KRW trillion
2017Q2,total_sales,61.0,4,61.00 50.94 50.55 20%↑ 21%↑,2017Q2,https://images.samsung.com/is/content/samsung/p5/global/ir/docs/2017_2Q_Earnings_Release_Samsung_Electronics.pdf,Samsung Electronics,KRW trillion
2016Q2,total_sales,50.94,4,61.00 50.94 50.55 20%↑ 21%↑,2017Q2,https://images.samsung.com/is/content/samsung/p5/global/ir/docs/2017_2Q_Earnings_Release_Samsung_Electronics.pdf,Samsung Electronics,KRW trillion
2017Q1,total_sales,50.55,4,61.00 50.94 50.55 20%↑ 21%↑,2017Q2,https://images.samsung.com/is/content/samsung/p5/global/ir/docs/2017_2Q_Earnings_Release_Samsung_Electronics.pdf,Samsung Electronics,KRW trillion
2017Q2,ds_sales,25.25,4,DS 25.25 18.43 22.85 37%↑ 11%↑,2017Q2,https://images.samsung.com/is/content/samsung/p5/global/ir/docs/2017_2Q_Earnings_Release_Samsung_Electronics.pdf,Samsung Electronics,KRW trillion
2016Q2,ds_sales,18.43,4,DS 25.25 18.43 22.85 37%↑ 11%↑,2017Q2,https://images.samsung.com/is/content/samsung/p5/global/ir/docs/2017_2Q_Earnings_Release_Samsung_Electronics.pdf,Samsung Electronics,KRW trillion
2017Q1,ds_sales,22.85,4,DS 25.25 18.43 22.85 37%↑ 11%↑,2017Q2,https://images.samsung.com/is/content/samsung/p5/global/ir/docs/2017_2Q_Earnings_Release_Samsung_Electronics.pdf,Samsung Electronics,KRW trillion
2017Q2,semiconductor_sales,17.58,4,Semiconductor 17.58 12.00 15.66 46%↑ 12%↑,2017Q2,https://images.samsung.com/is/content/samsung/p5/global/ir/docs/2017_2Q_Earnings_Release_Samsung_Electronics.pdf,Samsung Electronics,KRW trillion
2016Q2,semiconductor_sales,12.0,4,Semiconductor 17.58 12.00 15.66 46%↑ 12%↑,2017Q2,https://images.samsung.com/is/content/samsung/p5/global/ir/docs/2017_2Q_Earnings_Release_Samsung_Electronics.pdf,Samsung Electronics,KRW trillion
2017Q1,semiconductor_sales,15.66,4,Semiconductor 17.58 12.00 15.66 46%↑ 12%↑,2017Q2,https://images.samsung.com/is/content/samsung/p5/global/ir/docs/2017_2Q_Earnings_Release_Samsung_Electronics.pdf,Samsung Electronics,KRW trillion
2017Q2,memory_sales,13.94,4,- Memory 13.94 8.43 12.12 65%↑ 15%↑,2017Q2,https://images.samsung.com/is/content/samsung/p5/global/ir/docs/2017_2Q_Earnings_Release_Samsung_Electronics.pdf,Samsung Electronics,KRW trillion
2016Q2,memory_sales,8.43,4,- Memory 13.94 8.43 12.12 65%↑ 15%↑,2017Q2,https://images.samsung.com/is/content/samsung/p5/global/ir/docs/2017_2Q_Earnings_Release_Samsung_Electronics.pdf,Samsung Electronics,KRW trillion
2017Q1,memory_sales,12.12,4,- Memory 13.94 8.43 12.12 65%↑ 15%↑,2017Q2,https://images.samsung.com/is/content/samsung/p5/global/ir/docs/2017_2Q_Earnings_Release_Samsung_Electronics.pdf,Samsung Electronics,KRW trillion
2017Q2,total_operating_profit,14.07,4,14.07 8.14 9.90 5.92 4.17,2017Q2,https://images.samsung.com/is/content/samsung/p5/global/ir/docs/2017_2Q_Earnings_Release_Samsung_Electronics.pdf,Samsung Electronics,KRW trillion
2016Q2,total_operating_profit,8.14,4,14.07 8.14 9.90 5.92 4.17,2017Q2,https://images.samsung.com/is/content/samsung/p5/global/ir/docs/2017_2Q_Earnings_Release_Samsung_Electronics.pdf,Samsung Electronics,KRW trillion
2017Q1,total_operating_profit,9.9,4,14.07 8.14 9.90 5.92 4.17,2017Q2,https://images.samsung.com/is/content/samsung/p5/global/ir/docs/2017_2Q_Earnings_Release_Samsung_Electronics.pdf,Samsung Electronics,KRW trillion
2017Q2,ds_operating_profit,9.69,4,DS 9.69 2.79 7.59 6.90 2.10,2017Q2,https://images.samsung.com/is/content/samsung/p5/global/ir/docs/2017_2Q_Earnings_Release_Samsung_Electronics.pdf,Samsung Electronics,KRW trillion
2016Q2,ds_operating_profit,2.79,4,DS 9.69 2.79 7.59 6.90 2.10,2017Q2,https://images.samsung.com/is/content/samsung/p5/global/ir/docs/2017_2Q_Earnings_Release_Samsung_Electronics.pdf,Samsung Electronics,KRW trillion
2017Q1,ds_operating_profit,7.59,4,DS 9.69 2.79 7.59 6.90 2.10,2017Q2,https://images.samsung.com/is/content/samsung/p5/global/ir/docs/2017_2Q_Earnings_Release_Samsung_Electronics.pdf,Samsung Electronics,KRW trillion
2017Q2,semiconductor_operating_profit,8.03,4,Semiconductor 8.03 2.64 6.31 5.39 1.72,2017Q2,https://images.samsung.com/is/content/samsung/p5/global/ir/docs/2017_2Q_Earnings_Release_Samsung_Electronics.pdf,Samsung Electronics,KRW trillion
2016Q2,semiconductor_operating_profit,2.64,4,Semiconductor 8.03 2.64 6.31 5.39 1.72,2017Q2,https://images.samsung.com/is/content/samsung/p5/global/ir/docs/2017_2Q_Earnings_Release_Samsung_Electronics.pdf,Samsung Electronics,KRW trillion
2017Q1,semiconductor_operating_profit,6.31,4,Semiconductor 8.03 2.64 6.31 5.39 1.72,2017Q2,https://images.samsung.com/is/content/samsung/p5/global/ir/docs/2017_2Q_Earnings_Release_Samsung_Electronics.pdf,Samsung Electronics,KRW trillion
2017Q3,total_sales,62.05,4,62.05 47.82 61.00 30%↑ 2%↑,2017Q3,https://images.samsung.com/is/content/samsung/p5/global/ir/docs/2017_3Q_Earnings_Release_Samsung_Electronics.pdf,Samsung Electronics,KRW trillion
2016Q3,total_sales,47.82,4,62.05 47.82 61.00 30%↑ 2%↑,2017Q3,https://images.samsung.com/is/content/samsung/p5/global/ir/docs/2017_3Q_Earnings_Release_Samsung_Electronics.pdf,Samsung Electronics,KRW trillion
2017Q2,total_sales,61.0,4,62.05 47.82 61.00 30%↑ 2%↑,2017Q3,https://images.samsung.com/is/content/samsung/p5/global/ir/docs/2017_3Q_Earnings_Release_Samsung_Electronics.pdf,Samsung Electronics,KRW trillion
2017Q3,ds_sales,28.02,4,DS 28.02 20.29 25.25 38%↑ 11%↑,2017Q3,https://images.samsung.com/is/content/samsung/p5/global/ir/docs/2017_3Q_Earnings_Release_Samsung_Electronics.pdf,Samsung Electronics,KRW trillion
2016Q3,ds_sales,20.29,4,DS 28.02 20.29 25.25 38%↑ 11%↑,2017Q3,https://images.samsung.com/is/content/samsung/p5/global/ir/docs/2017_3Q_Earnings_Release_Samsung_Electronics.pdf,Samsung Electronics,KRW trillion
2017Q2,ds_sales,25.25,4,DS 28.02 20.29 25.25 38%↑ 11%↑,2017Q3,https://images.samsung.com/is/content/samsung/p5/global/ir/docs/2017_3Q_Earnings_Release_Samsung_Electronics.pdf,Samsung Electronics,KRW trillion
2017Q3,semiconductor_sales,19.91,4,Semiconductor 19.91 13.15 17.58 51%↑ 13%↑,2017Q3,https://images.samsung.com/is/content/samsung/p5/global/ir/docs/2017_3Q_Earnings_Release_Samsung_Electronics.pdf,Samsung Electronics,KRW trillion
2016Q3,semiconductor_sales,13.15,4,Semiconductor 19.91 13.15 17.58 51%↑ 13%↑,2017Q3,https://images.samsung.com/is/content/samsung/p5/global/ir/docs/2017_3Q_Earnings_Release_Samsung_Electronics.pdf,Samsung Electronics,KRW trillion
2017Q2,semiconductor_sales,17.58,4,Semiconductor 19.91 13.15 17.58 51%↑ 13%↑,2017Q3,https://images.samsung.com/is/content/samsung/p5/global/ir/docs/2017_3Q_Earnings_Release_Samsung_Electronics.pdf,Samsung Electronics,KRW trillion
2017Q3,memory_sales,16.3,4,- Memory 16.30 9.86 13.94 65%↑ 17%↑,2017Q3,https://images.samsung.com/is/content/samsung/p5/global/ir/docs/2017_3Q_Earnings_Release_Samsung_Electronics.pdf,Samsung Electronics,KRW trillion
2016Q3,memory_sales,9.86,4,- Memory 16.30 9.86 13.94 65%↑ 17%↑,2017Q3,https://images.samsung.com/is/content/samsung/p5/global/ir/docs/2017_3Q_Earnings_Release_Samsung_Electronics.pdf,Samsung Electronics,KRW trillion
2017Q2,memory_sales,13.94,4,- Memory 16.30 9.86 13.94 65%↑ 17%↑,2017Q3,https://images.samsung.com/is/content/samsung/p5/global/ir/docs/2017_3Q_Earnings_Release_Samsung_Electronics.pdf,Samsung Electronics,KRW trillion
2017Q3,total_operating_profit,14.53,4,14.53 5.20 14.07 9.33 0.47,2017Q3,https://images.samsung.com/is/content/samsung/p5/global/ir/docs/2017_3Q_Earnings_Release_Samsung_Electronics.pdf,Samsung Electronics,KRW trillion
2016Q3,total_operating_profit,5.2,4,14.53 5.20 14.07 9.33 0.47,2017Q3,https://images.samsung.com/is/content/samsung/p5/global/ir/docs/2017_3Q_Earnings_Release_Samsung_Electronics.pdf,Samsung Electronics,KRW trillion
2017Q2,total_operating_profit,14.07,4,14.53 5.20 14.07 9.33 0.47,2017Q3,https://images.samsung.com/is/content/samsung/p5/global/ir/docs/2017_3Q_Earnings_Release_Samsung_Electronics.pdf,Samsung Electronics,KRW trillion
2017Q3,ds_operating_profit,10.85,4,DS 10.85 4.40 9.69 6.45 1.16,2017Q3,https://images.samsung.com/is/content/samsung/p5/global/ir/docs/2017_3Q_Earnings_Release_Samsung_Electronics.pdf,Samsung Electronics,KRW trillion
2016Q3,ds_operating_profit,4.4,4,DS 10.85 4.40 9.69 6.45 1.16,2017Q3,https://images.samsung.com/is/content/samsung/p5/global/ir/docs/2017_3Q_Earnings_Release_Samsung_Electronics.pdf,Samsung Electronics,KRW trillion
2017Q2,ds_operating_profit,9.69,4,DS 10.85 4.40 9.69 6.45 1.16,2017Q3,https://images.samsung.com/is/content/samsung/p5/global/ir/docs/2017_3Q_Earnings_Release_Samsung_Electronics.pdf,Samsung Electronics,KRW trillion
2017Q3,semiconductor_operating_profit,9.96,4,Semiconductor 9.96 3.37 8.03 6.59 1.93,2017Q3,https://images.samsung.com/is/content/samsung/p5/global/ir/docs/2017_3Q_Earnings_Release_Samsung_Electronics.pdf,Samsung Electronics,KRW trillion
2016Q3,semiconductor_operating_profit,3.37,4,Semiconductor 9.96 3.37 8.03 6.59 1.93,2017Q3,https://images.samsung.com/is/content/samsung/p5/global/ir/docs/2017_3Q_Earnings_Release_Samsung_Electronics.pdf,Samsung Electronics,KRW trillion
2017Q2,semiconductor_operating_profit,8.03,4,Semiconductor 9.96 3.37 8.03 6.59 1.93,2017Q3,https://images.samsung.com/is/content/samsung/p5/global/ir/docs/2017_3Q_Earnings_Release_Samsung_Electronics.pdf,Samsung Electronics,KRW trillion
2018Q1,total_sales,60.56,4,60.56 50.55 65.98 20%↑ 8%↓,2018Q1,https://images.samsung.com/is/content/samsung/p5/global/ir/docs/2018_1Q_conference_eng.pdf,Samsung Electronics,KRW trillion
2017Q1,total_sales,50.55,4,60.56 50.55 65.98 20%↑ 8%↓,2018Q1,https://images.samsung.com/is/content/samsung/p5/global/ir/docs/2018_1Q_conference_eng.pdf,Samsung Electronics,KRW trillion
2017Q4,total_sales,65.98,4,60.56 50.55 65.98 20%↑ 8%↓,2018Q1,https://images.samsung.com/is/content/samsung/p5/global/ir/docs/2018_1Q_conference_eng.pdf,Samsung Electronics,KRW trillion
2018Q1,ds_sales,28.35,4,DS 28.35 22.85 32.05 24%↑ 12%↓,2018Q1,https://images.samsung.com/is/content/samsung/p5/global/ir/docs/2018_1Q_conference_eng.pdf,Samsung Electronics,KRW trillion
2017Q1,ds_sales,22.85,4,DS 28.35 22.85 32.05 24%↑ 12%↓,2018Q1,https://images.samsung.com/is/content/samsung/p5/global/ir/docs/2018_1Q_conference_eng.pdf,Samsung Electronics,KRW trillion
2017Q4,ds_sales,32.05,4,DS 28.35 22.85 32.05 24%↑ 12%↓,2018Q1,https://images.samsung.com/is/content/samsung/p5/global/ir/docs/2018_1Q_conference_eng.pdf,Samsung Electronics,KRW trillion
2018Q1,semiconductor_sales,20.78,4,Semiconductor 20.78 15.66 21.11 33%↑ 2%↓,2018Q1,https://images.samsung.com/is/content/samsung/p5/global/ir/docs/2018_1Q_conference_eng.pdf,Samsung Electronics,KRW trillion
2017Q1,semiconductor_sales,15.66,4,Semiconductor 20.78 15.66 21.11 33%↑ 2%↓,2018Q1,https://images.samsung.com/is/content/samsung/p5/global/ir/docs/2018_1Q_conference_eng.pdf,Samsung Electronics,KRW trillion
2017Q4,semiconductor_sales,21.11,4,Semiconductor 20.78 15.66 21.11 33%↑ 2%↓,2018Q1,https://images.samsung.com/is/content/samsung/p5/global/ir/docs/2018_1Q_conference_eng.pdf,Samsung Electronics,KRW trillion
2018Q1,memory_sales,17.33,4,- Memory 17.33 12.12 17.94 43%↑ 3%↓,2018Q1,https://images.samsung.com/is/content/samsung/p5/global/ir/docs/2018_1Q_conference_eng.pdf,Samsung Electronics,KRW trillion
2017Q1,memory_sales,12.12,4,- Memory 17.33 12.12 17.94 43%↑ 3%↓,2018Q1,https://images.samsung.com/is/content/samsung/p5/global/ir/docs/2018_1Q_conference_eng.pdf,Samsung Electronics,KRW trillion
2017Q4,memory_sales,17.94,4,- Memory 17.33 12.12 17.94 43%↑ 3%↓,2018Q1,https://images.samsung.com/is/content/samsung/p5/global/ir/docs/2018_1Q_conference_eng.pdf,Samsung Electronics,KRW trillion
2018Q1,total_operating_profit,15.64,4,15.64 9.90 15.15 5.74 0.50,2018Q1,https://images.samsung.com/is/content/samsung/p5/global/ir/docs/2018_1Q_conference_eng.pdf,Samsung Electronics,KRW trillion
2017Q1,total_operating_profit,9.9,4,15.64 9.90 15.15 5.74 0.50,2018Q1,https://images.samsung.com/is/content/samsung/p5/global/ir/docs/2018_1Q_conference_eng.pdf,Samsung Electronics,KRW trillion
2017Q4,total_operating_profit,15.15,4,15.64 9.90 15.15 5.74 0.50,2018Q1,https://images.samsung.com/is/content/samsung/p5/global/ir/docs/2018_1Q_conference_eng.pdf,Samsung Electronics,KRW trillion
2018Q1,ds_operating_profit,11.76,4,DS 11.76 7.59 12.20 4.17 △0.44,2018Q1,https://images.samsung.com/is/content/samsung/p5/global/ir/docs/2018_1Q_conference_eng.pdf,Samsung Electronics,KRW trillion
2017Q1,ds_operating_profit,7.59,4,DS 11.76 7.59 12.20 4.17 △0.44,2018Q1,https://images.samsung.com/is/content/samsung/p5/global/ir/docs/2018_1Q_conference_eng.pdf,Samsung Electronics,KRW trillion
2017Q4,ds_operating_profit,12.2,4,DS 11.76 7.59 12.20 4.17 △0.44,2018Q1,https://images.samsung.com/is/content/samsung/p5/global/ir/docs/2018_1Q_conference_eng.pdf,Samsung Electronics,KRW trillion
2018Q1,semiconductor_operating_profit,11.55,4,Semiconductor 11.55 6.31 10.90 5.24 0.65,2018Q1,https://images.samsung.com/is/content/samsung/p5/global/ir/docs/2018_1Q_conference_eng.pdf,Samsung Electronics,KRW trillion
2017Q1,semiconductor_operating_profit,6.31,4,Semiconductor 11.55 6.31 10.90 5.24 0.65,2018Q1,https://images.samsung.com/is/content/samsung/p5/global/ir/docs/2018_1Q_conference_eng.pdf,Samsung Electronics,KRW trillion
2017Q4,semiconductor_operating_profit,10.9,4,Semiconductor 11.55 6.31 10.90 5.24 0.65,2018Q1,https://images.samsung.com/is/content/samsung/p5/global/ir/docs/2018_1Q_conference_eng.pdf,Samsung Electronics,KRW trillion
2018Q2,total_sales,58.48,4,58.48 61.00 60.56 4%↓ 3%↓,2018Q2,https://images.samsung.com/is/content/samsung/p5/global/ir/docs/2018_2Q_conference_eng.pdf,Samsung Electronics,KRW trillion
2017Q2,total_sales,61.0,4,58.48 61.00 60.56 4%↓ 3%↓,2018Q2,https://images.samsung.com/is/content/samsung/p5/global/ir/docs/2018_2Q_conference_eng.pdf,Samsung Electronics,KRW trillion
2018Q1,total_sales,60.56,4,58.48 61.00 60.56 4%↓ 3%↓,2018Q2,https://images.samsung.com/is/content/samsung/p5/global/ir/docs/2018_2Q_conference_eng.pdf,Samsung Electronics,KRW trillion
2018Q2,ds_sales,27.7,4,DS 27.70 25.25 28.35 10%↑ 2%↓,2018Q2,https://images.samsung.com/is/content/samsung/p5/global/ir/docs/2018_2Q_conference_eng.pdf,Samsung Electronics,KRW trillion
2017Q2,ds_sales,25.25,4,DS 27.70 25.25 28.35 10%↑ 2%↓,2018Q2,https://images.samsung.com/is/content/samsung/p5/global/ir/docs/2018_2Q_conference_eng.pdf,Samsung Electronics,KRW trillion
2018Q1,ds_sales,28.35,4,DS 27.70 25.25 28.35 10%↑ 2%↓,2018Q2,https://images.samsung.com/is/content/samsung/p5/global/ir/docs/2018_2Q_conference_eng.pdf,Samsung Electronics,KRW trillion
2018Q2,semiconductor_sales,21.99,4,Semiconductor 21.99 17.58 20.78 25%↑ 6%↑,2018Q2,https://images.samsung.com/is/content/samsung/p5/global/ir/docs/2018_2Q_conference_eng.pdf,Samsung Electronics,KRW trillion
2017Q2,semiconductor_sales,17.58,4,Semiconductor 21.99 17.58 20.78 25%↑ 6%↑,2018Q2,https://images.samsung.com/is/content/samsung/p5/global/ir/docs/2018_2Q_conference_eng.pdf,Samsung Electronics,KRW trillion
2018Q1,semiconductor_sales,20.78,4,Semiconductor 21.99 17.58 20.78 25%↑ 6%↑,2018Q2,https://images.samsung.com/is/content/samsung/p5/global/ir/docs/2018_2Q_conference_eng.pdf,Samsung Electronics,KRW trillion
2018Q2,memory_sales,18.5,4,- Memory 18.50 13.94 17.33 33%↑ 7%↑,2018Q2,https://images.samsung.com/is/content/samsung/p5/global/ir/docs/2018_2Q_conference_eng.pdf,Samsung Electronics,KRW trillion
2017Q2,memory_sales,13.94,4,- Memory 18.50 13.94 17.33 33%↑ 7%↑,2018Q2,https://images.samsung.com/is/content/samsung/p5/global/ir/docs/2018_2Q_conference_eng.pdf,Samsung Electronics,KRW trillion
2018Q1,memory_sales,17.33,4,- Memory 18.50 13.94 17.33 33%↑ 7%↑,2018Q2,https://images.samsung.com/is/content/samsung/p5/global/ir/docs/2018_2Q_conference_eng.pdf,Samsung Electronics,KRW trillion
2018Q2,total_operating_profit,14.87,4,14.87 14.07 15.64 0.80 △0.77,2018Q2,https://images.samsung.com/is/content/samsung/p5/global/ir/docs/2018_2Q_conference_eng.pdf,Samsung Electronics,KRW trillion
2017Q2,total_operating_profit,14.07,4,14.87 14.07 15.64 0.80 △0.77,2018Q2,https://images.samsung.com/is/content/samsung/p5/global/ir/docs/2018_2Q_conference_eng.pdf,Samsung Electronics,KRW trillion
2018Q1,total_operating_profit,15.64,4,14.87 14.07 15.64 0.80 △0.77,2018Q2,https://images.samsung.com/is/content/samsung/p5/global/ir/docs/2018_2Q_conference_eng.pdf,Samsung Electronics,KRW trillion
2018Q2,ds_operating_profit,11.69,4,DS 11.69 9.69 11.76 2.00 △0.07,2018Q2,https://images.samsung.com/is/content/samsung/p5/global/ir/docs/2018_2Q_conference_eng.pdf,Samsung Electronics,KRW trillion
2017Q2,ds_operating_profit,9.69,4,DS 11.69 9.69 11.76 2.00 △0.07,2018Q2,https://images.samsung.com/is/content/samsung/p5/global/ir/docs/2018_2Q_conference_eng.pdf,Samsung Electronics,KRW trillion
2018Q1,ds_operating_profit,11.76,4,DS 11.69 9.69 11.76 2.00 △0.07,2018Q2,https://images.samsung.com/is/content/samsung/p5/global/ir/docs/2018_2Q_conference_eng.pdf,Samsung Electronics,KRW trillion
2018Q2,semiconductor_operating_profit,11.61,4,Semiconductor 11.61 8.03 11.55 3.58 0.06,2018Q2,https://images.samsung.com/is/content/samsung/p5/global/ir/docs/2018_2Q_conference_eng.pdf,Samsung Electronics,KRW trillion
2017Q2,semiconductor_operating_profit,8.03,4,Semiconductor 11.61 8.03 11.55 3.58 0.06,2018Q2,https://images.samsung.com/is/content/samsung/p5/global/ir/docs/2018_2Q_conference_eng.pdf,Samsung Electronics,KRW trillion
2018Q1,semiconductor_operating_profit,11.55,4,Semiconductor 11.61 8.03 11.55 3.58 0.06,2018Q2,https://images.samsung.com/is/content/samsung/p5/global/ir/docs/2018_2Q_conference_eng.pdf,Samsung Electronics,KRW trillion
2018Q3,total_sales,65.46,4,65.46 62.05 58.48 5%↑ 12%↑,2018Q3,https://images.samsung.com/is/content/samsung/p5/global/ir/docs/2018_3Q_conference_eng.pdf,Samsung Electronics,KRW trillion
2017Q3,total_sales,62.05,4,65.46 62.05 58.48 5%↑ 12%↑,2018Q3,https://images.samsung.com/is/content/samsung/p5/global/ir/docs/2018_3Q_conference_eng.pdf,Samsung Electronics,KRW trillion
2018Q2,total_sales,58.48,4,65.46 62.05 58.48 5%↑ 12%↑,2018Q3,https://images.samsung.com/is/content/samsung/p5/global/ir/docs/2018_3Q_conference_eng.pdf,Samsung Electronics,KRW trillion
2018Q3,ds_sales,34.76,4,DS 34.76 28.02 27.70 24%↑ 26%↑,2018Q3,https://images.samsung.com/is/content/samsung/p5/global/ir/docs/2018_3Q_conference_eng.pdf,Samsung Electronics,KRW trillion
2017Q3,ds_sales,28.02,4,DS 34.76 28.02 27.70 24%↑ 26%↑,2018Q3,https://images.samsung.com/is/content/samsung/p5/global/ir/docs/2018_3Q_conference_eng.pdf,Samsung Electronics,KRW trillion
2018Q2,ds_sales,27.7,4,DS 34.76 28.02 27.70 24%↑ 26%↑,2018Q3,https://images.samsung.com/is/content/samsung/p5/global/ir/docs/2018_3Q_conference_eng.pdf,Samsung Electronics,KRW trillion
2018Q3,semiconductor_sales,24.77,4,Semiconductor 24.77 19.91 21.99 24%↑ 13%↑,2018Q3,https://images.samsung.com/is/content/samsung/p5/global/ir/docs/2018_3Q_conference_eng.pdf,Samsung Electronics,KRW trillion
2017Q3,semiconductor_sales,19.91,4,Semiconductor 24.77 19.91 21.99 24%↑ 13%↑,2018Q3,https://images.samsung.com/is/content/samsung/p5/global/ir/docs/2018_3Q_conference_eng.pdf,Samsung Electronics,KRW trillion
2018Q2,semiconductor_sales,21.99,4,Semiconductor 24.77 19.91 21.99 24%↑ 13%↑,2018Q3,https://images.samsung.com/is/content/samsung/p5/global/ir/docs/2018_3Q_conference_eng.pdf,Samsung Electronics,KRW trillion
2018Q3,memory_sales,21.05,4,- Memory 21.05 16.30 18.50 29%↑ 14%↑,2018Q3,https://images.samsung.com/is/content/samsung/p5/global/ir/docs/2018_3Q_conference_eng.pdf,Samsung Electronics,KRW trillion
2017Q3,memory_sales,16.3,4,- Memory 21.05 16.30 18.50 29%↑ 14%↑,2018Q3,https://images.samsung.com/is/content/samsung/p5/global/ir/docs/2018_3Q_conference_eng.pdf,Samsung Electronics,KRW trillion
2018Q2,memory_sales,18.5,4,- Memory 21.05 16.30 18.50 29%↑ 14%↑,2018Q3,https://images.samsung.com/is/content/samsung/p5/global/ir/docs/2018_3Q_conference_eng.pdf,Samsung Electronics,KRW trillion
2018Q3,total_operating_profit,17.57,4,17.57 14.53 14.87 3.04 2.71,2018Q3,https://images.samsung.com/is/content/samsung/p5/global/ir/docs/2018_3Q_conference_eng.pdf,Samsung Electronics,KRW trillion
2017Q3,total_operating_profit,14.53,4,17.57 14.53 14.87 3.04 2.71,2018Q3,https://images.samsung.com/is/content/samsung/p5/global/ir/docs/2018_3Q_conference_eng.pdf,Samsung Electronics,KRW trillion
2018Q2,total_operating_profit,14.87,4,17.57 14.53 14.87 3.04 2.71,2018Q3,https://images.samsung.com/is/content/samsung/p5/global/ir/docs/2018_3Q_conference_eng.pdf,Samsung Electronics,KRW trillion
2018Q3,ds_operating_profit,14.56,4,DS 14.56 10.85 11.69 3.72 2.87,2018Q3,https://images.samsung.com/is/content/samsung/p5/global/ir/docs/2018_3Q_conference_eng.pdf,Samsung Electronics,KRW trillion
2017Q3,ds_operating_profit,10.85,4,DS 14.56 10.85 11.69 3.72 2.87,2018Q3,https://images.samsung.com/is/content/samsung/p5/global/ir/docs/2018_3Q_conference_eng.pdf,Samsung Electronics,KRW trillion
2018Q2,ds_operating_profit,11.69,4,DS 14.56 10.85 11.69 3.72 2.87,2018Q3,https://images.samsung.com/is/content/samsung/p5/global/ir/docs/2018_3Q_conference_eng.pdf,Samsung Electronics,KRW trillion
2018Q3,semiconductor_operating_profit,13.65,4,Semiconductor 13.65 9.96 11.61 3.69 2.04,2018Q3,https://images.samsung.com/is/content/samsung/p5/global/ir/docs/2018_3Q_conference_eng.pdf,Samsung Electronics,KRW trillion
2017Q3,semiconductor_operating_profit,9.96,4,Semiconductor 13.65 9.96 11.61 3.69 2.04,2018Q3,https://images.samsung.com/is/content/samsung/p5/global/ir/docs/2018_3Q_conference_eng.pdf,Samsung Electronics,KRW trillion
2018Q2,semiconductor_operating_profit,11.61,4,Semiconductor 13.65 9.96 11.61 3.69 2.04,2018Q3,https://images.samsung.com/is/content/samsung/p5/global/ir/docs/2018_3Q_conference_eng.pdf,Samsung Electronics,KRW trillion
2019Q1,total_sales,52.39,4,52.39 60.56 59.27 14%↓ 12%↓,2019Q1,https://images.samsung.com/is/content/samsung/p5/global/ir/docs/2019_1Q_conference_eng.pdf,Samsung Electronics,KRW trillion
2018Q1,total_sales,60.56,4,52.39 60.56 59.27 14%↓ 12%↓,2019Q1,https://images.samsung.com/is/content/samsung/p5/global/ir/docs/2019_1Q_conference_eng.pdf,Samsung Electronics,KRW trillion
2018Q4,total_sales,59.27,4,52.39 60.56 59.27 14%↓ 12%↓,2019Q1,https://images.samsung.com/is/content/samsung/p5/global/ir/docs/2019_1Q_conference_eng.pdf,Samsung Electronics,KRW trillion
2019Q1,ds_sales,20.62,4,DS 20.62 28.35 27.76 27%↓ 26%↓,2019Q1,https://images.samsung.com/is/content/samsung/p5/global/ir/docs/2019_1Q_conference_eng.pdf,Samsung Electronics,KRW trillion
2018Q1,ds_sales,28.35,4,DS 20.62 28.35 27.76 27%↓ 26%↓,2019Q1,https://images.samsung.com/is/content/samsung/p5/global/ir/docs/2019_1Q_conference_eng.pdf,Samsung Electronics,KRW trillion
2018Q4,ds_sales,27.76,4,DS 20.62 28.35 27.76 27%↓ 26%↓,2019Q1,https://images.samsung.com/is/content/samsung/p5/global/ir/docs/2019_1Q_conference_eng.pdf,Samsung Electronics,KRW trillion
2019Q1,semiconductor_sales,14.47,4,Semiconductor 14.47 20.78 18.75 30%↓ 23%↓,2019Q1,https://images.samsung.com/is/content/samsung/p5/global/ir/docs/2019_1Q_conference_eng.pdf,Samsung Electronics,KRW trillion
2018Q1,semiconductor_sales,20.78,4,Semiconductor 14.47 20.78 18.75 30%↓ 23%↓,2019Q1,https://images.samsung.com/is/content/samsung/p5/global/ir/docs/2019_1Q_conference_eng.pdf,Samsung Electronics,KRW trillion
2018Q4,semiconductor_sales,18.75,4,Semiconductor 14.47 20.78 18.75 30%↓ 23%↓,2019Q1,https://images.samsung.com/is/content/samsung/p5/global/ir/docs/2019_1Q_conference_eng.pdf,Samsung Electronics,KRW trillion
2019Q1,memory_sales,11.47,4,- Memory 11.47 17.33 15.50 34%↓ 26%↓,2019Q1,https://images.samsung.com/is/content/samsung/p5/global/ir/docs/2019_1Q_conference_eng.pdf,Samsung Electronics,KRW trillion
2018Q1,memory_sales,17.33,4,- Memory 11.47 17.33 15.50 34%↓ 26%↓,2019Q1,https://images.samsung.com/is/content/samsung/p5/global/ir/docs/2019_1Q_conference_eng.pdf,Samsung Electronics,KRW trillion
2018Q4,memory_sales,15.5,4,- Memory 11.47 17.33 15.50 34%↓ 26%↓,2019Q1,https://images.samsung.com/is/content/samsung/p5/global/ir/docs/2019_1Q_conference_eng.pdf,Samsung Electronics,KRW trillion
2019Q1,total_operating_profit,6.23,4,6.23 15.64 10.80 △9.41 △4.57,2019Q1,https://images.samsung.com/is/content/samsung/p5/global/ir/docs/2019_1Q_conference_eng.pdf,Samsung Electronics,KRW trillion
2018Q1,total_operating_profit,15.64,4,6.23 15.64 10.80 △9.41 △4.57,2019Q1,https://images.samsung.com/is/content/samsung/p5/global/ir/docs/2019_1Q_conference_eng.pdf,Samsung Electronics,KRW trillion
2018Q4,total_operating_profit,10.8,4,6.23 15.64 10.80 △9.41 △4.57,2019Q1,https://images.samsung.com/is/content/samsung/p5/global/ir/docs/2019_1Q_conference_eng.pdf,Samsung Electronics,KRW trillion
2019Q1,ds_operating_profit,3.54,4,DS 3.54 11.76 8.50 △8.23 △4.96,2019Q1,https://images.samsung.com/is/content/samsung/p5/global/ir/docs/2019_1Q_conference_eng.pdf,Samsung Electronics,KRW trillion
2018Q1,ds_operating_profit,11.76,4,DS 3.54 11.76 8.50 △8.23 △4.96,2019Q1,https://images.samsung.com/is/content/samsung/p5/global/ir/docs/2019_1Q_conference_eng.pdf,Samsung Electronics,KRW trillion
2018Q4,ds_operating_profit,8.5,4,DS 3.54 11.76 8.50 △8.23 △4.96,2019Q1,https://images.samsung.com/is/content/samsung/p5/global/ir/docs/2019_1Q_conference_eng.pdf,Samsung Electronics,KRW trillion
2019Q1,semiconductor_operating_profit,4.12,4,Semiconductor 4.12 11.55 7.77 △7.43 △3.65,2019Q1,https://images.samsung.com/is/content/samsung/p5/global/ir/docs/2019_1Q_conference_eng.pdf,Samsung Electronics,KRW trillion
2018Q1,semiconductor_operating_profit,11.55,4,Semiconductor 4.12 11.55 7.77 △7.43 △3.65,2019Q1,https://images.samsung.com/is/content/samsung/p5/global/ir/docs/2019_1Q_conference_eng.pdf,Samsung Electronics,KRW trillion
2018Q4,semiconductor_operating_profit,7.77,4,Semiconductor 4.12 11.55 7.77 △7.43 △3.65,2019Q1,https://images.samsung.com/is/content/samsung/p5/global/ir/docs/2019_1Q_conference_eng.pdf,Samsung Electronics,KRW trillion
2019Q2,total_sales,56.13,4,56.13 58.48 52.39 4%↓ 7%↑,2019Q2,https://images.samsung.com/is/content/samsung/p5/global/ir/docs/2019_2Q_conference_eng.pdf,Samsung Electronics,KRW trillion
2018Q2,total_sales,58.48,4,56.13 58.48 52.39 4%↓ 7%↑,2019Q2,https://images.samsung.com/is/content/samsung/p5/global/ir/docs/2019_2Q_conference_eng.pdf,Samsung Electronics,KRW trillion
2019Q1,total_sales,52.39,4,56.13 58.48 52.39 4%↓ 7%↑,2019Q2,https://images.samsung.com/is/content/samsung/p5/global/ir/docs/2019_2Q_conference_eng.pdf,Samsung Electronics,KRW trillion
2019Q2,ds_sales,23.53,4,DS 23.53 27.70 20.62 15%↓ 14%↑,2019Q2,https://images.samsung.com/is/content/samsung/p5/global/ir/docs/2019_2Q_conference_eng.pdf,Samsung Electronics,KRW trillion
2018Q2,ds_sales,27.7,4,DS 23.53 27.70 20.62 15%↓ 14%↑,2019Q2,https://images.samsung.com/is/content/samsung/p5/global/ir/docs/2019_2Q_conference_eng.pdf,Samsung Electronics,KRW trillion
2019Q1,ds_sales,20.62,4,DS 23.53 27.70 20.62 15%↓ 14%↑,2019Q2,https://images.samsung.com/is/content/samsung/p5/global/ir/docs/2019_2Q_conference_eng.pdf,Samsung Electronics,KRW trillion
2019Q2,semiconductor_sales,16.09,4,Semiconductor 16.09 21.99 14.47 27%↓ 11%↑,2019Q2,https://images.samsung.com/is/content/samsung/p5/global/ir/docs/2019_2Q_conference_eng.pdf,Samsung Electronics,KRW trillion
2018Q2,semiconductor_sales,21.99,4,Semiconductor 16.09 21.99 14.47 27%↓ 11%↑,2019Q2,https://images.samsung.com/is/content/samsung/p5/global/ir/docs/2019_2Q_conference_eng.pdf,Samsung Electronics,KRW trillion
2019Q1,semiconductor_sales,14.47,4,Semiconductor 16.09 21.99 14.47 27%↓ 11%↑,2019Q2,https://images.samsung.com/is/content/samsung/p5/global/ir/docs/2019_2Q_conference_eng.pdf,Samsung Electronics,KRW trillion
2019Q2,memory_sales,12.3,4,- Memory 12.30 18.50 11.47 34%↓ 7%↑,2019Q2,https://images.samsung.com/is/content/samsung/p5/global/ir/docs/2019_2Q_conference_eng.pdf,Samsung Electronics,KRW trillion
2018Q2,memory_sales,18.5,4,- Memory 12.30 18.50 11.47 34%↓ 7%↑,2019Q2,https://images.samsung.com/is/content/samsung/p5/global/ir/docs/2019_2Q_conference_eng.pdf,Samsung Electronics,KRW trillion
2019Q1,memory_sales,11.47,4,- Memory 12.30 18.50 11.47 34%↓ 7%↑,2019Q2,https://images.samsung.com/is/content/samsung/p5/global/ir/docs/2019_2Q_conference_eng.pdf,Samsung Electronics,KRW trillion
2019Q2,total_operating_profit,6.6,4,6.60 14.87 6.23 △8.27 0.36,2019Q2,https://images.samsung.com/is/content/samsung/p5/global/ir/docs/2019_2Q_conference_eng.pdf,Samsung Electronics,KRW trillion
2018Q2,total_operating_profit,14.87,4,6.60 14.87 6.23 △8.27 0.36,2019Q2,https://images.samsung.com/is/content/samsung/p5/global/ir/docs/2019_2Q_conference_eng.pdf,Samsung Electronics,KRW trillion
2019Q1,total_operating_profit,6.23,4,6.60 14.87 6.23 △8.27 0.36,2019Q2,https://images.samsung.com/is/content/samsung/p5/global/ir/docs/2019_2Q_conference_eng.pdf,Samsung Electronics,KRW trillion
2019Q2,ds_operating_profit,4.15,4,DS 4.15 11.69 3.54 △7.54 0.61,2019Q2,https://images.samsung.com/is/content/samsung/p5/global/ir/docs/2019_2Q_conference_eng.pdf,Samsung Electronics,KRW trillion
2018Q2,ds_operating_profit,11.69,4,DS 4.15 11.69 3.54 △7.54 0.61,2019Q2,https://images.samsung.com/is/content/samsung/p5/global/ir/docs/2019_2Q_conference_eng.pdf,Samsung Electronics,KRW trillion
2019Q1,ds_operating_profit,3.54,4,DS 4.15 11.69 3.54 △7.54 0.61,2019Q2,https://images.samsung.com/is/content/samsung/p5/global/ir/docs/2019_2Q_conference_eng.pdf,Samsung Electronics,KRW trillion
2019Q2,semiconductor_operating_profit,3.4,4,Semiconductor 3.40 11.61 4.12 △8.21 △0.72,2019Q2,https://images.samsung.com/is/content/samsung/p5/global/ir/docs/2019_2Q_conference_eng.pdf,Samsung Electronics,KRW trillion
2018Q2,semiconductor_operating_profit,11.61,4,Semiconductor 3.40 11.61 4.12 △8.21 △0.72,2019Q2,https://images.samsung.com/is/content/samsung/p5/global/ir/docs/2019_2Q_conference_eng.pdf,Samsung Electronics,KRW trillion
2019Q1,semiconductor_operating_profit,4.12,4,Semiconductor 3.40 11.61 4.12 △8.21 △0.72,2019Q2,https://images.samsung.com/is/content/samsung/p5/global/ir/docs/2019_2Q_conference_eng.pdf,Samsung Electronics,KRW trillion
2019Q3,total_sales,62.0,4,62.00 65.46 56.13 5%↓ 10%↑,2019Q3,https://images.samsung.com/is/content/samsung/p5/global/ir/docs/2019_3Q_conference_eng.pdf,Samsung Electronics,KRW trillion
2018Q3,total_sales,65.46,4,62.00 65.46 56.13 5%↓ 10%↑,2019Q3,https://images.samsung.com/is/content/samsung/p5/global/ir/docs/2019_3Q_conference_eng.pdf,Samsung Electronics,KRW trillion
2019Q2,total_sales,56.13,4,62.00 65.46 56.13 5%↓ 10%↑,2019Q3,https://images.samsung.com/is/content/samsung/p5/global/ir/docs/2019_3Q_conference_eng.pdf,Samsung Electronics,KRW trillion
2019Q3,ds_sales,26.64,4,DS 26.64 34.76 23.53 23%↓ 13%↑,2019Q3,https://images.samsung.com/is/content/samsung/p5/global/ir/docs/2019_3Q_conference_eng.pdf,Samsung Electronics,KRW trillion
2018Q3,ds_sales,34.76,4,DS 26.64 34.76 23.53 23%↓ 13%↑,2019Q3,https://images.samsung.com/is/content/samsung/p5/global/ir/docs/2019_3Q_conference_eng.pdf,Samsung Electronics,KRW trillion
2019Q2,ds_sales,23.53,4,DS 26.64 34.76 23.53 23%↓ 13%↑,2019Q3,https://images.samsung.com/is/content/samsung/p5/global/ir/docs/2019_3Q_conference_eng.pdf,Samsung Electronics,KRW trillion
2019Q3,semiconductor_sales,17.59,4,Semiconductor 17.59 24.77 16.09 29%↓ 9%↑,2019Q3,https://images.samsung.com/is/content/samsung/p5/global/ir/docs/2019_3Q_conference_eng.pdf,Samsung Electronics,KRW trillion
2018Q3,semiconductor_sales,24.77,4,Semiconductor 17.59 24.77 16.09 29%↓ 9%↑,2019Q3,https://images.samsung.com/is/content/samsung/p5/global/ir/docs/2019_3Q_conference_eng.pdf,Samsung Electronics,KRW trillion
2019Q2,semiconductor_sales,16.09,4,Semiconductor 17.59 24.77 16.09 29%↓ 9%↑,2019Q3,https://images.samsung.com/is/content/samsung/p5/global/ir/docs/2019_3Q_conference_eng.pdf,Samsung Electronics,KRW trillion
2019Q3,memory_sales,13.26,4,- Memory 13.26 21.05 12.30 37%↓ 8%↑,2019Q3,https://images.samsung.com/is/content/samsung/p5/global/ir/docs/2019_3Q_conference_eng.pdf,Samsung Electronics,KRW trillion
2018Q3,memory_sales,21.05,4,- Memory 13.26 21.05 12.30 37%↓ 8%↑,2019Q3,https://images.samsung.com/is/content/samsung/p5/global/ir/docs/2019_3Q_conference_eng.pdf,Samsung Electronics,KRW trillion
2019Q2,memory_sales,12.3,4,- Memory 13.26 21.05 12.30 37%↓ 8%↑,2019Q3,https://images.samsung.com/is/content/samsung/p5/global/ir/docs/2019_3Q_conference_eng.pdf,Samsung Electronics,KRW trillion
2019Q3,total_operating_profit,7.78,4,7.78 17.57 6.60 △9.80 1.18,2019Q3,https://images.samsung.com/is/content/samsung/p5/global/ir/docs/2019_3Q_conference_eng.pdf,Samsung Electronics,KRW trillion
2018Q3,total_operating_profit,17.57,4,7.78 17.57 6.60 △9.80 1.18,2019Q3,https://images.samsung.com/is/content/samsung/p5/global/ir/docs/2019_3Q_conference_eng.pdf,Samsung Electronics,KRW trillion
2019Q2,total_operating_profit,6.6,4,7.78 17.57 6.60 △9.80 1.18,2019Q3,https://images.samsung.com/is/content/samsung/p5/global/ir/docs/2019_3Q_conference_eng.pdf,Samsung Electronics,KRW trillion
2019Q3,ds_operating_profit,4.24,4,DS 4.24 14.56 4.15 △10.32 0.09,2019Q3,https://images.samsung.com/is/content/samsung/p5/global/ir/docs/2019_3Q_conference_eng.pdf,Samsung Electronics,KRW trillion
2018Q3,ds_operating_profit,14.56,4,DS 4.24 14.56 4.15 △10.32 0.09,2019Q3,https://images.samsung.com/is/content/samsung/p5/global/ir/docs/2019_3Q_conference_eng.pdf,Samsung Electronics,KRW trillion
2019Q2,ds_operating_profit,4.15,4,DS 4.24 14.56 4.15 △10.32 0.09,2019Q3,https://images.samsung.com/is/content/samsung/p5/global/ir/docs/2019_3Q_conference_eng.pdf,Samsung Electronics,KRW trillion
2019Q3,semiconductor_operating_profit,3.05,4,Semiconductor 3.05 13.65 3.40 △10.60 △0.35,2019Q3,https://images.samsung.com/is/content/samsung/p5/global/ir/docs/2019_3Q_conference_eng.pdf,Samsung Electronics,KRW trillion
2018Q3,semiconductor_operating_profit,13.65,4,Semiconductor 3.05 13.65 3.40 △10.60 △0.35,2019Q3,https://images.samsung.com/is/content/samsung/p5/global/ir/docs/2019_3Q_conference_eng.pdf,Samsung Electronics,KRW trillion
2019Q2,semiconductor_operating_profit,3.4,4,Semiconductor 3.05 13.65 3.40 △10.60 △0.35,2019Q3,https://images.samsung.com/is/content/samsung/p5/global/ir/docs/2019_3Q_conference_eng.pdf,Samsung Electronics,KRW trillion
2020Q1,total_sales,55.33,4,55.33 59.88 52.39 8%↓ 6%↑,2020Q1,https://images.samsung.com/is/content/samsung/p5/global/ir/docs/2020_1Q_conference_eng.pdf,Samsung Electronics,KRW trillion
2019Q4,total_sales,59.88,4,55.33 59.88 52.39 8%↓ 6%↑,2020Q1,https://images.samsung.com/is/content/samsung/p5/global/ir/docs/2020_1Q_conference_eng.pdf,Samsung Electronics,KRW trillion
2019Q1,total_sales,52.39,4,55.33 59.88 52.39 8%↓ 6%↑,2020Q1,https://images.samsung.com/is/content/samsung/p5/global/ir/docs/2020_1Q_conference_eng.pdf,Samsung Electronics,KRW trillion
2020Q1,ds_sales,24.13,4,DS 24.13 24.74 20.62 2%↓ 17%↑,2020Q1,https://images.samsung.com/is/content/samsung/p5/global/ir/docs/2020_1Q_conference_eng.pdf,Samsung Electronics,KRW trillion
2019Q4,ds_sales,24.74,4,DS 24.13 24.74 20.62 2%↓ 17%↑,2020Q1,https://images.samsung.com/is/content/samsung/p5/global/ir/docs/2020_1Q_conference_eng.pdf,Samsung Electronics,KRW trillion
2019Q1,ds_sales,20.62,4,DS 24.13 24.74 20.62 2%↓ 17%↑,2020Q1,https://images.samsung.com/is/content/samsung/p5/global/ir/docs/2020_1Q_conference_eng.pdf,Samsung Electronics,KRW trillion
2020Q1,semiconductor_sales,17.64,4,Semiconductor 17.64 16.79 14.47 5%↑ 22%↑,2020Q1,https://images.samsung.com/is/content/samsung/p5/global/ir/docs/2020_1Q_conference_eng.pdf,Samsung Electronics,KRW trillion
2019Q4,semiconductor_sales,16.79,4,Semiconductor 17.64 16.79 14.47 5%↑ 22%↑,2020Q1,https://images.samsung.com/is/content/samsung/p5/global/ir/docs/2020_1Q_conference_eng.pdf,Samsung Electronics,KRW trillion
2019Q1,semiconductor_sales,14.47,4,Semiconductor 17.64 16.79 14.47 5%↑ 22%↑,2020Q1,https://images.samsung.com/is/content/samsung/p5/global/ir/docs/2020_1Q_conference_eng.pdf,Samsung Electronics,KRW trillion
2020Q1,memory_sales,13.14,4,- Memory 13.14 13.18 11.47 0.3%↓ 15%↑,2020Q1,https://images.samsung.com/is/content/samsung/p5/global/ir/docs/2020_1Q_conference_eng.pdf,Samsung Electronics,KRW trillion
2019Q4,memory_sales,13.18,4,- Memory 13.14 13.18 11.47 0.3%↓ 15%↑,2020Q1,https://images.samsung.com/is/content/samsung/p5/global/ir/docs/2020_1Q_conference_eng.pdf,Samsung Electronics,KRW trillion
2019Q1,memory_sales,11.47,4,- Memory 13.14 13.18 11.47 0.3%↓ 15%↑,2020Q1,https://images.samsung.com/is/content/samsung/p5/global/ir/docs/2020_1Q_conference_eng.pdf,Samsung Electronics,KRW trillion
2020Q1,total_operating_profit,6.45,4,6.45 7.16 6.23 △0.71 0.21,2020Q1,https://images.samsung.com/is/content/samsung/p5/global/ir/docs/2020_1Q_conference_eng.pdf,Samsung Electronics,KRW trillion
2019Q4,total_operating_profit,7.16,4,6.45 7.16 6.23 △0.71 0.21,2020Q1,https://images.samsung.com/is/content/samsung/p5/global/ir/docs/2020_1Q_conference_eng.pdf,Samsung Electronics,KRW trillion
2019Q1,total_operating_profit,6.23,4,6.45 7.16 6.23 △0.71 0.21,2020Q1,https://images.samsung.com/is/content/samsung/p5/global/ir/docs/2020_1Q_conference_eng.pdf,Samsung Electronics,KRW trillion
2020Q1,ds_operating_profit,3.72,4,DS 3.72 3.66 3.54 0.06 0.18,2020Q1,https://images.samsung.com/is/content/samsung/p5/global/ir/docs/2020_1Q_conference_eng.pdf,Samsung Electronics,KRW trillion
2019Q4,ds_operating_profit,3.66,4,DS 3.72 3.66 3.54 0.06 0.18,2020Q1,https://images.samsung.com/is/content/samsung/p5/global/ir/docs/2020_1Q_conference_eng.pdf,Samsung Electronics,KRW trillion
2019Q1,ds_operating_profit,3.54,4,DS 3.72 3.66 3.54 0.06 0.18,2020Q1,https://images.samsung.com/is/content/samsung/p5/global/ir/docs/2020_1Q_conference_eng.pdf,Samsung Electronics,KRW trillion
2020Q1,semiconductor_operating_profit,3.99,4,Semiconductor 3.99 3.45 4.12 0.55 △0.13,2020Q1,https://images.samsung.com/is/content/samsung/p5/global/ir/docs/2020_1Q_conference_eng.pdf,Samsung Electronics,KRW trillion
2019Q4,semiconductor_operating_profit,3.45,4,Semiconductor 3.99 3.45 4.12 0.55 △0.13,2020Q1,https://images.samsung.com/is/content/samsung/p5/global/ir/docs/2020_1Q_conference_eng.pdf,Samsung Electronics,KRW trillion
2019Q1,semiconductor_operating_profit,4.12,4,Semiconductor 3.99 3.45 4.12 0.55 △0.13,2020Q1,https://images.samsung.com/is/content/samsung/p5/global/ir/docs/2020_1Q_conference_eng.pdf,Samsung Electronics,KRW trillion
2020Q2,total_sales,52.97,4,52.97 55.33 56.13 4%↓ 6%↓,2020Q2,https://images.samsung.com/is/content/samsung/p5/global/ir/docs/2020_2Q_conference_eng.pdf,Samsung Electronics,KRW trillion
2020Q1,total_sales,55.33,4,52.97 55.33 56.13 4%↓ 6%↓,2020Q2,https://images.samsung.com/is/content/samsung/p5/global/ir/docs/2020_2Q_conference_eng.pdf,Samsung Electronics,KRW trillion
2019Q2,total_sales,56.13,4,52.97 55.33 56.13 4%↓ 6%↓,2020Q2,https://images.samsung.com/is/content/samsung/p5/global/ir/docs/2020_2Q_conference_eng.pdf,Samsung Electronics,KRW trillion
2020Q2,ds_sales,25.05,4,DS 25.05 24.13 23.53 4%↑ 6%↑,2020Q2,https://images.samsung.com/is/content/samsung/p5/global/ir/docs/2020_2Q_conference_eng.pdf,Samsung Electronics,KRW trillion
2020Q1,ds_sales,24.13,4,DS 25.05 24.13 23.53 4%↑ 6%↑,2020Q2,https://images.samsung.com/is/content/samsung/p5/global/ir/docs/2020_2Q_conference_eng.pdf,Samsung Electronics,KRW trillion
2019Q2,ds_sales,23.53,4,DS 25.05 24.13 23.53 4%↑ 6%↑,2020Q2,https://images.samsung.com/is/content/samsung/p5/global/ir/docs/2020_2Q_conference_eng.pdf,Samsung Electronics,KRW trillion
2020Q2,semiconductor_sales,18.23,4,Semiconductor 18.23 17.64 16.09 3%↑ 13%↑,2020Q2,https://images.samsung.com/is/content/samsung/p5/global/ir/docs/2020_2Q_conference_eng.pdf,Samsung Electronics,KRW trillion
2020Q1,semiconductor_sales,17.64,4,Semiconductor 18.23 17.64 16.09 3%↑ 13%↑,2020Q2,https://images.samsung.com/is/content/samsung/p5/global/ir/docs/2020_2Q_conference_eng.pdf,Samsung Electronics,KRW trillion
2019Q2,semiconductor_sales,16.09,4,Semiconductor 18.23 17.64 16.09 3%↑ 13%↑,2020Q2,https://images.samsung.com/is/content/samsung/p5/global/ir/docs/2020_2Q_conference_eng.pdf,Samsung Electronics,KRW trillion
2020Q2,memory_sales,14.61,4,- Memory 14.61 13.14 12.30 11%↑ 19%↑,2020Q2,https://images.samsung.com/is/content/samsung/p5/global/ir/docs/2020_2Q_conference_eng.pdf,Samsung Electronics,KRW trillion
2020Q1,memory_sales,13.14,4,- Memory 14.61 13.14 12.30 11%↑ 19%↑,2020Q2,https://images.samsung.com/is/content/samsung/p5/global/ir/docs/2020_2Q_conference_eng.pdf,Samsung Electronics,KRW trillion
2019Q2,memory_sales,12.3,4,- Memory 14.61 13.14 12.30 11%↑ 19%↑,2020Q2,https://images.samsung.com/is/content/samsung/p5/global/ir/docs/2020_2Q_conference_eng.pdf,Samsung Electronics,KRW trillion
2020Q2,total_operating_profit,8.15,4,8.15 6.45 6.60 1.70 1.55,2020Q2,https://images.samsung.com/is/content/samsung/p5/global/ir/docs/2020_2Q_conference_eng.pdf,Samsung Electronics,KRW trillion
2020Q1,total_operating_profit,6.45,4,8.15 6.45 6.60 1.70 1.55,2020Q2,https://images.samsung.com/is/content/samsung/p5/global/ir/docs/2020_2Q_conference_eng.pdf,Samsung Electronics,KRW trillion
2019Q2,total_operating_profit,6.6,4,8.15 6.45 6.60 1.70 1.55,2020Q2,https://images.samsung.com/is/content/samsung/p5/global/ir/docs/2020_2Q_conference_eng.pdf,Samsung Electronics,KRW trillion
2020Q2,ds_operating_profit,5.74,4,DS 5.74 3.72 4.15 2.02 1.59,2020Q2,https://images.samsung.com/is/content/samsung/p5/global/ir/docs/2020_2Q_conference_eng.pdf,Samsung Electronics,KRW trillion
2020Q1,ds_operating_profit,3.72,4,DS 5.74 3.72 4.15 2.02 1.59,2020Q2,https://images.samsung.com/is/content/samsung/p5/global/ir/docs/2020_2Q_conference_eng.pdf,Samsung Electronics,KRW trillion
2019Q2,ds_operating_profit,4.15,4,DS 5.74 3.72 4.15 2.02 1.59,2020Q2,https://images.samsung.com/is/content/samsung/p5/global/ir/docs/2020_2Q_conference_eng.pdf,Samsung Electronics,KRW trillion
2020Q2,semiconductor_operating_profit,5.43,4,Semiconductor 5.43 3.99 3.40 1.43 2.03,2020Q2,https://images.samsung.com/is/content/samsung/p5/global/ir/docs/2020_2Q_conference_eng.pdf,Samsung Electronics,KRW trillion
2020Q1,semiconductor_operating_profit,3.99,4,Semiconductor 5.43 3.99 3.40 1.43 2.03,2020Q2,https://images.samsung.com/is/content/samsung/p5/global/ir/docs/2020_2Q_conference_eng.pdf,Samsung Electronics,KRW trillion
2019Q2,semiconductor_operating_profit,3.4,4,Semiconductor 5.43 3.99 3.40 1.43 2.03,2020Q2,https://images.samsung.com/is/content/samsung/p5/global/ir/docs/2020_2Q_conference_eng.pdf,Samsung Electronics,KRW trillion
2020Q3,total_sales,66.96,4,66.96 52.97 62.00 26%↑ 8%↑,2020Q3,https://images.samsung.com/is/content/samsung/p5/global/ir/docs/2020_3Q_conference_eng.pdf,Samsung Electronics,KRW trillion
2020Q2,total_sales,52.97,4,66.96 52.97 62.00 26%↑ 8%↑,2020Q3,https://images.samsung.com/is/content/samsung/p5/global/ir/docs/2020_3Q_conference_eng.pdf,Samsung Electronics,KRW trillion
2019Q3,total_sales,62.0,4,66.96 52.97 62.00 26%↑ 8%↑,2020Q3,https://images.samsung.com/is/content/samsung/p5/global/ir/docs/2020_3Q_conference_eng.pdf,Samsung Electronics,KRW trillion
2020Q3,ds_sales,25.93,4,DS 25.93 25.05 26.64 4%↑ 3%↓,2020Q3,https://images.samsung.com/is/content/samsung/p5/global/ir/docs/2020_3Q_conference_eng.pdf,Samsung Electronics,KRW trillion
2020Q2,ds_sales,25.05,4,DS 25.93 25.05 26.64 4%↑ 3%↓,2020Q3,https://images.samsung.com/is/content/samsung/p5/global/ir/docs/2020_3Q_conference_eng.pdf,Samsung Electronics,KRW trillion
2019Q3,ds_sales,26.64,4,DS 25.93 25.05 26.64 4%↑ 3%↓,2020Q3,https://images.samsung.com/is/content/samsung/p5/global/ir/docs/2020_3Q_conference_eng.pdf,Samsung Electronics,KRW trillion
2020Q3,semiconductor_sales,18.8,4,Semiconductor 18.80 18.23 17.59 3%↑ 7%↑,2020Q3,https://images.samsung.com/is/content/samsung/p5/global/ir/docs/2020_3Q_conference_eng.pdf,Samsung Electronics,KRW trillion
2020Q2,semiconductor_sales,18.23,4,Semiconductor 18.80 18.23 17.59 3%↑ 7%↑,2020Q3,https://images.samsung.com/is/content/samsung/p5/global/ir/docs/2020_3Q_conference_eng.pdf,Samsung Electronics,KRW trillion
2019Q3,semiconductor_sales,17.59,4,Semiconductor 18.80 18.23 17.59 3%↑ 7%↑,2020Q3,https://images.samsung.com/is/content/samsung/p5/global/ir/docs/2020_3Q_conference_eng.pdf,Samsung Electronics,KRW trillion
2020Q3,memory_sales,14.28,4,- Memory 14.28 14.61 13.26 2%↓ 8%↑,2020Q3,https://images.samsung.com/is/content/samsung/p5/global/ir/docs/2020_3Q_conference_eng.pdf,Samsung Electronics,KRW trillion
2020Q2,memory_sales,14.61,4,- Memory 14.28 14.61 13.26 2%↓ 8%↑,2020Q3,https://images.samsung.com/is/content/samsung/p5/global/ir/docs/2020_3Q_conference_eng.pdf,Samsung Electronics,KRW trillion
2019Q3,memory_sales,13.26,4,- Memory 14.28 14.61 13.26 2%↓ 8%↑,2020Q3,https://images.samsung.com/is/content/samsung/p5/global/ir/docs/2020_3Q_conference_eng.pdf,Samsung Electronics,KRW trillion
2020Q3,total_operating_profit,12.35,4,12.35 8.15 7.78 4.21 4.58,2020Q3,https://images.samsung.com/is/content/samsung/p5/global/ir/docs/2020_3Q_conference_eng.pdf,Samsung Electronics,KRW trillion
2020Q2,total_operating_profit,8.15,4,12.35 8.15 7.78 4.21 4.58,2020Q3,https://images.samsung.com/is/content/samsung/p5/global/ir/docs/2020_3Q_conference_eng.pdf,Samsung Electronics,KRW trillion
2019Q3,total_operating_profit,7.78,4,12.35 8.15 7.78 4.21 4.58,2020Q3,https://images.samsung.com/is/content/samsung/p5/global/ir/docs/2020_3Q_conference_eng.pdf,Samsung Electronics,KRW trillion
2020Q3,ds_operating_profit,6.04,4,DS 6.04 5.74 4.24 0.30 1.79,2020Q3,https://images.samsung.com/is/content/samsung/p5/global/ir/docs/2020_3Q_conference_eng.pdf,Samsung Electronics,KRW trillion
2020Q2,ds_operating_profit,5.74,4,DS 6.04 5.74 4.24 0.30 1.79,2020Q3,https://images.samsung.com/is/content/samsung/p5/global/ir/docs/2020_3Q_conference_eng.pdf,Samsung Electronics,KRW trillion
2019Q3,ds_operating_profit,4.24,4,DS 6.04 5.74 4.24 0.30 1.79,2020Q3,https://images.samsung.com/is/content/samsung/p5/global/ir/docs/2020_3Q_conference_eng.pdf,Samsung Electronics,KRW trillion
2020Q3,semiconductor_operating_profit,5.54,4,Semiconductor 5.54 5.43 3.05 0.11 2.49,2020Q3,https://images.samsung.com/is/content/samsung/p5/global/ir/docs/2020_3Q_conference_eng.pdf,Samsung Electronics,KRW trillion
2020Q2,semiconductor_operating_profit,5.43,4,Semiconductor 5.54 5.43 3.05 0.11 2.49,2020Q3,https://images.samsung.com/is/content/samsung/p5/global/ir/docs/2020_3Q_conference_eng.pdf,Samsung Electronics,KRW trillion
2019Q3,semiconductor_operating_profit,3.05,4,Semiconductor 5.54 5.43 3.05 0.11 2.49,2020Q3,https://images.samsung.com/is/content/samsung/p5/global/ir/docs/2020_3Q_conference_eng.pdf,Samsung Electronics,KRW trillion
