date,series_id,value
1967-01-01,PCU334413334413,163.6
1967-02-01,PCU334413334413,162.4
1967-03-01,PCU334413334413,162.4
1967-04-01,PCU334413334413,162.0
1967-05-01,PCU334413334413,160.4
1967-06-01,PCU334413334413,159.5
1967-07-01,PCU334413334413,159.0
1967-08-01,PCU334413334413,158.7
1967-09-01,PCU334413334413,158.2
1967-10-01,PCU334413334413,157.9
1967-11-01,PCU334413334413,157.1
1967-12-01,PCU334413334413,156.9
1968-01-01,PCU334413334413,155.7
1968-02-01,PCU334413334413,155.0
1968-03-01,PCU334413334413,153.3
1968-04-01,PCU334413334413,153.3
1968-05-01,PCU334413334413,154.4
1968-06-01,PCU334413334413,154.4
1968-07-01,PCU334413334413,153.6
1968-08-01,PCU334413334413,153.6
1968-09-01,PCU334413334413,153.9
1968-10-01,PCU334413334413,154.2
1968-11-01,PCU334413334413,154.2
1968-12-01,PCU334413334413,154.2
1969-01-01,PCU334413334413,154.1
1969-02-01,PCU334413334413,154.4
1969-03-01,PCU334413334413,154.4
1969-04-01,PCU334413334413,154.5
1969-05-01,PCU334413334413,154.5
1969-06-01,PCU334413334413,154.4
1969-07-01,PCU334413334413,154.4
1969-08-01,PCU334413334413,154.5
1969-09-01,PCU334413334413,154.4
1969-10-01,PCU334413334413,154.5
1969-11-01,PCU334413334413,154.5
1969-12-01,PCU334413334413,154.5
1970-01-01,PCU334413334413,154.5
1970-02-01,PCU334413334413,154.2
1970-03-01,PCU334413334413,154.4
1970-04-01,PCU334413334413,152.6
1970-05-01,PCU334413334413,152.5
1970-06-01,PCU334413334413,153.1
1970-07-01,PCU334413334413,153.3
1970-08-01,PCU334413334413,152.5
1970-09-01,PCU334413334413,152.5
1970-10-01,PCU334413334413,152.0
1970-11-01,PCU334413334413,152.5
1970-12-01,PCU334413334413,152.0
1971-01-01,PCU334413334413,151.7
1971-02-01,PCU334413334413,151.2
1971-03-01,PCU334413334413,150.9
1971-04-01,PCU334413334413,149.3
1971-05-01,PCU334413334413,148.9
1971-06-01,PCU334413334413,148.8
1971-07-01,PCU334413334413,148.6
1971-08-01,PCU334413334413,149.1
1971-09-01,PCU334413334413,148.9
1971-10-01,PCU334413334413,148.9
1971-11-01,PCU334413334413,149.3
1971-12-01,PCU334413334413,149.3
1972-01-01,PCU334413334413,148.6
1972-02-01,PCU334413334413,148.8
1972-03-01,PCU334413334413,147.8
1972-04-01,PCU334413334413,147.5
1972-05-01,PCU334413334413,147.8
1972-06-01,PCU334413334413,147.8
1972-07-01,PCU334413334413,148.0
1972-08-01,PCU334413334413,145.6
1972-09-01,PCU334413334413,144.8
1972-10-01,PCU334413334413,144.8
1972-11-01,PCU334413334413,144.8
1972-12-01,PCU334413334413,144.9
1973-01-01,PCU334413334413,145.6
1973-02-01,PCU334413334413,145.6
1973-03-01,PCU334413334413,145.6
1973-04-01,PCU334413334413,146.2
1973-05-01,PCU334413334413,147.7
1973-06-01,PCU334413334413,147.7
1973-07-01,PCU334413334413,148.5
1973-08-01,PCU334413334413,147.8
1973-09-01,PCU334413334413,148.0
1973-10-01,PCU334413334413,148.0
1973-11-01,PCU334413334413,148.1
1973-12-01,PCU334413334413,153.1
1974-01-01,PCU334413334413,152.8
1974-02-01,PCU334413334413,152.9
1974-03-01,PCU334413334413,153.1
1974-04-01,PCU334413334413,153.4
1974-05-01,PCU334413334413,153.7
1974-06-01,PCU334413334413,160.3
1974-07-01,PCU334413334413,161.7
1974-08-01,PCU334413334413,162.4
1974-09-01,PCU334413334413,162.8
1974-10-01,PCU334413334413,163.8
1974-11-01,PCU334413334413,164.9
1974-12-01,PCU334413334413,164.9
1975-01-01,PCU334413334413,165.0
1975-02-01,PCU334413334413,164.9
1975-03-01,PCU334413334413,164.9
1975-04-01,PCU334413334413,164.2
1975-05-01,PCU334413334413,163.8
1975-06-01,PCU334413334413,164.0
1975-07-01,PCU334413334413,163.4
1975-08-01,PCU334413334413,163.3
1975-09-01,PCU334413334413,161.8
1975-10-01,PCU334413334413,160.6
1975-11-01,PCU334413334413,160.2
1975-12-01,PCU334413334413,159.9
1976-01-01,PCU334413334413,156.7
1976-02-01,PCU334413334413,156.4
1976-03-01,PCU334413334413,155.4
1976-04-01,PCU334413334413,155.5
1976-05-01,PCU334413334413,155.7
1976-06-01,PCU334413334413,155.8
1976-07-01,PCU334413334413,155.8
1976-08-01,PCU334413334413,153.9
1976-09-01,PCU334413334413,153.6
1976-10-01,PCU334413334413,152.9
1976-11-01,PCU334413334413,152.7
1976-12-01,PCU334413334413,150.9
1977-01-01,PCU334413334413,149.6
1977-02-01,PCU334413334413,149.1
1977-03-01,PCU334413334413,147.2
1977-04-01,PCU334413334413,147.2
1977-05-01,PCU334413334413,146.5
1977-06-01,PCU334413334413,145.5
1977-07-01,PCU334413334413,144.1
1977-08-01,PCU334413334413,144.0
1977-09-01,PCU334413334413,144.2
1977-10-01,PCU334413334413,144.0
1977-11-01,PCU334413334413,143.9
1977-12-01,PCU334413334413,140.3
1978-01-01,PCU334413334413,140.4
1978-02-01,PCU334413334413,139.9
1978-03-01,PCU334413334413,139.8
1978-04-01,PCU334413334413,136.4
1978-05-01,PCU334413334413,136.2
1978-06-01,PCU334413334413,136.3
1978-07-01,PCU334413334413,134.7
1978-08-01,PCU334413334413,134.5
1978-09-01,PCU334413334413,134.0
1978-10-01,PCU334413334413,134.3
1978-11-01,PCU334413334413,134.6
1978-12-01,PCU334413334413,134.8
1979-01-01,PCU334413334413,134.5
1979-02-01,PCU334413334413,134.5
1979-03-01,PCU334413334413,134.9
1979-04-01,PCU334413334413,135.4
1979-05-01,PCU334413334413,135.3
1979-06-01,PCU334413334413,135.4
1979-07-01,PCU334413334413,134.5
1979-08-01,PCU334413334413,134.6
1979-09-01,PCU334413334413,135.4
1979-10-01,PCU334413334413,135.9
1979-11-01,PCU334413334413,136.8
1979-12-01,PCU334413334413,138.1
1980-01-01,PCU334413334413,138.7
1980-02-01,PCU334413334413,141.4
1980-03-01,PCU334413334413,142.7
1980-04-01,PCU334413334413,144.4
1980-05-01,PCU334413334413,145.7
1980-06-01,PCU334413334413,147.1
1980-07-01,PCU334413334413,147.2
1980-08-01,PCU334413334413,146.7
1980-09-01,PCU334413334413,147.0
1980-10-01,PCU334413334413,146.7
1980-11-01,PCU334413334413,145.7
1980-12-01,PCU334413334413,146.4
1981-01-01,PCU334413334413,145.5
1981-02-01,PCU334413334413,145.2
1981-03-01,PCU334413334413,145.9
1981-04-01,PCU334413334413,145.7
1981-05-01,PCU334413334413,144.7
1981-07-01,PCU334413334413,142.5
1981-08-01,PCU334413334413,142.6
1981-09-01,PCU334413334413,146.0
1981-10-01,PCU334413334413,146.3
1981-11-01,PCU334413334413,147.1
1981-12-01,PCU334413334413,146.5
1982-01-01,PCU334413334413,145.2
1982-02-01,PCU334413334413,144.1
1982-03-01,PCU334413334413,143.8
1982-04-01,PCU334413334413,143.0
1982-05-01,PCU334413334413,142.7
1982-06-01,PCU334413334413,143.0
1982-07-01,PCU334413334413,144.8
1982-08-01,PCU334413334413,140.9
1982-09-01,PCU334413334413,141.7
1982-10-01,PCU334413334413,141.2
1982-11-01,PCU334413334413,140.0
1982-12-01,PCU334413334413,140.4
1983-01-01,PCU334413334413,139.8
1983-02-01,PCU334413334413,140.0
1983-03-01,PCU334413334413,140.8
1983-04-01,PCU334413334413,143.7
1983-05-01,PCU334413334413,143.8
1983-06-01,PCU334413334413,145.9
1983-07-01,PCU334413334413,146.0
1983-08-01,PCU334413334413,146.2
1983-09-01,PCU334413334413,147.9
1983-10-01,PCU334413334413,149.4
1983-11-01,PCU334413334413,149.0
1983-12-01,PCU334413334413,149.9
1984-01-01,PCU334413334413,153.0
1984-02-01,PCU334413334413,152.9
1984-03-01,PCU334413334413,154.4
1984-04-01,PCU334413334413,154.0
1984-05-01,PCU334413334413,154.3
1984-06-01,PCU334413334413,154.6
1984-07-01,PCU334413334413,155.5
1984-08-01,PCU334413334413,155.2
1984-09-01,PCU334413334413,156.4
1984-10-01,PCU334413334413,157.0
1984-11-01,PCU334413334413,156.5
1984-12-01,PCU334413334413,156.3
1985-01-01,PCU334413334413,157.0
1985-02-01,PCU334413334413,156.6
1985-03-01,PCU334413334413,156.4
1985-04-01,PCU334413334413,155.8
1985-05-01,PCU334413334413,152.9
1985-06-01,PCU334413334413,151.3
1985-07-01,PCU334413334413,152.6
1985-08-01,PCU334413334413,152.6
1985-09-01,PCU334413334413,153.0
1985-10-01,PCU334413334413,152.1
1985-11-01,PCU334413334413,152.1
1985-12-01,PCU334413334413,152.6
1986-01-01,PCU334413334413,153.8
1986-02-01,PCU334413334413,154.1
1986-03-01,PCU334413334413,155.0
1986-04-01,PCU334413334413,155.8
1986-05-01,PCU334413334413,155.9
1986-06-01,PCU334413334413,156.7
1986-07-01,PCU334413334413,156.3
1986-08-01,PCU334413334413,155.6
1986-09-01,PCU334413334413,157.4
1986-10-01,PCU334413334413,157.4
1986-11-01,PCU334413334413,156.9
1986-12-01,PCU334413334413,157.5
1987-01-01,PCU334413334413,157.4
1987-02-01,PCU334413334413,157.3
1987-03-01,PCU334413334413,155.7
1987-04-01,PCU334413334413,155.2
1987-05-01,PCU334413334413,155.0
1987-06-01,PCU334413334413,155.4
1987-07-01,PCU334413334413,156.5
1987-08-01,PCU334413334413,156.8
1987-09-01,PCU334413334413,156.3
1987-10-01,PCU334413334413,156.6
1987-11-01,PCU334413334413,156.2
1987-12-01,PCU334413334413,156.3
1988-01-01,PCU334413334413,155.0
1988-02-01,PCU334413334413,156.3
1988-03-01,PCU334413334413,155.4
1988-04-01,PCU334413334413,154.8
1988-05-01,PCU334413334413,156.1
1988-06-01,PCU334413334413,156.5
1988-07-01,PCU334413334413,156.5
1988-08-01,PCU334413334413,157.2
1988-09-01,PCU334413334413,156.9
1988-10-01,PCU334413334413,155.8
1988-11-01,PCU334413334413,157.1
1988-12-01,PCU334413334413,157.2
1989-01-01,PCU334413334413,155.3
1989-02-01,PCU334413334413,155.5
1989-03-01,PCU334413334413,155.2
1989-04-01,PCU334413334413,155.1
1989-05-01,PCU334413334413,155.1
1989-06-01,PCU334413334413,155.4
1989-07-01,PCU334413334413,155.0
1989-08-01,PCU334413334413,155.1
1989-09-01,PCU334413334413,154.8
1989-10-01,PCU334413334413,156.0
1989-11-01,PCU334413334413,154.9
1989-12-01,PCU334413334413,153.3
1990-01-01,PCU334413334413,153.4
1990-02-01,PCU334413334413,152.7
1990-03-01,PCU334413334413,152.3
1990-04-01,PCU334413334413,151.9
1990-05-01,PCU334413334413,151.9
1990-06-01,PCU334413334413,152.1
1990-07-01,PCU334413334413,151.8
1990-08-01,PCU334413334413,150.3
1990-09-01,PCU334413334413,150.3
1990-10-01,PCU334413334413,150.3
1990-11-01,PCU334413334413,150.1
1990-12-01,PCU334413334413,150.1
1991-01-01,PCU334413334413,151.4
1991-02-01,PCU334413334413,151.4
1991-03-01,PCU334413334413,149.5
1991-04-01,PCU334413334413,149.6
1991-05-01,PCU334413334413,149.4
1991-06-01,PCU334413334413,149.5
1991-07-01,PCU334413334413,148.3
1991-08-01,PCU334413334413,147.9
1991-09-01,PCU334413334413,146.9
1991-10-01,PCU334413334413,145.9
1991-11-01,PCU334413334413,145.2
1991-12-01,PCU334413334413,145.4
1992-01-01,PCU334413334413,144.1
1992-02-01,PCU334413334413,143.6
1992-03-01,PCU334413334413,145.2
1992-04-01,PCU334413334413,144.6
1992-05-01,PCU334413334413,142.4
1992-06-01,PCU334413334413,141.8
1992-07-01,PCU334413334413,141.0
1992-08-01,PCU334413334413,140.2
1992-09-01,PCU334413334413,140.2
1992-10-01,PCU334413334413,140.4
1992-11-01,PCU334413334413,139.7
1992-12-01,PCU334413334413,140.9
1993-01-01,PCU334413334413,140.3
1993-02-01,PCU334413334413,141.0
1993-03-01,PCU334413334413,141.5
1993-04-01,PCU334413334413,141.7
1993-05-01,PCU334413334413,142.4
1993-06-01,PCU334413334413,142.6
1993-07-01,PCU334413334413,141.6
1993-08-01,PCU334413334413,141.6
1993-09-01,PCU334413334413,141.7
1993-10-01,PCU334413334413,142.5
1993-11-01,PCU334413334413,143.2
1993-12-01,PCU334413334413,142.3
1994-01-01,PCU334413334413,141.8
1994-02-01,PCU334413334413,141.4
1994-03-01,PCU334413334413,141.1
1994-04-01,PCU334413334413,141.4
1994-05-01,PCU334413334413,142.2
1994-06-01,PCU334413334413,142.4
1994-07-01,PCU334413334413,142.0
1994-08-01,PCU334413334413,140.3
1994-09-01,PCU334413334413,138.7
1994-10-01,PCU334413334413,137.3
1994-11-01,PCU334413334413,136.7
1994-12-01,PCU334413334413,136.1
1995-01-01,PCU334413334413,135.1
1995-02-01,PCU334413334413,136.4
1995-03-01,PCU334413334413,133.4
1995-04-01,PCU334413334413,133.1
1995-05-01,PCU334413334413,132.4
1995-06-01,PCU334413334413,132.1
1995-07-01,PCU334413334413,130.3
1995-08-01,PCU334413334413,129.6
1995-09-01,PCU334413334413,129.8
1995-10-01,PCU334413334413,129.9
1995-11-01,PCU334413334413,130.0
1995-12-01,PCU334413334413,128.9
1996-01-01,PCU334413334413,129.2
1996-02-01,PCU334413334413,128.6
1996-03-01,PCU334413334413,125.5
1996-04-01,PCU334413334413,123.5
1996-05-01,PCU334413334413,121.9
1996-06-01,PCU334413334413,120.9
1996-07-01,PCU334413334413,121.0
1996-08-01,PCU334413334413,121.4
1996-09-01,PCU334413334413,121.4
1996-10-01,PCU334413334413,118.8
1996-11-01,PCU334413334413,118.5
1996-12-01,PCU334413334413,118.2
1997-01-01,PCU334413334413,116.6
1997-02-01,PCU334413334413,114.8
1997-03-01,PCU334413334413,114.8
1997-04-01,PCU334413334413,114.0
1997-05-01,PCU334413334413,111.6
1997-06-01,PCU334413334413,112.0
1997-07-01,PCU334413334413,111.8
1997-08-01,PCU334413334413,108.1
1997-09-01,PCU334413334413,107.9
1997-10-01,PCU334413334413,106.2
1997-11-01,PCU334413334413,105.4
1997-12-01,PCU334413334413,105.2
1998-01-01,PCU334413334413,104.1
1998-02-01,PCU334413334413,103.2
1998-03-01,PCU334413334413,103.1
1998-04-01,PCU334413334413,102.9
1998-05-01,PCU334413334413,102.0
1998-06-01,PCU334413334413,101.9
1998-07-01,PCU334413334413,101.5
1998-08-01,PCU334413334413,101.0
1998-09-01,PCU334413334413,100.3
1998-10-01,PCU334413334413,100.2
1998-11-01,PCU334413334413,100.1
1998-12-01,PCU334413334413,100.0
1999-01-01,PCU334413334413,99.4
1999-02-01,PCU334413334413,99.1
1999-03-01,PCU334413334413,98.9
1999-04-01,PCU334413334413,98.5
1999-05-01,PCU334413334413,98.4
1999-06-01,PCU334413334413,97.5
1999-07-01,PCU334413334413,96.9
1999-08-01,PCU334413334413,96.8
1999-09-01,PCU334413334413,97.0
1999-10-01,PCU334413334413,96.3
1999-11-01,PCU334413334413,95.4
1999-12-01,PCU334413334413,94.8
2000-01-01,PCU334413334413,93.3
2000-02-01,PCU334413334413,92.2
2000-03-01,PCU334413334413,92.1
2000-04-01,PCU334413334413,92.0
2000-05-01,PCU334413334413,90.4
2000-06-01,PCU334413334413,90.6
2000-07-01,PCU334413334413,91.3
2000-08-01,PCU334413334413,91.5
2000-09-01,PCU334413334413,91.0
2000-10-01,PCU334413334413,90.1
2000-11-01,PCU334413334413,89.6
2000-12-01,PCU334413334413,89.2
2001-01-01,PCU334413334413,89.2
2001-02-01,PCU334413334413,88.8
2001-03-01,PCU334413334413,88.6
2001-04-01,PCU334413334413,87.7
2001-05-01,PCU334413334413,87.8
2001-06-01,PCU334413334413,87.3
2001-07-01,PCU334413334413,86.4
2001-08-01,PCU334413334413,85.4
2001-09-01,PCU334413334413,85.3
2001-10-01,PCU334413334413,84.9
2001-11-01,PCU334413334413,85.0
2001-12-01,PCU334413334413,85.1
2002-01-01,PCU334413334413,85.1
2002-02-01,PCU334413334413,85.3
2002-03-01,PCU334413334413,85.4
2002-04-01,PCU334413334413,84.1
2002-05-01,PCU334413334413,83.8
2002-06-01,PCU334413334413,83.6
2002-07-01,PCU334413334413,83.8
2002-08-01,PCU334413334413,83.7
2002-09-01,PCU334413334413,83.5
2002-10-01,PCU334413334413,83.3
2002-11-01,PCU334413334413,83.2
2002-12-01,PCU334413334413,80.4
2003-01-01,PCU334413334413,80.2
2003-02-01,PCU334413334413,79.8
2003-03-01,PCU334413334413,79.4
2003-04-01,PCU334413334413,79.4
2003-05-01,PCU334413334413,79.5
2003-06-01,PCU334413334413,78.6
2003-07-01,PCU334413334413,78.6
2003-08-01,PCU334413334413,74.3
2003-09-01,PCU334413334413,72.9
2003-10-01,PCU334413334413,72.9
2003-11-01,PCU334413334413,73.6
2003-12-01,PCU334413334413,72.0
2004-01-01,PCU334413334413,71.7
2004-02-01,PCU334413334413,72.0
2004-03-01,PCU334413334413,71.6
2004-04-01,PCU334413334413,71.8
2004-05-01,PCU334413334413,71.8
2004-06-01,PCU334413334413,72.2
2004-07-01,PCU334413334413,72.1
2004-08-01,PCU334413334413,71.8
2004-09-01,PCU334413334413,71.5
2004-10-01,PCU334413334413,71.2
2004-11-01,PCU334413334413,71.0
2004-12-01,PCU334413334413,71.5
2005-01-01,PCU334413334413,70.5
2005-02-01,PCU334413334413,70.3
2005-03-01,PCU334413334413,70.1
2005-04-01,PCU334413334413,70.0
2005-05-01,PCU334413334413,70.0
2005-06-01,PCU334413334413,69.8
2005-07-01,PCU334413334413,70.1
2005-08-01,PCU334413334413,70.3
2005-09-01,PCU334413334413,69.4
2005-10-01,PCU334413334413,68.7
2005-11-01,PCU334413334413,67.7
2005-12-01,PCU334413334413,67.2
2006-01-01,PCU334413334413,66.5
2006-02-01,PCU334413334413,65.9
2006-03-01,PCU334413334413,65.6
2006-04-01,PCU334413334413,66.4
2006-05-01,PCU334413334413,66.6
2006-06-01,PCU334413334413,66.5
2006-07-01,PCU334413334413,66.7
2006-08-01,PCU334413334413,66.6
2006-09-01,PCU334413334413,67.3
2006-10-01,PCU334413334413,66.6
2006-11-01,PCU334413334413,66.8
2006-12-01,PCU334413334413,66.8
2007-01-01,PCU334413334413,67.0
2007-02-01,PCU334413334413,62.5
2007-03-01,PCU334413334413,60.9
2007-04-01,PCU334413334413,60.8
2007-05-01,PCU334413334413,59.5
2007-06-01,PCU334413334413,60.1
2007-07-01,PCU334413334413,58.3
2007-08-01,PCU334413334413,57.1
2007-09-01,PCU334413334413,56.4
2007-10-01,PCU334413334413,55.1
2007-11-01,PCU334413334413,54.8
2007-12-01,PCU334413334413,53.9
2008-01-01,PCU334413334413,53.6
2008-02-01,PCU334413334413,53.5
2008-03-01,PCU334413334413,53.5
2008-04-01,PCU334413334413,53.4
2008-05-01,PCU334413334413,53.5
2008-06-01,PCU334413334413,53.3
2008-07-01,PCU334413334413,52.8
2008-08-01,PCU334413334413,52.4
2008-09-01,PCU334413334413,52.3
2008-10-01,PCU334413334413,52.6
2008-11-01,PCU334413334413,52.0
2008-12-01,PCU334413334413,51.4
2009-01-01,PCU334413334413,50.0
2009-02-01,PCU334413334413,50.4
2009-03-01,PCU334413334413,49.7
2009-04-01,PCU334413334413,49.2
2009-05-01,PCU334413334413,49.4
2009-06-01,PCU334413334413,49.3
2009-07-01,PCU334413334413,49.8
2009-08-01,PCU334413334413,49.9
2009-09-01,PCU334413334413,49.9
2009-10-01,PCU334413334413,50.1
2009-11-01,PCU334413334413,50.1
2009-12-01,PCU334413334413,50.0
2010-01-01,PCU334413334413,48.3
2010-02-01,PCU334413334413,48.7
2010-03-01,PCU334413334413,48.5
2010-04-01,PCU334413334413,48.3
2010-05-01,PCU334413334413,48.3
2010-06-01,PCU334413334413,47.8
2010-07-01,PCU334413334413,47.9
2010-08-01,PCU334413334413,47.2
2010-09-01,PCU334413334413,46.7
2010-10-01,PCU334413334413,46.2
2010-11-01,PCU334413334413,44.7
2010-12-01,PCU334413334413,44.2
2011-01-01,PCU334413334413,44.1
2011-02-01,PCU334413334413,44.6
2011-03-01,PCU334413334413,44.4
2011-04-01,PCU334413334413,44.1
2011-05-01,PCU334413334413,44.1
2011-06-01,PCU334413334413,44.2
2011-07-01,PCU334413334413,43.9
2011-08-01,PCU334413334413,43.6
2011-09-01,PCU334413334413,42.6
2011-10-01,PCU334413334413,42.5
2011-11-01,PCU334413334413,41.7
2011-12-01,PCU334413334413,40.8
2012-01-01,PCU334413334413,40.3
2012-02-01,PCU334413334413,40.4
2012-03-01,PCU334413334413,40.3
2012-04-01,PCU334413334413,40.4
2012-05-01,PCU334413334413,40.7
2012-06-01,PCU334413334413,40.1
2012-07-01,PCU334413334413,40.0
2012-08-01,PCU334413334413,39.7
2012-09-01,PCU334413334413,39.7
2012-10-01,PCU334413334413,39.7
2012-11-01,PCU334413334413,39.4
2012-12-01,PCU334413334413,39.1
2013-01-01,PCU334413334413,39.2
2013-02-01,PCU334413334413,39.1
2013-03-01,PCU334413334413,38.8
2013-04-01,PCU334413334413,39.4
2013-05-01,PCU334413334413,39.8
2013-06-01,PCU334413334413,39.8
2013-07-01,PCU334413334413,39.8
2013-08-01,PCU334413334413,39.6
2013-09-01,PCU334413334413,39.3
2013-10-01,PCU334413334413,39.4
2013-11-01,PCU334413334413,39.4
2013-12-01,PCU334413334413,39.4
2014-01-01,PCU334413334413,38.7
2014-02-01,PCU334413334413,38.5
2014-03-01,PCU334413334413,38.3
2014-04-01,PCU334413334413,38.3
2014-05-01,PCU334413334413,38.3
2014-06-01,PCU334413334413,38.3
2014-07-01,PCU334413334413,38.3
2014-08-01,PCU334413334413,38.3
2014-09-01,PCU334413334413,38.4
2014-10-01,PCU334413334413,38.3
2014-11-01,PCU334413334413,38.2
2014-12-01,PCU334413334413,38.2
2015-01-01,PCU334413334413,38.1
2015-02-01,PCU334413334413,38.1
2015-03-01,PCU334413334413,38.0
2015-04-01,PCU334413334413,37.9
2015-05-01,PCU334413334413,38.0
2015-06-01,PCU334413334413,37.6
2015-07-01,PCU334413334413,37.7
2015-08-01,PCU334413334413,37.4
2015-09-01,PCU334413334413,37.3
2015-10-01,PCU334413334413,37.3
2015-11-01,PCU334413334413,37.3
2015-12-01,PCU334413334413,37.2
2016-01-01,PCU334413334413,36.7
2016-02-01,PCU334413334413,36.5
2016-03-01,PCU334413334413,36.4
2016-04-01,PCU334413334413,36.4
2016-05-01,PCU334413334413,36.4
2016-06-01,PCU334413334413,36.3
2016-07-01,PCU334413334413,36.3
2016-08-01,PCU334413334413,36.2
2016-09-01,PCU334413334413,36.2
2016-10-01,PCU334413334413,36.0
2016-11-01,PCU334413334413,35.9
2016-12-01,PCU334413334413,35.9
2017-01-01,PCU334413334413,36.4
2017-02-01,PCU334413334413,36.4
2017-03-01,PCU334413334413,36.3
2017-04-01,PCU334413334413,36.7
2017-05-01,PCU334413334413,36.6
2017-06-01,PCU334413334413,36.6
2017-07-01,PCU334413334413,35.5
2017-08-01,PCU334413334413,35.4
2017-09-01,PCU334413334413,34.8
2017-10-01,PCU334413334413,34.8
2017-11-01,PCU334413334413,34.7
2017-12-01,PCU334413334413,34.7
2018-01-01,PCU334413334413,34.8
2018-02-01,PCU334413334413,35.0
2018-03-01,PCU334413334413,34.9
2018-04-01,PCU334413334413,34.9
2018-05-01,PCU334413334413,34.7
2018-06-01,PCU334413334413,34.7
2018-07-01,PCU334413334413,34.1
2018-08-01,PCU334413334413,33.6
2018-09-01,PCU334413334413,33.5
2018-10-01,PCU334413334413,33.3
2018-11-01,PCU334413334413,33.3
2018-12-01,PCU334413334413,33.2
2019-01-01,PCU334413334413,32.6
2019-02-01,PCU334413334413,32.5
2019-03-01,PCU334413334413,32.5
2019-04-01,PCU334413334413,32.6
2019-05-01,PCU334413334413,32.4
2019-06-01,PCU334413334413,32.5
2019-07-01,PCU334413334413,32.5
2019-08-01,PCU334413334413,32.6
2019-09-01,PCU334413334413,32.7
2019-10-01,PCU334413334413,32.5
2019-11-01,PCU334413334413,32.5
2019-12-01,PCU334413334413,32.6
2020-01-01,PCU334413334413,32.3
2020-02-01,PCU334413334413,32.4
2020-03-01,PCU334413334413,32.5
2020-04-01,PCU334413334413,31.6
2020-05-01,PCU334413334413,31.5
2020-06-01,PCU334413334413,31.5
2020-07-01,PCU334413334413,31.3
2020-08-01,PCU334413334413,31.2
2020-09-01,PCU334413334413,31.2
2020-10-01,PCU334413334413,30.1
2020-11-01,PCU334413334413,30.1
2020-12-01,PCU334413334413,30.2
2021-01-01,PCU334413334413,30.1
2021-02-01,PCU334413334413,30.0
2021-03-01,PCU334413334413,30.1
2021-04-01,PCU334413334413,30.0
2021-05-01,PCU334413334413,30.1
2021-06-01,PCU334413334413,30.2
2021-07-01,PCU334413334413,29.815
2021-08-01,PCU334413334413,29.981
2021-09-01,PCU334413334413,29.978
2021-10-01,PCU334413334413,29.758
2021-11-01,PCU334413334413,29.98
2021-12-01,PCU334413334413,30.08
2022-01-01,PCU334413334413,30.382
2022-02-01,PCU334413334413,30.356
2022-03-01,PCU334413334413,30.527
2022-04-01,PCU334413334413,30.717
2022-05-01,PCU334413334413,30.858
2022-06-01,PCU334413334413,31.044
2022-07-01,PCU334413334413,30.998
2022-08-01,PCU334413334413,30.879
2022-09-01,PCU334413334413,31.089
2022-10-01,PCU334413334413,31.73
2022-11-01,PCU334413334413,31.85
2022-12-01,PCU334413334413,31.862
2023-01-01,PCU334413334413,31.785
2023-02-01,PCU334413334413,31.969
2023-03-01,PCU334413334413,31.886
2023-04-01,PCU334413334413,31.625
2023-05-01,PCU334413334413,31.522
2023-06-01,PCU334413334413,31.594
2023-07-01,PCU334413334413,31.515
2023-08-01,PCU334413334413,31.595
2023-09-01,PCU334413334413,31.791
2023-10-01,PCU334413334413,31.674
2023-11-01,PCU334413334413,31.716
2023-12-01,PCU334413334413,31.565
2024-01-01,PCU334413334413,31.706
2024-02-01,PCU334413334413,31.668
2024-03-01,PCU334413334413,31.629
2024-04-01,PCU334413334413,31.803
2024-05-01,PCU334413334413,31.743
2024-06-01,PCU334413334413,31.518
2024-07-01,PCU334413334413,30.602
2024-08-01,PCU334413334413,30.456
2024-09-01,PCU334413334413,30.487
2024-10-01,PCU334413334413,30.724
2024-11-01,PCU334413334413,30.729
2024-12-01,PCU334413334413,30.561
2025-01-01,PCU334413334413,30.118
2025-02-01,PCU334413334413,30.132
2025-03-01,PCU334413334413,30.322
2025-04-01,PCU334413334413,30.235
2025-05-01,PCU334413334413,29.982
2025-06-01,PCU334413334413,29.882
2025-07-01,PCU334413334413,29.798
2025-08-01,PCU334413334413,29.392
2025-09-01,PCU334413334413,29.45
2025-10-01,PCU334413334413,29.64
2025-11-01,PCU334413334413,29.646
2025-12-01,PCU334413334413,29.668
2026-01-01,PCU334413334413,29.62
2026-02-01,PCU334413334413,30.138
2026-03-01,PCU334413334413,30.132
2026-04-01,PCU334413334413,30.602
2026-05-01,PCU334413334413,30.215
2026-06-01,PCU334413334413,29.855
2026-07-01,PCU334413334413,29.058
2026-08-01,PCU334413334413,28.472
1981-06-01,PCU334413334413P,181.0
1981-07-01,PCU334413334413P,180.5
1981-08-01,PCU334413334413P,180.8
1981-09-01,PCU334413334413P,179.5
1981-10-01,PCU334413334413P,180.0
1981-11-01,PCU334413334413P,181.3
1981-12-01,PCU334413334413P,180.4
1982-01-01,PCU334413334413P,178.1
1982-02-01,PCU334413334413P,178.0
1982-03-01,PCU334413334413P,176.3
1982-04-01,PCU334413334413P,175.0
1982-05-01,PCU334413334413P,174.4
1982-06-01,PCU334413334413P,174.0
1982-07-01,PCU334413334413P,177.6
1982-08-01,PCU334413334413P,170.6
1982-09-01,PCU334413334413P,171.1
1982-10-01,PCU334413334413P,170.3
1982-11-01,PCU334413334413P,168.1
1982-12-01,PCU334413334413P,167.7
1983-01-01,PCU334413334413P,166.6
1983-02-01,PCU334413334413P,167.2
1983-03-01,PCU334413334413P,167.3
1983-04-01,PCU334413334413P,172.6
1983-05-01,PCU334413334413P,172.4
1983-06-01,PCU334413334413P,174.9
1983-07-01,PCU334413334413P,174.9
1983-08-01,PCU334413334413P,175.1
1983-09-01,PCU334413334413P,176.9
1983-10-01,PCU334413334413P,179.6
1983-11-01,PCU334413334413P,178.5
1983-12-01,PCU334413334413P,179.0
1984-01-01,PCU334413334413P,180.8
1984-02-01,PCU334413334413P,180.7
1984-03-01,PCU334413334413P,182.5
1984-04-01,PCU334413334413P,181.8
1984-05-01,PCU334413334413P,181.1
1984-06-01,PCU334413334413P,181.7
1984-07-01,PCU334413334413P,182.3
1984-08-01,PCU334413334413P,181.8
1984-09-01,PCU334413334413P,182.9
1984-10-01,PCU334413334413P,183.3
1984-11-01,PCU334413334413P,182.4
1984-12-01,PCU334413334413P,180.8
1985-01-01,PCU334413334413P,181.8
1985-02-01,PCU334413334413P,181.1
1985-03-01,PCU334413334413P,179.1
1985-04-01,PCU334413334413P,178.1
1985-05-01,PCU334413334413P,173.0
1985-06-01,PCU334413334413P,169.0
1985-07-01,PCU334413334413P,169.2
1985-08-01,PCU334413334413P,169.3
1985-09-01,PCU334413334413P,168.6
1985-10-01,PCU334413334413P,167.0
1985-11-01,PCU334413334413P,167.2
1985-12-01,PCU334413334413P,166.7
1986-01-01,PCU334413334413P,168.7
1986-02-01,PCU334413334413P,169.2
1986-03-01,PCU334413334413P,169.5
1986-04-01,PCU334413334413P,170.8
1986-05-01,PCU334413334413P,170.9
1986-06-01,PCU334413334413P,171.0
1986-07-01,PCU334413334413P,170.4
1986-08-01,PCU334413334413P,169.1
1986-09-01,PCU334413334413P,168.0
1986-10-01,PCU334413334413P,168.0
1986-11-01,PCU334413334413P,167.2
1986-12-01,PCU334413334413P,168.2
1987-01-01,PCU334413334413P,168.0
1987-02-01,PCU334413334413P,167.8
1987-03-01,PCU334413334413P,164.9
1987-04-01,PCU334413334413P,164.1
1987-05-01,PCU334413334413P,163.8
1987-06-01,PCU334413334413P,164.5
1987-07-01,PCU334413334413P,165.9
1987-08-01,PCU334413334413P,166.4
1987-09-01,PCU334413334413P,165.7
1987-10-01,PCU334413334413P,166.1
1987-11-01,PCU334413334413P,165.4
1987-12-01,PCU334413334413P,165.7
1988-01-01,PCU334413334413P,165.8
1988-02-01,PCU334413334413P,168.1
1988-03-01,PCU334413334413P,166.5
1988-04-01,PCU334413334413P,165.5
1988-05-01,PCU334413334413P,167.4
1988-06-01,PCU334413334413P,168.1
1988-07-01,PCU334413334413P,168.1
1988-08-01,PCU334413334413P,169.3
1988-09-01,PCU334413334413P,168.9
1988-10-01,PCU334413334413P,166.8
1988-11-01,PCU334413334413P,167.1
1988-12-01,PCU334413334413P,167.3
1989-01-01,PCU334413334413P,167.5
1989-02-01,PCU334413334413P,168.0
1989-03-01,PCU334413334413P,167.4
1989-04-01,PCU334413334413P,167.3
1989-05-01,PCU334413334413P,167.2
1989-06-01,PCU334413334413P,167.7
1989-07-01,PCU334413334413P,167.1
1989-08-01,PCU334413334413P,167.2
1989-09-01,PCU334413334413P,166.7
1989-10-01,PCU334413334413P,168.9
1989-11-01,PCU334413334413P,166.8
1989-12-01,PCU334413334413P,164.0
1990-01-01,PCU334413334413P,163.7
1990-02-01,PCU334413334413P,162.4
1990-03-01,PCU334413334413P,161.8
1990-04-01,PCU334413334413P,161.0
1990-05-01,PCU334413334413P,161.0
1990-06-01,PCU334413334413P,161.3
1990-07-01,PCU334413334413P,160.9
1990-08-01,PCU334413334413P,158.2
1990-09-01,PCU334413334413P,158.1
1990-10-01,PCU334413334413P,158.2
1990-11-01,PCU334413334413P,157.9
1990-12-01,PCU334413334413P,157.8
1991-01-01,PCU334413334413P,159.5
1991-02-01,PCU334413334413P,159.4
1991-03-01,PCU334413334413P,158.6
1991-04-01,PCU334413334413P,158.8
1991-05-01,PCU334413334413P,158.5
1991-06-01,PCU334413334413P,158.7
1991-07-01,PCU334413334413P,157.0
1991-08-01,PCU334413334413P,156.6
1991-09-01,PCU334413334413P,155.3
1991-10-01,PCU334413334413P,154.1
1991-11-01,PCU334413334413P,153.2
1991-12-01,PCU334413334413P,153.4
1992-01-01,PCU334413334413P,151.7
1992-02-01,PCU334413334413P,151.2
1992-03-01,PCU334413334413P,153.2
1992-04-01,PCU334413334413P,152.5
1992-05-01,PCU334413334413P,149.7
1992-06-01,PCU334413334413P,149.0
1992-07-01,PCU334413334413P,148.5
1992-08-01,PCU334413334413P,147.6
1992-09-01,PCU334413334413P,147.6
1992-10-01,PCU334413334413P,147.8
1992-11-01,PCU334413334413P,147.0
1992-12-01,PCU334413334413P,148.5
1993-01-01,PCU334413334413P,147.6
1993-02-01,PCU334413334413P,148.4
1993-03-01,PCU334413334413P,148.9
1993-04-01,PCU334413334413P,149.2
1993-05-01,PCU334413334413P,150.0
1993-06-01,PCU334413334413P,150.3
1993-07-01,PCU334413334413P,149.3
1993-08-01,PCU334413334413P,149.3
1993-09-01,PCU334413334413P,149.4
1993-10-01,PCU334413334413P,150.5
1993-11-01,PCU334413334413P,151.2
1993-12-01,PCU334413334413P,150.2
1994-01-01,PCU334413334413P,150.1
1994-02-01,PCU334413334413P,149.6
1994-03-01,PCU334413334413P,149.3
1994-04-01,PCU334413334413P,149.6
1994-05-01,PCU334413334413P,150.6
1994-06-01,PCU334413334413P,150.8
1994-07-01,PCU334413334413P,150.2
1994-08-01,PCU334413334413P,148.1
1994-09-01,PCU334413334413P,146.2
1994-10-01,PCU334413334413P,144.5
1994-11-01,PCU334413334413P,144.3
1994-12-01,PCU334413334413P,143.2
1995-01-01,PCU334413334413P,142.2
1995-02-01,PCU334413334413P,143.4
1995-03-01,PCU334413334413P,139.7
1995-04-01,PCU334413334413P,139.7
1995-05-01,PCU334413334413P,138.4
1995-06-01,PCU334413334413P,138.4
1995-07-01,PCU334413334413P,136.1
1995-08-01,PCU334413334413P,135.1
1995-09-01,PCU334413334413P,135.6
1995-10-01,PCU334413334413P,135.6
1995-11-01,PCU334413334413P,135.6
1995-12-01,PCU334413334413P,134.3
1996-01-01,PCU334413334413P,134.6
1996-02-01,PCU334413334413P,134.0
1996-03-01,PCU334413334413P,130.2
1996-04-01,PCU334413334413P,127.8
1996-05-01,PCU334413334413P,125.9
1996-06-01,PCU334413334413P,124.6
1996-07-01,PCU334413334413P,124.9
1996-08-01,PCU334413334413P,125.3
1996-09-01,PCU334413334413P,125.2
1996-10-01,PCU334413334413P,122.1
1996-11-01,PCU334413334413P,121.8
1996-12-01,PCU334413334413P,121.5
1997-01-01,PCU334413334413P,119.5
1997-02-01,PCU334413334413P,117.4
1997-03-01,PCU334413334413P,117.4
1997-04-01,PCU334413334413P,116.6
1997-05-01,PCU334413334413P,113.8
1997-06-01,PCU334413334413P,114.2
1997-07-01,PCU334413334413P,114.0
1997-08-01,PCU334413334413P,109.5
1997-09-01,PCU334413334413P,109.3
1997-10-01,PCU334413334413P,107.3
1997-11-01,PCU334413334413P,106.3
1997-12-01,PCU334413334413P,106.0
1998-01-01,PCU334413334413P,104.8
1998-02-01,PCU334413334413P,103.6
1998-03-01,PCU334413334413P,103.6
1998-04-01,PCU334413334413P,103.3
1998-05-01,PCU334413334413P,102.4
1998-06-01,PCU334413334413P,102.2
1998-07-01,PCU334413334413P,101.8
1998-08-01,PCU334413334413P,101.2
1998-09-01,PCU334413334413P,100.4
1998-10-01,PCU334413334413P,100.3
1998-11-01,PCU334413334413P,100.2
1998-12-01,PCU334413334413P,100.0
1999-01-01,PCU334413334413P,99.3
1999-02-01,PCU334413334413P,98.9
1999-03-01,PCU334413334413P,98.6
1999-04-01,PCU334413334413P,98.2
1999-05-01,PCU334413334413P,98.1
1999-06-01,PCU334413334413P,97.0
1999-07-01,PCU334413334413P,96.3
1999-08-01,PCU334413334413P,96.2
1999-09-01,PCU334413334413P,97.2
1999-10-01,PCU334413334413P,97.6
1999-11-01,PCU334413334413P,97.4
1999-12-01,PCU334413334413P,96.6
2000-01-01,PCU334413334413P,95.2
2000-02-01,PCU334413334413P,93.9
2000-03-01,PCU334413334413P,93.5
2000-04-01,PCU334413334413P,93.2
2000-05-01,PCU334413334413P,92.6
2000-06-01,PCU334413334413P,92.8
2000-07-01,PCU334413334413P,93.5
2000-08-01,PCU334413334413P,93.6
2000-09-01,PCU334413334413P,93.4
2000-10-01,PCU334413334413P,92.3
2000-11-01,PCU334413334413P,91.8
2000-12-01,PCU334413334413P,91.6
2001-01-01,PCU334413334413P,91.5
2001-02-01,PCU334413334413P,91.0
2001-03-01,PCU334413334413P,90.7
2001-04-01,PCU334413334413P,90.1
2001-05-01,PCU334413334413P,89.9
2001-06-01,PCU334413334413P,89.1
2001-07-01,PCU334413334413P,88.1
2001-08-01,PCU334413334413P,87.2
2001-09-01,PCU334413334413P,87.1
2001-10-01,PCU334413334413P,86.7
2001-11-01,PCU334413334413P,86.8
2001-12-01,PCU334413334413P,87.0
2002-01-01,PCU334413334413P,87.0
2002-02-01,PCU334413334413P,87.1
2002-03-01,PCU334413334413P,87.2
2002-04-01,PCU334413334413P,85.9
2002-05-01,PCU334413334413P,85.5
2002-06-01,PCU334413334413P,85.3
2002-07-01,PCU334413334413P,85.5
2002-08-01,PCU334413334413P,85.4
2002-09-01,PCU334413334413P,85.2
2002-10-01,PCU334413334413P,85.0
2002-11-01,PCU334413334413P,84.8
2002-12-01,PCU334413334413P,81.9
2003-01-01,PCU334413334413P,81.6
2003-02-01,PCU334413334413P,81.2
2003-03-01,PCU334413334413P,80.8
2003-04-01,PCU334413334413P,80.8
2003-05-01,PCU334413334413P,80.9
2003-06-01,PCU334413334413P,79.9
2003-07-01,PCU334413334413P,79.9
2003-08-01,PCU334413334413P,75.4
2003-09-01,PCU334413334413P,73.8
2003-10-01,PCU334413334413P,73.9
2003-11-01,PCU334413334413P,74.6
2003-12-01,PCU334413334413P,72.9
2004-01-01,PCU334413334413P,72.6
2004-02-01,PCU334413334413P,73.1
2004-03-01,PCU334413334413P,72.7
2004-04-01,PCU334413334413P,72.8
2004-05-01,PCU334413334413P,72.9
2004-06-01,PCU334413334413P,73.4
2004-07-01,PCU334413334413P,73.2
2004-08-01,PCU334413334413P,72.8
2004-09-01,PCU334413334413P,72.5
2004-10-01,PCU334413334413P,72.3
2004-11-01,PCU334413334413P,72.1
2004-12-01,PCU334413334413P,72.6
2005-01-01,PCU334413334413P,71.5
2005-02-01,PCU334413334413P,71.3
2005-03-01,PCU334413334413P,71.1
2005-04-01,PCU334413334413P,71.1
2005-05-01,PCU334413334413P,71.0
2005-06-01,PCU334413334413P,70.8
2005-07-01,PCU334413334413P,71.5
2005-08-01,PCU334413334413P,71.7
2005-09-01,PCU334413334413P,70.6
2005-10-01,PCU334413334413P,70.0
2005-11-01,PCU334413334413P,68.4
2005-12-01,PCU334413334413P,67.5
2006-01-01,PCU334413334413P,66.7
2006-02-01,PCU334413334413P,66.3
2006-03-01,PCU334413334413P,66.1
2006-04-01,PCU334413334413P,66.9
2006-05-01,PCU334413334413P,67.1
2006-06-01,PCU334413334413P,66.8
2006-07-01,PCU334413334413P,67.0
2006-08-01,PCU334413334413P,66.9
2006-09-01,PCU334413334413P,67.7
2006-10-01,PCU334413334413P,66.9
2006-11-01,PCU334413334413P,67.0
2006-12-01,PCU334413334413P,67.1
2007-01-01,PCU334413334413P,66.6
2007-02-01,PCU334413334413P,61.8
2007-03-01,PCU334413334413P,60.1
2007-04-01,PCU334413334413P,60.0
2007-05-01,PCU334413334413P,58.6
2007-06-01,PCU334413334413P,59.2
2007-07-01,PCU334413334413P,57.4
2007-08-01,PCU334413334413P,56.1
2007-09-01,PCU334413334413P,55.4
2007-10-01,PCU334413334413P,54.4
2007-11-01,PCU334413334413P,54.0
2007-12-01,PCU334413334413P,53.1
2008-01-01,PCU334413334413P,52.4
2008-02-01,PCU334413334413P,52.3
2008-03-01,PCU334413334413P,52.3
2008-04-01,PCU334413334413P,52.2
2008-05-01,PCU334413334413P,52.3
2008-06-01,PCU334413334413P,52.1
2008-07-01,PCU334413334413P,51.6
2008-08-01,PCU334413334413P,51.2
2008-09-01,PCU334413334413P,51.0
2008-10-01,PCU334413334413P,51.3
2008-11-01,PCU334413334413P,50.7
2008-12-01,PCU334413334413P,50.4
2009-01-01,PCU334413334413P,49.5
2009-02-01,PCU334413334413P,49.8
2009-03-01,PCU334413334413P,49.2
2009-04-01,PCU334413334413P,48.6
2009-05-01,PCU334413334413P,48.8
2009-06-01,PCU334413334413P,48.7
2009-07-01,PCU334413334413P,48.2
2009-08-01,PCU334413334413P,48.3
2009-09-01,PCU334413334413P,48.3
2009-10-01,PCU334413334413P,48.5
2009-11-01,PCU334413334413P,49.1
2009-12-01,PCU334413334413P,48.9
2010-01-01,PCU334413334413P,48.2
2010-02-01,PCU334413334413P,48.6
2010-03-01,PCU334413334413P,48.4
2010-04-01,PCU334413334413P,48.2
2010-05-01,PCU334413334413P,48.2
2010-06-01,PCU334413334413P,47.6
2010-07-01,PCU334413334413P,47.8
2010-08-01,PCU334413334413P,47.0
2010-09-01,PCU334413334413P,46.4
2010-10-01,PCU334413334413P,45.9
2010-11-01,PCU334413334413P,44.2
2010-12-01,PCU334413334413P,43.7
2011-01-01,PCU334413334413P,43.6
2011-02-01,PCU334413334413P,44.1
2011-03-01,PCU334413334413P,43.9
2011-04-01,PCU334413334413P,43.6
2011-05-01,PCU334413334413P,43.7
2011-06-01,PCU334413334413P,43.7
2011-07-01,PCU334413334413P,43.4
2011-08-01,PCU334413334413P,43.0
2011-09-01,PCU334413334413P,41.9
2011-10-01,PCU334413334413P,41.8
2011-11-01,PCU334413334413P,40.9
2011-12-01,PCU334413334413P,40.0
2012-01-01,PCU334413334413P,39.5
2012-02-01,PCU334413334413P,39.5
2012-03-01,PCU334413334413P,39.4
2012-04-01,PCU334413334413P,39.5
2012-05-01,PCU334413334413P,39.9
2012-06-01,PCU334413334413P,39.3
2012-07-01,PCU334413334413P,39.2
2012-08-01,PCU334413334413P,38.9
2012-09-01,PCU334413334413P,38.8
2012-10-01,PCU334413334413P,38.8
2012-11-01,PCU334413334413P,38.6
2012-12-01,PCU334413334413P,38.2
2013-01-01,PCU334413334413P,38.3
2013-02-01,PCU334413334413P,38.2
2013-03-01,PCU334413334413P,37.9
2013-04-01,PCU334413334413P,38.5
2013-05-01,PCU334413334413P,38.9
2013-06-01,PCU334413334413P,38.9
2013-07-01,PCU334413334413P,38.9
2013-08-01,PCU334413334413P,38.7
2013-09-01,PCU334413334413P,38.4
2013-10-01,PCU334413334413P,38.5
2013-11-01,PCU334413334413P,38.5
2013-12-01,PCU334413334413P,38.5
2014-01-01,PCU334413334413P,37.8
2014-02-01,PCU334413334413P,37.6
2014-03-01,PCU334413334413P,37.5
2014-04-01,PCU334413334413P,37.4
2014-05-01,PCU334413334413P,37.4
2014-06-01,PCU334413334413P,37.4
2014-07-01,PCU334413334413P,37.5
2014-08-01,PCU334413334413P,37.4
2014-09-01,PCU334413334413P,37.5
2014-10-01,PCU334413334413P,37.5
2014-11-01,PCU334413334413P,37.4
2014-12-01,PCU334413334413P,37.3
2015-01-01,PCU334413334413P,37.2
2015-02-01,PCU334413334413P,37.3
2015-03-01,PCU334413334413P,37.2
2015-04-01,PCU334413334413P,37.1
2015-05-01,PCU334413334413P,37.2
2015-06-01,PCU334413334413P,36.8
2015-07-01,PCU334413334413P,36.9
2015-08-01,PCU334413334413P,36.6
2015-09-01,PCU334413334413P,36.5
2015-10-01,PCU334413334413P,36.5
2015-11-01,PCU334413334413P,36.4
2015-12-01,PCU334413334413P,36.3
2016-01-01,PCU334413334413P,35.9
2016-02-01,PCU334413334413P,35.7
2016-03-01,PCU334413334413P,35.6
2016-04-01,PCU334413334413P,35.6
2016-05-01,PCU334413334413P,35.6
2016-06-01,PCU334413334413P,35.5
2016-07-01,PCU334413334413P,35.5
2016-08-01,PCU334413334413P,35.4
2016-09-01,PCU334413334413P,35.4
2016-10-01,PCU334413334413P,35.2
2016-11-01,PCU334413334413P,35.1
2016-12-01,PCU334413334413P,35.1
2017-01-01,PCU334413334413P,35.6
2017-02-01,PCU334413334413P,35.6
2017-03-01,PCU334413334413P,35.5
2017-04-01,PCU334413334413P,35.8
2017-05-01,PCU334413334413P,35.7
2017-06-01,PCU334413334413P,35.7
2017-07-01,PCU334413334413P,34.7
2017-08-01,PCU334413334413P,34.5
2017-09-01,PCU334413334413P,33.9
2017-10-01,PCU334413334413P,33.9
2017-11-01,PCU334413334413P,33.9
2017-12-01,PCU334413334413P,33.9
2018-01-01,PCU334413334413P,34.0
2018-02-01,PCU334413334413P,34.0
2018-03-01,PCU334413334413P,33.9
2018-04-01,PCU334413334413P,33.9
2018-05-01,PCU334413334413P,33.7
2018-06-01,PCU334413334413P,33.7
2018-07-01,PCU334413334413P,33.2
2018-08-01,PCU334413334413P,32.7
2018-09-01,PCU334413334413P,32.6
2018-10-01,PCU334413334413P,32.3
2018-11-01,PCU334413334413P,32.3
2018-12-01,PCU334413334413P,32.3
2019-01-01,PCU334413334413P,31.7
2019-02-01,PCU334413334413P,31.6
2019-03-01,PCU334413334413P,31.6
2019-04-01,PCU334413334413P,31.7
2019-05-01,PCU334413334413P,31.5
2019-06-01,PCU334413334413P,31.5
2019-07-01,PCU334413334413P,31.6
2019-08-01,PCU334413334413P,31.6
2019-09-01,PCU334413334413P,31.7
2019-10-01,PCU334413334413P,31.6
2019-11-01,PCU334413334413P,31.5
2019-12-01,PCU334413334413P,31.6
2020-01-01,PCU334413334413P,31.4
2020-02-01,PCU334413334413P,31.4
2020-03-01,PCU334413334413P,31.6
2020-04-01,PCU334413334413P,30.6
2020-05-01,PCU334413334413P,30.6
2020-06-01,PCU334413334413P,30.6
2020-07-01,PCU334413334413P,30.3
2020-08-01,PCU334413334413P,30.2
2020-09-01,PCU334413334413P,30.2
2020-10-01,PCU334413334413P,29.1
2020-11-01,PCU334413334413P,29.1
2020-12-01,PCU334413334413P,29.3
2021-01-01,PCU334413334413P,29.1
2021-02-01,PCU334413334413P,29.1
2021-03-01,PCU334413334413P,29.1
2021-04-01,PCU334413334413P,29.0
2021-05-01,PCU334413334413P,29.2
2021-06-01,PCU334413334413P,29.3
2021-07-01,PCU334413334413P,28.898
2021-08-01,PCU334413334413P,29.073
2021-09-01,PCU334413334413P,29.068
2021-10-01,PCU334413334413P,28.853
2021-11-01,PCU334413334413P,29.074
2021-12-01,PCU334413334413P,29.174
2022-01-01,PCU334413334413P,29.396
2022-02-01,PCU334413334413P,29.372
2022-03-01,PCU334413334413P,29.449
2022-04-01,PCU334413334413P,29.639
2022-05-01,PCU334413334413P,29.779
2022-06-01,PCU334413334413P,29.965
2022-07-01,PCU334413334413P,29.926
2022-08-01,PCU334413334413P,29.804
2022-09-01,PCU334413334413P,30.021
2022-10-01,PCU334413334413P,30.664
2022-11-01,PCU334413334413P,30.789
2022-12-01,PCU334413334413P,30.801
2023-01-01,PCU334413334413P,30.73
2023-02-01,PCU334413334413P,30.916
2023-03-01,PCU334413334413P,30.836
2023-04-01,PCU334413334413P,30.583
2023-05-01,PCU334413334413P,30.483
2023-06-01,PCU334413334413P,30.552
2023-07-01,PCU334413334413P,30.488
2023-08-01,PCU334413334413P,30.569
2023-09-01,PCU334413334413P,30.773
2023-10-01,PCU334413334413P,30.661
2023-11-01,PCU334413334413P,30.698
2023-12-01,PCU334413334413P,30.551
2024-01-01,PCU334413334413P,30.679
2024-02-01,PCU334413334413P,30.643
2024-03-01,PCU334413334413P,30.604
2024-04-01,PCU334413334413P,30.78
2024-05-01,PCU334413334413P,30.722
2024-06-01,PCU334413334413P,30.513
2024-07-01,PCU334413334413P,29.661
2024-08-01,PCU334413334413P,29.501
2024-09-01,PCU334413334413P,29.535
2024-10-01,PCU334413334413P,29.743
2024-11-01,PCU334413334413P,29.749
2024-12-01,PCU334413334413P,29.566
2025-01-01,PCU334413334413P,29.116
2025-02-01,PCU334413334413P,29.132
2025-03-01,PCU334413334413P,29.34
2025-04-01,PCU334413334413P,29.259
2025-05-01,PCU334413334413P,28.985
2025-06-01,PCU334413334413P,28.894
2025-07-01,PCU334413334413P,28.832
2025-08-01,PCU334413334413P,28.392
2025-09-01,PCU334413334413P,28.454
2025-10-01,PCU334413334413P,28.631
2025-11-01,PCU334413334413P,28.638
2025-12-01,PCU334413334413P,28.66
2026-01-01,PCU334413334413P,28.623
2026-02-01,PCU334413334413P,29.106
2026-03-01,PCU334413334413P,29.099
2026-04-01,PCU334413334413P,29.555
2026-05-01,PCU334413334413P,29.138
2026-06-01,PCU334413334413P,28.743
2026-07-01,PCU334413334413P,27.996
2026-08-01,PCU334413334413P,27.349
1975-12-01,PCU3344133344131,369.4
1976-01-01,PCU3344133344131,357.3
1976-02-01,PCU3344133344131,355.3
1976-03-01,PCU3344133344131,349.9
1976-04-01,PCU3344133344131,351.5
1976-05-01,PCU3344133344131,351.9
1976-06-01,PCU3344133344131,352.1
1976-07-01,PCU3344133344131,351.7
1976-08-01,PCU3344133344131,342.0
1976-09-01,PCU3344133344131,336.0
1976-10-01,PCU3344133344131,332.4
1976-11-01,PCU3344133344131,331.0
1976-12-01,PCU3344133344131,323.4
1977-01-01,PCU3344133344131,322.1
1977-02-01,PCU3344133344131,318.7
1977-03-01,PCU3344133344131,314.9
1977-04-01,PCU3344133344131,310.2
1977-05-01,PCU3344133344131,307.8
1977-06-01,PCU3344133344131,304.6
1977-07-01,PCU3344133344131,303.1
1977-08-01,PCU3344133344131,301.7
1977-09-01,PCU3344133344131,300.3
1977-10-01,PCU3344133344131,298.4
1977-11-01,PCU3344133344131,296.6
1977-12-01,PCU3344133344131,278.5
1978-01-01,PCU3344133344131,276.0
1978-02-01,PCU3344133344131,274.0
1978-03-01,PCU3344133344131,272.9
1978-04-01,PCU3344133344131,256.0
1978-05-01,PCU3344133344131,255.8
1978-06-01,PCU3344133344131,255.8
1978-07-01,PCU3344133344131,248.4
1978-08-01,PCU3344133344131,247.1
1978-09-01,PCU3344133344131,246.3
1978-10-01,PCU3344133344131,246.0
1978-11-01,PCU3344133344131,246.0
1978-12-01,PCU3344133344131,246.0
1979-01-01,PCU3344133344131,243.0
1979-02-01,PCU3344133344131,242.6
1979-03-01,PCU3344133344131,243.1
1979-04-01,PCU3344133344131,244.1
1979-05-01,PCU3344133344131,243.5
1979-06-01,PCU3344133344131,243.3
1979-07-01,PCU3344133344131,239.9
1979-08-01,PCU3344133344131,239.6
1979-09-01,PCU3344133344131,240.3
1979-10-01,PCU3344133344131,240.6
1979-11-01,PCU3344133344131,245.8
1979-12-01,PCU3344133344131,250.0
1980-01-01,PCU3344133344131,251.0
1980-02-01,PCU3344133344131,257.0
1980-03-01,PCU3344133344131,261.0
1980-04-01,PCU3344133344131,265.1
1980-05-01,PCU3344133344131,268.7
1980-06-01,PCU3344133344131,269.6
1980-07-01,PCU3344133344131,268.7
1980-08-01,PCU3344133344131,265.4
1980-09-01,PCU3344133344131,265.5
1980-10-01,PCU3344133344131,261.8
1980-11-01,PCU3344133344131,256.6
1980-12-01,PCU3344133344131,259.7
1981-01-01,PCU3344133344131,254.8
1981-02-01,PCU3344133344131,250.8
1981-03-01,PCU3344133344131,251.3
1981-04-01,PCU3344133344131,250.1
1981-05-01,PCU3344133344131,245.0
1981-07-01,PCU3344133344131,242.2
1981-08-01,PCU3344133344131,240.7
1981-09-01,PCU3344133344131,239.4
1981-10-01,PCU3344133344131,239.1
1981-11-01,PCU3344133344131,239.9
1981-12-01,PCU3344133344131,235.6
1982-01-01,PCU3344133344131,232.9
1982-02-01,PCU3344133344131,232.5
1982-03-01,PCU3344133344131,228.1
1982-04-01,PCU3344133344131,227.1
1982-05-01,PCU3344133344131,225.3
1982-06-01,PCU3344133344131,224.2
1982-07-01,PCU3344133344131,223.9
1982-08-01,PCU3344133344131,223.2
1982-09-01,PCU3344133344131,223.1
1982-10-01,PCU3344133344131,221.5
1982-11-01,PCU3344133344131,220.8
1982-12-01,PCU3344133344131,219.6
1983-01-01,PCU3344133344131,217.6
1983-02-01,PCU3344133344131,218.1
1983-03-01,PCU3344133344131,217.8
1983-04-01,PCU3344133344131,232.6
1983-05-01,PCU3344133344131,232.1
1983-06-01,PCU3344133344131,238.3
1983-07-01,PCU3344133344131,238.3
1983-08-01,PCU3344133344131,239.0
1983-09-01,PCU3344133344131,242.2
1983-10-01,PCU3344133344131,244.4
1983-11-01,PCU3344133344131,241.0
1983-12-01,PCU3344133344131,244.9
1984-01-01,PCU3344133344131,247.7
1984-02-01,PCU3344133344131,242.4
1984-03-01,PCU3344133344131,247.1
1984-04-01,PCU3344133344131,243.4
1984-05-01,PCU3344133344131,242.9
1984-06-01,PCU3344133344131,243.4
1984-07-01,PCU3344133344131,244.0
1984-08-01,PCU3344133344131,243.2
1984-09-01,PCU3344133344131,243.8
1984-10-01,PCU3344133344131,244.3
1984-11-01,PCU3344133344131,243.0
1984-12-01,PCU3344133344131,239.6
1985-01-01,PCU3344133344131,238.9
1985-02-01,PCU3344133344131,237.2
1985-03-01,PCU3344133344131,232.2
1985-04-01,PCU3344133344131,229.4
1985-05-01,PCU3344133344131,226.8
1985-06-01,PCU3344133344131,220.3
1985-07-01,PCU3344133344131,219.8
1985-08-01,PCU3344133344131,220.2
1985-09-01,PCU3344133344131,216.9
1985-10-01,PCU3344133344131,216.2
1985-11-01,PCU3344133344131,216.6
1985-12-01,PCU3344133344131,215.3
1986-01-01,PCU3344133344131,221.2
1986-02-01,PCU3344133344131,222.4
1986-03-01,PCU3344133344131,223.2
1986-04-01,PCU3344133344131,226.5
1986-05-01,PCU3344133344131,226.7
1986-06-01,PCU3344133344131,226.8
1986-07-01,PCU3344133344131,225.7
1986-08-01,PCU3344133344131,222.7
1986-09-01,PCU3344133344131,222.6
1986-10-01,PCU3344133344131,222.5
1986-11-01,PCU3344133344131,221.2
1986-12-01,PCU3344133344131,222.9
1987-01-01,PCU3344133344131,221.7
1987-02-01,PCU3344133344131,222.0
1987-03-01,PCU3344133344131,215.8
1987-04-01,PCU3344133344131,214.6
1987-05-01,PCU3344133344131,213.4
1987-06-01,PCU3344133344131,214.5
1987-07-01,PCU3344133344131,214.5
1987-08-01,PCU3344133344131,215.6
1987-09-01,PCU3344133344131,214.5
1987-10-01,PCU3344133344131,215.8
1987-11-01,PCU3344133344131,214.2
1987-12-01,PCU3344133344131,214.7
1988-01-01,PCU3344133344131,214.3
1988-02-01,PCU3344133344131,215.4
1988-03-01,PCU3344133344131,212.6
1988-04-01,PCU3344133344131,210.3
1988-05-01,PCU3344133344131,214.8
1988-06-01,PCU3344133344131,213.4
1988-07-01,PCU3344133344131,213.0
1988-08-01,PCU3344133344131,215.7
1988-09-01,PCU3344133344131,215.7
1988-10-01,PCU3344133344131,209.8
1988-11-01,PCU3344133344131,209.8
1988-12-01,PCU3344133344131,210.3
1989-01-01,PCU3344133344131,212.0
1989-02-01,PCU3344133344131,212.9
1989-03-01,PCU3344133344131,211.4
1989-04-01,PCU3344133344131,211.4
1989-05-01,PCU3344133344131,211.3
1989-06-01,PCU3344133344131,211.4
1989-07-01,PCU3344133344131,210.3
1989-08-01,PCU3344133344131,210.3
1989-09-01,PCU3344133344131,209.2
1989-10-01,PCU3344133344131,214.1
1989-11-01,PCU3344133344131,209.1
1989-12-01,PCU3344133344131,203.0
1990-01-01,PCU3344133344131,201.2
1990-02-01,PCU3344133344131,198.3
1990-03-01,PCU3344133344131,196.8
1990-04-01,PCU3344133344131,195.1
1990-05-01,PCU3344133344131,194.4
1990-06-01,PCU3344133344131,195.0
1990-07-01,PCU3344133344131,194.1
1990-08-01,PCU3344133344131,189.6
1990-09-01,PCU3344133344131,189.4
1990-10-01,PCU3344133344131,189.7
1990-11-01,PCU3344133344131,188.8
1990-12-01,PCU3344133344131,188.8
1991-01-01,PCU3344133344131,189.7
1991-02-01,PCU3344133344131,189.6
1991-03-01,PCU3344133344131,188.0
1991-04-01,PCU3344133344131,188.6
1991-05-01,PCU3344133344131,188.1
1991-06-01,PCU3344133344131,188.5
1991-07-01,PCU3344133344131,185.2
1991-08-01,PCU3344133344131,184.6
1991-09-01,PCU3344133344131,182.4
1991-10-01,PCU3344133344131,180.9
1991-11-01,PCU3344133344131,179.4
1991-12-01,PCU3344133344131,179.7
1992-01-01,PCU3344133344131,177.1
1992-02-01,PCU3344133344131,176.1
1992-03-01,PCU3344133344131,179.3
1992-04-01,PCU3344133344131,178.5
1992-05-01,PCU3344133344131,173.9
1992-06-01,PCU3344133344131,172.7
1992-07-01,PCU3344133344131,172.0
1992-08-01,PCU3344133344131,170.3
1992-09-01,PCU3344133344131,170.3
1992-10-01,PCU3344133344131,171.1
1992-11-01,PCU3344133344131,169.8
1992-12-01,PCU3344133344131,171.2
1993-01-01,PCU3344133344131,169.8
1993-02-01,PCU3344133344131,171.2
1993-03-01,PCU3344133344131,172.2
1993-04-01,PCU3344133344131,172.8
1993-05-01,PCU3344133344131,174.2
1993-06-01,PCU3344133344131,174.7
1993-07-01,PCU3344133344131,173.0
1993-08-01,PCU3344133344131,172.7
1993-09-01,PCU3344133344131,172.8
1993-10-01,PCU3344133344131,174.6
1993-11-01,PCU3344133344131,175.9
1993-12-01,PCU3344133344131,174.1
1994-01-01,PCU3344133344131,173.9
1994-02-01,PCU3344133344131,173.3
1994-03-01,PCU3344133344131,172.7
1994-04-01,PCU3344133344131,173.3
1994-05-01,PCU3344133344131,174.8
1994-06-01,PCU3344133344131,175.1
1994-07-01,PCU3344133344131,174.5
1994-08-01,PCU3344133344131,171.9
1994-09-01,PCU3344133344131,170.5
1994-10-01,PCU3344133344131,167.8
1994-11-01,PCU3344133344131,167.4
1994-12-01,PCU3344133344131,166.4
1995-01-01,PCU3344133344131,164.4
1995-02-01,PCU3344133344131,166.8
1995-03-01,PCU3344133344131,160.4
1995-04-01,PCU3344133344131,159.9
1995-05-01,PCU3344133344131,159.1
1995-06-01,PCU3344133344131,159.1
1995-07-01,PCU3344133344131,156.0
1995-08-01,PCU3344133344131,154.6
1995-09-01,PCU3344133344131,154.9
1995-10-01,PCU3344133344131,154.8
1995-11-01,PCU3344133344131,154.8
1995-12-01,PCU3344133344131,153.2
1996-01-01,PCU3344133344131,153.1
1996-02-01,PCU3344133344131,151.7
1996-03-01,PCU3344133344131,145.7
1996-04-01,PCU3344133344131,141.7
1996-05-01,PCU3344133344131,138.9
1996-06-01,PCU3344133344131,136.9
1996-07-01,PCU3344133344131,137.5
1996-08-01,PCU3344133344131,138.1
1996-09-01,PCU3344133344131,138.0
1996-10-01,PCU3344133344131,133.3
1996-11-01,PCU3344133344131,133.2
1996-12-01,PCU3344133344131,132.4
1997-01-01,PCU3344133344131,129.3
1997-02-01,PCU3344133344131,127.0
1997-03-01,PCU3344133344131,126.9
1997-04-01,PCU3344133344131,125.7
1997-05-01,PCU3344133344131,121.2
1997-06-01,PCU3344133344131,121.6
1997-07-01,PCU3344133344131,121.5
1997-08-01,PCU3344133344131,114.1
1997-09-01,PCU3344133344131,113.8
1997-10-01,PCU3344133344131,110.8
1997-11-01,PCU3344133344131,109.2
1997-12-01,PCU3344133344131,108.7
1998-01-01,PCU3344133344131,106.9
1998-02-01,PCU3344133344131,105.1
1998-03-01,PCU3344133344131,105.1
1998-04-01,PCU3344133344131,104.4
1998-05-01,PCU3344133344131,103.2
1998-06-01,PCU3344133344131,102.8
1998-07-01,PCU3344133344131,102.3
1998-08-01,PCU3344133344131,101.5
1998-09-01,PCU3344133344131,100.1
1998-10-01,PCU3344133344131,100.1
1998-11-01,PCU3344133344131,100.0
1998-12-01,PCU3344133344131,100.0
1999-01-01,PCU3344133344131,99.1
1999-02-01,PCU3344133344131,98.6
1999-03-01,PCU3344133344131,98.2
1999-04-01,PCU3344133344131,97.7
1999-05-01,PCU3344133344131,97.5
1999-06-01,PCU3344133344131,95.8
1999-07-01,PCU3344133344131,95.3
1999-08-01,PCU3344133344131,95.0
1999-09-01,PCU3344133344131,96.4
1999-10-01,PCU3344133344131,97.3
1999-11-01,PCU3344133344131,97.2
1999-12-01,PCU3344133344131,96.1
2000-01-01,PCU3344133344131,94.1
2000-02-01,PCU3344133344131,91.7
2000-03-01,PCU3344133344131,90.8
2000-04-01,PCU3344133344131,90.5
2000-05-01,PCU3344133344131,89.7
2000-06-01,PCU3344133344131,90.0
2000-07-01,PCU3344133344131,90.8
2000-08-01,PCU3344133344131,90.5
2000-09-01,PCU3344133344131,90.6
2000-10-01,PCU3344133344131,89.0
2000-11-01,PCU3344133344131,88.2
2000-12-01,PCU3344133344131,88.0
2001-01-01,PCU3344133344131,87.8
2001-02-01,PCU3344133344131,86.8
2001-03-01,PCU3344133344131,86.4
2001-04-01,PCU3344133344131,85.8
2001-05-01,PCU3344133344131,85.6
2001-06-01,PCU3344133344131,84.5
2001-07-01,PCU3344133344131,83.2
2001-08-01,PCU3344133344131,82.4
2001-09-01,PCU3344133344131,82.4
2001-10-01,PCU3344133344131,81.9
2001-11-01,PCU3344133344131,82.1
2001-12-01,PCU3344133344131,82.7
2002-01-01,PCU3344133344131,82.9
2002-02-01,PCU3344133344131,83.3
2002-03-01,PCU3344133344131,83.6
2002-04-01,PCU3344133344131,82.1
2002-05-01,PCU3344133344131,81.6
2002-06-01,PCU3344133344131,81.3
2002-07-01,PCU3344133344131,81.5
2002-08-01,PCU3344133344131,81.5
2002-09-01,PCU3344133344131,81.1
2002-10-01,PCU3344133344131,80.9
2002-11-01,PCU3344133344131,80.9
2002-12-01,PCU3344133344131,77.1
2003-01-01,PCU3344133344131,77.0
2003-02-01,PCU3344133344131,76.5
2003-03-01,PCU3344133344131,76.3
2003-04-01,PCU3344133344131,76.3
2003-05-01,PCU3344133344131,76.5
2003-06-01,PCU3344133344131,75.3
2003-07-01,PCU3344133344131,75.5
2003-08-01,PCU3344133344131,69.5
2003-09-01,PCU3344133344131,67.3
2003-10-01,PCU3344133344131,67.4
2003-11-01,PCU3344133344131,68.4
2003-12-01,PCU3344133344131,66.3
2004-01-01,PCU3344133344131,66.1
2004-02-01,PCU3344133344131,66.7
2004-03-01,PCU3344133344131,66.2
2004-04-01,PCU3344133344131,66.8
2004-05-01,PCU3344133344131,66.7
2004-06-01,PCU3344133344131,67.2
2004-07-01,PCU3344133344131,66.8
2004-08-01,PCU3344133344131,66.5
2004-09-01,PCU3344133344131,66.1
2004-10-01,PCU3344133344131,65.7
2004-11-01,PCU3344133344131,65.4
2004-12-01,PCU3344133344131,66.1
2005-01-01,PCU3344133344131,65.4
2005-02-01,PCU3344133344131,65.2
2005-03-01,PCU3344133344131,64.9
2005-04-01,PCU3344133344131,64.8
2005-05-01,PCU3344133344131,64.8
2005-06-01,PCU3344133344131,64.5
2005-07-01,PCU3344133344131,65.7
2005-08-01,PCU3344133344131,66.1
2005-09-01,PCU3344133344131,64.5
2005-10-01,PCU3344133344131,63.6
2005-11-01,PCU3344133344131,61.4
2005-12-01,PCU3344133344131,60.2
2006-01-01,PCU3344133344131,59.3
2006-02-01,PCU3344133344131,58.7
2006-03-01,PCU3344133344131,58.5
2006-04-01,PCU3344133344131,59.5
2006-05-01,PCU3344133344131,59.9
2006-06-01,PCU3344133344131,59.5
2006-07-01,PCU3344133344131,59.5
2006-08-01,PCU3344133344131,59.4
2006-09-01,PCU3344133344131,60.6
2006-10-01,PCU3344133344131,59.5
2006-11-01,PCU3344133344131,59.6
2006-12-01,PCU3344133344131,59.5
2007-01-01,PCU3344133344131,58.5
2007-02-01,PCU3344133344131,53.2
2007-03-01,PCU3344133344131,51.3
2007-04-01,PCU3344133344131,51.4
2007-05-01,PCU3344133344131,49.9
2007-06-01,PCU3344133344131,50.6
2007-07-01,PCU3344133344131,48.6
2007-08-01,PCU3344133344131,47.3
2007-09-01,PCU3344133344131,46.6
2007-10-01,PCU3344133344131,45.6
2007-11-01,PCU3344133344131,45.3
2007-12-01,PCU3344133344131,44.2
2008-01-01,PCU3344133344131,43.9
2008-02-01,PCU3344133344131,43.9
2008-03-01,PCU3344133344131,43.9
2008-04-01,PCU3344133344131,43.8
2008-05-01,PCU3344133344131,43.9
2008-06-01,PCU3344133344131,44.0
2008-07-01,PCU3344133344131,43.6
2008-08-01,PCU3344133344131,43.3
2008-09-01,PCU3344133344131,43.0
2008-10-01,PCU3344133344131,43.4
2008-11-01,PCU3344133344131,42.6
2008-12-01,PCU3344133344131,42.3
2009-01-01,PCU3344133344131,41.4
2009-02-01,PCU3344133344131,41.9
2009-03-01,PCU3344133344131,41.2
2009-04-01,PCU3344133344131,40.7
2009-05-01,PCU3344133344131,40.9
2009-06-01,PCU3344133344131,40.8
2009-07-01,PCU3344133344131,40.3
2009-08-01,PCU3344133344131,40.4
2009-09-01,PCU3344133344131,40.4
2009-10-01,PCU3344133344131,40.7
2009-11-01,PCU3344133344131,41.4
2009-12-01,PCU3344133344131,41.2
2010-05-01,PCU3344133344131,40.8
2010-06-01,PCU3344133344131,40.1
2010-07-01,PCU3344133344131,40.4
2010-08-01,PCU3344133344131,39.4
2010-09-01,PCU3344133344131,38.9
2010-10-01,PCU3344133344131,38.3
2010-11-01,PCU3344133344131,36.4
2010-12-01,PCU3344133344131,35.8
2011-01-01,PCU3344133344131,35.6
2011-02-01,PCU3344133344131,36.3
2011-03-01,PCU3344133344131,36.0
2011-04-01,PCU3344133344131,35.8
2011-05-01,PCU3344133344131,35.9
2011-06-01,PCU3344133344131,35.9
2011-07-01,PCU3344133344131,35.5
2011-08-01,PCU3344133344131,35.0
2011-09-01,PCU3344133344131,33.8
2011-10-01,PCU3344133344131,33.6
2011-11-01,PCU3344133344131,32.6
2011-12-01,PCU3344133344131,31.6
2012-01-01,PCU3344133344131,31.0
2012-02-01,PCU3344133344131,31.2
2012-03-01,PCU3344133344131,31.1
2012-04-01,PCU3344133344131,31.2
2012-05-01,PCU3344133344131,31.2
2012-06-01,PCU3344133344131,30.7
2012-07-01,PCU3344133344131,30.6
2012-08-01,PCU3344133344131,30.4
2012-09-01,PCU3344133344131,30.3
2012-10-01,PCU3344133344131,30.3
2012-11-01,PCU3344133344131,30.2
2012-12-01,PCU3344133344131,29.9
2013-01-01,PCU3344133344131,30.0
2013-02-01,PCU3344133344131,30.0
2013-03-01,PCU3344133344131,29.7
2013-04-01,PCU3344133344131,30.2
2013-05-01,PCU3344133344131,30.6
2013-06-01,PCU3344133344131,30.7
2013-07-01,PCU3344133344131,30.8
2013-08-01,PCU3344133344131,30.6
2013-09-01,PCU3344133344131,30.2
2013-10-01,PCU3344133344131,30.3
2013-11-01,PCU3344133344131,30.3
2013-12-01,PCU3344133344131,30.3
2014-01-01,PCU3344133344131,29.6
2014-02-01,PCU3344133344131,29.5
2014-03-01,PCU3344133344131,29.3
2014-04-01,PCU3344133344131,29.3
2014-05-01,PCU3344133344131,29.2
2014-06-01,PCU3344133344131,29.2
2014-07-01,PCU3344133344131,29.3
2014-08-01,PCU3344133344131,29.3
2014-09-01,PCU3344133344131,29.3
2014-10-01,PCU3344133344131,29.3
2014-11-01,PCU3344133344131,29.2
2014-12-01,PCU3344133344131,29.2
2015-01-01,PCU3344133344131,29.1
2015-02-01,PCU3344133344131,29.3
2015-03-01,PCU3344133344131,29.1
2015-04-01,PCU3344133344131,29.0
2015-05-01,PCU3344133344131,29.1
2015-06-01,PCU3344133344131,28.6
2015-07-01,PCU3344133344131,28.8
2015-08-01,PCU3344133344131,28.5
2016-04-01,PCU3344133344131,28.0
2016-05-01,PCU3344133344131,27.9
2016-06-01,PCU3344133344131,27.6
2016-07-01,PCU3344133344131,27.7
2016-08-01,PCU3344133344131,27.6
2016-09-01,PCU3344133344131,27.6
2016-10-01,PCU3344133344131,27.4
2016-11-01,PCU3344133344131,27.3
2016-12-01,PCU3344133344131,27.3
2017-01-01,PCU3344133344131,27.9
2017-02-01,PCU3344133344131,27.9
2017-03-01,PCU3344133344131,27.8
2017-04-01,PCU3344133344131,28.3
2017-05-01,PCU3344133344131,28.2
2017-06-01,PCU3344133344131,28.2
2017-07-01,PCU3344133344131,27.1
2017-08-01,PCU3344133344131,26.9
2017-09-01,PCU3344133344131,26.4
2017-10-01,PCU3344133344131,26.4
2017-11-01,PCU3344133344131,26.3
2017-12-01,PCU3344133344131,26.3
2018-01-01,PCU3344133344131,26.5
2018-02-01,PCU3344133344131,26.5
2018-03-01,PCU3344133344131,26.4
2018-04-01,PCU3344133344131,26.5
2018-05-01,PCU3344133344131,26.3
2018-06-01,PCU3344133344131,26.3
2018-07-01,PCU3344133344131,25.7
2018-08-01,PCU3344133344131,25.1
2018-09-01,PCU3344133344131,25.1
2018-10-01,PCU3344133344131,24.8
2018-11-01,PCU3344133344131,24.8
2018-12-01,PCU3344133344131,24.7
2019-01-01,PCU3344133344131,24.1
2019-02-01,PCU3344133344131,24.0
2019-03-01,PCU3344133344131,24.0
2019-04-01,PCU3344133344131,24.2
2019-05-01,PCU3344133344131,24.2
2019-06-01,PCU3344133344131,24.2
2019-07-01,PCU3344133344131,24.2
2019-08-01,PCU3344133344131,24.3
2019-09-01,PCU3344133344131,24.3
2019-10-01,PCU3344133344131,24.3
2019-11-01,PCU3344133344131,24.2
2019-12-01,PCU3344133344131,24.3
2020-01-01,PCU3344133344131,24.1
2020-02-01,PCU3344133344131,24.1
2020-03-01,PCU3344133344131,24.0
2020-04-01,PCU3344133344131,23.1
2020-05-01,PCU3344133344131,23.1
2020-06-01,PCU3344133344131,23.1
2020-07-01,PCU3344133344131,22.8
2020-08-01,PCU3344133344131,22.7
2020-09-01,PCU3344133344131,22.7
2020-10-01,PCU3344133344131,21.6
2020-11-01,PCU3344133344131,21.6
2020-12-01,PCU3344133344131,21.8
2021-01-01,PCU3344133344131,21.6
2021-02-01,PCU3344133344131,21.6
2021-03-01,PCU3344133344131,21.7
2021-04-01,PCU3344133344131,21.6
2021-05-01,PCU3344133344131,21.7
2021-06-01,PCU3344133344131,21.8
2021-07-01,PCU3344133344131,21.387
2021-08-01,PCU3344133344131,21.421
2021-09-01,PCU3344133344131,21.444
2021-10-01,PCU3344133344131,21.172
2021-11-01,PCU3344133344131,21.4
2021-12-01,PCU3344133344131,21.502
2022-01-01,PCU3344133344131,21.673
2022-02-01,PCU3344133344131,21.637
2022-03-01,PCU3344133344131,21.654
2022-04-01,PCU3344133344131,21.844
2022-05-01,PCU3344133344131,21.988
2022-06-01,PCU3344133344131,22.187
2022-07-01,PCU3344133344131,22.037
2022-08-01,PCU3344133344131,21.965
2022-09-01,PCU3344133344131,22.084
2022-10-01,PCU3344133344131,22.715
2022-11-01,PCU3344133344131,22.757
2022-12-01,PCU3344133344131,22.771
2023-01-01,PCU3344133344131,22.602
2023-02-01,PCU3344133344131,22.642
2023-03-01,PCU3344133344131,22.546
2023-04-01,PCU3344133344131,22.244
2023-05-01,PCU3344133344131,22.126
2023-06-01,PCU3344133344131,22.208
2023-07-01,PCU3344133344131,21.839
2023-08-01,PCU3344133344131,21.858
2023-09-01,PCU3344133344131,21.818
2023-10-01,PCU3344133344131,21.635
2023-11-01,PCU3344133344131,21.757
2023-12-01,PCU3344133344131,21.582
2024-01-01,PCU3344133344131,21.618
2024-02-01,PCU3344133344131,21.574
2024-03-01,PCU3344133344131,21.529
2024-04-01,PCU3344133344131,21.591
2024-05-01,PCU3344133344131,21.507
2025-08-01,PCU3344133344131,19.816
2025-09-01,PCU3344133344131,19.822
2025-10-01,PCU3344133344131,20.044
2025-11-01,PCU3344133344131,20.043
2025-12-01,PCU3344133344131,20.06
2026-01-01,PCU3344133344131,19.943
2026-02-01,PCU3344133344131,20.539
2026-03-01,PCU3344133344131,20.535
2026-04-01,PCU3344133344131,20.948
2026-05-01,PCU3344133344131,20.918
2026-06-01,PCU3344133344131,20.934
2026-07-01,PCU3344133344131,20.049
2026-08-01,PCU3344133344131,20.102
1981-06-01,PCU33441333441312,308726.1
1981-07-01,PCU33441333441312,306760.4
1981-08-01,PCU33441333441312,306760.4
1981-09-01,PCU33441333441312,312037.8
1981-10-01,PCU33441333441312,312396.3
1981-11-01,PCU33441333441312,312398.4
1981-12-01,PCU33441333441312,312398.4
1982-01-01,PCU33441333441312,309377.2
1982-02-01,PCU33441333441312,309377.2
1982-03-01,PCU33441333441312,306485.1
1982-04-01,PCU33441333441312,302393.5
1982-05-01,PCU33441333441312,298397.7
1982-06-01,PCU33441333441312,290933.0
1982-07-01,PCU33441333441312,289092.1
1982-08-01,PCU33441333441312,286673.8
1982-09-01,PCU33441333441312,291552.0
1982-12-01,PCU33441333441312,305087.2
1983-01-01,PCU33441333441312,305087.2
1983-02-01,PCU33441333441312,299900.9
1983-03-01,PCU33441333441312,294030.7
1983-04-01,PCU33441333441312,286293.4
1983-05-01,PCU33441333441312,290225.4
1983-06-01,PCU33441333441312,291254.1
1983-07-01,PCU33441333441312,281282.8
1983-08-01,PCU33441333441312,277659.9
1983-09-01,PCU33441333441312,277440.7
1983-10-01,PCU33441333441312,287628.7
1983-11-01,PCU33441333441312,290200.7
1983-12-01,PCU33441333441312,269852.2
1984-01-01,PCU33441333441312,299289.6
1984-02-01,PCU33441333441312,311909.7
1984-03-01,PCU33441333441312,306786.4
1984-04-01,PCU33441333441312,300852.0
1984-05-01,PCU33441333441312,302241.3
1984-06-01,PCU33441333441312,305909.3
1984-07-01,PCU33441333441312,297544.0
1984-08-01,PCU33441333441312,297544.0
1984-09-01,PCU33441333441312,297544.0
1984-10-01,PCU33441333441312,303041.2
1984-11-01,PCU33441333441312,303041.2
1984-12-01,PCU33441333441312,291307.5
1985-01-01,PCU33441333441312,281997.8
1985-02-01,PCU33441333441312,280809.9
1985-03-01,PCU33441333441312,278435.4
1985-04-01,PCU33441333441312,277247.5
1985-05-01,PCU33441333441312,272496.8
1985-06-01,PCU33441333441312,261809.0
1985-07-01,PCU33441333441312,259434.6
1985-08-01,PCU33441333441312,259434.6
1986-02-01,PCU33441333441312,259531.5
1986-03-01,PCU33441333441312,259531.5
1986-04-01,PCU33441333441312,259531.5
1986-05-01,PCU33441333441312,259531.5
1986-07-01,PCU33441333441312,262586.7
1986-08-01,PCU33441333441312,262586.7
1986-09-01,PCU33441333441312,251398.7
1986-10-01,PCU33441333441312,251398.7
1986-11-01,PCU33441333441312,251398.7
1986-12-01,PCU33441333441312,251569.8
1987-01-01,PCU33441333441312,250842.1
1987-02-01,PCU33441333441312,238641.3
1987-03-01,PCU33441333441312,240251.0
1987-04-01,PCU33441333441312,239022.8
1987-05-01,PCU33441333441312,239022.8
1987-06-01,PCU33441333441312,239022.8
1987-07-01,PCU33441333441312,239157.8
1987-08-01,PCU33441333441312,239157.8
1987-09-01,PCU33441333441312,239157.8
1987-10-01,PCU33441333441312,239157.8
1987-11-01,PCU33441333441312,239262.1
1987-12-01,PCU33441333441312,239262.1
1988-01-01,PCU33441333441312,237536.0
1988-02-01,PCU33441333441312,237536.0
1988-03-01,PCU33441333441312,209519.4
1988-04-01,PCU33441333441312,209519.4
1988-05-01,PCU33441333441312,209519.4
1988-06-01,PCU33441333441312,209519.4
1988-07-01,PCU33441333441312,209519.4
1988-08-01,PCU33441333441312,239691.6
1988-09-01,PCU33441333441312,239691.6
1988-10-01,PCU33441333441312,239691.6
1988-11-01,PCU33441333441312,231356.9
1988-12-01,PCU33441333441312,235689.8
1989-01-01,PCU33441333441312,235609.0
1989-02-01,PCU33441333441312,238703.9
1989-03-01,PCU33441333441312,238703.9
1989-04-01,PCU33441333441312,238703.9
1989-05-01,PCU33441333441312,238703.9
1989-06-01,PCU33441333441312,238703.9
1989-07-01,PCU33441333441312,238703.9
1989-08-01,PCU33441333441312,238703.9
1989-09-01,PCU33441333441312,238703.9
1989-10-01,PCU33441333441312,243324.0
1989-11-01,PCU33441333441312,245263.4
1989-12-01,PCU33441333441312,245263.4
1990-01-01,PCU33441333441312,245263.4
1990-02-01,PCU33441333441312,245263.4
1990-03-01,PCU33441333441312,245263.4
1990-04-01,PCU33441333441312,245263.4
1990-05-01,PCU33441333441312,245263.4
1990-06-01,PCU33441333441312,245263.4
1990-07-01,PCU33441333441312,245263.4
1990-08-01,PCU33441333441312,245263.4
1990-09-01,PCU33441333441312,245263.4
1990-10-01,PCU33441333441312,247210.6
1990-11-01,PCU33441333441312,247210.6
1990-12-01,PCU33441333441312,247210.6
1991-01-01,PCU33441333441312,247210.6
1991-02-01,PCU33441333441312,226429.3
1991-03-01,PCU33441333441312,231804.8
1991-04-01,PCU33441333441312,231804.8
1991-05-01,PCU33441333441312,228707.4
1991-06-01,PCU33441333441312,228707.4
1991-07-01,PCU33441333441312,219095.5
1991-08-01,PCU33441333441312,223388.3
1991-09-01,PCU33441333441312,214944.4
1991-10-01,PCU33441333441312,212889.2
1991-11-01,PCU33441333441312,216183.0
1991-12-01,PCU33441333441312,228664.5
1992-01-01,PCU33441333441312,221340.9
1992-02-01,PCU33441333441312,217349.3
1992-03-01,PCU33441333441312,222452.9
1992-04-01,PCU33441333441312,224377.5
1992-05-01,PCU33441333441312,224200.9
1992-06-01,PCU33441333441312,215880.4
1992-07-01,PCU33441333441312,211780.9
1992-08-01,PCU33441333441312,215155.2
1992-09-01,PCU33441333441312,210437.0
1992-10-01,PCU33441333441312,211348.0
1992-11-01,PCU33441333441312,209680.3
1992-12-01,PCU33441333441312,212571.8
1993-01-01,PCU33441333441312,205497.4
1993-02-01,PCU33441333441312,207518.6
1993-03-01,PCU33441333441312,207518.6
1993-04-01,PCU33441333441312,215806.0
1993-05-01,PCU33441333441312,215806.0
1993-06-01,PCU33441333441312,215806.0
1993-07-01,PCU33441333441312,215806.0
1993-08-01,PCU33441333441312,214253.8
1993-09-01,PCU33441333441312,217993.0
1993-10-01,PCU33441333441312,214253.8
1993-11-01,PCU33441333441312,223046.6
1993-12-01,PCU33441333441312,217993.4
1994-01-01,PCU33441333441312,223956.1
1994-02-01,PCU33441333441312,222844.4
1994-03-01,PCU33441333441312,217993.4
1994-04-01,PCU33441333441312,217993.4
1994-05-01,PCU33441333441312,211019.8
1994-06-01,PCU33441333441312,212535.7
1994-07-01,PCU33441333441312,208498.2
1994-08-01,PCU33441333441312,202037.8
1994-09-01,PCU33441333441312,200431.5
1994-10-01,PCU33441333441312,200680.0
1994-11-01,PCU33441333441312,196661.6
1994-12-01,PCU33441333441312,191851.3
1995-01-01,PCU33441333441312,189986.7
1995-02-01,PCU33441333441312,203923.5
1995-03-01,PCU33441333441312,171032.4
1995-04-01,PCU33441333441312,166996.1
1995-05-01,PCU33441333441312,164096.3
1995-06-01,PCU33441333441312,163554.8
1995-07-01,PCU33441333441312,155526.3
1995-08-01,PCU33441333441312,147472.3
1995-09-01,PCU33441333441312,145325.4
1995-10-01,PCU33441333441312,145325.4
1995-11-01,PCU33441333441312,145325.4
1995-12-01,PCU33441333441312,137794.6
1996-01-01,PCU33441333441312,137794.6
1996-02-01,PCU33441333441312,123464.5
1996-03-01,PCU33441333441312,119693.4
1996-04-01,PCU33441333441312,120258.1
1996-05-01,PCU33441333441312,127388.1
1996-06-01,PCU33441333441312,127191.8
1996-07-01,PCU33441333441312,131970.8
1996-08-01,PCU33441333441312,131970.8
1996-09-01,PCU33441333441312,131970.8
1996-10-01,PCU33441333441312,123246.5
1996-11-01,PCU33441333441312,123246.5
1996-12-01,PCU33441333441312,123246.5
1997-01-01,PCU33441333441312,122562.1
1997-02-01,PCU33441333441312,110034.9
1997-03-01,PCU33441333441312,109922.9
1997-04-01,PCU33441333441312,109085.6
1997-05-01,PCU33441333441312,86160.5
1997-06-01,PCU33441333441312,86160.5
1997-07-01,PCU33441333441312,86694.3
1997-08-01,PCU33441333441312,53405.0
1997-09-01,PCU33441333441312,53411.5
1997-10-01,PCU33441333441312,53411.5
1997-11-01,PCU33441333441312,46121.8
1997-12-01,PCU33441333441312,46121.8
1998-01-01,PCU33441333441312,43477.6
1998-02-01,PCU33441333441312,36005.2
1998-03-01,PCU33441333441312,36005.2
1998-04-01,PCU33441333441312,34659.1
1998-05-01,PCU33441333441312,29658.4
1998-06-01,PCU33441333441312,26545.5
1998-07-01,PCU33441333441312,26064.5
1998-08-01,PCU33441333441312,22961.8
1998-09-01,PCU33441333441312,19751.7
1998-10-01,PCU33441333441312,19603.8
1998-11-01,PCU33441333441312,17210.9
1998-12-01,PCU33441333441312,17210.9
1999-01-01,PCU33441333441312,15897.6
1999-02-01,PCU33441333441312,15558.2
1999-03-01,PCU33441333441312,13868.7
1999-04-01,PCU33441333441312,12865.0
1999-05-01,PCU33441333441312,11378.3
1999-06-01,PCU33441333441312,10886.2
1999-07-01,PCU33441333441312,10886.2
1999-08-01,PCU33441333441312,9872.3
1999-09-01,PCU33441333441312,7905.5
1999-10-01,PCU33441333441312,7905.5
1999-11-01,PCU33441333441312,7220.1
1999-12-01,PCU33441333441312,7057.8
2000-01-01,PCU33441333441312,7007.2
2000-02-01,PCU33441333441312,5849.9
2000-03-01,PCU33441333441312,4554.7
2000-04-01,PCU33441333441312,4549.8
2000-05-01,PCU33441333441312,3914.1
2000-06-01,PCU33441333441312,3229.6
2000-07-01,PCU33441333441312,3241.6
2000-08-01,PCU33441333441312,2952.8
2000-09-01,PCU33441333441312,2609.1
2000-10-01,PCU33441333441312,2501.8
2000-11-01,PCU33441333441312,2162.9
2000-12-01,PCU33441333441312,2103.0
2001-01-01,PCU33441333441312,2099.3
2001-02-01,PCU33441333441312,1932.3
2001-03-01,PCU33441333441312,1854.6
2001-04-01,PCU33441333441312,1801.8
2001-05-01,PCU33441333441312,1725.5
2001-06-01,PCU33441333441312,1608.2
2001-07-01,PCU33441333441312,1608.2
2001-08-01,PCU33441333441312,1597.7
2001-09-01,PCU33441333441312,1406.4
2001-10-01,PCU33441333441312,1406.4
2001-11-01,PCU33441333441312,1406.4
2001-12-01,PCU33441333441312,1289.1
2002-01-01,PCU33441333441312,1193.5
2002-02-01,PCU33441333441312,1074.7
2002-03-01,PCU33441333441312,1043.2
2002-04-01,PCU33441333441312,1037.3
2002-05-01,PCU33441333441312,982.9
2002-06-01,PCU33441333441312,850.2
2002-07-01,PCU33441333441312,847.8
2002-08-01,PCU33441333441312,840.9
2002-09-01,PCU33441333441312,786.4
2002-10-01,PCU33441333441312,786.4
2002-11-01,PCU33441333441312,701.7
2002-12-01,PCU33441333441312,687.2
2003-01-01,PCU33441333441312,687.2
2003-02-01,PCU33441333441312,680.8
2003-03-01,PCU33441333441312,578.4
2003-04-01,PCU33441333441312,578.4
2003-05-01,PCU33441333441312,500.3
2003-06-01,PCU33441333441312,420.0
2003-07-01,PCU33441333441312,417.9
2003-08-01,PCU33441333441312,415.2
2003-09-01,PCU33441333441312,376.0
2003-10-01,PCU33441333441312,362.8
2003-11-01,PCU33441333441312,324.8
2003-12-01,PCU33441333441312,324.8
2004-01-01,PCU33441333441312,324.8
2004-02-01,PCU33441333441312,324.8
2004-03-01,PCU33441333441312,307.1
2004-04-01,PCU33441333441312,291.4
2004-05-01,PCU33441333441312,291.4
2004-06-01,PCU33441333441312,289.2
2004-07-01,PCU33441333441312,289.2
2004-08-01,PCU33441333441312,281.6
2004-09-01,PCU33441333441312,248.0
2004-10-01,PCU33441333441312,248.0
2004-11-01,PCU33441333441312,244.4
2004-12-01,PCU33441333441312,244.4
2005-01-01,PCU33441333441312,244.4
2005-02-01,PCU33441333441312,237.9
2005-03-01,PCU33441333441312,232.5
2005-04-01,PCU33441333441312,232.5
2005-05-01,PCU33441333441312,231.1
2005-06-01,PCU33441333441312,231.1
2005-07-01,PCU33441333441312,231.1
2005-08-01,PCU33441333441312,220.1
2005-09-01,PCU33441333441312,191.4
2005-10-01,PCU33441333441312,191.4
2005-11-01,PCU33441333441312,190.4
2005-12-01,PCU33441333441312,190.4
2006-01-01,PCU33441333441312,186.3
2006-02-01,PCU33441333441312,185.4
2006-03-01,PCU33441333441312,185.4
2006-04-01,PCU33441333441312,185.4
2006-05-01,PCU33441333441312,168.1
2006-06-01,PCU33441333441312,157.0
2006-07-01,PCU33441333441312,157.0
2006-08-01,PCU33441333441312,133.2
2006-09-01,PCU33441333441312,133.2
2006-10-01,PCU33441333441312,133.2
2006-11-01,PCU33441333441312,125.4
2006-12-01,PCU33441333441312,125.4
2007-01-01,PCU33441333441312,125.4
2007-02-01,PCU33441333441312,114.8
2007-03-01,PCU33441333441312,114.8
2007-04-01,PCU33441333441312,113.4
2007-05-01,PCU33441333441312,100.1
2007-06-01,PCU33441333441312,100.0
2007-07-01,PCU33441333441312,99.7
2007-08-01,PCU33441333441312,92.3
2007-09-01,PCU33441333441312,82.7
2007-10-01,PCU33441333441312,82.5
2007-11-01,PCU33441333441312,80.6
2007-12-01,PCU33441333441312,80.6
2008-01-01,PCU33441333441312,77.8
2008-02-01,PCU33441333441312,76.7
2008-03-01,PCU33441333441312,75.9
2008-04-01,PCU33441333441312,74.2
2008-05-01,PCU33441333441312,74.2
2008-06-01,PCU33441333441312,74.2
2008-07-01,PCU33441333441312,74.1
2008-08-01,PCU33441333441312,72.3
2008-09-01,PCU33441333441312,72.3
2008-10-01,PCU33441333441312,72.3
2008-11-01,PCU33441333441312,69.0
2008-12-01,PCU33441333441312,68.9
2009-01-01,PCU33441333441312,66.7
2009-02-01,PCU33441333441312,66.6
2009-03-01,PCU33441333441312,66.6
2009-04-01,PCU33441333441312,65.1
2009-05-01,PCU33441333441312,65.1
2009-06-01,PCU33441333441312,60.9
2009-07-01,PCU33441333441312,60.0
2009-08-01,PCU33441333441312,60.0
2009-09-01,PCU33441333441312,57.8
2009-10-01,PCU33441333441312,57.6
2009-11-01,PCU33441333441312,57.5
2009-12-01,PCU33441333441312,57.5
2010-01-01,PCU33441333441312,57.4
2010-02-01,PCU33441333441312,57.4
2010-03-01,PCU33441333441312,56.5
2010-04-01,PCU33441333441312,56.5
2010-05-01,PCU33441333441312,56.5
2010-06-01,PCU33441333441312,56.4
2010-07-01,PCU33441333441312,56.0
2010-08-01,PCU33441333441312,55.3
2010-09-01,PCU33441333441312,53.9
2010-10-01,PCU33441333441312,53.9
2010-11-01,PCU33441333441312,54.2
2010-12-01,PCU33441333441312,54.1
2011-01-01,PCU33441333441312,53.0
2011-02-01,PCU33441333441312,53.0
2011-03-01,PCU33441333441312,53.0
2011-04-01,PCU33441333441312,52.9
2011-05-01,PCU33441333441312,53.0
2011-06-01,PCU33441333441312,52.7
2011-07-01,PCU33441333441312,51.5
2011-08-01,PCU33441333441312,51.6
2011-09-01,PCU33441333441312,51.6
2011-10-01,PCU33441333441312,51.2
2011-11-01,PCU33441333441312,51.1
2011-12-01,PCU33441333441312,51.1
2012-01-01,PCU33441333441312,51.1
2012-02-01,PCU33441333441312,51.0
2012-03-01,PCU33441333441312,51.0
2012-04-01,PCU33441333441312,51.0
2012-05-01,PCU33441333441312,51.0
2012-06-01,PCU33441333441312,50.7
2012-07-01,PCU33441333441312,50.7
2012-08-01,PCU33441333441312,50.4
2012-09-01,PCU33441333441312,50.5
2012-10-01,PCU33441333441312,50.4
2012-11-01,PCU33441333441312,50.0
2012-12-01,PCU33441333441312,49.9
2013-01-01,PCU33441333441312,49.8
2013-02-01,PCU33441333441312,49.7
2013-03-01,PCU33441333441312,48.7
2013-04-01,PCU33441333441312,48.7
2013-05-01,PCU33441333441312,48.7
2013-06-01,PCU33441333441312,48.6
2013-07-01,PCU33441333441312,48.6
2013-08-01,PCU33441333441312,48.6
2013-09-01,PCU33441333441312,48.6
2013-10-01,PCU33441333441312,48.6
2013-11-01,PCU33441333441312,48.5
2013-12-01,PCU33441333441312,48.4
2014-01-01,PCU33441333441312,46.8
2014-02-01,PCU33441333441312,46.8
2014-03-01,PCU33441333441312,46.8
2014-04-01,PCU33441333441312,46.4
2014-05-01,PCU33441333441312,46.4
2014-06-01,PCU33441333441312,46.4
2014-07-01,PCU33441333441312,46.3
2014-08-01,PCU33441333441312,46.3
2014-09-01,PCU33441333441312,46.3
2014-10-01,PCU33441333441312,46.3
2014-11-01,PCU33441333441312,46.3
2014-12-01,PCU33441333441312,46.3
2015-01-01,PCU33441333441312,46.3
2015-02-01,PCU33441333441312,46.3
2015-03-01,PCU33441333441312,46.1
2005-06-01,PCU33441333441314,100.0
2005-07-01,PCU33441333441314,101.8
2005-08-01,PCU33441333441314,102.4
2005-09-01,PCU33441333441314,100.1
2005-10-01,PCU33441333441314,98.6
2005-11-01,PCU33441333441314,95.2
2005-12-01,PCU33441333441314,93.2
2006-01-01,PCU33441333441314,92.0
2006-02-01,PCU33441333441314,91.1
2006-03-01,PCU33441333441314,90.7
2006-04-01,PCU33441333441314,92.3
2006-05-01,PCU33441333441314,92.9
2006-06-01,PCU33441333441314,92.3
2006-07-01,PCU33441333441314,92.3
2006-08-01,PCU33441333441314,92.2
2006-09-01,PCU33441333441314,94.0
2006-10-01,PCU33441333441314,92.3
2006-11-01,PCU33441333441314,92.4
2006-12-01,PCU33441333441314,92.4
2007-01-01,PCU33441333441314,90.7
2007-02-01,PCU33441333441314,82.3
2007-03-01,PCU33441333441314,79.1
2007-04-01,PCU33441333441314,79.3
2007-05-01,PCU33441333441314,77.9
2007-06-01,PCU33441333441314,79.1
2007-07-01,PCU33441333441314,75.7
2007-08-01,PCU33441333441314,74.0
2007-09-01,PCU33441333441314,73.6
2007-10-01,PCU33441333441314,71.8
2007-11-01,PCU33441333441314,71.5
2007-12-01,PCU33441333441314,69.6
2008-01-01,PCU33441333441314,69.3
2008-02-01,PCU33441333441314,69.4
2008-03-01,PCU33441333441314,69.5
2008-04-01,PCU33441333441314,69.4
2008-05-01,PCU33441333441314,69.7
2008-06-01,PCU33441333441314,69.8
2008-07-01,PCU33441333441314,69.1
2008-08-01,PCU33441333441314,68.8
2008-09-01,PCU33441333441314,68.2
2008-10-01,PCU33441333441314,68.9
2008-11-01,PCU33441333441314,67.9
2008-12-01,PCU33441333441314,67.3
2009-01-01,PCU33441333441314,66.0
2009-02-01,PCU33441333441314,66.9
2009-03-01,PCU33441333441314,65.7
2009-04-01,PCU33441333441314,64.8
2009-05-01,PCU33441333441314,65.2
2009-06-01,PCU33441333441314,65.3
2009-07-01,PCU33441333441314,64.6
2009-08-01,PCU33441333441314,64.7
2009-09-01,PCU33441333441314,64.9
2009-10-01,PCU33441333441314,65.5
2009-11-01,PCU33441333441314,66.6
2009-12-01,PCU33441333441314,66.3
2010-01-01,PCU33441333441314,65.1
2010-02-01,PCU33441333441314,66.0
2010-03-01,PCU33441333441314,66.0
2010-04-01,PCU33441333441314,65.7
2010-05-01,PCU33441333441314,65.7
2010-06-01,PCU33441333441314,64.6
2010-07-01,PCU33441333441314,65.1
2010-08-01,PCU33441333441314,63.5
2010-09-01,PCU33441333441314,62.6
2010-10-01,PCU33441333441314,61.6
2010-11-01,PCU33441333441314,58.3
2010-12-01,PCU33441333441314,57.3
2011-01-01,PCU33441333441314,57.1
2011-02-01,PCU33441333441314,58.3
2011-03-01,PCU33441333441314,57.7
2011-04-01,PCU33441333441314,57.4
2011-05-01,PCU33441333441314,57.5
2011-06-01,PCU33441333441314,57.5
2011-07-01,PCU33441333441314,57.0
2011-08-01,PCU33441333441314,56.2
2011-09-01,PCU33441333441314,54.0
2011-10-01,PCU33441333441314,53.7
2011-11-01,PCU33441333441314,52.0
2011-12-01,PCU33441333441314,50.2
2012-01-01,PCU33441333441314,47.5
2012-02-01,PCU33441333441314,48.3
2012-03-01,PCU33441333441314,47.8
2012-04-01,PCU33441333441314,48.4
2012-05-01,PCU33441333441314,48.4
2012-06-01,PCU33441333441314,46.4
2012-07-01,PCU33441333441314,45.9
2012-08-01,PCU33441333441314,45.5
2012-09-01,PCU33441333441314,44.9
2012-10-01,PCU33441333441314,45.1
2012-11-01,PCU33441333441314,45.5
2012-12-01,PCU33441333441314,44.0
2013-01-01,PCU33441333441314,45.1
2013-02-01,PCU33441333441314,45.3
2013-03-01,PCU33441333441314,45.7
2013-04-01,PCU33441333441314,48.7
2013-05-01,PCU33441333441314,50.9
2013-06-01,PCU33441333441314,51.2
2013-07-01,PCU33441333441314,51.7
2013-08-01,PCU33441333441314,50.5
2013-09-01,PCU33441333441314,48.5
2013-10-01,PCU33441333441314,49.0
2013-11-01,PCU33441333441314,49.6
2013-12-01,PCU33441333441314,49.6
2014-01-01,PCU33441333441314,49.6
2014-02-01,PCU33441333441314,49.0
2014-03-01,PCU33441333441314,48.1
2014-04-01,PCU33441333441314,48.6
2014-05-01,PCU33441333441314,48.5
2014-06-01,PCU33441333441314,48.3
2014-07-01,PCU33441333441314,48.9
2014-08-01,PCU33441333441314,49.1
2014-09-01,PCU33441333441314,49.3
2014-10-01,PCU33441333441314,49.1
2014-11-01,PCU33441333441314,48.7
2014-12-01,PCU33441333441314,48.6
2015-01-01,PCU33441333441314,48.1
2015-02-01,PCU33441333441314,48.9
2015-03-01,PCU33441333441314,48.3
2015-04-01,PCU33441333441314,48.0
2015-05-01,PCU33441333441314,48.7
1984-12-01,PCU33443344,100.0
1985-01-01,PCU33443344,100.5
1985-02-01,PCU33443344,100.8
1985-03-01,PCU33443344,100.9
1985-04-01,PCU33443344,100.6
1985-05-01,PCU33443344,100.1
1985-06-01,PCU33443344,100.1
1985-07-01,PCU33443344,100.4
1985-08-01,PCU33443344,100.5
1985-09-01,PCU33443344,100.5
1985-10-01,PCU33443344,100.5
1985-11-01,PCU33443344,100.6
1985-12-01,PCU33443344,100.8
1986-01-01,PCU33443344,101.4
1986-02-01,PCU33443344,101.6
1986-03-01,PCU33443344,101.8
1986-04-01,PCU33443344,102.0
1986-05-01,PCU33443344,102.1
1986-06-01,PCU33443344,102.3
1986-07-01,PCU33443344,102.8
1986-08-01,PCU33443344,102.7
1986-09-01,PCU33443344,103.1
1986-10-01,PCU33443344,103.2
1986-11-01,PCU33443344,103.1
1986-12-01,PCU33443344,103.2
1987-01-01,PCU33443344,103.0
1987-02-01,PCU33443344,103.0
1987-03-01,PCU33443344,102.7
1987-04-01,PCU33443344,102.5
1987-05-01,PCU33443344,102.2
1987-06-01,PCU33443344,102.2
1987-07-01,PCU33443344,102.6
1987-08-01,PCU33443344,102.6
1987-09-01,PCU33443344,102.5
1987-10-01,PCU33443344,102.7
1987-11-01,PCU33443344,102.6
1987-12-01,PCU33443344,103.0
1988-01-01,PCU33443344,103.2
1988-02-01,PCU33443344,103.8
1988-03-01,PCU33443344,103.7
1988-04-01,PCU33443344,103.2
1988-05-01,PCU33443344,103.8
1988-06-01,PCU33443344,104.0
1988-07-01,PCU33443344,104.1
1988-08-01,PCU33443344,104.4
1988-09-01,PCU33443344,104.6
1988-10-01,PCU33443344,104.3
1988-11-01,PCU33443344,104.6
1988-12-01,PCU33443344,104.7
1989-01-01,PCU33443344,104.7
1989-02-01,PCU33443344,104.9
1989-03-01,PCU33443344,105.0
1989-04-01,PCU33443344,105.0
1989-05-01,PCU33443344,105.1
1989-06-01,PCU33443344,105.2
1989-07-01,PCU33443344,105.2
1989-08-01,PCU33443344,105.3
1989-09-01,PCU33443344,105.2
1989-10-01,PCU33443344,105.5
1989-11-01,PCU33443344,105.3
1989-12-01,PCU33443344,104.9
1990-01-01,PCU33443344,105.1
1990-02-01,PCU33443344,104.8
1990-03-01,PCU33443344,104.9
1990-04-01,PCU33443344,104.8
1990-05-01,PCU33443344,104.8
1990-06-01,PCU33443344,104.9
1990-07-01,PCU33443344,105.4
1990-08-01,PCU33443344,104.8
1990-09-01,PCU33443344,104.8
1990-10-01,PCU33443344,104.8
1990-11-01,PCU33443344,104.7
1990-12-01,PCU33443344,104.9
1991-01-01,PCU33443344,105.4
1991-02-01,PCU33443344,105.5
1991-03-01,PCU33443344,105.3
1991-04-01,PCU33443344,105.3
1991-05-01,PCU33443344,104.9
1991-06-01,PCU33443344,105.1
1991-07-01,PCU33443344,104.9
1991-08-01,PCU33443344,104.8
1991-09-01,PCU33443344,104.6
1991-10-01,PCU33443344,104.5
1991-11-01,PCU33443344,104.4
1991-12-01,PCU33443344,104.5
1992-01-01,PCU33443344,104.3
1992-02-01,PCU33443344,104.8
1992-03-01,PCU33443344,105.4
1992-04-01,PCU33443344,105.4
1992-05-01,PCU33443344,104.8
1992-06-01,PCU33443344,104.7
1992-07-01,PCU33443344,104.5
1992-08-01,PCU33443344,104.3
1992-09-01,PCU33443344,104.2
1992-10-01,PCU33443344,104.3
1992-11-01,PCU33443344,104.1
1992-12-01,PCU33443344,104.5
1993-01-01,PCU33443344,104.6
1993-02-01,PCU33443344,105.2
1993-03-01,PCU33443344,105.3
1993-04-01,PCU33443344,105.7
1993-05-01,PCU33443344,105.5
1993-06-01,PCU33443344,105.5
1993-07-01,PCU33443344,105.2
1993-08-01,PCU33443344,105.3
1993-09-01,PCU33443344,105.4
1993-10-01,PCU33443344,105.3
1993-11-01,PCU33443344,105.6
1993-12-01,PCU33443344,105.3
1994-01-01,PCU33443344,105.3
1994-02-01,PCU33443344,105.4
1994-03-01,PCU33443344,105.4
1994-04-01,PCU33443344,105.5
1994-05-01,PCU33443344,105.4
1994-06-01,PCU33443344,105.5
1994-07-01,PCU33443344,105.4
1994-08-01,PCU33443344,104.7
1994-09-01,PCU33443344,104.2
1994-10-01,PCU33443344,103.6
1994-11-01,PCU33443344,103.5
1994-12-01,PCU33443344,103.3
1995-01-01,PCU33443344,103.1
1995-02-01,PCU33443344,103.6
1995-03-01,PCU33443344,102.8
1995-04-01,PCU33443344,102.9
1995-05-01,PCU33443344,102.7
1995-06-01,PCU33443344,102.5
1995-07-01,PCU33443344,102.1
1995-08-01,PCU33443344,102.0
1995-09-01,PCU33443344,102.1
1995-10-01,PCU33443344,102.3
1995-11-01,PCU33443344,102.3
1995-12-01,PCU33443344,102.2
1996-01-01,PCU33443344,102.0
1996-02-01,PCU33443344,101.8
1996-03-01,PCU33443344,100.6
1996-04-01,PCU33443344,99.7
1996-05-01,PCU33443344,99.1
1996-06-01,PCU33443344,98.7
1996-07-01,PCU33443344,98.7
1996-08-01,PCU33443344,98.7
1996-09-01,PCU33443344,98.8
1996-10-01,PCU33443344,98.0
1996-11-01,PCU33443344,97.8
1996-12-01,PCU33443344,97.8
1997-01-01,PCU33443344,97.2
1997-02-01,PCU33443344,96.6
1997-03-01,PCU33443344,96.6
1997-04-01,PCU33443344,96.2
1997-05-01,PCU33443344,95.4
1997-06-01,PCU33443344,95.5
1997-07-01,PCU33443344,95.5
1997-08-01,PCU33443344,94.2
1997-09-01,PCU33443344,94.2
1997-10-01,PCU33443344,93.6
1997-11-01,PCU33443344,93.3
1997-12-01,PCU33443344,93.3
1998-01-01,PCU33443344,92.9
1998-02-01,PCU33443344,92.6
1998-03-01,PCU33443344,92.5
1998-04-01,PCU33443344,92.4
1998-05-01,PCU33443344,92.1
1998-06-01,PCU33443344,92.0
1998-07-01,PCU33443344,91.7
1998-08-01,PCU33443344,91.5
1998-09-01,PCU33443344,91.3
1998-10-01,PCU33443344,91.2
1998-11-01,PCU33443344,91.0
1998-12-01,PCU33443344,91.0
1999-01-01,PCU33443344,90.8
1999-02-01,PCU33443344,90.7
1999-03-01,PCU33443344,90.7
1999-04-01,PCU33443344,90.5
1999-05-01,PCU33443344,90.4
1999-06-01,PCU33443344,89.9
1999-07-01,PCU33443344,89.7
1999-08-01,PCU33443344,89.9
1999-09-01,PCU33443344,90.0
1999-10-01,PCU33443344,89.7
1999-11-01,PCU33443344,89.5
1999-12-01,PCU33443344,89.3
2000-01-01,PCU33443344,88.8
2000-02-01,PCU33443344,88.6
2000-03-01,PCU33443344,88.6
2000-04-01,PCU33443344,88.9
2000-05-01,PCU33443344,88.5
2000-06-01,PCU33443344,88.8
2000-07-01,PCU33443344,89.3
2000-08-01,PCU33443344,89.2
2000-09-01,PCU33443344,89.1
2000-10-01,PCU33443344,88.8
2000-11-01,PCU33443344,88.6
2000-12-01,PCU33443344,87.9
2001-01-01,PCU33443344,87.9
2001-02-01,PCU33443344,87.5
2001-03-01,PCU33443344,87.3
2001-04-01,PCU33443344,87.1
2001-05-01,PCU33443344,86.9
2001-06-01,PCU33443344,86.5
2001-07-01,PCU33443344,86.3
2001-08-01,PCU33443344,85.6
2001-09-01,PCU33443344,85.4
2001-10-01,PCU33443344,85.3
2001-11-01,PCU33443344,85.4
2001-12-01,PCU33443344,85.4
2002-01-01,PCU33443344,85.7
2002-02-01,PCU33443344,85.8
2002-03-01,PCU33443344,86.1
2002-04-01,PCU33443344,85.4
2002-05-01,PCU33443344,84.9
2002-06-01,PCU33443344,84.8
2002-07-01,PCU33443344,84.8
2002-08-01,PCU33443344,84.6
2002-09-01,PCU33443344,84.6
2002-10-01,PCU33443344,84.3
2002-11-01,PCU33443344,84.3
2002-12-01,PCU33443344,83.0
2003-01-01,PCU33443344,82.8
2003-02-01,PCU33443344,82.4
2003-03-01,PCU33443344,82.4
2003-04-01,PCU33443344,82.6
2003-05-01,PCU33443344,82.7
2003-06-01,PCU33443344,82.1
2003-07-01,PCU33443344,82.1
2003-08-01,PCU33443344,80.0
2003-09-01,PCU33443344,79.1
2003-10-01,PCU33443344,79.1
2003-11-01,PCU33443344,79.3
2003-12-01,PCU33443344,78.4
2004-01-01,PCU33443344,77.7
2004-02-01,PCU33443344,78.4
2004-03-01,PCU33443344,78.1
2004-04-01,PCU33443344,78.8
2004-05-01,PCU33443344,78.3
2004-06-01,PCU33443344,78.5
2004-07-01,PCU33443344,78.5
2004-08-01,PCU33443344,78.3
2004-09-01,PCU33443344,78.2
2004-10-01,PCU33443344,78.3
2004-11-01,PCU33443344,78.0
2004-12-01,PCU33443344,78.1
2005-01-01,PCU33443344,77.7
2005-02-01,PCU33443344,77.5
2005-03-01,PCU33443344,77.2
2005-04-01,PCU33443344,76.9
2005-05-01,PCU33443344,76.6
2005-06-01,PCU33443344,76.4
2005-07-01,PCU33443344,76.6
2005-08-01,PCU33443344,76.8
2005-09-01,PCU33443344,76.2
2005-10-01,PCU33443344,75.9
2005-11-01,PCU33443344,75.2
2005-12-01,PCU33443344,74.9
2006-01-01,PCU33443344,74.6
2006-02-01,PCU33443344,74.3
2006-03-01,PCU33443344,74.6
2006-04-01,PCU33443344,75.0
2006-05-01,PCU33443344,75.2
2006-06-01,PCU33443344,75.1
2006-07-01,PCU33443344,75.3
2006-08-01,PCU33443344,75.3
2006-09-01,PCU33443344,75.8
2006-10-01,PCU33443344,75.5
2006-11-01,PCU33443344,75.4
2006-12-01,PCU33443344,75.6
2007-01-01,PCU33443344,75.4
2007-02-01,PCU33443344,72.6
2007-03-01,PCU33443344,71.6
2007-04-01,PCU33443344,71.5
2007-05-01,PCU33443344,70.7
2007-06-01,PCU33443344,71.0
2007-07-01,PCU33443344,69.8
2007-08-01,PCU33443344,69.1
2007-09-01,PCU33443344,68.5
2007-10-01,PCU33443344,67.8
2007-11-01,PCU33443344,67.5
2007-12-01,PCU33443344,66.9
2008-01-01,PCU33443344,66.7
2008-02-01,PCU33443344,66.7
2008-03-01,PCU33443344,66.7
2008-04-01,PCU33443344,66.6
2008-05-01,PCU33443344,66.6
2008-06-01,PCU33443344,66.6
2008-07-01,PCU33443344,66.2
2008-08-01,PCU33443344,66.0
2008-09-01,PCU33443344,65.8
2008-10-01,PCU33443344,66.1
2008-11-01,PCU33443344,65.8
2008-12-01,PCU33443344,65.4
2009-01-01,PCU33443344,64.8
2009-02-01,PCU33443344,65.0
2009-03-01,PCU33443344,65.3
2009-04-01,PCU33443344,65.4
2009-05-01,PCU33443344,65.5
2009-06-01,PCU33443344,65.4
2009-07-01,PCU33443344,65.6
2009-08-01,PCU33443344,65.5
2009-09-01,PCU33443344,65.5
2009-10-01,PCU33443344,65.6
2009-11-01,PCU33443344,65.7
2009-12-01,PCU33443344,65.4
2010-01-01,PCU33443344,64.6
2010-02-01,PCU33443344,64.7
2010-03-01,PCU33443344,64.7
2010-04-01,PCU33443344,64.6
2010-05-01,PCU33443344,64.6
2010-06-01,PCU33443344,64.2
2010-07-01,PCU33443344,64.3
2010-08-01,PCU33443344,63.8
2010-09-01,PCU33443344,63.5
2010-10-01,PCU33443344,63.2
2010-11-01,PCU33443344,62.2
2010-12-01,PCU33443344,61.9
2011-01-01,PCU33443344,61.9
2011-02-01,PCU33443344,62.2
2011-03-01,PCU33443344,62.1
2011-04-01,PCU33443344,62.0
2011-05-01,PCU33443344,62.0
2011-06-01,PCU33443344,62.1
2011-07-01,PCU33443344,61.8
2011-08-01,PCU33443344,61.6
2011-09-01,PCU33443344,60.9
2011-10-01,PCU33443344,61.1
2011-11-01,PCU33443344,60.7
2011-12-01,PCU33443344,60.2
2012-01-01,PCU33443344,59.7
2012-02-01,PCU33443344,59.8
2012-03-01,PCU33443344,59.7
2012-04-01,PCU33443344,59.8
2012-05-01,PCU33443344,60.0
2012-06-01,PCU33443344,59.7
2012-07-01,PCU33443344,59.6
2012-08-01,PCU33443344,59.4
2012-09-01,PCU33443344,59.3
2012-10-01,PCU33443344,59.3
2012-11-01,PCU33443344,59.1
2012-12-01,PCU33443344,58.8
2013-01-01,PCU33443344,58.9
2013-02-01,PCU33443344,58.9
2013-03-01,PCU33443344,58.7
2013-04-01,PCU33443344,59.1
2013-05-01,PCU33443344,59.4
2013-06-01,PCU33443344,59.4
2013-07-01,PCU33443344,59.5
2013-08-01,PCU33443344,59.4
2013-09-01,PCU33443344,59.2
2013-10-01,PCU33443344,59.3
2013-11-01,PCU33443344,59.4
2013-12-01,PCU33443344,59.4
2014-01-01,PCU33443344,58.9
2014-02-01,PCU33443344,58.8
2014-03-01,PCU33443344,58.8
2014-04-01,PCU33443344,58.7
2014-05-01,PCU33443344,58.7
2014-06-01,PCU33443344,58.7
2014-07-01,PCU33443344,58.8
2014-08-01,PCU33443344,58.7
2014-09-01,PCU33443344,58.8
2014-10-01,PCU33443344,58.8
2014-11-01,PCU33443344,58.7
2014-12-01,PCU33443344,58.7
2015-01-01,PCU33443344,58.7
2015-02-01,PCU33443344,58.7
2015-03-01,PCU33443344,58.6
2015-04-01,PCU33443344,58.6
2015-05-01,PCU33443344,58.7
2015-06-01,PCU33443344,58.3
2015-07-01,PCU33443344,58.4
2015-08-01,PCU33443344,58.2
2015-09-01,PCU33443344,58.1
2015-10-01,PCU33443344,58.1
2015-11-01,PCU33443344,58.1
2015-12-01,PCU33443344,58.0
2016-01-01,PCU33443344,57.7
2016-02-01,PCU33443344,57.6
2016-03-01,PCU33443344,57.6
2016-04-01,PCU33443344,57.5
2016-05-01,PCU33443344,57.5
2016-06-01,PCU33443344,57.5
2016-07-01,PCU33443344,57.4
2016-08-01,PCU33443344,57.4
2016-09-01,PCU33443344,57.1
2016-10-01,PCU33443344,56.9
2016-11-01,PCU33443344,56.9
2016-12-01,PCU33443344,56.9
2017-01-01,PCU33443344,57.4
2017-02-01,PCU33443344,57.3
2017-03-01,PCU33443344,57.3
2017-04-01,PCU33443344,57.6
2017-05-01,PCU33443344,57.5
2017-06-01,PCU33443344,57.4
2017-07-01,PCU33443344,56.6
2017-08-01,PCU33443344,56.4
2017-09-01,PCU33443344,56.0
2017-10-01,PCU33443344,56.0
2017-11-01,PCU33443344,56.0
2017-12-01,PCU33443344,56.0
2018-01-01,PCU33443344,56.1
2018-02-01,PCU33443344,56.3
2018-03-01,PCU33443344,56.3
2018-04-01,PCU33443344,56.4
2018-05-01,PCU33443344,56.2
2018-06-01,PCU33443344,56.2
2018-07-01,PCU33443344,55.9
2018-08-01,PCU33443344,55.5
2018-09-01,PCU33443344,55.9
2018-10-01,PCU33443344,55.6
2018-11-01,PCU33443344,55.6
2018-12-01,PCU33443344,55.6
2019-01-01,PCU33443344,55.1
2019-02-01,PCU33443344,55.1
2019-03-01,PCU33443344,55.1
2019-04-01,PCU33443344,55.2
2019-05-01,PCU33443344,55.1
2019-06-01,PCU33443344,55.3
2019-07-01,PCU33443344,55.4
2019-08-01,PCU33443344,55.5
2019-09-01,PCU33443344,55.6
2019-10-01,PCU33443344,55.5
2019-11-01,PCU33443344,55.5
2019-12-01,PCU33443344,55.6
2020-01-01,PCU33443344,55.5
2020-02-01,PCU33443344,55.4
2020-03-01,PCU33443344,55.6
2020-04-01,PCU33443344,54.9
2020-05-01,PCU33443344,54.9
2020-06-01,PCU33443344,54.9
2020-07-01,PCU33443344,54.7
2020-08-01,PCU33443344,54.6
2020-09-01,PCU33443344,54.7
2020-10-01,PCU33443344,53.8
2020-11-01,PCU33443344,53.9
2020-12-01,PCU33443344,54.1
2021-01-01,PCU33443344,54.1
2021-02-01,PCU33443344,54.1
2021-03-01,PCU33443344,54.3
2021-04-01,PCU33443344,54.2
2021-05-01,PCU33443344,54.5
2021-06-01,PCU33443344,54.7
2021-07-01,PCU33443344,54.548
2021-08-01,PCU33443344,54.766
2021-09-01,PCU33443344,54.875
2021-10-01,PCU33443344,54.947
2021-11-01,PCU33443344,55.251
2021-12-01,PCU33443344,55.42
2022-01-01,PCU33443344,56.336
2022-02-01,PCU33443344,56.366
2022-03-01,PCU33443344,56.726
2022-04-01,PCU33443344,56.488
2022-05-01,PCU33443344,56.624
2022-06-01,PCU33443344,56.916
2022-07-01,PCU33443344,56.804
2022-08-01,PCU33443344,56.632
2022-09-01,PCU33443344,56.822
2022-10-01,PCU33443344,57.313
2022-11-01,PCU33443344,57.591
2022-12-01,PCU33443344,57.607
2023-01-01,PCU33443344,57.231
2023-02-01,PCU33443344,57.227
2023-03-01,PCU33443344,57.291
2023-04-01,PCU33443344,57.142
2023-05-01,PCU33443344,56.58
2023-06-01,PCU33443344,56.733
2023-07-01,PCU33443344,56.919
2023-08-01,PCU33443344,57.125
2023-09-01,PCU33443344,57.362
2023-10-01,PCU33443344,57.374
2023-11-01,PCU33443344,57.591
2023-12-01,PCU33443344,57.536
2024-01-01,PCU33443344,57.873
2024-02-01,PCU33443344,58.044
2024-03-01,PCU33443344,58.094
2024-04-01,PCU33443344,58.245
2024-05-01,PCU33443344,58.195
2024-06-01,PCU33443344,58.052
2024-07-01,PCU33443344,57.453
2024-08-01,PCU33443344,57.484
2024-09-01,PCU33443344,57.533
2024-10-01,PCU33443344,57.992
2024-11-01,PCU33443344,58.925
2024-12-01,PCU33443344,58.817
2025-01-01,PCU33443344,58.261
2025-02-01,PCU33443344,58.059
2025-03-01,PCU33443344,58.414
2025-04-01,PCU33443344,58.312
2025-05-01,PCU33443344,58.318
2025-06-01,PCU33443344,57.596
2025-07-01,PCU33443344,57.566
2025-08-01,PCU33443344,59.626
2025-09-01,PCU33443344,59.754
2025-10-01,PCU33443344,60.114
2025-11-01,PCU33443344,60.857
2025-12-01,PCU33443344,61.052
2026-01-01,PCU33443344,61.572
2026-02-01,PCU33443344,67.007
2026-03-01,PCU33443344,68.269
2026-04-01,PCU33443344,73.171
2026-05-01,PCU33443344,72.885
2026-06-01,PCU33443344,73.627
2026-07-01,PCU33443344,73.125
2026-08-01,PCU33443344,75.548
2003-12-01,PCU334334,100.0
2004-01-01,PCU334334,99.8
2004-02-01,PCU334334,99.5
2004-03-01,PCU334334,99.3
2004-04-01,PCU334334,99.5
2004-05-01,PCU334334,99.3
2004-06-01,PCU334334,99.1
2004-07-01,PCU334334,98.9
2004-08-01,PCU334334,98.9
2004-09-01,PCU334334,98.7
2004-10-01,PCU334334,98.6
2004-11-01,PCU334334,98.4
2004-12-01,PCU334334,98.5
2005-01-01,PCU334334,98.3
2005-02-01,PCU334334,98.2
2005-03-01,PCU334334,98.0
2005-04-01,PCU334334,97.9
2005-05-01,PCU334334,97.7
2005-06-01,PCU334334,97.6
2005-07-01,PCU334334,97.5
2005-08-01,PCU334334,97.6
2005-09-01,PCU334334,97.1
2005-10-01,PCU334334,97.0
2005-11-01,PCU334334,96.8
2005-12-01,PCU334334,96.6
2006-01-01,PCU334334,96.5
2006-02-01,PCU334334,96.5
2006-03-01,PCU334334,96.5
2006-04-01,PCU334334,96.7
2006-05-01,PCU334334,96.6
2006-06-01,PCU334334,96.5
2006-07-01,PCU334334,96.5
2006-08-01,PCU334334,96.5
2006-09-01,PCU334334,96.6
2006-10-01,PCU334334,96.4
2006-11-01,PCU334334,96.3
2006-12-01,PCU334334,96.2
2007-01-01,PCU334334,96.3
2007-02-01,PCU334334,95.4
2007-03-01,PCU334334,95.1
2007-04-01,PCU334334,95.1
2007-05-01,PCU334334,94.7
2007-06-01,PCU334334,94.6
2007-07-01,PCU334334,94.1
2007-08-01,PCU334334,93.5
2007-09-01,PCU334334,93.3
2007-10-01,PCU334334,93.1
2007-11-01,PCU334334,92.8
2007-12-01,PCU334334,92.6
2008-01-01,PCU334334,92.6
2008-02-01,PCU334334,92.8
2008-03-01,PCU334334,92.7
2008-04-01,PCU334334,92.7
2008-05-01,PCU334334,92.8
2008-06-01,PCU334334,92.8
2008-07-01,PCU334334,92.8
2008-08-01,PCU334334,92.7
2008-09-01,PCU334334,92.7
2008-10-01,PCU334334,92.7
2008-11-01,PCU334334,92.6
2008-12-01,PCU334334,92.4
2009-01-01,PCU334334,92.5
2009-02-01,PCU334334,92.4
2009-03-01,PCU334334,92.4
2009-04-01,PCU334334,92.3
2009-05-01,PCU334334,92.3
2009-06-01,PCU334334,92.1
2009-07-01,PCU334334,92.2
2009-08-01,PCU334334,92.2
2009-09-01,PCU334334,91.9
2009-10-01,PCU334334,91.9
2009-11-01,PCU334334,91.8
2009-12-01,PCU334334,91.7
2010-01-01,PCU334334,91.5
2010-02-01,PCU334334,91.5
2010-03-01,PCU334334,91.6
2010-04-01,PCU334334,91.4
2010-05-01,PCU334334,91.3
2010-06-01,PCU334334,91.1
2010-07-01,PCU334334,91.1
2010-08-01,PCU334334,90.9
2010-09-01,PCU334334,90.7
2010-10-01,PCU334334,90.5
2010-11-01,PCU334334,90.2
2010-12-01,PCU334334,90.1
2011-01-01,PCU334334,90.3
2011-02-01,PCU334334,90.4
2011-03-01,PCU334334,90.3
2011-04-01,PCU334334,90.3
2011-05-01,PCU334334,90.3
2011-06-01,PCU334334,90.2
2011-07-01,PCU334334,90.0
2011-08-01,PCU334334,90.0
2011-09-01,PCU334334,89.8
2011-10-01,PCU334334,89.8
2011-11-01,PCU334334,89.6
2011-12-01,PCU334334,89.5
2012-01-01,PCU334334,89.7
2012-02-01,PCU334334,89.8
2012-03-01,PCU334334,89.7
2012-04-01,PCU334334,89.7
2012-05-01,PCU334334,89.8
2012-06-01,PCU334334,89.6
2012-07-01,PCU334334,89.5
2012-08-01,PCU334334,89.4
2012-09-01,PCU334334,89.1
2012-10-01,PCU334334,89.1
2012-11-01,PCU334334,89.0
2012-12-01,PCU334334,88.9
2013-01-01,PCU334334,89.3
2013-02-01,PCU334334,89.3
2013-03-01,PCU334334,89.2
2013-04-01,PCU334334,89.4
2013-05-01,PCU334334,89.4
2013-06-01,PCU334334,89.4
2013-07-01,PCU334334,89.6
2013-08-01,PCU334334,89.5
2013-09-01,PCU334334,89.5
2013-10-01,PCU334334,89.4
2013-11-01,PCU334334,89.4
2013-12-01,PCU334334,89.4
2014-01-01,PCU334334,89.4
2014-02-01,PCU334334,89.4
2014-03-01,PCU334334,89.4
2014-04-01,PCU334334,89.4
2014-05-01,PCU334334,89.4
2014-06-01,PCU334334,89.4
2014-07-01,PCU334334,89.4
2014-08-01,PCU334334,89.4
2014-09-01,PCU334334,89.4
2014-10-01,PCU334334,89.5
2014-11-01,PCU334334,89.4
2014-12-01,PCU334334,89.4
2015-01-01,PCU334334,89.8
2015-02-01,PCU334334,89.5
2015-03-01,PCU334334,89.4
2015-04-01,PCU334334,89.4
2015-05-01,PCU334334,89.4
2015-06-01,PCU334334,89.2
2015-07-01,PCU334334,89.3
2015-08-01,PCU334334,89.3
2015-09-01,PCU334334,89.1
2015-10-01,PCU334334,89.2
2015-11-01,PCU334334,89.1
2015-12-01,PCU334334,89.1
2016-01-01,PCU334334,89.1
2016-02-01,PCU334334,89.1
2016-03-01,PCU334334,88.7
2016-04-01,PCU334334,88.8
2016-05-01,PCU334334,88.8
2016-06-01,PCU334334,88.8
2016-07-01,PCU334334,88.7
2016-08-01,PCU334334,88.7
2016-09-01,PCU334334,88.5
2016-10-01,PCU334334,88.3
2016-11-01,PCU334334,88.3
2016-12-01,PCU334334,88.2
2017-01-01,PCU334334,88.8
2017-02-01,PCU334334,88.8
2017-03-01,PCU334334,88.8
2017-04-01,PCU334334,89.0
2017-05-01,PCU334334,88.9
2017-06-01,PCU334334,88.9
2017-07-01,PCU334334,88.6
2017-08-01,PCU334334,88.5
2017-09-01,PCU334334,88.3
2017-10-01,PCU334334,88.3
2017-11-01,PCU334334,88.3
2017-12-01,PCU334334,88.3
2018-01-01,PCU334334,88.7
2018-02-01,PCU334334,89.0
2018-03-01,PCU334334,89.0
2018-04-01,PCU334334,89.0
2018-05-01,PCU334334,89.0
2018-06-01,PCU334334,89.1
2018-07-01,PCU334334,89.0
2018-08-01,PCU334334,88.8
2018-09-01,PCU334334,88.9
2018-10-01,PCU334334,88.9
2018-11-01,PCU334334,88.9
2018-12-01,PCU334334,88.8
2019-01-01,PCU334334,89.8
2019-02-01,PCU334334,89.8
2019-03-01,PCU334334,89.8
2019-04-01,PCU334334,90.0
2019-05-01,PCU334334,89.8
2019-06-01,PCU334334,89.9
2019-07-01,PCU334334,89.9
2019-08-01,PCU334334,90.1
2019-09-01,PCU334334,89.9
2019-10-01,PCU334334,90.1
2019-11-01,PCU334334,90.1
2019-12-01,PCU334334,90.2
2020-01-01,PCU334334,91.0
2020-02-01,PCU334334,91.0
2020-03-01,PCU334334,91.0
2020-04-01,PCU334334,90.7
2020-05-01,PCU334334,90.8
2020-06-01,PCU334334,90.7
2020-07-01,PCU334334,90.7
2020-08-01,PCU334334,90.7
2020-09-01,PCU334334,90.7
2020-10-01,PCU334334,90.3
2020-11-01,PCU334334,90.4
2020-12-01,PCU334334,90.4
2021-01-01,PCU334334,90.5
2021-02-01,PCU334334,90.6
2021-03-01,PCU334334,90.6
2021-04-01,PCU334334,90.9
2021-05-01,PCU334334,91.1
2021-06-01,PCU334334,91.2
2021-07-01,PCU334334,91.418
2021-08-01,PCU334334,91.628
2021-09-01,PCU334334,92.187
2021-10-01,PCU334334,92.43
2021-11-01,PCU334334,92.692
2021-12-01,PCU334334,93.002
2022-01-01,PCU334334,94.42
2022-02-01,PCU334334,95.108
2022-03-01,PCU334334,95.311
2022-04-01,PCU334334,95.66
2022-05-01,PCU334334,96.134
2022-06-01,PCU334334,96.467
2022-07-01,PCU334334,96.732
2022-08-01,PCU334334,96.711
2022-09-01,PCU334334,96.928
2022-10-01,PCU334334,97.306
2022-11-01,PCU334334,97.643
2022-12-01,PCU334334,97.829
2023-01-01,PCU334334,98.758
2023-02-01,PCU334334,98.89
2023-03-01,PCU334334,98.968
2023-04-01,PCU334334,98.997
2023-05-01,PCU334334,98.824
2023-06-01,PCU334334,98.93
2023-07-01,PCU334334,99.174
2023-08-01,PCU334334,99.464
2023-09-01,PCU334334,99.529
2023-10-01,PCU334334,99.596
2023-11-01,PCU334334,99.787
2023-12-01,PCU334334,99.808
2024-01-01,PCU334334,101.107
2024-02-01,PCU334334,101.495
2024-03-01,PCU334334,101.663
2024-04-01,PCU334334,101.932
2024-05-01,PCU334334,101.979
2024-06-01,PCU334334,102.026
2024-07-01,PCU334334,101.913
2024-08-01,PCU334334,101.996
2024-09-01,PCU334334,102.283
2024-10-01,PCU334334,102.619
2024-11-01,PCU334334,103.077
2024-12-01,PCU334334,103.474
2025-01-01,PCU334334,104.241
2025-02-01,PCU334334,104.269
2025-03-01,PCU334334,104.539
2025-04-01,PCU334334,105.246
2025-05-01,PCU334334,105.489
2025-06-01,PCU334334,105.026
2025-07-01,PCU334334,105.303
2025-08-01,PCU334334,106.331
2025-09-01,PCU334334,106.487
2025-10-01,PCU334334,107.368
2025-11-01,PCU334334,107.873
2025-12-01,PCU334334,108.234
2026-01-01,PCU334334,112.659
2026-02-01,PCU334334,114.968
2026-03-01,PCU334334,115.699
2026-04-01,PCU334334,118.063
2026-05-01,PCU334334,118.015
2026-06-01,PCU334334,118.842
2026-07-01,PCU334334,119.112
2026-08-01,PCU334334,120.048
1965-12-01,WPU1178,55.4
1966-01-01,WPU1178,55.6
1966-02-01,WPU1178,56.0
1966-03-01,WPU1178,56.3
1966-04-01,WPU1178,56.3
1966-05-01,WPU1178,56.1
1966-06-01,WPU1178,56.1
1966-07-01,WPU1178,56.7
1966-08-01,WPU1178,56.7
1966-09-01,WPU1178,57.2
1966-10-01,WPU1178,57.5
1966-11-01,WPU1178,57.5
1966-12-01,WPU1178,57.5
1967-01-01,WPU1178,57.1
1967-02-01,WPU1178,57.2
1967-03-01,WPU1178,57.2
1967-04-01,WPU1178,57.2
1967-05-01,WPU1178,57.0
1967-06-01,WPU1178,56.8
1967-07-01,WPU1178,56.7
1967-08-01,WPU1178,56.6
1967-09-01,WPU1178,56.5
1967-10-01,WPU1178,56.5
1967-11-01,WPU1178,56.3
1967-12-01,WPU1178,56.7
1968-01-01,WPU1178,56.6
1968-02-01,WPU1178,56.5
1968-03-01,WPU1178,56.3
1968-04-01,WPU1178,56.5
1968-05-01,WPU1178,56.5
1968-06-01,WPU1178,56.3
1968-07-01,WPU1178,56.2
1968-08-01,WPU1178,56.2
1968-09-01,WPU1178,56.2
1968-10-01,WPU1178,56.2
1968-11-01,WPU1178,56.3
1968-12-01,WPU1178,56.3
1969-01-01,WPU1178,56.2
1969-02-01,WPU1178,56.9
1969-03-01,WPU1178,57.0
1969-04-01,WPU1178,57.1
1969-05-01,WPU1178,57.1
1969-06-01,WPU1178,57.1
1969-07-01,WPU1178,57.1
1969-08-01,WPU1178,57.1
1969-09-01,WPU1178,57.5
1969-10-01,WPU1178,57.6
1969-11-01,WPU1178,57.8
1969-12-01,WPU1178,57.6
1970-01-01,WPU1178,57.6
1970-02-01,WPU1178,56.9
1970-03-01,WPU1178,56.9
1970-04-01,WPU1178,57.1
1970-05-01,WPU1178,56.7
1970-06-01,WPU1178,57.5
1970-07-01,WPU1178,57.5
1970-08-01,WPU1178,57.4
1970-09-01,WPU1178,57.6
1970-10-01,WPU1178,57.6
1970-11-01,WPU1178,57.9
1970-12-01,WPU1178,57.9
1971-01-01,WPU1178,58.4
1971-02-01,WPU1178,58.4
1971-03-01,WPU1178,58.7
1971-04-01,WPU1178,58.3
1971-05-01,WPU1178,58.2
1971-06-01,WPU1178,58.0
1971-07-01,WPU1178,58.1
1971-08-01,WPU1178,58.1
1971-09-01,WPU1178,58.0
1971-10-01,WPU1178,58.0
1971-11-01,WPU1178,57.9
1971-12-01,WPU1178,57.9
1972-01-01,WPU1178,58.1
1972-02-01,WPU1178,58.7
1972-03-01,WPU1178,58.7
1972-04-01,WPU1178,58.6
1972-05-01,WPU1178,59.1
1972-06-01,WPU1178,59.0
1972-07-01,WPU1178,59.0
1972-08-01,WPU1178,58.9
1972-09-01,WPU1178,58.7
1972-10-01,WPU1178,58.6
1972-11-01,WPU1178,58.6
1972-12-01,WPU1178,58.7
1973-01-01,WPU1178,58.9
1973-02-01,WPU1178,58.8
1973-03-01,WPU1178,58.9
1973-04-01,WPU1178,59.1
1973-05-01,WPU1178,59.3
1973-06-01,WPU1178,59.4
1973-07-01,WPU1178,59.4
1973-08-01,WPU1178,59.4
1973-09-01,WPU1178,59.4
1973-10-01,WPU1178,59.5
1973-11-01,WPU1178,59.6
1973-12-01,WPU1178,60.0
1974-01-01,WPU1178,60.3
1974-02-01,WPU1178,60.4
1974-03-01,WPU1178,60.9
1974-04-01,WPU1178,61.5
1974-05-01,WPU1178,62.2
1974-06-01,WPU1178,63.2
1974-07-01,WPU1178,63.7
1974-08-01,WPU1178,64.7
1974-09-01,WPU1178,64.3
1974-10-01,WPU1178,64.9
1974-11-01,WPU1178,66.4
1974-12-01,WPU1178,66.4
1975-01-01,WPU1178,66.6
1975-02-01,WPU1178,66.5
1975-03-01,WPU1178,66.2
1975-04-01,WPU1178,66.1
1975-05-01,WPU1178,65.6
1975-06-01,WPU1178,65.7
1975-07-01,WPU1178,65.6
1975-08-01,WPU1178,65.4
1975-09-01,WPU1178,65.0
1975-10-01,WPU1178,64.7
1975-11-01,WPU1178,64.9
1975-12-01,WPU1178,64.9
1976-01-01,WPU1178,65.0
1976-02-01,WPU1178,65.3
1976-03-01,WPU1178,65.3
1976-04-01,WPU1178,65.4
1976-05-01,WPU1178,65.5
1976-06-01,WPU1178,65.8
1976-07-01,WPU1178,65.9
1976-08-01,WPU1178,65.8
1976-09-01,WPU1178,66.0
1976-10-01,WPU1178,66.3
1976-11-01,WPU1178,66.4
1976-12-01,WPU1178,66.6
1977-01-01,WPU1178,67.1
1977-02-01,WPU1178,67.2
1977-03-01,WPU1178,67.2
1977-04-01,WPU1178,67.5
1977-05-01,WPU1178,67.5
1977-06-01,WPU1178,67.5
1977-07-01,WPU1178,67.4
1977-08-01,WPU1178,67.5
1977-09-01,WPU1178,68.4
1977-10-01,WPU1178,68.8
1977-11-01,WPU1178,69.1
1977-12-01,WPU1178,69.0
1978-01-01,WPU1178,70.7
1978-02-01,WPU1178,70.8
1978-03-01,WPU1178,71.5
1978-04-01,WPU1178,71.2
1978-05-01,WPU1178,71.6
1978-06-01,WPU1178,72.0
1978-07-01,WPU1178,72.2
1978-08-01,WPU1178,72.1
1978-09-01,WPU1178,72.2
1978-10-01,WPU1178,73.0
1978-11-01,WPU1178,73.8
1978-12-01,WPU1178,73.9
1979-01-01,WPU1178,74.1
1979-02-01,WPU1178,74.5
1979-03-01,WPU1178,74.8
1979-04-01,WPU1178,75.4
1979-05-01,WPU1178,75.6
1979-06-01,WPU1178,76.4
1979-07-01,WPU1178,77.5
1979-08-01,WPU1178,77.9
1979-09-01,WPU1178,79.2
1979-10-01,WPU1178,79.5
1979-11-01,WPU1178,79.9
1979-12-01,WPU1178,80.7
1980-01-01,WPU1178,83.0
1980-02-01,WPU1178,85.1
1980-03-01,WPU1178,85.9
1980-04-01,WPU1178,87.1
1980-05-01,WPU1178,88.2
1980-06-01,WPU1178,89.2
1980-07-01,WPU1178,89.8
1980-08-01,WPU1178,90.9
1980-09-01,WPU1178,91.2
1980-10-01,WPU1178,91.2
1980-11-01,WPU1178,91.4
1980-12-01,WPU1178,92.0
1981-01-01,WPU1178,93.0
1981-02-01,WPU1178,93.3
1981-03-01,WPU1178,94.6
1981-04-01,WPU1178,94.1
1981-05-01,WPU1178,94.2
1981-06-01,WPU1178,95.1
1981-07-01,WPU1178,96.7
1981-08-01,WPU1178,96.9
1981-09-01,WPU1178,97.0
1981-10-01,WPU1178,96.9
1981-11-01,WPU1178,97.0
1981-12-01,WPU1178,97.4
1982-01-01,WPU1178,99.1
1982-02-01,WPU1178,99.4
1982-03-01,WPU1178,99.7
1982-04-01,WPU1178,99.7
1982-05-01,WPU1178,99.8
1982-06-01,WPU1178,99.7
1982-07-01,WPU1178,99.7
1982-08-01,WPU1178,99.8
1982-09-01,WPU1178,100.0
1982-10-01,WPU1178,100.2
1982-11-01,WPU1178,101.4
1982-12-01,WPU1178,101.4
1983-01-01,WPU1178,101.7
1983-02-01,WPU1178,102.3
1983-03-01,WPU1178,102.4
1983-04-01,WPU1178,102.6
1983-05-01,WPU1178,102.8
1983-06-01,WPU1178,103.1
1983-07-01,WPU1178,105.5
1983-08-01,WPU1178,105.5
1983-09-01,WPU1178,106.2
1983-10-01,WPU1178,106.2
1983-11-01,WPU1178,106.3
1983-12-01,WPU1178,106.8
1984-01-01,WPU1178,107.4
1984-02-01,WPU1178,108.1
1984-03-01,WPU1178,108.1
1984-04-01,WPU1178,108.1
1984-05-01,WPU1178,108.9
1984-06-01,WPU1178,109.6
1984-07-01,WPU1178,110.3
1984-08-01,WPU1178,110.4
1984-09-01,WPU1178,111.0
1984-10-01,WPU1178,111.3
1984-11-01,WPU1178,111.9
1984-12-01,WPU1178,111.9
1985-01-01,WPU1178,112.8
1985-02-01,WPU1178,112.9
1985-03-01,WPU1178,112.9
1985-04-01,WPU1178,112.5
1985-05-01,WPU1178,112.1
1985-06-01,WPU1178,112.0
1985-07-01,WPU1178,112.2
1985-08-01,WPU1178,112.3
1985-09-01,WPU1178,112.2
1985-10-01,WPU1178,112.2
1985-11-01,WPU1178,112.3
1985-12-01,WPU1178,112.7
1986-01-01,WPU1178,113.3
1986-02-01,WPU1178,113.6
1986-03-01,WPU1178,113.7
1986-04-01,WPU1178,113.8
1986-05-01,WPU1178,114.0
1986-06-01,WPU1178,114.0
1986-07-01,WPU1178,114.9
1986-08-01,WPU1178,115.1
1986-09-01,WPU1178,115.3
1986-10-01,WPU1178,115.3
1986-11-01,WPU1178,115.2
1986-12-01,WPU1178,115.4
1987-01-01,WPU1178,115.3
1987-02-01,WPU1178,115.4
1987-03-01,WPU1178,114.7
1987-04-01,WPU1178,114.5
1987-05-01,WPU1178,114.6
1987-06-01,WPU1178,114.6
1987-07-01,WPU1178,114.9
1987-08-01,WPU1178,115.1
1987-09-01,WPU1178,114.9
1987-10-01,WPU1178,115.4
1987-11-01,WPU1178,115.3
1987-12-01,WPU1178,115.7
1988-01-01,WPU1178,116.0
1988-02-01,WPU1178,116.6
1988-03-01,WPU1178,116.2
1988-04-01,WPU1178,116.3
1988-05-01,WPU1178,117.4
1988-06-01,WPU1178,117.6
1988-07-01,WPU1178,117.7
1988-08-01,WPU1178,118.1
1988-09-01,WPU1178,118.4
1988-10-01,WPU1178,118.3
1988-11-01,WPU1178,118.4
1988-12-01,WPU1178,118.5
1989-01-01,WPU1178,119.0
1989-02-01,WPU1178,119.3
1989-03-01,WPU1178,119.6
1989-04-01,WPU1178,119.2
1989-05-01,WPU1178,119.3
1989-06-01,WPU1178,119.6
1989-07-01,WPU1178,119.5
1989-08-01,WPU1178,119.7
1989-09-01,WPU1178,119.4
1989-10-01,WPU1178,119.9
1989-11-01,WPU1178,119.4
1989-12-01,WPU1178,118.7
1990-01-01,WPU1178,118.9
1990-02-01,WPU1178,118.4
1990-03-01,WPU1178,118.5
1990-04-01,WPU1178,118.4
1990-05-01,WPU1178,118.3
1990-06-01,WPU1178,118.5
1990-07-01,WPU1178,119.1
1990-08-01,WPU1178,118.1
1990-09-01,WPU1178,118.1
1990-10-01,WPU1178,118.1
1990-11-01,WPU1178,118.1
1990-12-01,WPU1178,118.3
1991-01-01,WPU1178,119.2
1991-02-01,WPU1178,119.4
1991-03-01,WPU1178,119.2
1991-04-01,WPU1178,119.2
1991-05-01,WPU1178,118.7
1991-06-01,WPU1178,119.1
1991-07-01,WPU1178,118.8
1991-08-01,WPU1178,118.6
1991-09-01,WPU1178,118.2
1991-10-01,WPU1178,118.0
1991-11-01,WPU1178,117.7
1991-12-01,WPU1178,117.6
1992-01-01,WPU1178,117.0
1992-02-01,WPU1178,117.7
1992-03-01,WPU1178,118.3
1992-04-01,WPU1178,118.2
1992-05-01,WPU1178,117.9
1992-06-01,WPU1178,117.6
1992-07-01,WPU1178,117.6
1992-08-01,WPU1178,117.2
1992-09-01,WPU1178,117.1
1992-10-01,WPU1178,117.2
1992-11-01,WPU1178,117.0
1992-12-01,WPU1178,117.3
1993-01-01,WPU1178,117.2
1993-02-01,WPU1178,117.8
1993-03-01,WPU1178,117.8
1993-04-01,WPU1178,118.3
1993-05-01,WPU1178,118.0
1993-06-01,WPU1178,118.0
1993-07-01,WPU1178,117.7
1993-08-01,WPU1178,117.7
1993-09-01,WPU1178,117.6
1993-10-01,WPU1178,117.4
1993-11-01,WPU1178,117.6
1993-12-01,WPU1178,117.2
1994-01-01,WPU1178,117.4
1994-02-01,WPU1178,117.5
1994-03-01,WPU1178,117.6
1994-04-01,WPU1178,117.4
1994-05-01,WPU1178,117.4
1994-06-01,WPU1178,117.5
1994-07-01,WPU1178,117.4
1994-08-01,WPU1178,116.5
1994-09-01,WPU1178,115.9
1994-10-01,WPU1178,115.2
1994-11-01,WPU1178,115.1
1994-12-01,WPU1178,114.8
1995-01-01,WPU1178,114.6
1995-02-01,WPU1178,115.0
1995-03-01,WPU1178,114.3
1995-04-01,WPU1178,114.4
1995-05-01,WPU1178,114.0
1995-06-01,WPU1178,113.7
1995-07-01,WPU1178,113.1
1995-08-01,WPU1178,112.9
1995-09-01,WPU1178,112.9
1995-10-01,WPU1178,112.9
1995-11-01,WPU1178,113.1
1995-12-01,WPU1178,112.9
1996-01-01,WPU1178,112.5
1996-02-01,WPU1178,112.2
1996-03-01,WPU1178,110.8
1996-04-01,WPU1178,109.4
1996-05-01,WPU1178,108.5
1996-06-01,WPU1178,107.9
1996-07-01,WPU1178,108.0
1996-08-01,WPU1178,108.0
1996-09-01,WPU1178,108.1
1996-10-01,WPU1178,107.3
1996-11-01,WPU1178,107.3
1996-12-01,WPU1178,107.2
1997-01-01,WPU1178,106.7
1997-02-01,WPU1178,106.0
1997-03-01,WPU1178,105.8
1997-04-01,WPU1178,105.4
1997-05-01,WPU1178,104.5
1997-06-01,WPU1178,104.5
1997-07-01,WPU1178,104.4
1997-08-01,WPU1178,103.0
1997-09-01,WPU1178,102.9
1997-10-01,WPU1178,101.9
1997-11-01,WPU1178,101.6
1997-12-01,WPU1178,101.4
1998-01-01,WPU1178,101.1
1998-02-01,WPU1178,100.7
1998-03-01,WPU1178,100.7
1998-04-01,WPU1178,100.4
1998-05-01,WPU1178,100.1
1998-06-01,WPU1178,100.0
1998-07-01,WPU1178,99.7
1998-08-01,WPU1178,99.6
1998-09-01,WPU1178,99.5
1998-10-01,WPU1178,99.4
1998-11-01,WPU1178,99.2
1998-12-01,WPU1178,99.1
1999-01-01,WPU1178,98.8
1999-02-01,WPU1178,98.6
1999-03-01,WPU1178,98.6
1999-04-01,WPU1178,98.3
1999-05-01,WPU1178,98.1
1999-06-01,WPU1178,97.8
1999-07-01,WPU1178,97.6
1999-08-01,WPU1178,97.7
1999-09-01,WPU1178,98.1
1999-10-01,WPU1178,98.3
1999-11-01,WPU1178,98.2
1999-12-01,WPU1178,97.9
2000-01-01,WPU1178,97.2
2000-02-01,WPU1178,96.9
2000-03-01,WPU1178,96.8
2000-04-01,WPU1178,97.3
2000-05-01,WPU1178,97.1
2000-06-01,WPU1178,97.3
2000-07-01,WPU1178,97.7
2000-08-01,WPU1178,97.6
2000-09-01,WPU1178,97.5
2000-10-01,WPU1178,97.2
2000-11-01,WPU1178,96.9
2000-12-01,WPU1178,96.1
2001-01-01,WPU1178,95.9
2001-02-01,WPU1178,95.3
2001-03-01,WPU1178,95.1
2001-04-01,WPU1178,94.9
2001-05-01,WPU1178,94.6
2001-06-01,WPU1178,94.0
2001-07-01,WPU1178,93.5
2001-08-01,WPU1178,92.9
2001-09-01,WPU1178,92.6
2001-10-01,WPU1178,92.4
2001-11-01,WPU1178,92.6
2001-12-01,WPU1178,92.7
2002-01-01,WPU1178,92.8
2002-02-01,WPU1178,93.0
2002-03-01,WPU1178,93.2
2002-04-01,WPU1178,92.8
2002-05-01,WPU1178,92.5
2002-06-01,WPU1178,92.5
2002-07-01,WPU1178,92.3
2002-08-01,WPU1178,92.3
2002-09-01,WPU1178,92.3
2002-10-01,WPU1178,92.0
2002-11-01,WPU1178,92.0
2002-12-01,WPU1178,91.5
2003-01-01,WPU1178,91.3
2003-02-01,WPU1178,91.1
2003-03-01,WPU1178,91.2
2003-04-01,WPU1178,91.3
2003-05-01,WPU1178,91.4
2003-06-01,WPU1178,91.1
2003-07-01,WPU1178,90.9
2003-08-01,WPU1178,90.6
2003-09-01,WPU1178,90.3
2003-10-01,WPU1178,90.2
2003-11-01,WPU1178,90.3
2003-12-01,WPU1178,89.7
2004-01-01,WPU1178,88.9
2004-02-01,WPU1178,89.4
2004-03-01,WPU1178,89.2
2004-04-01,WPU1178,89.6
2004-05-01,WPU1178,89.1
2004-06-01,WPU1178,89.3
2004-07-01,WPU1178,88.4
2004-08-01,WPU1178,88.3
2004-09-01,WPU1178,88.2
2004-10-01,WPU1178,88.4
2004-11-01,WPU1178,88.2
2004-12-01,WPU1178,88.2
2005-01-01,WPU1178,88.2
2005-02-01,WPU1178,88.0
2005-03-01,WPU1178,87.7
2005-04-01,WPU1178,87.5
2005-05-01,WPU1178,87.1
2005-06-01,WPU1178,87.0
2005-07-01,WPU1178,87.3
2005-08-01,WPU1178,87.4
2005-09-01,WPU1178,86.8
2005-10-01,WPU1178,86.6
2005-11-01,WPU1178,85.7
2005-12-01,WPU1178,85.2
2006-01-01,WPU1178,84.9
2006-02-01,WPU1178,84.8
2006-03-01,WPU1178,87.7
2006-04-01,WPU1178,88.6
2006-05-01,WPU1178,88.7
2006-06-01,WPU1178,88.7
2006-07-01,WPU1178,89.0
2006-08-01,WPU1178,89.8
2006-09-01,WPU1178,90.3
2006-10-01,WPU1178,89.9
2006-11-01,WPU1178,89.7
2006-12-01,WPU1178,89.7
2007-01-01,WPU1178,89.0
2007-02-01,WPU1178,85.2
2007-03-01,WPU1178,83.9
2007-04-01,WPU1178,83.8
2007-05-01,WPU1178,82.7
2007-06-01,WPU1178,83.1
2007-07-01,WPU1178,81.7
2007-08-01,WPU1178,80.8
2007-09-01,WPU1178,80.2
2007-10-01,WPU1178,79.5
2007-11-01,WPU1178,79.1
2007-12-01,WPU1178,78.4
2008-01-01,WPU1178,77.7
2008-02-01,WPU1178,77.7
2008-03-01,WPU1178,77.6
2008-04-01,WPU1178,77.4
2008-05-01,WPU1178,77.3
2008-06-01,WPU1178,77.4
2008-07-01,WPU1178,77.1
2008-08-01,WPU1178,76.7
2008-09-01,WPU1178,76.6
2008-10-01,WPU1178,76.8
2008-11-01,WPU1178,76.3
2008-12-01,WPU1178,75.8
2009-01-01,WPU1178,75.3
2009-02-01,WPU1178,75.5
2009-03-01,WPU1178,75.8
2009-04-01,WPU1178,75.7
2009-05-01,WPU1178,75.9
2009-06-01,WPU1178,75.4
2009-07-01,WPU1178,75.4
2009-08-01,WPU1178,75.4
2009-09-01,WPU1178,75.2
2009-10-01,WPU1178,75.2
2009-11-01,WPU1178,75.2
2009-12-01,WPU1178,74.8
2010-01-01,WPU1178,74.3
2010-02-01,WPU1178,74.4
2010-03-01,WPU1178,74.4
2010-04-01,WPU1178,74.3
2010-05-01,WPU1178,74.2
2010-06-01,WPU1178,73.8
2010-07-01,WPU1178,73.9
2010-08-01,WPU1178,73.3
2010-09-01,WPU1178,72.9
2010-10-01,WPU1178,72.6
2010-11-01,WPU1178,71.8
2010-12-01,WPU1178,71.5
2011-01-01,WPU1178,71.4
2011-02-01,WPU1178,71.7
2011-03-01,WPU1178,71.6
2011-04-01,WPU1178,71.6
2011-05-01,WPU1178,71.5
2011-06-01,WPU1178,71.5
2011-07-01,WPU1178,71.1
2011-08-01,WPU1178,70.9
2011-09-01,WPU1178,70.4
2011-10-01,WPU1178,70.6
2011-11-01,WPU1178,70.3
2011-12-01,WPU1178,69.9
2012-01-01,WPU1178,69.5
2012-02-01,WPU1178,69.5
2012-03-01,WPU1178,69.5
2012-04-01,WPU1178,69.5
2012-05-01,WPU1178,69.8
2012-06-01,WPU1178,69.5
2012-07-01,WPU1178,69.4
2012-08-01,WPU1178,69.1
2012-09-01,WPU1178,69.0
2012-10-01,WPU1178,69.1
2012-11-01,WPU1178,68.9
2012-12-01,WPU1178,68.6
2013-01-01,WPU1178,68.6
2013-02-01,WPU1178,68.6
2013-03-01,WPU1178,68.5
2013-04-01,WPU1178,68.9
2013-05-01,WPU1178,69.2
2013-06-01,WPU1178,69.2
2013-07-01,WPU1178,69.3
2013-08-01,WPU1178,69.2
2013-09-01,WPU1178,69.0
2013-10-01,WPU1178,69.2
2013-11-01,WPU1178,69.2
2013-12-01,WPU1178,69.2
2014-01-01,WPU1178,68.7
2014-02-01,WPU1178,68.6
2014-03-01,WPU1178,68.6
2014-04-01,WPU1178,68.5
2014-05-01,WPU1178,68.5
2014-06-01,WPU1178,68.5
2014-07-01,WPU1178,68.5
2014-08-01,WPU1178,68.6
2014-09-01,WPU1178,68.6
2014-10-01,WPU1178,68.6
2014-11-01,WPU1178,68.5
2014-12-01,WPU1178,68.5
2015-01-01,WPU1178,68.5
2015-02-01,WPU1178,68.6
2015-03-01,WPU1178,68.5
2015-04-01,WPU1178,68.4
2015-05-01,WPU1178,68.5
2015-06-01,WPU1178,68.1
2015-07-01,WPU1178,68.2
2015-08-01,WPU1178,68.0
2015-09-01,WPU1178,67.9
2015-10-01,WPU1178,67.9
2015-11-01,WPU1178,67.9
2015-12-01,WPU1178,67.8
2016-01-01,WPU1178,67.5
2016-02-01,WPU1178,67.4
2016-03-01,WPU1178,67.4
2016-04-01,WPU1178,67.3
2016-05-01,WPU1178,67.3
2016-06-01,WPU1178,67.2
2016-07-01,WPU1178,67.2
2016-08-01,WPU1178,67.2
2016-09-01,WPU1178,67.2
2016-10-01,WPU1178,67.0
2016-11-01,WPU1178,66.9
2016-12-01,WPU1178,66.9
2017-01-01,WPU1178,67.5
2017-02-01,WPU1178,67.5
2017-03-01,WPU1178,67.4
2017-04-01,WPU1178,67.7
2017-05-01,WPU1178,67.6
2017-06-01,WPU1178,67.5
2017-07-01,WPU1178,66.6
2017-08-01,WPU1178,66.4
2017-09-01,WPU1178,65.9
2017-10-01,WPU1178,65.9
2017-11-01,WPU1178,65.9
2017-12-01,WPU1178,65.9
2018-01-01,WPU1178,66.0
2018-02-01,WPU1178,66.1
2018-03-01,WPU1178,66.2
2018-04-01,WPU1178,66.3
2018-05-01,WPU1178,66.0
2018-06-01,WPU1178,66.0
2018-07-01,WPU1178,65.7
2018-08-01,WPU1178,65.3
2018-09-01,WPU1178,65.8
2018-10-01,WPU1178,65.6
2018-11-01,WPU1178,65.6
2018-12-01,WPU1178,65.5
2019-01-01,WPU1178,65.0
2019-02-01,WPU1178,65.0
2019-03-01,WPU1178,65.0
2019-04-01,WPU1178,65.2
2019-05-01,WPU1178,65.0
2019-06-01,WPU1178,65.3
2019-07-01,WPU1178,65.4
2019-08-01,WPU1178,65.5
2019-09-01,WPU1178,65.7
2019-10-01,WPU1178,65.6
2019-11-01,WPU1178,65.5
2019-12-01,WPU1178,65.6
2020-01-01,WPU1178,65.5
2020-02-01,WPU1178,65.5
2020-03-01,WPU1178,65.6
2020-04-01,WPU1178,64.9
2020-05-01,WPU1178,64.9
2020-06-01,WPU1178,64.9
2020-07-01,WPU1178,64.7
2020-08-01,WPU1178,64.6
2020-09-01,WPU1178,64.6
2020-10-01,WPU1178,63.7
2020-11-01,WPU1178,63.7
2020-12-01,WPU1178,64.1
2021-01-01,WPU1178,64.1
2021-02-01,WPU1178,64.1
2021-03-01,WPU1178,64.3
2021-04-01,WPU1178,64.2
2021-05-01,WPU1178,64.5
2021-06-01,WPU1178,64.6
2021-07-01,WPU1178,64.509
2021-08-01,WPU1178,64.76
2021-09-01,WPU1178,64.888
2021-10-01,WPU1178,64.989
2021-11-01,WPU1178,65.342
2021-12-01,WPU1178,65.548
2022-01-01,WPU1178,66.591
2022-02-01,WPU1178,66.641
2022-03-01,WPU1178,66.992
2022-04-01,WPU1178,66.732
2022-05-01,WPU1178,66.999
2022-06-01,WPU1178,67.433
2022-07-01,WPU1178,67.426
2022-08-01,WPU1178,67.211
2022-09-01,WPU1178,67.472
2022-10-01,WPU1178,68.079
2022-11-01,WPU1178,68.411
2022-12-01,WPU1178,68.491
2023-01-01,WPU1178,68.072
2023-02-01,WPU1178,68.126
2023-03-01,WPU1178,68.223
2023-04-01,WPU1178,68.051
2023-05-01,WPU1178,67.382
2023-06-01,WPU1178,67.539
2023-07-01,WPU1178,67.728
2023-08-01,WPU1178,67.865
2023-09-01,WPU1178,68.116
2023-10-01,WPU1178,68.176
2023-11-01,WPU1178,68.303
2023-12-01,WPU1178,68.226
2024-01-01,WPU1178,68.59
2024-02-01,WPU1178,68.59
2024-03-01,WPU1178,68.643
2024-04-01,WPU1178,68.829
2024-05-01,WPU1178,68.719
2024-06-01,WPU1178,68.596
2024-07-01,WPU1178,67.91
2024-08-01,WPU1178,67.917
2024-09-01,WPU1178,67.988
2024-10-01,WPU1178,68.537
2024-11-01,WPU1178,69.561
2024-12-01,WPU1178,69.408
2025-01-01,WPU1178,68.707
2025-02-01,WPU1178,68.453
2025-03-01,WPU1178,68.878
2025-04-01,WPU1178,68.715
2025-05-01,WPU1178,68.712
2025-06-01,WPU1178,67.906
2025-07-01,WPU1178,67.91
2025-08-01,WPU1178,70.464
2025-09-01,WPU1178,70.649
2025-10-01,WPU1178,71.054
2025-11-01,WPU1178,72.002
2025-12-01,WPU1178,72.196
2026-01-01,WPU1178,72.778
2026-02-01,WPU1178,79.6
2026-03-01,WPU1178,81.308
2026-04-01,WPU1178,87.408
2026-05-01,WPU1178,87.018
2026-06-01,WPU1178,87.566
2026-07-01,WPU1178,86.932
2026-08-01,WPU1178,89.912
2005-06-01,WPU117839,100.0
2005-07-01,WPU117839,101.8
2005-08-01,WPU117839,102.4
2005-09-01,WPU117839,100.0
2005-10-01,WPU117839,98.6
2005-11-01,WPU117839,95.1
2005-12-01,WPU117839,93.2
2006-01-01,WPU117839,92.0
2006-02-01,WPU117839,91.0
2006-03-01,WPU117839,90.6
2006-04-01,WPU117839,92.2
2006-05-01,WPU117839,92.8
2006-06-01,WPU117839,92.2
2006-07-01,WPU117839,92.2
2006-08-01,WPU117839,92.1
2006-09-01,WPU117839,93.9
2006-10-01,WPU117839,92.2
2006-11-01,WPU117839,92.3
2006-12-01,WPU117839,92.2
2007-01-01,WPU117839,90.7
2007-02-01,WPU117839,82.4
2007-03-01,WPU117839,79.6
2007-04-01,WPU117839,79.6
2007-05-01,WPU117839,77.3
2007-06-01,WPU117839,78.5
2007-07-01,WPU117839,75.4
2007-08-01,WPU117839,73.3
2007-09-01,WPU117839,72.2
2007-10-01,WPU117839,70.6
2007-11-01,WPU117839,70.1
2007-12-01,WPU117839,68.5
2008-01-01,WPU117839,67.4
2008-02-01,WPU117839,67.1
2008-03-01,WPU117839,66.9
2008-04-01,WPU117839,66.4
2008-05-01,WPU117839,66.5
2008-06-01,WPU117839,66.6
2008-07-01,WPU117839,66.1
2008-08-01,WPU117839,65.4
2008-09-01,WPU117839,65.0
2008-10-01,WPU117839,65.4
2008-11-01,WPU117839,63.7
2008-12-01,WPU117839,63.3
2009-01-01,WPU117839,61.8
2009-02-01,WPU117839,62.4
2009-03-01,WPU117839,61.6
2009-04-01,WPU117839,60.6
2009-05-01,WPU117839,60.8
2009-06-01,WPU117839,59.6
2009-07-01,WPU117839,58.9
2009-08-01,WPU117839,58.9
2009-09-01,WPU117839,58.3
2009-10-01,WPU117839,58.6
2009-11-01,WPU117839,59.3
2009-12-01,WPU117839,59.1
2010-01-01,WPU117839,57.9
2010-02-01,WPU117839,58.5
2010-03-01,WPU117839,58.2
2010-04-01,WPU117839,58.0
2010-05-01,WPU117839,58.1
2010-06-01,WPU117839,57.4
2010-07-01,WPU117839,57.6
2010-08-01,WPU117839,56.3
2010-09-01,WPU117839,55.4
2010-10-01,WPU117839,54.7
2010-11-01,WPU117839,52.8
2010-12-01,WPU117839,52.2
2011-01-01,WPU117839,51.8
2011-02-01,WPU117839,52.5
2011-03-01,WPU117839,52.1
2011-04-01,WPU117839,51.9
2011-05-01,WPU117839,52.0
2011-06-01,WPU117839,51.9
2011-07-01,WPU117839,51.2
2011-08-01,WPU117839,50.7
2011-09-01,WPU117839,49.5
2011-10-01,WPU117839,49.2
2011-11-01,WPU117839,48.1
2011-12-01,WPU117839,47.0
2012-01-01,WPU117839,46.3
2012-02-01,WPU117839,46.5
2012-03-01,WPU117839,46.4
2012-04-01,WPU117839,46.5
2012-05-01,WPU117839,46.5
2012-06-01,WPU117839,45.8
2012-07-01,WPU117839,45.7
2012-08-01,WPU117839,45.4
2012-09-01,WPU117839,45.3
2012-10-01,WPU117839,45.4
2012-11-01,WPU117839,45.2
2012-12-01,WPU117839,44.7
2013-01-01,WPU117839,44.9
2013-02-01,WPU117839,44.9
2013-03-01,WPU117839,44.4
2013-04-01,WPU117839,45.1
2013-05-01,WPU117839,45.7
2013-06-01,WPU117839,45.7
2013-07-01,WPU117839,45.9
2013-08-01,WPU117839,45.5
2013-09-01,WPU117839,45.0
2013-10-01,WPU117839,45.2
2013-11-01,WPU117839,45.3
2013-12-01,WPU117839,45.2
2014-01-01,WPU117839,44.1
2014-02-01,WPU117839,43.9
2014-03-01,WPU117839,43.7
2014-04-01,WPU117839,43.6
2014-05-01,WPU117839,43.6
2014-06-01,WPU117839,43.5
2014-07-01,WPU117839,43.6
2014-08-01,WPU117839,43.6
2014-09-01,WPU117839,43.7
2014-10-01,WPU117839,43.6
2014-11-01,WPU117839,43.5
2014-12-01,WPU117839,43.5
2015-01-01,WPU117839,43.4
2015-02-01,WPU117839,43.6
2015-03-01,WPU117839,43.3
2015-04-01,WPU117839,43.2
2015-05-01,WPU117839,43.4
2015-06-01,WPU117839,42.6
2015-07-01,WPU117839,42.8
2015-08-01,WPU117839,42.4
2015-09-01,WPU117839,42.3
2015-10-01,WPU117839,42.3
2015-11-01,WPU117839,42.5
2015-12-01,WPU117839,42.4
2016-01-01,WPU117839,42.1
2016-02-01,WPU117839,41.9
2016-03-01,WPU117839,41.8
2016-04-01,WPU117839,41.7
2016-05-01,WPU117839,41.6
2016-06-01,WPU117839,41.2
2016-07-01,WPU117839,41.2
2016-08-01,WPU117839,41.2
2016-09-01,WPU117839,41.2
2016-10-01,WPU117839,40.8
2016-11-01,WPU117839,40.8
2016-12-01,WPU117839,40.7
2017-01-01,WPU117839,41.6
2017-02-01,WPU117839,41.5
2017-03-01,WPU117839,41.5
2017-04-01,WPU117839,42.1
2017-05-01,WPU117839,42.0
2017-06-01,WPU117839,42.0
2017-07-01,WPU117839,40.4
2017-08-01,WPU117839,40.2
2017-09-01,WPU117839,39.3
2017-10-01,WPU117839,39.3
2017-11-01,WPU117839,39.3
2017-12-01,WPU117839,39.2
2018-01-01,WPU117839,39.5
2018-02-01,WPU117839,39.6
2018-03-01,WPU117839,39.4
2018-04-01,WPU117839,39.5
2018-05-01,WPU117839,39.2
2018-06-01,WPU117839,39.2
2018-07-01,WPU117839,38.3
2018-08-01,WPU117839,37.5
2018-09-01,WPU117839,37.4
2018-10-01,WPU117839,36.9
2018-11-01,WPU117839,37.0
2018-12-01,WPU117839,36.8
2019-01-01,WPU117839,35.9
2019-02-01,WPU117839,35.8
2019-03-01,WPU117839,35.8
2019-04-01,WPU117839,36.1
2019-05-01,WPU117839,36.0
2019-06-01,WPU117839,36.1
2019-07-01,WPU117839,36.1
2019-08-01,WPU117839,36.2
2019-09-01,WPU117839,36.3
2019-10-01,WPU117839,36.2
2019-11-01,WPU117839,36.1
2019-12-01,WPU117839,36.2
2020-01-01,WPU117839,35.9
2020-02-01,WPU117839,35.9
2020-03-01,WPU117839,35.8
2020-04-01,WPU117839,34.5
2020-05-01,WPU117839,34.4
2020-06-01,WPU117839,34.4
2020-07-01,WPU117839,34.1
2020-08-01,WPU117839,33.9
2020-09-01,WPU117839,33.9
2020-10-01,WPU117839,32.2
2020-11-01,WPU117839,32.2
2020-12-01,WPU117839,32.4
2021-01-01,WPU117839,32.3
2021-02-01,WPU117839,32.2
2021-03-01,WPU117839,32.3
2021-04-01,WPU117839,32.1
2021-05-01,WPU117839,32.3
2021-06-01,WPU117839,32.4
2021-07-01,WPU117839,31.88
2021-08-01,WPU117839,31.93
2021-09-01,WPU117839,31.964
2021-10-01,WPU117839,31.559
2021-11-01,WPU117839,31.9
2021-12-01,WPU117839,32.051
2022-01-01,WPU117839,32.307
2022-02-01,WPU117839,32.253
2022-03-01,WPU117839,32.28
2022-04-01,WPU117839,32.562
2022-05-01,WPU117839,32.776
2022-06-01,WPU117839,33.072
2022-07-01,WPU117839,32.848
2022-08-01,WPU117839,32.74
2022-09-01,WPU117839,32.918
2022-10-01,WPU117839,33.86
2022-11-01,WPU117839,33.924
2022-12-01,WPU117839,33.947
2023-01-01,WPU117839,33.691
2023-02-01,WPU117839,33.751
2023-03-01,WPU117839,33.612
2023-04-01,WPU117839,33.161
2023-05-01,WPU117839,32.984
2023-06-01,WPU117839,33.108
2023-07-01,WPU117839,32.557
2023-08-01,WPU117839,32.585
2023-09-01,WPU117839,32.526
2023-10-01,WPU117839,32.253
2023-11-01,WPU117839,32.434
2023-12-01,WPU117839,32.172
2024-01-01,WPU117839,32.226
2024-02-01,WPU117839,32.161
2024-03-01,WPU117839,32.09
2024-04-01,WPU117839,32.183
2024-05-01,WPU117839,32.058
2024-06-01,WPU117839,31.671
2024-07-01,WPU117839,30.078
2024-08-01,WPU117839,30.086
2024-09-01,WPU117839,30.085
2024-10-01,WPU117839,30.636
2024-11-01,WPU117839,30.628
2024-12-01,WPU117839,30.62
2025-01-01,WPU117839,30.262
2025-02-01,WPU117839,30.253
2025-03-01,WPU117839,30.248
2025-04-01,WPU117839,30.096
2025-05-01,WPU117839,30.078
2025-06-01,WPU117839,29.881
2025-07-01,WPU117839,29.567
2025-08-01,WPU117839,29.538
2025-09-01,WPU117839,29.546
2025-10-01,WPU117839,29.877
2025-11-01,WPU117839,29.876
2025-12-01,WPU117839,29.901
2026-01-01,WPU117839,29.726
2026-02-01,WPU117839,30.615
2026-03-01,WPU117839,30.609
2026-04-01,WPU117839,31.225
2026-05-01,WPU117839,31.18
2026-06-01,WPU117839,31.204
2026-07-01,WPU117839,29.885
2026-08-01,WPU117839,29.964
2007-12-01,WPU117839111,100.0
2009-09-01,WPU117839111,71.7
2009-10-01,WPU117839111,71.5
2009-11-01,WPU117839111,71.4
2009-12-01,WPU117839111,71.4
2010-01-01,WPU117839111,71.2
2010-02-01,WPU117839111,71.2
2010-03-01,WPU117839111,70.1
2010-04-01,WPU117839111,70.1
2010-05-01,WPU117839111,70.1
2010-06-01,WPU117839111,70.0
2010-07-01,WPU117839111,69.4
2010-08-01,WPU117839111,68.6
2010-09-01,WPU117839111,66.9
2010-10-01,WPU117839111,66.8
2010-11-01,WPU117839111,67.3
2010-12-01,WPU117839111,67.2
2011-01-01,WPU117839111,65.8
2011-02-01,WPU117839111,65.8
2011-03-01,WPU117839111,65.8
2011-04-01,WPU117839111,65.7
2011-05-01,WPU117839111,65.7
2011-06-01,WPU117839111,65.4
2011-07-01,WPU117839111,63.9
2011-08-01,WPU117839111,64.0
2011-09-01,WPU117839111,64.0
2011-10-01,WPU117839111,63.5
2011-11-01,WPU117839111,63.4
2011-12-01,WPU117839111,63.4
2012-01-01,WPU117839111,63.4
2012-02-01,WPU117839111,63.3
2012-03-01,WPU117839111,63.3
2012-04-01,WPU117839111,63.3
2012-05-01,WPU117839111,63.3
2012-06-01,WPU117839111,62.9
2012-07-01,WPU117839111,62.9
2012-08-01,WPU117839111,62.6
2012-09-01,WPU117839111,62.6
2012-10-01,WPU117839111,62.5
2012-11-01,WPU117839111,62.1
2012-12-01,WPU117839111,61.9
2013-01-01,WPU117839111,61.8
2013-02-01,WPU117839111,61.7
2013-03-01,WPU117839111,60.5
2013-04-01,WPU117839111,60.4
2013-05-01,WPU117839111,60.4
2013-06-01,WPU117839111,60.4
2013-07-01,WPU117839111,60.4
2013-08-01,WPU117839111,60.4
2013-09-01,WPU117839111,60.4
2013-10-01,WPU117839111,60.4
2013-11-01,WPU117839111,60.2
2013-12-01,WPU117839111,60.1
2014-01-01,WPU117839111,58.1
2014-02-01,WPU117839111,58.1
2014-03-01,WPU117839111,58.1
2014-04-01,WPU117839111,57.6
2014-05-01,WPU117839111,57.6
2014-06-01,WPU117839111,57.6
2014-07-01,WPU117839111,57.5
2014-08-01,WPU117839111,57.5
2014-09-01,WPU117839111,57.5
2014-10-01,WPU117839111,57.5
2014-11-01,WPU117839111,57.5
2014-12-01,WPU117839111,57.5
2015-01-01,WPU117839111,57.5
2015-02-01,WPU117839111,57.5
2015-03-01,WPU117839111,57.3
2007-12-01,WPU117839112,100.0
2009-09-01,WPU117839112,93.1
2009-10-01,WPU117839112,94.0
2009-11-01,WPU117839112,95.6
2009-12-01,WPU117839112,95.1
2010-01-01,WPU117839112,92.5
2010-02-01,WPU117839112,93.9
2010-03-01,WPU117839112,93.9
2010-04-01,WPU117839112,93.4
2010-05-01,WPU117839112,93.5
2010-06-01,WPU117839112,91.9
2010-07-01,WPU117839112,92.7
2010-08-01,WPU117839112,90.3
2010-09-01,WPU117839112,89.1
2010-10-01,WPU117839112,87.7
2010-11-01,WPU117839112,83.0
2010-12-01,WPU117839112,81.6
2011-01-01,WPU117839112,81.4
2011-02-01,WPU117839112,83.0
2011-03-01,WPU117839112,82.3
2011-04-01,WPU117839112,81.8
2011-05-01,WPU117839112,81.9
2011-06-01,WPU117839112,82.0
2011-07-01,WPU117839112,81.2
2011-08-01,WPU117839112,80.0
2011-09-01,WPU117839112,77.2
2011-10-01,WPU117839112,76.7
2011-11-01,WPU117839112,74.3
2011-12-01,WPU117839112,71.8
2012-01-01,WPU117839112,68.0
2012-02-01,WPU117839112,69.1
2012-03-01,WPU117839112,68.3
2012-04-01,WPU117839112,69.3
2012-05-01,WPU117839112,69.2
2012-06-01,WPU117839112,66.4
2012-07-01,WPU117839112,65.6
2012-08-01,WPU117839112,65.1
2012-09-01,WPU117839112,64.3
2012-10-01,WPU117839112,64.9
2012-11-01,WPU117839112,65.5
2012-12-01,WPU117839112,63.3
2013-01-01,WPU117839112,64.9
2013-02-01,WPU117839112,65.1
2013-03-01,WPU117839112,65.7
2013-04-01,WPU117839112,70.1
2013-05-01,WPU117839112,73.3
2013-06-01,WPU117839112,73.7
2013-07-01,WPU117839112,74.4
2013-08-01,WPU117839112,72.6
2013-09-01,WPU117839112,69.8
2013-10-01,WPU117839112,70.5
2013-11-01,WPU117839112,71.4
2013-12-01,WPU117839112,71.4
2014-01-01,WPU117839112,71.4
2014-02-01,WPU117839112,70.6
2014-03-01,WPU117839112,69.2
2014-04-01,WPU117839112,70.0
2014-05-01,WPU117839112,69.8
2014-06-01,WPU117839112,69.5
2014-07-01,WPU117839112,70.3
2014-08-01,WPU117839112,70.5
2014-09-01,WPU117839112,70.9
2014-10-01,WPU117839112,70.6
2014-11-01,WPU117839112,70.0
2014-12-01,WPU117839112,69.9
2015-01-01,WPU117839112,69.2
2015-02-01,WPU117839112,70.2
2015-03-01,WPU117839112,69.4
2015-04-01,WPU117839112,69.0
2015-05-01,WPU117839112,70.0
2005-06-01,WPU117847,100.0
2005-07-01,WPU117847,99.5
2005-08-01,WPU117847,99.1
2005-09-01,WPU117847,99.1
2005-10-01,WPU117847,99.0
2005-11-01,WPU117847,99.0
2005-12-01,WPU117847,98.7
2006-01-01,WPU117847,97.7
2006-02-01,WPU117847,97.8
2006-03-01,WPU117847,97.4
2006-04-01,WPU117847,97.5
2006-05-01,WPU117847,97.3
2006-06-01,WPU117847,97.1
2006-07-01,WPU117847,97.7
2006-08-01,WPU117847,97.4
2006-09-01,WPU117847,97.3
2006-10-01,WPU117847,97.1
2006-11-01,WPU117847,97.5
2006-12-01,WPU117847,98.0
2007-01-01,WPU117847,101.3
2007-02-01,WPU117847,100.4
2007-03-01,WPU117847,99.4
2007-04-01,WPU117847,98.6
2007-05-01,WPU117847,97.7
2007-06-01,WPU117847,97.3
2007-07-01,WPU117847,96.6
2007-08-01,WPU117847,95.9
2007-09-01,WPU117847,95.3
2007-10-01,WPU117847,94.7
2007-11-01,WPU117847,93.8
2007-12-01,WPU117847,93.7
2008-01-01,WPU117847,89.9
2008-02-01,WPU117847,89.5
2008-03-01,WPU117847,89.3
2008-04-01,WPU117847,89.2
2008-05-01,WPU117847,89.4
2008-06-01,WPU117847,89.1
2008-07-01,WPU117847,87.6
2008-08-01,WPU117847,87.5
2008-09-01,WPU117847,87.7
2008-10-01,WPU117847,87.2
2008-11-01,WPU117847,87.1
2008-12-01,WPU117847,87.0
2009-01-01,WPU117847,85.4
2009-02-01,WPU117847,85.3
2009-03-01,WPU117847,84.8
2009-04-01,WPU117847,84.4
2009-05-01,WPU117847,84.5
2009-06-01,WPU117847,84.5
2009-07-01,WPU117847,83.8
2009-08-01,WPU117847,83.3
2009-09-01,WPU117847,83.6
2009-10-01,WPU117847,83.7
2009-11-01,WPU117847,83.5
2009-12-01,WPU117847,83.8
2010-01-01,WPU117847,83.0
2010-02-01,WPU117847,82.6
2010-03-01,WPU117847,81.8
2010-04-01,WPU117847,81.3
2010-05-01,WPU117847,81.3
2010-06-01,WPU117847,81.2
2010-07-01,WPU117847,80.5
2010-08-01,WPU117847,80.9
2010-09-01,WPU117847,80.8
2010-10-01,WPU117847,80.7
2010-11-01,WPU117847,80.4
2010-12-01,WPU117847,80.4
2011-01-01,WPU117847,80.5
2011-02-01,WPU117847,80.3
2011-03-01,WPU117847,80.4
2011-04-01,WPU117847,79.9
2011-05-01,WPU117847,79.9
2011-06-01,WPU117847,80.0
2011-07-01,WPU117847,79.9
2011-08-01,WPU117847,80.3
2011-09-01,WPU117847,80.3
2011-10-01,WPU117847,80.3
2011-11-01,WPU117847,80.2
2011-12-01,WPU117847,80.2
2012-01-01,WPU117847,80.2
2012-02-01,WPU117847,79.6
2012-03-01,WPU117847,79.5
2012-04-01,WPU117847,79.5
2012-05-01,WPU117847,82.1
2012-06-01,WPU117847,81.5
2012-07-01,WPU117847,81.3
2012-08-01,WPU117847,80.3
2012-09-01,WPU117847,80.4
2012-10-01,WPU117847,80.3
2012-11-01,WPU117847,79.1
2012-12-01,WPU117847,79.0
2013-01-01,WPU117847,78.3
2013-02-01,WPU117847,77.7
2013-03-01,WPU117847,78.1
2013-04-01,WPU117847,79.0
2013-05-01,WPU117847,78.9
2013-06-01,WPU117847,78.8
2013-07-01,WPU117847,78.3
2013-08-01,WPU117847,78.3
2013-09-01,WPU117847,78.3
2013-10-01,WPU117847,78.3
2013-11-01,WPU117847,78.3
2013-12-01,WPU117847,78.4
2014-01-01,WPU117847,77.8
2014-02-01,WPU117847,77.7
2014-03-01,WPU117847,77.5
2014-04-01,WPU117847,77.5
2014-05-01,WPU117847,77.5
2014-06-01,WPU117847,78.0
2014-07-01,WPU117847,77.9
2014-08-01,WPU117847,77.5
2014-09-01,WPU117847,77.6
2014-10-01,WPU117847,77.6
2014-11-01,WPU117847,77.5
2014-12-01,WPU117847,77.4
2015-01-01,WPU117847,77.3
2015-02-01,WPU117847,76.9
2015-03-01,WPU117847,76.9
2015-04-01,WPU117847,76.9
2015-05-01,WPU117847,76.9
2015-06-01,WPU117847,77.3
2015-07-01,WPU117847,76.9
2015-08-01,WPU117847,76.6
2015-09-01,WPU117847,76.5
2015-10-01,WPU117847,76.3
2015-11-01,WPU117847,75.2
2015-12-01,WPU117847,74.8
2016-01-01,WPU117847,73.2
2016-02-01,WPU117847,72.7
2016-03-01,WPU117847,72.7
2016-04-01,WPU117847,72.5
2016-05-01,WPU117847,73.0
2016-06-01,WPU117847,74.3
2016-07-01,WPU117847,74.2
2016-08-01,WPU117847,73.8
2016-09-01,WPU117847,73.9
2016-10-01,WPU117847,73.7
2016-11-01,WPU117847,73.5
2016-12-01,WPU117847,73.5
2017-01-01,WPU117847,73.4
2017-02-01,WPU117847,73.3
2017-03-01,WPU117847,73.2
2017-04-01,WPU117847,72.5
2017-05-01,WPU117847,72.0
2017-06-01,WPU117847,72.2
2017-07-01,WPU117847,71.8
2017-08-01,WPU117847,71.9
2017-09-01,WPU117847,71.2
2017-10-01,WPU117847,71.2
2017-11-01,WPU117847,71.3
2017-12-01,WPU117847,71.2
2018-01-01,WPU117847,70.8
2018-02-01,WPU117847,71.0
2018-03-01,WPU117847,71.0
2018-04-01,WPU117847,70.2
2018-05-01,WPU117847,70.3
2018-06-01,WPU117847,70.3
2018-07-01,WPU117847,70.4
2018-08-01,WPU117847,70.6
2018-09-01,WPU117847,70.6
2018-10-01,WPU117847,70.9
2018-11-01,WPU117847,70.8
2018-12-01,WPU117847,70.8
2019-01-01,WPU117847,71.3
2019-02-01,WPU117847,70.8
2019-03-01,WPU117847,70.7
2019-04-01,WPU117847,70.1
2019-05-01,WPU117847,68.5
2019-06-01,WPU117847,68.6
2019-07-01,WPU117847,68.9
2019-08-01,WPU117847,68.9
2019-09-01,WPU117847,69.0
2019-10-01,WPU117847,68.7
2019-11-01,WPU117847,68.7
2019-12-01,WPU117847,68.7
2020-01-01,WPU117847,68.7
2020-02-01,WPU117847,68.7
2020-03-01,WPU117847,70.3
2020-04-01,WPU117847,69.9
2020-05-01,WPU117847,69.9
2020-06-01,WPU117847,69.9
2020-07-01,WPU117847,69.9
2020-08-01,WPU117847,69.8
2020-09-01,WPU117847,69.6
2020-10-01,WPU117847,69.6
2020-11-01,WPU117847,69.8
2020-12-01,WPU117847,69.8
2021-01-01,WPU117847,69.5
2021-02-01,WPU117847,69.3
2021-03-01,WPU117847,69.3
2021-04-01,WPU117847,69.4
2021-05-01,WPU117847,69.4
2021-06-01,WPU117847,69.5
2021-07-01,WPU117847,69.567
2021-08-01,WPU117847,70.788
2021-09-01,WPU117847,70.555
2021-10-01,WPU117847,70.969
2021-11-01,WPU117847,70.98
2021-12-01,WPU117847,70.98
2022-01-01,WPU117847,71.463
2022-02-01,WPU117847,71.551
2022-03-01,WPU117847,72.079
2022-04-01,WPU117847,72.265
2022-05-01,WPU117847,72.265
2022-06-01,WPU117847,72.192
2022-07-01,WPU117847,73.113
2022-08-01,WPU117847,72.588
2022-09-01,WPU117847,73.454
2022-10-01,WPU117847,73.685
2022-11-01,WPU117847,74.412
2022-12-01,WPU117847,74.396
2023-01-01,WPU117847,74.847
2023-02-01,WPU117847,75.82
2023-03-01,WPU117847,75.82
2023-04-01,WPU117847,75.827
2023-05-01,WPU117847,75.827
2023-06-01,WPU117847,75.827
2023-07-01,WPU117847,77.403
2023-08-01,WPU117847,77.819
2023-09-01,WPU117847,79.333
2023-10-01,WPU117847,79.602
2023-11-01,WPU117847,79.188
2023-12-01,WPU117847,79.188
2024-01-01,WPU117847,79.816
2024-02-01,WPU117847,79.816
2024-03-01,WPU117847,79.816
2024-04-01,WPU117847,80.601
2024-05-01,WPU117847,80.689
2024-06-01,WPU117847,80.676
2024-07-01,WPU117847,80.676
2024-08-01,WPU117847,79.716
2024-09-01,WPU117847,79.918
2024-10-01,WPU117847,79.404
2024-11-01,WPU117847,79.468
2024-12-01,WPU117847,78.409
2025-01-01,WPU117847,76.875
2025-02-01,WPU117847,76.999
2025-03-01,WPU117847,78.247
2025-04-01,WPU117847,78.25
2025-05-01,WPU117847,76.688
2025-06-01,WPU117847,76.772
2025-07-01,WPU117847,77.399
2025-08-01,WPU117847,74.895
2025-09-01,WPU117847,75.234
2025-10-01,WPU117847,75.234
2025-11-01,WPU117847,75.267
2025-12-01,WPU117847,75.316
2026-01-01,WPU117847,75.655
2026-02-01,WPU117847,75.698
2026-03-01,WPU117847,75.68
2026-04-01,WPU117847,76.429
2026-05-01,WPU117847,74.103
2026-06-01,WPU117847,71.689
2026-07-01,WPU117847,71.449
2026-08-01,WPU117847,67.379
1990-12-01,PCU334111334111,2865.5
1991-01-01,PCU334111334111,2804.9
1991-02-01,PCU334111334111,2786.1
1991-03-01,PCU334111334111,2756.0
1991-04-01,PCU334111334111,2741.3
1991-05-01,PCU334111334111,2667.0
1991-06-01,PCU334111334111,2571.4
1991-07-01,PCU334111334111,2467.4
1991-08-01,PCU334111334111,2392.8
1991-09-01,PCU334111334111,2386.8
1991-10-01,PCU334111334111,2352.4
1991-11-01,PCU334111334111,2339.8
1991-12-01,PCU334111334111,2314.7
1992-01-01,PCU334111334111,2292.9
1992-02-01,PCU334111334111,2275.9
1992-03-01,PCU334111334111,2244.8
1992-04-01,PCU334111334111,2200.0
1992-05-01,PCU334111334111,2185.9
1992-06-01,PCU334111334111,2139.0
1992-07-01,PCU334111334111,2078.3
1992-08-01,PCU334111334111,2072.7
1992-09-01,PCU334111334111,2048.4
1992-10-01,PCU334111334111,2029.7
1992-11-01,PCU334111334111,2026.4
1992-12-01,PCU334111334111,2021.7
1993-01-01,PCU334111334111,1989.8
1993-02-01,PCU334111334111,1983.1
1993-03-01,PCU334111334111,1940.4
1993-04-01,PCU334111334111,1910.7
1993-05-01,PCU334111334111,1889.8
1993-06-01,PCU334111334111,1867.7
1993-07-01,PCU334111334111,1843.7
1993-08-01,PCU334111334111,1815.7
1993-09-01,PCU334111334111,1825.6
1993-10-01,PCU334111334111,1808.6
1993-11-01,PCU334111334111,1806.1
1993-12-01,PCU334111334111,1803.6
1994-01-01,PCU334111334111,1793.9
1994-02-01,PCU334111334111,1751.5
1994-03-01,PCU334111334111,1751.9
1994-04-01,PCU334111334111,1740.2
1994-05-01,PCU334111334111,1733.0
1994-06-01,PCU334111334111,1729.0
1994-07-01,PCU334111334111,1717.1
1994-08-01,PCU334111334111,1704.7
1994-09-01,PCU334111334111,1713.0
1994-10-01,PCU334111334111,1690.3
1994-11-01,PCU334111334111,1671.2
1994-12-01,PCU334111334111,1671.2
1995-01-01,PCU334111334111,1651.6
1995-02-01,PCU334111334111,1628.6
1995-03-01,PCU334111334111,1614.4
1995-04-01,PCU334111334111,1599.1
1995-05-01,PCU334111334111,1575.1
1995-06-01,PCU334111334111,1544.6
1995-07-01,PCU334111334111,1539.6
1995-08-01,PCU334111334111,1502.7
1995-09-01,PCU334111334111,1480.1
1995-10-01,PCU334111334111,1462.8
1995-11-01,PCU334111334111,1449.2
1995-12-01,PCU334111334111,1442.6
1996-01-01,PCU334111334111,1423.6
1996-02-01,PCU334111334111,1387.0
1996-03-01,PCU334111334111,1363.6
1996-04-01,PCU334111334111,1334.7
1996-05-01,PCU334111334111,1319.6
1996-06-01,PCU334111334111,1305.8
1996-07-01,PCU334111334111,1274.5
1996-08-01,PCU334111334111,1262.5
1996-09-01,PCU334111334111,1255.8
1996-10-01,PCU334111334111,1228.1
1996-11-01,PCU334111334111,1207.6
1996-12-01,PCU334111334111,1181.7
1997-01-01,PCU334111334111,1167.2
1997-02-01,PCU334111334111,1147.7
1997-03-01,PCU334111334111,1134.2
1997-04-01,PCU334111334111,1126.6
1997-05-01,PCU334111334111,1054.1
1997-06-01,PCU334111334111,1029.1
1997-07-01,PCU334111334111,1016.5
1997-08-01,PCU334111334111,994.4
1997-09-01,PCU334111334111,987.3
1997-10-01,PCU334111334111,971.6
1997-11-01,PCU334111334111,957.7
1997-12-01,PCU334111334111,951.5
1998-01-01,PCU334111334111,922.1
1998-02-01,PCU334111334111,895.0
1998-03-01,PCU334111334111,887.7
1998-04-01,PCU334111334111,861.6
1998-05-01,PCU334111334111,846.2
1998-06-01,PCU334111334111,839.3
1998-07-01,PCU334111334111,828.6
1998-08-01,PCU334111334111,797.2
1998-09-01,PCU334111334111,791.3
1998-10-01,PCU334111334111,781.1
1998-11-01,PCU334111334111,771.5
1998-12-01,PCU334111334111,762.3
1999-01-01,PCU334111334111,742.2
1999-02-01,PCU334111334111,735.7
1999-03-01,PCU334111334111,731.1
1999-04-01,PCU334111334111,712.7
1999-05-01,PCU334111334111,706.7
1999-06-01,PCU334111334111,701.6
1999-07-01,PCU334111334111,683.8
1999-08-01,PCU334111334111,670.7
1999-09-01,PCU334111334111,668.8
1999-10-01,PCU334111334111,662.2
1999-11-01,PCU334111334111,660.7
1999-12-01,PCU334111334111,652.8
2000-01-01,PCU334111334111,640.6
2000-02-01,PCU334111334111,637.7
2000-03-01,PCU334111334111,635.4
2000-04-01,PCU334111334111,623.8
2000-05-01,PCU334111334111,615.6
2000-06-01,PCU334111334111,613.8
2000-07-01,PCU334111334111,613.6
2000-08-01,PCU334111334111,606.2
2000-09-01,PCU334111334111,604.0
2000-10-01,PCU334111334111,603.2
2000-11-01,PCU334111334111,602.1
2000-12-01,PCU334111334111,596.6
2001-01-01,PCU334111334111,582.4
2001-02-01,PCU334111334111,579.2
2001-03-01,PCU334111334111,565.4
2001-04-01,PCU334111334111,565.5
2001-05-01,PCU334111334111,560.8
2001-06-01,PCU334111334111,550.8
2001-07-01,PCU334111334111,546.8
2001-08-01,PCU334111334111,522.8
2001-09-01,PCU334111334111,518.4
2001-10-01,PCU334111334111,515.0
2001-11-01,PCU334111334111,509.7
2001-12-01,PCU334111334111,505.6
2002-01-01,PCU334111334111,504.3
2002-02-01,PCU334111334111,493.9
2002-03-01,PCU334111334111,490.8
2002-04-01,PCU334111334111,487.0
2002-05-01,PCU334111334111,486.6
2002-06-01,PCU334111334111,482.3
2002-07-01,PCU334111334111,466.2
2002-08-01,PCU334111334111,449.2
2002-09-01,PCU334111334111,444.1
2002-10-01,PCU334111334111,437.1
2002-11-01,PCU334111334111,426.3
2002-12-01,PCU334111334111,420.7
2003-01-01,PCU334111334111,408.2
2003-02-01,PCU334111334111,389.7
2003-03-01,PCU334111334111,384.2
2003-04-01,PCU334111334111,384.8
2003-05-01,PCU334111334111,382.2
2003-06-01,PCU334111334111,378.2
2003-07-01,PCU334111334111,371.2
2003-08-01,PCU334111334111,366.2
2003-09-01,PCU334111334111,366.6
2003-10-01,PCU334111334111,358.7
2003-11-01,PCU334111334111,355.8
2003-12-01,PCU334111334111,348.9
2004-01-01,PCU334111334111,345.5
2004-02-01,PCU334111334111,344.3
2004-03-01,PCU334111334111,341.2
2004-04-01,PCU334111334111,339.6
2004-05-01,PCU334111334111,336.2
2004-06-01,PCU334111334111,330.9
2004-07-01,PCU334111334111,330.2
2004-08-01,PCU334111334111,324.5
2004-09-01,PCU334111334111,318.0
2004-10-01,PCU334111334111,317.1
2004-11-01,PCU334111334111,307.3
2004-12-01,PCU334111334111,305.8
2005-01-01,PCU334111334111,297.7
2005-02-01,PCU334111334111,297.1
2005-03-01,PCU334111334111,293.1
2005-04-01,PCU334111334111,291.0
2005-05-01,PCU334111334111,285.5
2005-06-01,PCU334111334111,283.1
2005-07-01,PCU334111334111,280.6
2005-08-01,PCU334111334111,279.8
2005-09-01,PCU334111334111,273.9
2005-10-01,PCU334111334111,271.8
2005-11-01,PCU334111334111,270.4
2005-12-01,PCU334111334111,267.6
2006-01-01,PCU334111334111,266.4
2006-02-01,PCU334111334111,262.9
2006-03-01,PCU334111334111,262.7
2006-04-01,PCU334111334111,259.3
2006-05-01,PCU334111334111,257.6
2006-06-01,PCU334111334111,253.9
2006-07-01,PCU334111334111,251.6
2006-08-01,PCU334111334111,248.6
2006-09-01,PCU334111334111,246.0
2006-10-01,PCU334111334111,243.8
2006-11-01,PCU334111334111,242.8
2006-12-01,PCU334111334111,242.0
2007-01-01,PCU334111334111,238.8
2007-02-01,PCU334111334111,237.0
2007-03-01,PCU334111334111,233.3
2007-04-01,PCU334111334111,230.7
2007-05-01,PCU334111334111,225.8
2007-06-01,PCU334111334111,220.6
2007-07-01,PCU334111334111,215.3
2007-08-01,PCU334111334111,209.1
2007-09-01,PCU334111334111,206.5
2007-10-01,PCU334111334111,203.8
2007-11-01,PCU334111334111,201.0
2007-12-01,PCU334111334111,198.4
2008-01-01,PCU334111334111,194.3
2008-02-01,PCU334111334111,192.1
2008-03-01,PCU334111334111,188.2
2008-04-01,PCU334111334111,186.9
2008-05-01,PCU334111334111,187.0
2008-06-01,PCU334111334111,186.9
2008-07-01,PCU334111334111,185.9
2008-08-01,PCU334111334111,184.2
2008-09-01,PCU334111334111,181.9
2008-10-01,PCU334111334111,179.4
2008-11-01,PCU334111334111,178.3
2008-12-01,PCU334111334111,177.6
2009-01-01,PCU334111334111,176.6
2009-02-01,PCU334111334111,171.8
2009-03-01,PCU334111334111,170.9
2009-04-01,PCU334111334111,168.1
2009-05-01,PCU334111334111,168.1
2009-06-01,PCU334111334111,164.4
2009-07-01,PCU334111334111,162.8
2009-08-01,PCU334111334111,163.6
2009-09-01,PCU334111334111,162.0
2009-10-01,PCU334111334111,161.6
2009-11-01,PCU334111334111,159.8
2009-12-01,PCU334111334111,159.1
2010-01-01,PCU334111334111,159.3
2010-02-01,PCU334111334111,159.3
2010-03-01,PCU334111334111,158.5
2010-04-01,PCU334111334111,157.3
2010-05-01,PCU334111334111,156.8
2010-06-01,PCU334111334111,155.1
2010-07-01,PCU334111334111,154.9
2010-08-01,PCU334111334111,154.2
2010-09-01,PCU334111334111,152.5
2010-10-01,PCU334111334111,151.6
2010-11-01,PCU334111334111,151.8
2010-12-01,PCU334111334111,150.5
2011-01-01,PCU334111334111,150.0
2011-02-01,PCU334111334111,148.8
2011-03-01,PCU334111334111,147.2
2011-04-01,PCU334111334111,146.8
2011-05-01,PCU334111334111,145.4
2011-06-01,PCU334111334111,144.5
2011-07-01,PCU334111334111,137.2
2011-08-01,PCU334111334111,135.0
2011-09-01,PCU334111334111,134.8
2011-10-01,PCU334111334111,135.0
2011-11-01,PCU334111334111,134.8
2011-12-01,PCU334111334111,134.9
2012-01-01,PCU334111334111,134.9
2012-02-01,PCU334111334111,134.4
2012-03-01,PCU334111334111,131.3
2012-04-01,PCU334111334111,131.2
2012-05-01,PCU334111334111,130.9
2012-06-01,PCU334111334111,129.2
2012-07-01,PCU334111334111,128.9
2012-08-01,PCU334111334111,128.4
2012-09-01,PCU334111334111,126.0
2012-10-01,PCU334111334111,126.7
2012-11-01,PCU334111334111,125.2
2012-12-01,PCU334111334111,124.5
2013-01-01,PCU334111334111,123.9
2013-02-01,PCU334111334111,123.2
2013-03-01,PCU334111334111,122.8
2013-04-01,PCU334111334111,122.2
2013-05-01,PCU334111334111,120.5
2013-06-01,PCU334111334111,118.8
2013-07-01,PCU334111334111,119.1
2013-08-01,PCU334111334111,118.4
2013-09-01,PCU334111334111,119.2
2013-10-01,PCU334111334111,117.8
2013-11-01,PCU334111334111,117.4
2013-12-01,PCU334111334111,117.0
2014-01-01,PCU334111334111,116.7
2014-02-01,PCU334111334111,116.3
2014-03-01,PCU334111334111,115.8
2014-04-01,PCU334111334111,115.9
2014-05-01,PCU334111334111,115.7
2014-06-01,PCU334111334111,115.9
2014-07-01,PCU334111334111,115.0
2014-08-01,PCU334111334111,114.4
2014-09-01,PCU334111334111,114.1
2014-10-01,PCU334111334111,113.9
2014-11-01,PCU334111334111,112.9
2014-12-01,PCU334111334111,112.8
2015-01-01,PCU334111334111,113.0
2015-02-01,PCU334111334111,113.4
2015-03-01,PCU334111334111,111.1
2015-04-01,PCU334111334111,111.0
2015-05-01,PCU334111334111,110.8
2015-06-01,PCU334111334111,109.2
2015-07-01,PCU334111334111,110.1
2015-08-01,PCU334111334111,110.9
2015-09-01,PCU334111334111,110.6
2015-10-01,PCU334111334111,109.4
2015-11-01,PCU334111334111,108.5
2015-12-01,PCU334111334111,108.6
2016-01-01,PCU334111334111,108.7
2016-02-01,PCU334111334111,107.3
2016-03-01,PCU334111334111,106.8
2016-04-01,PCU334111334111,107.0
2016-05-01,PCU334111334111,107.4
2016-06-01,PCU334111334111,107.1
2016-07-01,PCU334111334111,106.1
2016-08-01,PCU334111334111,105.1
2016-09-01,PCU334111334111,105.2
2016-10-01,PCU334111334111,103.8
2016-11-01,PCU334111334111,104.2
2016-12-01,PCU334111334111,104.6
2017-01-01,PCU334111334111,102.8
2017-02-01,PCU334111334111,102.9
2017-03-01,PCU334111334111,102.6
2017-04-01,PCU334111334111,102.6
2017-05-01,PCU334111334111,102.1
2017-06-01,PCU334111334111,102.0
2017-07-01,PCU334111334111,101.7
2017-08-01,PCU334111334111,101.0
2017-09-01,PCU334111334111,101.5
2017-10-01,PCU334111334111,101.2
2017-11-01,PCU334111334111,100.8
2017-12-01,PCU334111334111,100.9
2018-01-01,PCU334111334111,100.1
2018-02-01,PCU334111334111,99.1
2018-03-01,PCU334111334111,100.4
2018-04-01,PCU334111334111,99.7
2018-05-01,PCU334111334111,100.0
2018-06-01,PCU334111334111,99.6
2018-07-01,PCU334111334111,99.0
2018-08-01,PCU334111334111,100.4
2018-09-01,PCU334111334111,99.3
2018-10-01,PCU334111334111,100.2
2018-11-01,PCU334111334111,98.6
2018-12-01,PCU334111334111,96.2
2019-01-01,PCU334111334111,98.5
2019-02-01,PCU334111334111,99.4
2019-03-01,PCU334111334111,96.3
2019-04-01,PCU334111334111,95.5
2019-05-01,PCU334111334111,95.7
2019-06-01,PCU334111334111,93.9
2019-07-01,PCU334111334111,93.2
2019-08-01,PCU334111334111,93.4
2019-09-01,PCU334111334111,90.3
2019-10-01,PCU334111334111,91.2
2019-11-01,PCU334111334111,91.3
2019-12-01,PCU334111334111,89.3
2020-01-01,PCU334111334111,90.4
2020-02-01,PCU334111334111,90.5
2020-03-01,PCU334111334111,89.8
2020-04-01,PCU334111334111,90.1
2020-05-01,PCU334111334111,90.6
2020-06-01,PCU334111334111,88.1
2020-07-01,PCU334111334111,89.7
2020-08-01,PCU334111334111,89.8
2020-09-01,PCU334111334111,87.5
2020-10-01,PCU334111334111,88.6
2020-11-01,PCU334111334111,88.3
2020-12-01,PCU334111334111,85.6
2021-01-01,PCU334111334111,87.5
2021-02-01,PCU334111334111,88.7
2021-03-01,PCU334111334111,86.5
2021-04-01,PCU334111334111,89.1
2021-05-01,PCU334111334111,89.7
2021-06-01,PCU334111334111,88.4
2021-07-01,PCU334111334111,90.697
2021-08-01,PCU334111334111,92.061
2021-09-01,PCU334111334111,89.725
2021-10-01,PCU334111334111,91.225
2021-11-01,PCU334111334111,92.26
2021-12-01,PCU334111334111,93.94
2022-01-01,PCU334111334111,94.331
2022-02-01,PCU334111334111,97.042
2022-03-01,PCU334111334111,98.515
2022-04-01,PCU334111334111,98.548
2022-05-01,PCU334111334111,98.886
2022-06-01,PCU334111334111,98.235
2022-07-01,PCU334111334111,99.88
2022-08-01,PCU334111334111,99.421
2022-09-01,PCU334111334111,97.958
2022-10-01,PCU334111334111,97.593
2022-11-01,PCU334111334111,95.214
2022-12-01,PCU334111334111,97.765
2023-01-01,PCU334111334111,99.406
2023-02-01,PCU334111334111,100.0
2023-03-01,PCU334111334111,99.875
2023-04-01,PCU334111334111,99.747
2023-05-01,PCU334111334111,97.522
2023-06-01,PCU334111334111,95.286
2023-07-01,PCU334111334111,95.204
2023-08-01,PCU334111334111,98.101
2023-09-01,PCU334111334111,97.678
2023-10-01,PCU334111334111,97.301
2023-11-01,PCU334111334111,97.17
2023-12-01,PCU334111334111,98.73
2024-01-01,PCU334111334111,98.783
2024-02-01,PCU334111334111,98.523
2024-03-01,PCU334111334111,98.153
2024-04-01,PCU334111334111,99.071
2024-05-01,PCU334111334111,97.987
2024-06-01,PCU334111334111,98.179
2024-07-01,PCU334111334111,96.994
2024-08-01,PCU334111334111,99.102
2024-09-01,PCU334111334111,100.296
2024-10-01,PCU334111334111,100.348
2024-11-01,PCU334111334111,99.911
2024-12-01,PCU334111334111,99.952
2025-01-01,PCU334111334111,99.236
2025-02-01,PCU334111334111,99.242
2025-03-01,PCU334111334111,99.25
2025-04-01,PCU334111334111,99.665
2025-05-01,PCU334111334111,99.736
2025-06-01,PCU334111334111,99.664
2025-07-01,PCU334111334111,100.949
2025-08-01,PCU334111334111,100.225
2025-09-01,PCU334111334111,100.369
2025-10-01,PCU334111334111,100.147
2025-11-01,PCU334111334111,100.147
2025-12-01,PCU334111334111,100.224
2026-01-01,PCU334111334111,100.237
2026-02-01,PCU334111334111,100.236
2026-03-01,PCU334111334111,100.25
2026-04-01,PCU334111334111,100.273
2026-05-01,PCU334111334111,100.448
2026-06-01,PCU334111334111,100.449
2026-07-01,PCU334111334111,103.232
2026-08-01,PCU334111334111,103.125
2004-12-01,PCU3341113341115,355.8
2005-01-01,PCU3341113341115,334.5
2005-02-01,PCU3341113341115,331.6
2005-03-01,PCU3341113341115,325.3
2005-04-01,PCU3341113341115,324.4
2005-05-01,PCU3341113341115,309.0
2005-06-01,PCU3341113341115,309.5
2005-07-01,PCU3341113341115,306.7
2005-08-01,PCU3341113341115,305.5
2005-09-01,PCU3341113341115,301.3
2005-10-01,PCU3341113341115,300.7
2005-11-01,PCU3341113341115,300.3
2005-12-01,PCU3341113341115,296.2
2006-01-01,PCU3341113341115,296.1
2006-02-01,PCU3341113341115,278.7
2006-03-01,PCU3341113341115,269.9
2006-04-01,PCU3341113341115,265.0
2006-05-01,PCU3341113341115,258.0
2006-06-01,PCU3341113341115,249.6
2006-07-01,PCU3341113341115,250.8
2006-08-01,PCU3341113341115,243.3
2006-09-01,PCU3341113341115,235.9
2006-10-01,PCU3341113341115,226.0
2006-11-01,PCU3341113341115,223.5
2006-12-01,PCU3341113341115,222.4
2007-01-01,PCU3341113341115,218.0
2007-02-01,PCU3341113341115,214.2
2007-03-01,PCU3341113341115,205.8
2007-04-01,PCU3341113341115,203.3
2007-05-01,PCU3341113341115,196.6
2007-06-01,PCU3341113341115,191.4
2007-07-01,PCU3341113341115,185.0
2007-08-01,PCU3341113341115,180.9
2007-09-01,PCU3341113341115,180.0
2007-10-01,PCU3341113341115,178.6
2007-11-01,PCU3341113341115,177.7
2007-12-01,PCU3341113341115,172.5
2008-01-01,PCU3341113341115,170.6
2008-02-01,PCU3341113341115,168.4
2008-03-01,PCU3341113341115,164.5
2008-04-01,PCU3341113341115,165.1
2008-05-01,PCU3341113341115,166.4
2008-06-01,PCU3341113341115,162.9
2008-07-01,PCU3341113341115,160.7
2008-08-01,PCU3341113341115,161.0
2008-09-01,PCU3341113341115,156.9
2008-10-01,PCU3341113341115,156.2
2008-11-01,PCU3341113341115,156.3
2008-12-01,PCU3341113341115,156.3
2009-01-01,PCU3341113341115,157.5
2009-02-01,PCU3341113341115,156.3
2009-03-01,PCU3341113341115,155.7
2009-04-01,PCU3341113341115,150.2
2009-05-01,PCU3341113341115,150.3
2009-06-01,PCU3341113341115,142.5
2009-07-01,PCU3341113341115,140.0
2009-08-01,PCU3341113341115,141.8
2009-09-01,PCU3341113341115,138.2
2009-10-01,PCU3341113341115,137.8
2009-11-01,PCU3341113341115,138.0
2009-12-01,PCU3341113341115,135.2
2010-01-01,PCU3341113341115,135.3
2010-02-01,PCU3341113341115,134.8
2010-03-01,PCU3341113341115,134.8
2010-04-01,PCU3341113341115,132.7
2010-05-01,PCU3341113341115,132.7
2010-06-01,PCU3341113341115,132.6
2010-07-01,PCU3341113341115,132.1
2010-08-01,PCU3341113341115,131.7
2010-09-01,PCU3341113341115,125.8
2010-10-01,PCU3341113341115,126.1
2010-11-01,PCU3341113341115,126.1
2010-12-01,PCU3341113341115,125.3
2011-01-01,PCU3341113341115,124.2
2011-02-01,PCU3341113341115,124.1
2011-03-01,PCU3341113341115,122.3
2011-04-01,PCU3341113341115,121.1
2011-05-01,PCU3341113341115,121.6
2011-06-01,PCU3341113341115,120.4
2011-07-01,PCU3341113341115,121.0
2011-08-01,PCU3341113341115,119.3
2011-09-01,PCU3341113341115,118.8
2011-10-01,PCU3341113341115,119.8
2011-11-01,PCU3341113341115,117.8
2011-12-01,PCU3341113341115,118.4
2012-01-01,PCU3341113341115,118.5
2012-02-01,PCU3341113341115,118.0
2012-03-01,PCU3341113341115,118.8
2012-04-01,PCU3341113341115,118.3
2012-05-01,PCU3341113341115,118.9
2012-06-01,PCU3341113341115,117.1
2012-07-01,PCU3341113341115,117.2
2012-08-01,PCU3341113341115,116.7
2012-09-01,PCU3341113341115,115.0
2012-10-01,PCU3341113341115,116.1
2012-11-01,PCU3341113341115,115.2
2012-12-01,PCU3341113341115,115.3
2013-01-01,PCU3341113341115,114.4
2013-02-01,PCU3341113341115,113.8
2013-03-01,PCU3341113341115,115.3
2013-04-01,PCU3341113341115,115.0
2013-05-01,PCU3341113341115,111.1
2013-06-01,PCU3341113341115,109.5
2013-07-01,PCU3341113341115,109.0
2013-08-01,PCU3341113341115,108.8
2013-09-01,PCU3341113341115,110.5
2013-10-01,PCU3341113341115,110.2
2013-11-01,PCU3341113341115,110.2
2013-12-01,PCU3341113341115,109.8
2014-01-01,PCU3341113341115,110.1
2014-02-01,PCU3341113341115,110.2
2014-03-01,PCU3341113341115,110.7
2014-04-01,PCU3341113341115,111.0
2014-05-01,PCU3341113341115,109.7
2014-06-01,PCU3341113341115,110.8
2014-07-01,PCU3341113341115,109.6
2014-08-01,PCU3341113341115,110.1
2014-09-01,PCU3341113341115,109.8
2014-10-01,PCU3341113341115,109.6
2014-11-01,PCU3341113341115,108.7
2014-12-01,PCU3341113341115,109.4
2015-01-01,PCU3341113341115,111.4
2015-02-01,PCU3341113341115,111.0
2015-03-01,PCU3341113341115,110.4
2015-04-01,PCU3341113341115,110.4
2015-05-01,PCU3341113341115,111.8
2015-06-01,PCU3341113341115,107.7
2015-07-01,PCU3341113341115,107.5
2015-08-01,PCU3341113341115,109.9
2015-09-01,PCU3341113341115,109.2
2015-10-01,PCU3341113341115,108.4
2015-11-01,PCU3341113341115,105.9
2015-12-01,PCU3341113341115,107.8
2016-01-01,PCU3341113341115,108.0
2016-02-01,PCU3341113341115,107.6
2016-03-01,PCU3341113341115,107.5
2016-04-01,PCU3341113341115,108.0
2016-05-01,PCU3341113341115,108.1
2016-06-01,PCU3341113341115,108.0
2016-07-01,PCU3341113341115,106.1
2016-08-01,PCU3341113341115,106.1
2016-09-01,PCU3341113341115,106.0
2016-10-01,PCU3341113341115,104.5
2016-11-01,PCU3341113341115,104.5
2016-12-01,PCU3341113341115,104.6
2017-01-01,PCU3341113341115,99.2
2017-02-01,PCU3341113341115,99.3
2017-03-01,PCU3341113341115,99.3
2017-04-01,PCU3341113341115,99.5
2017-05-01,PCU3341113341115,99.5
2017-06-01,PCU3341113341115,99.5
2017-07-01,PCU3341113341115,99.4
2017-08-01,PCU3341113341115,99.4
2017-09-01,PCU3341113341115,99.4
2017-10-01,PCU3341113341115,99.4
2017-11-01,PCU3341113341115,99.4
2017-12-01,PCU3341113341115,99.4
2018-01-01,PCU3341113341115,97.5
2018-02-01,PCU3341113341115,96.0
2018-03-01,PCU3341113341115,99.2
2018-04-01,PCU3341113341115,97.9
2018-05-01,PCU3341113341115,97.6
2018-06-01,PCU3341113341115,97.5
2018-07-01,PCU3341113341115,96.8
2018-08-01,PCU3341113341115,99.2
2018-09-01,PCU3341113341115,97.7
2018-10-01,PCU3341113341115,99.5
2018-11-01,PCU3341113341115,97.7
2018-12-01,PCU3341113341115,93.5
2019-01-01,PCU3341113341115,96.2
2019-02-01,PCU3341113341115,99.1
2019-03-01,PCU3341113341115,93.8
2019-04-01,PCU3341113341115,93.8
2019-05-01,PCU3341113341115,94.2
2019-06-01,PCU3341113341115,91.6
2019-07-01,PCU3341113341115,90.2
2019-08-01,PCU3341113341115,90.7
2019-09-01,PCU3341113341115,84.5
2019-10-01,PCU3341113341115,86.5
2019-11-01,PCU3341113341115,86.8
2019-12-01,PCU3341113341115,83.6
2020-01-01,PCU3341113341115,86.3
2020-02-01,PCU3341113341115,87.0
2020-03-01,PCU3341113341115,85.9
2020-04-01,PCU3341113341115,85.5
2020-05-01,PCU3341113341115,86.6
2020-06-01,PCU3341113341115,81.8
2020-07-01,PCU3341113341115,85.4
2020-08-01,PCU3341113341115,85.6
2020-09-01,PCU3341113341115,82.5
2020-10-01,PCU3341113341115,84.6
2020-11-01,PCU3341113341115,84.6
2020-12-01,PCU3341113341115,80.5
2021-01-01,PCU3341113341115,83.7
2021-02-01,PCU3341113341115,85.3
2021-03-01,PCU3341113341115,81.3
2021-04-01,PCU3341113341115,85.0
2021-05-01,PCU3341113341115,86.1
2021-06-01,PCU3341113341115,83.4
2021-07-01,PCU3341113341115,87.646
2021-08-01,PCU3341113341115,90.001
2021-09-01,PCU3341113341115,86.005
2021-10-01,PCU3341113341115,88.575
2021-11-01,PCU3341113341115,90.593
2021-12-01,PCU3341113341115,93.63
2022-01-01,PCU3341113341115,94.314
2022-02-01,PCU3341113341115,98.591
2022-03-01,PCU3341113341115,101.322
2022-04-01,PCU3341113341115,101.82
2022-05-01,PCU3341113341115,102.12
2022-06-01,PCU3341113341115,100.89
2022-07-01,PCU3341113341115,103.045
2022-08-01,PCU3341113341115,102.41
2022-09-01,PCU3341113341115,99.559
2022-10-01,PCU3341113341115,98.965
2022-11-01,PCU3341113341115,95.047
2022-12-01,PCU3341113341115,97.047
2023-01-01,PCU3341113341115,99.157
2023-02-01,PCU3341113341115,100.0
2023-03-01,PCU3341113341115,99.836
2023-04-01,PCU3341113341115,99.759
2023-05-01,PCU3341113341115,96.81
2023-06-01,PCU3341113341115,93.902
2023-07-01,PCU3341113341115,93.864
2023-08-01,PCU3341113341115,97.755
2023-09-01,PCU3341113341115,97.201
2023-10-01,PCU3341113341115,96.535
2023-11-01,PCU3341113341115,96.535
2023-12-01,PCU3341113341115,98.332
2024-01-01,PCU3341113341115,98.503
2024-02-01,PCU3341113341115,98.191
2024-03-01,PCU3341113341115,97.779
2024-04-01,PCU3341113341115,98.92
2024-05-01,PCU3341113341115,97.505
2024-06-01,PCU3341113341115,97.742
2024-07-01,PCU3341113341115,96.152
2024-08-01,PCU3341113341115,98.982
2024-09-01,PCU3341113341115,100.574
2024-10-01,PCU3341113341115,100.574
2024-11-01,PCU3341113341115,99.993
2024-12-01,PCU3341113341115,100.029
2025-01-01,PCU3341113341115,99.07
2025-02-01,PCU3341113341115,99.07
2025-03-01,PCU3341113341115,99.07
2025-04-01,PCU3341113341115,99.123
2025-05-01,PCU3341113341115,99.179
2025-06-01,PCU3341113341115,99.079
2025-07-01,PCU3341113341115,100.822
2025-08-01,PCU3341113341115,99.852
2025-09-01,PCU3341113341115,100.044
2025-10-01,PCU3341113341115,99.761
2025-11-01,PCU3341113341115,99.761
2025-12-01,PCU3341113341115,99.761
2026-01-01,PCU3341113341115,99.761
2026-02-01,PCU3341113341115,99.761
2026-03-01,PCU3341113341115,99.761
2026-04-01,PCU3341113341115,99.761
2026-05-01,PCU3341113341115,99.761
2026-06-01,PCU3341113341115,99.761
2026-07-01,PCU3341113341115,99.761
2026-08-01,PCU3341113341115,99.761
1992-12-01,PCU33411133411172,83415.4
1993-01-01,PCU33411133411172,81282.9
1993-02-01,PCU33411133411172,77673.4
1993-03-01,PCU33411133411172,76508.3
1993-04-01,PCU33411133411172,76079.7
1993-05-01,PCU33411133411172,75298.6
1993-06-01,PCU33411133411172,70944.8
1993-07-01,PCU33411133411172,69876.2
1993-08-01,PCU33411133411172,66527.5
1993-09-01,PCU33411133411172,66344.8
1993-10-01,PCU33411133411172,66344.8
1993-11-01,PCU33411133411172,66218.9
1993-12-01,PCU33411133411172,66218.9
1994-01-01,PCU33411133411172,66218.9
1994-02-01,PCU33411133411172,66093.4
1994-03-01,PCU33411133411172,64799.0
1994-04-01,PCU33411133411172,64129.0
1994-05-01,PCU33411133411172,63664.9
1994-06-01,PCU33411133411172,63664.9
1994-07-01,PCU33411133411172,62566.5
1994-08-01,PCU33411133411172,62355.0
1994-09-01,PCU33411133411172,61855.7
1994-10-01,PCU33411133411172,56641.3
1994-11-01,PCU33411133411172,55714.5
1994-12-01,PCU33411133411172,55714.5
1995-01-01,PCU33411133411172,54862.3
1995-02-01,PCU33411133411172,51438.5
1995-03-01,PCU33411133411172,50817.6
1995-04-01,PCU33411133411172,49534.8
1995-05-01,PCU33411133411172,49207.2
1995-06-01,PCU33411133411172,47546.6
1995-07-01,PCU33411133411172,44859.2
1995-08-01,PCU33411133411172,43932.2
1995-09-01,PCU33411133411172,43220.2
1995-10-01,PCU33411133411172,41301.9
1995-11-01,PCU33411133411172,38257.6
1995-12-01,PCU33411133411172,37872.4
1996-01-01,PCU33411133411172,37564.0
1996-02-01,PCU33411133411172,35441.2
1996-03-01,PCU33411133411172,34441.2
1996-04-01,PCU33411133411172,34053.1
1996-05-01,PCU33411133411172,31518.7
1996-06-01,PCU33411133411172,31606.2
1996-07-01,PCU33411133411172,31454.0
1996-08-01,PCU33411133411172,30494.5
1996-09-01,PCU33411133411172,26283.7
1996-10-01,PCU33411133411172,26684.3
1996-11-01,PCU33411133411172,25811.1
1996-12-01,PCU33411133411172,24967.1
1997-01-01,PCU33411133411172,24099.2
1997-02-01,PCU33411133411172,23731.4
1997-03-01,PCU33411133411172,22020.2
1997-04-01,PCU33411133411172,21374.4
1997-05-01,PCU33411133411172,20526.9
1997-06-01,PCU33411133411172,20409.8
1997-07-01,PCU33411133411172,20241.1
1997-08-01,PCU33411133411172,19122.4
1997-09-01,PCU33411133411172,19060.9
1997-10-01,PCU33411133411172,18319.3
1997-11-01,PCU33411133411172,17526.3
1997-12-01,PCU33411133411172,16976.8
1998-01-01,PCU33411133411172,16403.2
1998-02-01,PCU33411133411172,15534.0
1998-03-01,PCU33411133411172,14984.2
1998-04-01,PCU33411133411172,14821.1
1998-05-01,PCU33411133411172,13607.9
1998-06-01,PCU33411133411172,13532.5
1998-07-01,PCU33411133411172,12150.7
1998-08-01,PCU33411133411172,11091.1
1998-09-01,PCU33411133411172,9988.2
1998-10-01,PCU33411133411172,9727.2
1998-11-01,PCU33411133411172,9647.7
1998-12-01,PCU33411133411172,8919.8
1999-01-01,PCU33411133411172,8677.4
1999-02-01,PCU33411133411172,7986.0
1999-03-01,PCU33411133411172,7905.6
1999-04-01,PCU33411133411172,7617.2
1999-05-01,PCU33411133411172,7145.9
1999-06-01,PCU33411133411172,7135.7
1999-07-01,PCU33411133411172,6941.3
1999-08-01,PCU33411133411172,6933.3
1999-09-01,PCU33411133411172,6870.2
1999-10-01,PCU33411133411172,6756.7
1999-11-01,PCU33411133411172,6675.3
1999-12-01,PCU33411133411172,6609.3
2000-01-01,PCU33411133411172,6737.5
2000-02-01,PCU33411133411172,6134.2
2000-03-01,PCU33411133411172,5990.3
2000-04-01,PCU33411133411172,5928.4
2000-05-01,PCU33411133411172,5916.6
2000-06-01,PCU33411133411172,5797.6
2000-07-01,PCU33411133411172,5794.0
2000-08-01,PCU33411133411172,5658.3
2000-09-01,PCU33411133411172,5506.8
2000-10-01,PCU33411133411172,5368.6
2000-11-01,PCU33411133411172,4893.1
2000-12-01,PCU33411133411172,4833.8
2001-01-01,PCU33411133411172,4158.7
2001-02-01,PCU33411133411172,4086.0
2001-03-01,PCU33411133411172,4030.0
2001-04-01,PCU33411133411172,4015.5
2001-05-01,PCU33411133411172,3856.8
2001-06-01,PCU33411133411172,3870.4
2001-07-01,PCU33411133411172,3895.4
2001-08-01,PCU33411133411172,3846.1
2001-09-01,PCU33411133411172,3811.3
2001-10-01,PCU33411133411172,3801.6
2001-11-01,PCU33411133411172,3371.0
2001-12-01,PCU33411133411172,3306.7
2002-01-01,PCU33411133411172,3197.2
2002-02-01,PCU33411133411172,3141.5
2002-03-01,PCU33411133411172,3144.5
2002-04-01,PCU33411133411172,2921.7
2002-05-01,PCU33411133411172,2863.1
2002-06-01,PCU33411133411172,2847.1
2002-07-01,PCU33411133411172,2782.8
2002-08-01,PCU33411133411172,2764.3
2002-09-01,PCU33411133411172,2693.4
2002-10-01,PCU33411133411172,2650.2
2002-11-01,PCU33411133411172,2361.3
2002-12-01,PCU33411133411172,2359.1
2003-01-01,PCU33411133411172,2312.6
2003-02-01,PCU33411133411172,2295.2
2003-03-01,PCU33411133411172,2288.5
2003-04-01,PCU33411133411172,2287.9
2003-05-01,PCU33411133411172,2189.7
2003-06-01,PCU33411133411172,2145.2
2003-07-01,PCU33411133411172,2123.5
2003-08-01,PCU33411133411172,2082.8
2003-09-01,PCU33411133411172,2085.8
2003-10-01,PCU33411133411172,1950.0
2003-11-01,PCU33411133411172,1900.1
2003-12-01,PCU33411133411172,1873.5
2004-01-01,PCU33411133411172,1858.6
2004-02-01,PCU33411133411172,1848.7
2004-03-01,PCU33411133411172,1840.2
2004-04-01,PCU33411133411172,1777.0
2004-05-01,PCU33411133411172,1707.1
2004-06-01,PCU33411133411172,1690.1
2004-07-01,PCU33411133411172,1675.2
2004-08-01,PCU33411133411172,1671.4
2004-09-01,PCU33411133411172,1664.8
2004-10-01,PCU33411133411172,1657.6
2004-11-01,PCU33411133411172,1642.8
2004-12-01,PCU33411133411172,1631.4
2005-01-01,PCU33411133411172,1529.2
2005-02-01,PCU33411133411172,1487.0
2005-03-01,PCU33411133411172,1445.6
2005-04-01,PCU33411133411172,1416.9
2005-05-01,PCU33411133411172,1366.8
2005-06-01,PCU33411133411172,1352.3
2005-07-01,PCU33411133411172,1340.3
2005-08-01,PCU33411133411172,1282.7
2005-09-01,PCU33411133411172,1264.0
2005-10-01,PCU33411133411172,1251.1
2005-11-01,PCU33411133411172,1181.1
2005-12-01,PCU33411133411172,1111.5
2006-01-01,PCU33411133411172,1077.9
2006-02-01,PCU33411133411172,1034.7
2006-03-01,PCU33411133411172,991.2
2006-04-01,PCU33411133411172,939.4
2006-05-01,PCU33411133411172,930.1
2006-06-01,PCU33411133411172,931.6
2006-07-01,PCU33411133411172,882.7
2006-08-01,PCU33411133411172,839.5
2006-09-01,PCU33411133411172,846.4
2006-10-01,PCU33411133411172,833.6
2006-11-01,PCU33411133411172,802.5
2006-12-01,PCU33411133411172,779.1
2007-01-01,PCU33411133411172,757.1
2007-02-01,PCU33411133411172,740.6
2007-03-01,PCU33411133411172,734.2
2007-04-01,PCU33411133411172,719.2
2007-05-01,PCU33411133411172,720.5
2007-06-01,PCU33411133411172,709.8
2007-07-01,PCU33411133411172,697.3
2007-08-01,PCU33411133411172,671.0
2007-09-01,PCU33411133411172,652.3
2007-10-01,PCU33411133411172,638.5
2007-11-01,PCU33411133411172,615.0
2007-12-01,PCU33411133411172,613.3
2008-01-01,PCU33411133411172,569.7
2008-02-01,PCU33411133411172,553.4
2008-03-01,PCU33411133411172,530.4
2008-04-01,PCU33411133411172,500.7
2008-05-01,PCU33411133411172,503.0
2008-06-01,PCU33411133411172,506.1
2008-07-01,PCU33411133411172,497.4
2008-08-01,PCU33411133411172,497.4
2008-09-01,PCU33411133411172,479.8
2008-10-01,PCU33411133411172,482.4
2008-11-01,PCU33411133411172,467.2
2008-12-01,PCU33411133411172,450.1
2009-01-01,PCU33411133411172,445.3
2009-02-01,PCU33411133411172,440.7
2009-03-01,PCU33411133411172,428.3
2009-04-01,PCU33411133411172,406.4
2009-05-01,PCU33411133411172,405.3
2009-06-01,PCU33411133411172,380.7
2009-07-01,PCU33411133411172,380.7
2009-08-01,PCU33411133411172,380.3
2009-09-01,PCU33411133411172,379.7
2009-10-01,PCU33411133411172,376.8
2009-11-01,PCU33411133411172,369.0
2009-12-01,PCU33411133411172,362.5
2010-01-01,PCU33411133411172,362.1
2010-02-01,PCU33411133411172,366.4
2010-03-01,PCU33411133411172,345.5
2010-04-01,PCU33411133411172,339.8
2010-05-01,PCU33411133411172,338.5
2010-06-01,PCU33411133411172,315.2
2010-07-01,PCU33411133411172,316.6
2010-08-01,PCU33411133411172,321.4
2010-09-01,PCU33411133411172,320.7
2010-10-01,PCU33411133411172,310.0
2010-11-01,PCU33411133411172,313.7
2010-12-01,PCU33411133411172,307.4
2011-01-01,PCU33411133411172,306.2
2011-02-01,PCU33411133411172,299.4
2011-03-01,PCU33411133411172,282.3
2011-04-01,PCU33411133411172,282.5
2011-05-01,PCU33411133411172,280.9
2011-06-01,PCU33411133411172,274.0
2011-07-01,PCU33411133411172,277.1
2011-08-01,PCU33411133411172,268.1
2011-09-01,PCU33411133411172,267.9
2011-10-01,PCU33411133411172,266.8
2011-11-01,PCU33411133411172,268.2
2011-12-01,PCU33411133411172,265.3
2012-01-01,PCU33411133411172,265.4
2012-02-01,PCU33411133411172,265.3
2012-03-01,PCU33411133411172,252.5
2012-04-01,PCU33411133411172,253.4
2012-05-01,PCU33411133411172,250.6
2012-06-01,PCU33411133411172,240.8
2012-07-01,PCU33411133411172,239.0
2012-08-01,PCU33411133411172,231.1
2012-09-01,PCU33411133411172,216.9
2012-10-01,PCU33411133411172,222.3
2012-11-01,PCU33411133411172,222.7
2012-12-01,PCU33411133411172,216.5
2013-01-01,PCU33411133411172,215.4
2013-02-01,PCU33411133411172,210.1
2013-03-01,PCU33411133411172,208.0
2013-04-01,PCU33411133411172,205.6
2013-05-01,PCU33411133411172,202.1
2013-06-01,PCU33411133411172,197.6
2013-07-01,PCU33411133411172,199.7
2013-08-01,PCU33411133411172,198.8
2013-09-01,PCU33411133411172,203.3
2013-10-01,PCU33411133411172,195.8
2013-11-01,PCU33411133411172,191.3
2013-12-01,PCU33411133411172,191.7
2014-01-01,PCU33411133411172,189.3
2014-02-01,PCU33411133411172,185.7
2014-03-01,PCU33411133411172,180.0
2014-04-01,PCU33411133411172,181.3
2014-05-01,PCU33411133411172,181.2
2014-06-01,PCU33411133411172,179.0
2014-07-01,PCU33411133411172,176.6
2014-08-01,PCU33411133411172,170.7
2014-09-01,PCU33411133411172,172.5
2014-10-01,PCU33411133411172,171.5
2014-11-01,PCU33411133411172,167.2
2014-12-01,PCU33411133411172,163.9
2015-01-01,PCU33411133411172,164.3
2015-02-01,PCU33411133411172,166.0
2015-03-01,PCU33411133411172,162.1
2015-04-01,PCU33411133411172,157.8
2015-05-01,PCU33411133411172,155.6
2015-06-01,PCU33411133411172,154.6
2015-07-01,PCU33411133411172,158.6
2015-08-01,PCU33411133411172,159.4
2015-09-01,PCU33411133411172,159.9
2015-10-01,PCU33411133411172,156.1
2015-11-01,PCU33411133411172,156.6
2015-12-01,PCU33411133411172,152.2
2016-01-01,PCU33411133411172,153.4
2016-02-01,PCU33411133411172,149.5
2016-03-01,PCU33411133411172,147.2
2016-04-01,PCU33411133411172,146.4
2016-05-01,PCU33411133411172,146.3
2016-06-01,PCU33411133411172,146.2
2016-07-01,PCU33411133411172,143.2
2016-08-01,PCU33411133411172,141.4
2016-09-01,PCU33411133411172,141.3
2016-10-01,PCU33411133411172,135.2
2016-11-01,PCU33411133411172,142.3
2016-12-01,PCU33411133411172,144.5
2017-01-01,PCU33411133411172,145.5
2017-02-01,PCU33411133411172,142.5
2017-03-01,PCU33411133411172,141.3
2017-04-01,PCU33411133411172,140.7
2017-05-01,PCU33411133411172,140.4
2017-06-01,PCU33411133411172,140.4
2017-07-01,PCU33411133411172,137.5
2017-08-01,PCU33411133411172,133.5
2017-09-01,PCU33411133411172,137.0
2017-10-01,PCU33411133411172,134.4
2017-11-01,PCU33411133411172,133.6
2017-12-01,PCU33411133411172,134.6
2018-01-01,PCU33411133411172,134.8
2018-02-01,PCU33411133411172,133.7
2018-03-01,PCU33411133411172,133.3
2018-04-01,PCU33411133411172,131.6
2018-05-01,PCU33411133411172,132.4
2018-06-01,PCU33411133411172,128.8
2018-07-01,PCU33411133411172,128.0
2018-08-01,PCU33411133411172,129.3
2018-09-01,PCU33411133411172,130.1
2018-10-01,PCU33411133411172,129.7
2018-11-01,PCU33411133411172,129.0
2018-12-01,PCU33411133411172,130.4
2019-01-01,PCU33411133411172,131.0
2019-02-01,PCU33411133411172,129.0
2019-03-01,PCU33411133411172,127.9
2019-04-01,PCU33411133411172,127.9
2019-05-01,PCU33411133411172,128.1
2019-06-01,PCU33411133411172,127.9
2019-07-01,PCU33411133411172,121.0
2019-08-01,PCU33411133411172,119.8
2019-09-01,PCU33411133411172,120.6
2019-10-01,PCU33411133411172,119.1
2019-11-01,PCU33411133411172,118.1
2019-12-01,PCU33411133411172,116.2
2020-01-01,PCU33411133411172,115.6
2020-02-01,PCU33411133411172,115.2
2020-03-01,PCU33411133411172,115.1
2020-04-01,PCU33411133411172,116.3
2020-05-01,PCU33411133411172,110.1
2020-06-01,PCU33411133411172,109.3
2020-07-01,PCU33411133411172,109.6
2020-08-01,PCU33411133411172,108.7
2020-09-01,PCU33411133411172,110.1
2020-10-01,PCU33411133411172,107.8
2020-11-01,PCU33411133411172,106.9
2020-12-01,PCU33411133411172,104.6
2021-01-01,PCU33411133411172,104.8
2021-02-01,PCU33411133411172,106.0
2021-03-01,PCU33411133411172,105.5
2021-04-01,PCU33411133411172,107.2
2021-05-01,PCU33411133411172,106.9
2021-06-01,PCU33411133411172,106.4
2021-07-01,PCU33411133411172,105.005
2021-08-01,PCU33411133411172,106.704
2021-09-01,PCU33411133411172,103.702
2021-10-01,PCU33411133411172,103.435
2021-11-01,PCU33411133411172,103.485
2021-12-01,PCU33411133411172,102.045
2022-01-01,PCU33411133411172,102.243
2022-02-01,PCU33411133411172,104.035
2022-03-01,PCU33411133411172,101.336
2022-04-01,PCU33411133411172,102.928
2022-05-01,PCU33411133411172,101.29
2022-06-01,PCU33411133411172,100.377
2022-07-01,PCU33411133411172,98.131
2022-08-01,PCU33411133411172,99.916
2022-09-01,PCU33411133411172,99.896
2022-10-01,PCU33411133411172,98.587
2022-11-01,PCU33411133411172,97.639
2022-12-01,PCU33411133411172,99.567
2023-01-01,PCU33411133411172,99.217
2023-02-01,PCU33411133411172,100.0
2023-03-01,PCU33411133411172,98.245
2023-04-01,PCU33411133411172,98.584
2023-05-01,PCU33411133411172,97.341
2023-06-01,PCU33411133411172,97.087
2023-07-01,PCU33411133411172,97.156
2023-08-01,PCU33411133411172,96.956
2023-09-01,PCU33411133411172,97.058
2023-10-01,PCU33411133411172,97.044
2023-11-01,PCU33411133411172,97.153
2023-12-01,PCU33411133411172,97.179
2024-01-01,PCU33411133411172,97.049
2024-02-01,PCU33411133411172,97.0
2024-03-01,PCU33411133411172,95.899
2024-04-01,PCU33411133411172,95.905
2024-05-01,PCU33411133411172,95.486
2024-06-01,PCU33411133411172,95.658
2024-07-01,PCU33411133411172,95.525
2024-08-01,PCU33411133411172,95.293
2024-09-01,PCU33411133411172,95.331
2024-10-01,PCU33411133411172,95.373
2024-11-01,PCU33411133411172,95.375
2024-12-01,PCU33411133411172,95.802
2025-01-01,PCU33411133411172,95.811
2025-02-01,PCU33411133411172,95.923
2025-03-01,PCU33411133411172,96.051
2025-04-01,PCU33411133411172,96.585
2025-05-01,PCU33411133411172,97.207
2025-06-01,PCU33411133411172,97.178
2025-07-01,PCU33411133411172,96.817
2025-08-01,PCU33411133411172,96.815
2025-09-01,PCU33411133411172,96.827
2025-10-01,PCU33411133411172,96.847
2025-11-01,PCU33411133411172,96.841
2025-12-01,PCU33411133411172,97.134
2026-01-01,PCU33411133411172,97.425
2026-02-01,PCU33411133411172,97.408
2026-03-01,PCU33411133411172,97.719
2026-04-01,PCU33411133411172,98.226
2026-05-01,PCU33411133411172,98.246
2026-06-01,PCU33411133411172,98.279
2026-07-01,PCU33411133411172,115.748
2026-08-01,PCU33411133411172,116.042
1992-12-01,PCU33411133411173,28710.7
1993-01-01,PCU33411133411173,28304.4
1993-02-01,PCU33411133411173,28194.3
1993-03-01,PCU33411133411173,26430.6
1993-04-01,PCU33411133411173,26213.3
1993-05-01,PCU33411133411173,26166.1
1993-06-01,PCU33411133411173,25069.8
1993-07-01,PCU33411133411173,25168.9
1993-08-01,PCU33411133411173,24293.0
1993-09-01,PCU33411133411173,24288.3
1993-10-01,PCU33411133411173,23498.0
1993-11-01,PCU33411133411173,23425.2
1993-12-01,PCU33411133411173,23423.4
1994-01-01,PCU33411133411173,23252.4
1994-02-01,PCU33411133411173,23238.8
1994-03-01,PCU33411133411173,23112.3
1994-04-01,PCU33411133411173,23090.3
1994-05-01,PCU33411133411173,22919.9
1994-06-01,PCU33411133411173,22791.0
1994-07-01,PCU33411133411173,22706.3
1994-08-01,PCU33411133411173,22439.0
1994-09-01,PCU33411133411173,22059.1
1994-10-01,PCU33411133411173,21776.2
1994-11-01,PCU33411133411173,21037.2
1994-12-01,PCU33411133411173,21037.2
1995-01-01,PCU33411133411173,20465.6
1995-02-01,PCU33411133411173,19938.2
1995-03-01,PCU33411133411173,19508.5
1995-04-01,PCU33411133411173,19466.0
1995-05-01,PCU33411133411173,19135.0
1995-06-01,PCU33411133411173,18247.9
1995-07-01,PCU33411133411173,18209.6
1995-08-01,PCU33411133411173,17320.7
1995-09-01,PCU33411133411173,16757.3
1995-10-01,PCU33411133411173,16248.5
1995-11-01,PCU33411133411173,15875.7
1995-12-01,PCU33411133411173,15742.9
1996-01-01,PCU33411133411173,15239.4
1996-02-01,PCU33411133411173,14460.2
1996-03-01,PCU33411133411173,13845.1
1996-04-01,PCU33411133411173,13096.7
1996-05-01,PCU33411133411173,12804.7
1996-06-01,PCU33411133411173,12398.7
1996-07-01,PCU33411133411173,11964.0
1996-08-01,PCU33411133411173,11830.4
1996-09-01,PCU33411133411173,11785.2
1996-10-01,PCU33411133411173,11405.7
1996-11-01,PCU33411133411173,10952.9
1996-12-01,PCU33411133411173,10284.8
1997-01-01,PCU33411133411173,10008.5
1997-02-01,PCU33411133411173,9741.9
1997-03-01,PCU33411133411173,9417.3
1997-04-01,PCU33411133411173,9278.6
1997-05-01,PCU33411133411173,8789.6
1997-06-01,PCU33411133411173,8458.5
1997-07-01,PCU33411133411173,8210.0
1997-08-01,PCU33411133411173,7828.3
1997-09-01,PCU33411133411173,7657.4
1997-10-01,PCU33411133411173,7429.9
1997-11-01,PCU33411133411173,7224.3
1997-12-01,PCU33411133411173,7110.9
1998-01-01,PCU33411133411173,6544.0
1998-02-01,PCU33411133411173,6124.6
1998-03-01,PCU33411133411173,6011.2
1998-04-01,PCU33411133411173,5580.6
1998-05-01,PCU33411133411173,5414.2
1998-06-01,PCU33411133411173,5216.7
1998-07-01,PCU33411133411173,5033.2
1998-08-01,PCU33411133411173,4356.8
1998-09-01,PCU33411133411173,4273.6
1998-10-01,PCU33411133411173,4110.0
1998-11-01,PCU33411133411173,3938.5
1998-12-01,PCU33411133411173,3818.3
1999-01-01,PCU33411133411173,3649.8
1999-02-01,PCU33411133411173,3573.2
1999-03-01,PCU33411133411173,3545.2
1999-04-01,PCU33411133411173,3426.7
1999-05-01,PCU33411133411173,3379.2
1999-06-01,PCU33411133411173,3279.1
1999-07-01,PCU33411133411173,3249.8
1999-08-01,PCU33411133411173,3197.7
1999-09-01,PCU33411133411173,3158.3
1999-10-01,PCU33411133411173,2979.2
1999-11-01,PCU33411133411173,2938.8
1999-12-01,PCU33411133411173,2949.4
2000-01-01,PCU33411133411173,2948.0
2000-02-01,PCU33411133411173,2896.2
2000-03-01,PCU33411133411173,2851.0
2000-04-01,PCU33411133411173,2809.6
2000-05-01,PCU33411133411173,2766.9
2000-06-01,PCU33411133411173,2680.1
2000-07-01,PCU33411133411173,2676.6
2000-08-01,PCU33411133411173,2476.7
2000-09-01,PCU33411133411173,2440.8
2000-10-01,PCU33411133411173,2416.1
2000-11-01,PCU33411133411173,2403.5
2000-12-01,PCU33411133411173,2367.5
2001-01-01,PCU33411133411173,2150.7
2001-02-01,PCU33411133411173,2091.5
2001-03-01,PCU33411133411173,1997.0
2001-04-01,PCU33411133411173,1975.1
2001-05-01,PCU33411133411173,1931.8
2001-06-01,PCU33411133411173,1924.1
2001-07-01,PCU33411133411173,1844.0
2001-08-01,PCU33411133411173,1732.6
2001-09-01,PCU33411133411173,1730.2
2001-10-01,PCU33411133411173,1711.6
2001-11-01,PCU33411133411173,1676.5
2001-12-01,PCU33411133411173,1617.4
2002-01-01,PCU33411133411173,1623.2
2002-02-01,PCU33411133411173,1526.6
2002-03-01,PCU33411133411173,1518.5
2002-04-01,PCU33411133411173,1530.8
2002-05-01,PCU33411133411173,1531.1
2002-06-01,PCU33411133411173,1525.8
2002-07-01,PCU33411133411173,1437.9
2002-08-01,PCU33411133411173,1385.1
2002-09-01,PCU33411133411173,1374.4
2002-10-01,PCU33411133411173,1345.6
2002-11-01,PCU33411133411173,1317.1
2002-12-01,PCU33411133411173,1302.4
2003-01-01,PCU33411133411173,1295.7
2003-02-01,PCU33411133411173,1189.5
2003-03-01,PCU33411133411173,1183.6
2003-04-01,PCU33411133411173,1188.4
2003-05-01,PCU33411133411173,1180.6
2003-06-01,PCU33411133411173,1164.2
2003-07-01,PCU33411133411173,1143.2
2003-08-01,PCU33411133411173,1132.3
2003-09-01,PCU33411133411173,1133.3
2003-10-01,PCU33411133411173,1124.1
2003-11-01,PCU33411133411173,1111.8
2003-12-01,PCU33411133411173,1091.6
2004-01-01,PCU33411133411173,1085.0
2004-02-01,PCU33411133411173,1081.9
2004-03-01,PCU33411133411173,1080.5
2004-04-01,PCU33411133411173,1075.8
2004-05-01,PCU33411133411173,1082.4
2004-06-01,PCU33411133411173,1051.5
2004-07-01,PCU33411133411173,1049.3
2004-08-01,PCU33411133411173,1018.6
2004-09-01,PCU33411133411173,980.3
2004-10-01,PCU33411133411173,977.4
2004-11-01,PCU33411133411173,942.9
2004-12-01,PCU33411133411173,935.7
2005-01-01,PCU33411133411173,889.3
2005-02-01,PCU33411133411173,891.8
2005-03-01,PCU33411133411173,858.4
2005-04-01,PCU33411133411173,834.4
2005-05-01,PCU33411133411173,802.7
2005-06-01,PCU33411133411173,772.3
2005-07-01,PCU33411133411173,747.1
2005-08-01,PCU33411133411173,745.2
2005-09-01,PCU33411133411173,706.6
2005-10-01,PCU33411133411173,681.7
2005-11-01,PCU33411133411173,669.7
2005-12-01,PCU33411133411173,649.1
2006-01-01,PCU33411133411173,635.5
2006-02-01,PCU33411133411173,636.9
2006-03-01,PCU33411133411173,634.2
2006-04-01,PCU33411133411173,604.8
2006-05-01,PCU33411133411173,600.3
2006-06-01,PCU33411133411173,571.3
2006-07-01,PCU33411133411173,540.7
2006-08-01,PCU33411133411173,530.5
2006-09-01,PCU33411133411173,516.2
2006-10-01,PCU33411133411173,508.1
2006-11-01,PCU33411133411173,505.3
2006-12-01,PCU33411133411173,499.4
2007-01-01,PCU33411133411173,492.0
2007-02-01,PCU33411133411173,490.6
2007-03-01,PCU33411133411173,482.8
2007-04-01,PCU33411133411173,474.0
2007-05-01,PCU33411133411173,453.7
2007-06-01,PCU33411133411173,432.0
2007-07-01,PCU33411133411173,412.3
2007-08-01,PCU33411133411173,385.6
2007-09-01,PCU33411133411173,375.3
2007-10-01,PCU33411133411173,367.6
2007-11-01,PCU33411133411173,356.7
2007-12-01,PCU33411133411173,352.6
2008-01-01,PCU33411133411173,339.8
2008-02-01,PCU33411133411173,333.5
2008-03-01,PCU33411133411173,313.9
2008-04-01,PCU33411133411173,312.1
2008-05-01,PCU33411133411173,309.5
2008-06-01,PCU33411133411173,314.2
2008-07-01,PCU33411133411173,313.4
2008-08-01,PCU33411133411173,302.1
2008-09-01,PCU33411133411173,298.8
2008-10-01,PCU33411133411173,283.1
2008-11-01,PCU33411133411173,279.6
2008-12-01,PCU33411133411173,279.3
2009-01-01,PCU33411133411173,272.2
2009-02-01,PCU33411133411173,245.1
2009-03-01,PCU33411133411173,243.2
2009-04-01,PCU33411133411173,239.8
2009-05-01,PCU33411133411173,239.8
2009-06-01,PCU33411133411173,235.4
2009-07-01,PCU33411133411173,229.3
2009-08-01,PCU33411133411173,231.5
2009-09-01,PCU33411133411173,227.6
2009-10-01,PCU33411133411173,227.9
2009-11-01,PCU33411133411173,217.9
2009-12-01,PCU33411133411173,219.5
2010-01-01,PCU33411133411173,220.6
2010-02-01,PCU33411133411173,220.5
2010-03-01,PCU33411133411173,220.7
2010-04-01,PCU33411133411173,217.3
2010-05-01,PCU33411133411173,215.0
2010-06-01,PCU33411133411173,209.7
2010-07-01,PCU33411133411173,208.8
2010-08-01,PCU33411133411173,203.8
2010-09-01,PCU33411133411173,204.1
2010-10-01,PCU33411133411173,200.4
2010-11-01,PCU33411133411173,200.7
2010-12-01,PCU33411133411173,195.1
2011-01-01,PCU33411133411173,194.0
2011-02-01,PCU33411133411173,188.0
2011-03-01,PCU33411133411173,184.6
2011-04-01,PCU33411133411173,184.5
2011-05-01,PCU33411133411173,174.9
2011-06-01,PCU33411133411173,172.7
2011-07-01,PCU33411133411173,173.7
2011-08-01,PCU33411133411173,165.5
2011-09-01,PCU33411133411173,164.8
2011-10-01,PCU33411133411173,165.3
2011-11-01,PCU33411133411173,166.8
2011-12-01,PCU33411133411173,166.3
2012-01-01,PCU33411133411173,166.1
2012-02-01,PCU33411133411173,164.1
2012-03-01,PCU33411133411173,160.0
2012-04-01,PCU33411133411173,159.7
2012-05-01,PCU33411133411173,158.5
2012-06-01,PCU33411133411173,158.0
2012-07-01,PCU33411133411173,156.9
2012-08-01,PCU33411133411173,159.9
2012-09-01,PCU33411133411173,157.0
2012-10-01,PCU33411133411173,156.1
2012-11-01,PCU33411133411173,148.6
2012-12-01,PCU33411133411173,147.9
2013-01-01,PCU33411133411173,148.4
2013-02-01,PCU33411133411173,148.7
2013-03-01,PCU33411133411173,144.0
2013-04-01,PCU33411133411173,142.4
2013-05-01,PCU33411133411173,142.8
2013-06-01,PCU33411133411173,144.0
2013-07-01,PCU33411133411173,145.3
2013-08-01,PCU33411133411173,142.2
2013-09-01,PCU33411133411173,140.8
2013-10-01,PCU33411133411173,137.9
2013-11-01,PCU33411133411173,138.0
2013-12-01,PCU33411133411173,136.1
2014-01-01,PCU33411133411173,135.0
2014-02-01,PCU33411133411173,134.8
2014-03-01,PCU33411133411173,133.9
2014-04-01,PCU33411133411173,133.5
2014-05-01,PCU33411133411173,134.5
2014-06-01,PCU33411133411173,134.9
2014-07-01,PCU33411133411173,133.8
2014-08-01,PCU33411133411173,132.6
2014-09-01,PCU33411133411173,130.6
2014-10-01,PCU33411133411173,130.3
2014-11-01,PCU33411133411173,128.6
2014-12-01,PCU33411133411173,128.2
2015-01-01,PCU33411133411173,125.4
2015-02-01,PCU33411133411173,127.1
2015-03-01,PCU33411133411173,125.8
2015-04-01,PCU33411133411173,127.9
2015-05-01,PCU33411133411173,125.4
2015-06-01,PCU33411133411173,124.8
2015-07-01,PCU33411133411173,128.2
2015-08-01,PCU33411133411173,127.1
2015-09-01,PCU33411133411173,126.7
2015-10-01,PCU33411133411173,123.4
2015-11-01,PCU33411133411173,123.4
2015-12-01,PCU33411133411173,122.7
2016-01-01,PCU33411133411173,121.7
2016-02-01,PCU33411133411173,121.9
2016-03-01,PCU33411133411173,119.9
2016-04-01,PCU33411133411173,120.7
2016-05-01,PCU33411133411173,122.7
2016-06-01,PCU33411133411173,121.4
2016-07-01,PCU33411133411173,121.5
2016-08-01,PCU33411133411173,116.7
2016-09-01,PCU33411133411173,117.2
2016-10-01,PCU33411133411173,115.9
2016-11-01,PCU33411133411173,114.4
2016-12-01,PCU33411133411173,115.4
2017-01-01,PCU33411133411173,115.3
2017-02-01,PCU33411133411173,117.1
2017-03-01,PCU33411133411173,116.5
2017-04-01,PCU33411133411173,116.3
2017-05-01,PCU33411133411173,113.8
2017-06-01,PCU33411133411173,113.2
2017-07-01,PCU33411133411173,113.4
2017-08-01,PCU33411133411173,111.5
2017-09-01,PCU33411133411173,112.3
2017-10-01,PCU33411133411173,112.0
2017-11-01,PCU33411133411173,110.3
2017-12-01,PCU33411133411173,110.3
2018-01-01,PCU33411133411173,111.8
2018-02-01,PCU33411133411173,110.7
2018-03-01,PCU33411133411173,108.5
2018-04-01,PCU33411133411173,109.1
2018-05-01,PCU33411133411173,111.3
2018-06-01,PCU33411133411173,109.9
2018-07-01,PCU33411133411173,108.8
2018-08-01,PCU33411133411173,108.9
2018-09-01,PCU33411133411173,107.2
2018-10-01,PCU33411133411173,106.8
2018-11-01,PCU33411133411173,103.9
2018-12-01,PCU33411133411173,103.0
2019-01-01,PCU33411133411173,107.2
2019-02-01,PCU33411133411173,103.9
2019-03-01,PCU33411133411173,103.3
2019-04-01,PCU33411133411173,99.0
2019-05-01,PCU33411133411173,98.8
2019-06-01,PCU33411133411173,96.9
2019-07-01,PCU33411133411173,98.1
2019-08-01,PCU33411133411173,98.0
2019-09-01,PCU33411133411173,99.1
2019-10-01,PCU33411133411173,98.3
2019-11-01,PCU33411133411173,97.9
2019-12-01,PCU33411133411173,96.8
2020-01-01,PCU33411133411173,94.8
2020-02-01,PCU33411133411173,93.6
2020-03-01,PCU33411133411173,93.2
2020-04-01,PCU33411133411173,96.0
2020-05-01,PCU33411133411173,95.8
2020-06-01,PCU33411133411173,97.2
2020-07-01,PCU33411133411173,94.5
2020-08-01,PCU33411133411173,94.5
2020-09-01,PCU33411133411173,90.8
2020-10-01,PCU33411133411173,90.3
2020-11-01,PCU33411133411173,88.6
2020-12-01,PCU33411133411173,86.0
2021-01-01,PCU33411133411173,87.7
2021-02-01,PCU33411133411173,88.8
2021-03-01,PCU33411133411173,88.9
2021-04-01,PCU33411133411173,91.7
2021-05-01,PCU33411133411173,92.1
2021-06-01,PCU33411133411173,92.9
2021-07-01,PCU33411133411173,92.871
2021-08-01,PCU33411133411173,93.081
2021-09-01,PCU33411133411173,92.624
2021-10-01,PCU33411133411173,93.164
2021-11-01,PCU33411133411173,92.782
2021-12-01,PCU33411133411173,93.056
2022-01-01,PCU33411133411173,93.123
2022-02-01,PCU33411133411173,92.535
2022-03-01,PCU33411133411173,93.29
2022-04-01,PCU33411133411173,92.024
2022-05-01,PCU33411133411173,92.149
2022-06-01,PCU33411133411173,93.164
2022-07-01,PCU33411133411173,94.404
2022-08-01,PCU33411133411173,93.386
2022-09-01,PCU33411133411173,93.916
2022-10-01,PCU33411133411173,93.855
2022-11-01,PCU33411133411173,92.233
2022-12-01,PCU33411133411173,99.905
2023-01-01,PCU33411133411173,100.716
2023-02-01,PCU33411133411173,100.0
2023-03-01,PCU33411133411173,100.774
2023-04-01,PCU33411133411173,99.911
2023-05-01,PCU33411133411173,100.256
2023-06-01,PCU33411133411173,99.726
2023-07-01,PCU33411133411173,99.159
2023-08-01,PCU33411133411173,99.147
2023-09-01,PCU33411133411173,99.014
2023-10-01,PCU33411133411173,100.228
2023-11-01,PCU33411133411173,98.866
2023-12-01,PCU33411133411173,101.035
2024-01-01,PCU33411133411173,100.348
2024-02-01,PCU33411133411173,100.099
2024-03-01,PCU33411133411173,99.978
2024-04-01,PCU33411133411173,100.627
2024-05-01,PCU33411133411173,100.546
2024-06-01,PCU33411133411173,100.617
2024-07-01,PCU33411133411173,100.714
2024-08-01,PCU33411133411173,100.749
2024-09-01,PCU33411133411173,100.773
2024-10-01,PCU33411133411173,101.281
2024-11-01,PCU33411133411173,101.249
2024-12-01,PCU33411133411173,101.198
2025-01-01,PCU33411133411173,101.198
2025-02-01,PCU33411133411173,101.211
2025-03-01,PCU33411133411173,101.231
2025-04-01,PCU33411133411173,104.764
2025-05-01,PCU33411133411173,104.764
2025-06-01,PCU33411133411173,104.815
2025-07-01,PCU33411133411173,104.804
2025-08-01,PCU33411133411173,104.806
2025-09-01,PCU33411133411173,104.805
2025-10-01,PCU33411133411173,104.693
2025-11-01,PCU33411133411173,104.693
2025-12-01,PCU33411133411173,105.332
2026-01-01,PCU33411133411173,105.332
2026-02-01,PCU33411133411173,105.332
2026-03-01,PCU33411133411173,105.332
2026-04-01,PCU33411133411173,105.332
2026-05-01,PCU33411133411173,107.08
2026-06-01,PCU33411133411173,107.08
2026-07-01,PCU33411133411173,127.091
2026-08-01,PCU33411133411173,125.877
1992-12-01,PCU334112334112,510.0
1993-01-01,PCU334112334112,505.4
1993-02-01,PCU334112334112,469.7
1993-03-01,PCU334112334112,474.6
1993-04-01,PCU334112334112,462.6
1993-05-01,PCU334112334112,454.8
1993-06-01,PCU334112334112,449.9
1993-07-01,PCU334112334112,441.9
1993-08-01,PCU334112334112,443.9
1993-09-01,PCU334112334112,434.6
1993-10-01,PCU334112334112,420.2
1993-11-01,PCU334112334112,421.7
1993-12-01,PCU334112334112,416.1
1994-01-01,PCU334112334112,414.2
1994-02-01,PCU334112334112,402.8
1994-03-01,PCU334112334112,408.9
1994-04-01,PCU334112334112,405.4
1994-05-01,PCU334112334112,403.3
1994-06-01,PCU334112334112,401.5
1994-07-01,PCU334112334112,401.1
1994-08-01,PCU334112334112,399.4
1994-09-01,PCU334112334112,380.1
1994-10-01,PCU334112334112,364.6
1994-11-01,PCU334112334112,359.9
1994-12-01,PCU334112334112,360.8
1995-01-01,PCU334112334112,359.0
1995-02-01,PCU334112334112,348.6
1995-03-01,PCU334112334112,344.2
1995-04-01,PCU334112334112,351.4
1995-05-01,PCU334112334112,350.7
1995-06-01,PCU334112334112,350.0
1995-07-01,PCU334112334112,347.2
1995-08-01,PCU334112334112,338.4
1995-09-01,PCU334112334112,335.2
1995-10-01,PCU334112334112,333.9
1995-11-01,PCU334112334112,329.0
1995-12-01,PCU334112334112,326.2
1996-01-01,PCU334112334112,325.2
1996-02-01,PCU334112334112,315.4
1996-03-01,PCU334112334112,314.1
1996-04-01,PCU334112334112,294.5
1996-05-01,PCU334112334112,298.1
1996-06-01,PCU334112334112,289.6
1996-07-01,PCU334112334112,285.5
1996-08-01,PCU334112334112,284.6
1996-09-01,PCU334112334112,279.9
1996-10-01,PCU334112334112,279.5
1996-11-01,PCU334112334112,277.7
1996-12-01,PCU334112334112,277.7
1997-01-01,PCU334112334112,278.1
1997-02-01,PCU334112334112,275.5
1997-03-01,PCU334112334112,272.5
1997-04-01,PCU334112334112,265.1
1997-05-01,PCU334112334112,263.3
1997-06-01,PCU334112334112,262.6
1997-07-01,PCU334112334112,257.6
1997-08-01,PCU334112334112,255.9
1997-09-01,PCU334112334112,250.8
1997-10-01,PCU334112334112,248.9
1997-11-01,PCU334112334112,247.9
1997-12-01,PCU334112334112,246.2
1998-01-01,PCU334112334112,242.6
1998-02-01,PCU334112334112,239.3
1998-03-01,PCU334112334112,238.5
1998-04-01,PCU334112334112,236.4
1998-05-01,PCU334112334112,235.7
1998-06-01,PCU334112334112,234.1
1998-07-01,PCU334112334112,229.6
1998-08-01,PCU334112334112,227.9
1998-09-01,PCU334112334112,227.0
1998-10-01,PCU334112334112,221.5
1998-11-01,PCU334112334112,220.8
1998-12-01,PCU334112334112,215.4
1999-01-01,PCU334112334112,214.6
1999-02-01,PCU334112334112,213.8
1999-03-01,PCU334112334112,213.4
1999-04-01,PCU334112334112,213.6
1999-05-01,PCU334112334112,213.6
1999-06-01,PCU334112334112,213.4
1999-07-01,PCU334112334112,198.5
1999-08-01,PCU334112334112,198.4
1999-09-01,PCU334112334112,196.7
1999-10-01,PCU334112334112,195.1
1999-11-01,PCU334112334112,192.4
1999-12-01,PCU334112334112,191.7
2000-01-01,PCU334112334112,186.9
2000-02-01,PCU334112334112,186.8
2000-03-01,PCU334112334112,183.8
2000-04-01,PCU334112334112,183.1
2000-05-01,PCU334112334112,182.7
2000-06-01,PCU334112334112,182.0
2000-07-01,PCU334112334112,183.3
2000-08-01,PCU334112334112,183.3
2000-09-01,PCU334112334112,183.3
2000-10-01,PCU334112334112,183.3
2000-11-01,PCU334112334112,183.3
2000-12-01,PCU334112334112,179.5
2001-01-01,PCU334112334112,179.5
2001-02-01,PCU334112334112,171.3
2001-03-01,PCU334112334112,171.4
2001-04-01,PCU334112334112,171.4
2001-05-01,PCU334112334112,169.3
2001-06-01,PCU334112334112,168.8
2001-07-01,PCU334112334112,168.8
2001-08-01,PCU334112334112,165.5
2001-09-01,PCU334112334112,165.8
2001-10-01,PCU334112334112,164.3
2001-11-01,PCU334112334112,162.5
2001-12-01,PCU334112334112,161.0
2002-01-01,PCU334112334112,148.0
2002-02-01,PCU334112334112,147.9
2002-03-01,PCU334112334112,145.1
2002-04-01,PCU334112334112,143.0
2002-05-01,PCU334112334112,140.0
2002-06-01,PCU334112334112,136.4
2002-07-01,PCU334112334112,134.8
2002-08-01,PCU334112334112,135.3
2002-09-01,PCU334112334112,135.1
2002-10-01,PCU334112334112,131.8
2002-11-01,PCU334112334112,130.0
2002-12-01,PCU334112334112,130.3
2003-01-01,PCU334112334112,130.1
2003-02-01,PCU334112334112,130.1
2003-03-01,PCU334112334112,125.2
2003-04-01,PCU334112334112,123.1
2003-05-01,PCU334112334112,118.2
2003-06-01,PCU334112334112,118.1
2003-07-01,PCU334112334112,117.8
2003-08-01,PCU334112334112,116.9
2003-09-01,PCU334112334112,116.8
2003-10-01,PCU334112334112,114.5
2003-11-01,PCU334112334112,110.6
2003-12-01,PCU334112334112,109.7
2004-01-01,PCU334112334112,109.6
2004-02-01,PCU334112334112,107.8
2004-03-01,PCU334112334112,107.7
2004-04-01,PCU334112334112,107.1
2004-05-01,PCU334112334112,106.9
2004-06-01,PCU334112334112,106.1
2004-07-01,PCU334112334112,105.6
2004-08-01,PCU334112334112,106.5
2004-09-01,PCU334112334112,105.9
2004-10-01,PCU334112334112,105.1
2004-11-01,PCU334112334112,100.0
2004-12-01,PCU334112334112,100.0
2005-01-01,PCU334112334112,101.5
2005-02-01,PCU334112334112,100.6
2005-03-01,PCU334112334112,99.9
2005-04-01,PCU334112334112,100.4
2005-05-01,PCU334112334112,99.9
2005-06-01,PCU334112334112,100.3
2005-07-01,PCU334112334112,99.4
2005-08-01,PCU334112334112,98.6
2005-09-01,PCU334112334112,97.5
2005-10-01,PCU334112334112,95.7
2005-11-01,PCU334112334112,95.7
2005-12-01,PCU334112334112,93.6
2006-01-01,PCU334112334112,93.4
2006-02-01,PCU334112334112,93.0
2006-03-01,PCU334112334112,93.0
2006-04-01,PCU334112334112,93.0
2006-05-01,PCU334112334112,91.8
2006-06-01,PCU334112334112,91.1
2006-07-01,PCU334112334112,90.4
2006-08-01,PCU334112334112,89.9
2006-09-01,PCU334112334112,89.4
2006-10-01,PCU334112334112,89.6
2006-11-01,PCU334112334112,89.6
2006-12-01,PCU334112334112,89.4
2007-01-01,PCU334112334112,89.3
2007-02-01,PCU334112334112,89.0
2007-03-01,PCU334112334112,89.0
2007-04-01,PCU334112334112,88.6
2007-05-01,PCU334112334112,87.6
2007-06-01,PCU334112334112,87.6
2007-07-01,PCU334112334112,87.2
2007-08-01,PCU334112334112,87.4
2007-09-01,PCU334112334112,87.3
2007-10-01,PCU334112334112,87.2
2007-11-01,PCU334112334112,87.1
2007-12-01,PCU334112334112,87.0
2008-01-01,PCU334112334112,87.0
2008-02-01,PCU334112334112,87.2
2008-03-01,PCU334112334112,86.7
2008-04-01,PCU334112334112,86.9
2008-05-01,PCU334112334112,86.5
2008-06-01,PCU334112334112,86.3
2008-07-01,PCU334112334112,86.2
2008-08-01,PCU334112334112,85.4
2008-09-01,PCU334112334112,85.3
2008-10-01,PCU334112334112,85.1
2008-11-01,PCU334112334112,84.6
2008-12-01,PCU334112334112,84.3
2009-01-01,PCU334112334112,84.3
2009-02-01,PCU334112334112,81.8
2009-03-01,PCU334112334112,81.7
2009-04-01,PCU334112334112,81.7
2009-05-01,PCU334112334112,81.1
2009-06-01,PCU334112334112,81.1
2009-07-01,PCU334112334112,81.1
2009-08-01,PCU334112334112,81.1
2009-09-01,PCU334112334112,68.1
2009-10-01,PCU334112334112,68.1
2009-11-01,PCU334112334112,68.1
2009-12-01,PCU334112334112,67.6
2010-01-01,PCU334112334112,67.6
2010-02-01,PCU334112334112,67.0
2010-03-01,PCU334112334112,66.4
2010-04-01,PCU334112334112,66.1
2010-05-01,PCU334112334112,66.0
2010-06-01,PCU334112334112,66.0
2010-07-01,PCU334112334112,64.7
2010-08-01,PCU334112334112,65.9
2010-09-01,PCU334112334112,65.8
2010-10-01,PCU334112334112,65.8
2010-11-01,PCU334112334112,65.8
2010-12-01,PCU334112334112,65.8
2011-01-01,PCU334112334112,65.5
2011-02-01,PCU334112334112,65.6
2011-03-01,PCU334112334112,65.5
2011-04-01,PCU334112334112,65.2
2011-05-01,PCU334112334112,65.2
2011-06-01,PCU334112334112,65.2
2011-07-01,PCU334112334112,65.5
2011-08-01,PCU334112334112,63.4
2011-09-01,PCU334112334112,63.4
2011-10-01,PCU334112334112,63.5
2011-11-01,PCU334112334112,66.7
2011-12-01,PCU334112334112,68.1
2012-01-01,PCU334112334112,68.6
2012-02-01,PCU334112334112,67.5
2012-03-01,PCU334112334112,67.3
2012-04-01,PCU334112334112,66.9
2012-05-01,PCU334112334112,67.6
2012-06-01,PCU334112334112,67.4
2012-07-01,PCU334112334112,67.0
2012-08-01,PCU334112334112,65.5
2012-09-01,PCU334112334112,64.5
2012-10-01,PCU334112334112,64.3
2012-11-01,PCU334112334112,63.1
2012-12-01,PCU334112334112,62.2
2013-01-01,PCU334112334112,62.2
2013-02-01,PCU334112334112,62.2
2013-03-01,PCU334112334112,62.3
2013-04-01,PCU334112334112,62.3
2013-05-01,PCU334112334112,62.1
2013-06-01,PCU334112334112,62.0
2013-07-01,PCU334112334112,62.1
2013-08-01,PCU334112334112,61.7
2013-09-01,PCU334112334112,61.5
2013-10-01,PCU334112334112,61.2
2013-11-01,PCU334112334112,61.4
2013-12-01,PCU334112334112,61.0
2014-01-01,PCU334112334112,61.0
2014-02-01,PCU334112334112,60.8
2014-03-01,PCU334112334112,60.8
2014-04-01,PCU334112334112,60.8
2014-05-01,PCU334112334112,60.7
2014-06-01,PCU334112334112,60.7
2014-07-01,PCU334112334112,60.7
2014-08-01,PCU334112334112,60.2
2014-09-01,PCU334112334112,60.2
2014-10-01,PCU334112334112,60.2
2014-11-01,PCU334112334112,60.1
2014-12-01,PCU334112334112,60.1
2015-01-01,PCU334112334112,60.1
2015-02-01,PCU334112334112,59.2
2015-03-01,PCU334112334112,59.2
2015-04-01,PCU334112334112,59.2
2015-05-01,PCU334112334112,58.2
2015-06-01,PCU334112334112,58.2
2015-07-01,PCU334112334112,58.1
2015-08-01,PCU334112334112,58.1
2015-09-01,PCU334112334112,58.1
2015-10-01,PCU334112334112,58.0
2015-11-01,PCU334112334112,58.0
2015-12-01,PCU334112334112,58.0
2016-01-01,PCU334112334112,57.9
2016-02-01,PCU334112334112,57.8
2016-03-01,PCU334112334112,57.5
2016-04-01,PCU334112334112,57.5
2016-05-01,PCU334112334112,59.2
2016-06-01,PCU334112334112,59.1
2016-07-01,PCU334112334112,59.1
2016-08-01,PCU334112334112,59.1
2016-09-01,PCU334112334112,59.1
2016-10-01,PCU334112334112,59.1
2016-11-01,PCU334112334112,58.3
2016-12-01,PCU334112334112,58.3
2017-01-01,PCU334112334112,58.3
2017-02-01,PCU334112334112,58.3
2017-03-01,PCU334112334112,58.3
2017-04-01,PCU334112334112,58.3
2017-05-01,PCU334112334112,58.3
2017-06-01,PCU334112334112,58.3
2017-07-01,PCU334112334112,58.3
2017-08-01,PCU334112334112,58.3
2017-09-01,PCU334112334112,58.3
2017-10-01,PCU334112334112,58.3
2017-11-01,PCU334112334112,58.3
2017-12-01,PCU334112334112,57.0
2018-01-01,PCU334112334112,57.5
2018-02-01,PCU334112334112,56.7
2018-03-01,PCU334112334112,56.7
2018-04-01,PCU334112334112,56.6
2018-05-01,PCU334112334112,58.5
2018-06-01,PCU334112334112,58.5
2018-07-01,PCU334112334112,58.5
2018-08-01,PCU334112334112,58.5
2018-09-01,PCU334112334112,58.5
2018-10-01,PCU334112334112,58.5
2018-11-01,PCU334112334112,58.5
2018-12-01,PCU334112334112,57.1
2019-01-01,PCU334112334112,57.1
2019-02-01,PCU334112334112,57.1
2019-03-01,PCU334112334112,57.0
2019-04-01,PCU334112334112,57.4
2019-05-01,PCU334112334112,56.5
2019-06-01,PCU334112334112,56.5
2019-07-01,PCU334112334112,56.4
2019-08-01,PCU334112334112,57.3
2019-09-01,PCU334112334112,54.1
2019-10-01,PCU334112334112,58.3
2019-11-01,PCU334112334112,58.1
2019-12-01,PCU334112334112,60.2
2020-01-01,PCU334112334112,57.7
2020-02-01,PCU334112334112,57.7
2020-03-01,PCU334112334112,57.8
2020-04-01,PCU334112334112,57.8
2020-05-01,PCU334112334112,57.8
2020-06-01,PCU334112334112,57.8
2020-07-01,PCU334112334112,58.1
2020-08-01,PCU334112334112,58.1
2020-09-01,PCU334112334112,58.2
2020-10-01,PCU334112334112,58.2
2020-11-01,PCU334112334112,58.2
2020-12-01,PCU334112334112,58.1
2021-01-01,PCU334112334112,58.1
2021-02-01,PCU334112334112,58.1
2021-03-01,PCU334112334112,58.1
2021-04-01,PCU334112334112,58.1
2021-05-01,PCU334112334112,58.1
2021-06-01,PCU334112334112,58.3
2021-07-01,PCU334112334112,58.329
2021-08-01,PCU334112334112,58.827
2021-09-01,PCU334112334112,59.752
2021-10-01,PCU334112334112,59.755
2021-11-01,PCU334112334112,59.756
2021-12-01,PCU334112334112,59.758
2022-01-01,PCU334112334112,59.953
2022-02-01,PCU334112334112,59.953
2022-03-01,PCU334112334112,60.527
2022-04-01,PCU334112334112,60.527
2022-05-01,PCU334112334112,61.606
2022-06-01,PCU334112334112,61.238
2022-07-01,PCU334112334112,61.238
2022-08-01,PCU334112334112,62.331
2022-09-01,PCU334112334112,62.331
2022-10-01,PCU334112334112,62.331
2022-11-01,PCU334112334112,63.906
2022-12-01,PCU334112334112,64.528
2023-01-01,PCU334112334112,63.608
2023-02-01,PCU334112334112,63.608
2023-03-01,PCU334112334112,63.608
2023-04-01,PCU334112334112,62.687
2023-05-01,PCU334112334112,62.687
2023-06-01,PCU334112334112,61.284
2023-07-01,PCU334112334112,60.731
2023-08-01,PCU334112334112,60.731
2023-09-01,PCU334112334112,60.731
2023-10-01,PCU334112334112,60.731
2023-11-01,PCU334112334112,61.528
2023-12-01,PCU334112334112,61.528
2024-01-01,PCU334112334112,61.528
2024-02-01,PCU334112334112,61.528
2024-03-01,PCU334112334112,61.528
2024-04-01,PCU334112334112,61.528
2024-05-01,PCU334112334112,60.787
2024-06-01,PCU334112334112,60.412
2024-07-01,PCU334112334112,60.412
2024-08-01,PCU334112334112,60.412
2024-09-01,PCU334112334112,59.511
2024-10-01,PCU334112334112,59.511
2024-11-01,PCU334112334112,60.409
2024-12-01,PCU334112334112,60.409
2025-01-01,PCU334112334112,60.998
2025-02-01,PCU334112334112,60.998
2025-03-01,PCU334112334112,61.215
2025-04-01,PCU334112334112,61.878
2025-05-01,PCU334112334112,62.02
2025-06-01,PCU334112334112,61.01
2025-07-01,PCU334112334112,62.002
2025-08-01,PCU334112334112,62.631
2025-09-01,PCU334112334112,62.597
2025-10-01,PCU334112334112,65.005
2025-11-01,PCU334112334112,65.162
2025-12-01,PCU334112334112,65.162
2026-01-01,PCU334112334112,70.918
2026-02-01,PCU334112334112,72.266
2026-03-01,PCU334112334112,72.266
2026-04-01,PCU334112334112,74.574
2026-05-01,PCU334112334112,79.255
2026-06-01,PCU334112334112,102.39
2026-07-01,PCU334112334112,116.548
2026-08-01,PCU334112334112,117.232
1992-12-01,PCU3341123341121,1010.0
1993-01-01,PCU3341123341121,997.6
1993-02-01,PCU3341123341121,906.6
1993-03-01,PCU3341123341121,919.6
1993-04-01,PCU3341123341121,892.7
1993-05-01,PCU3341123341121,885.6
1993-06-01,PCU3341123341121,879.5
1993-07-01,PCU3341123341121,859.3
1993-08-01,PCU3341123341121,864.5
1993-09-01,PCU3341123341121,839.8
1993-10-01,PCU3341123341121,806.9
1993-11-01,PCU3341123341121,810.3
1993-12-01,PCU3341123341121,795.4
1994-01-01,PCU3341123341121,790.6
1994-02-01,PCU3341123341121,759.1
1994-03-01,PCU3341123341121,775.6
1994-04-01,PCU3341123341121,767.6
1994-05-01,PCU3341123341121,762.4
1994-06-01,PCU3341123341121,758.3
1994-07-01,PCU3341123341121,757.3
1994-08-01,PCU3341123341121,752.9
1994-09-01,PCU3341123341121,746.0
1994-10-01,PCU3341123341121,713.9
1994-11-01,PCU3341123341121,699.5
1994-12-01,PCU3341123341121,699.4
1995-01-01,PCU3341123341121,694.5
1995-02-01,PCU3341123341121,665.5
1995-03-01,PCU3341123341121,653.9
1995-04-01,PCU3341123341121,674.4
1995-05-01,PCU3341123341121,672.5
1995-06-01,PCU3341123341121,670.5
1995-07-01,PCU3341123341121,663.5
1995-08-01,PCU3341123341121,643.5
1995-09-01,PCU3341123341121,639.2
1995-10-01,PCU3341123341121,636.1
1995-11-01,PCU3341123341121,627.9
1995-12-01,PCU3341123341121,622.1
1996-01-01,PCU3341123341121,618.8
1996-02-01,PCU3341123341121,590.1
1996-03-01,PCU3341123341121,587.2
1996-04-01,PCU3341123341121,536.8
1996-05-01,PCU3341123341121,548.9
1996-06-01,PCU3341123341121,521.1
1996-07-01,PCU3341123341121,520.8
1996-08-01,PCU3341123341121,519.4
1996-09-01,PCU3341123341121,505.3
1996-10-01,PCU3341123341121,504.1
1996-11-01,PCU3341123341121,497.8
1996-12-01,PCU3341123341121,497.8
1997-01-01,PCU3341123341121,498.6
1997-02-01,PCU3341123341121,490.2
1997-03-01,PCU3341123341121,485.2
1997-04-01,PCU3341123341121,457.8
1997-05-01,PCU3341123341121,451.9
1997-06-01,PCU3341123341121,448.5
1997-07-01,PCU3341123341121,434.4
1997-08-01,PCU3341123341121,430.8
1997-09-01,PCU3341123341121,414.4
1997-10-01,PCU3341123341121,408.0
1997-11-01,PCU3341123341121,405.2
1997-12-01,PCU3341123341121,401.1
1998-01-01,PCU3341123341121,400.2
1998-02-01,PCU3341123341121,390.2
1998-03-01,PCU3341123341121,387.6
1998-04-01,PCU3341123341121,379.9
1998-05-01,PCU3341123341121,379.0
1998-06-01,PCU3341123341121,374.7
1998-07-01,PCU3341123341121,371.2
1998-08-01,PCU3341123341121,365.7
1998-09-01,PCU3341123341121,362.6
1998-10-01,PCU3341123341121,360.4
1998-11-01,PCU3341123341121,357.9
1998-12-01,PCU3341123341121,357.4
1999-01-01,PCU3341123341121,354.7
1999-02-01,PCU3341123341121,352.2
1999-03-01,PCU3341123341121,350.7
1999-04-01,PCU3341123341121,351.2
1999-05-01,PCU3341123341121,351.2
1999-06-01,PCU3341123341121,350.7
1999-07-01,PCU3341123341121,330.4
1999-08-01,PCU3341123341121,330.2
1999-09-01,PCU3341123341121,326.2
1999-10-01,PCU3341123341121,326.4
1999-11-01,PCU3341123341121,320.0
1999-12-01,PCU3341123341121,318.4
2000-01-01,PCU3341123341121,318.3
2000-02-01,PCU3341123341121,317.9
2000-03-01,PCU3341123341121,310.9
2000-04-01,PCU3341123341121,309.3
2000-05-01,PCU3341123341121,308.3
2000-06-01,PCU3341123341121,306.6
2000-07-01,PCU3341123341121,309.6
2000-08-01,PCU3341123341121,309.6
2000-09-01,PCU3341123341121,309.6
2000-10-01,PCU3341123341121,309.6
2000-11-01,PCU3341123341121,309.6
2000-12-01,PCU3341123341121,300.6
2001-01-01,PCU3341123341121,300.6
2001-02-01,PCU3341123341121,281.0
2001-03-01,PCU3341123341121,281.2
2001-04-01,PCU3341123341121,281.2
2001-05-01,PCU3341123341121,278.4
2001-06-01,PCU3341123341121,277.5
2001-07-01,PCU3341123341121,277.5
2001-08-01,PCU3341123341121,270.2
2001-09-01,PCU3341123341121,270.2
2001-10-01,PCU3341123341121,268.7
2001-11-01,PCU3341123341121,265.0
2001-12-01,PCU3341123341121,261.8
2002-01-01,PCU3341123341121,228.5
2002-02-01,PCU3341123341121,225.7
2002-03-01,PCU3341123341121,223.2
2002-04-01,PCU3341123341121,218.0
2002-05-01,PCU3341123341121,209.6
2002-06-01,PCU3341123341121,200.2
2002-07-01,PCU3341123341121,195.3
2002-08-01,PCU3341123341121,193.5
2002-09-01,PCU3341123341121,193.1
2002-10-01,PCU3341123341121,186.3
2002-11-01,PCU3341123341121,181.4
2002-12-01,PCU3341123341121,182.3
2003-01-01,PCU3341123341121,181.7
2003-02-01,PCU3341123341121,181.7
2003-03-01,PCU3341123341121,169.0
2003-04-01,PCU3341123341121,167.5
2003-05-01,PCU3341123341121,154.8
2003-06-01,PCU3341123341121,154.1
2003-07-01,PCU3341123341121,153.3
2003-08-01,PCU3341123341121,147.7
2003-09-01,PCU3341123341121,147.5
2003-10-01,PCU3341123341121,145.1
2003-11-01,PCU3341123341121,135.0
2003-12-01,PCU3341123341121,132.4
2004-01-01,PCU3341123341121,132.4
2004-02-01,PCU3341123341121,127.5
2004-03-01,PCU3341123341121,127.0
2004-04-01,PCU3341123341121,126.7
2004-05-01,PCU3341123341121,118.9
2004-06-01,PCU3341123341121,116.0
2004-07-01,PCU3341123341121,115.4
2004-08-01,PCU3341123341121,118.6
2004-09-01,PCU3341123341121,116.4
2004-10-01,PCU3341123341121,113.4
2004-11-01,PCU3341123341121,100.0
2004-12-01,PCU3341123341121,100.0
2005-01-01,PCU3341123341121,100.0
2005-02-01,PCU3341123341121,96.6
2005-03-01,PCU3341123341121,95.9
2005-04-01,PCU3341123341121,95.9
2005-05-01,PCU3341123341121,95.6
2005-06-01,PCU3341123341121,92.8
2005-07-01,PCU3341123341121,89.4
2005-08-01,PCU3341123341121,87.5
2005-09-01,PCU3341123341121,84.7
2005-10-01,PCU3341123341121,80.4
2005-11-01,PCU3341123341121,80.4
2005-12-01,PCU3341123341121,75.0
2006-01-01,PCU3341123341121,74.7
2006-02-01,PCU3341123341121,73.6
2006-03-01,PCU3341123341121,73.6
2006-04-01,PCU3341123341121,73.7
2006-05-01,PCU3341123341121,70.6
2006-06-01,PCU3341123341121,69.0
2006-07-01,PCU3341123341121,68.9
2006-08-01,PCU3341123341121,67.8
2006-09-01,PCU3341123341121,66.3
2006-10-01,PCU3341123341121,65.8
2006-11-01,PCU3341123341121,65.7
2006-12-01,PCU3341123341121,65.6
2007-01-01,PCU3341123341121,65.5
2007-02-01,PCU3341123341121,65.0
2007-03-01,PCU3341123341121,64.9
2007-04-01,PCU3341123341121,64.2
2007-05-01,PCU3341123341121,62.0
2007-06-01,PCU3341123341121,61.9
2007-07-01,PCU3341123341121,61.4
2007-08-01,PCU3341123341121,60.3
2007-09-01,PCU3341123341121,60.1
2007-10-01,PCU3341123341121,60.1
2007-11-01,PCU3341123341121,59.7
2007-12-01,PCU3341123341121,59.7
2008-01-01,PCU3341123341121,59.6
2008-02-01,PCU3341123341121,59.6
2008-03-01,PCU3341123341121,58.5
2008-04-01,PCU3341123341121,58.8
2008-05-01,PCU3341123341121,57.8
2008-06-01,PCU3341123341121,57.6
2008-07-01,PCU3341123341121,57.3
2008-08-01,PCU3341123341121,55.5
2008-09-01,PCU3341123341121,55.4
2008-10-01,PCU3341123341121,55.0
2008-11-01,PCU3341123341121,53.9
2008-12-01,PCU3341123341121,53.2
2009-01-01,PCU3341123341121,53.2
2009-02-01,PCU3341123341121,51.5
2009-03-01,PCU3341123341121,51.4
2009-04-01,PCU3341123341121,51.2
2009-05-01,PCU3341123341121,49.9
2009-06-01,PCU3341123341121,50.0
2009-07-01,PCU3341123341121,49.9
2009-08-01,PCU3341123341121,49.8
2009-09-01,PCU3341123341121,49.6
2009-10-01,PCU3341123341121,49.7
2009-11-01,PCU3341123341121,49.7
2009-12-01,PCU3341123341121,48.5
2010-01-01,PCU3341123341121,48.5
2010-02-01,PCU3341123341121,47.3
2010-03-01,PCU3341123341121,47.2
2010-04-01,PCU3341123341121,46.5
2010-05-01,PCU3341123341121,46.3
2010-06-01,PCU3341123341121,46.2
2010-07-01,PCU3341123341121,46.2
2010-08-01,PCU3341123341121,46.4
2010-09-01,PCU3341123341121,46.3
2010-10-01,PCU3341123341121,46.3
2010-11-01,PCU3341123341121,46.3
2010-12-01,PCU3341123341121,46.2
2011-01-01,PCU3341123341121,45.6
2011-02-01,PCU3341123341121,45.7
2011-03-01,PCU3341123341121,45.6
2011-04-01,PCU3341123341121,44.9
2011-05-01,PCU3341123341121,44.9
2011-06-01,PCU3341123341121,45.0
2011-07-01,PCU3341123341121,45.6
2011-08-01,PCU3341123341121,45.5
2011-09-01,PCU3341123341121,45.3
2011-10-01,PCU3341123341121,45.5
2011-11-01,PCU3341123341121,52.5
2011-12-01,PCU3341123341121,55.7
2012-01-01,PCU3341123341121,56.1
2012-02-01,PCU3341123341121,55.1
2012-03-01,PCU3341123341121,54.8
2012-04-01,PCU3341123341121,54.4
2012-05-01,PCU3341123341121,55.1
2012-06-01,PCU3341123341121,55.0
2012-07-01,PCU3341123341121,54.6
2012-08-01,PCU3341123341121,53.2
2012-09-01,PCU3341123341121,52.2
2012-10-01,PCU3341123341121,52.0
2012-11-01,PCU3341123341121,50.8
2012-12-01,PCU3341123341121,49.9
2013-01-01,PCU3341123341121,49.9
2013-02-01,PCU3341123341121,49.8
2013-03-01,PCU3341123341121,50.0
2013-04-01,PCU3341123341121,49.9
2013-05-01,PCU3341123341121,49.8
2013-06-01,PCU3341123341121,49.7
2013-07-01,PCU3341123341121,49.8
2013-08-01,PCU3341123341121,49.4
2013-09-01,PCU3341123341121,49.2
2013-10-01,PCU3341123341121,49.0
2013-11-01,PCU3341123341121,49.1
2013-12-01,PCU3341123341121,48.7
2014-01-01,PCU3341123341121,48.8
2014-02-01,PCU3341123341121,48.5
2014-03-01,PCU3341123341121,48.6
2014-04-01,PCU3341123341121,48.6
2014-05-01,PCU3341123341121,48.4
2014-06-01,PCU3341123341121,48.4
2014-07-01,PCU3341123341121,48.4
2014-08-01,PCU3341123341121,47.9
2014-09-01,PCU3341123341121,47.9
2014-10-01,PCU3341123341121,47.9
2014-11-01,PCU3341123341121,47.8
2014-12-01,PCU3341123341121,47.8
2015-01-01,PCU3341123341121,47.8
2015-02-01,PCU3341123341121,47.3
2015-03-01,PCU3341123341121,47.3
2015-04-01,PCU3341123341121,47.3
2015-05-01,PCU3341123341121,46.4
2015-06-01,PCU3341123341121,46.4
2015-07-01,PCU3341123341121,46.4
2015-08-01,PCU3341123341121,46.4
2015-09-01,PCU3341123341121,46.4
2015-10-01,PCU3341123341121,46.4
2015-11-01,PCU3341123341121,46.3
2015-12-01,PCU3341123341121,46.3
2016-01-01,PCU3341123341121,46.3
2016-02-01,PCU3341123341121,46.2
2016-03-01,PCU3341123341121,46.2
2016-04-01,PCU3341123341121,46.2
2016-05-01,PCU3341123341121,47.7
2016-06-01,PCU3341123341121,47.7
2016-07-01,PCU3341123341121,47.8
2016-08-01,PCU3341123341121,47.8
2016-09-01,PCU3341123341121,47.8
2016-10-01,PCU3341123341121,47.8
2016-11-01,PCU3341123341121,47.1
2016-12-01,PCU3341123341121,47.1
2017-01-01,PCU3341123341121,47.1
2017-02-01,PCU3341123341121,47.1
2017-03-01,PCU3341123341121,47.1
2017-04-01,PCU3341123341121,47.1
2017-05-01,PCU3341123341121,47.1
2017-06-01,PCU3341123341121,47.1
2017-07-01,PCU3341123341121,47.1
2017-08-01,PCU3341123341121,47.1
2017-09-01,PCU3341123341121,47.1
2017-10-01,PCU3341123341121,47.1
2017-11-01,PCU3341123341121,47.1
2017-12-01,PCU3341123341121,46.0
2018-01-01,PCU3341123341121,46.4
2018-02-01,PCU3341123341121,45.7
2018-03-01,PCU3341123341121,45.7
2018-04-01,PCU3341123341121,45.7
2018-05-01,PCU3341123341121,47.2
2018-06-01,PCU3341123341121,47.2
2018-07-01,PCU3341123341121,47.2
2018-08-01,PCU3341123341121,47.2
2018-09-01,PCU3341123341121,47.2
2018-10-01,PCU3341123341121,47.2
2018-11-01,PCU3341123341121,47.3
2018-12-01,PCU3341123341121,46.0
2019-01-01,PCU3341123341121,46.0
2019-02-01,PCU3341123341121,46.0
2019-03-01,PCU3341123341121,45.9
2019-04-01,PCU3341123341121,46.3
2019-05-01,PCU3341123341121,45.5
2019-06-01,PCU3341123341121,45.5
2019-07-01,PCU3341123341121,45.5
2019-08-01,PCU3341123341121,46.2
2019-09-01,PCU3341123341121,43.5
2019-10-01,PCU3341123341121,47.1
2019-11-01,PCU3341123341121,47.0
2019-12-01,PCU3341123341121,48.7
2020-01-01,PCU3341123341121,46.6
2020-02-01,PCU3341123341121,46.6
2020-03-01,PCU3341123341121,46.7
2020-04-01,PCU3341123341121,46.7
2020-05-01,PCU3341123341121,46.7
2020-06-01,PCU3341123341121,46.6
2020-07-01,PCU3341123341121,47.0
2020-08-01,PCU3341123341121,47.0
2020-09-01,PCU3341123341121,47.1
2020-10-01,PCU3341123341121,47.1
2020-11-01,PCU3341123341121,47.1
2020-12-01,PCU3341123341121,47.0
2021-01-01,PCU3341123341121,47.0
2021-02-01,PCU3341123341121,47.0
2021-03-01,PCU3341123341121,47.0
2021-04-01,PCU3341123341121,47.0
2021-05-01,PCU3341123341121,47.0
2021-06-01,PCU3341123341121,47.0
2021-07-01,PCU3341123341121,47.012
2021-08-01,PCU3341123341121,47.533
2021-09-01,PCU3341123341121,48.506
2021-10-01,PCU3341123341121,48.506
2021-11-01,PCU3341123341121,48.506
2021-12-01,PCU3341123341121,48.506
2022-01-01,PCU3341123341121,48.708
2022-02-01,PCU3341123341121,48.708
2022-03-01,PCU3341123341121,49.311
2022-04-01,PCU3341123341121,49.311
2022-05-01,PCU3341123341121,50.44
2022-06-01,PCU3341123341121,50.053
2022-07-01,PCU3341123341121,50.053
2022-08-01,PCU3341123341121,50.053
2022-09-01,PCU3341123341121,50.053
2022-10-01,PCU3341123341121,50.053
2022-11-01,PCU3341123341121,51.705
2022-12-01,PCU3341123341121,51.705
2023-01-01,PCU3341123341121,50.95
2023-02-01,PCU3341123341121,50.95
2023-03-01,PCU3341123341121,50.95
2023-04-01,PCU3341123341121,50.195
2023-05-01,PCU3341123341121,50.195
2023-06-01,PCU3341123341121,49.044
2023-07-01,PCU3341123341121,48.591
2023-08-01,PCU3341123341121,48.591
2023-09-01,PCU3341123341121,48.591
2023-10-01,PCU3341123341121,48.591
2023-11-01,PCU3341123341121,49.244
2023-12-01,PCU3341123341121,49.244
2024-01-01,PCU3341123341121,49.244
2024-02-01,PCU3341123341121,49.244
2024-03-01,PCU3341123341121,49.244
2024-04-01,PCU3341123341121,49.244
2024-05-01,PCU3341123341121,48.636
2024-06-01,PCU3341123341121,48.334
2024-07-01,PCU3341123341121,48.334
2024-08-01,PCU3341123341121,48.334
2024-09-01,PCU3341123341121,47.608
2024-10-01,PCU3341123341121,47.608
2024-11-01,PCU3341123341121,48.332
2024-12-01,PCU3341123341121,48.332
2025-01-01,PCU3341123341121,48.807
2025-02-01,PCU3341123341121,48.807
2025-03-01,PCU3341123341121,48.982
2025-04-01,PCU3341123341121,49.517
2025-05-01,PCU3341123341121,49.517
2025-06-01,PCU3341123341121,48.703
2025-07-01,PCU3341123341121,49.503
2025-08-01,PCU3341123341121,50.01
2025-09-01,PCU3341123341121,49.982
2025-10-01,PCU3341123341121,51.925
2025-11-01,PCU3341123341121,52.052
2025-12-01,PCU3341123341121,52.052
2026-01-01,PCU3341123341121,56.695
2026-02-01,PCU3341123341121,57.782
2026-03-01,PCU3341123341121,57.782
2026-04-01,PCU3341123341121,59.644
2026-05-01,PCU3341123341121,63.413
2026-06-01,PCU3341123341121,82.072
2026-07-01,PCU3341123341121,93.492
2026-08-01,PCU3341123341121,94.043
1990-12-01,WPU115,1183.8
1991-01-01,WPU115,1158.7
1991-02-01,WPU115,1150.9
1991-03-01,WPU115,1138.5
1991-04-01,WPU115,1132.4
1991-05-01,WPU115,1101.7
1991-06-01,WPU115,1062.1
1991-07-01,WPU115,1019.4
1991-08-01,WPU115,988.0
1991-09-01,WPU115,985.4
1991-10-01,WPU115,971.0
1991-11-01,WPU115,965.5
1991-12-01,WPU115,954.7
1992-01-01,WPU115,943.0
1992-02-01,WPU115,934.4
1992-03-01,WPU115,919.6
1992-04-01,WPU115,896.1
1992-05-01,WPU115,888.2
1992-06-01,WPU115,865.5
1992-07-01,WPU115,841.4
1992-08-01,WPU115,838.3
1992-09-01,WPU115,824.9
1992-10-01,WPU115,816.1
1992-11-01,WPU115,814.3
1992-12-01,WPU115,811.7
1993-01-01,WPU115,799.7
1993-02-01,WPU115,782.5
1993-03-01,WPU115,768.3
1993-04-01,WPU115,751.9
1993-05-01,WPU115,744.7
1993-06-01,WPU115,734.0
1993-07-01,WPU115,725.2
1993-08-01,WPU115,713.6
1993-09-01,WPU115,713.7
1993-10-01,WPU115,701.0
1993-11-01,WPU115,700.4
1993-12-01,WPU115,696.9
1994-01-01,WPU115,691.1
1994-02-01,WPU115,684.6
1994-03-01,WPU115,688.0
1994-04-01,WPU115,683.6
1994-05-01,WPU115,680.6
1994-06-01,WPU115,679.0
1994-07-01,WPU115,674.5
1994-08-01,WPU115,670.1
1994-09-01,WPU115,671.1
1994-10-01,WPU115,660.4
1994-11-01,WPU115,653.5
1994-12-01,WPU115,653.7
1995-01-01,WPU115,647.0
1995-02-01,WPU115,637.3
1995-03-01,WPU115,631.9
1995-04-01,WPU115,633.5
1995-05-01,WPU115,629.3
1995-06-01,WPU115,622.3
1995-07-01,WPU115,618.3
1995-08-01,WPU115,608.0
1995-09-01,WPU115,602.6
1995-10-01,WPU115,598.9
1995-11-01,WPU115,594.4
1995-12-01,WPU115,592.4
1996-01-01,WPU115,582.7
1996-02-01,WPU115,569.9
1996-03-01,WPU115,562.8
1996-04-01,WPU115,548.0
1996-05-01,WPU115,543.8
1996-06-01,WPU115,537.6
1996-07-01,WPU115,531.3
1996-08-01,WPU115,528.6
1996-09-01,WPU115,524.9
1996-10-01,WPU115,517.4
1996-11-01,WPU115,510.5
1996-12-01,WPU115,502.6
1997-01-01,WPU115,498.9
1997-02-01,WPU115,493.0
1997-03-01,WPU115,488.4
1997-04-01,WPU115,482.5
1997-05-01,WPU115,467.6
1997-06-01,WPU115,461.8
1997-07-01,WPU115,456.8
1997-08-01,WPU115,451.4
1997-09-01,WPU115,446.5
1997-10-01,WPU115,441.8
1997-11-01,WPU115,437.2
1997-12-01,WPU115,434.5
1998-01-01,WPU115,424.8
1998-02-01,WPU115,414.8
1998-03-01,WPU115,406.6
1998-04-01,WPU115,396.0
1998-05-01,WPU115,390.7
1998-06-01,WPU115,387.8
1998-07-01,WPU115,383.4
1998-08-01,WPU115,375.2
1998-09-01,WPU115,372.9
1998-10-01,WPU115,366.0
1998-11-01,WPU115,363.7
1998-12-01,WPU115,357.2
1999-01-01,WPU115,349.6
1999-02-01,WPU115,347.6
1999-03-01,WPU115,345.3
1999-04-01,WPU115,339.4
1999-05-01,WPU115,337.5
1999-06-01,WPU115,335.6
1999-07-01,WPU115,331.8
1999-08-01,WPU115,327.1
1999-09-01,WPU115,326.1
1999-10-01,WPU115,324.3
1999-11-01,WPU115,322.9
1999-12-01,WPU115,321.2
2000-01-01,WPU115,317.1
2000-02-01,WPU115,315.9
2000-03-01,WPU115,313.5
2000-04-01,WPU115,311.2
2000-05-01,WPU115,308.1
2000-06-01,WPU115,306.8
2000-07-01,WPU115,307.4
2000-08-01,WPU115,304.7
2000-09-01,WPU115,304.1
2000-10-01,WPU115,304.3
2000-11-01,WPU115,303.8
2000-12-01,WPU115,300.7
2001-01-01,WPU115,296.1
2001-02-01,WPU115,291.8
2001-03-01,WPU115,287.5
2001-04-01,WPU115,287.4
2001-05-01,WPU115,285.7
2001-06-01,WPU115,282.6
2001-07-01,WPU115,280.8
2001-08-01,WPU115,271.8
2001-09-01,WPU115,271.8
2001-10-01,WPU115,270.1
2001-11-01,WPU115,267.9
2001-12-01,WPU115,266.3
2002-01-01,WPU115,259.5
2002-02-01,WPU115,255.3
2002-03-01,WPU115,253.8
2002-04-01,WPU115,252.8
2002-05-01,WPU115,251.2
2002-06-01,WPU115,247.9
2002-07-01,WPU115,244.5
2002-08-01,WPU115,241.2
2002-09-01,WPU115,239.9
2002-10-01,WPU115,237.4
2002-11-01,WPU115,234.4
2002-12-01,WPU115,233.8
2003-01-01,WPU115,231.0
2003-02-01,WPU115,228.1
2003-03-01,WPU115,224.8
2003-04-01,WPU115,224.4
2003-05-01,WPU115,221.7
2003-06-01,WPU115,220.9
2003-07-01,WPU115,219.5
2003-08-01,WPU115,216.8
2003-09-01,WPU115,216.4
2003-10-01,WPU115,212.6
2003-11-01,WPU115,210.3
2003-12-01,WPU115,208.6
2004-01-01,WPU115,208.0
2004-02-01,WPU115,206.9
2004-03-01,WPU115,206.2
2004-04-01,WPU115,206.1
2004-05-01,WPU115,204.4
2004-06-01,WPU115,202.2
2004-07-01,WPU115,201.9
2004-08-01,WPU115,201.0
2004-09-01,WPU115,199.9
2004-10-01,WPU115,198.8
2004-11-01,WPU115,194.7
2004-12-01,WPU115,195.2
2005-01-01,WPU115,192.5
2005-02-01,WPU115,191.5
2005-03-01,WPU115,189.9
2005-04-01,WPU115,189.2
2005-05-01,WPU115,187.2
2005-06-01,WPU115,186.1
2005-07-01,WPU115,184.8
2005-08-01,WPU115,184.0
2005-09-01,WPU115,182.3
2005-10-01,WPU115,180.7
2005-11-01,WPU115,180.3
2005-12-01,WPU115,178.3
2006-01-01,WPU115,177.8
2006-02-01,WPU115,176.5
2006-03-01,WPU115,175.9
2006-04-01,WPU115,173.7
2006-05-01,WPU115,172.3
2006-06-01,WPU115,170.6
2006-07-01,WPU115,169.6
2006-08-01,WPU115,168.2
2006-09-01,WPU115,167.1
2006-10-01,WPU115,166.3
2006-11-01,WPU115,165.9
2006-12-01,WPU115,165.6
2007-01-01,WPU115,164.2
2007-02-01,WPU115,163.2
2007-03-01,WPU115,161.5
2007-04-01,WPU115,160.2
2007-05-01,WPU115,157.6
2007-06-01,WPU115,155.3
2007-07-01,WPU115,154.4
2007-08-01,WPU115,153.4
2007-09-01,WPU115,153.0
2007-10-01,WPU115,152.3
2007-11-01,WPU115,151.2
2007-12-01,WPU115,150.9
2008-01-01,WPU115,150.1
2008-02-01,WPU115,149.0
2008-03-01,WPU115,146.1
2008-04-01,WPU115,145.3
2008-05-01,WPU115,145.1
2008-06-01,WPU115,145.0
2008-07-01,WPU115,144.3
2008-08-01,WPU115,143.2
2008-09-01,WPU115,142.1
2008-10-01,WPU115,140.4
2008-11-01,WPU115,139.8
2008-12-01,WPU115,139.3
2009-01-01,WPU115,139.2
2009-02-01,WPU115,137.1
2009-03-01,WPU115,136.7
2009-04-01,WPU115,135.3
2009-05-01,WPU115,135.1
2009-06-01,WPU115,133.3
2009-07-01,WPU115,132.5
2009-08-01,WPU115,132.8
2009-09-01,WPU115,132.1
2009-10-01,WPU115,133.6
2009-11-01,WPU115,132.7
2009-12-01,WPU115,132.1
2010-01-01,WPU115,132.2
2010-02-01,WPU115,131.0
2010-03-01,WPU115,130.9
2010-04-01,WPU115,129.0
2010-05-01,WPU115,128.7
2010-06-01,WPU115,127.7
2010-07-01,WPU115,127.1
2010-08-01,WPU115,126.6
2010-09-01,WPU115,125.7
2010-10-01,WPU115,125.3
2010-11-01,WPU115,125.4
2010-12-01,WPU115,124.6
2011-01-01,WPU115,124.2
2011-02-01,WPU115,123.7
2011-03-01,WPU115,122.9
2011-04-01,WPU115,122.6
2011-05-01,WPU115,122.1
2011-06-01,WPU115,121.2
2011-07-01,WPU115,121.3
2011-08-01,WPU115,119.2
2011-09-01,WPU115,119.1
2011-10-01,WPU115,119.2
2011-11-01,WPU115,119.8
2011-12-01,WPU115,120.6
2012-01-01,WPU115,120.9
2012-02-01,WPU115,120.2
2012-03-01,WPU115,119.1
2012-04-01,WPU115,118.9
2012-05-01,WPU115,118.8
2012-06-01,WPU115,117.7
2012-07-01,WPU115,117.3
2012-08-01,WPU115,116.4
2012-09-01,WPU115,114.4
2012-10-01,WPU115,115.0
2012-11-01,WPU115,113.6
2012-12-01,WPU115,112.8
2013-01-01,WPU115,112.6
2013-02-01,WPU115,112.4
2013-03-01,WPU115,112.2
2013-04-01,WPU115,112.0
2013-05-01,WPU115,111.0
2013-06-01,WPU115,110.4
2013-07-01,WPU115,110.6
2013-08-01,WPU115,110.0
2013-09-01,WPU115,110.4
2013-10-01,WPU115,109.5
2013-11-01,WPU115,109.7
2013-12-01,WPU115,109.4
2014-01-01,WPU115,109.1
2014-02-01,WPU115,108.8
2014-03-01,WPU115,108.4
2014-04-01,WPU115,108.9
2014-05-01,WPU115,108.6
2014-06-01,WPU115,108.8
2014-07-01,WPU115,108.3
2014-08-01,WPU115,107.9
2014-09-01,WPU115,107.7
2014-10-01,WPU115,107.6
2014-11-01,WPU115,106.9
2014-12-01,WPU115,106.8
2015-01-01,WPU115,107.3
2015-02-01,WPU115,105.3
2015-03-01,WPU115,104.8
2015-04-01,WPU115,104.5
2015-05-01,WPU115,104.0
2015-06-01,WPU115,103.1
2015-07-01,WPU115,103.6
2015-08-01,WPU115,103.8
2015-09-01,WPU115,103.6
2015-10-01,WPU115,102.8
2015-11-01,WPU115,102.3
2015-12-01,WPU115,102.4
2016-01-01,WPU115,102.6
2016-02-01,WPU115,102.3
2016-03-01,WPU115,99.2
2016-04-01,WPU115,99.7
2016-05-01,WPU115,100.5
2016-06-01,WPU115,100.2
2016-07-01,WPU115,99.6
2016-08-01,WPU115,99.0
2016-09-01,WPU115,99.0
2016-10-01,WPU115,98.3
2016-11-01,WPU115,98.3
2016-12-01,WPU115,98.5
2017-01-01,WPU115,97.5
2017-02-01,WPU115,97.7
2017-03-01,WPU115,97.6
2017-04-01,WPU115,99.1
2017-05-01,WPU115,98.8
2017-06-01,WPU115,98.7
2017-07-01,WPU115,98.5
2017-08-01,WPU115,98.1
2017-09-01,WPU115,98.4
2017-10-01,WPU115,98.4
2017-11-01,WPU115,98.1
2017-12-01,WPU115,97.7
2018-01-01,WPU115,97.7
2018-02-01,WPU115,96.9
2018-03-01,WPU115,97.3
2018-04-01,WPU115,97.1
2018-05-01,WPU115,98.2
2018-06-01,WPU115,98.1
2018-07-01,WPU115,97.9
2018-08-01,WPU115,98.3
2018-09-01,WPU115,98.0
2018-10-01,WPU115,98.3
2018-11-01,WPU115,97.8
2018-12-01,WPU115,96.2
2019-01-01,WPU115,96.3
2019-02-01,WPU115,96.6
2019-03-01,WPU115,95.5
2019-04-01,WPU115,95.5
2019-05-01,WPU115,93.7
2019-06-01,WPU115,93.1
2019-07-01,WPU115,92.8
2019-08-01,WPU115,93.1
2019-09-01,WPU115,90.4
2019-10-01,WPU115,93.0
2019-11-01,WPU115,92.9
2019-12-01,WPU115,93.4
2020-01-01,WPU115,91.6
2020-02-01,WPU115,91.7
2020-03-01,WPU115,91.5
2020-04-01,WPU115,91.6
2020-05-01,WPU115,91.8
2020-06-01,WPU115,91.0
2020-07-01,WPU115,91.7
2020-08-01,WPU115,91.7
2020-09-01,WPU115,91.0
2020-10-01,WPU115,91.3
2020-11-01,WPU115,91.2
2020-12-01,WPU115,90.2
2021-01-01,WPU115,90.9
2021-02-01,WPU115,91.3
2021-03-01,WPU115,90.5
2021-04-01,WPU115,91.4
2021-05-01,WPU115,91.6
2021-06-01,WPU115,91.4
2021-07-01,WPU115,91.911
2021-08-01,WPU115,92.378
2021-09-01,WPU115,92.096
2021-10-01,WPU115,92.593
2021-11-01,WPU115,92.983
2021-12-01,WPU115,93.527
2022-01-01,WPU115,95.64
2022-02-01,WPU115,96.462
2022-03-01,WPU115,97.3
2022-04-01,WPU115,97.343
2022-05-01,WPU115,97.891
2022-06-01,WPU115,97.482
2022-07-01,WPU115,97.933
2022-08-01,WPU115,97.769
2022-09-01,WPU115,97.281
2022-10-01,WPU115,97.088
2022-11-01,WPU115,97.131
2022-12-01,WPU115,98.34
2023-01-01,WPU115,99.758
2023-02-01,WPU115,100.0
2023-03-01,WPU115,99.929
2023-04-01,WPU115,98.525
2023-05-01,WPU115,98.078
2023-06-01,WPU115,96.557
2023-07-01,WPU115,96.349
2023-08-01,WPU115,97.688
2023-09-01,WPU115,97.554
2023-10-01,WPU115,97.433
2023-11-01,WPU115,97.703
2023-12-01,WPU115,98.38
2024-01-01,WPU115,98.423
2024-02-01,WPU115,98.316
2024-03-01,WPU115,98.198
2024-04-01,WPU115,98.618
2024-05-01,WPU115,97.875
2024-06-01,WPU115,97.805
2024-07-01,WPU115,97.505
2024-08-01,WPU115,98.369
2024-09-01,WPU115,98.595
2024-10-01,WPU115,98.597
2024-11-01,WPU115,98.763
2024-12-01,WPU115,98.778
2025-01-01,WPU115,98.7
2025-02-01,WPU115,98.706
2025-03-01,WPU115,98.803
2025-04-01,WPU115,99.463
2025-05-01,WPU115,100.723
2025-06-01,WPU115,100.289
2025-07-01,WPU115,101.247
2025-08-01,WPU115,102.832
2025-09-01,WPU115,102.882
2025-10-01,WPU115,103.797
2025-11-01,WPU115,103.86
2025-12-01,WPU115,103.985
2026-01-01,WPU115,106.334
2026-02-01,WPU115,106.945
2026-03-01,WPU115,106.951
2026-04-01,WPU115,107.363
2026-05-01,WPU115,109.466
2026-06-01,WPU115,118.822
2026-07-01,WPU115,125.693
2026-08-01,WPU115,125.92
1990-12-01,WPU1151,9260.4
1991-01-01,WPU1151,9064.3
1991-02-01,WPU1151,9003.3
1991-03-01,WPU1151,8906.1
1991-04-01,WPU1151,8858.6
1991-05-01,WPU1151,8618.6
1991-06-01,WPU1151,8308.5
1991-07-01,WPU1151,7974.6
1991-08-01,WPU1151,7729.1
1991-09-01,WPU1151,7708.8
1991-10-01,WPU1151,7595.9
1991-11-01,WPU1151,7553.2
1991-12-01,WPU1151,7468.5
1992-01-01,WPU1151,7377.3
1992-02-01,WPU1151,7309.4
1992-03-01,WPU1151,7194.3
1992-04-01,WPU1151,7010.0
1992-05-01,WPU1151,6948.7
1992-06-01,WPU1151,6770.3
1992-07-01,WPU1151,6581.9
1992-08-01,WPU1151,6558.0
1992-09-01,WPU1151,6453.0
1992-10-01,WPU1151,6384.5
1992-11-01,WPU1151,6370.2
1992-12-01,WPU1151,6350.1
1993-01-01,WPU1151,6250.5
1993-02-01,WPU1151,6221.1
1993-03-01,WPU1151,6061.9
1993-04-01,WPU1151,5946.3
1993-05-01,WPU1151,5885.2
1993-06-01,WPU1151,5789.4
1993-07-01,WPU1151,5734.3
1993-08-01,WPU1151,5611.6
1993-09-01,WPU1151,5650.2
1993-10-01,WPU1151,5580.0
1993-11-01,WPU1151,5569.0
1993-12-01,WPU1151,5556.9
1994-01-01,WPU1151,5515.7
1994-02-01,WPU1151,5481.4
1994-03-01,WPU1151,5480.9
1994-04-01,WPU1151,5475.8
1994-05-01,WPU1151,5443.8
1994-06-01,WPU1151,5426.3
1994-07-01,WPU1151,5371.9
1994-08-01,WPU1151,5318.0
1994-09-01,WPU1151,5346.9
1994-10-01,WPU1151,5260.0
1994-11-01,WPU1151,5173.3
1994-12-01,WPU1151,5173.3
1995-01-01,WPU1151,5104.7
1995-02-01,WPU1151,5015.8
1995-03-01,WPU1151,4970.5
1995-04-01,WPU1151,4960.9
1995-05-01,WPU1151,4924.0
1995-06-01,WPU1151,4824.6
1995-07-01,WPU1151,4796.1
1995-08-01,WPU1151,4688.9
1995-09-01,WPU1151,4620.6
1995-10-01,WPU1151,4568.2
1995-11-01,WPU1151,4527.0
1995-12-01,WPU1151,4514.8
1996-01-01,WPU1151,4426.6
1996-02-01,WPU1151,4281.3
1996-03-01,WPU1151,4180.0
1996-04-01,WPU1151,4052.2
1996-05-01,WPU1151,3984.7
1996-06-01,WPU1151,3925.9
1996-07-01,WPU1151,3861.7
1996-08-01,WPU1151,3814.0
1996-09-01,WPU1151,3785.5
1996-10-01,WPU1151,3709.7
1996-11-01,WPU1151,3623.1
1996-12-01,WPU1151,3508.8
1997-01-01,WPU1151,3463.1
1997-02-01,WPU1151,3394.6
1997-03-01,WPU1151,3337.9
1997-04-01,WPU1151,3303.1
1997-05-01,WPU1151,3096.1
1997-06-01,WPU1151,3047.7
1997-07-01,WPU1151,3005.8
1997-08-01,WPU1151,2934.5
1997-09-01,WPU1151,2902.5
1997-10-01,WPU1151,2844.5
1997-11-01,WPU1151,2780.9
1997-12-01,WPU1151,2753.9
1998-01-01,WPU1151,2639.6
1998-02-01,WPU1151,2514.3
1998-03-01,WPU1151,2480.9
1998-04-01,WPU1151,2411.4
1998-05-01,WPU1151,2337.7
1998-06-01,WPU1151,2308.5
1998-07-01,WPU1151,2273.0
1998-08-01,WPU1151,2163.6
1998-09-01,WPU1151,2135.8
1998-10-01,WPU1151,2091.3
1998-11-01,WPU1151,2062.0
1998-12-01,WPU1151,2020.5
1999-01-01,WPU1151,1935.8
1999-02-01,WPU1151,1913.1
1999-03-01,WPU1151,1897.7
1999-04-01,WPU1151,1815.8
1999-05-01,WPU1151,1787.3
1999-06-01,WPU1151,1762.6
1999-07-01,WPU1151,1749.9
1999-08-01,WPU1151,1688.0
1999-09-01,WPU1151,1679.1
1999-10-01,WPU1151,1651.0
1999-11-01,WPU1151,1644.2
1999-12-01,WPU1151,1622.8
2000-01-01,WPU1151,1568.0
2000-02-01,WPU1151,1555.0
2000-03-01,WPU1151,1544.7
2000-04-01,WPU1151,1518.5
2000-05-01,WPU1151,1482.3
2000-06-01,WPU1151,1469.0
2000-07-01,WPU1151,1468.0
2000-08-01,WPU1151,1435.8
2000-09-01,WPU1151,1426.3
2000-10-01,WPU1151,1422.8
2000-11-01,WPU1151,1418.4
2000-12-01,WPU1151,1391.5
2001-01-01,WPU1151,1321.6
2001-02-01,WPU1151,1306.3
2001-03-01,WPU1151,1243.3
2001-04-01,WPU1151,1244.9
2001-05-01,WPU1151,1224.3
2001-06-01,WPU1151,1179.8
2001-07-01,WPU1151,1162.7
2001-08-01,WPU1151,1055.8
2001-09-01,WPU1151,1034.4
2001-10-01,WPU1151,1016.7
2001-11-01,WPU1151,993.1
2001-12-01,WPU1151,974.9
2002-01-01,WPU1151,970.0
2002-02-01,WPU1151,931.7
2002-03-01,WPU1151,919.5
2002-04-01,WPU1151,905.4
2002-05-01,WPU1151,904.0
2002-06-01,WPU1151,887.3
2002-07-01,WPU1151,858.4
2002-08-01,WPU1151,827.0
2002-09-01,WPU1151,817.6
2002-10-01,WPU1151,804.8
2002-11-01,WPU1151,785.4
2002-12-01,WPU1151,775.0
2003-01-01,WPU1151,751.1
2003-02-01,WPU1151,718.0
2003-03-01,WPU1151,707.4
2003-04-01,WPU1151,708.4
2003-05-01,WPU1151,703.8
2003-06-01,WPU1151,696.6
2003-07-01,WPU1151,683.6
2003-08-01,WPU1151,674.4
2003-09-01,WPU1151,675.1
2003-10-01,WPU1151,660.8
2003-11-01,WPU1151,655.5
2003-12-01,WPU1151,642.8
2004-01-01,WPU1151,636.4
2004-02-01,WPU1151,634.1
2004-03-01,WPU1151,628.3
2004-04-01,WPU1151,625.5
2004-05-01,WPU1151,619.0
2004-06-01,WPU1151,609.6
2004-07-01,WPU1151,608.4
2004-08-01,WPU1151,598.1
2004-09-01,WPU1151,586.5
2004-10-01,WPU1151,584.8
2004-11-01,WPU1151,566.5
2004-12-01,WPU1151,563.8
2005-01-01,WPU1151,534.4
2005-02-01,WPU1151,532.1
2005-03-01,WPU1151,517.7
2005-04-01,WPU1151,509.8
2005-05-01,WPU1151,489.7
2005-06-01,WPU1151,481.4
2005-07-01,WPU1151,472.3
2005-08-01,WPU1151,469.5
2005-09-01,WPU1151,455.7
2005-10-01,WPU1151,448.2
2005-11-01,WPU1151,443.0
2005-12-01,WPU1151,432.9
2006-01-01,WPU1151,428.2
2006-02-01,WPU1151,415.9
2006-03-01,WPU1151,408.3
2006-04-01,WPU1151,395.7
2006-05-01,WPU1151,389.6
2006-06-01,WPU1151,376.0
2006-07-01,WPU1151,367.2
2006-08-01,WPU1151,358.4
2006-09-01,WPU1151,349.7
2006-10-01,WPU1151,340.5
2006-11-01,WPU1151,337.4
2006-12-01,WPU1151,334.5
2007-01-01,WPU1151,328.3
2007-02-01,WPU1151,324.6
2007-03-01,WPU1151,317.3
2007-04-01,WPU1151,312.3
2007-05-01,WPU1151,302.6
2007-06-01,WPU1151,292.6
2007-07-01,WPU1151,283.2
2007-08-01,WPU1151,273.2
2007-09-01,WPU1151,269.4
2007-10-01,WPU1151,265.9
2007-11-01,WPU1151,261.8
2007-12-01,WPU1151,257.2
2008-01-01,WPU1151,249.2
2008-02-01,WPU1151,245.0
2008-03-01,WPU1151,235.2
2008-04-01,WPU1151,232.9
2008-05-01,WPU1151,233.1
2008-06-01,WPU1151,232.7
2008-07-01,WPU1151,230.6
2008-08-01,WPU1151,227.4
2008-09-01,WPU1151,222.9
2008-10-01,WPU1151,217.9
2008-11-01,WPU1151,215.9
2008-12-01,WPU1151,214.6
2009-01-01,WPU1151,212.8
2009-02-01,WPU1151,203.6
2009-03-01,WPU1151,201.8
2009-04-01,WPU1151,196.1
2009-05-01,WPU1151,196.1
2009-06-01,WPU1151,188.6
2009-07-01,WPU1151,185.4
2009-08-01,WPU1151,187.0
2009-09-01,WPU1151,183.8
2009-10-01,WPU1151,183.4
2009-11-01,WPU1151,180.0
2009-12-01,WPU1151,178.4
2010-01-01,WPU1151,178.8
2010-02-01,WPU1151,178.8
2010-03-01,WPU1151,177.2
2010-04-01,WPU1151,174.7
2010-05-01,WPU1151,174.0
2010-06-01,WPU1151,170.7
2010-07-01,WPU1151,170.3
2010-08-01,WPU1151,169.0
2010-09-01,WPU1151,165.5
2010-10-01,WPU1151,163.9
2010-11-01,WPU1151,164.2
2010-12-01,WPU1151,161.7
2011-01-01,WPU1151,160.7
2011-02-01,WPU1151,158.3
2011-03-01,WPU1151,155.1
2011-04-01,WPU1151,154.5
2011-05-01,WPU1151,151.9
2011-06-01,WPU1151,149.9
2011-07-01,WPU1151,150.8
2011-08-01,WPU1151,146.5
2011-09-01,WPU1151,146.1
2011-10-01,WPU1151,146.7
2011-11-01,WPU1151,146.1
2011-12-01,WPU1151,146.3
2012-01-01,WPU1151,146.3
2012-02-01,WPU1151,145.6
2012-03-01,WPU1151,143.0
2012-04-01,WPU1151,142.9
2012-05-01,WPU1151,142.5
2012-06-01,WPU1151,139.9
2012-07-01,WPU1151,139.5
2012-08-01,WPU1151,138.7
2012-09-01,WPU1151,135.1
2012-10-01,WPU1151,136.2
2012-11-01,WPU1151,133.9
2012-12-01,WPU1151,132.9
2013-01-01,WPU1151,132.0
2013-02-01,WPU1151,131.0
2013-03-01,WPU1151,130.2
2013-04-01,WPU1151,129.3
2013-05-01,WPU1151,126.9
2013-06-01,WPU1151,125.8
2013-07-01,WPU1151,126.2
2013-08-01,WPU1151,125.1
2013-09-01,WPU1151,126.3
2013-10-01,WPU1151,124.3
2013-11-01,WPU1151,123.7
2013-12-01,WPU1151,123.1
2014-01-01,WPU1151,122.6
2014-02-01,WPU1151,122.0
2014-03-01,WPU1151,121.1
2014-04-01,WPU1151,121.4
2014-05-01,WPU1151,121.0
2014-06-01,WPU1151,121.3
2014-07-01,WPU1151,120.1
2014-08-01,WPU1151,119.1
2014-09-01,WPU1151,118.7
2014-10-01,WPU1151,118.4
2014-11-01,WPU1151,116.9
2014-12-01,WPU1151,116.7
2015-01-01,WPU1151,117.0
2015-02-01,WPU1151,117.5
2015-03-01,WPU1151,116.3
2015-04-01,WPU1151,116.2
2015-05-01,WPU1151,116.0
2015-06-01,WPU1151,113.5
2015-07-01,WPU1151,114.9
2015-08-01,WPU1151,116.0
2015-09-01,WPU1151,115.6
2015-10-01,WPU1151,113.8
2015-11-01,WPU1151,112.5
2015-12-01,WPU1151,112.7
2016-01-01,WPU1151,112.7
2016-02-01,WPU1151,111.9
2016-03-01,WPU1151,111.1
2016-04-01,WPU1151,111.4
2016-05-01,WPU1151,112.0
2016-06-01,WPU1151,111.6
2016-07-01,WPU1151,110.2
2016-08-01,WPU1151,108.7
2016-09-01,WPU1151,108.7
2016-10-01,WPU1151,106.7
2016-11-01,WPU1151,107.4
2016-12-01,WPU1151,108.0
2017-01-01,WPU1151,105.3
2017-02-01,WPU1151,105.4
2017-03-01,WPU1151,105.1
2017-04-01,WPU1151,105.0
2017-05-01,WPU1151,104.4
2017-06-01,WPU1151,104.2
2017-07-01,WPU1151,103.8
2017-08-01,WPU1151,102.7
2017-09-01,WPU1151,103.4
2017-10-01,WPU1151,103.0
2017-11-01,WPU1151,102.4
2017-12-01,WPU1151,102.6
2018-01-01,WPU1151,101.6
2018-02-01,WPU1151,100.2
2018-03-01,WPU1151,101.9
2018-04-01,WPU1151,101.1
2018-05-01,WPU1151,101.4
2018-06-01,WPU1151,100.9
2018-07-01,WPU1151,100.2
2018-08-01,WPU1151,101.9
2018-09-01,WPU1151,100.5
2018-10-01,WPU1151,101.7
2018-11-01,WPU1151,99.6
2018-12-01,WPU1151,96.5
2019-01-01,WPU1151,99.4
2019-02-01,WPU1151,100.6
2019-03-01,WPU1151,96.7
2019-04-01,WPU1151,95.6
2019-05-01,WPU1151,95.8
2019-06-01,WPU1151,93.5
2019-07-01,WPU1151,92.6
2019-08-01,WPU1151,92.9
2019-09-01,WPU1151,88.7
2019-10-01,WPU1151,89.9
2019-11-01,WPU1151,90.0
2019-12-01,WPU1151,87.4
2020-01-01,WPU1151,88.9
2020-02-01,WPU1151,89.1
2020-03-01,WPU1151,88.1
2020-04-01,WPU1151,88.6
2020-05-01,WPU1151,89.2
2020-06-01,WPU1151,86.0
2020-07-01,WPU1151,88.0
2020-08-01,WPU1151,88.0
2020-09-01,WPU1151,85.0
2020-10-01,WPU1151,86.3
2020-11-01,WPU1151,85.9
2020-12-01,WPU1151,82.2
2021-01-01,WPU1151,84.9
2021-02-01,WPU1151,86.4
2021-03-01,WPU1151,83.5
2021-04-01,WPU1151,86.9
2021-05-01,WPU1151,87.8
2021-06-01,WPU1151,86.0
2021-07-01,WPU1151,89.061
2021-08-01,WPU1151,90.857
2021-09-01,WPU1151,87.773
2021-10-01,WPU1151,89.755
2021-11-01,WPU1151,91.127
2021-12-01,WPU1151,93.347
2022-01-01,WPU1151,93.864
2022-02-01,WPU1151,96.865
2022-03-01,WPU1151,98.947
2022-04-01,WPU1151,99.049
2022-05-01,WPU1151,99.25
2022-06-01,WPU1151,98.577
2022-07-01,WPU1151,100.368
2022-08-01,WPU1151,99.792
2022-09-01,WPU1151,97.977
2022-10-01,WPU1151,97.525
2022-11-01,WPU1151,94.478
2022-12-01,WPU1151,97.607
2023-01-01,WPU1151,99.364
2023-02-01,WPU1151,100.0
2023-03-01,WPU1151,99.866
2023-04-01,WPU1151,99.729
2023-05-01,WPU1151,98.565
2023-06-01,WPU1151,96.17
2023-07-01,WPU1151,96.082
2023-08-01,WPU1151,99.184
2023-09-01,WPU1151,98.731
2023-10-01,WPU1151,98.328
2023-11-01,WPU1151,98.188
2023-12-01,WPU1151,99.857
2024-01-01,WPU1151,99.914
2024-02-01,WPU1151,99.636
2024-03-01,WPU1151,99.239
2024-04-01,WPU1151,100.222
2024-05-01,WPU1151,99.063
2024-06-01,WPU1151,99.268
2024-07-01,WPU1151,97.923
2024-08-01,WPU1151,100.316
2024-09-01,WPU1151,101.673
2024-10-01,WPU1151,101.732
2024-11-01,WPU1151,101.235
2024-12-01,WPU1151,101.282
2025-01-01,WPU1151,100.468
2025-02-01,WPU1151,100.475
2025-03-01,WPU1151,100.484
2025-04-01,WPU1151,100.958
2025-05-01,WPU1151,101.038
2025-06-01,WPU1151,100.957
2025-07-01,WPU1151,102.416
2025-08-01,WPU1151,101.593
2025-09-01,WPU1151,101.757
2025-10-01,WPU1151,101.505
2025-11-01,WPU1151,101.505
2025-12-01,WPU1151,101.592
2026-01-01,WPU1151,101.607
2026-02-01,WPU1151,101.607
2026-03-01,WPU1151,101.623
2026-04-01,WPU1151,101.649
2026-05-01,WPU1151,101.848
2026-06-01,WPU1151,101.85
2026-07-01,WPU1151,105.013
2026-08-01,WPU1151,104.89
1997-12-01,CUUR0000SEEE01,1119.0
1998-01-01,CUUR0000SEEE01,1083.9
1998-02-01,CUUR0000SEEE01,1022.1
1998-03-01,CUUR0000SEEE01,992.1
1998-04-01,CUUR0000SEEE01,969.1
1998-05-01,CUUR0000SEEE01,925.2
1998-06-01,CUUR0000SEEE01,895.3
1998-07-01,CUUR0000SEEE01,841.7
1998-08-01,CUUR0000SEEE01,796.0
1998-09-01,CUUR0000SEEE01,766.3
1998-10-01,CUUR0000SEEE01,755.8
1998-11-01,CUUR0000SEEE01,734.2
1998-12-01,CUUR0000SEEE01,718.5
1999-01-01,CUUR0000SEEE01,686.9
1999-02-01,CUUR0000SEEE01,668.4
1999-03-01,CUUR0000SEEE01,645.1
1999-04-01,CUUR0000SEEE01,636.1
1999-05-01,CUUR0000SEEE01,623.5
1999-06-01,CUUR0000SEEE01,610.3
1999-07-01,CUUR0000SEEE01,591.5
1999-08-01,CUUR0000SEEE01,569.9
1999-09-01,CUUR0000SEEE01,556.7
1999-10-01,CUUR0000SEEE01,538.9
1999-11-01,CUUR0000SEEE01,525.8
1999-12-01,CUUR0000SEEE01,528.1
2000-01-01,CUUR0000SEEE01,518.9
2000-02-01,CUUR0000SEEE01,504.9
2000-03-01,CUUR0000SEEE01,494.6
2000-04-01,CUUR0000SEEE01,477.5
2000-05-01,CUUR0000SEEE01,474.9
2000-06-01,CUUR0000SEEE01,460.6
2000-07-01,CUUR0000SEEE01,450.9
2000-08-01,CUUR0000SEEE01,441.6
2000-09-01,CUUR0000SEEE01,435.4
2000-10-01,CUUR0000SEEE01,429.1
2000-11-01,CUUR0000SEEE01,417.5
2000-12-01,CUUR0000SEEE01,407.9
2001-01-01,CUUR0000SEEE01,391.2
2001-02-01,CUUR0000SEEE01,378.9
2001-03-01,CUUR0000SEEE01,362.7
2001-04-01,CUUR0000SEEE01,355.0
2001-05-01,CUUR0000SEEE01,340.5
2001-06-01,CUUR0000SEEE01,333.5
2001-07-01,CUUR0000SEEE01,328.0
2001-08-01,CUUR0000SEEE01,311.4
2001-09-01,CUUR0000SEEE01,299.3
2001-10-01,CUUR0000SEEE01,295.7
2001-11-01,CUUR0000SEEE01,288.7
2001-12-01,CUUR0000SEEE01,282.9
2002-01-01,CUUR0000SEEE01,275.8
2002-02-01,CUUR0000SEEE01,266.9
2002-03-01,CUUR0000SEEE01,259.0
2002-04-01,CUUR0000SEEE01,256.5
2002-05-01,CUUR0000SEEE01,257.5
2002-06-01,CUUR0000SEEE01,252.7
2002-07-01,CUUR0000SEEE01,249.8
2002-08-01,CUUR0000SEEE01,246.1
2002-09-01,CUUR0000SEEE01,236.3
2002-10-01,CUUR0000SEEE01,231.3
2002-11-01,CUUR0000SEEE01,223.9
2002-12-01,CUUR0000SEEE01,220.7
2003-01-01,CUUR0000SEEE01,217.8
2003-02-01,CUUR0000SEEE01,213.2
2003-03-01,CUUR0000SEEE01,212.2
2003-04-01,CUUR0000SEEE01,209.4
2003-05-01,CUUR0000SEEE01,201.5
2003-06-01,CUUR0000SEEE01,195.7
2003-07-01,CUUR0000SEEE01,192.3
2003-08-01,CUUR0000SEEE01,186.8
2003-09-01,CUUR0000SEEE01,182.8
2003-10-01,CUUR0000SEEE01,184.3
2003-11-01,CUUR0000SEEE01,182.5
2003-12-01,CUUR0000SEEE01,181.1
2004-01-01,CUUR0000SEEE01,181.0
2004-02-01,CUUR0000SEEE01,179.4
2004-03-01,CUUR0000SEEE01,177.1
2004-04-01,CUUR0000SEEE01,177.9
2004-05-01,CUUR0000SEEE01,176.2
2004-06-01,CUUR0000SEEE01,173.5
2004-07-01,CUUR0000SEEE01,171.1
2004-08-01,CUUR0000SEEE01,169.4
2004-09-01,CUUR0000SEEE01,168.2
2004-10-01,CUUR0000SEEE01,163.3
2004-11-01,CUUR0000SEEE01,158.4
2004-12-01,CUUR0000SEEE01,155.7
2005-01-01,CUUR0000SEEE01,156.3
2005-02-01,CUUR0000SEEE01,151.5
2005-03-01,CUUR0000SEEE01,150.5
2005-04-01,CUUR0000SEEE01,149.9
2005-05-01,CUUR0000SEEE01,147.6
2005-06-01,CUUR0000SEEE01,145.0
2005-07-01,CUUR0000SEEE01,142.9
2005-08-01,CUUR0000SEEE01,139.0
2005-09-01,CUUR0000SEEE01,137.7
2005-10-01,CUUR0000SEEE01,136.4
2005-11-01,CUUR0000SEEE01,133.9
2005-12-01,CUUR0000SEEE01,131.1
2006-01-01,CUUR0000SEEE01,129.4
2006-02-01,CUUR0000SEEE01,128.7
2006-03-01,CUUR0000SEEE01,127.9
2006-04-01,CUUR0000SEEE01,124.6
2006-05-01,CUUR0000SEEE01,121.3
2006-06-01,CUUR0000SEEE01,119.6
2006-07-01,CUUR0000SEEE01,118.7
2006-08-01,CUUR0000SEEE01,118.7
2006-09-01,CUUR0000SEEE01,117.2
2006-10-01,CUUR0000SEEE01,116.0
2006-11-01,CUUR0000SEEE01,115.2
2006-12-01,CUUR0000SEEE01,115.8
2007-01-01,CUUR0000SEEE01,114.797
2007-02-01,CUUR0000SEEE01,113.852
2007-03-01,CUUR0000SEEE01,114.035
2007-04-01,CUUR0000SEEE01,113.827
2007-05-01,CUUR0000SEEE01,111.582
2007-06-01,CUUR0000SEEE01,108.55
2007-07-01,CUUR0000SEEE01,107.439
2007-08-01,CUUR0000SEEE01,106.575
2007-09-01,CUUR0000SEEE01,105.806
2007-10-01,CUUR0000SEEE01,104.336
2007-11-01,CUUR0000SEEE01,100.104
2007-12-01,CUUR0000SEEE01,100.0
2008-01-01,CUUR0000SEEE01,100.998
2008-02-01,CUUR0000SEEE01,100.545
2008-03-01,CUUR0000SEEE01,100.359
2008-04-01,CUUR0000SEEE01,98.853
2008-05-01,CUUR0000SEEE01,97.028
2008-06-01,CUUR0000SEEE01,95.663
2008-07-01,CUUR0000SEEE01,94.711
2008-08-01,CUUR0000SEEE01,92.921
2008-09-01,CUUR0000SEEE01,90.797
2008-10-01,CUUR0000SEEE01,89.945
2008-11-01,CUUR0000SEEE01,88.984
2008-12-01,CUUR0000SEEE01,88.529
2009-01-01,CUUR0000SEEE01,88.522
2009-02-01,CUUR0000SEEE01,87.696
2009-03-01,CUUR0000SEEE01,86.213
2009-04-01,CUUR0000SEEE01,85.714
2009-05-01,CUUR0000SEEE01,84.366
2009-06-01,CUUR0000SEEE01,83.476
2009-07-01,CUUR0000SEEE01,80.838
2009-08-01,CUUR0000SEEE01,78.576
2009-09-01,CUUR0000SEEE01,77.997
2009-10-01,CUUR0000SEEE01,78.213
2009-11-01,CUUR0000SEEE01,78.077
2009-12-01,CUUR0000SEEE01,77.96
2010-01-01,CUUR0000SEEE01,78.323
2010-02-01,CUUR0000SEEE01,77.961
2010-03-01,CUUR0000SEEE01,78.385
2010-04-01,CUUR0000SEEE01,78.234
2010-05-01,CUUR0000SEEE01,76.676
2010-06-01,CUUR0000SEEE01,75.751
2010-07-01,CUUR0000SEEE01,75.912
2010-08-01,CUUR0000SEEE01,75.798
2010-09-01,CUUR0000SEEE01,75.57
2010-10-01,CUUR0000SEEE01,75.385
2010-11-01,CUUR0000SEEE01,74.969
2010-12-01,CUUR0000SEEE01,73.559
2011-01-01,CUUR0000SEEE01,72.947
2011-02-01,CUUR0000SEEE01,72.709
2011-03-01,CUUR0000SEEE01,72.073
2011-04-01,CUUR0000SEEE01,72.01
2011-05-01,CUUR0000SEEE01,70.898
2011-06-01,CUUR0000SEEE01,69.125
2011-07-01,CUUR0000SEEE01,68.788
2011-08-01,CUUR0000SEEE01,66.753
2011-09-01,CUUR0000SEEE01,65.796
2011-10-01,CUUR0000SEEE01,65.511
2011-11-01,CUUR0000SEEE01,65.849
2011-12-01,CUUR0000SEEE01,64.348
2012-01-01,CUUR0000SEEE01,64.356
2012-02-01,CUUR0000SEEE01,64.686
2012-03-01,CUUR0000SEEE01,64.086
2012-04-01,CUUR0000SEEE01,63.401
2012-05-01,CUUR0000SEEE01,63.409
2012-06-01,CUUR0000SEEE01,63.562
2012-07-01,CUUR0000SEEE01,62.956
2012-08-01,CUUR0000SEEE01,61.803
2012-09-01,CUUR0000SEEE01,60.949
2012-10-01,CUUR0000SEEE01,60.421
2012-11-01,CUUR0000SEEE01,59.609
2012-12-01,CUUR0000SEEE01,58.764
2013-01-01,CUUR0000SEEE01,58.869
2013-02-01,CUUR0000SEEE01,58.91
2013-03-01,CUUR0000SEEE01,58.626
2013-04-01,CUUR0000SEEE01,58.133
2013-05-01,CUUR0000SEEE01,57.527
2013-06-01,CUUR0000SEEE01,57.012
2013-07-01,CUUR0000SEEE01,56.281
2013-08-01,CUUR0000SEEE01,55.607
2013-09-01,CUUR0000SEEE01,55.59
2013-10-01,CUUR0000SEEE01,55.077
2013-11-01,CUUR0000SEEE01,54.601
2013-12-01,CUUR0000SEEE01,54.869
2014-01-01,CUUR0000SEEE01,54.611
2014-02-01,CUUR0000SEEE01,54.44
2014-03-01,CUUR0000SEEE01,54.377
2014-04-01,CUUR0000SEEE01,54.483
2014-05-01,CUUR0000SEEE01,53.79
2014-06-01,CUUR0000SEEE01,53.396
2014-07-01,CUUR0000SEEE01,52.89
2014-08-01,CUUR0000SEEE01,51.797
2014-09-01,CUUR0000SEEE01,51.151
2014-10-01,CUUR0000SEEE01,50.93
2014-11-01,CUUR0000SEEE01,50.212
2014-12-01,CUUR0000SEEE01,49.089
2015-01-01,CUUR0000SEEE01,48.913
2015-02-01,CUUR0000SEEE01,49.111
2015-03-01,CUUR0000SEEE01,48.772
2015-04-01,CUUR0000SEEE01,49.047
2015-05-01,CUUR0000SEEE01,48.667
2015-06-01,CUUR0000SEEE01,48.164
2015-07-01,CUUR0000SEEE01,47.892
2015-08-01,CUUR0000SEEE01,47.132
2015-09-01,CUUR0000SEEE01,47.359
2015-10-01,CUUR0000SEEE01,47.094
2015-11-01,CUUR0000SEEE01,46.716
2015-12-01,CUUR0000SEEE01,45.997
2016-01-01,CUUR0000SEEE01,45.424
2016-02-01,CUUR0000SEEE01,45.249
2016-03-01,CUUR0000SEEE01,45.269
2016-04-01,CUUR0000SEEE01,45.282
2016-05-01,CUUR0000SEEE01,44.853
2016-06-01,CUUR0000SEEE01,44.496
2016-07-01,CUUR0000SEEE01,44.205
2016-08-01,CUUR0000SEEE01,43.917
2016-09-01,CUUR0000SEEE01,43.77
2016-10-01,CUUR0000SEEE01,43.721
2016-11-01,CUUR0000SEEE01,43.576
2016-12-01,CUUR0000SEEE01,43.377
2017-01-01,CUUR0000SEEE01,43.475
2017-02-01,CUUR0000SEEE01,43.369
2017-03-01,CUUR0000SEEE01,42.818
2017-04-01,CUUR0000SEEE01,42.896
2017-05-01,CUUR0000SEEE01,42.361
2017-06-01,CUUR0000SEEE01,42.561
2017-07-01,CUUR0000SEEE01,42.973
2017-08-01,CUUR0000SEEE01,42.451
2017-09-01,CUUR0000SEEE01,42.19
2017-10-01,CUUR0000SEEE01,42.284
2017-11-01,CUUR0000SEEE01,42.04
2017-12-01,CUUR0000SEEE01,41.353
2018-01-01,CUUR0000SEEE01,41.455
2018-02-01,CUUR0000SEEE01,41.278
2018-03-01,CUUR0000SEEE01,41.249
2018-04-01,CUUR0000SEEE01,41.424
2018-05-01,CUUR0000SEEE01,41.37
2018-06-01,CUUR0000SEEE01,40.986
2018-07-01,CUUR0000SEEE01,40.23
2018-08-01,CUUR0000SEEE01,40.575
2018-09-01,CUUR0000SEEE01,41.092
2018-10-01,CUUR0000SEEE01,40.573
2018-11-01,CUUR0000SEEE01,39.841
2018-12-01,CUUR0000SEEE01,40.11
2019-01-01,CUUR0000SEEE01,40.044
2019-02-01,CUUR0000SEEE01,39.649
2019-03-01,CUUR0000SEEE01,39.889
2019-04-01,CUUR0000SEEE01,39.603
2019-05-01,CUUR0000SEEE01,39.339
2019-06-01,CUUR0000SEEE01,38.586
2019-07-01,CUUR0000SEEE01,39.745
2019-08-01,CUUR0000SEEE01,40.056
2019-09-01,CUUR0000SEEE01,39.73
2019-10-01,CUUR0000SEEE01,38.938
2019-11-01,CUUR0000SEEE01,38.868
2019-12-01,CUUR0000SEEE01,38.001
2020-01-01,CUUR0000SEEE01,37.728
2020-02-01,CUUR0000SEEE01,38.247
2020-03-01,CUUR0000SEEE01,38.706
2020-04-01,CUUR0000SEEE01,39.015
2020-05-01,CUUR0000SEEE01,38.629
2020-06-01,CUUR0000SEEE01,38.778
2020-07-01,CUUR0000SEEE01,38.686
2020-08-01,CUUR0000SEEE01,38.866
2020-09-01,CUUR0000SEEE01,37.459
2020-10-01,CUUR0000SEEE01,37.201
2020-11-01,CUUR0000SEEE01,37.964
2020-12-01,CUUR0000SEEE01,38.315
2021-01-01,CUUR0000SEEE01,38.316
2021-02-01,CUUR0000SEEE01,38.204
2021-03-01,CUUR0000SEEE01,37.453
2021-04-01,CUUR0000SEEE01,39.358
2021-05-01,CUUR0000SEEE01,39.611
2021-06-01,CUUR0000SEEE01,39.662
2021-07-01,CUUR0000SEEE01,40.135
2021-08-01,CUUR0000SEEE01,40.184
2021-09-01,CUUR0000SEEE01,40.649
2021-10-01,CUUR0000SEEE01,40.31
2021-11-01,CUUR0000SEEE01,39.78
2021-12-01,CUUR0000SEEE01,39.401
2022-01-01,CUUR0000SEEE01,39.651
2022-02-01,CUUR0000SEEE01,39.958
2022-03-01,CUUR0000SEEE01,40.302
2022-04-01,CUUR0000SEEE01,39.446
2022-05-01,CUUR0000SEEE01,38.909
2022-06-01,CUUR0000SEEE01,39.421
2022-07-01,CUUR0000SEEE01,38.719
2022-08-01,CUUR0000SEEE01,38.469
2022-09-01,CUUR0000SEEE01,39.175
2022-10-01,CUUR0000SEEE01,39.076
2022-11-01,CUUR0000SEEE01,38.02
2022-12-01,CUUR0000SEEE01,37.115
2023-01-01,CUUR0000SEEE01,37.21
2023-02-01,CUUR0000SEEE01,37.712
2023-03-01,CUUR0000SEEE01,37.957
2023-04-01,CUUR0000SEEE01,37.449
2023-05-01,CUUR0000SEEE01,37.289
2023-06-01,CUUR0000SEEE01,37.357
2023-07-01,CUUR0000SEEE01,36.82
2023-08-01,CUUR0000SEEE01,36.529
2023-09-01,CUUR0000SEEE01,37.146
2023-10-01,CUUR0000SEEE01,36.845
2023-11-01,CUUR0000SEEE01,36.258
2023-12-01,CUUR0000SEEE01,35.773
2024-01-01,CUUR0000SEEE01,36.441
2024-02-01,CUUR0000SEEE01,36.695
2024-03-01,CUUR0000SEEE01,36.528
2024-04-01,CUUR0000SEEE01,36.865
2024-05-01,CUUR0000SEEE01,36.476
2024-06-01,CUUR0000SEEE01,35.778
2024-07-01,CUUR0000SEEE01,35.929
2024-08-01,CUUR0000SEEE01,35.792
2024-09-01,CUUR0000SEEE01,35.406
2024-10-01,CUUR0000SEEE01,34.849
2024-11-01,CUUR0000SEEE01,34.259
2024-12-01,CUUR0000SEEE01,33.942
2025-01-01,CUUR0000SEEE01,34.237
2025-02-01,CUUR0000SEEE01,34.477
2025-03-01,CUUR0000SEEE01,34.547
2025-04-01,CUUR0000SEEE01,34.805
2025-05-01,CUUR0000SEEE01,35.202
2025-06-01,CUUR0000SEEE01,35.685
2025-07-01,CUUR0000SEEE01,35.273
2025-08-01,CUUR0000SEEE01,35.064
2025-09-01,CUUR0000SEEE01,35.141
2025-11-01,CUUR0000SEEE01,34.184
2025-12-01,CUUR0000SEEE01,33.73
2026-01-01,CUUR0000SEEE01,34.773
2026-02-01,CUUR0000SEEE01,34.782
2026-03-01,CUUR0000SEEE01,35.293
2026-04-01,CUUR0000SEEE01,35.601
2026-05-01,CUUR0000SEEE01,35.662
2026-06-01,CUUR0000SEEE01,35.406
2026-07-01,CUUR0000SEEE01,36.641
2026-08-01,CUUR0000SEEE01,38.02
2005-01-01,CUSR0000SEEE01,155.7
2005-02-01,CUSR0000SEEE01,151.0
2005-03-01,CUSR0000SEEE01,149.4
2005-04-01,CUSR0000SEEE01,147.9
2005-05-01,CUSR0000SEEE01,146.5
2005-06-01,CUSR0000SEEE01,145.0
2005-07-01,CUSR0000SEEE01,142.9
2005-08-01,CUSR0000SEEE01,139.6
2005-09-01,CUSR0000SEEE01,138.9
2005-10-01,CUSR0000SEEE01,137.1
2005-11-01,CUSR0000SEEE01,135.2
2005-12-01,CUSR0000SEEE01,132.0
2006-01-01,CUSR0000SEEE01,129.0
2006-02-01,CUSR0000SEEE01,128.4
2006-03-01,CUSR0000SEEE01,126.6
2006-04-01,CUSR0000SEEE01,123.0
2006-05-01,CUSR0000SEEE01,120.7
2006-06-01,CUSR0000SEEE01,119.8
2006-07-01,CUSR0000SEEE01,118.9
2006-08-01,CUSR0000SEEE01,119.3
2006-09-01,CUSR0000SEEE01,118.0
2006-10-01,CUSR0000SEEE01,116.5
2006-11-01,CUSR0000SEEE01,116.1
2006-12-01,CUSR0000SEEE01,116.6
2007-01-01,CUSR0000SEEE01,114.181
2007-02-01,CUSR0000SEEE01,113.382
2007-03-01,CUSR0000SEEE01,112.815
2007-04-01,CUSR0000SEEE01,112.435
2007-05-01,CUSR0000SEEE01,111.106
2007-06-01,CUSR0000SEEE01,108.948
2007-07-01,CUSR0000SEEE01,107.748
2007-08-01,CUSR0000SEEE01,106.992
2007-09-01,CUSR0000SEEE01,106.502
2007-10-01,CUSR0000SEEE01,104.846
2007-11-01,CUSR0000SEEE01,100.868
2007-12-01,CUSR0000SEEE01,100.871
2008-01-01,CUSR0000SEEE01,100.636
2008-02-01,CUSR0000SEEE01,99.944
2008-03-01,CUSR0000SEEE01,99.27
2008-04-01,CUSR0000SEEE01,97.527
2008-05-01,CUSR0000SEEE01,96.561
2008-06-01,CUSR0000SEEE01,96.037
2008-07-01,CUSR0000SEEE01,94.899
2008-08-01,CUSR0000SEEE01,93.421
2008-09-01,CUSR0000SEEE01,91.531
2008-10-01,CUSR0000SEEE01,90.404
2008-11-01,CUSR0000SEEE01,89.514
2008-12-01,CUSR0000SEEE01,89.262
2009-01-01,CUSR0000SEEE01,88.389
2009-02-01,CUSR0000SEEE01,87.074
2009-03-01,CUSR0000SEEE01,85.182
2009-04-01,CUSR0000SEEE01,84.491
2009-05-01,CUSR0000SEEE01,83.826
2009-06-01,CUSR0000SEEE01,83.609
2009-07-01,CUSR0000SEEE01,80.941
2009-08-01,CUSR0000SEEE01,79.016
2009-09-01,CUSR0000SEEE01,78.82
2009-10-01,CUSR0000SEEE01,78.823
2009-11-01,CUSR0000SEEE01,78.661
2009-12-01,CUSR0000SEEE01,78.523
2010-01-01,CUSR0000SEEE01,78.18
2010-02-01,CUSR0000SEEE01,77.45
2010-03-01,CUSR0000SEEE01,77.649
2010-04-01,CUSR0000SEEE01,77.154
2010-05-01,CUSR0000SEEE01,76.192
2010-06-01,CUSR0000SEEE01,75.584
2010-07-01,CUSR0000SEEE01,75.907
2010-08-01,CUSR0000SEEE01,76.305
2010-09-01,CUSR0000SEEE01,76.46
2010-10-01,CUSR0000SEEE01,75.88
2010-11-01,CUSR0000SEEE01,75.38
2010-12-01,CUSR0000SEEE01,74.179
2011-01-01,CUSR0000SEEE01,72.941
2011-02-01,CUSR0000SEEE01,72.287
2011-03-01,CUSR0000SEEE01,71.509
2011-04-01,CUSR0000SEEE01,71.106
2011-05-01,CUSR0000SEEE01,70.499
2011-06-01,CUSR0000SEEE01,68.854
2011-07-01,CUSR0000SEEE01,68.685
2011-08-01,CUSR0000SEEE01,67.191
2011-09-01,CUSR0000SEEE01,66.427
2011-10-01,CUSR0000SEEE01,65.9
2011-11-01,CUSR0000SEEE01,66.158
2011-12-01,CUSR0000SEEE01,64.967
2012-01-01,CUSR0000SEEE01,64.555
2012-02-01,CUSR0000SEEE01,64.463
2012-03-01,CUSR0000SEEE01,63.725
2012-04-01,CUSR0000SEEE01,62.677
2012-05-01,CUSR0000SEEE01,63.041
2012-06-01,CUSR0000SEEE01,63.11
2012-07-01,CUSR0000SEEE01,62.777
2012-08-01,CUSR0000SEEE01,62.225
2012-09-01,CUSR0000SEEE01,61.403
2012-10-01,CUSR0000SEEE01,60.716
2012-11-01,CUSR0000SEEE01,59.775
2012-12-01,CUSR0000SEEE01,59.319
2013-01-01,CUSR0000SEEE01,59.194
2013-02-01,CUSR0000SEEE01,58.775
2013-03-01,CUSR0000SEEE01,58.376
2013-04-01,CUSR0000SEEE01,57.51
2013-05-01,CUSR0000SEEE01,57.175
2013-06-01,CUSR0000SEEE01,56.745
2013-07-01,CUSR0000SEEE01,56.061
2013-08-01,CUSR0000SEEE01,55.917
2013-09-01,CUSR0000SEEE01,55.864
2013-10-01,CUSR0000SEEE01,55.227
2013-11-01,CUSR0000SEEE01,54.732
2013-12-01,CUSR0000SEEE01,55.373
2014-01-01,CUSR0000SEEE01,54.889
2014-02-01,CUSR0000SEEE01,54.34
2014-03-01,CUSR0000SEEE01,54.203
2014-04-01,CUSR0000SEEE01,53.981
2014-05-01,CUSR0000SEEE01,53.46
2014-06-01,CUSR0000SEEE01,53.18
2014-07-01,CUSR0000SEEE01,52.713
2014-08-01,CUSR0000SEEE01,52.053
2014-09-01,CUSR0000SEEE01,51.325
2014-10-01,CUSR0000SEEE01,51.022
2014-11-01,CUSR0000SEEE01,50.263
2014-12-01,CUSR0000SEEE01,49.52
2015-01-01,CUSR0000SEEE01,49.19
2015-02-01,CUSR0000SEEE01,49.146
2015-03-01,CUSR0000SEEE01,48.717
2015-04-01,CUSR0000SEEE01,48.707
2015-05-01,CUSR0000SEEE01,48.458
2015-06-01,CUSR0000SEEE01,48.03
2015-07-01,CUSR0000SEEE01,47.713
2015-08-01,CUSR0000SEEE01,47.314
2015-09-01,CUSR0000SEEE01,47.436
2015-10-01,CUSR0000SEEE01,47.056
2015-11-01,CUSR0000SEEE01,46.741
2015-12-01,CUSR0000SEEE01,46.237
2016-01-01,CUSR0000SEEE01,45.424
2016-02-01,CUSR0000SEEE01,45.249
2016-03-01,CUSR0000SEEE01,45.269
2016-04-01,CUSR0000SEEE01,45.282
2016-05-01,CUSR0000SEEE01,44.853
2016-06-01,CUSR0000SEEE01,44.496
2016-07-01,CUSR0000SEEE01,44.205
2016-08-01,CUSR0000SEEE01,43.917
2016-09-01,CUSR0000SEEE01,43.77
2016-10-01,CUSR0000SEEE01,43.721
2016-11-01,CUSR0000SEEE01,43.576
2016-12-01,CUSR0000SEEE01,43.377
2017-01-01,CUSR0000SEEE01,43.475
2017-02-01,CUSR0000SEEE01,43.369
2017-03-01,CUSR0000SEEE01,42.818
2017-04-01,CUSR0000SEEE01,42.896
2017-05-01,CUSR0000SEEE01,42.361
2017-06-01,CUSR0000SEEE01,42.561
2017-07-01,CUSR0000SEEE01,42.973
2017-08-01,CUSR0000SEEE01,42.451
2017-09-01,CUSR0000SEEE01,42.19
2017-10-01,CUSR0000SEEE01,42.284
2017-11-01,CUSR0000SEEE01,42.04
2017-12-01,CUSR0000SEEE01,41.353
2018-01-01,CUSR0000SEEE01,41.455
2018-02-01,CUSR0000SEEE01,41.278
2018-03-01,CUSR0000SEEE01,41.249
2018-04-01,CUSR0000SEEE01,41.424
2018-05-01,CUSR0000SEEE01,41.37
2018-06-01,CUSR0000SEEE01,40.986
2018-07-01,CUSR0000SEEE01,40.23
2018-08-01,CUSR0000SEEE01,40.575
2018-09-01,CUSR0000SEEE01,41.092
2018-10-01,CUSR0000SEEE01,40.573
2018-11-01,CUSR0000SEEE01,39.841
2018-12-01,CUSR0000SEEE01,40.11
2019-01-01,CUSR0000SEEE01,40.044
2019-02-01,CUSR0000SEEE01,39.649
2019-03-01,CUSR0000SEEE01,39.889
2019-04-01,CUSR0000SEEE01,39.603
2019-05-01,CUSR0000SEEE01,39.339
2019-06-01,CUSR0000SEEE01,38.586
2019-07-01,CUSR0000SEEE01,39.745
2019-08-01,CUSR0000SEEE01,40.056
2019-09-01,CUSR0000SEEE01,39.73
2019-10-01,CUSR0000SEEE01,38.938
2019-11-01,CUSR0000SEEE01,38.868
2019-12-01,CUSR0000SEEE01,38.001
2020-01-01,CUSR0000SEEE01,37.728
2020-02-01,CUSR0000SEEE01,38.247
2020-03-01,CUSR0000SEEE01,38.706
2020-04-01,CUSR0000SEEE01,39.015
2020-05-01,CUSR0000SEEE01,38.629
2020-06-01,CUSR0000SEEE01,38.778
2020-07-01,CUSR0000SEEE01,38.686
2020-08-01,CUSR0000SEEE01,38.866
2020-09-01,CUSR0000SEEE01,37.459
2020-10-01,CUSR0000SEEE01,37.201
2020-11-01,CUSR0000SEEE01,37.964
2020-12-01,CUSR0000SEEE01,38.315
2021-01-01,CUSR0000SEEE01,38.316
2021-02-01,CUSR0000SEEE01,38.204
2021-03-01,CUSR0000SEEE01,37.453
2021-04-01,CUSR0000SEEE01,39.358
2021-05-01,CUSR0000SEEE01,39.611
2021-06-01,CUSR0000SEEE01,39.662
2021-07-01,CUSR0000SEEE01,40.135
2021-08-01,CUSR0000SEEE01,40.184
2021-09-01,CUSR0000SEEE01,40.649
2021-10-01,CUSR0000SEEE01,40.31
2021-11-01,CUSR0000SEEE01,39.78
2021-12-01,CUSR0000SEEE01,39.401
2022-01-01,CUSR0000SEEE01,39.651
2022-02-01,CUSR0000SEEE01,39.958
2022-03-01,CUSR0000SEEE01,40.302
2022-04-01,CUSR0000SEEE01,39.446
2022-05-01,CUSR0000SEEE01,38.909
2022-06-01,CUSR0000SEEE01,39.421
2022-07-01,CUSR0000SEEE01,38.719
2022-08-01,CUSR0000SEEE01,38.469
2022-09-01,CUSR0000SEEE01,39.175
2022-10-01,CUSR0000SEEE01,39.076
2022-11-01,CUSR0000SEEE01,38.02
2022-12-01,CUSR0000SEEE01,37.115
2023-01-01,CUSR0000SEEE01,37.21
2023-02-01,CUSR0000SEEE01,37.712
2023-03-01,CUSR0000SEEE01,37.957
2023-04-01,CUSR0000SEEE01,37.449
2023-05-01,CUSR0000SEEE01,37.289
2023-06-01,CUSR0000SEEE01,37.357
2023-07-01,CUSR0000SEEE01,36.82
2023-08-01,CUSR0000SEEE01,36.529
2023-09-01,CUSR0000SEEE01,37.146
2023-10-01,CUSR0000SEEE01,36.845
2023-11-01,CUSR0000SEEE01,36.258
2023-12-01,CUSR0000SEEE01,35.773
2024-01-01,CUSR0000SEEE01,36.441
2024-02-01,CUSR0000SEEE01,36.695
2024-03-01,CUSR0000SEEE01,36.528
2024-04-01,CUSR0000SEEE01,36.865
2024-05-01,CUSR0000SEEE01,36.476
2024-06-01,CUSR0000SEEE01,35.778
2024-07-01,CUSR0000SEEE01,35.929
2024-08-01,CUSR0000SEEE01,35.792
2024-09-01,CUSR0000SEEE01,35.406
2024-10-01,CUSR0000SEEE01,34.849
2024-11-01,CUSR0000SEEE01,34.259
2024-12-01,CUSR0000SEEE01,33.942
2025-01-01,CUSR0000SEEE01,34.237
2025-02-01,CUSR0000SEEE01,34.477
2025-03-01,CUSR0000SEEE01,34.547
2025-04-01,CUSR0000SEEE01,34.805
2025-05-01,CUSR0000SEEE01,35.202
2025-06-01,CUSR0000SEEE01,35.685
2025-07-01,CUSR0000SEEE01,35.273
2025-08-01,CUSR0000SEEE01,35.064
2025-09-01,CUSR0000SEEE01,35.141
2025-11-01,CUSR0000SEEE01,34.184
2025-12-01,CUSR0000SEEE01,33.73
2026-01-01,CUSR0000SEEE01,34.773
2026-02-01,CUSR0000SEEE01,34.782
2026-03-01,CUSR0000SEEE01,35.293
2026-04-01,CUSR0000SEEE01,35.601
2026-05-01,CUSR0000SEEE01,35.662
2026-06-01,CUSR0000SEEE01,35.406
2026-07-01,CUSR0000SEEE01,36.641
2026-08-01,CUSR0000SEEE01,38.02
1988-12-01,CUUR0000SEEE,1487.8
1989-01-01,CUUR0000SEEE,1481.0
1989-02-01,CUUR0000SEEE,1483.6
1989-03-01,CUUR0000SEEE,1476.7
1989-04-01,CUUR0000SEEE,1449.2
1989-05-01,CUUR0000SEEE,1433.2
1989-06-01,CUUR0000SEEE,1434.0
1989-07-01,CUUR0000SEEE,1440.8
1989-08-01,CUUR0000SEEE,1418.9
1989-09-01,CUUR0000SEEE,1402.0
1989-10-01,CUUR0000SEEE,1396.1
1989-11-01,CUUR0000SEEE,1396.1
1989-12-01,CUUR0000SEEE,1379.3
1990-01-01,CUUR0000SEEE,1384.1
1990-02-01,CUUR0000SEEE,1387.4
1990-03-01,CUUR0000SEEE,1397.5
1990-04-01,CUUR0000SEEE,1389.2
1990-05-01,CUUR0000SEEE,1387.1
1990-06-01,CUUR0000SEEE,1404.5
1990-07-01,CUUR0000SEEE,1418.5
1990-08-01,CUUR0000SEEE,1412.4
1990-09-01,CUUR0000SEEE,1415.8
1990-10-01,CUUR0000SEEE,1397.0
1990-11-01,CUUR0000SEEE,1355.7
1990-12-01,CUUR0000SEEE,1343.8
1991-01-01,CUUR0000SEEE,1347.9
1991-02-01,CUUR0000SEEE,1352.2
1991-03-01,CUUR0000SEEE,1344.6
1991-04-01,CUUR0000SEEE,1338.0
1991-05-01,CUUR0000SEEE,1330.5
1991-06-01,CUUR0000SEEE,1321.3
1991-07-01,CUUR0000SEEE,1293.2
1991-08-01,CUUR0000SEEE,1307.3
1991-09-01,CUUR0000SEEE,1300.1
1991-10-01,CUUR0000SEEE,1307.8
1991-11-01,CUUR0000SEEE,1293.9
1991-12-01,CUUR0000SEEE,1288.6
1992-01-01,CUUR0000SEEE,1247.0
1992-02-01,CUUR0000SEEE,1266.8
1992-03-01,CUUR0000SEEE,1281.4
1992-04-01,CUUR0000SEEE,1258.6
1992-05-01,CUUR0000SEEE,1250.3
1992-06-01,CUUR0000SEEE,1245.4
1992-07-01,CUUR0000SEEE,1249.3
1992-08-01,CUUR0000SEEE,1234.6
1992-09-01,CUUR0000SEEE,1235.4
1992-10-01,CUUR0000SEEE,1243.5
1992-11-01,CUUR0000SEEE,1220.0
1992-12-01,CUUR0000SEEE,1209.4
1993-01-01,CUUR0000SEEE,1205.3
1993-02-01,CUUR0000SEEE,1216.9
1993-03-01,CUUR0000SEEE,1203.5
1993-04-01,CUUR0000SEEE,1204.3
1993-05-01,CUUR0000SEEE,1203.0
1993-06-01,CUUR0000SEEE,1186.9
1993-07-01,CUUR0000SEEE,1170.9
1993-08-01,CUUR0000SEEE,1156.9
1993-09-01,CUUR0000SEEE,1153.3
1993-10-01,CUUR0000SEEE,1126.3
1993-11-01,CUUR0000SEEE,1128.2
1993-12-01,CUUR0000SEEE,1116.7
1994-01-01,CUUR0000SEEE,1122.4
1994-02-01,CUUR0000SEEE,1095.6
1994-03-01,CUUR0000SEEE,1095.1
1994-04-01,CUUR0000SEEE,1094.0
1994-05-01,CUUR0000SEEE,1090.7
1994-06-01,CUUR0000SEEE,1084.2
1994-07-01,CUUR0000SEEE,1077.9
1994-08-01,CUUR0000SEEE,1075.2
1994-09-01,CUUR0000SEEE,1041.4
1994-10-01,CUUR0000SEEE,1030.8
1994-11-01,CUUR0000SEEE,1026.3
1994-12-01,CUUR0000SEEE,1016.5
1995-01-01,CUUR0000SEEE,989.8
1995-02-01,CUUR0000SEEE,983.0
1995-03-01,CUUR0000SEEE,954.9
1995-04-01,CUUR0000SEEE,952.0
1995-05-01,CUUR0000SEEE,962.1
1995-06-01,CUUR0000SEEE,961.4
1995-07-01,CUUR0000SEEE,947.1
1995-08-01,CUUR0000SEEE,948.4
1995-09-01,CUUR0000SEEE,944.2
1995-10-01,CUUR0000SEEE,930.6
1995-11-01,CUUR0000SEEE,913.6
1995-12-01,CUUR0000SEEE,907.7
1996-01-01,CUUR0000SEEE,903.3
1996-02-01,CUUR0000SEEE,908.0
1996-03-01,CUUR0000SEEE,898.3
1996-04-01,CUUR0000SEEE,876.8
1996-05-01,CUUR0000SEEE,863.2
1996-06-01,CUUR0000SEEE,865.9
1996-07-01,CUUR0000SEEE,830.8
1996-08-01,CUUR0000SEEE,819.0
1996-09-01,CUUR0000SEEE,822.8
1996-10-01,CUUR0000SEEE,821.7
1996-11-01,CUUR0000SEEE,810.0
1996-12-01,CUUR0000SEEE,801.7
1997-01-01,CUUR0000SEEE,795.9
1997-02-01,CUUR0000SEEE,791.7
1997-03-01,CUUR0000SEEE,779.5
1997-04-01,CUUR0000SEEE,765.3
1997-05-01,CUUR0000SEEE,755.1
1997-06-01,CUUR0000SEEE,742.2
1997-07-01,CUUR0000SEEE,730.3
1997-08-01,CUUR0000SEEE,717.5
1997-09-01,CUUR0000SEEE,722.1
1997-10-01,CUUR0000SEEE,727.6
1997-11-01,CUUR0000SEEE,708.9
1997-12-01,CUUR0000SEEE,704.9
1998-01-01,CUUR0000SEEE,687.5
1998-02-01,CUUR0000SEEE,659.8
1998-03-01,CUUR0000SEEE,646.3
1998-04-01,CUUR0000SEEE,637.3
1998-05-01,CUUR0000SEEE,617.0
1998-06-01,CUUR0000SEEE,604.0
1998-07-01,CUUR0000SEEE,581.8
1998-08-01,CUUR0000SEEE,559.1
1998-09-01,CUUR0000SEEE,545.9
1998-10-01,CUUR0000SEEE,537.4
1998-11-01,CUUR0000SEEE,525.9
1998-12-01,CUUR0000SEEE,517.7
1999-01-01,CUUR0000SEEE,503.2
1999-02-01,CUUR0000SEEE,494.8
1999-03-01,CUUR0000SEEE,482.6
1999-04-01,CUUR0000SEEE,477.3
1999-05-01,CUUR0000SEEE,459.4
1999-06-01,CUUR0000SEEE,442.7
1999-07-01,CUUR0000SEEE,446.3
1999-08-01,CUUR0000SEEE,443.0
1999-09-01,CUUR0000SEEE,435.6
1999-10-01,CUUR0000SEEE,427.7
1999-11-01,CUUR0000SEEE,419.5
1999-12-01,CUUR0000SEEE,420.2
2000-01-01,CUUR0000SEEE,416.2
2000-02-01,CUUR0000SEEE,410.6
2000-03-01,CUUR0000SEEE,405.0
2000-04-01,CUUR0000SEEE,397.6
2000-05-01,CUUR0000SEEE,395.2
2000-06-01,CUUR0000SEEE,387.1
2000-07-01,CUUR0000SEEE,381.8
2000-08-01,CUUR0000SEEE,374.8
2000-09-01,CUUR0000SEEE,372.4
2000-10-01,CUUR0000SEEE,366.8
2000-11-01,CUUR0000SEEE,360.5
2000-12-01,CUUR0000SEEE,353.9
2001-01-01,CUUR0000SEEE,345.4
2001-02-01,CUUR0000SEEE,341.0
2001-03-01,CUUR0000SEEE,334.1
2001-04-01,CUUR0000SEEE,329.0
2001-05-01,CUUR0000SEEE,322.7
2001-06-01,CUUR0000SEEE,318.7
2001-07-01,CUUR0000SEEE,316.2
2001-08-01,CUUR0000SEEE,308.6
2001-09-01,CUUR0000SEEE,302.1
2001-10-01,CUUR0000SEEE,300.0
2001-11-01,CUUR0000SEEE,297.3
2001-12-01,CUUR0000SEEE,294.5
2002-01-01,CUUR0000SEEE,288.0
2002-02-01,CUUR0000SEEE,283.4
2002-03-01,CUUR0000SEEE,279.5
2002-04-01,CUUR0000SEEE,277.3
2002-05-01,CUUR0000SEEE,275.4
2002-06-01,CUUR0000SEEE,274.3
2002-07-01,CUUR0000SEEE,273.9
2002-08-01,CUUR0000SEEE,271.7
2002-09-01,CUUR0000SEEE,265.4
2002-10-01,CUUR0000SEEE,262.8
2002-11-01,CUUR0000SEEE,257.9
2002-12-01,CUUR0000SEEE,255.8
2003-01-01,CUUR0000SEEE,254.2
2003-02-01,CUUR0000SEEE,251.4
2003-03-01,CUUR0000SEEE,250.3
2003-04-01,CUUR0000SEEE,248.9
2003-05-01,CUUR0000SEEE,244.3
2003-06-01,CUUR0000SEEE,240.8
2003-07-01,CUUR0000SEEE,237.5
2003-08-01,CUUR0000SEEE,234.3
2003-09-01,CUUR0000SEEE,232.4
2003-10-01,CUUR0000SEEE,232.5
2003-11-01,CUUR0000SEEE,228.7
2003-12-01,CUUR0000SEEE,227.3
2004-01-01,CUUR0000SEEE,227.4
2004-02-01,CUUR0000SEEE,226.7
2004-03-01,CUUR0000SEEE,225.5
2004-04-01,CUUR0000SEEE,223.3
2004-05-01,CUUR0000SEEE,221.4
2004-06-01,CUUR0000SEEE,221.2
2004-07-01,CUUR0000SEEE,220.1
2004-08-01,CUUR0000SEEE,219.3
2004-09-01,CUUR0000SEEE,218.2
2004-10-01,CUUR0000SEEE,215.8
2004-11-01,CUUR0000SEEE,213.5
2004-12-01,CUUR0000SEEE,211.8
2005-01-01,CUUR0000SEEE,211.7
2005-02-01,CUUR0000SEEE,209.0
2005-03-01,CUUR0000SEEE,207.8
2005-04-01,CUUR0000SEEE,207.1
2005-05-01,CUUR0000SEEE,205.1
2005-06-01,CUUR0000SEEE,202.7
2005-07-01,CUUR0000SEEE,201.7
2005-08-01,CUUR0000SEEE,199.4
2005-09-01,CUUR0000SEEE,198.5
2005-10-01,CUUR0000SEEE,197.7
2005-11-01,CUUR0000SEEE,195.6
2005-12-01,CUUR0000SEEE,194.5
2006-01-01,CUUR0000SEEE,193.4
2006-02-01,CUUR0000SEEE,192.7
2006-03-01,CUUR0000SEEE,193.3
2006-04-01,CUUR0000SEEE,192.0
2006-05-01,CUUR0000SEEE,189.8
2006-06-01,CUUR0000SEEE,189.2
2006-07-01,CUUR0000SEEE,188.6
2006-08-01,CUUR0000SEEE,185.7
2006-09-01,CUUR0000SEEE,183.1
2006-10-01,CUUR0000SEEE,176.4
2006-11-01,CUUR0000SEEE,170.0
2006-12-01,CUUR0000SEEE,166.6
2007-01-01,CUUR0000SEEE,162.178
2007-02-01,CUUR0000SEEE,161.473
2007-03-01,CUUR0000SEEE,161.575
2007-04-01,CUUR0000SEEE,161.716
2007-05-01,CUUR0000SEEE,160.486
2007-06-01,CUUR0000SEEE,157.669
2007-07-01,CUUR0000SEEE,156.64
2007-08-01,CUUR0000SEEE,156.023
2007-09-01,CUUR0000SEEE,155.884
2007-10-01,CUUR0000SEEE,154.512
2007-11-01,CUUR0000SEEE,151.819
2007-12-01,CUUR0000SEEE,151.984
2008-01-01,CUUR0000SEEE,152.187
2008-02-01,CUUR0000SEEE,152.546
2008-03-01,CUUR0000SEEE,152.449
2008-04-01,CUUR0000SEEE,151.313
2008-05-01,CUUR0000SEEE,150.538
2008-06-01,CUUR0000SEEE,149.835
2008-07-01,CUUR0000SEEE,150.079
2008-08-01,CUUR0000SEEE,148.966
2008-09-01,CUUR0000SEEE,147.309
2008-10-01,CUUR0000SEEE,146.914
2008-11-01,CUUR0000SEEE,146.8
2008-12-01,CUUR0000SEEE,147.388
2009-01-01,CUUR0000SEEE,147.579
2009-02-01,CUUR0000SEEE,147.684
2009-03-01,CUUR0000SEEE,146.876
2009-04-01,CUUR0000SEEE,147.013
2009-05-01,CUUR0000SEEE,145.442
2009-06-01,CUUR0000SEEE,144.788
2009-07-01,CUUR0000SEEE,142.894
2009-08-01,CUUR0000SEEE,141.335
2009-09-01,CUUR0000SEEE,140.85
2009-10-01,CUUR0000SEEE,141.365
2009-11-01,CUUR0000SEEE,140.86
2009-12-01,CUUR0000SEEE,140.195
2010-01-01,CUUR0000SEEE,140.704
2010-02-01,CUUR0000SEEE,141.936
2010-03-01,CUUR0000SEEE,142.121
2010-04-01,CUUR0000SEEE,141.792
2010-05-01,CUUR0000SEEE,140.947
2010-06-01,CUUR0000SEEE,140.177
2010-07-01,CUUR0000SEEE,139.838
2010-08-01,CUUR0000SEEE,139.573
2010-09-01,CUUR0000SEEE,138.952
2010-10-01,CUUR0000SEEE,138.724
2010-11-01,CUUR0000SEEE,138.501
2010-12-01,CUUR0000SEEE,137.363
2011-01-01,CUUR0000SEEE,136.597
2011-02-01,CUUR0000SEEE,136.94
2011-03-01,CUUR0000SEEE,136.818
2011-04-01,CUUR0000SEEE,136.529
2011-05-01,CUUR0000SEEE,135.327
2011-06-01,CUUR0000SEEE,134.476
2011-07-01,CUUR0000SEEE,134.384
2011-08-01,CUUR0000SEEE,133.305
2011-09-01,CUUR0000SEEE,132.594
2011-10-01,CUUR0000SEEE,132.143
2011-11-01,CUUR0000SEEE,131.906
2011-12-01,CUUR0000SEEE,131.196
2012-01-01,CUUR0000SEEE,131.744
2012-02-01,CUUR0000SEEE,132.012
2012-03-01,CUUR0000SEEE,131.848
2012-04-01,CUUR0000SEEE,131.889
2012-05-01,CUUR0000SEEE,132.106
2012-06-01,CUUR0000SEEE,131.496
2012-07-01,CUUR0000SEEE,130.598
2012-08-01,CUUR0000SEEE,128.793
2012-09-01,CUUR0000SEEE,128.069
2012-10-01,CUUR0000SEEE,127.613
2012-11-01,CUUR0000SEEE,127.113
2012-12-01,CUUR0000SEEE,126.882
2013-01-01,CUUR0000SEEE,127.283
2013-02-01,CUUR0000SEEE,128.431
2013-03-01,CUUR0000SEEE,129.125
2013-04-01,CUUR0000SEEE,128.405
2013-05-01,CUUR0000SEEE,127.678
2013-06-01,CUUR0000SEEE,126.98
2013-07-01,CUUR0000SEEE,125.863
2013-08-01,CUUR0000SEEE,125.653
2013-09-01,CUUR0000SEEE,125.859
2013-10-01,CUUR0000SEEE,125.307
2013-11-01,CUUR0000SEEE,124.988
2013-12-01,CUUR0000SEEE,124.865
2014-01-01,CUUR0000SEEE,124.81
2014-02-01,CUUR0000SEEE,124.968
2014-03-01,CUUR0000SEEE,125.307
2014-04-01,CUUR0000SEEE,125.631
2014-05-01,CUUR0000SEEE,125.133
2014-06-01,CUUR0000SEEE,124.928
2014-07-01,CUUR0000SEEE,124.82
2014-08-01,CUUR0000SEEE,124.154
2014-09-01,CUUR0000SEEE,123.412
2014-10-01,CUUR0000SEEE,123.473
2014-11-01,CUUR0000SEEE,122.699
2014-12-01,CUUR0000SEEE,121.736
2015-01-01,CUUR0000SEEE,121.725
2015-02-01,CUUR0000SEEE,121.85
2015-03-01,CUUR0000SEEE,121.951
2015-04-01,CUUR0000SEEE,122.181
2015-05-01,CUUR0000SEEE,121.099
2015-06-01,CUUR0000SEEE,120.327
2015-07-01,CUUR0000SEEE,119.147
2015-08-01,CUUR0000SEEE,117.676
2015-09-01,CUUR0000SEEE,117.964
2015-10-01,CUUR0000SEEE,118.423
2015-11-01,CUUR0000SEEE,118.011
2015-12-01,CUUR0000SEEE,117.478
2016-01-01,CUUR0000SEEE,117.587
2016-02-01,CUUR0000SEEE,117.513
2016-03-01,CUUR0000SEEE,117.823
2016-04-01,CUUR0000SEEE,117.792
2016-05-01,CUUR0000SEEE,116.864
2016-06-01,CUUR0000SEEE,116.231
2016-07-01,CUUR0000SEEE,115.565
2016-08-01,CUUR0000SEEE,115.271
2016-09-01,CUUR0000SEEE,115.224
2016-10-01,CUUR0000SEEE,114.324
2016-11-01,CUUR0000SEEE,114.982
2016-12-01,CUUR0000SEEE,114.458
2017-01-01,CUUR0000SEEE,114.824
2017-02-01,CUUR0000SEEE,114.471
2017-03-01,CUUR0000SEEE,114.053
2017-04-01,CUUR0000SEEE,114.529
2017-05-01,CUUR0000SEEE,114.035
2017-06-01,CUUR0000SEEE,114.096
2017-07-01,CUUR0000SEEE,113.243
2017-08-01,CUUR0000SEEE,112.681
2017-09-01,CUUR0000SEEE,112.211
2017-10-01,CUUR0000SEEE,112.216
2017-11-01,CUUR0000SEEE,112.085
2017-12-01,CUUR0000SEEE,111.744
2018-01-01,CUUR0000SEEE,112.064
2018-02-01,CUUR0000SEEE,111.201
2018-03-01,CUUR0000SEEE,110.67
2018-04-01,CUUR0000SEEE,110.391
2018-05-01,CUUR0000SEEE,110.931
2018-06-01,CUUR0000SEEE,111.422
2018-07-01,CUUR0000SEEE,111.303
2018-08-01,CUUR0000SEEE,111.301
2018-09-01,CUUR0000SEEE,111.618
2018-10-01,CUUR0000SEEE,110.983
2018-11-01,CUUR0000SEEE,110.608
2018-12-01,CUUR0000SEEE,110.731
2019-01-01,CUUR0000SEEE,110.943
2019-02-01,CUUR0000SEEE,110.635
2019-03-01,CUUR0000SEEE,109.948
2019-04-01,CUUR0000SEEE,110.011
2019-05-01,CUUR0000SEEE,109.662
2019-06-01,CUUR0000SEEE,109.476
2019-07-01,CUUR0000SEEE,110.051
2019-08-01,CUUR0000SEEE,110.398
2019-09-01,CUUR0000SEEE,109.548
2019-10-01,CUUR0000SEEE,108.99
2019-11-01,CUUR0000SEEE,109.741
2019-12-01,CUUR0000SEEE,109.304
2020-01-01,CUUR0000SEEE,109.729
2020-02-01,CUUR0000SEEE,109.725
2020-03-01,CUUR0000SEEE,109.421
2020-04-01,CUUR0000SEEE,109.568
2020-05-01,CUUR0000SEEE,109.351
2020-06-01,CUUR0000SEEE,109.035
2020-07-01,CUUR0000SEEE,108.902
2020-08-01,CUUR0000SEEE,108.909
2020-09-01,CUUR0000SEEE,108.106
2020-10-01,CUUR0000SEEE,107.762
2020-11-01,CUUR0000SEEE,108.318
2020-12-01,CUUR0000SEEE,108.426
2021-01-01,CUUR0000SEEE,108.314
2021-02-01,CUUR0000SEEE,108.028
2021-03-01,CUUR0000SEEE,107.747
2021-04-01,CUUR0000SEEE,109.519
2021-05-01,CUUR0000SEEE,109.466
2021-06-01,CUUR0000SEEE,109.177
2021-07-01,CUUR0000SEEE,109.563
2021-08-01,CUUR0000SEEE,110.448
2021-09-01,CUUR0000SEEE,111.143
2021-10-01,CUUR0000SEEE,110.742
2021-11-01,CUUR0000SEEE,110.399
2021-12-01,CUUR0000SEEE,110.506
2022-01-01,CUUR0000SEEE,110.467
2022-02-01,CUUR0000SEEE,110.165
2022-03-01,CUUR0000SEEE,109.667
2022-04-01,CUUR0000SEEE,108.574
2022-05-01,CUUR0000SEEE,107.869
2022-06-01,CUUR0000SEEE,107.88
2022-07-01,CUUR0000SEEE,107.144
2022-08-01,CUUR0000SEEE,106.871
2022-09-01,CUUR0000SEEE,106.566
2022-10-01,CUUR0000SEEE,106.061
2022-11-01,CUUR0000SEEE,105.79
2022-12-01,CUUR0000SEEE,105.38
2023-01-01,CUUR0000SEEE,105.933
2023-02-01,CUUR0000SEEE,106.009
2023-03-01,CUUR0000SEEE,106.336
2023-04-01,CUUR0000SEEE,106.081
2023-05-01,CUUR0000SEEE,105.932
2023-06-01,CUUR0000SEEE,106.15
2023-07-01,CUUR0000SEEE,105.811
2023-08-01,CUUR0000SEEE,105.692
2023-09-01,CUUR0000SEEE,105.693
2023-10-01,CUUR0000SEEE,104.979
2023-11-01,CUUR0000SEEE,103.867
2023-12-01,CUUR0000SEEE,103.74
2024-01-01,CUUR0000SEEE,104.781
2024-02-01,CUUR0000SEEE,105.639
2024-03-01,CUUR0000SEEE,105.539
2024-04-01,CUUR0000SEEE,105.722
2024-05-01,CUUR0000SEEE,104.899
2024-06-01,CUUR0000SEEE,104.501
2024-07-01,CUUR0000SEEE,104.822
2024-08-01,CUUR0000SEEE,104.35
2024-09-01,CUUR0000SEEE,103.089
2024-10-01,CUUR0000SEEE,101.974
2024-11-01,CUUR0000SEEE,100.199
2024-12-01,CUUR0000SEEE,100.0
2025-01-01,CUUR0000SEEE,100.643
2025-02-01,CUUR0000SEEE,101.227
2025-03-01,CUUR0000SEEE,101.466
2025-04-01,CUUR0000SEEE,100.833
2025-05-01,CUUR0000SEEE,100.703
2025-06-01,CUUR0000SEEE,101.029
2025-07-01,CUUR0000SEEE,100.744
2025-08-01,CUUR0000SEEE,101.48
2025-09-01,CUUR0000SEEE,101.053
2025-11-01,CUUR0000SEEE,100.929
2025-12-01,CUUR0000SEEE,99.797
2026-01-01,CUUR0000SEEE,100.949
2026-02-01,CUUR0000SEEE,100.038
2026-03-01,CUUR0000SEEE,99.698
2026-04-01,CUUR0000SEEE,99.324
2026-05-01,CUUR0000SEEE,99.888
2026-06-01,CUUR0000SEEE,99.663
2026-07-01,CUUR0000SEEE,100.538
2026-08-01,CUUR0000SEEE,100.383
1984-12-01,IR21320,148.6
1985-03-01,IR21320,141.6
1985-06-01,IR21320,147.5
1985-09-01,IR21320,137.2
1985-12-01,IR21320,137.6
1986-03-01,IR21320,132.1
1986-06-01,IR21320,138.9
1986-09-01,IR21320,141.3
1986-12-01,IR21320,144.9
1987-03-01,IR21320,143.1
1987-06-01,IR21320,145.6
1987-09-01,IR21320,144.5
1987-12-01,IR21320,144.2
1988-03-01,IR21320,146.3
1988-06-01,IR21320,147.9
1988-09-01,IR21320,161.2
1988-12-01,IR21320,167.5
1989-03-01,IR21320,164.8
1989-06-01,IR21320,162.9
1989-09-01,IR21320,161.0
1989-12-01,IR21320,160.9
1990-03-01,IR21320,155.1
1990-06-01,IR21320,147.0
1990-09-01,IR21320,146.9
1990-12-01,IR21320,148.5
1991-03-01,IR21320,149.2
1991-06-01,IR21320,148.5
1991-09-01,IR21320,148.7
1991-12-01,IR21320,149.4
1992-03-01,IR21320,146.4
1992-06-01,IR21320,148.7
1992-09-01,IR21320,149.9
1992-12-01,IR21320,150.4
1993-03-01,IR21320,151.4
1993-06-01,IR21320,156.4
1993-09-01,IR21320,164.2
1993-12-01,IR21320,162.0
1994-01-01,IR21320,161.4
1994-02-01,IR21320,160.1
1994-03-01,IR21320,161.7
1994-04-01,IR21320,161.5
1994-05-01,IR21320,161.3
1994-06-01,IR21320,161.6
1994-07-01,IR21320,160.7
1994-08-01,IR21320,161.5
1994-09-01,IR21320,161.5
1994-10-01,IR21320,162.3
1994-11-01,IR21320,160.5
1994-12-01,IR21320,159.7
1995-01-01,IR21320,159.7
1995-02-01,IR21320,158.4
1995-03-01,IR21320,159.3
1995-04-01,IR21320,159.4
1995-05-01,IR21320,161.5
1995-06-01,IR21320,161.4
1995-07-01,IR21320,156.7
1995-08-01,IR21320,154.9
1995-09-01,IR21320,153.6
1995-10-01,IR21320,153.0
1995-11-01,IR21320,152.4
1995-12-01,IR21320,150.9
1996-01-01,IR21320,149.3
1996-02-01,IR21320,147.9
1996-03-01,IR21320,145.0
1996-04-01,IR21320,142.9
1996-05-01,IR21320,140.8
1996-06-01,IR21320,138.9
1996-07-01,IR21320,136.7
1996-08-01,IR21320,132.7
1996-09-01,IR21320,136.0
1996-10-01,IR21320,132.9
1996-11-01,IR21320,129.4
1996-12-01,IR21320,126.9
1997-01-01,IR21320,120.0
1997-02-01,IR21320,119.8
1997-03-01,IR21320,122.8
1997-04-01,IR21320,120.2
1997-05-01,IR21320,119.7
1997-06-01,IR21320,120.7
1997-07-01,IR21320,119.1
1997-08-01,IR21320,118.7
1997-09-01,IR21320,117.8
1997-10-01,IR21320,116.5
1997-11-01,IR21320,113.7
1997-12-01,IR21320,111.1
1998-01-01,IR21320,110.4
1998-02-01,IR21320,107.7
1998-03-01,IR21320,107.4
1998-04-01,IR21320,108.0
1998-05-01,IR21320,108.0
1998-06-01,IR21320,105.3
1998-07-01,IR21320,103.7
1998-08-01,IR21320,104.0
1998-09-01,IR21320,103.6
1998-10-01,IR21320,104.7
1998-11-01,IR21320,103.9
1998-12-01,IR21320,104.5
1999-01-01,IR21320,104.4
1999-02-01,IR21320,105.1
1999-03-01,IR21320,105.2
1999-04-01,IR21320,104.5
1999-05-01,IR21320,104.1
1999-06-01,IR21320,103.4
1999-07-01,IR21320,101.5
1999-08-01,IR21320,102.0
1999-09-01,IR21320,102.7
1999-10-01,IR21320,102.6
1999-11-01,IR21320,101.3
1999-12-01,IR21320,100.9
2000-01-01,IR21320,101.0
2000-02-01,IR21320,100.7
2000-03-01,IR21320,100.3
2000-04-01,IR21320,101.2
2000-05-01,IR21320,100.6
2000-06-01,IR21320,100.1
2000-07-01,IR21320,99.3
2000-08-01,IR21320,99.6
2000-09-01,IR21320,99.4
2000-10-01,IR21320,99.7
2000-11-01,IR21320,99.5
2000-12-01,IR21320,98.7
2001-01-01,IR21320,98.7
2001-02-01,IR21320,98.4
2001-03-01,IR21320,98.1
2001-04-01,IR21320,97.3
2001-05-01,IR21320,96.9
2001-06-01,IR21320,96.3
2001-07-01,IR21320,96.7
2001-08-01,IR21320,96.7
2001-09-01,IR21320,96.2
2001-10-01,IR21320,96.5
2001-11-01,IR21320,96.4
2001-12-01,IR21320,95.2
2002-01-01,IR21320,95.2
2002-02-01,IR21320,95.4
2002-03-01,IR21320,95.5
2002-04-01,IR21320,95.9
2002-05-01,IR21320,95.9
2002-06-01,IR21320,95.6
2002-07-01,IR21320,94.2
2002-08-01,IR21320,94.2
2002-09-01,IR21320,94.2
2002-10-01,IR21320,93.3
2002-11-01,IR21320,93.3
2002-12-01,IR21320,92.7
2003-01-01,IR21320,92.1
2003-02-01,IR21320,92.5
2003-03-01,IR21320,91.9
2003-04-01,IR21320,92.5
2003-05-01,IR21320,91.6
2003-06-01,IR21320,91.7
2003-07-01,IR21320,93.0
2003-08-01,IR21320,92.9
2003-09-01,IR21320,93.5
2003-10-01,IR21320,93.0
2003-11-01,IR21320,93.0
2003-12-01,IR21320,91.3
2004-01-01,IR21320,90.7
2004-02-01,IR21320,90.4
2004-03-01,IR21320,90.3
2004-04-01,IR21320,88.7
2004-05-01,IR21320,89.0
2004-06-01,IR21320,88.8
2004-07-01,IR21320,87.9
2004-08-01,IR21320,87.9
2004-09-01,IR21320,87.7
2004-10-01,IR21320,86.8
2004-11-01,IR21320,86.8
2004-12-01,IR21320,86.6
2005-01-01,IR21320,86.5
2005-02-01,IR21320,86.4
2005-03-01,IR21320,86.6
2005-04-01,IR21320,86.2
2005-05-01,IR21320,86.0
2005-06-01,IR21320,86.0
2005-07-01,IR21320,85.1
2005-08-01,IR21320,85.3
2005-09-01,IR21320,84.6
2005-10-01,IR21320,84.0
2005-11-01,IR21320,84.0
2005-12-01,IR21320,84.8
2006-01-01,IR21320,84.6
2006-02-01,IR21320,84.7
2006-03-01,IR21320,85.0
2006-04-01,IR21320,84.8
2006-05-01,IR21320,84.5
2006-06-01,IR21320,84.8
2006-07-01,IR21320,85.5
2006-08-01,IR21320,85.4
2006-09-01,IR21320,85.2
2006-10-01,IR21320,86.0
2006-11-01,IR21320,86.0
2006-12-01,IR21320,85.5
2007-01-01,IR21320,85.0
2007-02-01,IR21320,84.3
2007-03-01,IR21320,83.7
2007-04-01,IR21320,80.5
2007-05-01,IR21320,80.6
2007-06-01,IR21320,81.0
2007-07-01,IR21320,81.4
2007-08-01,IR21320,81.6
2007-09-01,IR21320,82.0
2007-10-01,IR21320,81.7
2007-11-01,IR21320,82.5
2007-12-01,IR21320,81.8
2008-01-01,IR21320,80.9
2008-02-01,IR21320,80.6
2008-03-01,IR21320,79.9
2008-04-01,IR21320,79.2
2008-05-01,IR21320,80.1
2008-06-01,IR21320,79.1
2008-07-01,IR21320,77.8
2008-08-01,IR21320,78.3
2008-09-01,IR21320,78.3
2008-10-01,IR21320,77.7
2008-11-01,IR21320,77.4
2008-12-01,IR21320,77.9
2009-01-01,IR21320,75.8
2009-02-01,IR21320,75.3
2009-03-01,IR21320,75.3
2009-04-01,IR21320,76.9
2009-05-01,IR21320,76.7
2009-06-01,IR21320,76.7
2009-07-01,IR21320,75.2
2009-08-01,IR21320,75.8
2009-09-01,IR21320,76.1
2009-10-01,IR21320,75.7
2009-11-01,IR21320,76.6
2009-12-01,IR21320,74.5
2010-01-01,IR21320,75.2
2010-02-01,IR21320,74.8
2010-03-01,IR21320,72.5
2010-04-01,IR21320,72.5
2010-05-01,IR21320,72.6
2010-06-01,IR21320,72.5
2010-07-01,IR21320,72.1
2010-08-01,IR21320,72.0
2010-09-01,IR21320,72.2
2010-10-01,IR21320,72.4
2010-11-01,IR21320,72.2
2010-12-01,IR21320,71.8
2011-01-01,IR21320,71.1
2011-02-01,IR21320,71.0
2011-03-01,IR21320,71.4
2011-04-01,IR21320,70.8
2011-05-01,IR21320,70.7
2011-06-01,IR21320,71.7
2011-07-01,IR21320,70.1
2011-08-01,IR21320,69.7
2011-09-01,IR21320,69.1
2011-10-01,IR21320,68.0
2011-11-01,IR21320,67.8
2011-12-01,IR21320,69.7
2012-01-01,IR21320,69.5
2012-02-01,IR21320,69.2
2012-03-01,IR21320,68.9
2012-04-01,IR21320,67.5
2012-05-01,IR21320,67.3
2012-06-01,IR21320,66.9
2012-07-01,IR21320,66.8
2012-08-01,IR21320,66.8
2012-09-01,IR21320,67.2
2012-10-01,IR21320,65.8
2012-11-01,IR21320,65.6
2012-12-01,IR21320,66.2
2013-01-01,IR21320,66.2
2013-02-01,IR21320,65.8
2013-03-01,IR21320,65.4
2013-04-01,IR21320,64.8
2013-05-01,IR21320,64.9
2013-06-01,IR21320,65.0
2013-07-01,IR21320,64.7
2013-08-01,IR21320,64.9
2013-09-01,IR21320,64.9
2013-10-01,IR21320,64.7
2013-11-01,IR21320,65.2
2013-12-01,IR21320,65.3
2014-01-01,IR21320,65.0
2014-02-01,IR21320,64.8
2014-03-01,IR21320,64.9
2014-04-01,IR21320,64.9
2014-05-01,IR21320,64.7
2014-06-01,IR21320,64.6
2014-07-01,IR21320,64.5
2014-08-01,IR21320,64.6
2014-09-01,IR21320,64.7
2014-10-01,IR21320,64.7
2014-11-01,IR21320,64.2
2014-12-01,IR21320,64.0
2015-01-01,IR21320,64.0
2015-02-01,IR21320,64.0
2015-03-01,IR21320,63.9
2015-04-01,IR21320,63.9
2015-05-01,IR21320,63.7
2015-06-01,IR21320,63.3
2015-07-01,IR21320,62.9
2015-08-01,IR21320,63.1
2015-09-01,IR21320,62.6
2015-10-01,IR21320,62.5
2015-11-01,IR21320,62.4
2015-12-01,IR21320,62.3
2016-01-01,IR21320,62.4
2016-02-01,IR21320,62.2
2016-03-01,IR21320,62.2
2016-04-01,IR21320,61.8
2016-05-01,IR21320,61.5
2016-06-01,IR21320,61.3
2016-07-01,IR21320,61.2
2016-08-01,IR21320,61.1
2016-09-01,IR21320,61.1
2016-10-01,IR21320,60.9
2016-11-01,IR21320,60.8
2016-12-01,IR21320,60.9
2017-01-01,IR21320,60.4
2017-02-01,IR21320,60.5
2017-03-01,IR21320,60.5
2017-04-01,IR21320,60.6
2017-05-01,IR21320,60.7
2017-06-01,IR21320,60.8
2017-07-01,IR21320,60.9
2017-08-01,IR21320,60.9
2017-09-01,IR21320,61.0
2017-10-01,IR21320,61.1
2017-11-01,IR21320,61.1
2017-12-01,IR21320,61.1
2018-01-01,IR21320,61.0
2018-02-01,IR21320,61.3
2018-03-01,IR21320,61.4
2018-04-01,IR21320,61.5
2018-05-01,IR21320,61.4
2018-06-01,IR21320,61.1
2018-07-01,IR21320,60.9
2018-08-01,IR21320,60.8
2018-09-01,IR21320,61.2
2018-10-01,IR21320,61.2
2018-11-01,IR21320,61.0
2018-12-01,IR21320,60.6
2019-01-01,IR21320,60.1
2019-02-01,IR21320,60.0
2019-03-01,IR21320,59.9
2019-04-01,IR21320,58.9
2019-05-01,IR21320,58.7
2019-06-01,IR21320,58.4
2019-07-01,IR21320,57.7
2019-08-01,IR21320,57.3
2019-09-01,IR21320,57.3
2019-10-01,IR21320,57.3
2019-11-01,IR21320,57.4
2019-12-01,IR21320,57.6
2020-01-01,IR21320,57.9
2020-02-01,IR21320,58.0
2020-03-01,IR21320,57.8
2020-04-01,IR21320,58.0
2020-05-01,IR21320,57.7
2020-06-01,IR21320,57.3
2020-07-01,IR21320,56.4
2020-08-01,IR21320,56.1
2020-09-01,IR21320,56.0
2020-10-01,IR21320,55.7
2020-11-01,IR21320,55.7
2020-12-01,IR21320,55.9
2021-01-01,IR21320,56.2
2021-02-01,IR21320,56.4
2021-03-01,IR21320,56.7
2021-04-01,IR21320,57.1
2021-05-01,IR21320,57.1
2021-06-01,IR21320,57.1
2021-07-01,IR21320,57.3
2021-08-01,IR21320,57.4
2021-09-01,IR21320,57.5
2021-10-01,IR21320,57.7
2021-11-01,IR21320,57.9
2021-12-01,IR21320,58.1
2022-01-01,IR21320,58.7
2022-02-01,IR21320,59.1
2022-03-01,IR21320,59.5
2022-04-01,IR21320,60.1
2022-05-01,IR21320,60.9
2022-06-01,IR21320,61.7
2022-07-01,IR21320,61.5
2022-08-01,IR21320,61.3
2022-09-01,IR21320,61.3
2022-10-01,IR21320,61.6
2022-11-01,IR21320,61.6
2022-12-01,IR21320,61.4
2023-01-01,IR21320,61.3
2023-02-01,IR21320,61.3
2023-03-01,IR21320,61.9
2023-04-01,IR21320,62.3
2023-05-01,IR21320,62.0
2023-06-01,IR21320,62.0
2023-07-01,IR21320,61.9
2023-08-01,IR21320,61.1
2023-09-01,IR21320,61.1
2023-10-01,IR21320,61.1
2023-11-01,IR21320,61.2
2023-12-01,IR21320,60.7
2024-01-01,IR21320,60.4
2024-02-01,IR21320,60.1
2024-03-01,IR21320,59.8
2024-04-01,IR21320,59.9
2024-05-01,IR21320,59.8
2024-06-01,IR21320,59.5
2024-07-01,IR21320,59.7
2024-08-01,IR21320,60.1
2024-09-01,IR21320,60.1
2024-10-01,IR21320,59.9
2024-11-01,IR21320,58.9
2024-12-01,IR21320,58.6
2025-01-01,IR21320,58.4
2025-02-01,IR21320,58.4
2025-03-01,IR21320,58.4
2025-04-01,IR21320,62.2
2025-05-01,IR21320,62.2
2025-06-01,IR21320,62.3
2025-07-01,IR21320,62.2
2025-08-01,IR21320,62.1
2025-09-01,IR21320,61.3
2025-11-01,IR21320,61.6
2025-12-01,IR21320,61.7
2026-01-01,IR21320,62.5
2026-02-01,IR21320,63.3
2026-03-01,IR21320,63.8
2026-04-01,IR21320,64.4
2026-05-01,IR21320,64.7
2026-06-01,IR21320,65.0
2026-07-01,IR21320,66.1
2026-08-01,IR21320,66.4
1984-12-01,IQ21320,164.4
1985-03-01,IQ21320,169.0
1985-06-01,IQ21320,169.6
1985-09-01,IQ21320,163.8
1985-12-01,IQ21320,155.9
1986-03-01,IQ21320,159.0
1986-06-01,IQ21320,157.3
1986-09-01,IQ21320,158.9
1986-12-01,IQ21320,159.3
1987-03-01,IQ21320,161.8
1987-06-01,IQ21320,162.3
1987-09-01,IQ21320,162.4
1987-12-01,IQ21320,154.2
1988-03-01,IQ21320,154.9
1988-06-01,IQ21320,155.5
1988-09-01,IQ21320,153.7
1988-12-01,IQ21320,152.4
1989-03-01,IQ21320,148.7
1989-06-01,IQ21320,147.5
1989-09-01,IQ21320,147.3
1989-12-01,IQ21320,147.0
1990-03-01,IQ21320,147.6
1990-06-01,IQ21320,147.1
1990-09-01,IQ21320,144.2
1990-12-01,IQ21320,143.7
1991-03-01,IQ21320,141.8
1991-06-01,IQ21320,141.6
1991-09-01,IQ21320,149.4
1991-12-01,IQ21320,150.2
1992-03-01,IQ21320,148.5
1992-06-01,IQ21320,143.9
1992-09-01,IQ21320,143.6
1992-12-01,IQ21320,143.8
1993-03-01,IQ21320,140.0
1993-06-01,IQ21320,141.9
1993-09-01,IQ21320,140.0
1993-12-01,IQ21320,141.5
1994-01-01,IQ21320,141.2
1994-02-01,IQ21320,142.3
1994-03-01,IQ21320,142.0
1994-04-01,IQ21320,139.5
1994-05-01,IQ21320,138.7
1994-06-01,IQ21320,138.6
1994-07-01,IQ21320,138.1
1994-08-01,IQ21320,138.7
1994-09-01,IQ21320,134.2
1994-10-01,IQ21320,134.6
1994-11-01,IQ21320,133.8
1994-12-01,IQ21320,133.6
1995-01-01,IQ21320,133.9
1995-02-01,IQ21320,132.5
1995-03-01,IQ21320,134.7
1995-04-01,IQ21320,136.2
1995-05-01,IQ21320,136.4
1995-06-01,IQ21320,139.5
1995-07-01,IQ21320,139.3
1995-08-01,IQ21320,138.8
1995-09-01,IQ21320,139.0
1995-10-01,IQ21320,138.1
1995-11-01,IQ21320,138.1
1995-12-01,IQ21320,137.8
1996-01-01,IQ21320,137.6
1996-02-01,IQ21320,138.4
1996-03-01,IQ21320,136.1
1996-04-01,IQ21320,136.6
1996-05-01,IQ21320,136.0
1996-06-01,IQ21320,133.9
1996-07-01,IQ21320,130.2
1996-08-01,IQ21320,129.8
1996-09-01,IQ21320,129.7
1996-10-01,IQ21320,128.9
1996-11-01,IQ21320,128.4
1996-12-01,IQ21320,128.7
1997-01-01,IQ21320,127.1
1997-02-01,IQ21320,127.0
1997-03-01,IQ21320,126.7
1997-04-01,IQ21320,126.8
1997-05-01,IQ21320,126.7
1997-06-01,IQ21320,125.0
1997-07-01,IQ21320,125.0
1997-08-01,IQ21320,124.6
1997-09-01,IQ21320,120.3
1997-10-01,IQ21320,119.3
1997-11-01,IQ21320,119.0
1997-12-01,IQ21320,117.3
1998-01-01,IQ21320,117.3
1998-02-01,IQ21320,117.1
1998-03-01,IQ21320,115.2
1998-04-01,IQ21320,114.7
1998-05-01,IQ21320,114.2
1998-06-01,IQ21320,112.9
1998-07-01,IQ21320,110.8
1998-08-01,IQ21320,110.8
1998-09-01,IQ21320,111.0
1998-10-01,IQ21320,111.1
1998-11-01,IQ21320,110.3
1998-12-01,IQ21320,110.0
1999-01-01,IQ21320,108.7
1999-02-01,IQ21320,108.9
1999-03-01,IQ21320,107.2
1999-04-01,IQ21320,108.1
1999-05-01,IQ21320,106.5
1999-06-01,IQ21320,105.2
1999-07-01,IQ21320,104.3
1999-08-01,IQ21320,103.7
1999-09-01,IQ21320,103.9
1999-10-01,IQ21320,103.4
1999-11-01,IQ21320,103.2
1999-12-01,IQ21320,102.4
2000-01-01,IQ21320,102.0
2000-02-01,IQ21320,101.9
2000-03-01,IQ21320,101.3
2000-04-01,IQ21320,101.4
2000-05-01,IQ21320,101.0
2000-06-01,IQ21320,99.5
2000-07-01,IQ21320,99.3
2000-08-01,IQ21320,99.2
2000-09-01,IQ21320,99.0
2000-10-01,IQ21320,98.6
2000-11-01,IQ21320,98.4
2000-12-01,IQ21320,98.4
2001-01-01,IQ21320,97.7
2001-02-01,IQ21320,97.5
2001-03-01,IQ21320,97.9
2001-04-01,IQ21320,96.5
2001-05-01,IQ21320,96.1
2001-06-01,IQ21320,95.2
2001-07-01,IQ21320,94.0
2001-08-01,IQ21320,94.3
2001-09-01,IQ21320,94.3
2001-10-01,IQ21320,90.3
2001-11-01,IQ21320,90.3
2001-12-01,IQ21320,90.6
2002-01-01,IQ21320,88.4
2002-02-01,IQ21320,88.4
2002-03-01,IQ21320,88.7
2002-04-01,IQ21320,88.9
2002-05-01,IQ21320,88.5
2002-06-01,IQ21320,87.2
2002-07-01,IQ21320,86.1
2002-08-01,IQ21320,86.1
2002-09-01,IQ21320,86.3
2002-10-01,IQ21320,85.8
2002-11-01,IQ21320,85.8
2002-12-01,IQ21320,85.1
2003-01-01,IQ21320,84.3
2003-02-01,IQ21320,84.3
2003-03-01,IQ21320,84.3
2003-04-01,IQ21320,84.4
2003-05-01,IQ21320,84.2
2003-06-01,IQ21320,80.2
2003-07-01,IQ21320,80.4
2003-08-01,IQ21320,80.4
2003-09-01,IQ21320,79.6
2003-10-01,IQ21320,78.2
2003-11-01,IQ21320,77.8
2003-12-01,IQ21320,77.6
2004-01-01,IQ21320,76.9
2004-02-01,IQ21320,77.6
2004-03-01,IQ21320,78.1
2004-04-01,IQ21320,78.2
2004-05-01,IQ21320,78.2
2004-06-01,IQ21320,77.4
2004-07-01,IQ21320,77.3
2004-08-01,IQ21320,77.2
2004-09-01,IQ21320,77.0
2004-10-01,IQ21320,76.8
2004-11-01,IQ21320,76.8
2004-12-01,IQ21320,76.9
2005-01-01,IQ21320,76.8
2005-02-01,IQ21320,76.5
2005-03-01,IQ21320,76.4
2005-04-01,IQ21320,75.9
2005-05-01,IQ21320,75.8
2005-06-01,IQ21320,76.1
2005-07-01,IQ21320,75.1
2005-08-01,IQ21320,72.8
2005-09-01,IQ21320,72.5
2005-10-01,IQ21320,72.5
2005-11-01,IQ21320,72.2
2005-12-01,IQ21320,72.1
2006-01-01,IQ21320,71.5
2006-02-01,IQ21320,70.5
2006-03-01,IQ21320,70.4
2006-04-01,IQ21320,70.1
2006-05-01,IQ21320,69.7
2006-06-01,IQ21320,69.4
2006-07-01,IQ21320,68.7
2006-08-01,IQ21320,67.3
2006-09-01,IQ21320,67.3
2006-10-01,IQ21320,67.3
2006-11-01,IQ21320,67.2
2006-12-01,IQ21320,67.1
2007-01-01,IQ21320,66.8
2007-02-01,IQ21320,67.2
2007-03-01,IQ21320,67.2
2007-04-01,IQ21320,67.7
2007-05-01,IQ21320,67.7
2007-06-01,IQ21320,67.9
2007-07-01,IQ21320,67.9
2007-08-01,IQ21320,67.8
2007-09-01,IQ21320,67.9
2007-10-01,IQ21320,67.6
2007-11-01,IQ21320,68.0
2007-12-01,IQ21320,68.5
2008-01-01,IQ21320,68.1
2008-02-01,IQ21320,68.5
2008-03-01,IQ21320,67.8
2008-04-01,IQ21320,67.6
2008-05-01,IQ21320,67.4
2008-06-01,IQ21320,69.0
2008-07-01,IQ21320,67.2
2008-08-01,IQ21320,66.9
2008-09-01,IQ21320,66.5
2008-10-01,IQ21320,64.6
2008-11-01,IQ21320,64.5
2008-12-01,IQ21320,64.2
2009-01-01,IQ21320,64.7
2009-02-01,IQ21320,66.0
2009-03-01,IQ21320,66.1
2009-04-01,IQ21320,67.4
2009-05-01,IQ21320,67.7
2009-06-01,IQ21320,67.5
2009-07-01,IQ21320,67.3
2009-08-01,IQ21320,67.4
2009-09-01,IQ21320,67.5
2009-10-01,IQ21320,64.9
2009-11-01,IQ21320,64.9
2009-12-01,IQ21320,64.6
2010-01-01,IQ21320,65.0
2010-02-01,IQ21320,64.9
2010-03-01,IQ21320,64.5
2010-04-01,IQ21320,64.3
2010-05-01,IQ21320,63.8
2010-06-01,IQ21320,63.4
2010-07-01,IQ21320,63.0
2010-08-01,IQ21320,62.7
2010-09-01,IQ21320,62.7
2010-10-01,IQ21320,62.1
2010-11-01,IQ21320,62.1
2010-12-01,IQ21320,63.0
2011-01-01,IQ21320,63.2
2011-02-01,IQ21320,63.3
2011-03-01,IQ21320,63.0
2011-04-01,IQ21320,63.0
2011-05-01,IQ21320,62.5
2011-06-01,IQ21320,63.0
2011-07-01,IQ21320,63.2
2011-08-01,IQ21320,63.2
2011-09-01,IQ21320,63.2
2011-10-01,IQ21320,63.3
2011-11-01,IQ21320,63.2
2011-12-01,IQ21320,63.6
2012-01-01,IQ21320,63.8
2012-02-01,IQ21320,63.4
2012-03-01,IQ21320,63.5
2012-04-01,IQ21320,63.2
2012-05-01,IQ21320,63.1
2012-06-01,IQ21320,62.9
2012-07-01,IQ21320,62.7
2012-08-01,IQ21320,62.6
2012-09-01,IQ21320,62.8
2012-10-01,IQ21320,63.2
2012-11-01,IQ21320,63.0
2012-12-01,IQ21320,63.1
2013-01-01,IQ21320,63.8
2013-02-01,IQ21320,64.3
2013-03-01,IQ21320,64.2
2013-04-01,IQ21320,63.0
2013-05-01,IQ21320,63.0
2013-06-01,IQ21320,62.9
2013-07-01,IQ21320,63.9
2013-08-01,IQ21320,63.8
2013-09-01,IQ21320,63.7
2013-10-01,IQ21320,62.7
2013-11-01,IQ21320,62.7
2013-12-01,IQ21320,62.5
2014-01-01,IQ21320,61.9
2014-02-01,IQ21320,62.0
2014-03-01,IQ21320,62.2
2014-04-01,IQ21320,62.0
2014-05-01,IQ21320,62.2
2014-06-01,IQ21320,62.2
2014-07-01,IQ21320,61.4
2014-08-01,IQ21320,61.6
2014-09-01,IQ21320,61.4
2014-10-01,IQ21320,60.7
2014-11-01,IQ21320,60.8
2014-12-01,IQ21320,61.4
2015-01-01,IQ21320,61.6
2015-02-01,IQ21320,61.6
2015-03-01,IQ21320,61.6
2015-04-01,IQ21320,60.9
2015-05-01,IQ21320,60.7
2015-06-01,IQ21320,60.9
2015-07-01,IQ21320,61.2
2015-08-01,IQ21320,60.8
2015-09-01,IQ21320,60.9
2015-10-01,IQ21320,60.4
2015-11-01,IQ21320,60.4
2015-12-01,IQ21320,60.1
2016-01-01,IQ21320,59.3
2016-02-01,IQ21320,59.3
2016-03-01,IQ21320,59.4
2016-04-01,IQ21320,59.3
2016-05-01,IQ21320,59.2
2016-06-01,IQ21320,59.2
2016-07-01,IQ21320,59.1
2016-08-01,IQ21320,59.1
2016-09-01,IQ21320,59.0
2016-10-01,IQ21320,59.0
2016-11-01,IQ21320,59.3
2016-12-01,IQ21320,59.3
2017-01-01,IQ21320,59.1
2017-02-01,IQ21320,59.1
2017-03-01,IQ21320,59.1
2017-04-01,IQ21320,59.1
2017-05-01,IQ21320,59.1
2017-06-01,IQ21320,59.1
2017-07-01,IQ21320,59.4
2017-08-01,IQ21320,59.4
2017-09-01,IQ21320,59.4
2017-10-01,IQ21320,60.6
2017-11-01,IQ21320,60.6
2017-12-01,IQ21320,60.6
2018-01-01,IQ21320,60.6
2018-02-01,IQ21320,60.5
2018-03-01,IQ21320,60.7
2018-04-01,IQ21320,61.1
2018-05-01,IQ21320,61.3
2018-06-01,IQ21320,61.3
2018-07-01,IQ21320,61.5
2018-08-01,IQ21320,61.3
2018-09-01,IQ21320,61.5
2018-10-01,IQ21320,61.0
2018-11-01,IQ21320,61.0
2018-12-01,IQ21320,60.9
2019-01-01,IQ21320,60.9
2019-02-01,IQ21320,60.9
2019-03-01,IQ21320,60.9
2019-04-01,IQ21320,60.8
2019-05-01,IQ21320,60.7
2019-06-01,IQ21320,60.6
2019-07-01,IQ21320,60.3
2019-08-01,IQ21320,60.5
2019-09-01,IQ21320,60.5
2019-10-01,IQ21320,59.7
2019-11-01,IQ21320,59.9
2019-12-01,IQ21320,60.0
2020-01-01,IQ21320,60.0
2020-02-01,IQ21320,60.0
2020-03-01,IQ21320,60.0
2020-04-01,IQ21320,60.6
2020-05-01,IQ21320,60.4
2020-06-01,IQ21320,61.2
2020-07-01,IQ21320,61.2
2020-08-01,IQ21320,61.2
2020-09-01,IQ21320,61.1
2020-10-01,IQ21320,61.1
2020-11-01,IQ21320,61.1
2020-12-01,IQ21320,61.1
2021-01-01,IQ21320,61.1
2021-02-01,IQ21320,61.1
2021-03-01,IQ21320,61.1
2021-04-01,IQ21320,61.0
2021-05-01,IQ21320,61.0
2021-06-01,IQ21320,61.1
2021-07-01,IQ21320,61.0
2021-08-01,IQ21320,61.0
2021-09-01,IQ21320,61.4
2021-10-01,IQ21320,61.0
2021-11-01,IQ21320,60.9
2021-12-01,IQ21320,60.7
2022-01-01,IQ21320,60.9
2022-02-01,IQ21320,61.2
2022-03-01,IQ21320,61.5
2022-04-01,IQ21320,61.8
2022-05-01,IQ21320,61.6
2022-06-01,IQ21320,61.4
2022-07-01,IQ21320,61.4
2022-08-01,IQ21320,61.9
2022-09-01,IQ21320,62.0
2022-10-01,IQ21320,61.4
2022-11-01,IQ21320,60.7
2022-12-01,IQ21320,60.3
2023-01-01,IQ21320,59.9
2023-02-01,IQ21320,60.1
2023-03-01,IQ21320,59.5
2023-04-01,IQ21320,59.0
2023-05-01,IQ21320,58.6
2023-06-01,IQ21320,58.0
2023-07-01,IQ21320,57.6
2023-08-01,IQ21320,57.6
2023-09-01,IQ21320,57.8
2023-10-01,IQ21320,58.0
2023-11-01,IQ21320,57.8
2023-12-01,IQ21320,58.0
2024-01-01,IQ21320,57.8
2024-02-01,IQ21320,57.8
2024-03-01,IQ21320,58.5
2024-04-01,IQ21320,58.7
2024-05-01,IQ21320,58.9
2024-06-01,IQ21320,58.4
2024-07-01,IQ21320,58.1
2024-08-01,IQ21320,56.7
2024-09-01,IQ21320,56.6
2024-10-01,IQ21320,56.6
2024-11-01,IQ21320,56.5
2024-12-01,IQ21320,57.0
2025-01-01,IQ21320,57.0
2025-02-01,IQ21320,56.7
2025-03-01,IQ21320,56.6
2025-04-01,IQ21320,56.8
2025-05-01,IQ21320,56.4
2025-06-01,IQ21320,56.5
2025-07-01,IQ21320,56.5
2025-08-01,IQ21320,56.7
2025-09-01,IQ21320,57.0
2025-11-01,IQ21320,57.0
2025-12-01,IQ21320,57.2
2026-01-01,IQ21320,56.4
2026-02-01,IQ21320,55.5
2026-03-01,IQ21320,54.9
2026-04-01,IQ21320,55.9
2026-05-01,IQ21320,55.9
2026-06-01,IQ21320,56.0
2026-07-01,IQ21320,55.8
2026-08-01,IQ21320,55.6
1984-12-01,IR213,191.3
1985-03-01,IR213,185.2
1985-06-01,IR213,188.6
1985-09-01,IR213,185.0
1985-12-01,IR213,187.5
1986-03-01,IR213,184.2
1986-06-01,IR213,192.1
1986-09-01,IR213,193.0
1986-12-01,IR213,193.4
1987-03-01,IR213,192.1
1987-06-01,IR213,196.6
1987-09-01,IR213,198.8
1987-12-01,IR213,202.0
1988-03-01,IR213,202.1
1988-06-01,IR213,204.3
1988-09-01,IR213,211.4
1988-12-01,IR213,213.5
1989-03-01,IR213,213.7
1989-06-01,IR213,212.2
1989-09-01,IR213,208.0
1989-12-01,IR213,209.1
1990-03-01,IR213,204.7
1990-06-01,IR213,199.2
1990-09-01,IR213,198.3
1990-12-01,IR213,199.8
1991-03-01,IR213,198.6
1991-06-01,IR213,195.7
1991-09-01,IR213,194.0
1991-12-01,IR213,194.2
1992-03-01,IR213,191.4
1992-06-01,IR213,191.2
1992-09-01,IR213,191.3
1992-12-01,IR213,190.4
1993-03-01,IR213,188.3
1993-06-01,IR213,187.5
1993-09-01,IR213,188.7
1993-12-01,IR213,186.0
1994-01-01,IR213,185.0
1994-02-01,IR213,184.0
1994-03-01,IR213,183.7
1994-04-01,IR213,183.3
1994-05-01,IR213,182.3
1994-06-01,IR213,182.0
1994-07-01,IR213,179.8
1994-08-01,IR213,180.0
1994-09-01,IR213,180.1
1994-10-01,IR213,179.9
1994-11-01,IR213,177.3
1994-12-01,IR213,177.3
1995-01-01,IR213,177.2
1995-02-01,IR213,176.3
1995-03-01,IR213,175.8
1995-04-01,IR213,175.8
1995-05-01,IR213,176.2
1995-06-01,IR213,176.1
1995-07-01,IR213,173.9
1995-08-01,IR213,173.0
1995-09-01,IR213,171.7
1995-10-01,IR213,170.2
1995-11-01,IR213,170.1
1995-12-01,IR213,168.6
1996-01-01,IR213,167.5
1996-02-01,IR213,166.2
1996-03-01,IR213,162.5
1996-04-01,IR213,160.4
1996-05-01,IR213,158.0
1996-06-01,IR213,155.6
1996-07-01,IR213,154.2
1996-08-01,IR213,151.7
1996-09-01,IR213,152.3
1996-10-01,IR213,150.5
1996-11-01,IR213,148.0
1996-12-01,IR213,146.2
1997-01-01,IR213,141.6
1997-02-01,IR213,140.4
1997-03-01,IR213,140.8
1997-04-01,IR213,137.8
1997-05-01,IR213,136.0
1997-06-01,IR213,135.8
1997-07-01,IR213,134.3
1997-08-01,IR213,132.4
1997-09-01,IR213,131.1
1997-10-01,IR213,128.3
1997-11-01,IR213,126.7
1997-12-01,IR213,125.1
1998-01-01,IR213,123.0
1998-02-01,IR213,120.5
1998-03-01,IR213,119.0
1998-04-01,IR213,117.8
1998-05-01,IR213,116.8
1998-06-01,IR213,115.0
1998-07-01,IR213,113.7
1998-08-01,IR213,113.3
1998-09-01,IR213,112.5
1998-10-01,IR213,111.1
1998-11-01,IR213,110.0
1998-12-01,IR213,110.4
1999-01-01,IR213,110.2
1999-02-01,IR213,109.8
1999-03-01,IR213,107.8
1999-04-01,IR213,106.5
1999-05-01,IR213,106.1
1999-06-01,IR213,105.1
1999-07-01,IR213,102.8
1999-08-01,IR213,102.9
1999-09-01,IR213,102.9
1999-10-01,IR213,102.9
1999-11-01,IR213,102.3
1999-12-01,IR213,102.4
2000-01-01,IR213,102.3
2000-02-01,IR213,101.9
2000-03-01,IR213,101.5
2000-04-01,IR213,101.1
2000-05-01,IR213,100.5
2000-06-01,IR213,100.0
2000-07-01,IR213,99.6
2000-08-01,IR213,99.6
2000-09-01,IR213,99.3
2000-10-01,IR213,98.2
2000-11-01,IR213,98.2
2000-12-01,IR213,97.8
2001-01-01,IR213,97.6
2001-02-01,IR213,97.0
2001-03-01,IR213,96.4
2001-04-01,IR213,94.9
2001-05-01,IR213,94.6
2001-06-01,IR213,94.2
2001-07-01,IR213,93.2
2001-08-01,IR213,93.0
2001-09-01,IR213,91.7
2001-10-01,IR213,91.1
2001-11-01,IR213,91.0
2001-12-01,IR213,90.3
2002-01-01,IR213,90.2
2002-02-01,IR213,90.0
2002-03-01,IR213,90.1
2002-04-01,IR213,90.2
2002-05-01,IR213,90.1
2002-06-01,IR213,89.8
2002-07-01,IR213,88.8
2002-08-01,IR213,88.6
2002-09-01,IR213,88.4
2002-10-01,IR213,87.0
2002-11-01,IR213,87.1
2002-12-01,IR213,86.6
2003-01-01,IR213,86.2
2003-02-01,IR213,85.8
2003-03-01,IR213,85.3
2003-04-01,IR213,85.4
2003-05-01,IR213,84.8
2003-06-01,IR213,84.7
2003-07-01,IR213,84.4
2003-08-01,IR213,84.2
2003-09-01,IR213,84.4
2003-10-01,IR213,83.2
2003-11-01,IR213,83.1
2003-12-01,IR213,82.3
2004-01-01,IR213,82.1
2004-02-01,IR213,82.0
2004-03-01,IR213,81.8
2004-04-01,IR213,80.5
2004-05-01,IR213,80.5
2004-06-01,IR213,79.7
2004-07-01,IR213,79.0
2004-08-01,IR213,78.6
2004-09-01,IR213,78.2
2004-10-01,IR213,77.5
2004-11-01,IR213,77.3
2004-12-01,IR213,77.2
2005-01-01,IR213,76.7
2005-02-01,IR213,76.3
2005-03-01,IR213,75.8
2005-04-01,IR213,75.8
2005-05-01,IR213,75.4
2005-06-01,IR213,75.2
2005-07-01,IR213,73.9
2005-08-01,IR213,73.9
2005-09-01,IR213,73.0
2005-10-01,IR213,72.6
2005-11-01,IR213,72.3
2005-12-01,IR213,72.2
2006-01-01,IR213,71.8
2006-02-01,IR213,71.4
2006-03-01,IR213,71.3
2006-04-01,IR213,70.8
2006-05-01,IR213,70.4
2006-06-01,IR213,70.2
2006-07-01,IR213,70.0
2006-08-01,IR213,70.0
2006-09-01,IR213,69.7
2006-10-01,IR213,69.7
2006-11-01,IR213,69.8
2006-12-01,IR213,69.7
2007-01-01,IR213,68.8
2007-02-01,IR213,68.0
2007-03-01,IR213,67.4
2007-04-01,IR213,66.5
2007-05-01,IR213,66.4
2007-06-01,IR213,66.2
2007-07-01,IR213,66.3
2007-08-01,IR213,66.5
2007-09-01,IR213,66.6
2007-10-01,IR213,66.3
2007-11-01,IR213,66.3
2007-12-01,IR213,66.0
2008-01-01,IR213,64.8
2008-02-01,IR213,64.5
2008-03-01,IR213,64.3
2008-04-01,IR213,64.0
2008-05-01,IR213,64.1
2008-06-01,IR213,63.4
2008-07-01,IR213,62.9
2008-08-01,IR213,62.6
2008-09-01,IR213,62.2
2008-10-01,IR213,61.9
2008-11-01,IR213,61.6
2008-12-01,IR213,61.3
2009-01-01,IR213,60.6
2009-02-01,IR213,60.2
2009-03-01,IR213,59.7
2009-04-01,IR213,60.0
2009-05-01,IR213,60.0
2009-06-01,IR213,59.8
2009-07-01,IR213,59.7
2009-08-01,IR213,59.8
2009-09-01,IR213,59.8
2009-10-01,IR213,59.5
2009-11-01,IR213,59.6
2009-12-01,IR213,59.2
2010-01-01,IR213,59.0
2010-02-01,IR213,58.9
2010-03-01,IR213,58.5
2010-04-01,IR213,58.4
2010-05-01,IR213,58.5
2010-06-01,IR213,58.4
2010-07-01,IR213,58.1
2010-08-01,IR213,58.1
2010-09-01,IR213,58.2
2010-10-01,IR213,58.1
2010-11-01,IR213,57.7
2010-12-01,IR213,57.6
2011-01-01,IR213,56.7
2011-02-01,IR213,56.7
2011-03-01,IR213,56.5
2011-04-01,IR213,56.0
2011-05-01,IR213,55.8
2011-06-01,IR213,55.8
2011-07-01,IR213,55.3
2011-08-01,IR213,55.2
2011-09-01,IR213,55.1
2011-10-01,IR213,54.6
2011-11-01,IR213,54.6
2011-12-01,IR213,55.0
2012-01-01,IR213,55.3
2012-02-01,IR213,55.1
2012-03-01,IR213,54.9
2012-04-01,IR213,54.5
2012-05-01,IR213,54.5
2012-06-01,IR213,54.5
2012-07-01,IR213,54.5
2012-08-01,IR213,54.4
2012-09-01,IR213,54.7
2012-10-01,IR213,54.3
2012-11-01,IR213,54.2
2012-12-01,IR213,54.2
2013-01-01,IR213,54.2
2013-02-01,IR213,54.1
2013-03-01,IR213,54.0
2013-04-01,IR213,53.9
2013-05-01,IR213,53.9
2013-06-01,IR213,53.9
2013-07-01,IR213,54.0
2013-08-01,IR213,53.9
2013-09-01,IR213,53.8
2013-10-01,IR213,53.8
2013-11-01,IR213,54.0
2013-12-01,IR213,53.9
2014-01-01,IR213,53.7
2014-02-01,IR213,53.5
2014-03-01,IR213,53.4
2014-04-01,IR213,53.4
2014-05-01,IR213,53.8
2014-06-01,IR213,53.8
2014-07-01,IR213,53.7
2014-08-01,IR213,53.5
2014-09-01,IR213,53.5
2014-10-01,IR213,53.6
2014-11-01,IR213,53.4
2014-12-01,IR213,53.4
2015-01-01,IR213,53.1
2015-02-01,IR213,53.1
2015-03-01,IR213,53.0
2015-04-01,IR213,52.8
2015-05-01,IR213,52.5
2015-06-01,IR213,52.3
2015-07-01,IR213,52.1
2015-08-01,IR213,52.0
2015-09-01,IR213,51.8
2015-10-01,IR213,51.7
2015-11-01,IR213,51.6
2015-12-01,IR213,51.5
2016-01-01,IR213,51.3
2016-02-01,IR213,51.2
2016-03-01,IR213,51.2
2016-04-01,IR213,51.1
2016-05-01,IR213,51.0
2016-06-01,IR213,50.8
2016-07-01,IR213,50.7
2016-08-01,IR213,50.5
2016-09-01,IR213,50.7
2016-10-01,IR213,50.5
2016-11-01,IR213,50.3
2016-12-01,IR213,50.3
2017-01-01,IR213,50.3
2017-02-01,IR213,50.5
2017-03-01,IR213,50.6
2017-04-01,IR213,50.6
2017-05-01,IR213,50.7
2017-06-01,IR213,50.9
2017-07-01,IR213,51.0
2017-08-01,IR213,51.0
2017-09-01,IR213,51.0
2017-10-01,IR213,51.1
2017-11-01,IR213,51.1
2017-12-01,IR213,51.1
2018-01-01,IR213,51.0
2018-02-01,IR213,51.2
2018-03-01,IR213,51.3
2018-04-01,IR213,51.3
2018-05-01,IR213,51.2
2018-06-01,IR213,51.0
2018-07-01,IR213,51.0
2018-08-01,IR213,50.9
2018-09-01,IR213,51.0
2018-10-01,IR213,51.0
2018-11-01,IR213,50.8
2018-12-01,IR213,50.6
2019-01-01,IR213,50.2
2019-02-01,IR213,50.1
2019-03-01,IR213,49.8
2019-04-01,IR213,48.9
2019-05-01,IR213,48.8
2019-06-01,IR213,48.5
2019-07-01,IR213,48.1
2019-08-01,IR213,47.9
2019-09-01,IR213,47.6
2019-10-01,IR213,47.3
2019-11-01,IR213,46.9
2019-12-01,IR213,46.9
2020-01-01,IR213,46.8
2020-02-01,IR213,46.8
2020-03-01,IR213,47.1
2020-04-01,IR213,47.3
2020-05-01,IR213,47.5
2020-06-01,IR213,47.6
2020-07-01,IR213,47.3
2020-08-01,IR213,47.3
2020-09-01,IR213,47.1
2020-10-01,IR213,46.8
2020-11-01,IR213,46.7
2020-12-01,IR213,46.6
2021-01-01,IR213,46.7
2021-02-01,IR213,46.9
2021-03-01,IR213,46.9
2021-04-01,IR213,47.2
2021-05-01,IR213,47.3
2021-06-01,IR213,47.6
2021-07-01,IR213,47.8
2021-08-01,IR213,48.1
2021-09-01,IR213,48.1
2021-10-01,IR213,48.2
2021-11-01,IR213,48.4
2021-12-01,IR213,48.2
2022-01-01,IR213,48.5
2022-02-01,IR213,48.8
2022-03-01,IR213,48.9
2022-04-01,IR213,49.2
2022-05-01,IR213,49.4
2022-06-01,IR213,49.4
2022-07-01,IR213,49.3
2022-08-01,IR213,49.2
2022-09-01,IR213,49.1
2022-10-01,IR213,49.4
2022-11-01,IR213,49.4
2022-12-01,IR213,49.3
2023-01-01,IR213,49.0
2023-02-01,IR213,48.9
2023-03-01,IR213,48.7
2023-04-01,IR213,48.3
2023-05-01,IR213,48.1
2023-06-01,IR213,48.1
2023-07-01,IR213,48.0
2023-08-01,IR213,47.8
2023-09-01,IR213,47.8
2023-10-01,IR213,47.7
2023-11-01,IR213,47.6
2023-12-01,IR213,47.4
2024-01-01,IR213,47.4
2024-02-01,IR213,47.3
2024-03-01,IR213,47.2
2024-04-01,IR213,47.2
2024-05-01,IR213,47.2
2024-06-01,IR213,47.1
2024-07-01,IR213,47.1
2024-08-01,IR213,47.3
2024-09-01,IR213,47.3
2024-10-01,IR213,47.4
2024-11-01,IR213,47.4
2024-12-01,IR213,47.3
2025-01-01,IR213,47.1
2025-02-01,IR213,47.0
2025-03-01,IR213,47.0
2025-04-01,IR213,47.9
2025-05-01,IR213,47.8
2025-06-01,IR213,47.7
2025-07-01,IR213,47.7
2025-08-01,IR213,48.2
2025-09-01,IR213,48.0
2025-11-01,IR213,48.3
2025-12-01,IR213,48.4
2026-01-01,IR213,48.8
2026-02-01,IR213,50.4
2026-03-01,IR213,50.9
2026-04-01,IR213,52.7
2026-05-01,IR213,54.4
2026-06-01,IR213,54.9
2026-07-01,IR213,56.1
2026-08-01,IR213,57.4
1984-12-01,IR213COM,228.5
1985-03-01,IR213COM,223.5
1985-06-01,IR213COM,224.1
1985-09-01,IR213COM,227.6
1985-12-01,IR213COM,232.3
1986-03-01,IR213COM,231.4
1986-06-01,IR213COM,240.2
1986-09-01,IR213COM,239.3
1986-12-01,IR213COM,236.2
1987-03-01,IR213COM,235.4
1987-06-01,IR213COM,242.0
1987-09-01,IR213COM,247.7
1987-12-01,IR213COM,254.6
1988-03-01,IR213COM,252.4
1988-06-01,IR213COM,255.2
1988-09-01,IR213COM,255.1
1988-12-01,IR213COM,252.5
1989-03-01,IR213COM,255.8
1989-06-01,IR213COM,254.8
1989-09-01,IR213COM,248.5
1989-12-01,IR213COM,250.9
1990-03-01,IR213COM,248.1
1990-06-01,IR213COM,245.9
1990-09-01,IR213COM,243.9
1990-12-01,IR213COM,245.4
1991-03-01,IR213COM,242.1
1991-06-01,IR213COM,237.0
1991-09-01,IR213COM,233.4
1991-12-01,IR213COM,232.8
1992-03-01,IR213COM,230.5
1992-06-01,IR213COM,227.5
1992-09-01,IR213COM,226.3
1992-12-01,IR213COM,223.9
1993-03-01,IR213COM,219.2
1993-06-01,IR213COM,213.5
1993-09-01,IR213COM,208.8
1993-12-01,IR213COM,205.7
1994-01-01,IR213COM,204.5
1994-02-01,IR213COM,203.6
1994-03-01,IR213COM,201.7
1994-04-01,IR213COM,201.1
1994-05-01,IR213COM,199.4
1994-06-01,IR213COM,198.6
1994-07-01,IR213COM,195.3
1994-08-01,IR213COM,194.9
1994-09-01,IR213COM,195.1
1994-10-01,IR213COM,194.0
1994-11-01,IR213COM,190.7
1994-12-01,IR213COM,191.5
1995-01-01,IR213COM,191.3
1995-02-01,IR213COM,190.8
1995-03-01,IR213COM,189.1
1995-04-01,IR213COM,188.9
1995-05-01,IR213COM,187.8
1995-06-01,IR213COM,187.8
1995-07-01,IR213COM,187.9
1995-08-01,IR213COM,187.7
1995-09-01,IR213COM,186.4
1995-10-01,IR213COM,184.0
1995-11-01,IR213COM,184.4
1995-12-01,IR213COM,182.8
1996-01-01,IR213COM,182.3
1996-02-01,IR213COM,181.0
1996-03-01,IR213COM,176.6
1996-04-01,IR213COM,174.6
1996-05-01,IR213COM,171.9
1996-06-01,IR213COM,169.1
1996-07-01,IR213COM,168.5
1996-08-01,IR213COM,167.2
1996-09-01,IR213COM,165.5
1996-10-01,IR213COM,164.8
1996-11-01,IR213COM,163.3
1996-12-01,IR213COM,162.2
1997-01-01,IR213COM,159.3
1997-02-01,IR213COM,157.4
1997-03-01,IR213COM,155.6
1997-04-01,IR213COM,152.3
1997-05-01,IR213COM,149.4
1997-06-01,IR213COM,148.2
1997-07-01,IR213COM,146.8
1997-08-01,IR213COM,143.7
1997-09-01,IR213COM,142.1
1997-10-01,IR213COM,138.1
1997-11-01,IR213COM,137.3
1997-12-01,IR213COM,136.6
1998-01-01,IR213COM,133.4
1998-02-01,IR213COM,131.0
1998-03-01,IR213COM,128.5
1998-04-01,IR213COM,125.9
1998-05-01,IR213COM,123.9
1998-06-01,IR213COM,122.9
1998-07-01,IR213COM,121.9
1998-08-01,IR213COM,120.9
1998-09-01,IR213COM,119.8
1998-10-01,IR213COM,116.4
1998-11-01,IR213COM,114.9
1998-12-01,IR213COM,115.2
1999-01-01,IR213COM,114.9
1999-02-01,IR213COM,113.6
1999-03-01,IR213COM,110.0
1999-04-01,IR213COM,108.1
1999-05-01,IR213COM,107.8
1999-06-01,IR213COM,106.4
1999-07-01,IR213COM,103.9
1999-08-01,IR213COM,103.6
1999-09-01,IR213COM,103.2
1999-10-01,IR213COM,103.2
1999-11-01,IR213COM,103.1
1999-12-01,IR213COM,103.6
2000-01-01,IR213COM,103.3
2000-02-01,IR213COM,103.0
2000-03-01,IR213COM,102.4
2000-04-01,IR213COM,101.1
2000-05-01,IR213COM,100.4
2000-06-01,IR213COM,100.0
2000-07-01,IR213COM,99.9
2000-08-01,IR213COM,99.6
2000-09-01,IR213COM,99.2
2000-10-01,IR213COM,97.0
2000-11-01,IR213COM,97.1
2000-12-01,IR213COM,97.0
2001-01-01,IR213COM,96.8
2001-02-01,IR213COM,95.8
2001-03-01,IR213COM,95.0
2001-04-01,IR213COM,92.9
2001-05-01,IR213COM,92.7
2001-06-01,IR213COM,92.4
2001-07-01,IR213COM,90.3
2001-08-01,IR213COM,90.0
2001-09-01,IR213COM,87.9
2001-10-01,IR213COM,86.6
2001-11-01,IR213COM,86.5
2001-12-01,IR213COM,86.3
2002-01-01,IR213COM,86.1
2002-02-01,IR213COM,85.8
2002-03-01,IR213COM,85.7
2002-04-01,IR213COM,85.8
2002-05-01,IR213COM,85.6
2002-06-01,IR213COM,85.2
2002-07-01,IR213COM,84.6
2002-08-01,IR213COM,84.2
2002-09-01,IR213COM,83.9
2002-10-01,IR213COM,82.3
2002-11-01,IR213COM,82.3
2002-12-01,IR213COM,82.0
2003-01-01,IR213COM,81.7
2003-02-01,IR213COM,80.9
2003-03-01,IR213COM,80.4
2003-04-01,IR213COM,80.2
2003-05-01,IR213COM,79.8
2003-06-01,IR213COM,79.6
2003-07-01,IR213COM,78.4
2003-08-01,IR213COM,78.3
2003-09-01,IR213COM,78.2
2003-10-01,IR213COM,76.5
2003-11-01,IR213COM,76.4
2003-12-01,IR213COM,76.2
2004-01-01,IR213COM,76.1
2004-02-01,IR213COM,76.1
2004-03-01,IR213COM,75.9
2004-04-01,IR213COM,74.7
2004-05-01,IR213COM,74.6
2004-06-01,IR213COM,73.7
2004-07-01,IR213COM,73.1
2004-08-01,IR213COM,72.6
2004-09-01,IR213COM,72.1
2004-10-01,IR213COM,71.4
2004-11-01,IR213COM,71.2
2004-12-01,IR213COM,71.1
2005-01-01,IR213COM,70.6
2005-02-01,IR213COM,70.1
2005-03-01,IR213COM,69.4
2005-04-01,IR213COM,69.5
2005-05-01,IR213COM,69.1
2005-06-01,IR213COM,68.9
2005-07-01,IR213COM,67.5
2005-08-01,IR213COM,67.4
2005-09-01,IR213COM,66.6
2005-10-01,IR213COM,66.2
2005-11-01,IR213COM,65.8
2005-12-01,IR213COM,65.5
2006-01-01,IR213COM,65.0
2006-02-01,IR213COM,64.6
2006-03-01,IR213COM,64.4
2006-04-01,IR213COM,63.8
2006-05-01,IR213COM,63.4
2006-06-01,IR213COM,63.1
2006-07-01,IR213COM,62.7
2006-08-01,IR213COM,62.7
2006-09-01,IR213COM,62.4
2006-10-01,IR213COM,62.1
2006-11-01,IR213COM,62.3
2006-12-01,IR213COM,62.2
2007-01-01,IR213COM,61.4
2007-02-01,IR213COM,60.6
2007-03-01,IR213COM,60.0
2007-04-01,IR213COM,59.7
2007-05-01,IR213COM,59.5
2007-06-01,IR213COM,59.2
2007-07-01,IR213COM,59.3
2007-08-01,IR213COM,59.5
2007-09-01,IR213COM,59.5
2007-10-01,IR213COM,59.2
2007-11-01,IR213COM,59.1
2007-12-01,IR213COM,58.8
2008-01-01,IR213COM,57.7
2008-02-01,IR213COM,57.3
2008-03-01,IR213COM,57.2
2008-04-01,IR213COM,57.1
2008-05-01,IR213COM,57.0
2008-06-01,IR213COM,56.4
2008-07-01,IR213COM,56.1
2008-08-01,IR213COM,55.6
2008-09-01,IR213COM,55.2
2008-10-01,IR213COM,55.0
2008-11-01,IR213COM,54.6
2008-12-01,IR213COM,54.2
2009-01-01,IR213COM,53.8
2009-02-01,IR213COM,53.5
2009-03-01,IR213COM,53.0
2009-04-01,IR213COM,52.9
2009-05-01,IR213COM,53.0
2009-06-01,IR213COM,52.7
2009-07-01,IR213COM,52.9
2009-08-01,IR213COM,52.9
2009-09-01,IR213COM,52.9
2009-10-01,IR213COM,52.7
2009-11-01,IR213COM,52.6
2009-12-01,IR213COM,52.5
2010-01-01,IR213COM,52.2
2010-02-01,IR213COM,52.2
2010-03-01,IR213COM,52.1
2010-04-01,IR213COM,52.0
2010-05-01,IR213COM,52.1
2010-06-01,IR213COM,51.9
2010-07-01,IR213COM,51.8
2010-08-01,IR213COM,51.8
2010-09-01,IR213COM,51.8
2010-10-01,IR213COM,51.7
2010-11-01,IR213COM,51.3
2010-12-01,IR213COM,51.2
2011-01-01,IR213COM,50.3
2011-02-01,IR213COM,50.4
2011-03-01,IR213COM,50.1
2011-04-01,IR213COM,49.7
2011-05-01,IR213COM,49.4
2011-06-01,IR213COM,49.3
2011-07-01,IR213COM,49.0
2011-08-01,IR213COM,48.9
2011-09-01,IR213COM,48.9
2011-10-01,IR213COM,48.6
2011-11-01,IR213COM,48.6
2011-12-01,IR213COM,48.7
2012-01-01,IR213COM,49.1
2012-02-01,IR213COM,48.9
2012-03-01,IR213COM,48.8
2012-04-01,IR213COM,48.6
2012-05-01,IR213COM,48.6
2012-06-01,IR213COM,48.6
2012-07-01,IR213COM,48.7
2012-08-01,IR213COM,48.6
2012-09-01,IR213COM,48.9
2012-10-01,IR213COM,48.7
2012-11-01,IR213COM,48.5
2012-12-01,IR213COM,48.5
2013-01-01,IR213COM,48.4
2013-02-01,IR213COM,48.4
2013-03-01,IR213COM,48.4
2013-04-01,IR213COM,48.4
2013-05-01,IR213COM,48.4
2013-06-01,IR213COM,48.4
2013-07-01,IR213COM,48.5
2013-08-01,IR213COM,48.4
2013-09-01,IR213COM,48.3
2013-10-01,IR213COM,48.3
2013-11-01,IR213COM,48.4
2013-12-01,IR213COM,48.3
2014-01-01,IR213COM,48.1
2014-02-01,IR213COM,48.0
2014-03-01,IR213COM,47.9
2014-04-01,IR213COM,47.8
2014-05-01,IR213COM,48.3
2014-06-01,IR213COM,48.3
2014-07-01,IR213COM,48.3
2014-08-01,IR213COM,48.0
2014-09-01,IR213COM,48.0
2014-10-01,IR213COM,48.1
2014-11-01,IR213COM,48.0
2014-12-01,IR213COM,48.0
2015-01-01,IR213COM,47.7
2015-02-01,IR213COM,47.6
2015-03-01,IR213COM,47.5
2015-04-01,IR213COM,47.3
2015-05-01,IR213COM,47.0
2015-06-01,IR213COM,46.9
2015-07-01,IR213COM,46.8
2015-08-01,IR213COM,46.6
2015-09-01,IR213COM,46.5
2015-10-01,IR213COM,46.3
2015-11-01,IR213COM,46.3
2015-12-01,IR213COM,46.2
2016-01-01,IR213COM,46.0
2016-02-01,IR213COM,45.8
2016-03-01,IR213COM,45.8
2016-04-01,IR213COM,45.8
2016-05-01,IR213COM,45.8
2016-06-01,IR213COM,45.5
2016-07-01,IR213COM,45.5
2016-08-01,IR213COM,45.3
2016-09-01,IR213COM,45.5
2016-10-01,IR213COM,45.4
2016-11-01,IR213COM,45.0
2016-12-01,IR213COM,45.1
2017-01-01,IR213COM,45.3
2017-02-01,IR213COM,45.4
2017-03-01,IR213COM,45.6
2017-04-01,IR213COM,45.6
2017-05-01,IR213COM,45.7
2017-06-01,IR213COM,45.9
2017-07-01,IR213COM,45.9
2017-08-01,IR213COM,45.9
2017-09-01,IR213COM,45.9
2017-10-01,IR213COM,46.0
2017-11-01,IR213COM,46.0
2017-12-01,IR213COM,46.0
2018-01-01,IR213COM,45.9
2018-02-01,IR213COM,46.0
2018-03-01,IR213COM,46.2
2018-04-01,IR213COM,46.1
2018-05-01,IR213COM,46.0
2018-06-01,IR213COM,45.9
2018-07-01,IR213COM,45.9
2018-08-01,IR213COM,45.9
2018-09-01,IR213COM,45.8
2018-10-01,IR213COM,45.8
2018-11-01,IR213COM,45.6
2018-12-01,IR213COM,45.5
2019-01-01,IR213COM,45.2
2019-02-01,IR213COM,45.1
2019-03-01,IR213COM,44.7
2019-04-01,IR213COM,43.9
2019-05-01,IR213COM,43.9
2019-06-01,IR213COM,43.6
2019-07-01,IR213COM,43.3
2019-08-01,IR213COM,43.1
2019-09-01,IR213COM,42.8
2019-10-01,IR213COM,42.4
2019-11-01,IR213COM,41.8
2019-12-01,IR213COM,41.8
2020-01-01,IR213COM,41.5
2020-02-01,IR213COM,41.6
2020-03-01,IR213COM,41.9
2020-04-01,IR213COM,42.2
2020-05-01,IR213COM,42.4
2020-06-01,IR213COM,42.7
2020-07-01,IR213COM,42.7
2020-08-01,IR213COM,42.7
2020-09-01,IR213COM,42.4
2020-10-01,IR213COM,42.2
2020-11-01,IR213COM,42.1
2020-12-01,IR213COM,41.9
2021-01-01,IR213COM,42.0
2021-02-01,IR213COM,42.1
2021-03-01,IR213COM,42.1
2021-04-01,IR213COM,42.3
2021-05-01,IR213COM,42.4
2021-06-01,IR213COM,42.7
2021-07-01,IR213COM,43.0
2021-08-01,IR213COM,43.3
2021-09-01,IR213COM,43.3
2021-10-01,IR213COM,43.4
2021-11-01,IR213COM,43.5
2021-12-01,IR213COM,43.3
2022-01-01,IR213COM,43.4
2022-02-01,IR213COM,43.7
2022-03-01,IR213COM,43.7
2022-04-01,IR213COM,43.9
2022-05-01,IR213COM,43.8
2022-06-01,IR213COM,43.7
2022-07-01,IR213COM,43.6
2022-08-01,IR213COM,43.5
2022-09-01,IR213COM,43.3
2022-10-01,IR213COM,43.7
2022-11-01,IR213COM,43.7
2022-12-01,IR213COM,43.6
2023-01-01,IR213COM,43.2
2023-02-01,IR213COM,43.2
2023-03-01,IR213COM,42.7
2023-04-01,IR213COM,42.1
2023-05-01,IR213COM,42.0
2023-06-01,IR213COM,41.9
2023-07-01,IR213COM,41.8
2023-08-01,IR213COM,41.8
2023-09-01,IR213COM,41.8
2023-10-01,IR213COM,41.6
2023-11-01,IR213COM,41.5
2023-12-01,IR213COM,41.5
2024-01-01,IR213COM,41.5
2024-02-01,IR213COM,41.5
2024-03-01,IR213COM,41.5
2024-04-01,IR213COM,41.4
2024-05-01,IR213COM,41.4
2024-06-01,IR213COM,41.4
2024-07-01,IR213COM,41.4
2024-08-01,IR213COM,41.4
2024-09-01,IR213COM,41.4
2024-10-01,IR213COM,41.7
2024-11-01,IR213COM,42.0
2024-12-01,IR213COM,41.9
2025-01-01,IR213COM,41.8
2025-02-01,IR213COM,41.7
2025-03-01,IR213COM,41.6
2025-04-01,IR213COM,41.5
2025-05-01,IR213COM,41.5
2025-06-01,IR213COM,41.3
2025-07-01,IR213COM,41.3
2025-08-01,IR213COM,42.0
2025-09-01,IR213COM,42.0
2025-11-01,IR213COM,42.2
2025-12-01,IR213COM,42.3
2026-01-01,IR213COM,42.6
2026-02-01,IR213COM,44.3
2026-03-01,IR213COM,44.9
2026-04-01,IR213COM,46.9
2026-05-01,IR213COM,48.8
2026-06-01,IR213COM,49.4
2026-07-01,IR213COM,50.5
2026-08-01,IR213COM,52.0
1994-12-01,IR21300,303.9
1995-01-01,IR21300,299.1
1995-02-01,IR21300,295.0
1995-03-01,IR21300,294.7
1995-04-01,IR21300,294.6
1995-05-01,IR21300,292.6
1995-06-01,IR21300,289.6
1995-07-01,IR21300,288.3
1995-08-01,IR21300,288.6
1995-09-01,IR21300,282.4
1995-10-01,IR21300,276.8
1995-11-01,IR21300,274.7
1995-12-01,IR21300,273.7
1996-01-01,IR21300,272.3
1996-02-01,IR21300,270.0
1996-03-01,IR21300,263.4
1996-04-01,IR21300,261.1
1996-05-01,IR21300,251.5
1996-06-01,IR21300,244.0
1996-07-01,IR21300,240.8
1996-08-01,IR21300,238.6
1996-09-01,IR21300,235.2
1996-10-01,IR21300,227.5
1996-11-01,IR21300,216.3
1996-12-01,IR21300,215.5
1997-01-01,IR21300,201.8
1997-02-01,IR21300,194.9
1997-03-01,IR21300,197.0
1997-04-01,IR21300,178.9
1997-05-01,IR21300,173.5
1997-06-01,IR21300,166.1
1997-07-01,IR21300,165.6
1997-08-01,IR21300,165.3
1997-09-01,IR21300,164.5
1997-10-01,IR21300,157.0
1997-11-01,IR21300,155.7
1997-12-01,IR21300,154.1
1998-01-01,IR21300,151.6
1998-02-01,IR21300,151.3
1998-03-01,IR21300,150.5
1998-04-01,IR21300,149.0
1998-05-01,IR21300,146.0
1998-06-01,IR21300,141.6
1998-07-01,IR21300,140.7
1998-08-01,IR21300,140.5
1998-09-01,IR21300,139.9
1998-10-01,IR21300,138.5
1998-11-01,IR21300,138.5
1998-12-01,IR21300,137.0
1999-01-01,IR21300,136.8
1999-02-01,IR21300,126.4
1999-03-01,IR21300,119.3
1999-04-01,IR21300,115.7
1999-05-01,IR21300,112.8
1999-06-01,IR21300,108.7
1999-07-01,IR21300,108.7
1999-08-01,IR21300,106.7
1999-09-01,IR21300,103.5
1999-10-01,IR21300,103.0
1999-11-01,IR21300,103.4
1999-12-01,IR21300,103.0
2000-01-01,IR21300,102.7
2000-02-01,IR21300,101.9
2000-03-01,IR21300,100.4
2000-04-01,IR21300,101.1
2000-05-01,IR21300,98.9
2000-06-01,IR21300,99.0
2000-07-01,IR21300,99.5
2000-08-01,IR21300,100.8
2000-09-01,IR21300,100.7
2000-10-01,IR21300,99.0
2000-11-01,IR21300,98.9
2000-12-01,IR21300,97.2
2001-01-01,IR21300,94.6
2001-02-01,IR21300,92.3
2001-03-01,IR21300,89.7
2001-04-01,IR21300,87.4
2001-05-01,IR21300,85.4
2001-06-01,IR21300,85.4
2001-07-01,IR21300,83.6
2001-08-01,IR21300,78.6
2001-09-01,IR21300,78.0
2001-10-01,IR21300,75.1
2001-11-01,IR21300,74.8
2001-12-01,IR21300,74.9
2002-01-01,IR21300,74.8
2002-02-01,IR21300,75.2
2002-03-01,IR21300,76.1
2002-04-01,IR21300,76.4
2002-05-01,IR21300,76.4
2002-06-01,IR21300,75.7
2002-07-01,IR21300,75.5
2002-08-01,IR21300,75.4
2002-09-01,IR21300,75.0
2002-10-01,IR21300,73.7
2002-11-01,IR21300,75.1
2002-12-01,IR21300,75.2
2003-01-01,IR21300,74.2
2003-02-01,IR21300,71.4
2003-03-01,IR21300,70.3
2003-04-01,IR21300,70.2
2003-05-01,IR21300,70.1
2003-06-01,IR21300,69.9
2003-07-01,IR21300,69.7
2003-08-01,IR21300,69.7
2003-09-01,IR21300,70.7
2003-10-01,IR21300,70.9
2003-11-01,IR21300,71.1
2003-12-01,IR21300,71.2
2004-01-01,IR21300,71.0
2004-02-01,IR21300,71.0
2004-03-01,IR21300,70.4
2004-04-01,IR21300,70.3
2004-05-01,IR21300,70.8
2004-06-01,IR21300,67.5
2004-07-01,IR21300,66.6
2004-08-01,IR21300,66.0
2004-09-01,IR21300,65.0
2004-10-01,IR21300,63.4
2004-11-01,IR21300,63.5
2004-12-01,IR21300,63.4
2005-01-01,IR21300,62.9
2005-02-01,IR21300,62.2
2005-03-01,IR21300,61.2
2005-04-01,IR21300,59.6
2005-05-01,IR21300,59.1
2005-06-01,IR21300,58.9
2005-07-01,IR21300,57.5
2005-08-01,IR21300,57.4
2005-09-01,IR21300,55.0
2005-10-01,IR21300,54.9
2005-11-01,IR21300,53.9
2005-12-01,IR21300,53.7
2006-01-01,IR21300,53.5
2006-02-01,IR21300,52.7
2006-03-01,IR21300,52.8
2006-04-01,IR21300,52.0
2006-05-01,IR21300,51.6
2006-06-01,IR21300,51.3
2006-07-01,IR21300,51.1
2006-08-01,IR21300,51.1
2006-09-01,IR21300,50.3
2006-10-01,IR21300,50.3
2006-11-01,IR21300,50.3
2006-12-01,IR21300,50.4
2007-01-01,IR21300,50.2
2007-02-01,IR21300,49.9
2007-03-01,IR21300,49.4
2007-04-01,IR21300,49.3
2007-05-01,IR21300,49.4
2007-06-01,IR21300,49.4
2007-07-01,IR21300,49.5
2007-08-01,IR21300,49.7
2007-09-01,IR21300,49.5
2007-10-01,IR21300,49.5
2007-11-01,IR21300,49.3
2007-12-01,IR21300,49.2
2008-01-01,IR21300,49.0
2008-02-01,IR21300,48.7
2008-03-01,IR21300,48.8
2008-04-01,IR21300,48.5
2008-05-01,IR21300,48.4
2008-06-01,IR21300,47.5
2008-07-01,IR21300,47.1
2008-08-01,IR21300,47.0
2008-09-01,IR21300,46.9
2008-10-01,IR21300,47.1
2008-11-01,IR21300,47.3
2008-12-01,IR21300,47.2
2009-01-01,IR21300,47.1
2009-02-01,IR21300,47.0
2009-03-01,IR21300,45.9
2009-04-01,IR21300,45.9
2009-05-01,IR21300,46.0
2009-06-01,IR21300,45.9
2009-07-01,IR21300,45.8
2009-08-01,IR21300,45.7
2009-09-01,IR21300,45.6
2009-10-01,IR21300,45.5
2009-11-01,IR21300,45.5
2009-12-01,IR21300,45.4
2010-01-01,IR21300,45.5
2010-02-01,IR21300,45.3
2010-03-01,IR21300,45.3
2010-04-01,IR21300,45.2
2010-05-01,IR21300,45.2
2010-06-01,IR21300,45.2
2010-07-01,IR21300,45.3
2010-08-01,IR21300,45.3
2010-09-01,IR21300,45.3
2010-10-01,IR21300,45.9
2010-11-01,IR21300,45.4
2010-12-01,IR21300,45.4
2011-01-01,IR21300,44.3
2011-02-01,IR21300,44.3
2011-03-01,IR21300,44.3
2011-04-01,IR21300,43.8
2011-05-01,IR21300,43.4
2011-06-01,IR21300,42.9
2011-07-01,IR21300,42.4
2011-08-01,IR21300,42.4
2011-09-01,IR21300,42.4
2011-10-01,IR21300,41.7
2011-11-01,IR21300,41.7
2011-12-01,IR21300,41.7
2012-01-01,IR21300,41.5
2012-02-01,IR21300,41.4
2012-03-01,IR21300,41.0
2012-04-01,IR21300,40.7
2012-05-01,IR21300,40.8
2012-06-01,IR21300,41.0
2012-07-01,IR21300,41.0
2012-08-01,IR21300,40.9
2012-09-01,IR21300,41.4
2012-10-01,IR21300,41.3
2012-11-01,IR21300,41.0
2012-12-01,IR21300,40.9
2013-01-01,IR21300,40.9
2013-02-01,IR21300,40.9
2013-03-01,IR21300,40.8
2013-04-01,IR21300,40.8
2013-05-01,IR21300,40.8
2013-06-01,IR21300,40.7
2013-07-01,IR21300,40.8
2013-08-01,IR21300,40.8
2013-09-01,IR21300,40.8
2013-10-01,IR21300,40.8
2013-11-01,IR21300,40.8
2013-12-01,IR21300,40.6
2014-01-01,IR21300,40.6
2014-02-01,IR21300,40.6
2014-03-01,IR21300,40.5
2014-04-01,IR21300,40.3
2014-05-01,IR21300,41.3
2014-06-01,IR21300,41.3
2014-07-01,IR21300,41.3
2014-08-01,IR21300,41.1
2014-09-01,IR21300,41.0
2014-10-01,IR21300,41.1
2014-11-01,IR21300,41.1
2014-12-01,IR21300,41.1
2015-01-01,IR21300,41.0
2015-02-01,IR21300,41.0
2015-03-01,IR21300,41.0
2015-04-01,IR21300,41.1
2015-05-01,IR21300,40.6
2015-06-01,IR21300,40.6
2015-07-01,IR21300,40.5
2015-08-01,IR21300,40.5
2015-09-01,IR21300,40.5
2015-10-01,IR21300,40.5
2015-11-01,IR21300,40.4
2015-12-01,IR21300,40.4
2016-01-01,IR21300,40.3
2016-02-01,IR21300,40.3
2016-03-01,IR21300,40.3
2016-04-01,IR21300,40.3
2016-05-01,IR21300,40.5
2016-06-01,IR21300,40.2
2016-07-01,IR21300,40.3
2016-08-01,IR21300,40.0
2016-09-01,IR21300,40.1
2016-10-01,IR21300,39.7
2016-11-01,IR21300,39.0
2016-12-01,IR21300,39.0
2017-01-01,IR21300,39.1
2017-02-01,IR21300,39.2
2017-03-01,IR21300,39.3
2017-04-01,IR21300,39.1
2017-05-01,IR21300,39.1
2017-06-01,IR21300,39.2
2017-07-01,IR21300,39.2
2017-08-01,IR21300,39.1
2017-09-01,IR21300,39.0
2017-10-01,IR21300,39.2
2017-11-01,IR21300,39.2
2017-12-01,IR21300,39.1
2018-01-01,IR21300,39.0
2018-02-01,IR21300,39.1
2018-03-01,IR21300,39.1
2018-04-01,IR21300,39.1
2018-05-01,IR21300,38.8
2018-06-01,IR21300,38.7
2018-07-01,IR21300,38.7
2018-08-01,IR21300,38.8
2018-09-01,IR21300,38.8
2018-10-01,IR21300,38.7
2018-11-01,IR21300,38.6
2018-12-01,IR21300,38.5
2019-01-01,IR21300,38.2
2019-02-01,IR21300,38.1
2019-03-01,IR21300,37.8
2019-04-01,IR21300,37.1
2019-05-01,IR21300,37.2
2019-06-01,IR21300,36.9
2019-07-01,IR21300,36.7
2019-08-01,IR21300,36.8
2019-09-01,IR21300,36.6
2019-10-01,IR21300,36.2
2019-11-01,IR21300,35.5
2019-12-01,IR21300,35.4
2020-01-01,IR21300,35.2
2020-02-01,IR21300,35.2
2020-03-01,IR21300,35.5
2020-04-01,IR21300,35.4
2020-05-01,IR21300,35.6
2020-06-01,IR21300,35.8
2020-07-01,IR21300,35.6
2020-08-01,IR21300,35.8
2020-09-01,IR21300,35.5
2020-10-01,IR21300,35.4
2020-11-01,IR21300,35.4
2020-12-01,IR21300,35.2
2021-01-01,IR21300,35.2
2021-02-01,IR21300,35.3
2021-03-01,IR21300,35.2
2021-04-01,IR21300,35.3
2021-05-01,IR21300,35.0
2021-06-01,IR21300,35.3
2021-07-01,IR21300,35.6
2021-08-01,IR21300,35.8
2021-09-01,IR21300,35.8
2021-10-01,IR21300,35.9
2021-11-01,IR21300,36.0
2021-12-01,IR21300,35.7
2022-01-01,IR21300,35.7
2022-02-01,IR21300,36.2
2022-03-01,IR21300,36.2
2022-04-01,IR21300,36.3
2022-05-01,IR21300,36.4
2022-06-01,IR21300,36.3
2022-07-01,IR21300,36.3
2022-08-01,IR21300,36.2
2022-09-01,IR21300,36.2
2022-10-01,IR21300,36.7
2022-11-01,IR21300,36.9
2022-12-01,IR21300,36.8
2023-01-01,IR21300,36.8
2023-02-01,IR21300,36.9
2023-03-01,IR21300,36.9
2023-04-01,IR21300,36.4
2023-05-01,IR21300,36.2
2023-06-01,IR21300,36.2
2023-07-01,IR21300,36.0
2023-08-01,IR21300,36.0
2023-09-01,IR21300,36.0
2023-10-01,IR21300,35.9
2023-11-01,IR21300,35.9
2023-12-01,IR21300,35.9
1984-12-01,IR21301,203.6
1985-03-01,IR21301,197.3
1985-06-01,IR21301,198.0
1985-09-01,IR21301,202.0
1985-12-01,IR21301,204.5
1986-03-01,IR21301,205.7
1986-06-01,IR21301,217.2
1986-09-01,IR21301,218.4
1986-12-01,IR21301,214.6
1987-03-01,IR21301,213.8
1987-06-01,IR21301,219.3
1987-09-01,IR21301,227.2
1987-12-01,IR21301,234.7
1988-03-01,IR21301,234.0
1988-06-01,IR21301,236.7
1988-09-01,IR21301,237.1
1988-12-01,IR21301,234.2
1989-03-01,IR21301,238.9
1989-06-01,IR21301,238.5
1989-09-01,IR21301,231.9
1989-12-01,IR21301,234.4
1990-03-01,IR21301,233.7
1990-06-01,IR21301,231.5
1990-09-01,IR21301,230.3
1990-12-01,IR21301,232.5
1991-03-01,IR21301,229.2
1991-06-01,IR21301,223.7
1991-09-01,IR21301,222.2
1991-12-01,IR21301,221.6
1992-03-01,IR21301,219.7
1992-06-01,IR21301,217.1
1992-09-01,IR21301,216.1
1992-12-01,IR21301,214.6
1993-03-01,IR21301,209.4
1993-06-01,IR21301,204.6
1993-09-01,IR21301,200.2
1993-12-01,IR21301,196.8
1994-01-01,IR21301,195.6
1994-02-01,IR21301,195.1
1994-03-01,IR21301,193.0
1994-04-01,IR21301,193.5
1994-05-01,IR21301,191.6
1994-06-01,IR21301,191.1
1994-07-01,IR21301,188.0
1994-08-01,IR21301,187.5
1994-09-01,IR21301,187.8
1994-10-01,IR21301,186.8
1994-11-01,IR21301,184.1
1994-12-01,IR21301,184.7
1995-01-01,IR21301,184.8
1995-02-01,IR21301,184.4
1995-03-01,IR21301,182.7
1995-04-01,IR21301,182.5
1995-05-01,IR21301,181.4
1995-06-01,IR21301,181.6
1995-07-01,IR21301,181.8
1995-08-01,IR21301,181.6
1995-09-01,IR21301,180.5
1995-10-01,IR21301,178.3
1995-11-01,IR21301,178.9
1995-12-01,IR21301,177.3
1996-01-01,IR21301,176.8
1996-02-01,IR21301,175.5
1996-03-01,IR21301,171.3
1996-04-01,IR21301,169.4
1996-05-01,IR21301,167.0
1996-06-01,IR21301,164.6
1996-07-01,IR21301,164.1
1996-08-01,IR21301,162.9
1996-09-01,IR21301,161.3
1996-10-01,IR21301,161.0
1996-11-01,IR21301,160.1
1996-12-01,IR21301,158.9
1997-01-01,IR21301,156.7
1997-02-01,IR21301,155.1
1997-03-01,IR21301,153.1
1997-04-01,IR21301,150.7
1997-05-01,IR21301,148.0
1997-06-01,IR21301,147.1
1997-07-01,IR21301,145.7
1997-08-01,IR21301,142.4
1997-09-01,IR21301,140.8
1997-10-01,IR21301,136.9
1997-11-01,IR21301,136.2
1997-12-01,IR21301,135.5
1998-01-01,IR21301,132.3
1998-02-01,IR21301,129.8
1998-03-01,IR21301,127.1
1998-04-01,IR21301,124.6
1998-05-01,IR21301,122.6
1998-06-01,IR21301,121.8
1998-07-01,IR21301,120.8
1998-08-01,IR21301,119.7
1998-09-01,IR21301,118.6
1998-10-01,IR21301,115.0
1998-11-01,IR21301,113.5
1998-12-01,IR21301,113.9
1999-01-01,IR21301,113.6
1999-02-01,IR21301,112.8
1999-03-01,IR21301,109.4
1999-04-01,IR21301,107.7
1999-05-01,IR21301,107.5
1999-06-01,IR21301,106.3
1999-07-01,IR21301,103.7
1999-08-01,IR21301,103.4
1999-09-01,IR21301,103.1
1999-10-01,IR21301,103.2
1999-11-01,IR21301,103.1
1999-12-01,IR21301,103.7
2000-01-01,IR21301,103.4
2000-02-01,IR21301,103.1
2000-03-01,IR21301,102.6
2000-04-01,IR21301,101.1
2000-05-01,IR21301,100.5
2000-06-01,IR21301,100.1
2000-07-01,IR21301,99.9
2000-08-01,IR21301,99.6
2000-09-01,IR21301,99.2
2000-10-01,IR21301,96.9
2000-11-01,IR21301,96.9
2000-12-01,IR21301,97.0
2001-01-01,IR21301,97.0
2001-02-01,IR21301,96.0
2001-03-01,IR21301,95.3
2001-04-01,IR21301,93.2
2001-05-01,IR21301,93.1
2001-06-01,IR21301,92.8
2001-07-01,IR21301,90.7
2001-08-01,IR21301,90.6
2001-09-01,IR21301,88.5
2001-10-01,IR21301,87.3
2001-11-01,IR21301,87.2
2001-12-01,IR21301,87.0
2002-01-01,IR21301,86.7
2002-02-01,IR21301,86.3
2002-03-01,IR21301,86.1
2002-04-01,IR21301,86.1
2002-05-01,IR21301,85.8
2002-06-01,IR21301,85.6
2002-07-01,IR21301,84.9
2002-08-01,IR21301,84.4
2002-09-01,IR21301,84.2
2002-10-01,IR21301,82.5
2002-11-01,IR21301,82.3
2002-12-01,IR21301,81.9
2003-01-01,IR21301,81.7
2003-02-01,IR21301,81.3
2003-03-01,IR21301,81.0
2003-04-01,IR21301,80.8
2003-05-01,IR21301,80.3
2003-06-01,IR21301,80.0
2003-07-01,IR21301,78.7
2003-08-01,IR21301,78.6
2003-09-01,IR21301,78.3
2003-10-01,IR21301,76.3
2003-11-01,IR21301,76.1
2003-12-01,IR21301,75.8
2004-01-01,IR21301,75.7
2004-02-01,IR21301,75.8
2004-03-01,IR21301,75.7
2004-04-01,IR21301,74.2
2004-05-01,IR21301,74.0
2004-06-01,IR21301,73.7
2004-07-01,IR21301,73.2
2004-08-01,IR21301,72.8
2004-09-01,IR21301,72.5
2004-10-01,IR21301,72.1
2004-11-01,IR21301,71.8
2004-12-01,IR21301,71.7
2005-01-01,IR21301,71.2
2005-02-01,IR21301,70.8
2005-03-01,IR21301,70.2
2005-04-01,IR21301,71.1
2005-05-01,IR21301,70.7
2005-06-01,IR21301,70.5
2005-07-01,IR21301,69.2
2005-08-01,IR21301,69.1
2005-09-01,IR21301,68.9
2005-10-01,IR21301,68.5
2005-11-01,IR21301,68.3
2005-12-01,IR21301,68.0
2006-01-01,IR21301,67.4
2006-02-01,IR21301,67.2
2006-03-01,IR21301,66.8
2006-04-01,IR21301,66.4
2006-05-01,IR21301,65.9
2006-06-01,IR21301,65.6
2006-07-01,IR21301,65.2
2006-08-01,IR21301,65.2
2006-09-01,IR21301,65.1
2006-10-01,IR21301,64.8
2006-11-01,IR21301,64.9
2006-12-01,IR21301,64.9
2007-01-01,IR21301,63.7
2007-02-01,IR21301,62.7
2007-03-01,IR21301,62.1
2007-04-01,IR21301,61.6
2007-05-01,IR21301,61.4
2007-06-01,IR21301,60.9
2007-07-01,IR21301,60.9
2007-08-01,IR21301,61.1
2007-09-01,IR21301,61.2
2007-10-01,IR21301,60.8
2007-11-01,IR21301,60.7
2007-12-01,IR21301,60.4
2008-01-01,IR21301,58.7
2008-02-01,IR21301,58.3
2008-03-01,IR21301,58.1
2008-04-01,IR21301,58.1
2008-05-01,IR21301,58.0
2008-06-01,IR21301,57.8
2008-07-01,IR21301,57.5
2008-08-01,IR21301,56.8
2008-09-01,IR21301,56.1
2008-10-01,IR21301,55.8
2008-11-01,IR21301,55.0
2008-12-01,IR21301,54.4
2009-01-01,IR21301,53.9
2009-02-01,IR21301,53.4
2009-03-01,IR21301,53.4
2009-04-01,IR21301,53.3
2009-05-01,IR21301,53.3
2009-06-01,IR21301,53.0
2009-07-01,IR21301,53.4
2009-08-01,IR21301,53.5
2009-09-01,IR21301,53.5
2009-10-01,IR21301,53.2
2009-11-01,IR21301,53.1
2009-12-01,IR21301,52.9
2010-01-01,IR21301,52.4
2010-02-01,IR21301,52.5
2010-03-01,IR21301,52.5
2010-04-01,IR21301,52.3
2010-05-01,IR21301,52.5
2010-06-01,IR21301,52.2
2010-07-01,IR21301,51.9
2010-08-01,IR21301,51.8
2010-09-01,IR21301,51.9
2010-10-01,IR21301,51.2
2010-11-01,IR21301,51.0
2010-12-01,IR21301,50.8
2011-01-01,IR21301,50.2
2011-02-01,IR21301,50.4
2011-03-01,IR21301,49.8
2011-04-01,IR21301,49.5
2011-05-01,IR21301,49.5
2011-06-01,IR21301,49.7
2011-07-01,IR21301,49.6
2011-08-01,IR21301,49.4
2011-09-01,IR21301,49.4
2011-10-01,IR21301,49.4
2011-11-01,IR21301,49.5
2011-12-01,IR21301,49.6
2012-01-01,IR21301,50.5
2012-02-01,IR21301,50.4
2012-03-01,IR21301,50.5
2012-04-01,IR21301,50.4
2012-05-01,IR21301,50.3
2012-06-01,IR21301,50.2
2012-07-01,IR21301,50.4
2012-08-01,IR21301,50.3
2012-09-01,IR21301,50.3
2012-10-01,IR21301,50.1
2012-11-01,IR21301,50.0
2012-12-01,IR21301,50.0
2013-01-01,IR21301,50.0
2013-02-01,IR21301,49.9
2013-03-01,IR21301,50.0
2013-04-01,IR21301,50.0
2013-05-01,IR21301,50.1
2013-06-01,IR21301,50.2
2013-07-01,IR21301,50.2
2013-08-01,IR21301,50.0
2013-09-01,IR21301,49.9
2013-10-01,IR21301,49.8
2013-11-01,IR21301,50.1
2013-12-01,IR21301,50.0
2014-01-01,IR21301,49.7
2014-02-01,IR21301,49.3
2014-03-01,IR21301,49.3
2014-04-01,IR21301,49.3
2014-05-01,IR21301,49.2
2014-06-01,IR21301,49.1
2014-07-01,IR21301,49.1
2014-08-01,IR21301,48.9
2014-09-01,IR21301,48.8
2014-10-01,IR21301,48.8
2014-11-01,IR21301,48.8
2014-12-01,IR21301,48.7
2015-01-01,IR21301,48.2
2015-02-01,IR21301,48.0
2015-03-01,IR21301,47.9
2015-04-01,IR21301,47.3
2015-05-01,IR21301,47.2
2015-06-01,IR21301,46.9
2015-07-01,IR21301,46.8
2015-08-01,IR21301,46.4
2015-09-01,IR21301,46.2
2015-10-01,IR21301,45.9
2015-11-01,IR21301,45.8
2015-12-01,IR21301,45.7
2016-01-01,IR21301,45.2
2016-02-01,IR21301,45.1
2016-03-01,IR21301,45.0
2016-04-01,IR21301,44.9
2016-05-01,IR21301,44.8
2016-06-01,IR21301,44.6
2016-07-01,IR21301,44.3
2016-08-01,IR21301,44.3
2016-09-01,IR21301,44.5
2016-10-01,IR21301,44.9
2016-11-01,IR21301,45.1
2016-12-01,IR21301,45.2
2017-01-01,IR21301,45.4
2017-02-01,IR21301,45.6
2017-03-01,IR21301,45.9
2017-04-01,IR21301,46.1
2017-05-01,IR21301,46.3
2017-06-01,IR21301,46.5
2017-07-01,IR21301,46.7
2017-08-01,IR21301,46.8
2017-09-01,IR21301,46.8
2017-10-01,IR21301,46.9
2017-11-01,IR21301,46.9
2017-12-01,IR21301,46.9
2018-01-01,IR21301,46.9
2018-02-01,IR21301,47.1
2018-03-01,IR21301,47.3
2018-04-01,IR21301,47.2
2018-05-01,IR21301,47.3
2018-06-01,IR21301,47.3
2018-07-01,IR21301,47.3
2018-08-01,IR21301,47.1
2018-09-01,IR21301,47.0
2018-10-01,IR21301,47.1
2018-11-01,IR21301,46.8
2018-12-01,IR21301,46.7
2019-01-01,IR21301,46.5
2019-02-01,IR21301,46.2
2019-03-01,IR21301,45.9
2019-04-01,IR21301,45.1
2019-05-01,IR21301,44.9
2019-06-01,IR21301,44.7
2019-07-01,IR21301,44.3
2019-08-01,IR21301,43.6
2019-09-01,IR21301,43.2
2019-10-01,IR21301,42.9
2019-11-01,IR21301,42.7
2019-12-01,IR21301,42.8
2020-01-01,IR21301,42.5
2020-02-01,IR21301,42.6
2020-03-01,IR21301,42.9
2020-04-01,IR21301,43.6
2020-05-01,IR21301,44.0
2020-06-01,IR21301,44.3
2020-07-01,IR21301,44.5
2020-08-01,IR21301,44.2
2020-09-01,IR21301,44.1
2020-10-01,IR21301,43.8
2020-11-01,IR21301,43.6
2020-12-01,IR21301,43.3
2021-01-01,IR21301,43.5
2021-02-01,IR21301,43.6
2021-03-01,IR21301,43.7
2021-04-01,IR21301,44.2
2021-05-01,IR21301,44.8
2021-06-01,IR21301,45.2
2021-07-01,IR21301,45.5
2021-08-01,IR21301,45.7
2021-09-01,IR21301,45.9
2021-10-01,IR21301,45.8
2021-11-01,IR21301,45.9
2021-12-01,IR21301,46.0
2022-01-01,IR21301,46.2
2022-02-01,IR21301,46.1
2022-03-01,IR21301,46.1
2022-04-01,IR21301,46.3
2022-05-01,IR21301,46.1
2022-06-01,IR21301,45.8
2022-07-01,IR21301,45.7
2022-08-01,IR21301,45.6
2022-09-01,IR21301,45.2
2022-10-01,IR21301,45.0
2022-11-01,IR21301,44.9
2022-12-01,IR21301,44.7
2023-01-01,IR21301,43.7
2023-02-01,IR21301,43.4
2023-03-01,IR21301,42.3
2023-04-01,IR21301,41.4
2023-05-01,IR21301,41.5
2023-06-01,IR21301,41.5
2023-07-01,IR21301,41.5
2023-08-01,IR21301,41.4
2023-09-01,IR21301,41.4
2023-10-01,IR21301,41.3
2023-11-01,IR21301,41.1
2023-12-01,IR21301,40.8
2024-01-01,IR21301,40.9
2024-02-01,IR21301,40.9
2024-03-01,IR21301,40.9
2024-04-01,IR21301,40.9
2024-05-01,IR21301,40.8
2024-06-01,IR21301,40.8
2024-07-01,IR21301,40.7
2024-08-01,IR21301,40.8
2024-09-01,IR21301,40.8
2024-10-01,IR21301,41.3
2024-11-01,IR21301,42.0
2024-12-01,IR21301,42.0
2025-01-01,IR21301,41.7
2025-02-01,IR21301,41.5
2025-03-01,IR21301,41.5
2025-04-01,IR21301,41.3
2025-05-01,IR21301,41.1
2025-06-01,IR21301,40.9
2025-07-01,IR21301,40.7
2025-08-01,IR21301,42.4
2025-09-01,IR21301,42.3
2025-11-01,IR21301,42.8
2025-12-01,IR21301,42.8
2026-01-01,IR21301,43.3
2026-02-01,IR21301,47.0
2026-03-01,IR21301,48.2
2026-04-01,IR21301,52.6
2026-05-01,IR21301,56.6
2026-06-01,IR21301,57.9
2026-07-01,IR21301,59.8
2026-08-01,IR21301,63.1
1980-12-01,IQ21300,379.8
1981-03-01,IQ21300,390.2
1981-06-01,IQ21300,393.3
1981-09-01,IQ21300,402.1
1981-12-01,IQ21300,399.8
1982-03-01,IQ21300,395.6
1982-06-01,IQ21300,391.4
1982-09-01,IQ21300,387.1
1982-12-01,IQ21300,384.4
1983-03-01,IQ21300,384.8
1983-06-01,IQ21300,386.4
1983-09-01,IQ21300,384.8
1983-12-01,IQ21300,383.7
1984-03-01,IQ21300,378.7
1984-06-01,IQ21300,379.1
1984-09-01,IQ21300,371.7
1984-12-01,IQ21300,379.1
1985-03-01,IQ21300,366.5
1985-06-01,IQ21300,366.5
1985-09-01,IQ21300,368.0
1985-12-01,IQ21300,367.0
1986-03-01,IQ21300,364.6
1986-06-01,IQ21300,361.4
1986-09-01,IQ21300,357.6
1986-12-01,IQ21300,352.9
1987-03-01,IQ21300,343.5
1987-06-01,IQ21300,338.7
1987-09-01,IQ21300,347.7
1987-12-01,IQ21300,343.5
1988-03-01,IQ21300,343.4
1988-06-01,IQ21300,341.6
1988-09-01,IQ21300,341.0
1988-12-01,IQ21300,346.7
1989-03-01,IQ21300,340.8
1989-06-01,IQ21300,335.8
1989-09-01,IQ21300,336.3
1989-12-01,IQ21300,337.2
1990-03-01,IQ21300,336.6
1990-06-01,IQ21300,332.3
1990-09-01,IQ21300,328.7
1990-12-01,IQ21300,325.2
1991-03-01,IQ21300,330.0
1991-06-01,IQ21300,329.3
1991-09-01,IQ21300,318.7
1991-12-01,IQ21300,318.5
1992-03-01,IQ21300,316.2
1992-06-01,IQ21300,313.9
1992-09-01,IQ21300,307.7
1992-12-01,IQ21300,294.0
1993-03-01,IQ21300,273.5
1993-06-01,IQ21300,263.8
1993-09-01,IQ21300,257.2
1993-12-01,IQ21300,252.9
1994-01-01,IQ21300,250.8
1994-02-01,IQ21300,245.2
1994-03-01,IQ21300,244.0
1994-04-01,IQ21300,243.2
1994-05-01,IQ21300,240.7
1994-06-01,IQ21300,234.8
1994-07-01,IQ21300,231.7
1994-08-01,IQ21300,224.7
1994-09-01,IQ21300,225.2
1994-10-01,IQ21300,223.3
1994-11-01,IQ21300,223.5
1994-12-01,IQ21300,222.0
1995-01-01,IQ21300,220.2
1995-02-01,IQ21300,218.2
1995-03-01,IQ21300,218.0
1995-04-01,IQ21300,218.0
1995-05-01,IQ21300,218.1
1995-06-01,IQ21300,217.0
1995-07-01,IQ21300,215.7
1995-08-01,IQ21300,207.3
1995-09-01,IQ21300,205.8
1995-10-01,IQ21300,204.5
1995-11-01,IQ21300,200.7
1995-12-01,IQ21300,200.7
1996-01-01,IQ21300,194.9
1996-02-01,IQ21300,192.6
1996-03-01,IQ21300,191.1
1996-04-01,IQ21300,188.8
1996-05-01,IQ21300,186.6
1996-06-01,IQ21300,184.6
1996-07-01,IQ21300,183.7
1996-08-01,IQ21300,179.4
1996-09-01,IQ21300,179.2
1996-10-01,IQ21300,179.0
1996-11-01,IQ21300,175.7
1996-12-01,IQ21300,169.1
1997-01-01,IQ21300,169.6
1997-02-01,IQ21300,166.9
1997-03-01,IQ21300,159.0
1997-04-01,IQ21300,152.5
1997-05-01,IQ21300,146.6
1997-06-01,IQ21300,143.3
1997-07-01,IQ21300,141.8
1997-08-01,IQ21300,140.9
1997-09-01,IQ21300,140.5
1997-10-01,IQ21300,138.8
1997-11-01,IQ21300,137.9
1997-12-01,IQ21300,137.7
1998-01-01,IQ21300,135.3
1998-02-01,IQ21300,134.0
1998-03-01,IQ21300,130.9
1998-04-01,IQ21300,128.4
1998-05-01,IQ21300,127.6
1998-06-01,IQ21300,127.5
1998-07-01,IQ21300,123.7
1998-08-01,IQ21300,121.4
1998-09-01,IQ21300,120.3
1998-10-01,IQ21300,120.1
1998-11-01,IQ21300,119.6
1998-12-01,IQ21300,119.3
1999-01-01,IQ21300,118.4
1999-02-01,IQ21300,117.7
1999-03-01,IQ21300,115.5
1999-04-01,IQ21300,114.8
1999-05-01,IQ21300,111.6
1999-06-01,IQ21300,108.9
1999-07-01,IQ21300,108.0
1999-08-01,IQ21300,107.1
1999-09-01,IQ21300,104.2
1999-10-01,IQ21300,104.3
1999-11-01,IQ21300,103.9
1999-12-01,IQ21300,103.8
2000-01-01,IQ21300,102.9
2000-02-01,IQ21300,100.9
2000-03-01,IQ21300,100.9
2000-04-01,IQ21300,98.8
2000-05-01,IQ21300,99.1
2000-06-01,IQ21300,99.3
2000-07-01,IQ21300,99.2
2000-08-01,IQ21300,100.0
2000-09-01,IQ21300,99.7
2000-10-01,IQ21300,99.9
2000-11-01,IQ21300,99.8
2000-12-01,IQ21300,99.7
2001-01-01,IQ21300,99.7
2001-02-01,IQ21300,99.2
2001-03-01,IQ21300,99.5
2001-04-01,IQ21300,99.4
2001-05-01,IQ21300,99.2
2001-06-01,IQ21300,99.4
2001-07-01,IQ21300,99.3
2001-08-01,IQ21300,97.2
2001-09-01,IQ21300,97.1
2001-10-01,IQ21300,97.1
2001-11-01,IQ21300,96.9
2001-12-01,IQ21300,95.4
2002-01-01,IQ21300,94.9
2002-02-01,IQ21300,95.2
2002-03-01,IQ21300,94.7
2002-04-01,IQ21300,94.3
2002-05-01,IQ21300,94.2
2002-06-01,IQ21300,94.2
2002-07-01,IQ21300,93.9
2002-08-01,IQ21300,93.7
2002-09-01,IQ21300,92.9
2002-10-01,IQ21300,92.3
2002-11-01,IQ21300,92.0
2002-12-01,IQ21300,92.0
2003-01-01,IQ21300,91.5
2003-02-01,IQ21300,91.8
2003-03-01,IQ21300,92.4
2003-04-01,IQ21300,91.9
2003-05-01,IQ21300,91.0
2003-06-01,IQ21300,90.7
2003-07-01,IQ21300,90.8
2003-08-01,IQ21300,90.7
2003-09-01,IQ21300,91.1
2003-10-01,IQ21300,91.5
2003-11-01,IQ21300,91.5
2003-12-01,IQ21300,91.5
2004-01-01,IQ21300,88.7
2004-02-01,IQ21300,88.7
2004-03-01,IQ21300,88.7
2004-04-01,IQ21300,88.7
2004-05-01,IQ21300,88.0
2004-06-01,IQ21300,87.3
2004-07-01,IQ21300,85.8
2004-08-01,IQ21300,85.3
2004-09-01,IQ21300,85.1
2004-10-01,IQ21300,83.5
2004-11-01,IQ21300,82.0
2004-12-01,IQ21300,81.2
2005-01-01,IQ21300,79.8
2005-02-01,IQ21300,79.7
2005-03-01,IQ21300,78.7
2005-04-01,IQ21300,78.8
2005-05-01,IQ21300,78.6
2005-06-01,IQ21300,77.8
2005-07-01,IQ21300,76.0
2005-08-01,IQ21300,73.6
2005-09-01,IQ21300,72.0
2005-10-01,IQ21300,68.3
2005-11-01,IQ21300,68.2
2005-12-01,IQ21300,68.0
2006-01-01,IQ21300,67.0
2006-02-01,IQ21300,67.0
2006-03-01,IQ21300,67.3
2006-04-01,IQ21300,66.6
2006-05-01,IQ21300,66.5
2006-06-01,IQ21300,65.4
2006-07-01,IQ21300,64.6
2006-08-01,IQ21300,64.6
2006-09-01,IQ21300,64.5
2006-10-01,IQ21300,64.7
2006-11-01,IQ21300,63.7
2006-12-01,IQ21300,63.2
2007-01-01,IQ21300,62.0
2007-02-01,IQ21300,61.9
2007-03-01,IQ21300,60.0
2007-04-01,IQ21300,58.7
2007-05-01,IQ21300,59.3
2007-06-01,IQ21300,59.3
2007-07-01,IQ21300,59.5
2007-08-01,IQ21300,59.7
2007-09-01,IQ21300,59.6
2007-10-01,IQ21300,60.0
2007-11-01,IQ21300,60.2
2007-12-01,IQ21300,60.5
2008-01-01,IQ21300,57.2
2008-02-01,IQ21300,56.4
2008-03-01,IQ21300,55.6
2008-04-01,IQ21300,55.1
2008-05-01,IQ21300,53.7
2008-06-01,IQ21300,52.1
2008-07-01,IQ21300,51.8
2008-08-01,IQ21300,50.1
2008-09-01,IQ21300,51.0
2008-10-01,IQ21300,49.4
2008-11-01,IQ21300,49.3
2008-12-01,IQ21300,49.0
2009-01-01,IQ21300,48.2
2009-02-01,IQ21300,47.2
2009-03-01,IQ21300,47.1
2009-04-01,IQ21300,46.6
2009-05-01,IQ21300,45.5
2009-06-01,IQ21300,44.9
2009-07-01,IQ21300,44.5
2009-08-01,IQ21300,44.4
2009-09-01,IQ21300,44.8
2009-10-01,IQ21300,44.7
2009-11-01,IQ21300,44.9
2009-12-01,IQ21300,44.7
2010-01-01,IQ21300,44.3
2010-02-01,IQ21300,43.8
2010-03-01,IQ21300,43.9
2010-04-01,IQ21300,43.7
2010-05-01,IQ21300,43.7
2010-06-01,IQ21300,43.5
2010-07-01,IQ21300,43.7
2010-08-01,IQ21300,43.6
2010-09-01,IQ21300,43.6
2010-10-01,IQ21300,42.9
2010-11-01,IQ21300,42.7
2010-12-01,IQ21300,42.2
2011-01-01,IQ21300,41.9
2011-02-01,IQ21300,41.2
2011-03-01,IQ21300,41.6
2011-04-01,IQ21300,41.4
2011-05-01,IQ21300,41.2
2011-06-01,IQ21300,40.5
2011-07-01,IQ21300,40.6
2011-08-01,IQ21300,40.2
2011-09-01,IQ21300,40.0
2011-10-01,IQ21300,39.4
2011-11-01,IQ21300,39.2
2011-12-01,IQ21300,39.1
2012-01-01,IQ21300,38.6
2012-02-01,IQ21300,38.4
2012-03-01,IQ21300,38.1
2012-04-01,IQ21300,38.0
2012-05-01,IQ21300,37.7
2012-06-01,IQ21300,37.6
2012-07-01,IQ21300,37.0
2012-08-01,IQ21300,36.3
2012-09-01,IQ21300,36.1
2012-10-01,IQ21300,35.9
2012-11-01,IQ21300,34.6
2012-12-01,IQ21300,34.8
2013-01-01,IQ21300,34.7
2013-02-01,IQ21300,34.4
2013-03-01,IQ21300,33.5
2013-04-01,IQ21300,33.5
2013-05-01,IQ21300,33.7
2013-06-01,IQ21300,34.0
2013-07-01,IQ21300,34.0
2013-08-01,IQ21300,34.2
2013-09-01,IQ21300,33.9
2013-10-01,IQ21300,33.3
2013-11-01,IQ21300,33.4
2013-12-01,IQ21300,33.4
2014-01-01,IQ21300,33.4
2014-02-01,IQ21300,33.1
2014-03-01,IQ21300,33.1
2014-04-01,IQ21300,33.3
2014-05-01,IQ21300,33.3
2014-06-01,IQ21300,33.3
2014-07-01,IQ21300,32.7
2014-08-01,IQ21300,32.4
2014-09-01,IQ21300,32.6
2014-10-01,IQ21300,32.7
2014-11-01,IQ21300,32.2
2014-12-01,IQ21300,32.0
2015-01-01,IQ21300,31.9
2015-02-01,IQ21300,32.0
2015-03-01,IQ21300,32.2
2015-04-01,IQ21300,31.8
2015-05-01,IQ21300,31.6
2015-06-01,IQ21300,31.7
2015-07-01,IQ21300,31.6
2015-08-01,IQ21300,31.5
2015-09-01,IQ21300,31.6
2015-10-01,IQ21300,31.4
2015-11-01,IQ21300,31.0
2015-12-01,IQ21300,30.7
2016-01-01,IQ21300,30.0
2016-02-01,IQ21300,29.5
2016-03-01,IQ21300,29.1
2016-04-01,IQ21300,29.0
2016-05-01,IQ21300,28.9
2016-06-01,IQ21300,28.7
2016-07-01,IQ21300,28.4
2016-08-01,IQ21300,28.1
2016-09-01,IQ21300,28.1
2016-10-01,IQ21300,27.8
2016-11-01,IQ21300,28.0
2016-12-01,IQ21300,27.7
2017-01-01,IQ21300,26.7
2017-02-01,IQ21300,26.4
2017-03-01,IQ21300,26.4
2017-04-01,IQ21300,26.4
2017-05-01,IQ21300,26.5
2017-06-01,IQ21300,26.3
2017-07-01,IQ21300,26.0
2017-08-01,IQ21300,26.0
2017-09-01,IQ21300,25.6
2017-10-01,IQ21300,25.5
2017-11-01,IQ21300,25.4
2017-12-01,IQ21300,25.4
2018-01-01,IQ21300,25.2
2018-02-01,IQ21300,25.2
2018-03-01,IQ21300,25.1
2018-04-01,IQ21300,25.2
2018-05-01,IQ21300,25.2
2018-06-01,IQ21300,25.2
2018-07-01,IQ21300,25.2
2018-08-01,IQ21300,25.1
2018-09-01,IQ21300,25.1
2018-10-01,IQ21300,25.0
2018-11-01,IQ21300,24.7
2018-12-01,IQ21300,24.6
2019-01-01,IQ21300,24.7
2019-02-01,IQ21300,24.7
2019-03-01,IQ21300,24.5
2019-04-01,IQ21300,24.4
2019-05-01,IQ21300,23.8
2019-06-01,IQ21300,23.9
2019-07-01,IQ21300,23.7
2019-08-01,IQ21300,23.3
2019-09-01,IQ21300,23.3
2019-10-01,IQ21300,23.4
2019-11-01,IQ21300,23.4
2019-12-01,IQ21300,23.3
2020-01-01,IQ21300,23.2
2020-02-01,IQ21300,23.3
2020-03-01,IQ21300,24.1
2020-04-01,IQ21300,23.4
2020-05-01,IQ21300,23.3
2020-06-01,IQ21300,22.8
2020-07-01,IQ21300,22.8
2020-08-01,IQ21300,22.4
2020-09-01,IQ21300,22.1
2020-10-01,IQ21300,21.6
2020-11-01,IQ21300,21.4
2020-12-01,IQ21300,21.1
2021-01-01,IQ21300,21.9
2021-02-01,IQ21300,21.5
2021-03-01,IQ21300,21.4
2021-04-01,IQ21300,21.6
2021-05-01,IQ21300,21.8
2021-06-01,IQ21300,22.1
2021-07-01,IQ21300,22.0
2021-08-01,IQ21300,21.8
2021-09-01,IQ21300,22.2
2021-10-01,IQ21300,22.0
2021-11-01,IQ21300,21.8
2021-12-01,IQ21300,21.7
2022-01-01,IQ21300,22.0
2022-02-01,IQ21300,22.1
2022-03-01,IQ21300,22.5
2022-04-01,IQ21300,23.0
2022-05-01,IQ21300,23.0
2022-06-01,IQ21300,23.0
2022-07-01,IQ21300,23.1
2022-08-01,IQ21300,21.9
2022-09-01,IQ21300,22.5
2022-10-01,IQ21300,22.7
2022-11-01,IQ21300,22.4
2022-12-01,IQ21300,22.3
2023-01-01,IQ21300,22.3
2023-02-01,IQ21300,22.3
2023-03-01,IQ21300,22.3
2023-04-01,IQ21300,22.3
2023-05-01,IQ21300,22.3
2023-06-01,IQ21300,22.4
2023-07-01,IQ21300,22.5
2023-08-01,IQ21300,22.3
2023-09-01,IQ21300,22.1
2023-10-01,IQ21300,22.3
2023-11-01,IQ21300,22.1
2023-12-01,IQ21300,21.8
2024-01-01,IQ21300,21.7
2024-02-01,IQ21300,21.7
2024-03-01,IQ21300,21.0
2024-04-01,IQ21300,20.9
2024-05-01,IQ21300,20.7
2024-06-01,IQ21300,20.8
2024-07-01,IQ21300,20.7
2024-08-01,IQ21300,21.0
2024-09-01,IQ21300,21.0
2024-10-01,IQ21300,21.2
2024-11-01,IQ21300,21.4
2024-12-01,IQ21300,20.7
2025-01-01,IQ21300,21.1
2025-02-01,IQ21300,21.5
2025-03-01,IQ21300,21.9
2025-04-01,IQ21300,21.9
2025-05-01,IQ21300,22.1
2025-06-01,IQ21300,21.8
2025-07-01,IQ21300,21.6
2025-08-01,IQ21300,21.6
2025-09-01,IQ21300,21.5
2025-11-01,IQ21300,21.1
2025-12-01,IQ21300,20.9
2026-01-01,IQ21300,21.8
2026-02-01,IQ21300,22.2
2026-03-01,IQ21300,22.8
2026-04-01,IQ21300,23.6
2026-05-01,IQ21300,22.8
2026-06-01,IQ21300,23.9
2026-07-01,IQ21300,24.2
2026-08-01,IQ21300,24.7
1984-12-01,IQ21301,193.3
1985-03-01,IQ21301,192.5
1985-06-01,IQ21301,189.2
1985-09-01,IQ21301,188.4
1985-12-01,IQ21301,187.0
1986-03-01,IQ21301,189.7
1986-06-01,IQ21301,187.5
1986-09-01,IQ21301,187.2
1986-12-01,IQ21301,186.5
1987-03-01,IQ21301,181.9
1987-06-01,IQ21301,182.6
1987-09-01,IQ21301,180.4
1987-12-01,IQ21301,180.7
1988-03-01,IQ21301,181.4
1988-06-01,IQ21301,181.1
1988-09-01,IQ21301,183.4
1988-12-01,IQ21301,181.3
1989-03-01,IQ21301,180.9
1989-06-01,IQ21301,179.1
1989-09-01,IQ21301,178.9
1989-12-01,IQ21301,178.7
1990-03-01,IQ21301,178.6
1990-06-01,IQ21301,178.4
1990-09-01,IQ21301,179.1
1990-12-01,IQ21301,176.5
1991-03-01,IQ21301,176.0
1991-06-01,IQ21301,174.3
1991-09-01,IQ21301,173.1
1991-12-01,IQ21301,170.4
1992-03-01,IQ21301,169.2
1992-06-01,IQ21301,167.4
1992-09-01,IQ21301,166.9
1992-12-01,IQ21301,162.9
1993-03-01,IQ21301,159.5
1993-06-01,IQ21301,158.8
1993-09-01,IQ21301,155.6
1993-12-01,IQ21301,153.2
1994-01-01,IQ21301,150.7
1994-02-01,IQ21301,150.2
1994-03-01,IQ21301,149.7
1994-04-01,IQ21301,149.3
1994-05-01,IQ21301,148.4
1994-06-01,IQ21301,148.0
1994-07-01,IQ21301,148.1
1994-08-01,IQ21301,144.4
1994-09-01,IQ21301,144.3
1994-10-01,IQ21301,143.6
1994-11-01,IQ21301,143.3
1994-12-01,IQ21301,143.1
1995-01-01,IQ21301,142.1
1995-02-01,IQ21301,141.5
1995-03-01,IQ21301,140.8
1995-04-01,IQ21301,141.2
1995-05-01,IQ21301,140.7
1995-06-01,IQ21301,140.1
1995-07-01,IQ21301,139.6
1995-08-01,IQ21301,139.1
1995-09-01,IQ21301,138.7
1995-10-01,IQ21301,137.5
1995-11-01,IQ21301,137.2
1995-12-01,IQ21301,137.4
1996-01-01,IQ21301,135.1
1996-02-01,IQ21301,135.2
1996-03-01,IQ21301,134.9
1996-04-01,IQ21301,133.4
1996-05-01,IQ21301,132.7
1996-06-01,IQ21301,132.9
1996-07-01,IQ21301,130.0
1996-08-01,IQ21301,129.6
1996-09-01,IQ21301,127.2
1996-10-01,IQ21301,126.4
1996-11-01,IQ21301,125.8
1996-12-01,IQ21301,124.8
1997-01-01,IQ21301,124.2
1997-02-01,IQ21301,123.3
1997-03-01,IQ21301,124.0
1997-04-01,IQ21301,124.3
1997-05-01,IQ21301,122.9
1997-06-01,IQ21301,122.6
1997-07-01,IQ21301,121.7
1997-08-01,IQ21301,121.8
1997-09-01,IQ21301,121.1
1997-10-01,IQ21301,120.2
1997-11-01,IQ21301,119.7
1997-12-01,IQ21301,117.6
1998-01-01,IQ21301,116.6
1998-02-01,IQ21301,116.3
1998-03-01,IQ21301,115.4
1998-04-01,IQ21301,114.4
1998-05-01,IQ21301,114.4
1998-06-01,IQ21301,109.7
1998-07-01,IQ21301,109.7
1998-08-01,IQ21301,108.9
1998-09-01,IQ21301,108.1
1998-10-01,IQ21301,107.7
1998-11-01,IQ21301,107.7
1998-12-01,IQ21301,107.5
1999-01-01,IQ21301,106.3
1999-02-01,IQ21301,105.8
1999-03-01,IQ21301,105.7
1999-04-01,IQ21301,105.2
1999-05-01,IQ21301,104.9
1999-06-01,IQ21301,104.3
1999-07-01,IQ21301,103.3
1999-08-01,IQ21301,103.4
1999-09-01,IQ21301,102.6
1999-10-01,IQ21301,103.2
1999-11-01,IQ21301,103.2
1999-12-01,IQ21301,102.7
2000-01-01,IQ21301,102.7
2000-02-01,IQ21301,100.4
2000-03-01,IQ21301,100.4
2000-04-01,IQ21301,100.4
2000-05-01,IQ21301,100.4
2000-06-01,IQ21301,100.0
2000-07-01,IQ21301,100.1
2000-08-01,IQ21301,99.2
2000-09-01,IQ21301,99.2
2000-10-01,IQ21301,99.1
2000-11-01,IQ21301,99.1
2000-12-01,IQ21301,98.9
2001-01-01,IQ21301,98.6
2001-02-01,IQ21301,98.6
2001-03-01,IQ21301,97.9
2001-04-01,IQ21301,98.0
2001-05-01,IQ21301,96.7
2001-06-01,IQ21301,95.8
2001-07-01,IQ21301,95.3
2001-08-01,IQ21301,94.4
2001-09-01,IQ21301,94.5
2001-10-01,IQ21301,94.4
2001-11-01,IQ21301,93.7
2001-12-01,IQ21301,91.9
2002-01-01,IQ21301,91.7
2002-02-01,IQ21301,92.5
2002-03-01,IQ21301,93.0
2002-04-01,IQ21301,92.6
2002-05-01,IQ21301,91.2
2002-06-01,IQ21301,88.8
2002-07-01,IQ21301,88.9
2002-08-01,IQ21301,88.8
2002-09-01,IQ21301,87.6
2002-10-01,IQ21301,87.4
2002-11-01,IQ21301,86.9
2002-12-01,IQ21301,87.1
2003-01-01,IQ21301,87.4
2003-02-01,IQ21301,88.5
2003-03-01,IQ21301,88.1
2003-04-01,IQ21301,88.2
2003-05-01,IQ21301,88.3
2003-06-01,IQ21301,87.5
2003-07-01,IQ21301,87.5
2003-08-01,IQ21301,87.3
2003-09-01,IQ21301,86.8
2003-10-01,IQ21301,86.9
2003-11-01,IQ21301,86.9
2003-12-01,IQ21301,88.0
2004-01-01,IQ21301,87.9
2004-02-01,IQ21301,88.6
2004-03-01,IQ21301,88.8
2004-04-01,IQ21301,89.4
2004-05-01,IQ21301,89.3
2004-06-01,IQ21301,87.6
2004-07-01,IQ21301,87.4
2004-08-01,IQ21301,87.3
2004-09-01,IQ21301,86.8
2004-10-01,IQ21301,86.1
2004-11-01,IQ21301,85.5
2004-12-01,IQ21301,85.0
2005-01-01,IQ21301,84.3
2005-02-01,IQ21301,84.3
2005-03-01,IQ21301,83.7
2005-04-01,IQ21301,82.6
2005-05-01,IQ21301,82.3
2005-06-01,IQ21301,82.2
2005-07-01,IQ21301,80.9
2005-08-01,IQ21301,81.6
2005-09-01,IQ21301,81.5
2005-10-01,IQ21301,81.5
2005-11-01,IQ21301,80.5
2005-12-01,IQ21301,80.1
2006-01-01,IQ21301,81.4
2006-02-01,IQ21301,81.3
2006-03-01,IQ21301,81.2
2006-04-01,IQ21301,80.5
2006-05-01,IQ21301,80.8
2006-06-01,IQ21301,80.5
2006-07-01,IQ21301,80.3
2006-08-01,IQ21301,80.0
2006-09-01,IQ21301,80.6
2006-10-01,IQ21301,80.2
2006-11-01,IQ21301,79.6
2006-12-01,IQ21301,79.1
2007-01-01,IQ21301,77.7
2007-02-01,IQ21301,77.1
2007-03-01,IQ21301,76.5
2007-04-01,IQ21301,75.3
2007-05-01,IQ21301,75.0
2007-06-01,IQ21301,74.7
2007-07-01,IQ21301,74.1
2007-08-01,IQ21301,73.4
2007-09-01,IQ21301,73.2
2007-10-01,IQ21301,73.0
2007-11-01,IQ21301,72.4
2007-12-01,IQ21301,71.9
2008-01-01,IQ21301,72.2
2008-02-01,IQ21301,71.5
2008-03-01,IQ21301,70.6
2008-04-01,IQ21301,70.4
2008-05-01,IQ21301,70.4
2008-06-01,IQ21301,70.3
2008-07-01,IQ21301,69.8
2008-08-01,IQ21301,69.4
2008-09-01,IQ21301,68.6
2008-10-01,IQ21301,68.4
2008-11-01,IQ21301,68.2
2008-12-01,IQ21301,67.4
2009-01-01,IQ21301,67.0
2009-02-01,IQ21301,67.1
2009-03-01,IQ21301,65.9
2009-04-01,IQ21301,66.5
2009-05-01,IQ21301,67.2
2009-06-01,IQ21301,67.3
2009-07-01,IQ21301,67.0
2009-08-01,IQ21301,67.0
2009-09-01,IQ21301,67.6
2009-10-01,IQ21301,68.0
2009-11-01,IQ21301,69.1
2009-12-01,IQ21301,68.5
2010-01-01,IQ21301,67.0
2010-02-01,IQ21301,66.5
2010-03-01,IQ21301,67.2
2010-04-01,IQ21301,69.4
2010-05-01,IQ21301,68.5
2010-06-01,IQ21301,66.4
2010-07-01,IQ21301,65.7
2010-08-01,IQ21301,65.2
2010-09-01,IQ21301,65.2
2010-10-01,IQ21301,64.8
2010-11-01,IQ21301,65.3
2010-12-01,IQ21301,65.4
2011-01-01,IQ21301,64.5
2011-02-01,IQ21301,63.5
2011-03-01,IQ21301,63.7
2011-04-01,IQ21301,64.2
2011-05-01,IQ21301,64.0
2011-06-01,IQ21301,63.9
2011-07-01,IQ21301,63.0
2011-08-01,IQ21301,62.9
2011-09-01,IQ21301,62.7
2011-10-01,IQ21301,62.9
2011-11-01,IQ21301,62.7
2011-12-01,IQ21301,62.7
2012-01-01,IQ21301,67.3
2012-02-01,IQ21301,67.5
2012-03-01,IQ21301,67.4
2012-04-01,IQ21301,67.1
2012-05-01,IQ21301,67.1
2012-06-01,IQ21301,67.0
2012-07-01,IQ21301,67.3
2012-08-01,IQ21301,66.7
2012-09-01,IQ21301,66.8
2012-10-01,IQ21301,66.7
2012-11-01,IQ21301,68.2
2012-12-01,IQ21301,67.6
2013-01-01,IQ21301,67.9
2013-02-01,IQ21301,67.9
2013-03-01,IQ21301,68.4
2013-04-01,IQ21301,68.5
2013-05-01,IQ21301,68.0
2013-06-01,IQ21301,68.2
2013-07-01,IQ21301,67.2
2013-08-01,IQ21301,67.2
2013-09-01,IQ21301,67.2
2013-10-01,IQ21301,67.3
2013-11-01,IQ21301,67.9
2013-12-01,IQ21301,67.4
2014-01-01,IQ21301,67.5
2014-02-01,IQ21301,67.6
2014-03-01,IQ21301,68.1
2014-04-01,IQ21301,68.1
2014-05-01,IQ21301,68.3
2014-06-01,IQ21301,68.0
2014-07-01,IQ21301,67.5
2014-08-01,IQ21301,67.4
2014-09-01,IQ21301,67.4
2014-10-01,IQ21301,67.4
2014-11-01,IQ21301,67.4
2014-12-01,IQ21301,67.0
2015-01-01,IQ21301,67.0
2015-02-01,IQ21301,67.1
2015-03-01,IQ21301,66.1
2015-04-01,IQ21301,65.1
2015-05-01,IQ21301,64.4
2015-06-01,IQ21301,63.6
2015-07-01,IQ21301,63.3
2015-08-01,IQ21301,62.8
2015-09-01,IQ21301,62.7
2015-10-01,IQ21301,62.5
2015-11-01,IQ21301,62.4
2015-12-01,IQ21301,62.1
2016-01-01,IQ21301,61.5
2016-02-01,IQ21301,61.3
2016-03-01,IQ21301,61.0
2016-04-01,IQ21301,60.7
2016-05-01,IQ21301,60.4
2016-06-01,IQ21301,60.5
2016-07-01,IQ21301,59.9
2016-08-01,IQ21301,59.4
2016-09-01,IQ21301,59.0
2016-10-01,IQ21301,58.5
2016-11-01,IQ21301,58.6
2016-12-01,IQ21301,59.0
2017-01-01,IQ21301,59.4
2017-02-01,IQ21301,59.4
2017-03-01,IQ21301,59.5
2017-04-01,IQ21301,60.1
2017-05-01,IQ21301,60.3
2017-06-01,IQ21301,60.5
2017-07-01,IQ21301,60.8
2017-08-01,IQ21301,60.8
2017-09-01,IQ21301,60.6
2017-10-01,IQ21301,61.1
2017-11-01,IQ21301,61.2
2017-12-01,IQ21301,61.0
2018-01-01,IQ21301,61.3
2018-02-01,IQ21301,61.2
2018-03-01,IQ21301,61.1
2018-04-01,IQ21301,61.5
2018-05-01,IQ21301,61.4
2018-06-01,IQ21301,61.2
2018-07-01,IQ21301,61.3
2018-08-01,IQ21301,61.2
2018-09-01,IQ21301,61.5
2018-10-01,IQ21301,61.0
2018-11-01,IQ21301,61.0
2018-12-01,IQ21301,60.6
2019-01-01,IQ21301,60.4
2019-02-01,IQ21301,59.3
2019-03-01,IQ21301,59.1
2019-04-01,IQ21301,57.9
2019-05-01,IQ21301,57.6
2019-06-01,IQ21301,57.3
2019-07-01,IQ21301,57.2
2019-08-01,IQ21301,57.2
2019-09-01,IQ21301,57.7
2019-10-01,IQ21301,56.5
2019-11-01,IQ21301,56.4
2019-12-01,IQ21301,55.7
2020-01-01,IQ21301,55.6
2020-02-01,IQ21301,56.1
2020-03-01,IQ21301,56.3
2020-04-01,IQ21301,56.7
2020-05-01,IQ21301,56.9
2020-06-01,IQ21301,56.8
2020-07-01,IQ21301,57.0
2020-08-01,IQ21301,57.0
2020-09-01,IQ21301,56.5
2020-10-01,IQ21301,56.0
2020-11-01,IQ21301,55.7
2020-12-01,IQ21301,55.5
2021-01-01,IQ21301,55.3
2021-02-01,IQ21301,55.6
2021-03-01,IQ21301,56.5
2021-04-01,IQ21301,57.2
2021-05-01,IQ21301,57.3
2021-06-01,IQ21301,58.8
2021-07-01,IQ21301,59.0
2021-08-01,IQ21301,59.2
2021-09-01,IQ21301,59.3
2021-10-01,IQ21301,59.8
2021-11-01,IQ21301,60.4
2021-12-01,IQ21301,61.2
2022-01-01,IQ21301,62.1
2022-02-01,IQ21301,62.4
2022-03-01,IQ21301,62.2
2022-04-01,IQ21301,62.9
2022-05-01,IQ21301,62.9
2022-06-01,IQ21301,62.9
2022-07-01,IQ21301,62.3
2022-08-01,IQ21301,62.2
2022-09-01,IQ21301,62.1
2022-10-01,IQ21301,60.1
2022-11-01,IQ21301,58.9
2022-12-01,IQ21301,58.7
2023-01-01,IQ21301,58.2
2023-02-01,IQ21301,58.3
2023-03-01,IQ21301,57.8
2023-04-01,IQ21301,58.7
2023-05-01,IQ21301,58.7
2023-06-01,IQ21301,58.7
2023-07-01,IQ21301,58.0
2023-08-01,IQ21301,58.0
2023-09-01,IQ21301,57.8
2023-10-01,IQ21301,58.0
2023-11-01,IQ21301,57.9
2023-12-01,IQ21301,57.9
2024-01-01,IQ21301,57.9
2024-02-01,IQ21301,57.9
2024-03-01,IQ21301,58.0
2024-04-01,IQ21301,58.0
2024-05-01,IQ21301,57.9
2024-06-01,IQ21301,57.8
2024-07-01,IQ21301,57.7
2024-08-01,IQ21301,57.8
2024-09-01,IQ21301,57.9
2024-10-01,IQ21301,58.7
2024-11-01,IQ21301,58.8
2024-12-01,IQ21301,58.7
2025-01-01,IQ21301,59.0
2025-02-01,IQ21301,58.8
2025-03-01,IQ21301,58.8
2025-04-01,IQ21301,59.2
2025-05-01,IQ21301,58.8
2025-06-01,IQ21301,59.0
2025-07-01,IQ21301,59.1
2025-08-01,IQ21301,59.0
2025-09-01,IQ21301,59.2
2025-11-01,IQ21301,59.2
2025-12-01,IQ21301,58.9
2026-01-01,IQ21301,59.2
2026-02-01,IQ21301,59.2
2026-03-01,IQ21301,59.7
2026-04-01,IQ21301,59.9
2026-05-01,IQ21301,60.2
2026-06-01,IQ21301,60.5
2026-07-01,IQ21301,61.2
2026-08-01,IQ21301,61.1
2005-12-01,IZ3344,100.0
2006-01-01,IZ3344,99.6
2006-02-01,IZ3344,99.4
2006-03-01,IZ3344,99.5
2006-04-01,IZ3344,98.8
2006-05-01,IZ3344,98.8
2006-06-01,IZ3344,99.0
2006-07-01,IZ3344,99.1
2006-08-01,IZ3344,99.0
2006-09-01,IZ3344,99.2
2006-10-01,IZ3344,99.6
2006-11-01,IZ3344,99.8
2006-12-01,IZ3344,99.4
2007-01-01,IZ3344,99.3
2007-02-01,IZ3344,98.1
2007-03-01,IZ3344,97.3
2007-04-01,IZ3344,95.3
2007-05-01,IZ3344,95.0
2007-06-01,IZ3344,94.4
2007-07-01,IZ3344,94.5
2007-08-01,IZ3344,94.8
2007-09-01,IZ3344,95.0
2007-10-01,IZ3344,95.0
2007-11-01,IZ3344,95.3
2007-12-01,IZ3344,94.8
2008-01-01,IZ3344,91.6
2008-02-01,IZ3344,91.5
2008-03-01,IZ3344,91.0
2008-04-01,IZ3344,91.1
2008-05-01,IZ3344,91.3
2008-06-01,IZ3344,90.6
2008-07-01,IZ3344,89.7
2008-08-01,IZ3344,90.3
2008-09-01,IZ3344,90.2
2008-10-01,IZ3344,89.9
2008-11-01,IZ3344,89.6
2008-12-01,IZ3344,89.4
2009-01-01,IZ3344,88.1
2009-02-01,IZ3344,87.7
2009-03-01,IZ3344,87.7
2009-04-01,IZ3344,88.2
2009-05-01,IZ3344,88.2
2009-06-01,IZ3344,87.8
2009-07-01,IZ3344,87.4
2009-08-01,IZ3344,87.6
2009-09-01,IZ3344,87.7
2009-10-01,IZ3344,87.5
2009-11-01,IZ3344,87.8
2009-12-01,IZ3344,87.3
2010-01-01,IZ3344,87.1
2010-02-01,IZ3344,87.1
2010-03-01,IZ3344,85.4
2010-04-01,IZ3344,85.3
2010-05-01,IZ3344,85.4
2010-06-01,IZ3344,84.6
2010-07-01,IZ3344,85.0
2010-08-01,IZ3344,85.4
2010-09-01,IZ3344,86.1
2010-10-01,IZ3344,85.8
2010-11-01,IZ3344,85.7
2010-12-01,IZ3344,85.3
2011-01-01,IZ3344,85.2
2011-02-01,IZ3344,85.3
2011-03-01,IZ3344,84.7
2011-04-01,IZ3344,84.5
2011-05-01,IZ3344,84.4
2011-06-01,IZ3344,85.5
2011-07-01,IZ3344,84.6
2011-08-01,IZ3344,84.3
2011-09-01,IZ3344,83.8
2011-10-01,IZ3344,83.3
2011-11-01,IZ3344,83.1
2011-12-01,IZ3344,84.0
2012-01-01,IZ3344,84.0
2012-02-01,IZ3344,83.8
2012-03-01,IZ3344,83.7
2012-04-01,IZ3344,82.8
2012-05-01,IZ3344,82.7
2012-06-01,IZ3344,82.3
2012-07-01,IZ3344,82.2
2012-08-01,IZ3344,82.0
2012-09-01,IZ3344,82.3
2012-10-01,IZ3344,81.3
2012-11-01,IZ3344,81.1
2012-12-01,IZ3344,81.4
2013-01-01,IZ3344,81.3
2013-02-01,IZ3344,81.0
2013-03-01,IZ3344,80.8
2013-04-01,IZ3344,80.4
2013-05-01,IZ3344,80.7
2013-06-01,IZ3344,80.9
2013-07-01,IZ3344,80.9
2013-08-01,IZ3344,81.0
2013-09-01,IZ3344,81.1
2013-10-01,IZ3344,81.2
2013-11-01,IZ3344,81.7
2013-12-01,IZ3344,81.8
2014-01-01,IZ3344,81.5
2014-02-01,IZ3344,81.2
2014-03-01,IZ3344,81.4
2014-04-01,IZ3344,81.7
2014-05-01,IZ3344,81.7
2014-06-01,IZ3344,81.8
2014-07-01,IZ3344,81.7
2014-08-01,IZ3344,81.1
2014-09-01,IZ3344,81.1
2014-10-01,IZ3344,81.1
2014-11-01,IZ3344,80.7
2014-12-01,IZ3344,80.7
2015-01-01,IZ3344,80.5
2015-02-01,IZ3344,80.3
2015-03-01,IZ3344,80.2
2015-04-01,IZ3344,80.1
2015-05-01,IZ3344,79.9
2015-06-01,IZ3344,79.6
2015-07-01,IZ3344,79.2
2015-08-01,IZ3344,79.1
2015-09-01,IZ3344,78.6
2015-10-01,IZ3344,78.4
2015-11-01,IZ3344,78.3
2015-12-01,IZ3344,78.1
2016-01-01,IZ3344,78.0
2016-02-01,IZ3344,77.8
2016-03-01,IZ3344,77.7
2016-04-01,IZ3344,77.3
2016-05-01,IZ3344,77.1
2016-06-01,IZ3344,76.8
2016-07-01,IZ3344,76.6
2016-08-01,IZ3344,76.6
2016-09-01,IZ3344,76.5
2016-10-01,IZ3344,76.3
2016-11-01,IZ3344,76.3
2016-12-01,IZ3344,76.3
2017-01-01,IZ3344,75.9
2017-02-01,IZ3344,76.0
2017-03-01,IZ3344,76.4
2017-04-01,IZ3344,76.9
2017-05-01,IZ3344,77.0
2017-06-01,IZ3344,76.9
2017-07-01,IZ3344,77.5
2017-08-01,IZ3344,77.7
2017-09-01,IZ3344,77.7
2017-10-01,IZ3344,78.0
2017-11-01,IZ3344,78.0
2017-12-01,IZ3344,78.2
2018-01-01,IZ3344,78.2
2018-02-01,IZ3344,78.4
2018-03-01,IZ3344,78.7
2018-04-01,IZ3344,79.0
2018-05-01,IZ3344,79.2
2018-06-01,IZ3344,79.0
2018-07-01,IZ3344,79.0
2018-08-01,IZ3344,79.0
2018-09-01,IZ3344,79.6
2018-10-01,IZ3344,79.8
2018-11-01,IZ3344,79.8
2018-12-01,IZ3344,79.4
2019-01-01,IZ3344,79.4
2019-02-01,IZ3344,79.2
2019-03-01,IZ3344,78.9
2019-04-01,IZ3344,77.9
2019-05-01,IZ3344,77.4
2019-06-01,IZ3344,77.0
2019-07-01,IZ3344,76.0
2019-08-01,IZ3344,75.0
2019-09-01,IZ3344,74.6
2019-10-01,IZ3344,75.2
2019-11-01,IZ3344,75.0
2019-12-01,IZ3344,75.2
2020-01-01,IZ3344,74.7
2020-02-01,IZ3344,74.9
2020-03-01,IZ3344,75.1
2020-04-01,IZ3344,76.0
2020-05-01,IZ3344,76.3
2020-06-01,IZ3344,76.1
2020-07-01,IZ3344,75.8
2020-08-01,IZ3344,75.4
2020-09-01,IZ3344,75.2
2020-10-01,IZ3344,74.8
2020-11-01,IZ3344,74.5
2020-12-01,IZ3344,74.0
2021-01-01,IZ3344,74.4
2021-02-01,IZ3344,74.6
2021-03-01,IZ3344,74.8
2021-04-01,IZ3344,75.5
2021-05-01,IZ3344,75.9
2021-06-01,IZ3344,76.4
2021-07-01,IZ3344,76.7
2021-08-01,IZ3344,76.9
2021-09-01,IZ3344,77.2
2021-10-01,IZ3344,77.3
2021-11-01,IZ3344,77.5
2021-12-01,IZ3344,77.6
2022-01-01,IZ3344,78.3
2022-02-01,IZ3344,78.6
2022-03-01,IZ3344,79.0
2022-04-01,IZ3344,79.4
2022-05-01,IZ3344,79.9
2022-06-01,IZ3344,79.9
2022-07-01,IZ3344,80.1
2022-08-01,IZ3344,79.8
2022-09-01,IZ3344,79.5
2022-10-01,IZ3344,79.5
2022-11-01,IZ3344,79.5
2022-12-01,IZ3344,79.5
2023-01-01,IZ3344,78.2
2023-02-01,IZ3344,78.3
2023-03-01,IZ3344,77.8
2023-04-01,IZ3344,77.0
2023-05-01,IZ3344,77.0
2023-06-01,IZ3344,77.0
2023-07-01,IZ3344,76.8
2023-08-01,IZ3344,76.8
2023-09-01,IZ3344,77.1
2023-10-01,IZ3344,77.3
2023-11-01,IZ3344,77.0
2023-12-01,IZ3344,76.5
2024-01-01,IZ3344,76.0
2024-02-01,IZ3344,75.8
2024-03-01,IZ3344,75.7
2024-04-01,IZ3344,75.9
2024-05-01,IZ3344,75.6
2024-06-01,IZ3344,75.4
2024-07-01,IZ3344,75.4
2024-08-01,IZ3344,75.5
2024-09-01,IZ3344,75.6
2024-10-01,IZ3344,75.9
2024-11-01,IZ3344,76.6
2024-12-01,IZ3344,76.5
2025-01-01,IZ3344,76.1
2025-02-01,IZ3344,76.0
2025-03-01,IZ3344,76.0
2025-04-01,IZ3344,75.8
2025-05-01,IZ3344,75.5
2025-06-01,IZ3344,75.0
2025-07-01,IZ3344,74.9
2025-08-01,IZ3344,77.0
2025-09-01,IZ3344,77.0
2025-11-01,IZ3344,77.4
2025-12-01,IZ3344,77.3
2026-01-01,IZ3344,78.1
2026-02-01,IZ3344,83.4
2026-03-01,IZ3344,85.1
2026-04-01,IZ3344,90.9
2026-05-01,IZ3344,96.4
2026-06-01,IZ3344,98.1
2026-07-01,IZ3344,99.7
2026-08-01,IZ3344,104.0
2005-12-01,IY3344,100.0
2006-01-01,IY3344,99.3
2006-02-01,IY3344,98.3
2006-03-01,IY3344,98.2
2006-04-01,IY3344,97.8
2006-05-01,IY3344,97.4
2006-06-01,IY3344,97.0
2006-07-01,IY3344,96.2
2006-08-01,IY3344,94.8
2006-09-01,IY3344,94.9
2006-10-01,IY3344,94.8
2006-11-01,IY3344,94.7
2006-12-01,IY3344,94.6
2007-01-01,IY3344,94.1
2007-02-01,IY3344,94.4
2007-03-01,IY3344,94.5
2007-04-01,IY3344,95.0
2007-05-01,IY3344,95.0
2007-06-01,IY3344,95.3
2007-07-01,IY3344,95.3
2007-08-01,IY3344,95.0
2007-09-01,IY3344,95.1
2007-10-01,IY3344,94.7
2007-11-01,IY3344,95.1
2007-12-01,IY3344,95.7
2008-01-01,IY3344,95.7
2008-02-01,IY3344,96.2
2008-03-01,IY3344,95.3
2008-04-01,IY3344,95.1
2008-05-01,IY3344,94.9
2008-06-01,IY3344,96.7
2008-07-01,IY3344,94.7
2008-08-01,IY3344,94.3
2008-09-01,IY3344,93.8
2008-10-01,IY3344,91.9
2008-11-01,IY3344,91.9
2008-12-01,IY3344,91.8
2009-01-01,IY3344,91.8
2009-02-01,IY3344,93.3
2009-03-01,IY3344,93.5
2009-04-01,IY3344,94.9
2009-05-01,IY3344,95.4
2009-06-01,IY3344,95.1
2009-07-01,IY3344,94.7
2009-08-01,IY3344,94.8
2009-09-01,IY3344,95.1
2009-10-01,IY3344,92.5
2009-11-01,IY3344,92.4
2009-12-01,IY3344,91.6
2010-01-01,IY3344,92.1
2010-02-01,IY3344,91.9
2010-03-01,IY3344,91.5
2010-04-01,IY3344,91.4
2010-05-01,IY3344,90.8
2010-06-01,IY3344,90.5
2010-07-01,IY3344,89.7
2010-08-01,IY3344,89.4
2010-09-01,IY3344,89.3
2010-10-01,IY3344,88.7
2010-11-01,IY3344,88.7
2010-12-01,IY3344,89.7
2011-01-01,IY3344,90.1
2011-02-01,IY3344,90.1
2011-03-01,IY3344,88.9
2011-04-01,IY3344,88.8
2011-05-01,IY3344,88.5
2011-06-01,IY3344,89.0
2011-07-01,IY3344,89.7
2011-08-01,IY3344,89.6
2011-09-01,IY3344,89.7
2011-10-01,IY3344,90.4
2011-11-01,IY3344,90.4
2011-12-01,IY3344,91.1
2012-01-01,IY3344,91.5
2012-02-01,IY3344,91.1
2012-03-01,IY3344,91.3
2012-04-01,IY3344,90.8
2012-05-01,IY3344,91.2
2012-06-01,IY3344,91.0
2012-07-01,IY3344,90.7
2012-08-01,IY3344,90.5
2012-09-01,IY3344,90.6
2012-10-01,IY3344,91.1
2012-11-01,IY3344,90.9
2012-12-01,IY3344,90.9
2013-01-01,IY3344,91.6
2013-02-01,IY3344,92.3
2013-03-01,IY3344,92.1
2013-04-01,IY3344,90.7
2013-05-01,IY3344,90.7
2013-06-01,IY3344,90.6
2013-07-01,IY3344,91.8
2013-08-01,IY3344,91.6
2013-09-01,IY3344,91.4
2013-10-01,IY3344,90.5
2013-11-01,IY3344,90.5
2013-12-01,IY3344,90.3
2014-01-01,IY3344,89.7
2014-02-01,IY3344,89.7
2014-03-01,IY3344,89.7
2014-04-01,IY3344,89.5
2014-05-01,IY3344,89.8
2014-06-01,IY3344,89.9
2014-07-01,IY3344,88.9
2014-08-01,IY3344,89.1
2014-09-01,IY3344,88.7
2014-10-01,IY3344,87.7
2014-11-01,IY3344,87.8
2014-12-01,IY3344,88.5
2015-01-01,IY3344,88.8
2015-02-01,IY3344,88.6
2015-03-01,IY3344,88.3
2015-04-01,IY3344,87.4
2015-05-01,IY3344,87.0
2015-06-01,IY3344,87.2
2015-07-01,IY3344,87.7
2015-08-01,IY3344,87.3
2015-09-01,IY3344,87.4
2015-10-01,IY3344,86.9
2015-11-01,IY3344,87.0
2015-12-01,IY3344,86.8
2016-01-01,IY3344,85.9
2016-02-01,IY3344,85.9
2016-03-01,IY3344,86.0
2016-04-01,IY3344,86.0
2016-05-01,IY3344,86.0
2016-06-01,IY3344,86.0
2016-07-01,IY3344,85.9
2016-08-01,IY3344,85.9
2016-09-01,IY3344,85.8
2016-10-01,IY3344,85.8
2016-11-01,IY3344,86.1
2016-12-01,IY3344,86.1
2017-01-01,IY3344,85.9
2017-02-01,IY3344,85.7
2017-03-01,IY3344,85.7
2017-04-01,IY3344,85.6
2017-05-01,IY3344,85.5
2017-06-01,IY3344,85.5
2017-07-01,IY3344,85.7
2017-08-01,IY3344,85.7
2017-09-01,IY3344,85.8
2017-10-01,IY3344,87.3
2017-11-01,IY3344,87.4
2017-12-01,IY3344,87.4
2018-01-01,IY3344,87.7
2018-02-01,IY3344,87.6
2018-03-01,IY3344,87.9
2018-04-01,IY3344,88.4
2018-05-01,IY3344,88.8
2018-06-01,IY3344,88.7
2018-07-01,IY3344,89.1
2018-08-01,IY3344,88.9
2018-09-01,IY3344,89.1
2018-10-01,IY3344,88.9
2018-11-01,IY3344,88.8
2018-12-01,IY3344,88.7
2019-01-01,IY3344,88.8
2019-02-01,IY3344,88.8
2019-03-01,IY3344,88.8
2019-04-01,IY3344,88.9
2019-05-01,IY3344,88.8
2019-06-01,IY3344,88.8
2019-07-01,IY3344,88.6
2019-08-01,IY3344,88.6
2019-09-01,IY3344,88.6
2019-10-01,IY3344,87.7
2019-11-01,IY3344,87.8
2019-12-01,IY3344,88.0
2020-01-01,IY3344,88.7
2020-02-01,IY3344,89.8
2020-03-01,IY3344,89.8
2020-04-01,IY3344,90.5
2020-05-01,IY3344,90.3
2020-06-01,IY3344,91.2
2020-07-01,IY3344,91.2
2020-08-01,IY3344,91.2
2020-09-01,IY3344,91.2
2020-10-01,IY3344,91.2
2020-11-01,IY3344,91.2
2020-12-01,IY3344,91.2
2021-01-01,IY3344,91.1
2021-02-01,IY3344,91.1
2021-03-01,IY3344,91.2
2021-04-01,IY3344,91.1
2021-05-01,IY3344,91.1
2021-06-01,IY3344,92.0
2021-07-01,IY3344,92.0
2021-08-01,IY3344,92.4
2021-09-01,IY3344,93.0
2021-10-01,IY3344,93.2
2021-11-01,IY3344,93.1
2021-12-01,IY3344,92.9
2022-01-01,IY3344,93.4
2022-02-01,IY3344,94.0
2022-03-01,IY3344,94.4
2022-04-01,IY3344,94.8
2022-05-01,IY3344,94.7
2022-06-01,IY3344,94.8
2022-07-01,IY3344,95.1
2022-08-01,IY3344,95.4
2022-09-01,IY3344,95.9
2022-10-01,IY3344,95.4
2022-11-01,IY3344,94.7
2022-12-01,IY3344,94.2
2023-01-01,IY3344,93.5
2023-02-01,IY3344,93.3
2023-03-01,IY3344,92.6
2023-04-01,IY3344,92.1
2023-05-01,IY3344,91.5
2023-06-01,IY3344,90.8
2023-07-01,IY3344,90.3
2023-08-01,IY3344,90.3
2023-09-01,IY3344,90.3
2023-10-01,IY3344,90.2
2023-11-01,IY3344,90.0
2023-12-01,IY3344,89.8
2024-01-01,IY3344,89.4
2024-02-01,IY3344,89.5
2024-03-01,IY3344,90.2
2024-04-01,IY3344,90.3
2024-05-01,IY3344,89.7
2024-06-01,IY3344,89.1
2024-07-01,IY3344,88.9
2024-08-01,IY3344,89.2
2024-09-01,IY3344,89.4
2024-10-01,IY3344,89.7
2024-11-01,IY3344,89.6
2024-12-01,IY3344,89.6
2025-01-01,IY3344,89.7
2025-02-01,IY3344,89.9
2025-03-01,IY3344,89.6
2025-04-01,IY3344,89.7
2025-05-01,IY3344,89.6
2025-06-01,IY3344,89.5
2025-07-01,IY3344,89.4
2025-08-01,IY3344,89.4
2025-09-01,IY3344,89.9
2025-11-01,IY3344,90.0
2025-12-01,IY3344,90.1
2026-01-01,IY3344,88.7
2026-02-01,IY3344,87.3
2026-03-01,IY3344,86.0
2026-04-01,IY3344,86.4
2026-05-01,IY3344,86.5
2026-06-01,IY3344,86.6
2026-07-01,IY3344,85.8
2026-08-01,IY3344,85.6
2025-12-01,IZ3341,100.0
2026-01-01,IZ3341,100.1
2026-02-01,IZ3341,100.1
2026-03-01,IZ3341,100.2
2026-04-01,IZ3341,100.2
2026-05-01,IZ3341,100.3
2026-06-01,IZ3341,100.4
2026-07-01,IZ3341,102.1
2026-08-01,IZ3341,102.2
2005-12-01,IZ334,100.0
2006-01-01,IZ334,99.6
2006-02-01,IZ334,99.3
2006-03-01,IZ334,99.1
2006-04-01,IZ334,98.6
2006-05-01,IZ334,98.3
2006-06-01,IZ334,98.1
2006-07-01,IZ334,97.9
2006-08-01,IZ334,97.8
2006-09-01,IZ334,97.6
2006-10-01,IZ334,97.6
2006-11-01,IZ334,97.5
2006-12-01,IZ334,97.4
2007-01-01,IZ334,96.6
2007-02-01,IZ334,95.9
2007-03-01,IZ334,95.6
2007-04-01,IZ334,95.0
2007-05-01,IZ334,94.9
2007-06-01,IZ334,94.8
2007-07-01,IZ334,94.7
2007-08-01,IZ334,94.9
2007-09-01,IZ334,94.9
2007-10-01,IZ334,94.7
2007-11-01,IZ334,94.6
2007-12-01,IZ334,94.5
2008-01-01,IZ334,93.9
2008-02-01,IZ334,93.6
2008-03-01,IZ334,93.5
2008-04-01,IZ334,93.6
2008-05-01,IZ334,93.6
2008-06-01,IZ334,93.1
2008-07-01,IZ334,92.6
2008-08-01,IZ334,92.4
2008-09-01,IZ334,92.1
2008-10-01,IZ334,91.8
2008-11-01,IZ334,91.3
2008-12-01,IZ334,90.7
2009-01-01,IZ334,89.8
2009-02-01,IZ334,89.5
2009-03-01,IZ334,88.9
2009-04-01,IZ334,89.0
2009-05-01,IZ334,89.2
2009-06-01,IZ334,89.0
2009-07-01,IZ334,89.0
2009-08-01,IZ334,89.0
2009-09-01,IZ334,89.0
2009-10-01,IZ334,89.0
2009-11-01,IZ334,88.9
2009-12-01,IZ334,88.6
2010-01-01,IZ334,88.2
2010-02-01,IZ334,88.1
2010-03-01,IZ334,87.8
2010-04-01,IZ334,87.6
2010-05-01,IZ334,87.7
2010-06-01,IZ334,87.3
2010-07-01,IZ334,86.6
2010-08-01,IZ334,86.2
2010-09-01,IZ334,86.3
2010-10-01,IZ334,85.7
2010-11-01,IZ334,85.5
2010-12-01,IZ334,85.1
2011-01-01,IZ334,84.5
2011-02-01,IZ334,84.6
2011-03-01,IZ334,84.5
2011-04-01,IZ334,84.1
2011-05-01,IZ334,83.9
2011-06-01,IZ334,83.7
2011-07-01,IZ334,83.3
2011-08-01,IZ334,83.2
2011-09-01,IZ334,83.1
2011-10-01,IZ334,82.6
2011-11-01,IZ334,82.6
2011-12-01,IZ334,82.9
2012-01-01,IZ334,83.1
2012-02-01,IZ334,83.0
2012-03-01,IZ334,82.8
2012-04-01,IZ334,82.4
2012-05-01,IZ334,82.3
2012-06-01,IZ334,82.2
2012-07-01,IZ334,82.3
2012-08-01,IZ334,82.2
2012-09-01,IZ334,82.4
2012-10-01,IZ334,82.2
2012-11-01,IZ334,81.8
2012-12-01,IZ334,81.8
2013-01-01,IZ334,81.6
2013-02-01,IZ334,81.4
2013-03-01,IZ334,81.2
2013-04-01,IZ334,81.1
2013-05-01,IZ334,81.0
2013-06-01,IZ334,81.0
2013-07-01,IZ334,80.9
2013-08-01,IZ334,80.7
2013-09-01,IZ334,80.6
2013-10-01,IZ334,80.5
2013-11-01,IZ334,80.6
2013-12-01,IZ334,80.5
2014-01-01,IZ334,80.3
2014-02-01,IZ334,80.1
2014-03-01,IZ334,80.0
2014-04-01,IZ334,80.0
2014-05-01,IZ334,80.2
2014-06-01,IZ334,80.2
2014-07-01,IZ334,79.9
2014-08-01,IZ334,79.7
2014-09-01,IZ334,79.6
2014-10-01,IZ334,79.5
2014-11-01,IZ334,79.4
2014-12-01,IZ334,79.2
2015-01-01,IZ334,78.8
2015-02-01,IZ334,78.6
2015-03-01,IZ334,78.5
2015-04-01,IZ334,78.4
2015-05-01,IZ334,78.1
2015-06-01,IZ334,78.0
2015-07-01,IZ334,77.9
2015-08-01,IZ334,77.8
2015-09-01,IZ334,77.6
2015-10-01,IZ334,77.5
2015-11-01,IZ334,77.4
2015-12-01,IZ334,77.3
2016-01-01,IZ334,77.1
2016-02-01,IZ334,77.1
2016-03-01,IZ334,76.9
2016-04-01,IZ334,76.7
2016-05-01,IZ334,76.7
2016-06-01,IZ334,76.5
2016-07-01,IZ334,76.4
2016-08-01,IZ334,76.2
2016-09-01,IZ334,76.3
2016-10-01,IZ334,76.3
2016-11-01,IZ334,75.8
2016-12-01,IZ334,76.0
2017-01-01,IZ334,75.8
2017-02-01,IZ334,75.8
2017-03-01,IZ334,75.8
2017-04-01,IZ334,75.8
2017-05-01,IZ334,75.8
2017-06-01,IZ334,75.9
2017-07-01,IZ334,76.0
2017-08-01,IZ334,76.0
2017-09-01,IZ334,75.7
2017-10-01,IZ334,75.7
2017-11-01,IZ334,75.7
2017-12-01,IZ334,75.6
2018-01-01,IZ334,75.5
2018-02-01,IZ334,75.6
2018-03-01,IZ334,75.6
2018-04-01,IZ334,75.6
2018-05-01,IZ334,75.3
2018-06-01,IZ334,75.1
2018-07-01,IZ334,75.0
2018-08-01,IZ334,74.9
2018-09-01,IZ334,74.9
2018-10-01,IZ334,74.8
2018-11-01,IZ334,74.7
2018-12-01,IZ334,74.5
2019-01-01,IZ334,74.1
2019-02-01,IZ334,74.0
2019-03-01,IZ334,73.8
2019-04-01,IZ334,73.1
2019-05-01,IZ334,73.0
2019-06-01,IZ334,72.7
2019-07-01,IZ334,72.4
2019-08-01,IZ334,72.2
2019-09-01,IZ334,72.1
2019-10-01,IZ334,72.0
2019-11-01,IZ334,71.7
2019-12-01,IZ334,71.7
2020-01-01,IZ334,71.7
2020-02-01,IZ334,71.7
2020-03-01,IZ334,71.8
2020-04-01,IZ334,71.9
2020-05-01,IZ334,72.0
2020-06-01,IZ334,72.1
2020-07-01,IZ334,71.9
2020-08-01,IZ334,71.9
2020-09-01,IZ334,71.8
2020-10-01,IZ334,71.7
2020-11-01,IZ334,71.6
2020-12-01,IZ334,71.6
2021-01-01,IZ334,71.7
2021-02-01,IZ334,71.8
2021-03-01,IZ334,71.9
2021-04-01,IZ334,72.1
2021-05-01,IZ334,72.2
2021-06-01,IZ334,72.4
2021-07-01,IZ334,72.8
2021-08-01,IZ334,73.0
2021-09-01,IZ334,73.1
2021-10-01,IZ334,73.2
2021-11-01,IZ334,73.3
2021-12-01,IZ334,73.1
2022-01-01,IZ334,73.4
2022-02-01,IZ334,73.8
2022-03-01,IZ334,73.9
2022-04-01,IZ334,74.0
2022-05-01,IZ334,74.0
2022-06-01,IZ334,74.0
2022-07-01,IZ334,73.9
2022-08-01,IZ334,73.8
2022-09-01,IZ334,73.7
2022-10-01,IZ334,74.1
2022-11-01,IZ334,74.1
2022-12-01,IZ334,74.1
2023-01-01,IZ334,73.8
2023-02-01,IZ334,73.8
2023-03-01,IZ334,73.5
2023-04-01,IZ334,73.0
2023-05-01,IZ334,72.8
2023-06-01,IZ334,72.7
2023-07-01,IZ334,72.6
2023-08-01,IZ334,72.5
2023-09-01,IZ334,72.5
2023-10-01,IZ334,72.2
2023-11-01,IZ334,72.2
2023-12-01,IZ334,72.2
2024-01-01,IZ334,72.2
2024-02-01,IZ334,72.2
2024-03-01,IZ334,72.1
2024-04-01,IZ334,72.2
2024-05-01,IZ334,72.1
2024-06-01,IZ334,72.1
2024-07-01,IZ334,72.2
2024-08-01,IZ334,72.3
2024-09-01,IZ334,72.4
2024-10-01,IZ334,72.5
2024-11-01,IZ334,72.6
2024-12-01,IZ334,72.5
2025-01-01,IZ334,72.2
2025-02-01,IZ334,71.8
2025-03-01,IZ334,71.6
2025-04-01,IZ334,71.5
2025-05-01,IZ334,71.5
2025-06-01,IZ334,71.4
2025-07-01,IZ334,71.3
2025-08-01,IZ334,71.8
2025-09-01,IZ334,71.6
2025-11-01,IZ334,71.8
2025-12-01,IZ334,71.8
2026-01-01,IZ334,72.1
2026-02-01,IZ334,73.5
2026-03-01,IZ334,74.1
2026-04-01,IZ334,75.4
2026-05-01,IZ334,76.8
2026-06-01,IZ334,77.2
2026-07-01,IZ334,78.1
2026-08-01,IZ334,79.2
2012-06-01,COOASZ3344,100.0
2012-07-01,COOASZ3344,99.2
2012-08-01,COOASZ3344,99.1
2012-09-01,COOASZ3344,100.0
2012-10-01,COOASZ3344,100.1
2012-11-01,COOASZ3344,95.9
2012-12-01,COOASZ3344,95.7
2013-01-01,COOASZ3344,95.3
2013-02-01,COOASZ3344,95.2
2013-03-01,COOASZ3344,96.3
2013-04-01,COOASZ3344,97.4
2013-05-01,COOASZ3344,99.9
2013-06-01,COOASZ3344,101.1
2013-07-01,COOASZ3344,101.6
2013-08-01,COOASZ3344,101.4
2013-09-01,COOASZ3344,101.1
2013-10-01,COOASZ3344,101.2
2013-11-01,COOASZ3344,104.5
2013-12-01,COOASZ3344,105.0
2014-01-01,COOASZ3344,104.9
2014-02-01,COOASZ3344,103.4
2014-03-01,COOASZ3344,102.3
2014-04-01,COOASZ3344,100.0
2014-05-01,COOASZ3344,99.8
2014-06-01,COOASZ3344,99.4
2014-07-01,COOASZ3344,98.2
2014-08-01,COOASZ3344,98.5
2014-09-01,COOASZ3344,98.3
2014-10-01,COOASZ3344,99.5
2014-11-01,COOASZ3344,99.2
2014-12-01,COOASZ3344,99.2
2015-01-01,COOASZ3344,99.9
2015-02-01,COOASZ3344,99.8
2015-03-01,COOASZ3344,99.5
2015-04-01,COOASZ3344,99.8
2015-05-01,COOASZ3344,99.6
2015-06-01,COOASZ3344,98.6
2015-07-01,COOASZ3344,97.8
2015-08-01,COOASZ3344,97.5
2015-09-01,COOASZ3344,97.3
2015-10-01,COOASZ3344,97.0
2015-11-01,COOASZ3344,97.1
2015-12-01,COOASZ3344,97.3
2016-01-01,COOASZ3344,97.1
2016-02-01,COOASZ3344,97.1
2016-03-01,COOASZ3344,96.9
2016-04-01,COOASZ3344,95.4
2016-05-01,COOASZ3344,95.2
2016-06-01,COOASZ3344,94.4
2016-07-01,COOASZ3344,94.2
2016-08-01,COOASZ3344,94.3
2016-09-01,COOASZ3344,94.6
2016-10-01,COOASZ3344,94.5
2016-11-01,COOASZ3344,94.4
2016-12-01,COOASZ3344,94.8
2017-01-01,COOASZ3344,94.4
2017-02-01,COOASZ3344,94.8
2017-03-01,COOASZ3344,95.3
2017-04-01,COOASZ3344,96.3
2017-05-01,COOASZ3344,96.4
2017-06-01,COOASZ3344,97.8
2017-07-01,COOASZ3344,99.7
2017-08-01,COOASZ3344,100.0
2017-09-01,COOASZ3344,100.0
2017-10-01,COOASZ3344,100.3
2017-11-01,COOASZ3344,99.9
2017-12-01,COOASZ3344,99.7
2018-01-01,COOASZ3344,100.1
2018-02-01,COOASZ3344,100.1
2018-03-01,COOASZ3344,100.9
2018-04-01,COOASZ3344,101.7
2018-05-01,COOASZ3344,101.8
2018-06-01,COOASZ3344,100.6
2018-07-01,COOASZ3344,100.6
2018-08-01,COOASZ3344,100.6
2018-09-01,COOASZ3344,100.6
2018-10-01,COOASZ3344,100.6
2018-11-01,COOASZ3344,100.5
2018-12-01,COOASZ3344,100.0
2019-01-01,COOASZ3344,100.0
2019-02-01,COOASZ3344,99.8
2019-03-01,COOASZ3344,99.2
2019-04-01,COOASZ3344,98.9
2019-05-01,COOASZ3344,98.7
2019-06-01,COOASZ3344,98.8
2019-07-01,COOASZ3344,98.7
2019-08-01,COOASZ3344,98.5
2019-09-01,COOASZ3344,98.1
2019-10-01,COOASZ3344,97.5
2019-11-01,COOASZ3344,97.5
2019-12-01,COOASZ3344,97.9
2020-01-01,COOASZ3344,95.2
2020-02-01,COOASZ3344,96.2
2020-03-01,COOASZ3344,97.2
2020-04-01,COOASZ3344,101.9
2020-05-01,COOASZ3344,103.0
2020-06-01,COOASZ3344,104.2
2020-07-01,COOASZ3344,104.6
2020-08-01,COOASZ3344,103.9
2020-09-01,COOASZ3344,103.8
2020-10-01,COOASZ3344,102.8
2020-11-01,COOASZ3344,100.3
2020-12-01,COOASZ3344,98.9
2021-01-01,COOASZ3344,99.9
2021-02-01,COOASZ3344,101.4
2021-03-01,COOASZ3344,100.8
2021-04-01,COOASZ3344,101.6
2021-05-01,COOASZ3344,103.4
2021-06-01,COOASZ3344,104.8
2021-07-01,COOASZ3344,105.3
2021-08-01,COOASZ3344,106.4
2021-09-01,COOASZ3344,108.2
2021-10-01,COOASZ3344,108.4
2021-11-01,COOASZ3344,108.1
2021-12-01,COOASZ3344,108.0
2022-01-01,COOASZ3344,108.7
2022-02-01,COOASZ3344,107.9
2022-03-01,COOASZ3344,107.8
2022-04-01,COOASZ3344,107.7
2022-05-01,COOASZ3344,106.9
2022-06-01,COOASZ3344,104.7
2022-07-01,COOASZ3344,106.5
2022-08-01,COOASZ3344,106.4
2022-09-01,COOASZ3344,104.4
2022-10-01,COOASZ3344,103.4
2022-11-01,COOASZ3344,102.7
2022-12-01,COOASZ3344,102.9
2023-01-01,COOASZ3344,98.4
2023-02-01,COOASZ3344,98.2
2023-03-01,COOASZ3344,94.2
2023-04-01,COOASZ3344,90.9
2023-05-01,COOASZ3344,91.3
2023-06-01,COOASZ3344,91.3
2023-07-01,COOASZ3344,91.0
2023-08-01,COOASZ3344,91.2
2023-09-01,COOASZ3344,91.3
2023-10-01,COOASZ3344,91.4
2023-11-01,COOASZ3344,91.2
2023-12-01,COOASZ3344,89.8
2024-01-01,COOASZ3344,89.8
2024-02-01,COOASZ3344,90.1
2024-03-01,COOASZ3344,89.6
2024-04-01,COOASZ3344,89.3
2024-05-01,COOASZ3344,89.2
2024-06-01,COOASZ3344,89.3
2024-07-01,COOASZ3344,89.4
2024-08-01,COOASZ3344,89.7
2024-09-01,COOASZ3344,89.7
2024-10-01,COOASZ3344,90.3
2024-11-01,COOASZ3344,93.0
2024-12-01,COOASZ3344,93.1
2025-01-01,COOASZ3344,92.3
2025-02-01,COOASZ3344,92.1
2025-03-01,COOASZ3344,92.0
2025-04-01,COOASZ3344,91.3
2025-05-01,COOASZ3344,90.8
2025-06-01,COOASZ3344,89.6
2025-07-01,COOASZ3344,89.9
2025-08-01,COOASZ3344,95.1
2025-09-01,COOASZ3344,95.3
2025-11-01,COOASZ3344,96.9
2025-12-01,COOASZ3344,96.9
2026-01-01,COOASZ3344,98.1
2026-02-01,COOASZ3344,106.5
2026-03-01,COOASZ3344,108.9
2026-04-01,COOASZ3344,117.2
2026-05-01,COOASZ3344,127.1
2026-06-01,COOASZ3344,130.0
2026-07-01,COOASZ3344,130.8
2026-08-01,COOASZ3344,138.4
2012-06-01,COPRIMZ3344,100.0
2012-07-01,COPRIMZ3344,99.7
2012-08-01,COPRIMZ3344,99.7
2012-09-01,COPRIMZ3344,99.5
2012-10-01,COPRIMZ3344,98.7
2012-11-01,COPRIMZ3344,98.7
2012-12-01,COPRIMZ3344,98.7
2013-01-01,COPRIMZ3344,98.4
2013-02-01,COPRIMZ3344,98.3
2013-03-01,COPRIMZ3344,98.5
2013-04-01,COPRIMZ3344,98.5
2013-05-01,COPRIMZ3344,99.8
2013-06-01,COPRIMZ3344,100.2
2013-07-01,COPRIMZ3344,100.4
2013-08-01,COPRIMZ3344,100.2
2013-09-01,COPRIMZ3344,100.6
2013-10-01,COPRIMZ3344,100.9
2013-11-01,COPRIMZ3344,102.0
2013-12-01,COPRIMZ3344,102.2
2014-01-01,COPRIMZ3344,101.8
2014-02-01,COPRIMZ3344,101.1
2014-03-01,COPRIMZ3344,100.6
2014-04-01,COPRIMZ3344,100.6
2014-05-01,COPRIMZ3344,100.3
2014-06-01,COPRIMZ3344,100.4
2014-07-01,COPRIMZ3344,99.7
2014-08-01,COPRIMZ3344,96.9
2014-09-01,COPRIMZ3344,95.8
2014-10-01,COPRIMZ3344,96.2
2014-11-01,COPRIMZ3344,95.5
2014-12-01,COPRIMZ3344,95.4
2015-01-01,COPRIMZ3344,95.6
2015-02-01,COPRIMZ3344,95.5
2015-03-01,COPRIMZ3344,95.0
2015-04-01,COPRIMZ3344,94.9
2015-05-01,COPRIMZ3344,95.0
2015-06-01,COPRIMZ3344,94.7
2015-07-01,COPRIMZ3344,94.2
2015-08-01,COPRIMZ3344,94.2
2015-09-01,COPRIMZ3344,94.1
2015-10-01,COPRIMZ3344,94.0
2015-11-01,COPRIMZ3344,93.9
2015-12-01,COPRIMZ3344,93.4
2016-01-01,COPRIMZ3344,93.2
2016-02-01,COPRIMZ3344,91.6
2016-03-01,COPRIMZ3344,91.0
2016-04-01,COPRIMZ3344,90.6
2016-05-01,COPRIMZ3344,90.5
2016-06-01,COPRIMZ3344,90.0
2016-07-01,COPRIMZ3344,90.1
2016-08-01,COPRIMZ3344,90.4
2016-09-01,COPRIMZ3344,90.6
2016-10-01,COPRIMZ3344,90.2
2016-11-01,COPRIMZ3344,90.2
2016-12-01,COPRIMZ3344,90.3
2017-01-01,COPRIMZ3344,90.1
2017-02-01,COPRIMZ3344,90.4
2017-03-01,COPRIMZ3344,90.6
2017-04-01,COPRIMZ3344,92.1
2017-05-01,COPRIMZ3344,92.3
2017-06-01,COPRIMZ3344,92.0
2017-07-01,COPRIMZ3344,93.1
2017-08-01,COPRIMZ3344,93.2
2017-09-01,COPRIMZ3344,93.2
2017-10-01,COPRIMZ3344,93.4
2017-11-01,COPRIMZ3344,93.3
2017-12-01,COPRIMZ3344,93.5
2018-01-01,COPRIMZ3344,93.8
2018-02-01,COPRIMZ3344,94.1
2018-03-01,COPRIMZ3344,94.5
2018-04-01,COPRIMZ3344,95.2
2018-05-01,COPRIMZ3344,95.2
2018-06-01,COPRIMZ3344,94.8
2018-07-01,COPRIMZ3344,94.9
2018-08-01,COPRIMZ3344,94.9
2018-09-01,COPRIMZ3344,95.5
2018-10-01,COPRIMZ3344,95.5
2018-11-01,COPRIMZ3344,95.6
2018-12-01,COPRIMZ3344,95.5
2019-01-01,COPRIMZ3344,95.0
2019-02-01,COPRIMZ3344,95.3
2019-03-01,COPRIMZ3344,95.1
2019-04-01,COPRIMZ3344,93.9
2019-05-01,COPRIMZ3344,93.6
2019-06-01,COPRIMZ3344,93.3
2019-07-01,COPRIMZ3344,91.9
2019-08-01,COPRIMZ3344,91.7
2019-09-01,COPRIMZ3344,91.6
2019-10-01,COPRIMZ3344,91.0
2019-11-01,COPRIMZ3344,91.0
2019-12-01,COPRIMZ3344,91.3
2020-01-01,COPRIMZ3344,90.1
2020-02-01,COPRIMZ3344,90.6
2020-03-01,COPRIMZ3344,91.1
2020-04-01,COPRIMZ3344,93.4
2020-05-01,COPRIMZ3344,93.8
2020-06-01,COPRIMZ3344,94.7
2020-07-01,COPRIMZ3344,94.7
2020-08-01,COPRIMZ3344,94.3
2020-09-01,COPRIMZ3344,94.1
2020-10-01,COPRIMZ3344,93.4
2020-11-01,COPRIMZ3344,92.1
2020-12-01,COPRIMZ3344,91.5
2021-01-01,COPRIMZ3344,91.9
2021-02-01,COPRIMZ3344,92.6
2021-03-01,COPRIMZ3344,92.4
2021-04-01,COPRIMZ3344,92.8
2021-05-01,COPRIMZ3344,93.3
2021-06-01,COPRIMZ3344,93.8
2021-07-01,COPRIMZ3344,94.2
2021-08-01,COPRIMZ3344,94.5
2021-09-01,COPRIMZ3344,95.2
2021-10-01,COPRIMZ3344,95.0
2021-11-01,COPRIMZ3344,95.1
2021-12-01,COPRIMZ3344,95.0
2022-01-01,COPRIMZ3344,95.3
2022-02-01,COPRIMZ3344,95.1
2022-03-01,COPRIMZ3344,94.9
2022-04-01,COPRIMZ3344,95.8
2022-05-01,COPRIMZ3344,96.6
2022-06-01,COPRIMZ3344,96.8
2022-07-01,COPRIMZ3344,97.1
2022-08-01,COPRIMZ3344,96.6
2022-09-01,COPRIMZ3344,95.4
2022-10-01,COPRIMZ3344,94.9
2022-11-01,COPRIMZ3344,94.9
2022-12-01,COPRIMZ3344,95.1
2023-01-01,COPRIMZ3344,93.1
2023-02-01,COPRIMZ3344,92.8
2023-03-01,COPRIMZ3344,90.7
2023-04-01,COPRIMZ3344,89.4
2023-05-01,COPRIMZ3344,89.7
2023-06-01,COPRIMZ3344,89.7
2023-07-01,COPRIMZ3344,89.5
2023-08-01,COPRIMZ3344,89.5
2023-09-01,COPRIMZ3344,89.6
2023-10-01,COPRIMZ3344,90.1
2023-11-01,COPRIMZ3344,90.1
2023-12-01,COPRIMZ3344,89.5
2024-01-01,COPRIMZ3344,89.2
2024-02-01,COPRIMZ3344,89.1
2024-03-01,COPRIMZ3344,88.6
2024-04-01,COPRIMZ3344,88.5
2024-05-01,COPRIMZ3344,88.1
2024-06-01,COPRIMZ3344,86.5
2024-07-01,COPRIMZ3344,86.5
2024-08-01,COPRIMZ3344,86.8
2024-09-01,COPRIMZ3344,87.1
2024-10-01,COPRIMZ3344,87.6
2024-11-01,COPRIMZ3344,88.8
2024-12-01,COPRIMZ3344,88.4
2025-01-01,COPRIMZ3344,87.9
2025-02-01,COPRIMZ3344,87.9
2025-03-01,COPRIMZ3344,87.8
2025-04-01,COPRIMZ3344,87.4
2025-05-01,COPRIMZ3344,86.9
2025-06-01,COPRIMZ3344,86.4
2025-07-01,COPRIMZ3344,86.6
2025-08-01,COPRIMZ3344,90.1
2025-09-01,COPRIMZ3344,90.1
2025-11-01,COPRIMZ3344,90.9
2025-12-01,COPRIMZ3344,90.6
2026-01-01,COPRIMZ3344,91.7
2026-02-01,COPRIMZ3344,99.2
2026-03-01,COPRIMZ3344,101.4
2026-04-01,COPRIMZ3344,108.4
2026-05-01,COPRIMZ3344,116.6
2026-06-01,COPRIMZ3344,119.1
2026-07-01,COPRIMZ3344,119.6
2026-08-01,COPRIMZ3344,126.1
2012-06-01,COINDUSZ3344,100.0
2012-07-01,COINDUSZ3344,99.8
2012-08-01,COINDUSZ3344,99.7
2012-09-01,COINDUSZ3344,99.6
2012-10-01,COINDUSZ3344,99.6
2012-11-01,COINDUSZ3344,99.0
2012-12-01,COINDUSZ3344,98.7
2013-01-01,COINDUSZ3344,98.3
2013-02-01,COINDUSZ3344,98.4
2013-03-01,COINDUSZ3344,98.3
2013-04-01,COINDUSZ3344,98.1
2013-05-01,COINDUSZ3344,98.1
2013-06-01,COINDUSZ3344,98.5
2013-07-01,COINDUSZ3344,98.4
2013-08-01,COINDUSZ3344,98.2
2013-09-01,COINDUSZ3344,98.3
2013-10-01,COINDUSZ3344,98.2
2013-11-01,COINDUSZ3344,98.3
2013-12-01,COINDUSZ3344,98.1
2014-01-01,COINDUSZ3344,97.3
2014-02-01,COINDUSZ3344,96.9
2014-03-01,COINDUSZ3344,96.8
2014-04-01,COINDUSZ3344,96.9
2014-05-01,COINDUSZ3344,97.2
2014-06-01,COINDUSZ3344,97.4
2014-07-01,COINDUSZ3344,97.1
2014-08-01,COINDUSZ3344,97.1
2014-09-01,COINDUSZ3344,97.1
2014-10-01,COINDUSZ3344,96.8
2014-11-01,COINDUSZ3344,96.7
2014-12-01,COINDUSZ3344,96.3
2015-01-01,COINDUSZ3344,95.6
2015-02-01,COINDUSZ3344,95.6
2015-03-01,COINDUSZ3344,95.5
2015-04-01,COINDUSZ3344,95.3
2015-05-01,COINDUSZ3344,95.4
2015-06-01,COINDUSZ3344,95.1
2015-07-01,COINDUSZ3344,94.8
2015-08-01,COINDUSZ3344,94.7
2015-09-01,COINDUSZ3344,94.7
2015-10-01,COINDUSZ3344,94.7
2015-11-01,COINDUSZ3344,94.7
2015-12-01,COINDUSZ3344,94.5
2016-01-01,COINDUSZ3344,94.3
2016-02-01,COINDUSZ3344,94.4
2016-03-01,COINDUSZ3344,94.5
2016-04-01,COINDUSZ3344,94.6
2016-05-01,COINDUSZ3344,94.8
2016-06-01,COINDUSZ3344,95.0
2016-07-01,COINDUSZ3344,94.4
2016-08-01,COINDUSZ3344,94.6
2016-09-01,COINDUSZ3344,95.0
2016-10-01,COINDUSZ3344,94.9
2016-11-01,COINDUSZ3344,94.5
2016-12-01,COINDUSZ3344,93.9
2017-01-01,COINDUSZ3344,93.2
2017-02-01,COINDUSZ3344,93.3
2017-03-01,COINDUSZ3344,93.5
2017-04-01,COINDUSZ3344,93.2
2017-05-01,COINDUSZ3344,93.3
2017-06-01,COINDUSZ3344,93.2
2017-07-01,COINDUSZ3344,94.6
2017-08-01,COINDUSZ3344,94.5
2017-09-01,COINDUSZ3344,94.6
2017-10-01,COINDUSZ3344,94.6
2017-11-01,COINDUSZ3344,94.0
2017-12-01,COINDUSZ3344,94.0
2018-01-01,COINDUSZ3344,95.0
2018-02-01,COINDUSZ3344,95.3
2018-03-01,COINDUSZ3344,95.8
2018-04-01,COINDUSZ3344,95.8
2018-05-01,COINDUSZ3344,95.5
2018-06-01,COINDUSZ3344,95.2
2018-07-01,COINDUSZ3344,95.0
2018-08-01,COINDUSZ3344,95.0
2018-09-01,COINDUSZ3344,95.2
2018-10-01,COINDUSZ3344,95.1
2018-11-01,COINDUSZ3344,95.2
2018-12-01,COINDUSZ3344,95.2
2019-01-01,COINDUSZ3344,95.5
2019-02-01,COINDUSZ3344,96.1
2019-03-01,COINDUSZ3344,96.0
2019-04-01,COINDUSZ3344,95.5
2019-05-01,COINDUSZ3344,95.4
2019-06-01,COINDUSZ3344,95.3
2019-07-01,COINDUSZ3344,95.7
2019-08-01,COINDUSZ3344,95.6
2019-09-01,COINDUSZ3344,95.6
2019-10-01,COINDUSZ3344,95.7
2019-11-01,COINDUSZ3344,96.3
2019-12-01,COINDUSZ3344,96.2
2020-01-01,COINDUSZ3344,96.0
2020-02-01,COINDUSZ3344,96.0
2020-03-01,COINDUSZ3344,95.9
2020-04-01,COINDUSZ3344,95.7
2020-05-01,COINDUSZ3344,95.3
2020-06-01,COINDUSZ3344,98.6
2020-07-01,COINDUSZ3344,98.5
2020-08-01,COINDUSZ3344,98.7
2020-09-01,COINDUSZ3344,98.5
2020-10-01,COINDUSZ3344,98.9
2020-11-01,COINDUSZ3344,98.5
2020-12-01,COINDUSZ3344,98.1
2021-01-01,COINDUSZ3344,98.1
2021-02-01,COINDUSZ3344,98.2
2021-03-01,COINDUSZ3344,98.4
2021-04-01,COINDUSZ3344,98.6
2021-05-01,COINDUSZ3344,98.6
2021-06-01,COINDUSZ3344,98.8
2021-07-01,COINDUSZ3344,99.3
2021-08-01,COINDUSZ3344,99.3
2021-09-01,COINDUSZ3344,99.4
2021-10-01,COINDUSZ3344,99.3
2021-11-01,COINDUSZ3344,99.7
2021-12-01,COINDUSZ3344,100.4
2022-01-01,COINDUSZ3344,102.9
2022-02-01,COINDUSZ3344,103.8
2022-03-01,COINDUSZ3344,104.9
2022-04-01,COINDUSZ3344,106.1
2022-05-01,COINDUSZ3344,106.2
2022-06-01,COINDUSZ3344,105.8
2022-07-01,COINDUSZ3344,105.7
2022-08-01,COINDUSZ3344,106.2
2022-09-01,COINDUSZ3344,107.1
2022-10-01,COINDUSZ3344,107.1
2022-11-01,COINDUSZ3344,107.0
2022-12-01,COINDUSZ3344,107.1
2023-01-01,COINDUSZ3344,106.0
2023-02-01,COINDUSZ3344,105.9
2023-03-01,COINDUSZ3344,104.5
2023-04-01,COINDUSZ3344,104.1
2023-05-01,COINDUSZ3344,104.2
2023-06-01,COINDUSZ3344,104.8
2023-07-01,COINDUSZ3344,104.4
2023-08-01,COINDUSZ3344,104.6
2023-09-01,COINDUSZ3344,104.9
2023-10-01,COINDUSZ3344,104.7
2023-11-01,COINDUSZ3344,104.7
2023-12-01,COINDUSZ3344,104.4
2024-01-01,COINDUSZ3344,102.6
2024-02-01,COINDUSZ3344,101.8
2024-03-01,COINDUSZ3344,102.0
2024-04-01,COINDUSZ3344,101.8
2024-05-01,COINDUSZ3344,102.2
2024-06-01,COINDUSZ3344,102.4
2024-07-01,COINDUSZ3344,102.7
2024-08-01,COINDUSZ3344,102.8
2024-09-01,COINDUSZ3344,102.9
2024-10-01,COINDUSZ3344,103.3
2024-11-01,COINDUSZ3344,104.2
2024-12-01,COINDUSZ3344,103.4
2025-01-01,COINDUSZ3344,103.6
2025-02-01,COINDUSZ3344,103.8
2025-03-01,COINDUSZ3344,102.4
2025-04-01,COINDUSZ3344,101.0
2025-05-01,COINDUSZ3344,101.4
2025-06-01,COINDUSZ3344,101.3
2025-07-01,COINDUSZ3344,101.0
2025-08-01,COINDUSZ3344,101.1
2025-09-01,COINDUSZ3344,102.1
2025-11-01,COINDUSZ3344,101.3
2025-12-01,COINDUSZ3344,101.1
2026-01-01,COINDUSZ3344,104.6
2026-02-01,COINDUSZ3344,108.1
2026-03-01,COINDUSZ3344,111.0
2026-04-01,COINDUSZ3344,110.2
2026-05-01,COINDUSZ3344,109.6
2026-06-01,COINDUSZ3344,109.2
2026-07-01,COINDUSZ3344,107.9
2026-08-01,COINDUSZ3344,110.4
2012-06-01,COJPNZ3344,100.0
2012-07-01,COJPNZ3344,99.8
2012-08-01,COJPNZ3344,99.8
2012-09-01,COJPNZ3344,99.3
2012-10-01,COJPNZ3344,99.3
2012-11-01,COJPNZ3344,99.2
2012-12-01,COJPNZ3344,98.8
2013-01-01,COJPNZ3344,97.9
2013-02-01,COJPNZ3344,97.1
2013-03-01,COJPNZ3344,96.7
2013-04-01,COJPNZ3344,96.3
2013-05-01,COJPNZ3344,96.2
2013-06-01,COJPNZ3344,97.0
2013-07-01,COJPNZ3344,96.5
2013-08-01,COJPNZ3344,96.1
2013-09-01,COJPNZ3344,96.5
2013-10-01,COJPNZ3344,96.2
2013-11-01,COJPNZ3344,96.6
2013-12-01,COJPNZ3344,96.1
2014-01-01,COJPNZ3344,93.6
2014-02-01,COJPNZ3344,92.9
2014-03-01,COJPNZ3344,93.3
2014-04-01,COJPNZ3344,95.7
2014-05-01,COJPNZ3344,96.3
2014-06-01,COJPNZ3344,98.6
2014-07-01,COJPNZ3344,98.1
2014-08-01,COJPNZ3344,98.1
2014-09-01,COJPNZ3344,97.7
2014-10-01,COJPNZ3344,96.6
2014-11-01,COJPNZ3344,96.5
2014-12-01,COJPNZ3344,94.6
2015-01-01,COJPNZ3344,93.1
2015-02-01,COJPNZ3344,93.2
2015-03-01,COJPNZ3344,93.1
2015-04-01,COJPNZ3344,91.9
2015-05-01,COJPNZ3344,92.1
2015-06-01,COJPNZ3344,91.4
2015-07-01,COJPNZ3344,90.5
2015-08-01,COJPNZ3344,90.6
2015-09-01,COJPNZ3344,90.7
2015-10-01,COJPNZ3344,91.2
2015-11-01,COJPNZ3344,91.2
2015-12-01,COJPNZ3344,90.8
2016-01-01,COJPNZ3344,90.4
2016-02-01,COJPNZ3344,91.0
2016-03-01,COJPNZ3344,91.8
2016-04-01,COJPNZ3344,92.2
2016-05-01,COJPNZ3344,92.9
2016-06-01,COJPNZ3344,93.1
2016-07-01,COJPNZ3344,94.3
2016-08-01,COJPNZ3344,94.8
2016-09-01,COJPNZ3344,95.7
2016-10-01,COJPNZ3344,95.9
2016-11-01,COJPNZ3344,95.3
2016-12-01,COJPNZ3344,94.0
2017-01-01,COJPNZ3344,92.7
2017-02-01,COJPNZ3344,92.9
2017-03-01,COJPNZ3344,93.4
2017-04-01,COJPNZ3344,93.2
2017-05-01,COJPNZ3344,93.7
2017-06-01,COJPNZ3344,93.3
2017-07-01,COJPNZ3344,96.1
2017-08-01,COJPNZ3344,95.9
2017-09-01,COJPNZ3344,96.3
2017-10-01,COJPNZ3344,96.0
2017-11-01,COJPNZ3344,95.3
2017-12-01,COJPNZ3344,95.4
2018-01-01,COJPNZ3344,97.7
2018-02-01,COJPNZ3344,98.0
2018-03-01,COJPNZ3344,98.4
2018-04-01,COJPNZ3344,98.6
2018-05-01,COJPNZ3344,98.2
2018-06-01,COJPNZ3344,97.9
2018-07-01,COJPNZ3344,98.6
2018-08-01,COJPNZ3344,98.5
2018-09-01,COJPNZ3344,98.5
2018-10-01,COJPNZ3344,98.2
2018-11-01,COJPNZ3344,98.4
2018-12-01,COJPNZ3344,98.3
2012-06-01,COCHNZ3344,100.0
2012-07-01,COCHNZ3344,101.0
2012-08-01,COCHNZ3344,101.5
2012-09-01,COCHNZ3344,101.4
2012-10-01,COCHNZ3344,101.2
2012-11-01,COCHNZ3344,99.1
2012-12-01,COCHNZ3344,98.4
2013-01-01,COCHNZ3344,98.9
2013-02-01,COCHNZ3344,99.3
2013-03-01,COCHNZ3344,99.0
2013-04-01,COCHNZ3344,98.3
2013-05-01,COCHNZ3344,98.4
2013-06-01,COCHNZ3344,98.3
2013-07-01,COCHNZ3344,98.5
2013-08-01,COCHNZ3344,98.4
2013-09-01,COCHNZ3344,100.7
2013-10-01,COCHNZ3344,100.9
2013-11-01,COCHNZ3344,102.2
2013-12-01,COCHNZ3344,102.0
2014-01-01,COCHNZ3344,101.2
2014-02-01,COCHNZ3344,100.9
2014-03-01,COCHNZ3344,100.9
2014-04-01,COCHNZ3344,103.4
2014-05-01,COCHNZ3344,103.0
2014-06-01,COCHNZ3344,103.0
2014-07-01,COCHNZ3344,103.0
2014-08-01,COCHNZ3344,99.1
2014-09-01,COCHNZ3344,99.0
2014-10-01,COCHNZ3344,98.8
2014-11-01,COCHNZ3344,98.6
2014-12-01,COCHNZ3344,98.6
2015-01-01,COCHNZ3344,98.9
2015-02-01,COCHNZ3344,98.6
2015-03-01,COCHNZ3344,97.4
2015-04-01,COCHNZ3344,97.4
2015-05-01,COCHNZ3344,97.7
2015-06-01,COCHNZ3344,97.0
2015-07-01,COCHNZ3344,97.0
2015-08-01,COCHNZ3344,95.9
2015-09-01,COCHNZ3344,95.5
2015-10-01,COCHNZ3344,95.1
2015-11-01,COCHNZ3344,94.5
2015-12-01,COCHNZ3344,94.2
2016-01-01,COCHNZ3344,93.9
2016-02-01,COCHNZ3344,93.1
2016-03-01,COCHNZ3344,91.5
2016-04-01,COCHNZ3344,90.2
2016-05-01,COCHNZ3344,90.0
2016-06-01,COCHNZ3344,88.9
2016-07-01,COCHNZ3344,88.6
2016-08-01,COCHNZ3344,88.6
2016-09-01,COCHNZ3344,88.8
2016-10-01,COCHNZ3344,88.3
2016-11-01,COCHNZ3344,89.1
2016-12-01,COCHNZ3344,89.1
2017-01-01,COCHNZ3344,87.7
2017-02-01,COCHNZ3344,87.7
2017-03-01,COCHNZ3344,87.8
2017-04-01,COCHNZ3344,88.0
2017-05-01,COCHNZ3344,88.5
2017-06-01,COCHNZ3344,87.6
2017-07-01,COCHNZ3344,87.6
2017-08-01,COCHNZ3344,87.6
2017-09-01,COCHNZ3344,87.7
2017-10-01,COCHNZ3344,88.6
2017-11-01,COCHNZ3344,88.7
2017-12-01,COCHNZ3344,88.8
2018-01-01,COCHNZ3344,89.2
2018-02-01,COCHNZ3344,89.3
2018-03-01,COCHNZ3344,89.3
2018-04-01,COCHNZ3344,89.3
2018-05-01,COCHNZ3344,89.1
2018-06-01,COCHNZ3344,89.0
2018-07-01,COCHNZ3344,89.0
2018-08-01,COCHNZ3344,89.0
2018-09-01,COCHNZ3344,89.0
2018-10-01,COCHNZ3344,89.1
2018-11-01,COCHNZ3344,89.4
2018-12-01,COCHNZ3344,89.4
2012-06-01,COOASZ334,100.0
2012-07-01,COOASZ334,99.7
2012-08-01,COOASZ334,99.6
2012-09-01,COOASZ334,100.1
2012-10-01,COOASZ334,100.0
2012-11-01,COOASZ334,98.5
2012-12-01,COOASZ334,98.3
2013-01-01,COOASZ334,98.1
2013-02-01,COOASZ334,98.0
2013-03-01,COOASZ334,98.3
2013-04-01,COOASZ334,98.5
2013-05-01,COOASZ334,99.3
2013-06-01,COOASZ334,99.7
2013-07-01,COOASZ334,98.4
2013-08-01,COOASZ334,98.2
2013-09-01,COOASZ334,98.0
2013-10-01,COOASZ334,97.8
2013-11-01,COOASZ334,98.8
2013-12-01,COOASZ334,95.8
2014-01-01,COOASZ334,95.6
2014-02-01,COOASZ334,95.0
2014-03-01,COOASZ334,94.6
2014-04-01,COOASZ334,93.6
2014-05-01,COOASZ334,93.4
2014-06-01,COOASZ334,93.4
2014-07-01,COOASZ334,93.0
2014-08-01,COOASZ334,93.0
2014-09-01,COOASZ334,92.9
2014-10-01,COOASZ334,93.2
2014-11-01,COOASZ334,93.0
2014-12-01,COOASZ334,92.5
2015-01-01,COOASZ334,91.7
2015-02-01,COOASZ334,91.8
2015-03-01,COOASZ334,91.5
2015-04-01,COOASZ334,91.5
2015-05-01,COOASZ334,91.4
2015-06-01,COOASZ334,90.9
2015-07-01,COOASZ334,90.6
2015-08-01,COOASZ334,90.3
2015-09-01,COOASZ334,90.1
2015-10-01,COOASZ334,90.1
2015-11-01,COOASZ334,89.9
2015-12-01,COOASZ334,90.0
2016-01-01,COOASZ334,89.8
2016-02-01,COOASZ334,89.7
2016-03-01,COOASZ334,89.6
2016-04-01,COOASZ334,88.9
2016-05-01,COOASZ334,88.7
2016-06-01,COOASZ334,88.2
2016-07-01,COOASZ334,88.0
2016-08-01,COOASZ334,87.8
2016-09-01,COOASZ334,87.7
2016-10-01,COOASZ334,87.5
2016-11-01,COOASZ334,87.6
2016-12-01,COOASZ334,87.8
2017-01-01,COOASZ334,87.6
2017-02-01,COOASZ334,87.6
2017-03-01,COOASZ334,87.7
2017-04-01,COOASZ334,88.0
2017-05-01,COOASZ334,88.1
2017-06-01,COOASZ334,88.5
2017-07-01,COOASZ334,89.0
2017-08-01,COOASZ334,89.0
2017-09-01,COOASZ334,89.0
2017-10-01,COOASZ334,89.0
2017-11-01,COOASZ334,88.2
2017-12-01,COOASZ334,88.1
2018-01-01,COOASZ334,88.3
2018-02-01,COOASZ334,88.4
2018-03-01,COOASZ334,88.6
2018-04-01,COOASZ334,88.4
2018-05-01,COOASZ334,88.3
2018-06-01,COOASZ334,87.7
2018-07-01,COOASZ334,87.3
2018-08-01,COOASZ334,87.0
2018-09-01,COOASZ334,86.2
2018-10-01,COOASZ334,85.9
2018-11-01,COOASZ334,85.6
2018-12-01,COOASZ334,85.3
2019-01-01,COOASZ334,84.9
2019-02-01,COOASZ334,84.8
2019-03-01,COOASZ334,84.7
2019-04-01,COOASZ334,84.3
2019-05-01,COOASZ334,84.2
2019-06-01,COOASZ334,84.2
2019-07-01,COOASZ334,84.2
2019-08-01,COOASZ334,84.1
2019-09-01,COOASZ334,83.9
2019-10-01,COOASZ334,83.6
2019-11-01,COOASZ334,83.6
2019-12-01,COOASZ334,83.9
2020-01-01,COOASZ334,82.5
2020-02-01,COOASZ334,83.0
2020-03-01,COOASZ334,83.4
2020-04-01,COOASZ334,85.3
2020-05-01,COOASZ334,85.7
2020-06-01,COOASZ334,86.2
2020-07-01,COOASZ334,86.3
2020-08-01,COOASZ334,86.1
2020-09-01,COOASZ334,86.0
2020-10-01,COOASZ334,85.4
2020-11-01,COOASZ334,84.3
2020-12-01,COOASZ334,83.7
2021-01-01,COOASZ334,84.0
2021-02-01,COOASZ334,84.5
2021-03-01,COOASZ334,84.3
2021-04-01,COOASZ334,84.6
2021-05-01,COOASZ334,85.2
2021-06-01,COOASZ334,85.6
2021-07-01,COOASZ334,85.8
2021-08-01,COOASZ334,86.3
2021-09-01,COOASZ334,86.9
2021-10-01,COOASZ334,87.1
2021-11-01,COOASZ334,87.2
2021-12-01,COOASZ334,87.3
2022-01-01,COOASZ334,88.1
2022-02-01,COOASZ334,88.3
2022-03-01,COOASZ334,88.5
2022-04-01,COOASZ334,88.7
2022-05-01,COOASZ334,88.7
2022-06-01,COOASZ334,88.9
2022-07-01,COOASZ334,89.3
2022-08-01,COOASZ334,88.7
2022-09-01,COOASZ334,87.4
2022-10-01,COOASZ334,87.6
2022-11-01,COOASZ334,87.4
2022-12-01,COOASZ334,87.7
2023-01-01,COOASZ334,86.6
2023-02-01,COOASZ334,87.0
2023-03-01,COOASZ334,86.1
2023-04-01,COOASZ334,84.9
2023-05-01,COOASZ334,85.1
2023-06-01,COOASZ334,85.5
2023-07-01,COOASZ334,85.3
2023-08-01,COOASZ334,85.4
2023-09-01,COOASZ334,85.5
2023-10-01,COOASZ334,85.4
2023-11-01,COOASZ334,85.1
2023-12-01,COOASZ334,84.5
2024-01-01,COOASZ334,84.3
2024-02-01,COOASZ334,83.9
2024-03-01,COOASZ334,83.8
2024-04-01,COOASZ334,83.9
2024-05-01,COOASZ334,83.6
2024-06-01,COOASZ334,83.7
2024-07-01,COOASZ334,83.9
2024-08-01,COOASZ334,84.1
2024-09-01,COOASZ334,84.1
2024-10-01,COOASZ334,84.3
2024-11-01,COOASZ334,85.2
2024-12-01,COOASZ334,84.8
2025-01-01,COOASZ334,84.4
2025-02-01,COOASZ334,84.5
2025-03-01,COOASZ334,84.4
2025-04-01,COOASZ334,84.1
2025-05-01,COOASZ334,84.0
2025-06-01,COOASZ334,83.5
2025-07-01,COOASZ334,83.8
2025-08-01,COOASZ334,85.7
2025-09-01,COOASZ334,85.8
2025-11-01,COOASZ334,86.7
2025-12-01,COOASZ334,86.6
2026-01-01,COOASZ334,87.9
2026-02-01,COOASZ334,92.1
2026-03-01,COOASZ334,93.6
2026-04-01,COOASZ334,97.5
2026-05-01,COOASZ334,102.1
2026-06-01,COOASZ334,103.7
2026-07-01,COOASZ334,104.7
2026-08-01,COOASZ334,108.4
2012-06-01,COASEANZ334,100.0
2012-07-01,COASEANZ334,99.9
2012-08-01,COASEANZ334,99.6
2012-09-01,COASEANZ334,99.6
2012-10-01,COASEANZ334,99.5
2012-11-01,COASEANZ334,99.0
2012-12-01,COASEANZ334,98.6
2013-01-01,COASEANZ334,98.5
2013-02-01,COASEANZ334,98.2
2013-03-01,COASEANZ334,98.0
2013-04-01,COASEANZ334,97.7
2013-05-01,COASEANZ334,98.0
2013-06-01,COASEANZ334,97.7
2013-07-01,COASEANZ334,97.2
2013-08-01,COASEANZ334,97.0
2013-09-01,COASEANZ334,96.4
2013-10-01,COASEANZ334,96.5
2013-11-01,COASEANZ334,96.7
2013-12-01,COASEANZ334,96.8
2014-01-01,COASEANZ334,96.7
2014-02-01,COASEANZ334,95.6
2014-03-01,COASEANZ334,95.6
2014-04-01,COASEANZ334,95.5
2014-05-01,COASEANZ334,95.3
2014-06-01,COASEANZ334,95.1
2014-07-01,COASEANZ334,95.4
2014-08-01,COASEANZ334,95.3
2014-09-01,COASEANZ334,91.7
2014-10-01,COASEANZ334,92.1
2014-11-01,COASEANZ334,91.3
2014-12-01,COASEANZ334,91.5
2015-01-01,COASEANZ334,89.7
2015-02-01,COASEANZ334,89.4
2015-03-01,COASEANZ334,89.1
2015-04-01,COASEANZ334,86.7
2015-05-01,COASEANZ334,86.9
2015-06-01,COASEANZ334,86.8
2015-07-01,COASEANZ334,86.7
2015-08-01,COASEANZ334,87.0
2015-09-01,COASEANZ334,86.8
2015-10-01,COASEANZ334,86.7
2015-11-01,COASEANZ334,86.8
2015-12-01,COASEANZ334,86.5
2016-01-01,COASEANZ334,86.2
2016-02-01,COASEANZ334,84.2
2016-03-01,COASEANZ334,84.3
2016-04-01,COASEANZ334,84.5
2016-05-01,COASEANZ334,84.5
2016-06-01,COASEANZ334,84.3
2016-07-01,COASEANZ334,82.9
2016-08-01,COASEANZ334,82.9
2016-09-01,COASEANZ334,83.1
2016-10-01,COASEANZ334,82.7
2016-11-01,COASEANZ334,82.6
2016-12-01,COASEANZ334,82.6
2017-01-01,COASEANZ334,82.9
2017-02-01,COASEANZ334,82.9
2017-03-01,COASEANZ334,82.9
2017-04-01,COASEANZ334,82.8
2017-05-01,COASEANZ334,82.8
2017-06-01,COASEANZ334,82.9
2017-07-01,COASEANZ334,83.0
2017-08-01,COASEANZ334,83.0
2017-09-01,COASEANZ334,83.0
2017-10-01,COASEANZ334,82.9
2017-11-01,COASEANZ334,82.8
2017-12-01,COASEANZ334,82.8
2018-01-01,COASEANZ334,82.5
2018-02-01,COASEANZ334,82.2
2018-03-01,COASEANZ334,82.3
2018-04-01,COASEANZ334,82.2
2018-05-01,COASEANZ334,82.2
2018-06-01,COASEANZ334,81.9
2018-07-01,COASEANZ334,81.9
2018-08-01,COASEANZ334,82.1
2018-09-01,COASEANZ334,82.3
2018-10-01,COASEANZ334,81.6
2018-11-01,COASEANZ334,81.4
2018-12-01,COASEANZ334,81.3
2019-01-01,COASEANZ334,81.3
2019-02-01,COASEANZ334,81.4
2019-03-01,COASEANZ334,81.3
2019-04-01,COASEANZ334,81.2
2019-05-01,COASEANZ334,81.1
2019-06-01,COASEANZ334,81.0
2019-07-01,COASEANZ334,81.2
2019-08-01,COASEANZ334,81.1
2019-09-01,COASEANZ334,80.9
2019-10-01,COASEANZ334,80.8
2019-11-01,COASEANZ334,80.9
2019-12-01,COASEANZ334,80.9
2020-01-01,COASEANZ334,80.9
2020-02-01,COASEANZ334,80.7
2020-03-01,COASEANZ334,80.7
2020-04-01,COASEANZ334,81.1
2020-05-01,COASEANZ334,81.0
2020-06-01,COASEANZ334,81.0
2020-07-01,COASEANZ334,80.6
2020-08-01,COASEANZ334,80.6
2020-09-01,COASEANZ334,80.6
2020-10-01,COASEANZ334,79.9
2020-11-01,COASEANZ334,79.9
2020-12-01,COASEANZ334,80.2
2021-01-01,COASEANZ334,80.1
2021-02-01,COASEANZ334,79.5
2021-03-01,COASEANZ334,79.0
2021-04-01,COASEANZ334,78.2
2021-05-01,COASEANZ334,78.3
2021-06-01,COASEANZ334,78.2
2021-07-01,COASEANZ334,78.3
2021-08-01,COASEANZ334,78.4
2021-09-01,COASEANZ334,78.5
2021-10-01,COASEANZ334,78.6
2021-11-01,COASEANZ334,78.8
2021-12-01,COASEANZ334,78.8
2022-01-01,COASEANZ334,78.5
2022-02-01,COASEANZ334,78.4
2022-03-01,COASEANZ334,78.4
2022-04-01,COASEANZ334,79.2
2022-05-01,COASEANZ334,80.6
2022-06-01,COASEANZ334,82.1
2022-07-01,COASEANZ334,80.9
2022-08-01,COASEANZ334,80.4
2022-09-01,COASEANZ334,79.3
2022-10-01,COASEANZ334,79.6
2022-11-01,COASEANZ334,79.3
2022-12-01,COASEANZ334,79.6
2023-01-01,COASEANZ334,79.8
2023-02-01,COASEANZ334,79.9
2023-03-01,COASEANZ334,79.7
2023-04-01,COASEANZ334,79.7
2023-05-01,COASEANZ334,78.6
2023-06-01,COASEANZ334,78.3
2023-07-01,COASEANZ334,78.3
2023-08-01,COASEANZ334,78.4
2023-09-01,COASEANZ334,78.3
2023-10-01,COASEANZ334,78.2
2023-11-01,COASEANZ334,78.2
2023-12-01,COASEANZ334,77.9
2024-01-01,COASEANZ334,78.0
2024-02-01,COASEANZ334,77.9
2024-03-01,COASEANZ334,77.9
2024-04-01,COASEANZ334,78.3
2024-05-01,COASEANZ334,78.0
2024-06-01,COASEANZ334,76.8
2024-07-01,COASEANZ334,77.1
2024-08-01,COASEANZ334,77.4
2024-09-01,COASEANZ334,77.8
2024-10-01,COASEANZ334,79.0
2024-11-01,COASEANZ334,78.9
2024-12-01,COASEANZ334,78.8
2025-01-01,COASEANZ334,78.8
2025-02-01,COASEANZ334,78.0
2025-03-01,COASEANZ334,77.6
2025-04-01,COASEANZ334,77.7
2025-05-01,COASEANZ334,77.0
2025-06-01,COASEANZ334,76.7
2025-07-01,COASEANZ334,76.0
2025-08-01,COASEANZ334,79.3
2025-09-01,COASEANZ334,79.5
2025-11-01,COASEANZ334,79.4
2025-12-01,COASEANZ334,79.4
2026-01-01,COASEANZ334,79.4
2026-02-01,COASEANZ334,80.7
2026-03-01,COASEANZ334,80.9
2026-04-01,COASEANZ334,81.1
2026-05-01,COASEANZ334,81.2
2026-06-01,COASEANZ334,81.2
2026-07-01,COASEANZ334,84.1
2026-08-01,COASEANZ334,84.3
1992-12-01,IP8542,164.7
1993-03-01,IP8542,165.8
1993-06-01,IP8542,171.7
1993-09-01,IP8542,181.1
1993-12-01,IP8542,178.4
1994-01-01,IP8542,177.8
1994-02-01,IP8542,176.1
1994-03-01,IP8542,177.8
1994-04-01,IP8542,177.5
1994-05-01,IP8542,177.1
1994-06-01,IP8542,177.5
1994-07-01,IP8542,176.3
1994-08-01,IP8542,177.2
1994-09-01,IP8542,177.2
1994-10-01,IP8542,178.2
1994-11-01,IP8542,176.2
1994-12-01,IP8542,175.1
1995-01-01,IP8542,175.3
1995-02-01,IP8542,173.7
1995-03-01,IP8542,174.5
1995-04-01,IP8542,174.2
1995-05-01,IP8542,176.6
1995-06-01,IP8542,176.3
1995-07-01,IP8542,170.6
1995-08-01,IP8542,168.7
1995-09-01,IP8542,167.3
1995-10-01,IP8542,166.8
1995-11-01,IP8542,165.7
1995-12-01,IP8542,164.0
1996-01-01,IP8542,162.0
1996-02-01,IP8542,160.6
1996-03-01,IP8542,156.9
1996-04-01,IP8542,154.6
1996-05-01,IP8542,152.6
1996-06-01,IP8542,149.9
1996-07-01,IP8542,147.6
1996-08-01,IP8542,142.7
1996-09-01,IP8542,146.9
1996-10-01,IP8542,143.4
1996-11-01,IP8542,139.2
1996-12-01,IP8542,136.0
1997-01-01,IP8542,124.0
1997-02-01,IP8542,124.1
1997-03-01,IP8542,128.2
1997-04-01,IP8542,124.9
1997-05-01,IP8542,124.1
1997-06-01,IP8542,125.3
1997-07-01,IP8542,122.7
1997-08-01,IP8542,122.5
1997-09-01,IP8542,121.3
1997-10-01,IP8542,119.9
1997-11-01,IP8542,115.9
1997-12-01,IP8542,112.8
1998-01-01,IP8542,112.4
1998-02-01,IP8542,109.2
1998-03-01,IP8542,108.4
1998-04-01,IP8542,109.3
1998-05-01,IP8542,109.0
1998-06-01,IP8542,105.2
1998-07-01,IP8542,103.3
1998-08-01,IP8542,103.7
1998-09-01,IP8542,103.3
1998-10-01,IP8542,105.3
1998-11-01,IP8542,103.7
1998-12-01,IP8542,105.2
1999-01-01,IP8542,104.7
1999-02-01,IP8542,105.3
1999-03-01,IP8542,105.4
1999-04-01,IP8542,104.7
1999-05-01,IP8542,104.2
1999-06-01,IP8542,103.4
1999-07-01,IP8542,101.1
1999-08-01,IP8542,101.5
1999-09-01,IP8542,102.7
1999-10-01,IP8542,102.7
1999-11-01,IP8542,101.3
1999-12-01,IP8542,100.8
2000-01-01,IP8542,100.8
2000-02-01,IP8542,100.7
2000-03-01,IP8542,100.2
2000-04-01,IP8542,101.2
2000-05-01,IP8542,100.5
2000-06-01,IP8542,100.3
2000-07-01,IP8542,99.2
2000-08-01,IP8542,99.6
2000-09-01,IP8542,99.4
2000-10-01,IP8542,99.8
2000-11-01,IP8542,99.6
2000-12-01,IP8542,98.6
2001-01-01,IP8542,98.6
2001-02-01,IP8542,98.5
2001-03-01,IP8542,98.2
2001-04-01,IP8542,97.2
2001-05-01,IP8542,96.9
2001-06-01,IP8542,96.3
2001-07-01,IP8542,96.8
2001-08-01,IP8542,96.8
2001-09-01,IP8542,96.4
2001-10-01,IP8542,96.7
2001-11-01,IP8542,96.7
2001-12-01,IP8542,95.3
2002-01-01,IP8542,95.6
2002-02-01,IP8542,95.9
2002-03-01,IP8542,96.1
2002-04-01,IP8542,96.5
2002-05-01,IP8542,96.5
2002-06-01,IP8542,96.3
2002-07-01,IP8542,95.1
2002-08-01,IP8542,95.1
2002-09-01,IP8542,95.0
2002-10-01,IP8542,94.2
2002-11-01,IP8542,94.3
2002-12-01,IP8542,93.7
2003-01-01,IP8542,93.1
2003-02-01,IP8542,93.4
2003-03-01,IP8542,92.7
2003-04-01,IP8542,93.2
2003-05-01,IP8542,91.9
2003-06-01,IP8542,92.1
2003-07-01,IP8542,93.9
2003-08-01,IP8542,93.7
2003-09-01,IP8542,94.2
2003-10-01,IP8542,93.9
2003-11-01,IP8542,93.9
2003-12-01,IP8542,91.8
2004-01-01,IP8542,91.2
2004-02-01,IP8542,90.9
2004-03-01,IP8542,90.9
2004-04-01,IP8542,89.3
2004-05-01,IP8542,89.6
2004-06-01,IP8542,89.5
2004-07-01,IP8542,88.4
2004-08-01,IP8542,88.4
2004-09-01,IP8542,88.3
2004-10-01,IP8542,87.4
2004-11-01,IP8542,87.3
2004-12-01,IP8542,87.1
2005-01-01,IP8542,87.0
2005-02-01,IP8542,86.8
2005-03-01,IP8542,87.0
2005-04-01,IP8542,86.7
2005-05-01,IP8542,86.5
2005-06-01,IP8542,86.4
2005-07-01,IP8542,85.4
2005-08-01,IP8542,85.7
2005-09-01,IP8542,85.3
2005-10-01,IP8542,84.7
2005-11-01,IP8542,84.8
2005-12-01,IP8542,85.7
2006-01-01,IP8542,85.5
2006-02-01,IP8542,85.5
2006-03-01,IP8542,85.7
2006-04-01,IP8542,85.5
2006-05-01,IP8542,85.3
2006-06-01,IP8542,85.4
2006-07-01,IP8542,86.2
2006-08-01,IP8542,86.1
2006-09-01,IP8542,85.9
2006-10-01,IP8542,86.8
2006-11-01,IP8542,86.9
2006-12-01,IP8542,86.5
2007-01-01,IP8542,85.7
2007-02-01,IP8542,84.9
2007-03-01,IP8542,84.1
2007-04-01,IP8542,80.5
2007-05-01,IP8542,80.7
2007-06-01,IP8542,81.1
2007-07-01,IP8542,81.6
2007-08-01,IP8542,81.8
2007-09-01,IP8542,82.3
2007-10-01,IP8542,81.9
2007-11-01,IP8542,82.7
2007-12-01,IP8542,82.0
2008-01-01,IP8542,81.0
2008-02-01,IP8542,80.6
2008-03-01,IP8542,80.1
2008-04-01,IP8542,79.3
2008-05-01,IP8542,80.3
2008-06-01,IP8542,79.2
2008-07-01,IP8542,77.7
2008-08-01,IP8542,78.3
2008-09-01,IP8542,78.3
2008-10-01,IP8542,77.9
2008-11-01,IP8542,77.6
2008-12-01,IP8542,78.3
2009-01-01,IP8542,76.1
2009-02-01,IP8542,75.4
2009-03-01,IP8542,75.2
2009-04-01,IP8542,77.2
2009-05-01,IP8542,76.9
2009-06-01,IP8542,76.9
2009-07-01,IP8542,75.2
2009-08-01,IP8542,76.0
2009-09-01,IP8542,76.3
2009-10-01,IP8542,75.8
2009-11-01,IP8542,76.9
2009-12-01,IP8542,74.4
2010-01-01,IP8542,75.3
2010-02-01,IP8542,74.8
2010-03-01,IP8542,72.0
2010-04-01,IP8542,71.9
2010-05-01,IP8542,72.0
2010-06-01,IP8542,71.9
2010-07-01,IP8542,71.4
2010-08-01,IP8542,71.3
2010-09-01,IP8542,71.6
2010-10-01,IP8542,71.6
2010-11-01,IP8542,71.4
2010-12-01,IP8542,70.9
2011-01-01,IP8542,70.1
2011-02-01,IP8542,70.0
2011-03-01,IP8542,70.0
2011-04-01,IP8542,70.0
2011-05-01,IP8542,69.9
2011-06-01,IP8542,71.6
2011-07-01,IP8542,69.7
2011-08-01,IP8542,69.2
2011-09-01,IP8542,68.2
2011-10-01,IP8542,66.9
2011-11-01,IP8542,66.7
2011-12-01,IP8542,69.1
2012-01-01,IP8542,68.9
2012-02-01,IP8542,68.7
2012-03-01,IP8542,68.1
2012-04-01,IP8542,68.1
2012-05-01,IP8542,67.9
2012-06-01,IP8542,67.7
2012-07-01,IP8542,67.5
2012-08-01,IP8542,67.5
2012-09-01,IP8542,68.1
2012-10-01,IP8542,66.4
2012-11-01,IP8542,66.2
2012-12-01,IP8542,66.8
2013-01-01,IP8542,67.0
2013-02-01,IP8542,66.5
2013-03-01,IP8542,66.0
2013-04-01,IP8542,65.7
2013-05-01,IP8542,65.8
2013-06-01,IP8542,65.9
2013-07-01,IP8542,65.6
2013-08-01,IP8542,65.7
2013-09-01,IP8542,65.7
2013-10-01,IP8542,65.6
2013-11-01,IP8542,66.2
2013-12-01,IP8542,66.3
2014-01-01,IP8542,66.2
2014-02-01,IP8542,66.1
2014-03-01,IP8542,66.2
2014-04-01,IP8542,66.1
2014-05-01,IP8542,66.3
2014-06-01,IP8542,66.3
2014-07-01,IP8542,66.3
2014-08-01,IP8542,66.1
2014-09-01,IP8542,66.3
2014-10-01,IP8542,66.4
2014-11-01,IP8542,66.3
2014-12-01,IP8542,66.3
2015-01-01,IP8542,66.3
2015-02-01,IP8542,66.5
2015-03-01,IP8542,66.4
2015-04-01,IP8542,66.4
2015-05-01,IP8542,66.1
2015-06-01,IP8542,65.8
2015-07-01,IP8542,65.5
2015-08-01,IP8542,65.5
2015-09-01,IP8542,64.7
2015-10-01,IP8542,64.7
2015-11-01,IP8542,64.7
2015-12-01,IP8542,64.6
2016-01-01,IP8542,64.7
2016-02-01,IP8542,64.4
2016-03-01,IP8542,64.4
2016-04-01,IP8542,64.2
2016-05-01,IP8542,63.9
2016-06-01,IP8542,63.8
2016-07-01,IP8542,63.6
2016-08-01,IP8542,63.6
2016-09-01,IP8542,63.6
2016-10-01,IP8542,63.7
2016-11-01,IP8542,63.6
2016-12-01,IP8542,63.8
2017-01-01,IP8542,63.3
2017-02-01,IP8542,63.2
2017-03-01,IP8542,63.2
2017-04-01,IP8542,63.6
2017-05-01,IP8542,63.6
2017-06-01,IP8542,63.6
2017-07-01,IP8542,63.9
2017-08-01,IP8542,64.0
2017-09-01,IP8542,64.0
2017-10-01,IP8542,64.0
2017-11-01,IP8542,64.0
2017-12-01,IP8542,64.0
2018-01-01,IP8542,64.0
2018-02-01,IP8542,64.0
2018-03-01,IP8542,64.1
2018-04-01,IP8542,64.2
2018-05-01,IP8542,64.3
2018-06-01,IP8542,64.3
2018-07-01,IP8542,64.1
2018-08-01,IP8542,64.1
2018-09-01,IP8542,64.6
2018-10-01,IP8542,65.0
2018-11-01,IP8542,65.0
2018-12-01,IP8542,65.0
2019-01-01,IP8542,65.0
2019-02-01,IP8542,65.0
2019-03-01,IP8542,65.0
2019-04-01,IP8542,64.8
2019-05-01,IP8542,64.9
2019-06-01,IP8542,64.7
2019-07-01,IP8542,64.0
2019-08-01,IP8542,63.8
2019-09-01,IP8542,64.0
2019-10-01,IP8542,64.3
2019-11-01,IP8542,64.4
2019-12-01,IP8542,64.5
2020-01-01,IP8542,64.6
2020-02-01,IP8542,64.5
2020-03-01,IP8542,64.4
2020-04-01,IP8542,64.5
2020-05-01,IP8542,64.2
2020-06-01,IP8542,63.5
2020-07-01,IP8542,62.4
2020-08-01,IP8542,62.4
2020-09-01,IP8542,62.3
2020-10-01,IP8542,62.3
2020-11-01,IP8542,62.3
2020-12-01,IP8542,62.4
2021-01-01,IP8542,62.6
2021-02-01,IP8542,63.0
2021-03-01,IP8542,63.0
2021-04-01,IP8542,63.0
2021-05-01,IP8542,62.8
2021-06-01,IP8542,63.0
2021-07-01,IP8542,63.2
2021-08-01,IP8542,63.1
2021-09-01,IP8542,63.3
2021-10-01,IP8542,63.5
2021-11-01,IP8542,63.8
2021-12-01,IP8542,64.1
2022-01-01,IP8542,65.0
2022-02-01,IP8542,65.6
2022-03-01,IP8542,66.3
2022-04-01,IP8542,67.5
2022-05-01,IP8542,69.0
2022-06-01,IP8542,69.6
2022-07-01,IP8542,69.3
2022-08-01,IP8542,68.8
2022-09-01,IP8542,68.8
2022-10-01,IP8542,69.1
2022-11-01,IP8542,69.0
2022-12-01,IP8542,69.1
1992-12-01,ID8542,146.8
1993-03-01,ID8542,142.7
1993-06-01,ID8542,143.7
1993-09-01,ID8542,141.8
1993-12-01,ID8542,143.8
1994-01-01,ID8542,143.5
1994-02-01,ID8542,144.7
1994-03-01,ID8542,144.3
1994-04-01,ID8542,141.6
1994-05-01,ID8542,140.8
1994-06-01,ID8542,140.4
1994-07-01,ID8542,139.9
1994-08-01,ID8542,140.4
1994-09-01,ID8542,135.4
1994-10-01,ID8542,135.8
1994-11-01,ID8542,135.0
1994-12-01,ID8542,134.8
1995-01-01,ID8542,135.0
1995-02-01,ID8542,133.3
1995-03-01,ID8542,135.9
1995-04-01,ID8542,137.3
1995-05-01,ID8542,137.5
1995-06-01,ID8542,141.2
1995-07-01,ID8542,140.9
1995-08-01,ID8542,140.3
1995-09-01,ID8542,140.5
1995-10-01,ID8542,139.6
1995-11-01,ID8542,139.8
1995-12-01,ID8542,139.3
1996-01-01,ID8542,139.0
1996-02-01,ID8542,139.9
1996-03-01,ID8542,137.5
1996-04-01,ID8542,138.0
1996-05-01,ID8542,137.4
1996-06-01,ID8542,135.2
1996-07-01,ID8542,131.1
1996-08-01,ID8542,130.4
1996-09-01,ID8542,130.3
1996-10-01,ID8542,129.5
1996-11-01,ID8542,128.9
1996-12-01,ID8542,129.3
1997-01-01,ID8542,128.7
1997-02-01,ID8542,127.6
1997-03-01,ID8542,127.3
1997-04-01,ID8542,127.3
1997-05-01,ID8542,127.1
1997-06-01,ID8542,126.0
1997-07-01,ID8542,125.6
1997-08-01,ID8542,124.8
1997-09-01,ID8542,121.0
1997-10-01,ID8542,120.5
1997-11-01,ID8542,121.0
1997-12-01,ID8542,119.1
1998-01-01,ID8542,119.0
1998-02-01,ID8542,118.7
1998-03-01,ID8542,116.5
1998-04-01,ID8542,115.9
1998-05-01,ID8542,115.5
1998-06-01,ID8542,114.1
1998-07-01,ID8542,111.8
1998-08-01,ID8542,111.8
1998-09-01,ID8542,112.0
1998-10-01,ID8542,112.1
1998-11-01,ID8542,111.2
1998-12-01,ID8542,110.8
1999-01-01,ID8542,109.4
1999-02-01,ID8542,109.6
1999-03-01,ID8542,107.8
1999-04-01,ID8542,108.8
1999-05-01,ID8542,107.0
1999-06-01,ID8542,105.6
1999-07-01,ID8542,104.5
1999-08-01,ID8542,104.0
1999-09-01,ID8542,104.4
1999-10-01,ID8542,103.8
1999-11-01,ID8542,103.5
1999-12-01,ID8542,102.7
2000-01-01,ID8542,102.3
2000-02-01,ID8542,102.2
2000-03-01,ID8542,101.5
2000-04-01,ID8542,101.6
2000-05-01,ID8542,101.2
2000-06-01,ID8542,99.5
2000-07-01,ID8542,99.3
2000-08-01,ID8542,99.1
2000-09-01,ID8542,98.9
2000-10-01,ID8542,98.3
2000-11-01,ID8542,98.1
2000-12-01,ID8542,98.1
2001-01-01,ID8542,97.3
2001-02-01,ID8542,97.0
2001-03-01,ID8542,97.2
2001-04-01,ID8542,95.6
2001-05-01,ID8542,95.1
2001-06-01,ID8542,94.1
2001-07-01,ID8542,92.7
2001-08-01,ID8542,93.0
2001-09-01,ID8542,93.0
2001-10-01,ID8542,88.5
2001-11-01,ID8542,88.5
2001-12-01,ID8542,88.8
2002-01-01,ID8542,86.3
2002-02-01,ID8542,86.3
2002-03-01,ID8542,86.6
2002-04-01,ID8542,86.8
2002-05-01,ID8542,86.3
2002-06-01,ID8542,84.9
2002-07-01,ID8542,83.7
2002-08-01,ID8542,83.8
2002-09-01,ID8542,83.9
2002-10-01,ID8542,83.3
2002-11-01,ID8542,83.4
2002-12-01,ID8542,82.8
2003-01-01,ID8542,81.9
2003-02-01,ID8542,81.9
2003-03-01,ID8542,82.0
2003-04-01,ID8542,82.4
2003-05-01,ID8542,82.3
2003-06-01,ID8542,77.8
2003-07-01,ID8542,78.1
2003-08-01,ID8542,78.0
2003-09-01,ID8542,77.2
2003-10-01,ID8542,75.7
2003-11-01,ID8542,75.2
2003-12-01,ID8542,75.1
2004-01-01,ID8542,74.5
2004-02-01,ID8542,75.2
2004-03-01,ID8542,75.8
2004-04-01,ID8542,75.8
2004-05-01,ID8542,75.8
2004-06-01,ID8542,74.9
2004-07-01,ID8542,74.8
2004-08-01,ID8542,74.6
2004-09-01,ID8542,74.4
2004-10-01,ID8542,74.2
2004-11-01,ID8542,74.1
2004-12-01,ID8542,74.4
2005-01-01,ID8542,74.3
2005-02-01,ID8542,74.0
2005-03-01,ID8542,73.8
2005-04-01,ID8542,73.4
2005-05-01,ID8542,73.2
2005-06-01,ID8542,73.5
2005-07-01,ID8542,72.6
2005-08-01,ID8542,70.2
2005-09-01,ID8542,70.1
2005-10-01,ID8542,69.9
2005-11-01,ID8542,69.6
2005-12-01,ID8542,69.5
2006-01-01,ID8542,69.1
2006-02-01,ID8542,68.0
2006-03-01,ID8542,68.0
2006-04-01,ID8542,67.7
2006-05-01,ID8542,67.3
2006-06-01,ID8542,67.0
2006-07-01,ID8542,66.2
2006-08-01,ID8542,64.8
2006-09-01,ID8542,64.7
2006-10-01,ID8542,64.6
2006-11-01,ID8542,64.5
2006-12-01,ID8542,64.5
2007-01-01,ID8542,64.2
2007-02-01,ID8542,64.6
2007-03-01,ID8542,64.7
2007-04-01,ID8542,65.2
2007-05-01,ID8542,65.3
2007-06-01,ID8542,65.4
2007-07-01,ID8542,65.4
2007-08-01,ID8542,65.3
2007-09-01,ID8542,65.4
2007-10-01,ID8542,65.1
2007-11-01,ID8542,65.5
2007-12-01,ID8542,66.1
2008-01-01,ID8542,65.7
2008-02-01,ID8542,66.1
2008-03-01,ID8542,65.3
2008-04-01,ID8542,65.2
2008-05-01,ID8542,64.9
2008-06-01,ID8542,66.6
2008-07-01,ID8542,64.5
2008-08-01,ID8542,64.1
2008-09-01,ID8542,63.7
2008-10-01,ID8542,61.6
2008-11-01,ID8542,61.6
2008-12-01,ID8542,61.3
2009-01-01,ID8542,61.9
2009-02-01,ID8542,63.3
2009-03-01,ID8542,63.4
2009-04-01,ID8542,64.8
2009-05-01,ID8542,65.1
2009-06-01,ID8542,64.9
2009-07-01,ID8542,64.8
2009-08-01,ID8542,64.9
2009-09-01,ID8542,65.1
2009-10-01,ID8542,62.4
2009-11-01,ID8542,62.4
2009-12-01,ID8542,62.1
2010-01-01,ID8542,62.1
2010-02-01,ID8542,62.0
2010-03-01,ID8542,61.6
2010-04-01,ID8542,61.4
2010-05-01,ID8542,60.8
2010-06-01,ID8542,60.4
2010-07-01,ID8542,60.0
2010-08-01,ID8542,59.7
2010-09-01,ID8542,59.6
2010-10-01,ID8542,58.9
2010-11-01,ID8542,58.9
2010-12-01,ID8542,59.9
2011-01-01,ID8542,59.9
2011-02-01,ID8542,60.0
2011-03-01,ID8542,59.9
2011-04-01,ID8542,59.8
2011-05-01,ID8542,59.4
2011-06-01,ID8542,60.0
2011-07-01,ID8542,59.7
2011-08-01,ID8542,59.9
2011-09-01,ID8542,59.9
2011-10-01,ID8542,59.9
2011-11-01,ID8542,59.8
2011-12-01,ID8542,60.3
2012-01-01,ID8542,60.6
2012-02-01,ID8542,60.6
2012-03-01,ID8542,60.7
2012-04-01,ID8542,60.3
2012-05-01,ID8542,60.3
2012-06-01,ID8542,60.1
2012-07-01,ID8542,59.8
2012-08-01,ID8542,59.7
2012-09-01,ID8542,59.9
2012-10-01,ID8542,60.2
2012-11-01,ID8542,60.0
2012-12-01,ID8542,59.9
2013-01-01,ID8542,60.6
2013-02-01,ID8542,61.2
2013-03-01,ID8542,61.2
2013-04-01,ID8542,59.9
2013-05-01,ID8542,59.9
2013-06-01,ID8542,59.8
2013-07-01,ID8542,61.0
2013-08-01,ID8542,60.8
2013-09-01,ID8542,60.7
2013-10-01,ID8542,59.7
2013-11-01,ID8542,59.7
2013-12-01,ID8542,59.5
2014-01-01,ID8542,59.3
2014-02-01,ID8542,59.1
2014-03-01,ID8542,59.1
2014-04-01,ID8542,58.8
2014-05-01,ID8542,59.1
2014-06-01,ID8542,59.2
2014-07-01,ID8542,58.6
2014-08-01,ID8542,58.8
2014-09-01,ID8542,58.5
2014-10-01,ID8542,57.8
2014-11-01,ID8542,58.0
2014-12-01,ID8542,58.4
2015-01-01,ID8542,59.0
2015-02-01,ID8542,59.1
2015-03-01,ID8542,59.1
2015-04-01,ID8542,58.5
2015-05-01,ID8542,58.2
2015-06-01,ID8542,58.4
2015-07-01,ID8542,58.8
2015-08-01,ID8542,58.4
2015-09-01,ID8542,58.5
2015-10-01,ID8542,57.9
2015-11-01,ID8542,58.0
2015-12-01,ID8542,57.7
2016-01-01,ID8542,56.8
2016-02-01,ID8542,56.8
2016-03-01,ID8542,57.0
2016-04-01,ID8542,57.0
2016-05-01,ID8542,56.9
2016-06-01,ID8542,56.9
2016-07-01,ID8542,56.8
2016-08-01,ID8542,56.8
2016-09-01,ID8542,56.7
2016-10-01,ID8542,56.6
2016-11-01,ID8542,57.0
2016-12-01,ID8542,57.0
2017-01-01,ID8542,56.7
2017-02-01,ID8542,56.6
2017-03-01,ID8542,56.6
2017-04-01,ID8542,56.5
2017-05-01,ID8542,56.6
2017-06-01,ID8542,56.7
2017-07-01,ID8542,56.9
2017-08-01,ID8542,56.9
2017-09-01,ID8542,56.9
2017-10-01,ID8542,58.4
2017-11-01,ID8542,58.3
2017-12-01,ID8542,58.3
2018-01-01,ID8542,58.6
2018-02-01,ID8542,58.4
2018-03-01,ID8542,58.8
2018-04-01,ID8542,59.2
2018-05-01,ID8542,59.2
2018-06-01,ID8542,59.1
2018-07-01,ID8542,59.4
2018-08-01,ID8542,59.2
2018-09-01,ID8542,59.2
2018-10-01,ID8542,59.0
2018-11-01,ID8542,59.0
2018-12-01,ID8542,58.8
2019-01-01,ID8542,58.9
2019-02-01,ID8542,58.9
2019-03-01,ID8542,58.9
2019-04-01,ID8542,58.8
2019-05-01,ID8542,58.8
2019-06-01,ID8542,58.7
2019-07-01,ID8542,58.5
2019-08-01,ID8542,58.5
2019-09-01,ID8542,58.5
2019-10-01,ID8542,57.6
2019-11-01,ID8542,57.6
2019-12-01,ID8542,57.7
2020-01-01,ID8542,57.6
2020-02-01,ID8542,57.6
2020-03-01,ID8542,57.5
2020-04-01,ID8542,58.3
2020-05-01,ID8542,58.2
2020-06-01,ID8542,58.1
2020-07-01,ID8542,58.1
2020-08-01,ID8542,58.1
2020-09-01,ID8542,58.0
2020-10-01,ID8542,58.0
2020-11-01,ID8542,58.0
2020-12-01,ID8542,58.0
2021-01-01,ID8542,57.9
2021-02-01,ID8542,58.0
2021-03-01,ID8542,58.0
2021-04-01,ID8542,57.9
2021-05-01,ID8542,57.7
2021-06-01,ID8542,57.6
2021-07-01,ID8542,57.5
2021-08-01,ID8542,57.6
2021-09-01,ID8542,58.0
2021-10-01,ID8542,58.0
2021-11-01,ID8542,57.9
2021-12-01,ID8542,57.7
2022-01-01,ID8542,57.8
2022-02-01,ID8542,58.2
2022-03-01,ID8542,58.6
2022-04-01,ID8542,58.8
2022-05-01,ID8542,58.8
2022-06-01,ID8542,58.8
2022-07-01,ID8542,59.0
2022-08-01,ID8542,59.3
2022-09-01,ID8542,59.5
2022-10-01,ID8542,59.1
2022-11-01,ID8542,58.7
2022-12-01,ID8542,58.3
2023-01-01,ID8542,57.8
2023-02-01,ID8542,57.6
2023-03-01,ID8542,57.0
2023-04-01,ID8542,56.5
2023-05-01,ID8542,56.0
2023-06-01,ID8542,55.4
2023-07-01,ID8542,55.0
2023-08-01,ID8542,55.0
2023-09-01,ID8542,55.0
2023-10-01,ID8542,54.9
2023-11-01,ID8542,54.7
2023-12-01,ID8542,54.6
2024-01-01,ID8542,54.2
2024-02-01,ID8542,54.3
2024-03-01,ID8542,54.7
2024-04-01,ID8542,54.8
2024-05-01,ID8542,54.3
2024-06-01,ID8542,53.7
2024-07-01,ID8542,53.4
2024-08-01,ID8542,53.6
2024-09-01,ID8542,53.8
2024-10-01,ID8542,54.0
2024-11-01,ID8542,53.9
2024-12-01,ID8542,53.9
2025-01-01,ID8542,53.8
2025-02-01,ID8542,53.8
2025-03-01,ID8542,53.8
2025-04-01,ID8542,53.8
2025-05-01,ID8542,53.6
2025-06-01,ID8542,53.5
2025-07-01,ID8542,53.4
2025-08-01,ID8542,53.5
2025-09-01,ID8542,53.8
2025-11-01,ID8542,53.9
2025-12-01,ID8542,54.1
2026-01-01,ID8542,53.0
2026-02-01,ID8542,51.8
2026-03-01,ID8542,50.8
2026-04-01,ID8542,51.0
2026-05-01,ID8542,51.0
2026-06-01,ID8542,51.0
2026-07-01,ID8542,50.4
2026-08-01,ID8542,50.2
1992-12-01,IP8471,258.5
1993-03-01,IP8471,252.0
1993-06-01,IP8471,244.4
1993-09-01,IP8471,236.1
1993-12-01,IP8471,231.7
1994-01-01,IP8471,229.9
1994-02-01,IP8471,228.0
1994-03-01,IP8471,225.4
1994-04-01,IP8471,223.4
1994-05-01,IP8471,220.1
1994-06-01,IP8471,219.6
1994-07-01,IP8471,214.4
1994-08-01,IP8471,214.3
1994-09-01,IP8471,214.0
1994-10-01,IP8471,213.2
1994-11-01,IP8471,208.5
1994-12-01,IP8471,208.9
1995-01-01,IP8471,208.4
1995-02-01,IP8471,206.7
1995-03-01,IP8471,203.8
1995-04-01,IP8471,202.7
1995-05-01,IP8471,200.7
1995-06-01,IP8471,200.5
1995-07-01,IP8471,200.9
1995-08-01,IP8471,200.7
1995-09-01,IP8471,198.6
1995-10-01,IP8471,196.5
1995-11-01,IP8471,197.3
1995-12-01,IP8471,196.5
1996-01-01,IP8471,195.4
1996-02-01,IP8471,195.2
1996-03-01,IP8471,191.3
1996-04-01,IP8471,189.9
1996-05-01,IP8471,188.2
1996-06-01,IP8471,187.3
1996-07-01,IP8471,186.0
1996-08-01,IP8471,185.5
1996-09-01,IP8471,184.4
1996-10-01,IP8471,183.0
1996-11-01,IP8471,181.0
1996-12-01,IP8471,179.3
1997-01-01,IP8471,176.6
1997-02-01,IP8471,174.2
1997-03-01,IP8471,173.1
1997-04-01,IP8471,168.8
1997-05-01,IP8471,165.8
1997-06-01,IP8471,165.2
1997-07-01,IP8471,163.3
1997-08-01,IP8471,160.2
1997-09-01,IP8471,157.2
1997-10-01,IP8471,153.4
1997-11-01,IP8471,152.4
1997-12-01,IP8471,151.5
1998-01-01,IP8471,146.4
1998-02-01,IP8471,144.0
1998-03-01,IP8471,140.3
1998-04-01,IP8471,136.6
1998-05-01,IP8471,134.3
1998-06-01,IP8471,133.1
1998-07-01,IP8471,131.4
1998-08-01,IP8471,130.0
1998-09-01,IP8471,129.4
1998-10-01,IP8471,123.7
1998-11-01,IP8471,121.5
1998-12-01,IP8471,121.0
1999-01-01,IP8471,120.5
1999-02-01,IP8471,118.8
1999-03-01,IP8471,114.0
1999-04-01,IP8471,111.4
1999-05-01,IP8471,111.0
1999-06-01,IP8471,109.0
1999-07-01,IP8471,106.0
1999-08-01,IP8471,105.5
1999-09-01,IP8471,105.0
1999-10-01,IP8471,105.0
1999-11-01,IP8471,104.9
1999-12-01,IP8471,104.4
2000-01-01,IP8471,104.2
2000-02-01,IP8471,103.8
2000-03-01,IP8471,103.3
2000-04-01,IP8471,101.6
2000-05-01,IP8471,101.1
2000-06-01,IP8471,100.3
2000-07-01,IP8471,100.0
2000-08-01,IP8471,99.3
2000-09-01,IP8471,98.8
2000-10-01,IP8471,95.7
2000-11-01,IP8471,95.9
2000-12-01,IP8471,95.9
2001-01-01,IP8471,95.8
2001-02-01,IP8471,94.3
2001-03-01,IP8471,93.1
2001-04-01,IP8471,90.0
2001-05-01,IP8471,90.1
2001-06-01,IP8471,90.0
2001-07-01,IP8471,87.7
2001-08-01,IP8471,87.0
2001-09-01,IP8471,86.0
2001-10-01,IP8471,84.0
2001-11-01,IP8471,83.9
2001-12-01,IP8471,83.6
2002-01-01,IP8471,83.0
2002-02-01,IP8471,82.5
2002-03-01,IP8471,82.4
2002-04-01,IP8471,81.7
2002-05-01,IP8471,81.6
2002-06-01,IP8471,81.3
2002-07-01,IP8471,80.3
2002-08-01,IP8471,79.6
2002-09-01,IP8471,79.3
2002-10-01,IP8471,77.3
2002-11-01,IP8471,77.2
2002-12-01,IP8471,77.1
2003-01-01,IP8471,76.8
2003-02-01,IP8471,75.6
2003-03-01,IP8471,74.9
2003-04-01,IP8471,74.5
2003-05-01,IP8471,73.8
2003-06-01,IP8471,73.4
2003-07-01,IP8471,71.7
2003-08-01,IP8471,71.7
2003-09-01,IP8471,71.8
2003-10-01,IP8471,69.1
2003-11-01,IP8471,69.0
2003-12-01,IP8471,68.9
2004-01-01,IP8471,68.7
2004-02-01,IP8471,68.7
2004-03-01,IP8471,68.4
2004-04-01,IP8471,67.6
2004-05-01,IP8471,67.6
2004-06-01,IP8471,66.3
2004-07-01,IP8471,65.6
2004-08-01,IP8471,64.9
2004-09-01,IP8471,64.1
2004-10-01,IP8471,63.1
2004-11-01,IP8471,62.9
2004-12-01,IP8471,62.8
2005-01-01,IP8471,62.3
2005-02-01,IP8471,61.7
2005-03-01,IP8471,60.9
2005-04-01,IP8471,60.0
2005-05-01,IP8471,59.6
2005-06-01,IP8471,59.5
2005-07-01,IP8471,58.7
2005-08-01,IP8471,58.5
2005-09-01,IP8471,57.4
2005-10-01,IP8471,57.2
2005-11-01,IP8471,56.7
2005-12-01,IP8471,56.4
2006-01-01,IP8471,56.0
2006-02-01,IP8471,55.6
2006-03-01,IP8471,55.4
2006-04-01,IP8471,54.9
2006-05-01,IP8471,54.4
2006-06-01,IP8471,54.0
2006-07-01,IP8471,53.6
2006-08-01,IP8471,53.6
2006-09-01,IP8471,53.1
2006-10-01,IP8471,52.8
2006-11-01,IP8471,52.8
2006-12-01,IP8471,52.9
2007-01-01,IP8471,51.8
2007-02-01,IP8471,51.4
2007-03-01,IP8471,51.0
2007-04-01,IP8471,50.6
2007-05-01,IP8471,50.6
2007-06-01,IP8471,50.6
2007-07-01,IP8471,50.7
2007-08-01,IP8471,50.9
2007-09-01,IP8471,50.8
2007-10-01,IP8471,50.4
2007-11-01,IP8471,50.2
2007-12-01,IP8471,50.2
2008-01-01,IP8471,50.2
2008-02-01,IP8471,49.8
2008-03-01,IP8471,49.8
2008-04-01,IP8471,49.5
2008-05-01,IP8471,49.4
2008-06-01,IP8471,48.8
2008-07-01,IP8471,48.4
2008-08-01,IP8471,47.6
2008-09-01,IP8471,47.0
2008-10-01,IP8471,46.8
2008-11-01,IP8471,46.5
2008-12-01,IP8471,46.1
2009-01-01,IP8471,45.9
2009-02-01,IP8471,45.8
2009-03-01,IP8471,45.1
2009-04-01,IP8471,44.9
2009-05-01,IP8471,45.0
2009-06-01,IP8471,44.8
2009-07-01,IP8471,44.8
2009-08-01,IP8471,44.6
2009-09-01,IP8471,44.5
2009-10-01,IP8471,44.2
2009-11-01,IP8471,44.1
2009-12-01,IP8471,43.8
2010-01-01,IP8471,43.5
2010-02-01,IP8471,43.3
2010-03-01,IP8471,43.4
2010-04-01,IP8471,43.3
2010-05-01,IP8471,43.2
2010-06-01,IP8471,43.1
2010-07-01,IP8471,42.9
2010-08-01,IP8471,42.9
2010-09-01,IP8471,42.8
2010-10-01,IP8471,42.9
2010-11-01,IP8471,42.5
2010-12-01,IP8471,42.5
2011-01-01,IP8471,41.4
2011-02-01,IP8471,41.4
2011-03-01,IP8471,41.3
2011-04-01,IP8471,40.6
2011-05-01,IP8471,40.3
2011-06-01,IP8471,39.9
2011-07-01,IP8471,39.5
2011-08-01,IP8471,39.5
2011-09-01,IP8471,39.6
2011-10-01,IP8471,39.1
2011-11-01,IP8471,39.2
2011-12-01,IP8471,39.4
2012-01-01,IP8471,39.6
2012-02-01,IP8471,39.6
2012-03-01,IP8471,39.4
2012-04-01,IP8471,39.2
2012-05-01,IP8471,39.3
2012-06-01,IP8471,39.3
2012-07-01,IP8471,39.3
2012-08-01,IP8471,39.2
2012-09-01,IP8471,39.6
2012-10-01,IP8471,39.5
2012-11-01,IP8471,39.3
2012-12-01,IP8471,39.2
2013-01-01,IP8471,39.2
2013-02-01,IP8471,39.2
2013-03-01,IP8471,39.2
2013-04-01,IP8471,39.2
2013-05-01,IP8471,39.1
2013-06-01,IP8471,39.1
2013-07-01,IP8471,39.1
2013-08-01,IP8471,39.0
2013-09-01,IP8471,38.9
2013-10-01,IP8471,38.7
2013-11-01,IP8471,38.8
2013-12-01,IP8471,38.6
2014-01-01,IP8471,38.5
2014-02-01,IP8471,38.4
2014-03-01,IP8471,38.2
2014-04-01,IP8471,38.0
2014-05-01,IP8471,38.7
2014-06-01,IP8471,38.7
2014-07-01,IP8471,38.7
2014-08-01,IP8471,38.6
2014-09-01,IP8471,38.6
2014-10-01,IP8471,38.6
2014-11-01,IP8471,38.6
2014-12-01,IP8471,38.6
2015-01-01,IP8471,38.3
2015-02-01,IP8471,38.3
2015-03-01,IP8471,38.2
2015-04-01,IP8471,38.0
2015-05-01,IP8471,37.7
2015-06-01,IP8471,37.6
2015-07-01,IP8471,37.6
2015-08-01,IP8471,37.5
2015-09-01,IP8471,37.5
2015-10-01,IP8471,37.4
2015-11-01,IP8471,37.4
2015-12-01,IP8471,37.3
2016-01-01,IP8471,37.2
2016-02-01,IP8471,37.2
2016-03-01,IP8471,37.1
2016-04-01,IP8471,37.2
2016-05-01,IP8471,37.3
2016-06-01,IP8471,37.0
2016-07-01,IP8471,37.0
2016-08-01,IP8471,36.7
2016-09-01,IP8471,37.0
2016-10-01,IP8471,36.7
2016-11-01,IP8471,36.3
2016-12-01,IP8471,36.5
2017-01-01,IP8471,36.7
2017-02-01,IP8471,36.8
2017-03-01,IP8471,36.9
2017-04-01,IP8471,36.7
2017-05-01,IP8471,36.7
2017-06-01,IP8471,36.9
2017-07-01,IP8471,36.8
2017-08-01,IP8471,36.8
2017-09-01,IP8471,36.7
2017-10-01,IP8471,36.8
2017-11-01,IP8471,36.8
2017-12-01,IP8471,36.8
2018-01-01,IP8471,36.6
2018-02-01,IP8471,36.7
2018-03-01,IP8471,36.8
2018-04-01,IP8471,36.7
2018-05-01,IP8471,36.5
2018-06-01,IP8471,36.4
2018-07-01,IP8471,36.3
2018-08-01,IP8471,36.3
2018-09-01,IP8471,36.2
2018-10-01,IP8471,36.2
2018-11-01,IP8471,36.0
2018-12-01,IP8471,35.9
2019-01-01,IP8471,35.8
2019-02-01,IP8471,35.6
2019-03-01,IP8471,35.4
2019-04-01,IP8471,34.8
2019-05-01,IP8471,34.9
2019-06-01,IP8471,34.6
2019-07-01,IP8471,34.5
2019-08-01,IP8471,34.6
2019-09-01,IP8471,34.5
2019-10-01,IP8471,34.1
2019-11-01,IP8471,33.6
2019-12-01,IP8471,33.5
2020-01-01,IP8471,33.4
2020-02-01,IP8471,33.3
2020-03-01,IP8471,33.6
2020-04-01,IP8471,33.5
2020-05-01,IP8471,33.6
2020-06-01,IP8471,33.8
2020-07-01,IP8471,33.7
2020-08-01,IP8471,33.8
2020-09-01,IP8471,33.5
2020-10-01,IP8471,33.5
2020-11-01,IP8471,33.4
2020-12-01,IP8471,33.3
2021-01-01,IP8471,33.3
2021-02-01,IP8471,33.3
2021-03-01,IP8471,33.2
2021-04-01,IP8471,33.3
2021-05-01,IP8471,33.1
2021-06-01,IP8471,33.4
2021-07-01,IP8471,33.6
2021-08-01,IP8471,33.8
2021-09-01,IP8471,33.8
2021-10-01,IP8471,33.9
2021-11-01,IP8471,34.0
2021-12-01,IP8471,33.7
2022-01-01,IP8471,33.7
2022-02-01,IP8471,34.2
2022-03-01,IP8471,34.2
2022-04-01,IP8471,34.4
2022-05-01,IP8471,34.4
2022-06-01,IP8471,34.4
2022-07-01,IP8471,34.4
2022-08-01,IP8471,34.3
2022-09-01,IP8471,34.3
2022-10-01,IP8471,34.7
2022-11-01,IP8471,34.9
2022-12-01,IP8471,34.8
2023-01-01,IP8471,34.8
2023-02-01,IP8471,34.9
2023-03-01,IP8471,34.8
2023-04-01,IP8471,34.4
2023-05-01,IP8471,34.3
2023-06-01,IP8471,34.3
2023-07-01,IP8471,34.2
2023-08-01,IP8471,34.2
2023-09-01,IP8471,34.2
2023-10-01,IP8471,34.1
2023-11-01,IP8471,34.1
2023-12-01,IP8471,34.0
1992-12-01,ID8471,218.5
1993-03-01,ID8471,207.8
1993-06-01,ID8471,202.4
1993-09-01,ID8471,197.7
1993-12-01,ID8471,193.7
1994-01-01,ID8471,190.9
1994-02-01,ID8471,188.5
1994-03-01,ID8471,187.4
1994-04-01,ID8471,186.6
1994-05-01,ID8471,184.7
1994-06-01,ID8471,182.2
1994-07-01,ID8471,180.8
1994-08-01,ID8471,174.0
1994-09-01,ID8471,173.9
1994-10-01,ID8471,172.6
1994-11-01,ID8471,172.1
1994-12-01,ID8471,170.7
1995-01-01,ID8471,170.3
1995-02-01,ID8471,168.4
1995-03-01,ID8471,168.6
1995-04-01,ID8471,168.3
1995-05-01,ID8471,167.5
1995-06-01,ID8471,166.5
1995-07-01,ID8471,165.3
1995-08-01,ID8471,162.0
1995-09-01,ID8471,160.6
1995-10-01,ID8471,158.7
1995-11-01,ID8471,156.9
1995-12-01,ID8471,156.9
1996-01-01,ID8471,154.2
1996-02-01,ID8471,152.6
1996-03-01,ID8471,151.5
1996-04-01,ID8471,150.2
1996-05-01,ID8471,148.5
1996-06-01,ID8471,147.8
1996-07-01,ID8471,146.9
1996-08-01,ID8471,144.9
1996-09-01,ID8471,144.7
1996-10-01,ID8471,144.3
1996-11-01,ID8471,142.6
1996-12-01,ID8471,139.9
1997-01-01,ID8471,140.1
1997-02-01,ID8471,138.2
1997-03-01,ID8471,136.0
1997-04-01,ID8471,132.9
1997-05-01,ID8471,129.9
1997-06-01,ID8471,128.7
1997-07-01,ID8471,127.5
1997-08-01,ID8471,127.2
1997-09-01,ID8471,126.9
1997-10-01,ID8471,125.4
1997-11-01,ID8471,125.0
1997-12-01,ID8471,124.3
1998-01-01,ID8471,122.7
1998-02-01,ID8471,122.4
1998-03-01,ID8471,120.8
1998-04-01,ID8471,119.3
1998-05-01,ID8471,119.2
1998-06-01,ID8471,118.7
1998-07-01,ID8471,117.3
1998-08-01,ID8471,115.4
1998-09-01,ID8471,115.0
1998-10-01,ID8471,114.8
1998-11-01,ID8471,114.2
1998-12-01,ID8471,114.1
1999-01-01,ID8471,112.7
1999-02-01,ID8471,111.3
1999-03-01,ID8471,110.2
1999-04-01,ID8471,109.2
1999-05-01,ID8471,107.9
1999-06-01,ID8471,106.4
1999-07-01,ID8471,105.8
1999-08-01,ID8471,105.6
1999-09-01,ID8471,103.6
1999-10-01,ID8471,103.7
1999-11-01,ID8471,103.8
1999-12-01,ID8471,103.1
2000-01-01,ID8471,102.8
2000-02-01,ID8471,101.5
2000-03-01,ID8471,101.6
2000-04-01,ID8471,100.7
2000-05-01,ID8471,100.5
2000-06-01,ID8471,99.9
2000-07-01,ID8471,99.7
2000-08-01,ID8471,98.5
2000-09-01,ID8471,98.7
2000-10-01,ID8471,98.7
2000-11-01,ID8471,98.9
2000-12-01,ID8471,98.6
2001-01-01,ID8471,98.3
2001-02-01,ID8471,98.2
2001-03-01,ID8471,98.3
2001-04-01,ID8471,97.7
2001-05-01,ID8471,97.4
2001-06-01,ID8471,96.0
2001-07-01,ID8471,96.2
2001-08-01,ID8471,95.3
2001-09-01,ID8471,94.9
2001-10-01,ID8471,94.5
2001-11-01,ID8471,94.3
2001-12-01,ID8471,93.7
2002-01-01,ID8471,92.9
2002-02-01,ID8471,93.0
2002-03-01,ID8471,92.7
2002-04-01,ID8471,92.2
2002-05-01,ID8471,91.8
2002-06-01,ID8471,91.6
2002-07-01,ID8471,90.7
2002-08-01,ID8471,90.6
2002-09-01,ID8471,90.3
2002-10-01,ID8471,89.7
2002-11-01,ID8471,89.5
2002-12-01,ID8471,89.5
2003-01-01,ID8471,89.5
2003-02-01,ID8471,89.1
2003-03-01,ID8471,88.2
2003-04-01,ID8471,88.6
2003-05-01,ID8471,88.0
2003-06-01,ID8471,87.7
2003-07-01,ID8471,87.5
2003-08-01,ID8471,87.4
2003-09-01,ID8471,87.3
2003-10-01,ID8471,87.2
2003-11-01,ID8471,87.0
2003-12-01,ID8471,86.6
2004-01-01,ID8471,84.3
2004-02-01,ID8471,83.6
2004-03-01,ID8471,83.4
2004-04-01,ID8471,83.4
2004-05-01,ID8471,83.0
2004-06-01,ID8471,82.7
2004-07-01,ID8471,81.7
2004-08-01,ID8471,81.4
2004-09-01,ID8471,81.2
2004-10-01,ID8471,80.3
2004-11-01,ID8471,79.6
2004-12-01,ID8471,79.2
2005-01-01,ID8471,78.5
2005-02-01,ID8471,78.5
2005-03-01,ID8471,77.8
2005-04-01,ID8471,77.4
2005-05-01,ID8471,77.2
2005-06-01,ID8471,76.6
2005-07-01,ID8471,75.2
2005-08-01,ID8471,74.4
2005-09-01,ID8471,73.8
2005-10-01,ID8471,72.5
2005-11-01,ID8471,72.3
2005-12-01,ID8471,72.2
2006-01-01,ID8471,71.7
2006-02-01,ID8471,71.3
2006-03-01,ID8471,71.2
2006-04-01,ID8471,70.8
2006-05-01,ID8471,71.0
2006-06-01,ID8471,70.4
2006-07-01,ID8471,70.1
2006-08-01,ID8471,69.5
2006-09-01,ID8471,69.4
2006-10-01,ID8471,69.0
2006-11-01,ID8471,68.5
2006-12-01,ID8471,68.2
2007-01-01,ID8471,67.5
2007-02-01,ID8471,67.5
2007-03-01,ID8471,66.6
2007-04-01,ID8471,65.9
2007-05-01,ID8471,66.0
2007-06-01,ID8471,65.9
2007-07-01,ID8471,65.9
2007-08-01,ID8471,65.8
2007-09-01,ID8471,65.7
2007-10-01,ID8471,65.7
2007-11-01,ID8471,65.9
2007-12-01,ID8471,66.1
2008-01-01,ID8471,64.7
2008-02-01,ID8471,64.2
2008-03-01,ID8471,63.6
2008-04-01,ID8471,63.2
2008-05-01,ID8471,62.5
2008-06-01,ID8471,61.5
2008-07-01,ID8471,61.3
2008-08-01,ID8471,60.4
2008-09-01,ID8471,60.6
2008-10-01,ID8471,59.7
2008-11-01,ID8471,59.7
2008-12-01,ID8471,59.8
2009-01-01,ID8471,58.9
2009-02-01,ID8471,58.1
2009-03-01,ID8471,57.1
2009-04-01,ID8471,57.0
2009-05-01,ID8471,56.9
2009-06-01,ID8471,56.6
2009-07-01,ID8471,56.2
2009-08-01,ID8471,55.8
2009-09-01,ID8471,55.9
2009-10-01,ID8471,55.6
2009-11-01,ID8471,55.4
2009-12-01,ID8471,54.7
2010-01-01,ID8471,54.6
2010-02-01,ID8471,54.2
2010-03-01,ID8471,53.8
2010-04-01,ID8471,53.4
2010-05-01,ID8471,53.4
2010-06-01,ID8471,53.1
2010-07-01,ID8471,53.1
2010-08-01,ID8471,52.7
2010-09-01,ID8471,52.7
2010-10-01,ID8471,52.3
2010-11-01,ID8471,52.3
2010-12-01,ID8471,52.1
2011-01-01,ID8471,52.0
2011-02-01,ID8471,50.8
2011-03-01,ID8471,51.1
2011-04-01,ID8471,51.3
2011-05-01,ID8471,51.0
2011-06-01,ID8471,50.4
2011-07-01,ID8471,50.4
2011-08-01,ID8471,49.9
2011-09-01,ID8471,49.8
2011-10-01,ID8471,49.2
2011-11-01,ID8471,49.0
2011-12-01,ID8471,48.8
2012-01-01,ID8471,52.6
2012-02-01,ID8471,52.4
2012-03-01,ID8471,52.1
2012-04-01,ID8471,52.0
2012-05-01,ID8471,51.6
2012-06-01,ID8471,51.5
2012-07-01,ID8471,51.2
2012-08-01,ID8471,50.5
2012-09-01,ID8471,50.6
2012-10-01,ID8471,50.5
2012-11-01,ID8471,49.6
2012-12-01,ID8471,49.1
2013-01-01,ID8471,49.3
2013-02-01,ID8471,49.2
2013-03-01,ID8471,49.0
2013-04-01,ID8471,49.0
2013-05-01,ID8471,49.1
2013-06-01,ID8471,49.3
2013-07-01,ID8471,48.5
2013-08-01,ID8471,48.7
2013-09-01,ID8471,48.5
2013-10-01,ID8471,48.1
2013-11-01,ID8471,48.7
2013-12-01,ID8471,48.5
2014-01-01,ID8471,48.6
2014-02-01,ID8471,48.4
2014-03-01,ID8471,48.4
2014-04-01,ID8471,48.6
2014-05-01,ID8471,48.7
2014-06-01,ID8471,48.4
2014-07-01,ID8471,47.7
2014-08-01,ID8471,47.2
2014-09-01,ID8471,47.4
2014-10-01,ID8471,47.5
2014-11-01,ID8471,47.0
2014-12-01,ID8471,46.4
2015-01-01,ID8471,46.4
2015-02-01,ID8471,46.6
2015-03-01,ID8471,46.1
2015-04-01,ID8471,44.7
2015-05-01,ID8471,44.3
2015-06-01,ID8471,43.8
2015-07-01,ID8471,43.6
2015-08-01,ID8471,43.5
2015-09-01,ID8471,43.5
2015-10-01,ID8471,43.4
2015-11-01,ID8471,43.1
2015-12-01,ID8471,42.8
2016-01-01,ID8471,42.1
2016-02-01,ID8471,41.6
2016-03-01,ID8471,41.2
2016-04-01,ID8471,40.9
2016-05-01,ID8471,40.8
2016-06-01,ID8471,40.6
2016-07-01,ID8471,40.1
2016-08-01,ID8471,39.6
2016-09-01,ID8471,39.2
2016-10-01,ID8471,38.7
2016-11-01,ID8471,38.8
2016-12-01,ID8471,38.7
2017-01-01,ID8471,37.9
2017-02-01,ID8471,37.7
2017-03-01,ID8471,37.7
2017-04-01,ID8471,37.8
2017-05-01,ID8471,37.9
2017-06-01,ID8471,37.7
2017-07-01,ID8471,37.5
2017-08-01,ID8471,37.3
2017-09-01,ID8471,37.0
2017-10-01,ID8471,36.9
2017-11-01,ID8471,36.8
2017-12-01,ID8471,36.8
2018-01-01,ID8471,36.7
2018-02-01,ID8471,36.7
2018-03-01,ID8471,36.5
2018-04-01,ID8471,36.8
2018-05-01,ID8471,36.8
2018-06-01,ID8471,36.8
2018-07-01,ID8471,36.8
2018-08-01,ID8471,36.8
2018-09-01,ID8471,36.7
2018-10-01,ID8471,36.4
2018-11-01,ID8471,36.3
2018-12-01,ID8471,36.2
2019-01-01,ID8471,36.3
2019-02-01,ID8471,36.3
2019-03-01,ID8471,36.0
2019-04-01,ID8471,35.9
2019-05-01,ID8471,35.4
2019-06-01,ID8471,35.5
2019-07-01,ID8471,35.4
2019-08-01,ID8471,34.7
2019-09-01,ID8471,34.7
2019-10-01,ID8471,34.5
2019-11-01,ID8471,34.5
2019-12-01,ID8471,34.0
2020-01-01,ID8471,33.8
2020-02-01,ID8471,34.0
2020-03-01,ID8471,34.8
2020-04-01,ID8471,34.1
2020-05-01,ID8471,34.0
2020-06-01,ID8471,33.5
2020-07-01,ID8471,33.4
2020-08-01,ID8471,33.3
2020-09-01,ID8471,32.8
2020-10-01,ID8471,32.3
2020-11-01,ID8471,32.1
2020-12-01,ID8471,31.8
2021-01-01,ID8471,32.6
2021-02-01,ID8471,32.2
2021-03-01,ID8471,32.2
2021-04-01,ID8471,32.4
2021-05-01,ID8471,32.7
2021-06-01,ID8471,33.0
2021-07-01,ID8471,32.9
2021-08-01,ID8471,32.6
2021-09-01,ID8471,33.1
2021-10-01,ID8471,32.9
2021-11-01,ID8471,32.9
2021-12-01,ID8471,32.8
2022-01-01,ID8471,33.0
2022-02-01,ID8471,33.2
2022-03-01,ID8471,33.7
2022-04-01,ID8471,34.2
2022-05-01,ID8471,34.2
2022-06-01,ID8471,34.2
2022-07-01,ID8471,34.3
2022-08-01,ID8471,33.0
2022-09-01,ID8471,33.6
2022-10-01,ID8471,33.9
2022-11-01,ID8471,33.5
2022-12-01,ID8471,33.4
2023-01-01,ID8471,33.6
2023-02-01,ID8471,33.5
2023-03-01,ID8471,33.5
2023-04-01,ID8471,33.5
2023-05-01,ID8471,33.5
2023-06-01,ID8471,33.7
2023-07-01,ID8471,33.8
2023-08-01,ID8471,33.6
2023-09-01,ID8471,33.3
2023-10-01,ID8471,33.5
2023-11-01,ID8471,33.3
2023-12-01,ID8471,32.8
2024-01-01,ID8471,32.8
2024-02-01,ID8471,32.8
2024-03-01,ID8471,32.0
2024-04-01,ID8471,31.9
2024-05-01,ID8471,31.6
2024-06-01,ID8471,31.7
2024-07-01,ID8471,31.5
2024-08-01,ID8471,31.8
2024-09-01,ID8471,31.9
2024-10-01,ID8471,32.4
2024-11-01,ID8471,32.6
2024-12-01,ID8471,31.9
2025-01-01,ID8471,32.2
2025-02-01,ID8471,32.5
2025-03-01,ID8471,33.0
2025-04-01,ID8471,33.1
2025-05-01,ID8471,33.1
2025-06-01,ID8471,32.8
2025-07-01,ID8471,32.7
2025-08-01,ID8471,32.6
2025-09-01,ID8471,32.5
2025-11-01,ID8471,32.1
2025-12-01,ID8471,31.8
2026-01-01,ID8471,32.8
2026-02-01,ID8471,33.3
2026-03-01,ID8471,34.0
2026-04-01,ID8471,34.9
2026-05-01,ID8471,34.2
2026-06-01,ID8471,35.4
2026-07-01,ID8471,35.6
2026-08-01,ID8471,36.6
1992-12-01,IP8473,167.2
1993-03-01,IP8473,165.7
1993-06-01,IP8473,163.0
1993-09-01,IP8473,163.8
1993-12-01,IP8473,162.8
1994-01-01,IP8473,162.4
1994-02-01,IP8473,162.8
1994-03-01,IP8473,162.3
1994-04-01,IP8473,163.2
1994-05-01,IP8473,163.6
1994-06-01,IP8473,162.6
1994-07-01,IP8473,161.9
1994-08-01,IP8473,161.1
1994-09-01,IP8473,161.9
1994-10-01,IP8473,160.5
1994-11-01,IP8473,159.1
1994-12-01,IP8473,160.5
1995-01-01,IP8473,160.6
1995-02-01,IP8473,161.5
1995-03-01,IP8473,161.7
1995-04-01,IP8473,162.9
1995-05-01,IP8473,163.1
1995-06-01,IP8473,163.2
1995-07-01,IP8473,162.9
1995-08-01,IP8473,162.8
1995-09-01,IP8473,162.3
1995-10-01,IP8473,159.6
1995-11-01,IP8473,159.5
1995-12-01,IP8473,157.2
1996-01-01,IP8473,157.4
1996-02-01,IP8473,154.8
1996-03-01,IP8473,150.2
1996-04-01,IP8473,147.6
1996-05-01,IP8473,143.5
1996-06-01,IP8473,138.5
1996-07-01,IP8473,138.8
1996-08-01,IP8473,136.6
1996-09-01,IP8473,134.2
1996-10-01,IP8473,134.5
1996-11-01,IP8473,133.8
1996-12-01,IP8473,133.3
1997-01-01,IP8473,131.8
1997-02-01,IP8473,130.4
1997-03-01,IP8473,127.6
1997-04-01,IP8473,125.2
1997-05-01,IP8473,124.8
1997-06-01,IP8473,123.2
1997-07-01,IP8473,122.0
1997-08-01,IP8473,120.3
1997-09-01,IP8473,119.5
1997-10-01,IP8473,113.9
1997-11-01,IP8473,113.2
1997-12-01,IP8473,112.9
1998-01-01,IP8473,111.0
1998-02-01,IP8473,109.6
1998-03-01,IP8473,109.0
1998-04-01,IP8473,108.0
1998-05-01,IP8473,106.2
1998-06-01,IP8473,105.4
1998-07-01,IP8473,104.8
1998-08-01,IP8473,104.3
1998-09-01,IP8473,102.5
1998-10-01,IP8473,101.8
1998-11-01,IP8473,101.8
1998-12-01,IP8473,103.1
1999-01-01,IP8473,102.9
1999-02-01,IP8473,101.9
1999-03-01,IP8473,101.7
1999-04-01,IP8473,101.5
1999-05-01,IP8473,101.2
1999-06-01,IP8473,101.6
1999-07-01,IP8473,100.8
1999-08-01,IP8473,100.8
1999-09-01,IP8473,100.4
1999-10-01,IP8473,100.1
1999-11-01,IP8473,100.2
1999-12-01,IP8473,102.2
2000-01-01,IP8473,101.6
2000-02-01,IP8473,101.4
2000-03-01,IP8473,100.7
2000-04-01,IP8473,100.2
2000-05-01,IP8473,99.0
2000-06-01,IP8473,99.2
2000-07-01,IP8473,99.4
2000-08-01,IP8473,100.0
2000-09-01,IP8473,100.0
2000-10-01,IP8473,99.8
2000-11-01,IP8473,99.5
2000-12-01,IP8473,99.2
2001-01-01,IP8473,99.0
2001-02-01,IP8473,98.9
2001-03-01,IP8473,98.7
2001-04-01,IP8473,99.3
2001-05-01,IP8473,98.4
2001-06-01,IP8473,97.9
2001-07-01,IP8473,96.9
2001-08-01,IP8473,97.1
2001-09-01,IP8473,93.5
2001-10-01,IP8473,93.5
2001-11-01,IP8473,93.4
2001-12-01,IP8473,93.2
2002-01-01,IP8473,93.7
2002-02-01,IP8473,93.6
2002-03-01,IP8473,93.4
2002-04-01,IP8473,95.0
2002-05-01,IP8473,94.6
2002-06-01,IP8473,94.1
2002-07-01,IP8473,93.9
2002-08-01,IP8473,93.9
2002-09-01,IP8473,93.8
2002-10-01,IP8473,92.5
2002-11-01,IP8473,92.4
2002-12-01,IP8473,91.8
2003-01-01,IP8473,91.5
2003-02-01,IP8473,91.8
2003-03-01,IP8473,91.9
2003-04-01,IP8473,92.9
2003-05-01,IP8473,92.2
2003-06-01,IP8473,92.2
2003-07-01,IP8473,91.6
2003-08-01,IP8473,91.4
2003-09-01,IP8473,90.9
2003-10-01,IP8473,90.5
2003-11-01,IP8473,90.4
2003-12-01,IP8473,89.8
2004-01-01,IP8473,89.6
2004-02-01,IP8473,89.5
2004-03-01,IP8473,89.3
2004-04-01,IP8473,87.1
2004-05-01,IP8473,86.9
2004-06-01,IP8473,86.7
2004-07-01,IP8473,86.3
2004-08-01,IP8473,86.3
2004-09-01,IP8473,86.8
2004-10-01,IP8473,86.6
2004-11-01,IP8473,86.4
2004-12-01,IP8473,86.2
2005-01-01,IP8473,85.9
2005-02-01,IP8473,85.6
2005-03-01,IP8473,85.3
2005-04-01,IP8473,88.2
2005-05-01,IP8473,87.6
2005-06-01,IP8473,87.2
2005-07-01,IP8473,84.3
2005-08-01,IP8473,84.4
2005-09-01,IP8473,84.4
2005-10-01,IP8473,83.8
2005-11-01,IP8473,83.7
2005-12-01,IP8473,83.2
2006-01-01,IP8473,82.6
2006-02-01,IP8473,82.3
2006-03-01,IP8473,82.1
2006-04-01,IP8473,81.3
2006-05-01,IP8473,80.9
2006-06-01,IP8473,80.8
2006-07-01,IP8473,80.6
2006-08-01,IP8473,80.6
2006-09-01,IP8473,81.1
2006-10-01,IP8473,81.1
2006-11-01,IP8473,81.5
2006-12-01,IP8473,81.1
2007-01-01,IP8473,81.4
2007-02-01,IP8473,79.6
2007-03-01,IP8473,78.7
2007-04-01,IP8473,78.3
2007-05-01,IP8473,77.8
2007-06-01,IP8473,76.5
2007-07-01,IP8473,76.5
2007-08-01,IP8473,76.8
2007-09-01,IP8473,77.0
2007-10-01,IP8473,77.1
2007-11-01,IP8473,77.0
2007-12-01,IP8473,76.4
2008-01-01,IP8473,71.9
2008-02-01,IP8473,71.6
2008-03-01,IP8473,71.3
2008-04-01,IP8473,71.6
2008-05-01,IP8473,71.2
2008-06-01,IP8473,70.9
2008-07-01,IP8473,70.7
2008-08-01,IP8473,71.5
2008-09-01,IP8473,71.6
2008-10-01,IP8473,71.5
2008-11-01,IP8473,71.1
2008-12-01,IP8473,70.6
2009-01-01,IP8473,69.7
2009-02-01,IP8473,69.6
2009-03-01,IP8473,69.9
2009-04-01,IP8473,70.1
2009-05-01,IP8473,70.3
2009-06-01,IP8473,69.9
2009-07-01,IP8473,70.6
2009-08-01,IP8473,70.6
2009-09-01,IP8473,70.3
2009-10-01,IP8473,70.3
2009-11-01,IP8473,70.2
2009-12-01,IP8473,71.5
2010-01-01,IP8473,71.4
2010-02-01,IP8473,72.0
2010-03-01,IP8473,71.1
2010-04-01,IP8473,70.6
2010-05-01,IP8473,71.5
2010-06-01,IP8473,70.5
2010-07-01,IP8473,71.2
2010-08-01,IP8473,71.9
2010-09-01,IP8473,72.7
2010-10-01,IP8473,72.1
2010-11-01,IP8473,72.4
2010-12-01,IP8473,72.0
2011-01-01,IP8473,71.4
2011-02-01,IP8473,71.6
2011-03-01,IP8473,69.8
2011-04-01,IP8473,70.0
2011-05-01,IP8473,69.9
2011-06-01,IP8473,70.9
2011-07-01,IP8473,70.7
2011-08-01,IP8473,70.0
2011-09-01,IP8473,69.7
2011-10-01,IP8473,69.9
2011-11-01,IP8473,69.6
2011-12-01,IP8473,69.4
2012-01-01,IP8473,69.9
2012-02-01,IP8473,69.4
2012-03-01,IP8473,69.3
2012-04-01,IP8473,69.1
2012-05-01,IP8473,68.9
2012-06-01,IP8473,68.7
2012-07-01,IP8473,68.4
2012-08-01,IP8473,68.4
2012-09-01,IP8473,68.3
2012-10-01,IP8473,67.8
2012-11-01,IP8473,67.4
2012-12-01,IP8473,67.3
2013-01-01,IP8473,67.3
2013-02-01,IP8473,67.4
2013-03-01,IP8473,67.8
2013-04-01,IP8473,67.8
2013-05-01,IP8473,69.1
2013-06-01,IP8473,69.3
2013-07-01,IP8473,69.7
2013-08-01,IP8473,69.6
2013-09-01,IP8473,70.1
2013-10-01,IP8473,70.7
2013-11-01,IP8473,71.3
2013-12-01,IP8473,71.6
2014-01-01,IP8473,71.5
2014-02-01,IP8473,71.1
2014-03-01,IP8473,71.5
2014-04-01,IP8473,72.6
2014-05-01,IP8473,72.3
2014-06-01,IP8473,72.2
2014-07-01,IP8473,72.2
2014-08-01,IP8473,70.5
2014-09-01,IP8473,70.5
2014-10-01,IP8473,70.5
2014-11-01,IP8473,70.5
2014-12-01,IP8473,70.6
2015-01-01,IP8473,70.1
2015-02-01,IP8473,69.3
2015-03-01,IP8473,69.2
2015-04-01,IP8473,69.1
2015-05-01,IP8473,68.8
2015-06-01,IP8473,68.5
2015-07-01,IP8473,68.3
2015-08-01,IP8473,67.6
2015-09-01,IP8473,67.0
2015-10-01,IP8473,66.5
2015-11-01,IP8473,66.3
2015-12-01,IP8473,66.0
2016-01-01,IP8473,65.6
2016-02-01,IP8473,65.3
2016-03-01,IP8473,65.0
2016-04-01,IP8473,64.5
2016-05-01,IP8473,64.3
2016-06-01,IP8473,63.8
2016-07-01,IP8473,63.8
2016-08-01,IP8473,63.4
2016-09-01,IP8473,63.3
2016-10-01,IP8473,63.2
2016-11-01,IP8473,63.3
2016-12-01,IP8473,63.0
2017-01-01,IP8473,63.3
2017-02-01,IP8473,63.7
2017-03-01,IP8473,64.8
2017-04-01,IP8473,65.9
2017-05-01,IP8473,66.4
2017-06-01,IP8473,67.3
2017-07-01,IP8473,68.6
2017-08-01,IP8473,68.8
2017-09-01,IP8473,69.0
2017-10-01,IP8473,69.5
2017-11-01,IP8473,69.7
2017-12-01,IP8473,70.1
2018-01-01,IP8473,70.5
2018-02-01,IP8473,71.0
2018-03-01,IP8473,71.7
2018-04-01,IP8473,72.1
2018-05-01,IP8473,72.8
2018-06-01,IP8473,73.4
2018-07-01,IP8473,73.9
2018-08-01,IP8473,73.7
2018-09-01,IP8473,73.8
2018-10-01,IP8473,74.1
2018-11-01,IP8473,74.0
2018-12-01,IP8473,73.2
2019-01-01,IP8473,72.3
2019-02-01,IP8473,71.5
2019-03-01,IP8473,70.5
2019-04-01,IP8473,68.1
2019-05-01,IP8473,67.0
2019-06-01,IP8473,66.3
2019-07-01,IP8473,64.5
2019-08-01,IP8473,61.9
2019-09-01,IP8473,60.5
2019-10-01,IP8473,59.6
2019-11-01,IP8473,59.1
2019-12-01,IP8473,59.5
2020-01-01,IP8473,58.1
2020-02-01,IP8473,58.7
2020-03-01,IP8473,59.4
2020-04-01,IP8473,61.7
2020-05-01,IP8473,63.1
2020-06-01,IP8473,63.8
2020-07-01,IP8473,64.5
2020-08-01,IP8473,63.8
2020-09-01,IP8473,63.7
2020-10-01,IP8473,62.7
2020-11-01,IP8473,61.8
2020-12-01,IP8473,60.7
2021-01-01,IP8473,61.3
2021-02-01,IP8473,61.7
2021-03-01,IP8473,62.3
2021-04-01,IP8473,64.1
2021-05-01,IP8473,66.1
2021-06-01,IP8473,67.5
2021-07-01,IP8473,68.0
2021-08-01,IP8473,68.4
2021-09-01,IP8473,69.3
2021-10-01,IP8473,69.2
2021-11-01,IP8473,69.1
2021-12-01,IP8473,68.7
2022-01-01,IP8473,69.2
2022-02-01,IP8473,68.8
2022-03-01,IP8473,68.6
2022-04-01,IP8473,68.7
2022-05-01,IP8473,68.1
2022-06-01,IP8473,67.0
2022-07-01,IP8473,67.4
2022-08-01,IP8473,67.2
2022-09-01,IP8473,66.2
2022-10-01,IP8473,65.5
2022-11-01,IP8473,65.3
2022-12-01,IP8473,65.0
2023-01-01,IP8473,61.4
2023-02-01,IP8473,61.0
2023-03-01,IP8473,58.0
2023-04-01,IP8473,55.6
2023-05-01,IP8473,55.6
2023-06-01,IP8473,55.5
2023-07-01,IP8473,55.2
2023-08-01,IP8473,54.9
2023-09-01,IP8473,55.0
2023-10-01,IP8473,55.0
2023-11-01,IP8473,54.1
2023-12-01,IP8473,53.0
2024-01-01,IP8473,53.0
2024-02-01,IP8473,52.9
2024-03-01,IP8473,52.8
2024-04-01,IP8473,52.7
2024-05-01,IP8473,52.3
2024-06-01,IP8473,52.2
2024-07-01,IP8473,52.0
2024-08-01,IP8473,52.0
2024-09-01,IP8473,52.1
2024-10-01,IP8473,52.7
2024-11-01,IP8473,55.1
2024-12-01,IP8473,55.1
2025-01-01,IP8473,54.4
2025-02-01,IP8473,53.9
2025-03-01,IP8473,53.9
2025-04-01,IP8473,53.4
2025-05-01,IP8473,52.9
2025-06-01,IP8473,52.3
2025-07-01,IP8473,52.3
2025-08-01,IP8473,56.8
2025-09-01,IP8473,56.8
2025-11-01,IP8473,58.9
2025-12-01,IP8473,59.0
2004-12-01,IP8523,100.0
2005-01-01,IP8523,98.7
2005-02-01,IP8523,98.8
2005-03-01,IP8523,98.6
2005-04-01,IP8523,99.0
2005-05-01,IP8523,98.6
2005-06-01,IP8523,98.0
2005-07-01,IP8523,97.9
2005-08-01,IP8523,98.1
2005-09-01,IP8523,96.9
2005-10-01,IP8523,96.4
2005-11-01,IP8523,96.2
2005-12-01,IP8523,94.5
2006-01-01,IP8523,94.1
2006-02-01,IP8523,93.7
2006-03-01,IP8523,92.4
2006-04-01,IP8523,91.9
2006-05-01,IP8523,90.9
2006-06-01,IP8523,89.1
2006-07-01,IP8523,87.9
2006-08-01,IP8523,86.9
2006-09-01,IP8523,83.6
2006-10-01,IP8523,82.4
2006-11-01,IP8523,82.1
2006-12-01,IP8523,81.2
2007-01-01,IP8523,80.7
2007-02-01,IP8523,81.0
2007-03-01,IP8523,80.1
2007-04-01,IP8523,79.7
2007-05-01,IP8523,79.2
2007-06-01,IP8523,78.9
2007-07-01,IP8523,78.6
2007-08-01,IP8523,77.6
2007-09-01,IP8523,79.0
2007-10-01,IP8523,78.5
2007-11-01,IP8523,78.3
2007-12-01,IP8523,79.8
2008-01-01,IP8523,79.4
2008-02-01,IP8523,79.0
2008-03-01,IP8523,73.0
2008-04-01,IP8523,72.9
2008-05-01,IP8523,71.9
2008-06-01,IP8523,69.1
2008-07-01,IP8523,68.8
2008-08-01,IP8523,68.3
2008-09-01,IP8523,65.0
2008-10-01,IP8523,62.2
2008-11-01,IP8523,62.2
2008-12-01,IP8523,62.1
2009-01-01,IP8523,55.3
2009-02-01,IP8523,55.6
2009-03-01,IP8523,55.6
2009-04-01,IP8523,58.3
2009-05-01,IP8523,60.2
2009-06-01,IP8523,61.9
2009-07-01,IP8523,62.3
2009-08-01,IP8523,63.2
2009-09-01,IP8523,63.4
2009-10-01,IP8523,64.7
2009-11-01,IP8523,65.3
2009-12-01,IP8523,64.8
2010-01-01,IP8523,64.3
2010-02-01,IP8523,64.3
2010-03-01,IP8523,63.9
2010-04-01,IP8523,61.0
2010-05-01,IP8523,61.2
2010-06-01,IP8523,61.5
2010-07-01,IP8523,61.4
2010-08-01,IP8523,62.0
2010-09-01,IP8523,62.5
2010-10-01,IP8523,61.5
2010-11-01,IP8523,60.8
2010-12-01,IP8523,60.4
2011-01-01,IP8523,57.6
2011-02-01,IP8523,57.5
2011-03-01,IP8523,57.5
2011-04-01,IP8523,57.8
2011-05-01,IP8523,57.8
2011-06-01,IP8523,55.1
2011-07-01,IP8523,52.8
2011-08-01,IP8523,52.8
2011-09-01,IP8523,53.1
2011-10-01,IP8523,53.5
2011-11-01,IP8523,53.2
2011-12-01,IP8523,53.2
2012-01-01,IP8523,52.7
2012-02-01,IP8523,52.7
2012-03-01,IP8523,51.9
2012-04-01,IP8523,51.0
2012-05-01,IP8523,47.9
2012-06-01,IP8523,47.2
2012-07-01,IP8523,47.0
2012-08-01,IP8523,46.7
2012-09-01,IP8523,46.7
2012-10-01,IP8523,46.8
2012-11-01,IP8523,46.7
2012-12-01,IP8523,46.7
2013-01-01,IP8523,46.5
2013-02-01,IP8523,42.4
2013-03-01,IP8523,42.4
2013-04-01,IP8523,42.3
2013-05-01,IP8523,46.6
2013-06-01,IP8523,46.3
2013-07-01,IP8523,46.0
2013-08-01,IP8523,44.1
2013-09-01,IP8523,43.6
2013-10-01,IP8523,43.8
2013-11-01,IP8523,43.8
2013-12-01,IP8523,43.9
2014-01-01,IP8523,43.8
2014-02-01,IP8523,43.3
2014-03-01,IP8523,43.3
2014-04-01,IP8523,42.9
2014-05-01,IP8523,41.0
2014-06-01,IP8523,40.8
2014-07-01,IP8523,40.5
2014-08-01,IP8523,42.4
2014-09-01,IP8523,42.7
2014-10-01,IP8523,42.7
2014-11-01,IP8523,42.3
2014-12-01,IP8523,41.8
2015-01-01,IP8523,41.8
2015-02-01,IP8523,41.9
2015-03-01,IP8523,41.1
2015-04-01,IP8523,41.2
2015-05-01,IP8523,40.7
2015-06-01,IP8523,40.1
2015-07-01,IP8523,39.5
2015-08-01,IP8523,39.2
2015-09-01,IP8523,39.3
2015-10-01,IP8523,39.0
2015-11-01,IP8523,38.8
2015-12-01,IP8523,38.6
2016-01-01,IP8523,38.5
2016-02-01,IP8523,38.4
2016-03-01,IP8523,38.2
2016-04-01,IP8523,37.9
2016-05-01,IP8523,37.8
2016-06-01,IP8523,37.5
2016-07-01,IP8523,37.6
2016-08-01,IP8523,37.5
2016-09-01,IP8523,37.4
2016-10-01,IP8523,37.6
2016-11-01,IP8523,37.5
2016-12-01,IP8523,37.5
2017-01-01,IP8523,37.3
2017-02-01,IP8523,38.4
2017-03-01,IP8523,38.3
2017-04-01,IP8523,37.6
2017-05-01,IP8523,37.7
2017-06-01,IP8523,38.1
2017-07-01,IP8523,38.0
2017-08-01,IP8523,37.8
2017-09-01,IP8523,38.2
2017-10-01,IP8523,38.1
2017-11-01,IP8523,38.5
2017-12-01,IP8523,38.2
2018-01-01,IP8523,38.1
2018-02-01,IP8523,39.9
2018-03-01,IP8523,40.2
2018-04-01,IP8523,40.2
2018-05-01,IP8523,39.7
2018-06-01,IP8523,39.4
2018-07-01,IP8523,38.8
2018-08-01,IP8523,38.5
2018-09-01,IP8523,38.0
2018-10-01,IP8523,37.3
2018-11-01,IP8523,36.4
2018-12-01,IP8523,35.3
2019-01-01,IP8523,34.0
2019-02-01,IP8523,33.3
2019-03-01,IP8523,32.9
2019-04-01,IP8523,30.5
2019-05-01,IP8523,30.1
2019-06-01,IP8523,29.7
2019-07-01,IP8523,29.2
2019-08-01,IP8523,28.4
2019-09-01,IP8523,28.1
2019-10-01,IP8523,27.7
2019-11-01,IP8523,27.9
2019-12-01,IP8523,28.4
2020-01-01,IP8523,28.5
2020-02-01,IP8523,28.9
2020-03-01,IP8523,28.5
2020-04-01,IP8523,29.0
2020-05-01,IP8523,29.2
2020-06-01,IP8523,29.2
2020-07-01,IP8523,28.5
2020-08-01,IP8523,28.3
2020-09-01,IP8523,28.2
2020-10-01,IP8523,27.2
2020-11-01,IP8523,27.3
2020-12-01,IP8523,27.9
2021-01-01,IP8523,28.6
2021-02-01,IP8523,28.6
2021-03-01,IP8523,29.5
2021-04-01,IP8523,29.9
2021-05-01,IP8523,30.1
2021-06-01,IP8523,30.2
2021-07-01,IP8523,30.4
2021-08-01,IP8523,30.7
2021-09-01,IP8523,30.5
2021-10-01,IP8523,30.6
2021-11-01,IP8523,30.7
2021-12-01,IP8523,30.7
2022-01-01,IP8523,31.2
2022-02-01,IP8523,31.3
2022-03-01,IP8523,31.6
2022-04-01,IP8523,31.7
2022-05-01,IP8523,31.7
2022-06-01,IP8523,32.6
2022-07-01,IP8523,32.2
2022-08-01,IP8523,31.9
2022-09-01,IP8523,31.6
2022-10-01,IP8523,31.6
2022-11-01,IP8523,31.7
2022-12-01,IP8523,31.2
2023-01-01,IP8523,31.0
2023-02-01,IP8523,30.8
2023-03-01,IP8523,30.5
2023-04-01,IP8523,30.1
2023-05-01,IP8523,29.7
2023-06-01,IP8523,29.7
2023-07-01,IP8523,29.6
2023-08-01,IP8523,28.2
2023-09-01,IP8523,28.2
2023-10-01,IP8523,27.8
2023-11-01,IP8523,28.5
2023-12-01,IP8523,28.3
2024-01-01,IP8523,28.2
2024-02-01,IP8523,27.7
2024-03-01,IP8523,27.7
2024-04-01,IP8523,27.8
2024-05-01,IP8523,28.4
2024-06-01,IP8523,28.4
2024-07-01,IP8523,28.4
2024-08-01,IP8523,29.3
2024-09-01,IP8523,29.3
2024-10-01,IP8523,29.3
2024-11-01,IP8523,29.8
2024-12-01,IP8523,29.3
2018-12-01,IP8541,100.0
2019-01-01,IP8541,99.1
2019-02-01,IP8541,100.3
2019-03-01,IP8541,100.8
2019-04-01,IP8541,99.5
2019-05-01,IP8541,98.0
2019-06-01,IP8541,97.9
2019-07-01,IP8541,97.4
2019-08-01,IP8541,96.6
2019-09-01,IP8541,96.3
2019-10-01,IP8541,96.0
2019-11-01,IP8541,96.1
2019-12-01,IP8541,95.9
2020-01-01,IP8541,97.4
2020-02-01,IP8541,98.0
2020-03-01,IP8541,97.6
2020-04-01,IP8541,97.6
2020-05-01,IP8541,96.4
2020-06-01,IP8541,95.9
2020-07-01,IP8541,95.6
2020-08-01,IP8541,94.1
2020-09-01,IP8541,94.0
2020-10-01,IP8541,93.6
2020-11-01,IP8541,93.3
2020-12-01,IP8541,93.0
2021-01-01,IP8541,92.1
2021-02-01,IP8541,92.2
2021-03-01,IP8541,92.3
2021-04-01,IP8541,93.8
2021-05-01,IP8541,93.8
2021-06-01,IP8541,93.2
2021-07-01,IP8541,92.9
2021-08-01,IP8541,93.4
2021-09-01,IP8541,93.7
2021-10-01,IP8541,94.4
2021-11-01,IP8541,94.3
2021-12-01,IP8541,94.3
2022-01-01,IP8541,93.6
2022-02-01,IP8541,93.7
2022-03-01,IP8541,93.3
2022-04-01,IP8541,93.4
2022-05-01,IP8541,93.2
2022-06-01,IP8541,94.2
2022-07-01,IP8541,94.9
2022-08-01,IP8541,96.2
2022-09-01,IP8541,97.7
2022-10-01,IP8541,98.9
2022-11-01,IP8541,99.1
2022-12-01,IP8541,99.1
1972-01-01,IPG3344S,0.029
1972-02-01,IPG3344S,0.0286
1972-03-01,IPG3344S,0.0286
1972-04-01,IPG3344S,0.029
1972-05-01,IPG3344S,0.0291
1972-06-01,IPG3344S,0.0288
1972-07-01,IPG3344S,0.0298
1972-08-01,IPG3344S,0.03
1972-09-01,IPG3344S,0.0309
1972-10-01,IPG3344S,0.0319
1972-11-01,IPG3344S,0.0334
1972-12-01,IPG3344S,0.0356
1973-01-01,IPG3344S,0.0356
1973-02-01,IPG3344S,0.037
1973-03-01,IPG3344S,0.0377
1973-04-01,IPG3344S,0.0382
1973-05-01,IPG3344S,0.0385
1973-06-01,IPG3344S,0.0413
1973-07-01,IPG3344S,0.0387
1973-08-01,IPG3344S,0.041
1973-09-01,IPG3344S,0.0412
1973-10-01,IPG3344S,0.0429
1973-11-01,IPG3344S,0.044
1973-12-01,IPG3344S,0.0445
1974-01-01,IPG3344S,0.0446
1974-02-01,IPG3344S,0.0452
1974-03-01,IPG3344S,0.045
1974-04-01,IPG3344S,0.0443
1974-05-01,IPG3344S,0.0434
1974-06-01,IPG3344S,0.0432
1974-07-01,IPG3344S,0.042
1974-08-01,IPG3344S,0.0402
1974-09-01,IPG3344S,0.0406
1974-10-01,IPG3344S,0.0399
1974-11-01,IPG3344S,0.0366
1974-12-01,IPG3344S,0.035
1975-01-01,IPG3344S,0.0343
1975-02-01,IPG3344S,0.0319
1975-03-01,IPG3344S,0.0319
1975-04-01,IPG3344S,0.031
1975-05-01,IPG3344S,0.0321
1975-06-01,IPG3344S,0.0317
1975-07-01,IPG3344S,0.0335
1975-08-01,IPG3344S,0.0343
1975-09-01,IPG3344S,0.0353
1975-10-01,IPG3344S,0.0358
1975-11-01,IPG3344S,0.0362
1975-12-01,IPG3344S,0.0377
1976-01-01,IPG3344S,0.0381
1976-02-01,IPG3344S,0.038
1976-03-01,IPG3344S,0.0388
1976-04-01,IPG3344S,0.0403
1976-05-01,IPG3344S,0.0425
1976-06-01,IPG3344S,0.0427
1976-07-01,IPG3344S,0.0434
1976-08-01,IPG3344S,0.0449
1976-09-01,IPG3344S,0.0465
1976-10-01,IPG3344S,0.0475
1976-11-01,IPG3344S,0.0481
1976-12-01,IPG3344S,0.0484
1977-01-01,IPG3344S,0.049
1977-02-01,IPG3344S,0.0515
1977-03-01,IPG3344S,0.0512
1977-04-01,IPG3344S,0.0523
1977-05-01,IPG3344S,0.053
1977-06-01,IPG3344S,0.0551
1977-07-01,IPG3344S,0.0546
1977-08-01,IPG3344S,0.0567
1977-09-01,IPG3344S,0.0572
1977-10-01,IPG3344S,0.0571
1977-11-01,IPG3344S,0.0586
1977-12-01,IPG3344S,0.0583
1978-01-01,IPG3344S,0.0575
1978-02-01,IPG3344S,0.0578
1978-03-01,IPG3344S,0.0606
1978-04-01,IPG3344S,0.0605
1978-05-01,IPG3344S,0.0613
1978-06-01,IPG3344S,0.063
1978-07-01,IPG3344S,0.0632
1978-08-01,IPG3344S,0.0649
1978-09-01,IPG3344S,0.0657
1978-10-01,IPG3344S,0.0673
1978-11-01,IPG3344S,0.069
1978-12-01,IPG3344S,0.0701
1979-01-01,IPG3344S,0.0715
1979-02-01,IPG3344S,0.0736
1979-03-01,IPG3344S,0.0742
1979-04-01,IPG3344S,0.0723
1979-05-01,IPG3344S,0.0747
1979-06-01,IPG3344S,0.0778
1979-07-01,IPG3344S,0.0766
1979-08-01,IPG3344S,0.0786
1979-09-01,IPG3344S,0.0799
1979-10-01,IPG3344S,0.0822
1979-11-01,IPG3344S,0.085
1979-12-01,IPG3344S,0.0874
1980-01-01,IPG3344S,0.089
1980-02-01,IPG3344S,0.0897
1980-03-01,IPG3344S,0.0894
1980-04-01,IPG3344S,0.0906
1980-05-01,IPG3344S,0.089
1980-06-01,IPG3344S,0.0861
1980-07-01,IPG3344S,0.0847
1980-08-01,IPG3344S,0.0855
1980-09-01,IPG3344S,0.0857
1980-10-01,IPG3344S,0.0872
1980-11-01,IPG3344S,0.0881
1980-12-01,IPG3344S,0.09
1981-01-01,IPG3344S,0.0903
1981-02-01,IPG3344S,0.0909
1981-03-01,IPG3344S,0.0912
1981-04-01,IPG3344S,0.0931
1981-05-01,IPG3344S,0.0939
1981-06-01,IPG3344S,0.0952
1981-07-01,IPG3344S,0.0942
1981-08-01,IPG3344S,0.0987
1981-09-01,IPG3344S,0.1015
1981-10-01,IPG3344S,0.1028
1981-11-01,IPG3344S,0.1026
1981-12-01,IPG3344S,0.1035
1982-01-01,IPG3344S,0.1018
1982-02-01,IPG3344S,0.1069
1982-03-01,IPG3344S,0.1061
1982-04-01,IPG3344S,0.1069
1982-05-01,IPG3344S,0.1081
1982-06-01,IPG3344S,0.1106
1982-07-01,IPG3344S,0.1108
1982-08-01,IPG3344S,0.1105
1982-09-01,IPG3344S,0.11
1982-10-01,IPG3344S,0.1088
1982-11-01,IPG3344S,0.1091
1982-12-01,IPG3344S,0.1097
1983-01-01,IPG3344S,0.1123
1983-02-01,IPG3344S,0.1122
1983-03-01,IPG3344S,0.1149
1983-04-01,IPG3344S,0.1166
1983-05-01,IPG3344S,0.1197
1983-06-01,IPG3344S,0.1224
1983-07-01,IPG3344S,0.1276
1983-08-01,IPG3344S,0.1264
1983-09-01,IPG3344S,0.1322
1983-10-01,IPG3344S,0.1352
1983-11-01,IPG3344S,0.1382
1983-12-01,IPG3344S,0.1395
1984-01-01,IPG3344S,0.1458
1984-02-01,IPG3344S,0.1501
1984-03-01,IPG3344S,0.1535
1984-04-01,IPG3344S,0.1581
1984-05-01,IPG3344S,0.1608
1984-06-01,IPG3344S,0.165
1984-07-01,IPG3344S,0.1693
1984-08-01,IPG3344S,0.1725
1984-09-01,IPG3344S,0.1729
1984-10-01,IPG3344S,0.1756
1984-11-01,IPG3344S,0.1769
1984-12-01,IPG3344S,0.1755
1985-01-01,IPG3344S,0.1789
1985-02-01,IPG3344S,0.1752
1985-03-01,IPG3344S,0.1736
1985-04-01,IPG3344S,0.167
1985-05-01,IPG3344S,0.1694
1985-06-01,IPG3344S,0.1694
1985-07-01,IPG3344S,0.1621
1985-08-01,IPG3344S,0.1616
1985-09-01,IPG3344S,0.1585
1985-10-01,IPG3344S,0.1578
1985-11-01,IPG3344S,0.1587
1985-12-01,IPG3344S,0.1607
1986-01-01,IPG3344S,0.1618
1986-02-01,IPG3344S,0.1636
1986-03-01,IPG3344S,0.1649
1986-04-01,IPG3344S,0.1681
1986-05-01,IPG3344S,0.1678
1986-06-01,IPG3344S,0.1641
1986-07-01,IPG3344S,0.1741
1986-08-01,IPG3344S,0.1784
1986-09-01,IPG3344S,0.1823
1986-10-01,IPG3344S,0.1836
1986-11-01,IPG3344S,0.1879
1986-12-01,IPG3344S,0.1937
1987-01-01,IPG3344S,0.198
1987-02-01,IPG3344S,0.2014
1987-03-01,IPG3344S,0.2032
1987-04-01,IPG3344S,0.2059
1987-05-01,IPG3344S,0.2118
1987-06-01,IPG3344S,0.2154
1987-07-01,IPG3344S,0.2213
1987-08-01,IPG3344S,0.2231
1987-09-01,IPG3344S,0.2272
1987-10-01,IPG3344S,0.2315
1987-11-01,IPG3344S,0.2317
1987-12-01,IPG3344S,0.2353
1988-01-01,IPG3344S,0.2351
1988-02-01,IPG3344S,0.2358
1988-03-01,IPG3344S,0.2353
1988-04-01,IPG3344S,0.2367
1988-05-01,IPG3344S,0.2394
1988-06-01,IPG3344S,0.2425
1988-07-01,IPG3344S,0.2452
1988-08-01,IPG3344S,0.2482
1988-09-01,IPG3344S,0.2499
1988-10-01,IPG3344S,0.2519
1988-11-01,IPG3344S,0.2558
1988-12-01,IPG3344S,0.2588
1989-01-01,IPG3344S,0.2563
1989-02-01,IPG3344S,0.2545
1989-03-01,IPG3344S,0.2528
1989-04-01,IPG3344S,0.2576
1989-05-01,IPG3344S,0.2579
1989-06-01,IPG3344S,0.2624
1989-07-01,IPG3344S,0.2634
1989-08-01,IPG3344S,0.2698
1989-09-01,IPG3344S,0.2728
1989-10-01,IPG3344S,0.2772
1989-11-01,IPG3344S,0.2786
1989-12-01,IPG3344S,0.2807
1990-01-01,IPG3344S,0.2833
1990-02-01,IPG3344S,0.2874
1990-03-01,IPG3344S,0.2914
1990-04-01,IPG3344S,0.293
1990-05-01,IPG3344S,0.2931
1990-06-01,IPG3344S,0.2952
1990-07-01,IPG3344S,0.2948
1990-08-01,IPG3344S,0.2966
1990-09-01,IPG3344S,0.3014
1990-10-01,IPG3344S,0.3024
1990-11-01,IPG3344S,0.3063
1990-12-01,IPG3344S,0.3082
1991-01-01,IPG3344S,0.3119
1991-02-01,IPG3344S,0.3183
1991-03-01,IPG3344S,0.3217
1991-04-01,IPG3344S,0.3239
1991-05-01,IPG3344S,0.3307
1991-06-01,IPG3344S,0.3287
1991-07-01,IPG3344S,0.3341
1991-08-01,IPG3344S,0.3373
1991-09-01,IPG3344S,0.336
1991-10-01,IPG3344S,0.3401
1991-11-01,IPG3344S,0.3426
1991-12-01,IPG3344S,0.3485
1992-01-01,IPG3344S,0.3592
1992-02-01,IPG3344S,0.3629
1992-03-01,IPG3344S,0.3675
1992-04-01,IPG3344S,0.3725
1992-05-01,IPG3344S,0.3777
1992-06-01,IPG3344S,0.3903
1992-07-01,IPG3344S,0.3998
1992-08-01,IPG3344S,0.4037
1992-09-01,IPG3344S,0.4115
1992-10-01,IPG3344S,0.4232
1992-11-01,IPG3344S,0.4323
1992-12-01,IPG3344S,0.4328
1993-01-01,IPG3344S,0.4288
1993-02-01,IPG3344S,0.4334
1993-03-01,IPG3344S,0.4375
1993-04-01,IPG3344S,0.4391
1993-05-01,IPG3344S,0.444
1993-06-01,IPG3344S,0.4523
1993-07-01,IPG3344S,0.4545
1993-08-01,IPG3344S,0.4599
1993-09-01,IPG3344S,0.4631
1993-10-01,IPG3344S,0.4668
1993-11-01,IPG3344S,0.4708
1993-12-01,IPG3344S,0.483
1994-01-01,IPG3344S,0.4985
1994-02-01,IPG3344S,0.5062
1994-03-01,IPG3344S,0.5273
1994-04-01,IPG3344S,0.5528
1994-05-01,IPG3344S,0.5692
1994-06-01,IPG3344S,0.578
1994-07-01,IPG3344S,0.5934
1994-08-01,IPG3344S,0.61
1994-09-01,IPG3344S,0.631
1994-10-01,IPG3344S,0.6515
1994-11-01,IPG3344S,0.6711
1994-12-01,IPG3344S,0.696
1995-01-01,IPG3344S,0.7128
1995-02-01,IPG3344S,0.7332
1995-03-01,IPG3344S,0.7641
1995-04-01,IPG3344S,0.786
1995-05-01,IPG3344S,0.8132
1995-06-01,IPG3344S,0.8325
1995-07-01,IPG3344S,0.8408
1995-08-01,IPG3344S,0.8831
1995-09-01,IPG3344S,0.9276
1995-10-01,IPG3344S,0.9531
1995-11-01,IPG3344S,0.9781
1995-12-01,IPG3344S,1.0278
1996-01-01,IPG3344S,1.0786
1996-02-01,IPG3344S,1.1394
1996-03-01,IPG3344S,1.1712
1996-04-01,IPG3344S,1.1973
1996-05-01,IPG3344S,1.2357
1996-06-01,IPG3344S,1.2657
1996-07-01,IPG3344S,1.3083
1996-08-01,IPG3344S,1.3579
1996-09-01,IPG3344S,1.4113
1996-10-01,IPG3344S,1.4788
1996-11-01,IPG3344S,1.5209
1996-12-01,IPG3344S,1.5532
1997-01-01,IPG3344S,1.5955
1997-02-01,IPG3344S,1.6798
1997-03-01,IPG3344S,1.747
1997-04-01,IPG3344S,1.7981
1997-05-01,IPG3344S,1.8763
1997-06-01,IPG3344S,1.9274
1997-07-01,IPG3344S,1.9704
1997-08-01,IPG3344S,2.0717
1997-09-01,IPG3344S,2.1723
1997-10-01,IPG3344S,2.2375
1997-11-01,IPG3344S,2.3128
1997-12-01,IPG3344S,2.3681
1998-01-01,IPG3344S,2.4334
1998-02-01,IPG3344S,2.4396
1998-03-01,IPG3344S,2.4932
1998-04-01,IPG3344S,2.5916
1998-05-01,IPG3344S,2.6278
1998-06-01,IPG3344S,2.7404
1998-07-01,IPG3344S,2.8884
1998-08-01,IPG3344S,3.0318
1998-09-01,IPG3344S,3.2134
1998-10-01,IPG3344S,3.3835
1998-11-01,IPG3344S,3.5101
1998-12-01,IPG3344S,3.6676
1999-01-01,IPG3344S,3.8312
1999-02-01,IPG3344S,4.0388
1999-03-01,IPG3344S,4.2019
1999-04-01,IPG3344S,4.3865
1999-05-01,IPG3344S,4.5252
1999-06-01,IPG3344S,4.7196
1999-07-01,IPG3344S,5.0164
1999-08-01,IPG3344S,4.9717
1999-09-01,IPG3344S,4.9603
1999-10-01,IPG3344S,5.1056
1999-11-01,IPG3344S,5.3139
1999-12-01,IPG3344S,5.4565
2000-01-01,IPG3344S,5.6204
2000-02-01,IPG3344S,5.7762
2000-03-01,IPG3344S,6.0549
2000-04-01,IPG3344S,6.3692
2000-05-01,IPG3344S,6.6909
2000-06-01,IPG3344S,6.9542
2000-07-01,IPG3344S,7.3065
2000-08-01,IPG3344S,7.4126
2000-09-01,IPG3344S,7.5405
2000-10-01,IPG3344S,7.6973
2000-11-01,IPG3344S,8.0352
2000-12-01,IPG3344S,8.2806
2001-01-01,IPG3344S,8.1569
2001-02-01,IPG3344S,8.119
2001-03-01,IPG3344S,8.1813
2001-04-01,IPG3344S,8.0418
2001-05-01,IPG3344S,7.9237
2001-06-01,IPG3344S,7.8019
2001-07-01,IPG3344S,7.4679
2001-08-01,IPG3344S,7.5992
2001-09-01,IPG3344S,7.7622
2001-10-01,IPG3344S,7.923
2001-11-01,IPG3344S,7.8071
2001-12-01,IPG3344S,8.1924
2002-01-01,IPG3344S,8.3054
2002-02-01,IPG3344S,8.6572
2002-03-01,IPG3344S,8.8337
2002-04-01,IPG3344S,9.0789
2002-05-01,IPG3344S,9.2091
2002-06-01,IPG3344S,9.3702
2002-07-01,IPG3344S,9.5136
2002-08-01,IPG3344S,9.6704
2002-09-01,IPG3344S,9.761
2002-10-01,IPG3344S,9.873
2002-11-01,IPG3344S,9.9873
2002-12-01,IPG3344S,10.0899
2003-01-01,IPG3344S,10.4129
2003-02-01,IPG3344S,10.776
2003-03-01,IPG3344S,10.9388
2003-04-01,IPG3344S,11.1714
2003-05-01,IPG3344S,11.5326
2003-06-01,IPG3344S,11.9971
2003-07-01,IPG3344S,12.5721
2003-08-01,IPG3344S,12.961
2003-09-01,IPG3344S,13.4829
2003-10-01,IPG3344S,14.0285
2003-11-01,IPG3344S,14.4245
2003-12-01,IPG3344S,14.5241
2004-01-01,IPG3344S,14.7787
2004-02-01,IPG3344S,15.1371
2004-03-01,IPG3344S,15.4862
2004-04-01,IPG3344S,15.6914
2004-05-01,IPG3344S,16.0261
2004-06-01,IPG3344S,16.1199
2004-07-01,IPG3344S,16.0467
2004-08-01,IPG3344S,16.1569
2004-09-01,IPG3344S,16.4619
2004-10-01,IPG3344S,16.5854
2004-11-01,IPG3344S,16.6828
2004-12-01,IPG3344S,17.0073
2005-01-01,IPG3344S,17.6704
2005-02-01,IPG3344S,18.1825
2005-03-01,IPG3344S,18.4566
2005-04-01,IPG3344S,19.0442
2005-05-01,IPG3344S,19.3043
2005-06-01,IPG3344S,19.5147
2005-07-01,IPG3344S,19.8457
2005-08-01,IPG3344S,20.3867
2005-09-01,IPG3344S,21.0523
2005-10-01,IPG3344S,21.5116
2005-11-01,IPG3344S,21.5232
2005-12-01,IPG3344S,21.7009
2006-01-01,IPG3344S,21.8082
2006-02-01,IPG3344S,22.1027
2006-03-01,IPG3344S,21.9577
2006-04-01,IPG3344S,21.8225
2006-05-01,IPG3344S,21.9945
2006-06-01,IPG3344S,22.1243
2006-07-01,IPG3344S,22.1712
2006-08-01,IPG3344S,22.9459
2006-09-01,IPG3344S,23.5311
2006-10-01,IPG3344S,23.8685
2006-11-01,IPG3344S,24.1796
2006-12-01,IPG3344S,24.4525
2007-01-01,IPG3344S,24.6575
2007-02-01,IPG3344S,25.0646
2007-03-01,IPG3344S,26.0529
2007-04-01,IPG3344S,27.0673
2007-05-01,IPG3344S,27.624
2007-06-01,IPG3344S,28.404
2007-07-01,IPG3344S,29.4484
2007-08-01,IPG3344S,29.9392
2007-09-01,IPG3344S,30.6273
2007-10-01,IPG3344S,31.9479
2007-11-01,IPG3344S,33.2623
2007-12-01,IPG3344S,34.4632
2008-01-01,IPG3344S,34.629
2008-02-01,IPG3344S,35.8672
2008-03-01,IPG3344S,36.9496
2008-04-01,IPG3344S,37.1894
2008-05-01,IPG3344S,37.4433
2008-06-01,IPG3344S,37.5504
2008-07-01,IPG3344S,36.5835
2008-08-01,IPG3344S,36.2134
2008-09-01,IPG3344S,35.4506
2008-10-01,IPG3344S,33.0694
2008-11-01,IPG3344S,29.6703
2008-12-01,IPG3344S,26.4554
2009-01-01,IPG3344S,25.7565
2009-02-01,IPG3344S,26.4467
2009-03-01,IPG3344S,27.437
2009-04-01,IPG3344S,28.1607
2009-05-01,IPG3344S,28.8107
2009-06-01,IPG3344S,29.5193
2009-07-01,IPG3344S,30.8125
2009-08-01,IPG3344S,31.7491
2009-09-01,IPG3344S,33.2342
2009-10-01,IPG3344S,34.4543
2009-11-01,IPG3344S,35.6256
2009-12-01,IPG3344S,35.8859
2010-01-01,IPG3344S,37.7084
2010-02-01,IPG3344S,39.7907
2010-03-01,IPG3344S,41.8052
2010-04-01,IPG3344S,43.3374
2010-05-01,IPG3344S,44.5459
2010-06-01,IPG3344S,44.9888
2010-07-01,IPG3344S,45.9565
2010-08-01,IPG3344S,46.8431
2010-09-01,IPG3344S,47.6073
2010-10-01,IPG3344S,48.4053
2010-11-01,IPG3344S,50.1826
2010-12-01,IPG3344S,52.5176
2011-01-01,IPG3344S,53.7716
2011-02-01,IPG3344S,54.1177
2011-03-01,IPG3344S,53.7497
2011-04-01,IPG3344S,53.7194
2011-05-01,IPG3344S,54.0203
2011-06-01,IPG3344S,54.2273
2011-07-01,IPG3344S,53.6659
2011-08-01,IPG3344S,55.0189
2011-09-01,IPG3344S,54.9714
2011-10-01,IPG3344S,54.7035
2011-11-01,IPG3344S,55.2388
2011-12-01,IPG3344S,55.9485
2012-01-01,IPG3344S,56.5696
2012-02-01,IPG3344S,57.7653
2012-03-01,IPG3344S,58.3927
2012-04-01,IPG3344S,59.087
2012-05-01,IPG3344S,59.9974
2012-06-01,IPG3344S,61.0013
2012-07-01,IPG3344S,60.6111
2012-08-01,IPG3344S,59.8824
2012-09-01,IPG3344S,60.984
2012-10-01,IPG3344S,62.4098
2012-11-01,IPG3344S,62.1728
2012-12-01,IPG3344S,62.3427
2013-01-01,IPG3344S,62.7268
2013-02-01,IPG3344S,62.014
2013-03-01,IPG3344S,62.6561
2013-04-01,IPG3344S,63.8934
2013-05-01,IPG3344S,64.9148
2013-06-01,IPG3344S,65.7834
2013-07-01,IPG3344S,66.8912
2013-08-01,IPG3344S,68.0148
2013-09-01,IPG3344S,68.6801
2013-10-01,IPG3344S,70.6466
2013-11-01,IPG3344S,71.7685
2013-12-01,IPG3344S,72.8464
2014-01-01,IPG3344S,74.522
2014-02-01,IPG3344S,76.7132
2014-03-01,IPG3344S,78.497
2014-04-01,IPG3344S,80.0616
2014-05-01,IPG3344S,81.8774
2014-06-01,IPG3344S,82.4052
2014-07-01,IPG3344S,82.7456
2014-08-01,IPG3344S,82.6163
2014-09-01,IPG3344S,82.6105
2014-10-01,IPG3344S,82.3956
2014-11-01,IPG3344S,81.9877
2014-12-01,IPG3344S,82.1515
2015-01-01,IPG3344S,82.1504
2015-02-01,IPG3344S,81.8215
2015-03-01,IPG3344S,81.026
2015-04-01,IPG3344S,80.5543
2015-05-01,IPG3344S,79.9374
2015-06-01,IPG3344S,80.4261
2015-07-01,IPG3344S,79.8745
2015-08-01,IPG3344S,80.2585
2015-09-01,IPG3344S,80.721
2015-10-01,IPG3344S,81.048
2015-11-01,IPG3344S,81.2548
2015-12-01,IPG3344S,82.4698
2016-01-01,IPG3344S,81.6281
2016-02-01,IPG3344S,82.5464
2016-03-01,IPG3344S,82.9313
2016-04-01,IPG3344S,83.7862
2016-05-01,IPG3344S,84.7635
2016-06-01,IPG3344S,86.0963
2016-07-01,IPG3344S,88.2021
2016-08-01,IPG3344S,89.4199
2016-09-01,IPG3344S,91.3266
2016-10-01,IPG3344S,92.678
2016-11-01,IPG3344S,93.5939
2016-12-01,IPG3344S,94.1908
2017-01-01,IPG3344S,95.0183
2017-02-01,IPG3344S,96.0273
2017-03-01,IPG3344S,97.5229
2017-04-01,IPG3344S,101.0176
2017-05-01,IPG3344S,101.0408
2017-06-01,IPG3344S,100.548
2017-07-01,IPG3344S,99.5657
2017-08-01,IPG3344S,99.3714
2017-09-01,IPG3344S,100.0478
2017-10-01,IPG3344S,101.3948
2017-11-01,IPG3344S,103.144
2017-12-01,IPG3344S,105.3014
2018-01-01,IPG3344S,106.5123
2018-02-01,IPG3344S,106.2109
2018-03-01,IPG3344S,105.5107
2018-04-01,IPG3344S,106.0022
2018-05-01,IPG3344S,106.3259
2018-06-01,IPG3344S,107.3727
2018-07-01,IPG3344S,107.5357
2018-08-01,IPG3344S,107.8675
2018-09-01,IPG3344S,106.6054
2018-10-01,IPG3344S,105.2557
2018-11-01,IPG3344S,103.0036
2018-12-01,IPG3344S,102.4992
2019-01-01,IPG3344S,103.7506
2019-02-01,IPG3344S,104.7604
2019-03-01,IPG3344S,105.3679
2019-04-01,IPG3344S,105.8286
2019-05-01,IPG3344S,105.8115
2019-06-01,IPG3344S,106.7633
2019-07-01,IPG3344S,107.5196
2019-08-01,IPG3344S,109.1758
2019-09-01,IPG3344S,108.7369
2019-10-01,IPG3344S,108.9746
2019-11-01,IPG3344S,110.9638
2019-12-01,IPG3344S,112.6269
2020-01-01,IPG3344S,110.9344
2020-02-01,IPG3344S,108.6923
2020-03-01,IPG3344S,109.4757
2020-04-01,IPG3344S,107.5225
2020-05-01,IPG3344S,107.1574
2020-06-01,IPG3344S,109.2417
2020-07-01,IPG3344S,111.7799
2020-08-01,IPG3344S,112.4082
2020-09-01,IPG3344S,115.8024
2020-10-01,IPG3344S,119.86
2020-11-01,IPG3344S,121.1263
2020-12-01,IPG3344S,121.0366
2021-01-01,IPG3344S,120.3158
2021-02-01,IPG3344S,119.1051
2021-03-01,IPG3344S,119.6459
2021-04-01,IPG3344S,121.9916
2021-05-01,IPG3344S,123.9862
2021-06-01,IPG3344S,121.2857
2021-07-01,IPG3344S,117.7423
2021-08-01,IPG3344S,117.8182
2021-09-01,IPG3344S,118.1095
2021-10-01,IPG3344S,119.9345
2021-11-01,IPG3344S,122.4168
2021-12-01,IPG3344S,124.7074
2022-01-01,IPG3344S,125.773
2022-02-01,IPG3344S,128.9521
2022-03-01,IPG3344S,129.5542
2022-04-01,IPG3344S,127.9384
2022-05-01,IPG3344S,128.77
2022-06-01,IPG3344S,131.2495
2022-07-01,IPG3344S,131.7061
2022-08-01,IPG3344S,132.8333
2022-09-01,IPG3344S,134.0567
2022-10-01,IPG3344S,132.9257
2022-11-01,IPG3344S,133.4489
2022-12-01,IPG3344S,130.8489
2023-01-01,IPG3344S,130.0403
2023-02-01,IPG3344S,133.54
2023-03-01,IPG3344S,133.5331
2023-04-01,IPG3344S,135.8398
2023-05-01,IPG3344S,136.0676
2023-06-01,IPG3344S,135.4366
2023-07-01,IPG3344S,136.6894
2023-08-01,IPG3344S,135.6233
2023-09-01,IPG3344S,134.4233
2023-10-01,IPG3344S,136.4045
2023-11-01,IPG3344S,137.8263
2023-12-01,IPG3344S,138.9374
2024-01-01,IPG3344S,139.4212
2024-02-01,IPG3344S,138.2248
2024-03-01,IPG3344S,138.3547
2024-04-01,IPG3344S,143.8737
2024-05-01,IPG3344S,144.2792
2024-06-01,IPG3344S,143.4192
2024-07-01,IPG3344S,143.4068
2024-08-01,IPG3344S,148.7946
2024-09-01,IPG3344S,146.4195
2024-10-01,IPG3344S,148.7125
2024-11-01,IPG3344S,148.1992
2024-12-01,IPG3344S,150.2275
2025-01-01,IPG3344S,158.0732
2025-02-01,IPG3344S,159.6876
2025-03-01,IPG3344S,159.2281
2025-04-01,IPG3344S,162.2271
2025-05-01,IPG3344S,164.3526
2025-06-01,IPG3344S,163.1741
2025-07-01,IPG3344S,171.5555
2025-08-01,IPG3344S,169.197
2025-09-01,IPG3344S,165.667
2025-10-01,IPG3344S,169.1163
2025-11-01,IPG3344S,169.7424
2025-12-01,IPG3344S,170.5402
2026-01-01,IPG3344S,176.7104
2026-02-01,IPG3344S,176.1804
2026-03-01,IPG3344S,173.6932
2026-04-01,IPG3344S,176.6948
2026-05-01,IPG3344S,184.1891
2026-06-01,IPG3344S,187.5187
2026-07-01,IPG3344S,190.2607
2026-08-01,IPG3344S,190.0987
1972-01-01,IPG3341S,0.0274
1972-02-01,IPG3341S,0.0282
1972-03-01,IPG3341S,0.0288
1972-04-01,IPG3341S,0.0296
1972-05-01,IPG3341S,0.0303
1972-06-01,IPG3341S,0.0304
1972-07-01,IPG3341S,0.0313
1972-08-01,IPG3341S,0.032
1972-09-01,IPG3341S,0.0325
1972-10-01,IPG3341S,0.0334
1972-11-01,IPG3341S,0.0339
1972-12-01,IPG3341S,0.0344
1973-01-01,IPG3341S,0.0351
1973-02-01,IPG3341S,0.0359
1973-03-01,IPG3341S,0.0357
1973-04-01,IPG3341S,0.0364
1973-05-01,IPG3341S,0.0379
1973-06-01,IPG3341S,0.0392
1973-07-01,IPG3341S,0.0396
1973-08-01,IPG3341S,0.0421
1973-09-01,IPG3341S,0.0433
1973-10-01,IPG3341S,0.0461
1973-11-01,IPG3341S,0.0485
1973-12-01,IPG3341S,0.0507
1974-01-01,IPG3341S,0.0531
1974-02-01,IPG3341S,0.0558
1974-03-01,IPG3341S,0.0579
1974-04-01,IPG3341S,0.0584
1974-05-01,IPG3341S,0.0612
1974-06-01,IPG3341S,0.0633
1974-07-01,IPG3341S,0.0651
1974-08-01,IPG3341S,0.0663
1974-09-01,IPG3341S,0.0668
1974-10-01,IPG3341S,0.0665
1974-11-01,IPG3341S,0.0662
1974-12-01,IPG3341S,0.0652
1975-01-01,IPG3341S,0.0631
1975-02-01,IPG3341S,0.0608
1975-03-01,IPG3341S,0.0601
1975-04-01,IPG3341S,0.0604
1975-05-01,IPG3341S,0.0595
1975-06-01,IPG3341S,0.0588
1975-07-01,IPG3341S,0.0593
1975-08-01,IPG3341S,0.0599
1975-09-01,IPG3341S,0.0622
1975-10-01,IPG3341S,0.0644
1975-11-01,IPG3341S,0.0659
1975-12-01,IPG3341S,0.0691
1976-01-01,IPG3341S,0.0708
1976-02-01,IPG3341S,0.0723
1976-03-01,IPG3341S,0.0758
1976-04-01,IPG3341S,0.0786
1976-05-01,IPG3341S,0.0825
1976-06-01,IPG3341S,0.0855
1976-07-01,IPG3341S,0.0912
1976-08-01,IPG3341S,0.0931
1976-09-01,IPG3341S,0.0976
1976-10-01,IPG3341S,0.1
1976-11-01,IPG3341S,0.1015
1976-12-01,IPG3341S,0.106
1977-01-01,IPG3341S,0.1049
1977-02-01,IPG3341S,0.108
1977-03-01,IPG3341S,0.1105
1977-04-01,IPG3341S,0.1168
1977-05-01,IPG3341S,0.1211
1977-06-01,IPG3341S,0.1264
1977-07-01,IPG3341S,0.1298
1977-08-01,IPG3341S,0.1342
1977-09-01,IPG3341S,0.1372
1977-10-01,IPG3341S,0.1424
1977-11-01,IPG3341S,0.1475
1977-12-01,IPG3341S,0.1549
1978-01-01,IPG3341S,0.1587
1978-02-01,IPG3341S,0.1674
1978-03-01,IPG3341S,0.1752
1978-04-01,IPG3341S,0.1823
1978-05-01,IPG3341S,0.1885
1978-06-01,IPG3341S,0.1972
1978-07-01,IPG3341S,0.2027
1978-08-01,IPG3341S,0.2079
1978-09-01,IPG3341S,0.2145
1978-10-01,IPG3341S,0.2227
1978-11-01,IPG3341S,0.2335
1978-12-01,IPG3341S,0.239
1979-01-01,IPG3341S,0.2492
1979-02-01,IPG3341S,0.2558
1979-03-01,IPG3341S,0.2606
1979-04-01,IPG3341S,0.261
1979-05-01,IPG3341S,0.269
1979-06-01,IPG3341S,0.2801
1979-07-01,IPG3341S,0.2926
1979-08-01,IPG3341S,0.3019
1979-09-01,IPG3341S,0.3059
1979-10-01,IPG3341S,0.3157
1979-11-01,IPG3341S,0.329
1979-12-01,IPG3341S,0.3374
1980-01-01,IPG3341S,0.3456
1980-02-01,IPG3341S,0.3533
1980-03-01,IPG3341S,0.365
1980-04-01,IPG3341S,0.3695
1980-05-01,IPG3341S,0.3833
1980-06-01,IPG3341S,0.3903
1980-07-01,IPG3341S,0.4045
1980-08-01,IPG3341S,0.4147
1980-09-01,IPG3341S,0.4283
1980-10-01,IPG3341S,0.4399
1980-11-01,IPG3341S,0.4511
1980-12-01,IPG3341S,0.471
1981-01-01,IPG3341S,0.4852
1981-02-01,IPG3341S,0.4934
1981-03-01,IPG3341S,0.5069
1981-04-01,IPG3341S,0.5281
1981-05-01,IPG3341S,0.5419
1981-06-01,IPG3341S,0.5494
1981-07-01,IPG3341S,0.565
1981-08-01,IPG3341S,0.5804
1981-09-01,IPG3341S,0.5826
1981-10-01,IPG3341S,0.5916
1981-11-01,IPG3341S,0.5911
1981-12-01,IPG3341S,0.5996
1982-01-01,IPG3341S,0.6029
1982-02-01,IPG3341S,0.6296
1982-03-01,IPG3341S,0.6353
1982-04-01,IPG3341S,0.6397
1982-05-01,IPG3341S,0.6519
1982-06-01,IPG3341S,0.6582
1982-07-01,IPG3341S,0.6809
1982-08-01,IPG3341S,0.6583
1982-09-01,IPG3341S,0.6856
1982-10-01,IPG3341S,0.6893
1982-11-01,IPG3341S,0.7088
1982-12-01,IPG3341S,0.7354
1983-01-01,IPG3341S,0.7706
1983-02-01,IPG3341S,0.7824
1983-03-01,IPG3341S,0.8156
1983-04-01,IPG3341S,0.8564
1983-05-01,IPG3341S,0.8791
1983-06-01,IPG3341S,0.9044
1983-07-01,IPG3341S,0.9518
1983-08-01,IPG3341S,1.0028
1983-09-01,IPG3341S,1.0548
1983-10-01,IPG3341S,1.0818
1983-11-01,IPG3341S,1.1175
1983-12-01,IPG3341S,1.1473
1984-01-01,IPG3341S,1.183
1984-02-01,IPG3341S,1.2263
1984-03-01,IPG3341S,1.2564
1984-04-01,IPG3341S,1.296
1984-05-01,IPG3341S,1.3321
1984-06-01,IPG3341S,1.3685
1984-07-01,IPG3341S,1.3899
1984-08-01,IPG3341S,1.4152
1984-09-01,IPG3341S,1.4226
1984-10-01,IPG3341S,1.4638
1984-11-01,IPG3341S,1.4947
1984-12-01,IPG3341S,1.5058
1985-01-01,IPG3341S,1.545
1985-02-01,IPG3341S,1.5384
1985-03-01,IPG3341S,1.5528
1985-04-01,IPG3341S,1.5335
1985-05-01,IPG3341S,1.5406
1985-06-01,IPG3341S,1.5663
1985-07-01,IPG3341S,1.5713
1985-08-01,IPG3341S,1.5822
1985-09-01,IPG3341S,1.5882
1985-10-01,IPG3341S,1.6126
1985-11-01,IPG3341S,1.6466
1985-12-01,IPG3341S,1.653
1986-01-01,IPG3341S,1.6553
1986-02-01,IPG3341S,1.6432
1986-03-01,IPG3341S,1.6652
1986-04-01,IPG3341S,1.64
1986-05-01,IPG3341S,1.6658
1986-06-01,IPG3341S,1.662
1986-07-01,IPG3341S,1.6868
1986-08-01,IPG3341S,1.7024
1986-09-01,IPG3341S,1.7052
1986-10-01,IPG3341S,1.7219
1986-11-01,IPG3341S,1.7551
1986-12-01,IPG3341S,1.7971
1987-01-01,IPG3341S,1.8346
1987-02-01,IPG3341S,1.8997
1987-03-01,IPG3341S,1.9113
1987-04-01,IPG3341S,2.0001
1987-05-01,IPG3341S,2.0662
1987-06-01,IPG3341S,2.1382
1987-07-01,IPG3341S,2.1828
1987-08-01,IPG3341S,2.3116
1987-09-01,IPG3341S,2.3664
1987-10-01,IPG3341S,2.4076
1987-11-01,IPG3341S,2.4477
1987-12-01,IPG3341S,2.509
1988-01-01,IPG3341S,2.4934
1988-02-01,IPG3341S,2.5214
1988-03-01,IPG3341S,2.5987
1988-04-01,IPG3341S,2.6486
1988-05-01,IPG3341S,2.6601
1988-06-01,IPG3341S,2.7024
1988-07-01,IPG3341S,2.7324
1988-08-01,IPG3341S,2.733
1988-09-01,IPG3341S,2.7602
1988-10-01,IPG3341S,2.8043
1988-11-01,IPG3341S,2.7707
1988-12-01,IPG3341S,2.77
1989-01-01,IPG3341S,2.7838
1989-02-01,IPG3341S,2.7747
1989-03-01,IPG3341S,2.7664
1989-04-01,IPG3341S,2.7705
1989-05-01,IPG3341S,2.7264
1989-06-01,IPG3341S,2.7068
1989-07-01,IPG3341S,2.7857
1989-08-01,IPG3341S,2.8305
1989-09-01,IPG3341S,2.7927
1989-10-01,IPG3341S,2.8487
1989-11-01,IPG3341S,2.8926
1989-12-01,IPG3341S,2.8886
1990-01-01,IPG3341S,2.9638
1990-02-01,IPG3341S,2.9368
1990-03-01,IPG3341S,2.9466
1990-04-01,IPG3341S,2.9506
1990-05-01,IPG3341S,3.0161
1990-06-01,IPG3341S,3.0561
1990-07-01,IPG3341S,3.0476
1990-08-01,IPG3341S,3.0436
1990-09-01,IPG3341S,3.0375
1990-10-01,IPG3341S,3.0952
1990-11-01,IPG3341S,3.075
1990-12-01,IPG3341S,3.0471
1991-01-01,IPG3341S,3.0075
1991-02-01,IPG3341S,3.0275
1991-03-01,IPG3341S,3.0479
1991-04-01,IPG3341S,3.071
1991-05-01,IPG3341S,3.0732
1991-06-01,IPG3341S,3.1801
1991-07-01,IPG3341S,3.1514
1991-08-01,IPG3341S,3.1556
1991-09-01,IPG3341S,3.1845
1991-10-01,IPG3341S,3.1705
1991-11-01,IPG3341S,3.196
1991-12-01,IPG3341S,3.3433
1992-01-01,IPG3341S,3.4041
1992-02-01,IPG3341S,3.4823
1992-03-01,IPG3341S,3.606
1992-04-01,IPG3341S,3.7478
1992-05-01,IPG3341S,3.8605
1992-06-01,IPG3341S,3.9179
1992-07-01,IPG3341S,3.9503
1992-08-01,IPG3341S,4.0076
1992-09-01,IPG3341S,4.117
1992-10-01,IPG3341S,4.2546
1992-11-01,IPG3341S,4.3811
1992-12-01,IPG3341S,4.4742
1993-01-01,IPG3341S,4.5565
1993-02-01,IPG3341S,4.6518
1993-03-01,IPG3341S,4.771
1993-04-01,IPG3341S,4.8712
1993-05-01,IPG3341S,4.8859
1993-06-01,IPG3341S,4.7948
1993-07-01,IPG3341S,4.6884
1993-08-01,IPG3341S,4.6913
1993-09-01,IPG3341S,4.8665
1993-10-01,IPG3341S,5.1057
1993-11-01,IPG3341S,5.2489
1993-12-01,IPG3341S,5.2004
1994-01-01,IPG3341S,5.0613
1994-02-01,IPG3341S,4.9996
1994-03-01,IPG3341S,5.1123
1994-04-01,IPG3341S,5.3503
1994-05-01,IPG3341S,5.6056
1994-06-01,IPG3341S,5.8121
1994-07-01,IPG3341S,6.0177
1994-08-01,IPG3341S,6.304
1994-09-01,IPG3341S,6.6892
1994-10-01,IPG3341S,7.0643
1994-11-01,IPG3341S,7.2764
1994-12-01,IPG3341S,7.2439
1995-01-01,IPG3341S,7.1079
1995-02-01,IPG3341S,7.081
1995-03-01,IPG3341S,7.2895
1995-04-01,IPG3341S,7.6656
1995-05-01,IPG3341S,8.0522
1995-06-01,IPG3341S,8.3383
1995-07-01,IPG3341S,8.5587
1995-08-01,IPG3341S,8.8051
1995-09-01,IPG3341S,9.1298
1995-10-01,IPG3341S,9.5092
1995-11-01,IPG3341S,9.8861
1995-12-01,IPG3341S,10.2114
1996-01-01,IPG3341S,10.4726
1996-02-01,IPG3341S,10.6544
1996-03-01,IPG3341S,10.7844
1996-04-01,IPG3341S,10.9663
1996-05-01,IPG3341S,11.2957
1996-06-01,IPG3341S,11.8369
1996-07-01,IPG3341S,12.4477
1996-08-01,IPG3341S,12.9566
1996-09-01,IPG3341S,13.2
1996-10-01,IPG3341S,13.2781
1996-11-01,IPG3341S,13.3565
1996-12-01,IPG3341S,13.5694
1997-01-01,IPG3341S,13.9551
1997-02-01,IPG3341S,14.4772
1997-03-01,IPG3341S,15.1371
1997-04-01,IPG3341S,15.8947
1997-05-01,IPG3341S,16.643
1997-06-01,IPG3341S,17.3049
1997-07-01,IPG3341S,17.8491
1997-08-01,IPG3341S,18.278
1997-09-01,IPG3341S,18.6174
1997-10-01,IPG3341S,19.0299
1997-11-01,IPG3341S,19.6997
1997-12-01,IPG3341S,20.699
1998-01-01,IPG3341S,21.7658
1998-02-01,IPG3341S,22.4681
1998-03-01,IPG3341S,22.6417
1998-04-01,IPG3341S,22.5233
1998-05-01,IPG3341S,22.5036
1998-06-01,IPG3341S,22.8768
1998-07-01,IPG3341S,23.5852
1998-08-01,IPG3341S,24.4568
1998-09-01,IPG3341S,25.3138
1998-10-01,IPG3341S,26.1549
1998-11-01,IPG3341S,27.0156
1998-12-01,IPG3341S,27.9237
1999-01-01,IPG3341S,28.872
1999-02-01,IPG3341S,29.7613
1999-03-01,IPG3341S,30.6025
1999-04-01,IPG3341S,31.3947
1999-05-01,IPG3341S,32.0799
1999-06-01,IPG3341S,32.6218
1999-07-01,IPG3341S,32.9565
1999-08-01,IPG3341S,33.017
1999-09-01,IPG3341S,32.8286
1999-10-01,IPG3341S,32.706
1999-11-01,IPG3341S,33.0446
1999-12-01,IPG3341S,34.0594
2000-01-01,IPG3341S,35.4041
2000-02-01,IPG3341S,36.4722
2000-03-01,IPG3341S,36.9586
2000-04-01,IPG3341S,37.1054
2000-05-01,IPG3341S,37.3335
2000-06-01,IPG3341S,37.9342
2000-07-01,IPG3341S,38.7588
2000-08-01,IPG3341S,39.5184
2000-09-01,IPG3341S,39.9709
2000-10-01,IPG3341S,40.155
2000-11-01,IPG3341S,40.1794
2000-12-01,IPG3341S,40.1782
2001-01-01,IPG3341S,40.3632
2001-02-01,IPG3341S,40.9206
2001-03-01,IPG3341S,41.913
2001-04-01,IPG3341S,42.9589
2001-05-01,IPG3341S,43.4344
2001-06-01,IPG3341S,42.9974
2001-07-01,IPG3341S,42.05
2001-08-01,IPG3341S,41.2475
2001-09-01,IPG3341S,41.0808
2001-10-01,IPG3341S,41.4509
2001-11-01,IPG3341S,42.1042
2001-12-01,IPG3341S,42.8045
2002-01-01,IPG3341S,43.3566
2002-02-01,IPG3341S,43.5018
2002-03-01,IPG3341S,43.1785
2002-04-01,IPG3341S,42.6885
2002-05-01,IPG3341S,42.528
2002-06-01,IPG3341S,42.9995
2002-07-01,IPG3341S,43.814
2002-08-01,IPG3341S,44.4793
2002-09-01,IPG3341S,44.6314
2002-10-01,IPG3341S,44.4171
2002-11-01,IPG3341S,44.1253
2002-12-01,IPG3341S,44.0164
2003-01-01,IPG3341S,44.2744
2003-02-01,IPG3341S,45.0248
2003-03-01,IPG3341S,46.3009
2003-04-01,IPG3341S,47.8501
2003-05-01,IPG3341S,49.2061
2003-06-01,IPG3341S,50.0579
2003-07-01,IPG3341S,50.4554
2003-08-01,IPG3341S,50.5784
2003-09-01,IPG3341S,50.588
2003-10-01,IPG3341S,50.5956
2003-11-01,IPG3341S,50.6819
2003-12-01,IPG3341S,50.8698
2004-01-01,IPG3341S,51.0202
2004-02-01,IPG3341S,50.9461
2004-03-01,IPG3341S,50.556
2004-04-01,IPG3341S,49.9985
2004-05-01,IPG3341S,49.5214
2004-06-01,IPG3341S,49.3361
2004-07-01,IPG3341S,49.5616
2004-08-01,IPG3341S,50.2933
2004-09-01,IPG3341S,51.5194
2004-10-01,IPG3341S,53.0566
2004-11-01,IPG3341S,54.6414
2004-12-01,IPG3341S,56.0429
2005-01-01,IPG3341S,57.1614
2005-02-01,IPG3341S,57.875
2005-03-01,IPG3341S,58.2748
2005-04-01,IPG3341S,58.7052
2005-05-01,IPG3341S,59.5967
2005-06-01,IPG3341S,61.2063
2005-07-01,IPG3341S,63.2527
2005-08-01,IPG3341S,65.3005
2005-09-01,IPG3341S,66.958
2005-10-01,IPG3341S,68.3386
2005-11-01,IPG3341S,69.6539
2005-12-01,IPG3341S,71.0848
2006-01-01,IPG3341S,72.7439
2006-02-01,IPG3341S,74.5595
2006-03-01,IPG3341S,76.5991
2006-04-01,IPG3341S,78.7495
2006-05-01,IPG3341S,80.6948
2006-06-01,IPG3341S,82.2606
2006-07-01,IPG3341S,83.4844
2006-08-01,IPG3341S,84.4912
2006-09-01,IPG3341S,85.3363
2006-10-01,IPG3341S,86.0703
2006-11-01,IPG3341S,86.7129
2006-12-01,IPG3341S,87.3424
2007-01-01,IPG3341S,88.2445
2007-02-01,IPG3341S,89.0951
2007-03-01,IPG3341S,90.2093
2007-04-01,IPG3341S,91.6362
2007-05-01,IPG3341S,93.2876
2007-06-01,IPG3341S,95.1465
2007-07-01,IPG3341S,97.324
2007-08-01,IPG3341S,99.9974
2007-09-01,IPG3341S,103.0731
2007-10-01,IPG3341S,106.2741
2007-11-01,IPG3341S,109.2333
2007-12-01,IPG3341S,111.8029
2008-01-01,IPG3341S,114.4035
2008-02-01,IPG3341S,117.3905
2008-03-01,IPG3341S,120.944
2008-04-01,IPG3341S,124.2201
2008-05-01,IPG3341S,125.9217
2008-06-01,IPG3341S,125.3232
2008-07-01,IPG3341S,123.1115
2008-08-01,IPG3341S,120.4482
2008-09-01,IPG3341S,118.3689
2008-10-01,IPG3341S,117.1357
2008-11-01,IPG3341S,116.8369
2008-12-01,IPG3341S,117.3712
2009-01-01,IPG3341S,118.0199
2009-02-01,IPG3341S,117.9039
2009-03-01,IPG3341S,116.5305
2009-04-01,IPG3341S,114.195
2009-05-01,IPG3341S,111.5782
2009-06-01,IPG3341S,109.1495
2009-07-01,IPG3341S,106.8091
2009-08-01,IPG3341S,104.2102
2009-09-01,IPG3341S,101.2981
2009-10-01,IPG3341S,98.7142
2009-11-01,IPG3341S,97.5381
2009-12-01,IPG3341S,98.4591
2010-01-01,IPG3341S,100.3528
2010-02-01,IPG3341S,101.2384
2010-03-01,IPG3341S,99.8325
2010-04-01,IPG3341S,96.666
2010-05-01,IPG3341S,93.2236
2010-06-01,IPG3341S,90.7467
2010-07-01,IPG3341S,89.1664
2010-08-01,IPG3341S,87.8363
2010-09-01,IPG3341S,86.2647
2010-10-01,IPG3341S,84.309
2010-11-01,IPG3341S,82.0062
2010-12-01,IPG3341S,79.4915
2011-01-01,IPG3341S,77.1473
2011-02-01,IPG3341S,75.5871
2011-03-01,IPG3341S,75.0478
2011-04-01,IPG3341S,75.4652
2011-05-01,IPG3341S,76.6534
2011-06-01,IPG3341S,78.2892
2011-07-01,IPG3341S,79.9
2011-08-01,IPG3341S,80.975
2011-09-01,IPG3341S,81.1862
2011-10-01,IPG3341S,81.014
2011-11-01,IPG3341S,81.1815
2011-12-01,IPG3341S,82.321
2012-01-01,IPG3341S,84.7254
2012-02-01,IPG3341S,88.8213
2012-03-01,IPG3341S,90.7186
2012-04-01,IPG3341S,93.6986
2012-05-01,IPG3341S,95.4256
2012-06-01,IPG3341S,95.3213
2012-07-01,IPG3341S,97.2683
2012-08-01,IPG3341S,95.6353
2012-09-01,IPG3341S,94.5653
2012-10-01,IPG3341S,96.2575
2012-11-01,IPG3341S,95.7091
2012-12-01,IPG3341S,95.0586
2013-01-01,IPG3341S,96.0068
2013-02-01,IPG3341S,95.8267
2013-03-01,IPG3341S,94.5536
2013-04-01,IPG3341S,95.148
2013-05-01,IPG3341S,94.2272
2013-06-01,IPG3341S,93.9693
2013-07-01,IPG3341S,97.9581
2013-08-01,IPG3341S,97.966
2013-09-01,IPG3341S,98.7513
2013-10-01,IPG3341S,97.5431
2013-11-01,IPG3341S,98.8519
2013-12-01,IPG3341S,96.4672
2014-01-01,IPG3341S,91.4635
2014-02-01,IPG3341S,93.6512
2014-03-01,IPG3341S,96.0235
2014-04-01,IPG3341S,94.3985
2014-05-01,IPG3341S,96.8275
2014-06-01,IPG3341S,99.3667
2014-07-01,IPG3341S,99.513
2014-08-01,IPG3341S,103.0314
2014-09-01,IPG3341S,102.9924
2014-10-01,IPG3341S,102.7102
2014-11-01,IPG3341S,107.8963
2014-12-01,IPG3341S,106.2495
2015-01-01,IPG3341S,105.4164
2015-02-01,IPG3341S,107.6665
2015-03-01,IPG3341S,108.0055
2015-04-01,IPG3341S,111.8209
2015-05-01,IPG3341S,111.8175
2015-06-01,IPG3341S,112.7729
2015-07-01,IPG3341S,117.1876
2015-08-01,IPG3341S,115.6293
2015-09-01,IPG3341S,115.7143
2015-10-01,IPG3341S,117.8093
2015-11-01,IPG3341S,103.6527
2015-12-01,IPG3341S,106.1176
2016-01-01,IPG3341S,117.3406
2016-02-01,IPG3341S,115.8167
2016-03-01,IPG3341S,117.6771
2016-04-01,IPG3341S,116.7283
2016-05-01,IPG3341S,120.1947
2016-06-01,IPG3341S,118.6208
2016-07-01,IPG3341S,119.3459
2016-08-01,IPG3341S,119.3977
2016-09-01,IPG3341S,118.8707
2016-10-01,IPG3341S,117.6397
2016-11-01,IPG3341S,113.4604
2016-12-01,IPG3341S,112.4933
2017-01-01,IPG3341S,109.1792
2017-02-01,IPG3341S,105.8238
2017-03-01,IPG3341S,103.7518
2017-04-01,IPG3341S,102.1877
2017-05-01,IPG3341S,101.7287
2017-06-01,IPG3341S,100.6563
2017-07-01,IPG3341S,95.2551
2017-08-01,IPG3341S,94.6318
2017-09-01,IPG3341S,95.9543
2017-10-01,IPG3341S,98.0172
2017-11-01,IPG3341S,94.3278
2017-12-01,IPG3341S,98.4864
2018-01-01,IPG3341S,101.6974
2018-02-01,IPG3341S,99.8212
2018-03-01,IPG3341S,102.2166
2018-04-01,IPG3341S,105.6915
2018-05-01,IPG3341S,107.0738
2018-06-01,IPG3341S,111.4307
2018-07-01,IPG3341S,115.5965
2018-08-01,IPG3341S,118.4505
2018-09-01,IPG3341S,117.4545
2018-10-01,IPG3341S,123.0218
2018-11-01,IPG3341S,125.7064
2018-12-01,IPG3341S,128.9238
2019-01-01,IPG3341S,132.5001
2019-02-01,IPG3341S,132.9596
2019-03-01,IPG3341S,135.7514
2019-04-01,IPG3341S,130.3428
2019-05-01,IPG3341S,132.6995
2019-06-01,IPG3341S,133.0738
2019-07-01,IPG3341S,134.052
2019-08-01,IPG3341S,135.5473
2019-09-01,IPG3341S,127.971
2019-10-01,IPG3341S,123.7553
2019-11-01,IPG3341S,127.5485
2019-12-01,IPG3341S,125.4299
2020-01-01,IPG3341S,124.2497
2020-02-01,IPG3341S,122.6228
2020-03-01,IPG3341S,126.9343
2020-04-01,IPG3341S,111.8996
2020-05-01,IPG3341S,104.8657
2020-06-01,IPG3341S,107.3931
2020-07-01,IPG3341S,110.0467
2020-08-01,IPG3341S,111.3266
2020-09-01,IPG3341S,113.8411
2020-10-01,IPG3341S,115.7934
2020-11-01,IPG3341S,117.4224
2020-12-01,IPG3341S,119.5341
2021-01-01,IPG3341S,118.714
2021-02-01,IPG3341S,121.3929
2021-03-01,IPG3341S,123.0081
2021-04-01,IPG3341S,128.3737
2021-05-01,IPG3341S,130.4577
2021-06-01,IPG3341S,131.7667
2021-07-01,IPG3341S,129.722
2021-08-01,IPG3341S,131.6118
2021-09-01,IPG3341S,130.6866
2021-10-01,IPG3341S,131.7255
2021-11-01,IPG3341S,132.1535
2021-12-01,IPG3341S,130.8526
2022-01-01,IPG3341S,126.8091
2022-02-01,IPG3341S,131.0052
2022-03-01,IPG3341S,128.2017
2022-04-01,IPG3341S,125.9589
2022-05-01,IPG3341S,124.8487
2022-06-01,IPG3341S,126.8263
2022-07-01,IPG3341S,126.5639
2022-08-01,IPG3341S,126.475
2022-09-01,IPG3341S,127.2466
2022-10-01,IPG3341S,127.1808
2022-11-01,IPG3341S,129.3212
2022-12-01,IPG3341S,127.4691
2023-01-01,IPG3341S,130.4407
2023-02-01,IPG3341S,130.058
2023-03-01,IPG3341S,130.3489
2023-04-01,IPG3341S,134.106
2023-05-01,IPG3341S,134.0613
2023-06-01,IPG3341S,139.2198
2023-07-01,IPG3341S,140.4574
2023-08-01,IPG3341S,142.0966
2023-09-01,IPG3341S,139.7572
2023-10-01,IPG3341S,137.1285
2023-11-01,IPG3341S,137.0729
2023-12-01,IPG3341S,135.9125
2024-01-01,IPG3341S,135.4302
2024-02-01,IPG3341S,136.3983
2024-03-01,IPG3341S,141.2271
2024-04-01,IPG3341S,142.0249
2024-05-01,IPG3341S,144.1395
2024-06-01,IPG3341S,142.7852
2024-07-01,IPG3341S,142.2301
2024-08-01,IPG3341S,144.1348
2024-09-01,IPG3341S,149.9479
2024-10-01,IPG3341S,152.4544
2024-11-01,IPG3341S,151.4876
2024-12-01,IPG3341S,157.5736
2025-01-01,IPG3341S,158.6648
2025-02-01,IPG3341S,159.9524
2025-03-01,IPG3341S,159.9616
2025-04-01,IPG3341S,159.1169
2025-05-01,IPG3341S,163.6835
2025-06-01,IPG3341S,164.5429
2025-07-01,IPG3341S,171.0941
2025-08-01,IPG3341S,170.6425
2025-09-01,IPG3341S,171.5279
2025-10-01,IPG3341S,170.4791
2025-11-01,IPG3341S,169.3777
2025-12-01,IPG3341S,168.7953
2026-01-01,IPG3341S,175.5434
2026-02-01,IPG3341S,177.5418
2026-03-01,IPG3341S,179.0934
2026-04-01,IPG3341S,181.2813
2026-05-01,IPG3341S,179.2062
2026-06-01,IPG3341S,180.2982
2026-07-01,IPG3341S,182.6004
2026-08-01,IPG3341S,179.9863
1967-01-01,IPHITEK2S,0.044
1967-02-01,IPHITEK2S,0.0443
1967-03-01,IPHITEK2S,0.0441
1967-04-01,IPHITEK2S,0.0439
1967-05-01,IPHITEK2S,0.0437
1967-06-01,IPHITEK2S,0.0441
1967-07-01,IPHITEK2S,0.0441
1967-08-01,IPHITEK2S,0.0445
1967-09-01,IPHITEK2S,0.0446
1967-10-01,IPHITEK2S,0.0454
1967-11-01,IPHITEK2S,0.0466
1967-12-01,IPHITEK2S,0.0471
1968-01-01,IPHITEK2S,0.0473
1968-02-01,IPHITEK2S,0.0483
1968-03-01,IPHITEK2S,0.048
1968-04-01,IPHITEK2S,0.0471
1968-05-01,IPHITEK2S,0.0483
1968-06-01,IPHITEK2S,0.0488
1968-07-01,IPHITEK2S,0.0483
1968-08-01,IPHITEK2S,0.0493
1968-09-01,IPHITEK2S,0.0495
1968-10-01,IPHITEK2S,0.0498
1968-11-01,IPHITEK2S,0.05
1968-12-01,IPHITEK2S,0.0502
1969-01-01,IPHITEK2S,0.0511
1969-02-01,IPHITEK2S,0.0511
1969-03-01,IPHITEK2S,0.0522
1969-04-01,IPHITEK2S,0.0529
1969-05-01,IPHITEK2S,0.0534
1969-06-01,IPHITEK2S,0.0541
1969-07-01,IPHITEK2S,0.0548
1969-08-01,IPHITEK2S,0.0556
1969-09-01,IPHITEK2S,0.056
1969-10-01,IPHITEK2S,0.0568
1969-11-01,IPHITEK2S,0.0566
1969-12-01,IPHITEK2S,0.0564
1970-01-01,IPHITEK2S,0.0565
1970-02-01,IPHITEK2S,0.0555
1970-03-01,IPHITEK2S,0.0555
1970-04-01,IPHITEK2S,0.0563
1970-05-01,IPHITEK2S,0.0554
1970-06-01,IPHITEK2S,0.0546
1970-07-01,IPHITEK2S,0.055
1970-08-01,IPHITEK2S,0.0533
1970-09-01,IPHITEK2S,0.0525
1970-10-01,IPHITEK2S,0.0512
1970-11-01,IPHITEK2S,0.0502
1970-12-01,IPHITEK2S,0.0504
1971-01-01,IPHITEK2S,0.0496
1971-02-01,IPHITEK2S,0.0492
1971-03-01,IPHITEK2S,0.0493
1971-04-01,IPHITEK2S,0.0491
1971-05-01,IPHITEK2S,0.0492
1971-06-01,IPHITEK2S,0.0498
1971-07-01,IPHITEK2S,0.0507
1971-08-01,IPHITEK2S,0.0508
1971-09-01,IPHITEK2S,0.0517
1971-10-01,IPHITEK2S,0.0523
1971-11-01,IPHITEK2S,0.0531
1971-12-01,IPHITEK2S,0.0542
1972-01-01,IPHITEK2S,0.057
1972-02-01,IPHITEK2S,0.0573
1972-03-01,IPHITEK2S,0.0575
1972-04-01,IPHITEK2S,0.0581
1972-05-01,IPHITEK2S,0.0587
1972-06-01,IPHITEK2S,0.0586
1972-07-01,IPHITEK2S,0.0599
1972-08-01,IPHITEK2S,0.0604
1972-09-01,IPHITEK2S,0.0612
1972-10-01,IPHITEK2S,0.0627
1972-11-01,IPHITEK2S,0.0638
1972-12-01,IPHITEK2S,0.0656
1973-01-01,IPHITEK2S,0.0663
1973-02-01,IPHITEK2S,0.0679
1973-03-01,IPHITEK2S,0.0685
1973-04-01,IPHITEK2S,0.0696
1973-05-01,IPHITEK2S,0.071
1973-06-01,IPHITEK2S,0.0743
1973-07-01,IPHITEK2S,0.073
1973-08-01,IPHITEK2S,0.0765
1973-09-01,IPHITEK2S,0.0772
1973-10-01,IPHITEK2S,0.0801
1973-11-01,IPHITEK2S,0.0823
1973-12-01,IPHITEK2S,0.0835
1974-01-01,IPHITEK2S,0.0854
1974-02-01,IPHITEK2S,0.0872
1974-03-01,IPHITEK2S,0.0882
1974-04-01,IPHITEK2S,0.088
1974-05-01,IPHITEK2S,0.0888
1974-06-01,IPHITEK2S,0.0898
1974-07-01,IPHITEK2S,0.09
1974-08-01,IPHITEK2S,0.0841
1974-09-01,IPHITEK2S,0.0896
1974-10-01,IPHITEK2S,0.0899
1974-11-01,IPHITEK2S,0.0869
1974-12-01,IPHITEK2S,0.0852
1975-01-01,IPHITEK2S,0.0831
1975-02-01,IPHITEK2S,0.0797
1975-03-01,IPHITEK2S,0.079
1975-04-01,IPHITEK2S,0.0781
1975-05-01,IPHITEK2S,0.0778
1975-06-01,IPHITEK2S,0.0772
1975-07-01,IPHITEK2S,0.0791
1975-08-01,IPHITEK2S,0.0798
1975-09-01,IPHITEK2S,0.0815
1975-10-01,IPHITEK2S,0.0827
1975-11-01,IPHITEK2S,0.083
1975-12-01,IPHITEK2S,0.0864
1976-01-01,IPHITEK2S,0.0875
1976-02-01,IPHITEK2S,0.0882
1976-03-01,IPHITEK2S,0.0905
1976-04-01,IPHITEK2S,0.0929
1976-05-01,IPHITEK2S,0.0965
1976-06-01,IPHITEK2S,0.0978
1976-07-01,IPHITEK2S,0.1008
1976-08-01,IPHITEK2S,0.1032
1976-09-01,IPHITEK2S,0.1073
1976-10-01,IPHITEK2S,0.1097
1976-11-01,IPHITEK2S,0.1116
1976-12-01,IPHITEK2S,0.114
1977-01-01,IPHITEK2S,0.1133
1977-02-01,IPHITEK2S,0.1185
1977-03-01,IPHITEK2S,0.1193
1977-04-01,IPHITEK2S,0.1233
1977-05-01,IPHITEK2S,0.1261
1977-06-01,IPHITEK2S,0.1305
1977-07-01,IPHITEK2S,0.1315
1977-08-01,IPHITEK2S,0.1355
1977-09-01,IPHITEK2S,0.1376
1977-10-01,IPHITEK2S,0.1397
1977-11-01,IPHITEK2S,0.1426
1977-12-01,IPHITEK2S,0.1449
1978-01-01,IPHITEK2S,0.1449
1978-02-01,IPHITEK2S,0.148
1978-03-01,IPHITEK2S,0.1536
1978-04-01,IPHITEK2S,0.1551
1978-05-01,IPHITEK2S,0.1581
1978-06-01,IPHITEK2S,0.1624
1978-07-01,IPHITEK2S,0.1652
1978-08-01,IPHITEK2S,0.1687
1978-09-01,IPHITEK2S,0.1715
1978-10-01,IPHITEK2S,0.1759
1978-11-01,IPHITEK2S,0.1813
1978-12-01,IPHITEK2S,0.1842
1979-01-01,IPHITEK2S,0.1893
1979-02-01,IPHITEK2S,0.1937
1979-03-01,IPHITEK2S,0.1968
1979-04-01,IPHITEK2S,0.1947
1979-05-01,IPHITEK2S,0.2007
1979-06-01,IPHITEK2S,0.2077
1979-07-01,IPHITEK2S,0.2116
1979-08-01,IPHITEK2S,0.2168
1979-09-01,IPHITEK2S,0.2205
1979-10-01,IPHITEK2S,0.2264
1979-11-01,IPHITEK2S,0.2344
1979-12-01,IPHITEK2S,0.2399
1980-01-01,IPHITEK2S,0.2458
1980-02-01,IPHITEK2S,0.25
1980-03-01,IPHITEK2S,0.2529
1980-04-01,IPHITEK2S,0.2562
1980-05-01,IPHITEK2S,0.2577
1980-06-01,IPHITEK2S,0.2564
1980-07-01,IPHITEK2S,0.2581
1980-08-01,IPHITEK2S,0.2629
1980-09-01,IPHITEK2S,0.2654
1980-10-01,IPHITEK2S,0.2706
1980-11-01,IPHITEK2S,0.2743
1980-12-01,IPHITEK2S,0.2811
1981-01-01,IPHITEK2S,0.2855
1981-02-01,IPHITEK2S,0.2884
1981-03-01,IPHITEK2S,0.2913
1981-04-01,IPHITEK2S,0.2994
1981-05-01,IPHITEK2S,0.303
1981-06-01,IPHITEK2S,0.3065
1981-07-01,IPHITEK2S,0.3102
1981-08-01,IPHITEK2S,0.3177
1981-09-01,IPHITEK2S,0.3226
1981-10-01,IPHITEK2S,0.3254
1981-11-01,IPHITEK2S,0.3242
1981-12-01,IPHITEK2S,0.3283
1982-01-01,IPHITEK2S,0.3231
1982-02-01,IPHITEK2S,0.3405
1982-03-01,IPHITEK2S,0.3408
1982-04-01,IPHITEK2S,0.3428
1982-05-01,IPHITEK2S,0.3465
1982-06-01,IPHITEK2S,0.3509
1982-07-01,IPHITEK2S,0.3573
1982-08-01,IPHITEK2S,0.3503
1982-09-01,IPHITEK2S,0.3558
1982-10-01,IPHITEK2S,0.3551
1982-11-01,IPHITEK2S,0.3594
1982-12-01,IPHITEK2S,0.3664
1983-01-01,IPHITEK2S,0.3765
1983-02-01,IPHITEK2S,0.3791
1983-03-01,IPHITEK2S,0.3898
1983-04-01,IPHITEK2S,0.3999
1983-05-01,IPHITEK2S,0.4084
1983-06-01,IPHITEK2S,0.4157
1983-07-01,IPHITEK2S,0.4345
1983-08-01,IPHITEK2S,0.4294
1983-09-01,IPHITEK2S,0.4558
1983-10-01,IPHITEK2S,0.4641
1983-11-01,IPHITEK2S,0.4722
1983-12-01,IPHITEK2S,0.4784
1984-01-01,IPHITEK2S,0.4931
1984-02-01,IPHITEK2S,0.506
1984-03-01,IPHITEK2S,0.5156
1984-04-01,IPHITEK2S,0.5269
1984-05-01,IPHITEK2S,0.5371
1984-06-01,IPHITEK2S,0.5472
1984-07-01,IPHITEK2S,0.5567
1984-08-01,IPHITEK2S,0.5659
1984-09-01,IPHITEK2S,0.5681
1984-10-01,IPHITEK2S,0.5773
1984-11-01,IPHITEK2S,0.583
1984-12-01,IPHITEK2S,0.5832
1985-01-01,IPHITEK2S,0.593
1985-02-01,IPHITEK2S,0.5862
1985-03-01,IPHITEK2S,0.5863
1985-04-01,IPHITEK2S,0.5718
1985-05-01,IPHITEK2S,0.5756
1985-06-01,IPHITEK2S,0.5787
1985-07-01,IPHITEK2S,0.5653
1985-08-01,IPHITEK2S,0.5661
1985-09-01,IPHITEK2S,0.5589
1985-10-01,IPHITEK2S,0.5598
1985-11-01,IPHITEK2S,0.566
1985-12-01,IPHITEK2S,0.5676
1986-01-01,IPHITEK2S,0.567
1986-02-01,IPHITEK2S,0.5671
1986-03-01,IPHITEK2S,0.5709
1986-04-01,IPHITEK2S,0.5732
1986-05-01,IPHITEK2S,0.5765
1986-06-01,IPHITEK2S,0.5579
1986-07-01,IPHITEK2S,0.5909
1986-08-01,IPHITEK2S,0.5977
1986-09-01,IPHITEK2S,0.606
1986-10-01,IPHITEK2S,0.6101
1986-11-01,IPHITEK2S,0.618
1986-12-01,IPHITEK2S,0.6351
1987-01-01,IPHITEK2S,0.6491
1987-02-01,IPHITEK2S,0.6627
1987-03-01,IPHITEK2S,0.6644
1987-04-01,IPHITEK2S,0.6801
1987-05-01,IPHITEK2S,0.6945
1987-06-01,IPHITEK2S,0.7108
1987-07-01,IPHITEK2S,0.7278
1987-08-01,IPHITEK2S,0.7459
1987-09-01,IPHITEK2S,0.7641
1987-10-01,IPHITEK2S,0.7789
1987-11-01,IPHITEK2S,0.7862
1987-12-01,IPHITEK2S,0.8037
1988-01-01,IPHITEK2S,0.8011
1988-02-01,IPHITEK2S,0.8065
1988-03-01,IPHITEK2S,0.8182
1988-04-01,IPHITEK2S,0.8308
1988-05-01,IPHITEK2S,0.8395
1988-06-01,IPHITEK2S,0.8501
1988-07-01,IPHITEK2S,0.8581
1988-08-01,IPHITEK2S,0.8652
1988-09-01,IPHITEK2S,0.8696
1988-10-01,IPHITEK2S,0.8767
1988-11-01,IPHITEK2S,0.8773
1988-12-01,IPHITEK2S,0.8807
1989-01-01,IPHITEK2S,0.8803
1989-02-01,IPHITEK2S,0.8762
1989-03-01,IPHITEK2S,0.8712
1989-04-01,IPHITEK2S,0.8799
1989-05-01,IPHITEK2S,0.8767
1989-06-01,IPHITEK2S,0.8828
1989-07-01,IPHITEK2S,0.8966
1989-08-01,IPHITEK2S,0.9126
1989-09-01,IPHITEK2S,0.914
1989-10-01,IPHITEK2S,0.9317
1989-11-01,IPHITEK2S,0.9409
1989-12-01,IPHITEK2S,0.9476
1990-01-01,IPHITEK2S,0.9687
1990-02-01,IPHITEK2S,0.9744
1990-03-01,IPHITEK2S,0.9866
1990-04-01,IPHITEK2S,0.9886
1990-05-01,IPHITEK2S,1.0013
1990-06-01,IPHITEK2S,1.0114
1990-07-01,IPHITEK2S,1.0146
1990-08-01,IPHITEK2S,1.0179
1990-09-01,IPHITEK2S,1.0256
1990-10-01,IPHITEK2S,1.0338
1990-11-01,IPHITEK2S,1.0367
1990-12-01,IPHITEK2S,1.0356
1991-01-01,IPHITEK2S,1.0378
1991-02-01,IPHITEK2S,1.0516
1991-03-01,IPHITEK2S,1.0598
1991-04-01,IPHITEK2S,1.0663
1991-05-01,IPHITEK2S,1.0798
1991-06-01,IPHITEK2S,1.088
1991-07-01,IPHITEK2S,1.0944
1991-08-01,IPHITEK2S,1.1051
1991-09-01,IPHITEK2S,1.1056
1991-10-01,IPHITEK2S,1.111
1991-11-01,IPHITEK2S,1.1224
1991-12-01,IPHITEK2S,1.1523
1992-01-01,IPHITEK2S,1.1829
1992-02-01,IPHITEK2S,1.1954
1992-03-01,IPHITEK2S,1.2211
1992-04-01,IPHITEK2S,1.2525
1992-05-01,IPHITEK2S,1.2761
1992-06-01,IPHITEK2S,1.3089
1992-07-01,IPHITEK2S,1.332
1992-08-01,IPHITEK2S,1.344
1992-09-01,IPHITEK2S,1.372
1992-10-01,IPHITEK2S,1.4178
1992-11-01,IPHITEK2S,1.4496
1992-12-01,IPHITEK2S,1.457
1993-01-01,IPHITEK2S,1.4636
1993-02-01,IPHITEK2S,1.4841
1993-03-01,IPHITEK2S,1.502
1993-04-01,IPHITEK2S,1.5167
1993-05-01,IPHITEK2S,1.5272
1993-06-01,IPHITEK2S,1.5366
1993-07-01,IPHITEK2S,1.54
1993-08-01,IPHITEK2S,1.5552
1993-09-01,IPHITEK2S,1.5844
1993-10-01,IPHITEK2S,1.6159
1993-11-01,IPHITEK2S,1.6477
1993-12-01,IPHITEK2S,1.6698
1994-01-01,IPHITEK2S,1.6895
1994-02-01,IPHITEK2S,1.701
1994-03-01,IPHITEK2S,1.765
1994-04-01,IPHITEK2S,1.8375
1994-05-01,IPHITEK2S,1.8978
1994-06-01,IPHITEK2S,1.9351
1994-07-01,IPHITEK2S,1.9805
1994-08-01,IPHITEK2S,2.0464
1994-09-01,IPHITEK2S,2.1211
1994-10-01,IPHITEK2S,2.2032
1994-11-01,IPHITEK2S,2.268
1994-12-01,IPHITEK2S,2.3244
1995-01-01,IPHITEK2S,2.3447
1995-02-01,IPHITEK2S,2.3727
1995-03-01,IPHITEK2S,2.4582
1995-04-01,IPHITEK2S,2.5242
1995-05-01,IPHITEK2S,2.6142
1995-06-01,IPHITEK2S,2.6847
1995-07-01,IPHITEK2S,2.7202
1995-08-01,IPHITEK2S,2.83
1995-09-01,IPHITEK2S,2.9454
1995-10-01,IPHITEK2S,3.0423
1995-11-01,IPHITEK2S,3.1095
1995-12-01,IPHITEK2S,3.2244
1996-01-01,IPHITEK2S,3.3355
1996-02-01,IPHITEK2S,3.4848
1996-03-01,IPHITEK2S,3.5634
1996-04-01,IPHITEK2S,3.6348
1996-05-01,IPHITEK2S,3.7389
1996-06-01,IPHITEK2S,3.8525
1996-07-01,IPHITEK2S,3.9983
1996-08-01,IPHITEK2S,4.1423
1996-09-01,IPHITEK2S,4.2682
1996-10-01,IPHITEK2S,4.411
1996-11-01,IPHITEK2S,4.5057
1996-12-01,IPHITEK2S,4.6204
1997-01-01,IPHITEK2S,4.7251
1997-02-01,IPHITEK2S,4.9396
1997-03-01,IPHITEK2S,5.1221
1997-04-01,IPHITEK2S,5.3042
1997-05-01,IPHITEK2S,5.5175
1997-06-01,IPHITEK2S,5.702
1997-07-01,IPHITEK2S,5.8763
1997-08-01,IPHITEK2S,6.0942
1997-09-01,IPHITEK2S,6.324
1997-10-01,IPHITEK2S,6.4916
1997-11-01,IPHITEK2S,6.7028
1997-12-01,IPHITEK2S,6.8816
1998-01-01,IPHITEK2S,7.0803
1998-02-01,IPHITEK2S,7.1749
1998-03-01,IPHITEK2S,7.2699
1998-04-01,IPHITEK2S,7.4404
1998-05-01,IPHITEK2S,7.5257
1998-06-01,IPHITEK2S,7.7537
1998-07-01,IPHITEK2S,8.027
1998-08-01,IPHITEK2S,8.3146
1998-09-01,IPHITEK2S,8.6353
1998-10-01,IPHITEK2S,8.9333
1998-11-01,IPHITEK2S,9.2048
1998-12-01,IPHITEK2S,9.5402
1999-01-01,IPHITEK2S,9.9002
1999-02-01,IPHITEK2S,10.3058
1999-03-01,IPHITEK2S,10.6504
1999-04-01,IPHITEK2S,11.0717
1999-05-01,IPHITEK2S,11.3515
1999-06-01,IPHITEK2S,11.6797
1999-07-01,IPHITEK2S,12.1769
1999-08-01,IPHITEK2S,12.2113
1999-09-01,IPHITEK2S,12.2785
1999-10-01,IPHITEK2S,12.5172
1999-11-01,IPHITEK2S,12.8921
1999-12-01,IPHITEK2S,13.2633
2000-01-01,IPHITEK2S,13.7431
2000-02-01,IPHITEK2S,14.2079
2000-03-01,IPHITEK2S,14.6973
2000-04-01,IPHITEK2S,15.1896
2000-05-01,IPHITEK2S,15.7763
2000-06-01,IPHITEK2S,16.0835
2000-07-01,IPHITEK2S,16.6271
2000-08-01,IPHITEK2S,16.9041
2000-09-01,IPHITEK2S,17.2172
2000-10-01,IPHITEK2S,17.4194
2000-11-01,IPHITEK2S,17.8061
2000-12-01,IPHITEK2S,18.1457
2001-01-01,IPHITEK2S,18.1291
2001-02-01,IPHITEK2S,17.9951
2001-03-01,IPHITEK2S,18.0423
2001-04-01,IPHITEK2S,17.7526
2001-05-01,IPHITEK2S,17.5324
2001-06-01,IPHITEK2S,17.1874
2001-07-01,IPHITEK2S,16.6107
2001-08-01,IPHITEK2S,16.4792
2001-09-01,IPHITEK2S,16.461
2001-10-01,IPHITEK2S,16.5328
2001-11-01,IPHITEK2S,16.3172
2001-12-01,IPHITEK2S,16.6389
2002-01-01,IPHITEK2S,16.4523
2002-02-01,IPHITEK2S,16.8407
2002-03-01,IPHITEK2S,16.9484
2002-04-01,IPHITEK2S,17.0715
2002-05-01,IPHITEK2S,17.08
2002-06-01,IPHITEK2S,17.247
2002-07-01,IPHITEK2S,17.3484
2002-08-01,IPHITEK2S,17.5921
2002-09-01,IPHITEK2S,17.7114
2002-10-01,IPHITEK2S,17.727
2002-11-01,IPHITEK2S,17.9063
2002-12-01,IPHITEK2S,18.0108
2003-01-01,IPHITEK2S,18.2474
2003-02-01,IPHITEK2S,18.808
2003-03-01,IPHITEK2S,19.0896
2003-04-01,IPHITEK2S,19.4744
2003-05-01,IPHITEK2S,19.9827
2003-06-01,IPHITEK2S,20.6227
2003-07-01,IPHITEK2S,21.3436
2003-08-01,IPHITEK2S,21.8347
2003-09-01,IPHITEK2S,22.3702
2003-10-01,IPHITEK2S,22.974
2003-11-01,IPHITEK2S,23.4735
2003-12-01,IPHITEK2S,23.7375
2004-01-01,IPHITEK2S,24.2772
2004-02-01,IPHITEK2S,24.6164
2004-03-01,IPHITEK2S,24.7848
2004-04-01,IPHITEK2S,24.7462
2004-05-01,IPHITEK2S,24.917
2004-06-01,IPHITEK2S,24.9802
2004-07-01,IPHITEK2S,25.0284
2004-08-01,IPHITEK2S,25.2616
2004-09-01,IPHITEK2S,25.5726
2004-10-01,IPHITEK2S,25.8316
2004-11-01,IPHITEK2S,26.0273
2004-12-01,IPHITEK2S,26.4444
2005-01-01,IPHITEK2S,27.1419
2005-02-01,IPHITEK2S,27.7453
2005-03-01,IPHITEK2S,28.0325
2005-04-01,IPHITEK2S,28.6287
2005-05-01,IPHITEK2S,29.0217
2005-06-01,IPHITEK2S,29.353
2005-07-01,IPHITEK2S,29.9171
2005-08-01,IPHITEK2S,30.6334
2005-09-01,IPHITEK2S,31.4713
2005-10-01,IPHITEK2S,32.2621
2005-11-01,IPHITEK2S,32.6644
2005-12-01,IPHITEK2S,33.1273
2006-01-01,IPHITEK2S,33.4454
2006-02-01,IPHITEK2S,33.9577
2006-03-01,IPHITEK2S,34.2502
2006-04-01,IPHITEK2S,34.595
2006-05-01,IPHITEK2S,35.1893
2006-06-01,IPHITEK2S,35.7374
2006-07-01,IPHITEK2S,36.0105
2006-08-01,IPHITEK2S,36.832
2006-09-01,IPHITEK2S,37.6285
2006-10-01,IPHITEK2S,37.9549
2006-11-01,IPHITEK2S,38.4251
2006-12-01,IPHITEK2S,38.86
2007-01-01,IPHITEK2S,39.3224
2007-02-01,IPHITEK2S,40.0974
2007-03-01,IPHITEK2S,41.6661
2007-04-01,IPHITEK2S,43.1412
2007-05-01,IPHITEK2S,42.7677
2007-06-01,IPHITEK2S,41.6481
2007-07-01,IPHITEK2S,41.8163
2007-08-01,IPHITEK2S,42.485
2007-09-01,IPHITEK2S,43.6855
2007-10-01,IPHITEK2S,45.4988
2007-11-01,IPHITEK2S,47.2587
2007-12-01,IPHITEK2S,48.7299
2008-01-01,IPHITEK2S,49.3127
2008-02-01,IPHITEK2S,50.7067
2008-03-01,IPHITEK2S,51.984
2008-04-01,IPHITEK2S,52.5305
2008-05-01,IPHITEK2S,52.8726
2008-06-01,IPHITEK2S,52.8279
2008-07-01,IPHITEK2S,51.767
2008-08-01,IPHITEK2S,51.0304
2008-09-01,IPHITEK2S,49.9798
2008-10-01,IPHITEK2S,47.7534
2008-11-01,IPHITEK2S,44.8344
2008-12-01,IPHITEK2S,42.1344
2009-01-01,IPHITEK2S,41.3701
2009-02-01,IPHITEK2S,41.7413
2009-03-01,IPHITEK2S,42.4445
2009-04-01,IPHITEK2S,42.984
2009-05-01,IPHITEK2S,43.3691
2009-06-01,IPHITEK2S,43.5957
2009-07-01,IPHITEK2S,44.1045
2009-08-01,IPHITEK2S,44.3377
2009-09-01,IPHITEK2S,45.0657
2009-10-01,IPHITEK2S,45.7598
2009-11-01,IPHITEK2S,46.6663
2009-12-01,IPHITEK2S,47.178
2010-01-01,IPHITEK2S,48.9772
2010-02-01,IPHITEK2S,50.7968
2010-03-01,IPHITEK2S,52.2293
2010-04-01,IPHITEK2S,53.0746
2010-05-01,IPHITEK2S,53.6859
2010-06-01,IPHITEK2S,53.9027
2010-07-01,IPHITEK2S,54.6573
2010-08-01,IPHITEK2S,55.3482
2010-09-01,IPHITEK2S,55.8366
2010-10-01,IPHITEK2S,56.2967
2010-11-01,IPHITEK2S,57.557
2010-12-01,IPHITEK2S,59.3539
2011-01-01,IPHITEK2S,60.374
2011-02-01,IPHITEK2S,60.6637
2011-03-01,IPHITEK2S,60.3337
2011-04-01,IPHITEK2S,60.2692
2011-05-01,IPHITEK2S,60.5818
2011-06-01,IPHITEK2S,60.9967
2011-07-01,IPHITEK2S,60.8711
2011-08-01,IPHITEK2S,62.0999
2011-09-01,IPHITEK2S,62.0053
2011-10-01,IPHITEK2S,61.618
2011-11-01,IPHITEK2S,61.9153
2011-12-01,IPHITEK2S,62.5438
2012-01-01,IPHITEK2S,63.2708
2012-02-01,IPHITEK2S,64.6083
2012-03-01,IPHITEK2S,65.1683
2012-04-01,IPHITEK2S,65.8298
2012-05-01,IPHITEK2S,66.6011
2012-06-01,IPHITEK2S,67.414
2012-07-01,IPHITEK2S,67.4592
2012-08-01,IPHITEK2S,66.9181
2012-09-01,IPHITEK2S,67.7592
2012-10-01,IPHITEK2S,69.115
2012-11-01,IPHITEK2S,69.1136
2012-12-01,IPHITEK2S,69.5616
2013-01-01,IPHITEK2S,70.4428
2013-02-01,IPHITEK2S,70.3964
2013-03-01,IPHITEK2S,71.0712
2013-04-01,IPHITEK2S,72.2817
2013-05-01,IPHITEK2S,73.1087
2013-06-01,IPHITEK2S,73.8875
2013-07-01,IPHITEK2S,75.2973
2013-08-01,IPHITEK2S,76.1061
2013-09-01,IPHITEK2S,76.5768
2013-10-01,IPHITEK2S,77.4754
2013-11-01,IPHITEK2S,78.0321
2013-12-01,IPHITEK2S,78.0004
2014-01-01,IPHITEK2S,78.0055
2014-02-01,IPHITEK2S,79.3524
2014-03-01,IPHITEK2S,80.6107
2014-04-01,IPHITEK2S,81.3327
2014-05-01,IPHITEK2S,82.7529
2014-06-01,IPHITEK2S,83.349
2014-07-01,IPHITEK2S,83.5663
2014-08-01,IPHITEK2S,84.0252
2014-09-01,IPHITEK2S,84.2858
2014-10-01,IPHITEK2S,84.4312
2014-11-01,IPHITEK2S,85.004
2014-12-01,IPHITEK2S,84.9089
2015-01-01,IPHITEK2S,84.7856
2015-02-01,IPHITEK2S,85.0526
2015-03-01,IPHITEK2S,85.1501
2015-04-01,IPHITEK2S,85.9971
2015-05-01,IPHITEK2S,86.0152
2015-06-01,IPHITEK2S,86.3093
2015-07-01,IPHITEK2S,86.0203
2015-08-01,IPHITEK2S,85.6333
2015-09-01,IPHITEK2S,85.7817
2015-10-01,IPHITEK2S,86.3183
2015-11-01,IPHITEK2S,84.97
2015-12-01,IPHITEK2S,86.1674
2016-01-01,IPHITEK2S,87.0702
2016-02-01,IPHITEK2S,87.5833
2016-03-01,IPHITEK2S,88.1556
2016-04-01,IPHITEK2S,88.6114
2016-05-01,IPHITEK2S,89.4482
2016-06-01,IPHITEK2S,89.7131
2016-07-01,IPHITEK2S,90.8216
2016-08-01,IPHITEK2S,91.8382
2016-09-01,IPHITEK2S,93.9355
2016-10-01,IPHITEK2S,95.8463
2016-11-01,IPHITEK2S,96.72
2016-12-01,IPHITEK2S,96.8701
2017-01-01,IPHITEK2S,96.4125
2017-02-01,IPHITEK2S,96.2163
2017-03-01,IPHITEK2S,96.9917
2017-04-01,IPHITEK2S,99.532
2017-05-01,IPHITEK2S,100.0716
2017-06-01,IPHITEK2S,100.1287
2017-07-01,IPHITEK2S,99.3922
2017-08-01,IPHITEK2S,99.6635
2017-09-01,IPHITEK2S,100.7624
2017-10-01,IPHITEK2S,102.3257
2017-11-01,IPHITEK2S,103.3698
2017-12-01,IPHITEK2S,105.1334
2018-01-01,IPHITEK2S,105.9948
2018-02-01,IPHITEK2S,105.3759
2018-03-01,IPHITEK2S,105.1166
2018-04-01,IPHITEK2S,106.0281
2018-05-01,IPHITEK2S,106.9159
2018-06-01,IPHITEK2S,108.8777
2018-07-01,IPHITEK2S,110.3114
2018-08-01,IPHITEK2S,111.5714
2018-09-01,IPHITEK2S,111.028
2018-10-01,IPHITEK2S,110.9289
2018-11-01,IPHITEK2S,109.9139
2018-12-01,IPHITEK2S,110.2645
2019-01-01,IPHITEK2S,111.88
2019-02-01,IPHITEK2S,112.8559
2019-03-01,IPHITEK2S,113.5721
2019-04-01,IPHITEK2S,113.2199
2019-05-01,IPHITEK2S,113.3659
2019-06-01,IPHITEK2S,114.1142
2019-07-01,IPHITEK2S,114.7986
2019-08-01,IPHITEK2S,115.9776
2019-09-01,IPHITEK2S,114.5245
2019-10-01,IPHITEK2S,113.8883
2019-11-01,IPHITEK2S,115.6679
2019-12-01,IPHITEK2S,117.1676
2020-01-01,IPHITEK2S,116.6602
2020-02-01,IPHITEK2S,115.4253
2020-03-01,IPHITEK2S,116.3446
2020-04-01,IPHITEK2S,112.8169
2020-05-01,IPHITEK2S,111.1319
2020-06-01,IPHITEK2S,112.3317
2020-07-01,IPHITEK2S,114.0371
2020-08-01,IPHITEK2S,114.4013
2020-09-01,IPHITEK2S,116.9989
2020-10-01,IPHITEK2S,120.2063
2020-11-01,IPHITEK2S,121.6815
2020-12-01,IPHITEK2S,122.5388
2021-01-01,IPHITEK2S,122.7804
2021-02-01,IPHITEK2S,122.9826
2021-03-01,IPHITEK2S,124.1255
2021-04-01,IPHITEK2S,126.753
2021-05-01,IPHITEK2S,128.507
2021-06-01,IPHITEK2S,126.8217
2021-07-01,IPHITEK2S,124.0982
2021-08-01,IPHITEK2S,124.362
2021-09-01,IPHITEK2S,125.3074
2021-10-01,IPHITEK2S,127.8767
2021-11-01,IPHITEK2S,130.8042
2021-12-01,IPHITEK2S,133.1251
2022-01-01,IPHITEK2S,134.1327
2022-02-01,IPHITEK2S,137.6028
2022-03-01,IPHITEK2S,138.7262
2022-04-01,IPHITEK2S,138.5115
2022-05-01,IPHITEK2S,140.2421
2022-06-01,IPHITEK2S,143.3774
2022-07-01,IPHITEK2S,144.5225
2022-08-01,IPHITEK2S,145.731
2022-09-01,IPHITEK2S,146.5361
2022-10-01,IPHITEK2S,145.0931
2022-11-01,IPHITEK2S,144.8335
2022-12-01,IPHITEK2S,141.8317
2023-01-01,IPHITEK2S,140.7748
2023-02-01,IPHITEK2S,142.9203
2023-03-01,IPHITEK2S,143.0404
2023-04-01,IPHITEK2S,145.4632
2023-05-01,IPHITEK2S,145.9301
2023-06-01,IPHITEK2S,146.0502
2023-07-01,IPHITEK2S,147.0968
2023-08-01,IPHITEK2S,146.8145
2023-09-01,IPHITEK2S,146.5066
2023-10-01,IPHITEK2S,148.6301
2023-11-01,IPHITEK2S,150.266
2023-12-01,IPHITEK2S,150.9093
2024-01-01,IPHITEK2S,150.7342
2024-02-01,IPHITEK2S,149.4712
2024-03-01,IPHITEK2S,149.8491
2024-04-01,IPHITEK2S,154.1052
2024-05-01,IPHITEK2S,155.0573
2024-06-01,IPHITEK2S,154.9794
2024-07-01,IPHITEK2S,155.6892
2024-08-01,IPHITEK2S,160.5182
2024-09-01,IPHITEK2S,159.8005
2024-10-01,IPHITEK2S,161.3975
2024-11-01,IPHITEK2S,160.9703
2024-12-01,IPHITEK2S,163.3446
2025-01-01,IPHITEK2S,169.6334
2025-02-01,IPHITEK2S,171.3223
2025-03-01,IPHITEK2S,171.2601
2025-04-01,IPHITEK2S,172.8078
2025-05-01,IPHITEK2S,174.1713
2025-06-01,IPHITEK2S,172.6464
2025-07-01,IPHITEK2S,178.6265
2025-08-01,IPHITEK2S,176.1928
2025-09-01,IPHITEK2S,174.2107
2025-10-01,IPHITEK2S,177.9722
2025-11-01,IPHITEK2S,179.2343
2025-12-01,IPHITEK2S,180.4053
2026-01-01,IPHITEK2S,185.9844
2026-02-01,IPHITEK2S,186.0875
2026-03-01,IPHITEK2S,184.7883
2026-04-01,IPHITEK2S,187.4829
2026-05-01,IPHITEK2S,193.0168
2026-06-01,IPHITEK2S,195.855
2026-07-01,IPHITEK2S,198.3291
2026-08-01,IPHITEK2S,198.2377
1954-01-01,IPB53122S,0.0007
1954-02-01,IPB53122S,0.0007
1954-03-01,IPB53122S,0.0007
1954-04-01,IPB53122S,0.0007
1954-05-01,IPB53122S,0.0007
1954-06-01,IPB53122S,0.0007
1954-07-01,IPB53122S,0.0007
1954-08-01,IPB53122S,0.0008
1954-09-01,IPB53122S,0.0008
1954-10-01,IPB53122S,0.0008
1954-11-01,IPB53122S,0.0008
1954-12-01,IPB53122S,0.0008
1955-01-01,IPB53122S,0.0008
1955-02-01,IPB53122S,0.0008
1955-03-01,IPB53122S,0.0008
1955-04-01,IPB53122S,0.0008
1955-05-01,IPB53122S,0.0007
1955-06-01,IPB53122S,0.0007
1955-07-01,IPB53122S,0.0007
1955-08-01,IPB53122S,0.0008
1955-09-01,IPB53122S,0.0008
1955-10-01,IPB53122S,0.0009
1955-11-01,IPB53122S,0.0009
1955-12-01,IPB53122S,0.0009
1956-01-01,IPB53122S,0.0009
1956-02-01,IPB53122S,0.0009
1956-03-01,IPB53122S,0.0009
1956-04-01,IPB53122S,0.001
1956-05-01,IPB53122S,0.001
1956-06-01,IPB53122S,0.001
1956-07-01,IPB53122S,0.001
1956-08-01,IPB53122S,0.001
1956-09-01,IPB53122S,0.001
1956-10-01,IPB53122S,0.001
1956-11-01,IPB53122S,0.0011
1956-12-01,IPB53122S,0.0011
1957-01-01,IPB53122S,0.0011
1957-02-01,IPB53122S,0.0011
1957-03-01,IPB53122S,0.0011
1957-04-01,IPB53122S,0.0011
1957-05-01,IPB53122S,0.0012
1957-06-01,IPB53122S,0.0012
1957-07-01,IPB53122S,0.0012
1957-08-01,IPB53122S,0.0013
1957-09-01,IPB53122S,0.0012
1957-10-01,IPB53122S,0.0012
1957-11-01,IPB53122S,0.0011
1957-12-01,IPB53122S,0.0011
1958-01-01,IPB53122S,0.001
1958-02-01,IPB53122S,0.001
1958-03-01,IPB53122S,0.001
1958-04-01,IPB53122S,0.001
1958-05-01,IPB53122S,0.001
1958-06-01,IPB53122S,0.001
1958-07-01,IPB53122S,0.0011
1958-08-01,IPB53122S,0.0011
1958-09-01,IPB53122S,0.0012
1958-10-01,IPB53122S,0.0012
1958-11-01,IPB53122S,0.0012
1958-12-01,IPB53122S,0.0013
1959-01-01,IPB53122S,0.0014
1959-02-01,IPB53122S,0.0014
1959-03-01,IPB53122S,0.0014
1959-04-01,IPB53122S,0.0015
1959-05-01,IPB53122S,0.0015
1959-06-01,IPB53122S,0.0016
1959-07-01,IPB53122S,0.0016
1959-08-01,IPB53122S,0.0016
1959-09-01,IPB53122S,0.0017
1959-10-01,IPB53122S,0.0017
1959-11-01,IPB53122S,0.0017
1959-12-01,IPB53122S,0.0018
1960-01-01,IPB53122S,0.0018
1960-02-01,IPB53122S,0.0018
1960-03-01,IPB53122S,0.0018
1960-04-01,IPB53122S,0.0018
1960-05-01,IPB53122S,0.0018
1960-06-01,IPB53122S,0.0018
1960-07-01,IPB53122S,0.0018
1960-08-01,IPB53122S,0.0018
1960-09-01,IPB53122S,0.0018
1960-10-01,IPB53122S,0.0018
1960-11-01,IPB53122S,0.0018
1960-12-01,IPB53122S,0.0017
1961-01-01,IPB53122S,0.0018
1961-02-01,IPB53122S,0.0018
1961-03-01,IPB53122S,0.0018
1961-04-01,IPB53122S,0.0018
1961-05-01,IPB53122S,0.0018
1961-06-01,IPB53122S,0.0018
1961-07-01,IPB53122S,0.0018
1961-08-01,IPB53122S,0.0019
1961-09-01,IPB53122S,0.0019
1961-10-01,IPB53122S,0.002
1961-11-01,IPB53122S,0.0021
1961-12-01,IPB53122S,0.0022
1962-01-01,IPB53122S,0.0022
1962-02-01,IPB53122S,0.0022
1962-03-01,IPB53122S,0.0023
1962-04-01,IPB53122S,0.0024
1962-05-01,IPB53122S,0.0024
1962-06-01,IPB53122S,0.0025
1962-07-01,IPB53122S,0.0026
1962-08-01,IPB53122S,0.0024
1962-09-01,IPB53122S,0.0023
1962-10-01,IPB53122S,0.0023
1962-11-01,IPB53122S,0.0023
1962-12-01,IPB53122S,0.0023
1963-01-01,IPB53122S,0.002
1963-02-01,IPB53122S,0.0023
1963-03-01,IPB53122S,0.0025
1963-04-01,IPB53122S,0.0025
1963-05-01,IPB53122S,0.0024
1963-06-01,IPB53122S,0.0026
1963-07-01,IPB53122S,0.0028
1963-08-01,IPB53122S,0.0028
1963-09-01,IPB53122S,0.0031
1963-10-01,IPB53122S,0.0029
1963-11-01,IPB53122S,0.003
1963-12-01,IPB53122S,0.003
1964-01-01,IPB53122S,0.0029
1964-02-01,IPB53122S,0.0031
1964-03-01,IPB53122S,0.0031
1964-04-01,IPB53122S,0.003
1964-05-01,IPB53122S,0.0031
1964-06-01,IPB53122S,0.0031
1964-07-01,IPB53122S,0.0028
1964-08-01,IPB53122S,0.0033
1964-09-01,IPB53122S,0.0033
1964-10-01,IPB53122S,0.0036
1964-11-01,IPB53122S,0.0039
1964-12-01,IPB53122S,0.0039
1965-01-01,IPB53122S,0.0042
1965-02-01,IPB53122S,0.0042
1965-03-01,IPB53122S,0.0041
1965-04-01,IPB53122S,0.0045
1965-05-01,IPB53122S,0.0048
1965-06-01,IPB53122S,0.0049
1965-07-01,IPB53122S,0.0053
1965-08-01,IPB53122S,0.0055
1965-09-01,IPB53122S,0.0058
1965-10-01,IPB53122S,0.0061
1965-11-01,IPB53122S,0.006
1965-12-01,IPB53122S,0.0061
1966-01-01,IPB53122S,0.0065
1966-02-01,IPB53122S,0.0064
1966-03-01,IPB53122S,0.0068
1966-04-01,IPB53122S,0.0072
1966-05-01,IPB53122S,0.0072
1966-06-01,IPB53122S,0.0073
1966-07-01,IPB53122S,0.0073
1966-08-01,IPB53122S,0.007
1966-09-01,IPB53122S,0.0077
1966-10-01,IPB53122S,0.008
1966-11-01,IPB53122S,0.0073
1966-12-01,IPB53122S,0.0079
1967-01-01,IPB53122S,0.0076
1967-02-01,IPB53122S,0.0073
1967-03-01,IPB53122S,0.0071
1967-04-01,IPB53122S,0.0068
1967-05-01,IPB53122S,0.0066
1967-06-01,IPB53122S,0.0065
1967-07-01,IPB53122S,0.0067
1967-08-01,IPB53122S,0.0068
1967-09-01,IPB53122S,0.0068
1967-10-01,IPB53122S,0.0069
1967-11-01,IPB53122S,0.0071
1967-12-01,IPB53122S,0.0072
1968-01-01,IPB53122S,0.0072
1968-02-01,IPB53122S,0.0073
1968-03-01,IPB53122S,0.0072
1968-04-01,IPB53122S,0.007
1968-05-01,IPB53122S,0.0072
1968-06-01,IPB53122S,0.0072
1968-07-01,IPB53122S,0.0073
1968-08-01,IPB53122S,0.0074
1968-09-01,IPB53122S,0.0076
1968-10-01,IPB53122S,0.0076
1968-11-01,IPB53122S,0.0078
1968-12-01,IPB53122S,0.0079
1969-01-01,IPB53122S,0.008
1969-02-01,IPB53122S,0.0082
1969-03-01,IPB53122S,0.0085
1969-04-01,IPB53122S,0.0087
1969-05-01,IPB53122S,0.009
1969-06-01,IPB53122S,0.0092
1969-07-01,IPB53122S,0.0094
1969-08-01,IPB53122S,0.0096
1969-09-01,IPB53122S,0.0098
1969-10-01,IPB53122S,0.0101
1969-11-01,IPB53122S,0.01
1969-12-01,IPB53122S,0.0101
1970-01-01,IPB53122S,0.01
1970-02-01,IPB53122S,0.01
1970-03-01,IPB53122S,0.0099
1970-04-01,IPB53122S,0.0098
1970-05-01,IPB53122S,0.0096
1970-06-01,IPB53122S,0.0094
1970-07-01,IPB53122S,0.0095
1970-08-01,IPB53122S,0.0092
1970-09-01,IPB53122S,0.0091
1970-10-01,IPB53122S,0.0089
1970-11-01,IPB53122S,0.0086
1970-12-01,IPB53122S,0.0086
1971-01-01,IPB53122S,0.0088
1971-02-01,IPB53122S,0.0089
1971-03-01,IPB53122S,0.0093
1971-04-01,IPB53122S,0.0096
1971-05-01,IPB53122S,0.0099
1971-06-01,IPB53122S,0.0101
1971-07-01,IPB53122S,0.0104
1971-08-01,IPB53122S,0.0106
1971-09-01,IPB53122S,0.0108
1971-10-01,IPB53122S,0.011
1971-11-01,IPB53122S,0.0111
1971-12-01,IPB53122S,0.0114
1972-01-01,IPB53122S,0.0121
1972-02-01,IPB53122S,0.0121
1972-03-01,IPB53122S,0.0122
1972-04-01,IPB53122S,0.0122
1972-05-01,IPB53122S,0.0123
1972-06-01,IPB53122S,0.0122
1972-07-01,IPB53122S,0.0124
1972-08-01,IPB53122S,0.0127
1972-09-01,IPB53122S,0.0132
1972-10-01,IPB53122S,0.0137
1972-11-01,IPB53122S,0.0141
1972-12-01,IPB53122S,0.0144
1973-01-01,IPB53122S,0.0149
1973-02-01,IPB53122S,0.0155
1973-03-01,IPB53122S,0.0159
1973-04-01,IPB53122S,0.0163
1973-05-01,IPB53122S,0.0164
1973-06-01,IPB53122S,0.0172
1973-07-01,IPB53122S,0.0173
1973-08-01,IPB53122S,0.0179
1973-09-01,IPB53122S,0.0179
1973-10-01,IPB53122S,0.0184
1973-11-01,IPB53122S,0.0189
1973-12-01,IPB53122S,0.0189
1974-01-01,IPB53122S,0.0194
1974-02-01,IPB53122S,0.0196
1974-03-01,IPB53122S,0.0197
1974-04-01,IPB53122S,0.0194
1974-05-01,IPB53122S,0.0192
1974-06-01,IPB53122S,0.0191
1974-07-01,IPB53122S,0.0187
1974-08-01,IPB53122S,0.0179
1974-09-01,IPB53122S,0.0178
1974-10-01,IPB53122S,0.0169
1974-11-01,IPB53122S,0.0157
1974-12-01,IPB53122S,0.015
1975-01-01,IPB53122S,0.0146
1975-02-01,IPB53122S,0.0134
1975-03-01,IPB53122S,0.0132
1975-04-01,IPB53122S,0.013
1975-05-01,IPB53122S,0.013
1975-06-01,IPB53122S,0.013
1975-07-01,IPB53122S,0.0134
1975-08-01,IPB53122S,0.0137
1975-09-01,IPB53122S,0.0141
1975-10-01,IPB53122S,0.0146
1975-11-01,IPB53122S,0.0149
1975-12-01,IPB53122S,0.0156
1976-01-01,IPB53122S,0.0157
1976-02-01,IPB53122S,0.0158
1976-03-01,IPB53122S,0.016
1976-04-01,IPB53122S,0.0166
1976-05-01,IPB53122S,0.0173
1976-06-01,IPB53122S,0.0176
1976-07-01,IPB53122S,0.0181
1976-08-01,IPB53122S,0.0187
1976-09-01,IPB53122S,0.0194
1976-10-01,IPB53122S,0.0196
1976-11-01,IPB53122S,0.02
1976-12-01,IPB53122S,0.0201
1977-01-01,IPB53122S,0.02
1977-02-01,IPB53122S,0.021
1977-03-01,IPB53122S,0.0211
1977-04-01,IPB53122S,0.0215
1977-05-01,IPB53122S,0.0218
1977-06-01,IPB53122S,0.0227
1977-07-01,IPB53122S,0.0223
1977-08-01,IPB53122S,0.0235
1977-09-01,IPB53122S,0.0239
1977-10-01,IPB53122S,0.024
1977-11-01,IPB53122S,0.0245
1977-12-01,IPB53122S,0.0246
1978-01-01,IPB53122S,0.0243
1978-02-01,IPB53122S,0.0247
1978-03-01,IPB53122S,0.0259
1978-04-01,IPB53122S,0.026
1978-05-01,IPB53122S,0.0265
1978-06-01,IPB53122S,0.0272
1978-07-01,IPB53122S,0.0277
1978-08-01,IPB53122S,0.0283
1978-09-01,IPB53122S,0.0286
1978-10-01,IPB53122S,0.0294
1978-11-01,IPB53122S,0.0305
1978-12-01,IPB53122S,0.0309
1979-01-01,IPB53122S,0.0318
1979-02-01,IPB53122S,0.0325
1979-03-01,IPB53122S,0.0329
1979-04-01,IPB53122S,0.0323
1979-05-01,IPB53122S,0.0333
1979-06-01,IPB53122S,0.0345
1979-07-01,IPB53122S,0.034
1979-08-01,IPB53122S,0.035
1979-09-01,IPB53122S,0.0358
1979-10-01,IPB53122S,0.0369
1979-11-01,IPB53122S,0.0381
1979-12-01,IPB53122S,0.0391
1980-01-01,IPB53122S,0.04
1980-02-01,IPB53122S,0.0406
1980-03-01,IPB53122S,0.0405
1980-04-01,IPB53122S,0.0414
1980-05-01,IPB53122S,0.0405
1980-06-01,IPB53122S,0.0393
1980-07-01,IPB53122S,0.0385
1980-08-01,IPB53122S,0.0393
1980-09-01,IPB53122S,0.0393
1980-10-01,IPB53122S,0.0399
1980-11-01,IPB53122S,0.0404
1980-12-01,IPB53122S,0.0416
1981-01-01,IPB53122S,0.0421
1981-02-01,IPB53122S,0.0423
1981-03-01,IPB53122S,0.0426
1981-04-01,IPB53122S,0.0438
1981-05-01,IPB53122S,0.0446
1981-06-01,IPB53122S,0.045
1981-07-01,IPB53122S,0.0442
1981-08-01,IPB53122S,0.0466
1981-09-01,IPB53122S,0.048
1981-10-01,IPB53122S,0.0491
1981-11-01,IPB53122S,0.0491
1981-12-01,IPB53122S,0.0496
1982-01-01,IPB53122S,0.0491
1982-02-01,IPB53122S,0.0512
1982-03-01,IPB53122S,0.0508
1982-04-01,IPB53122S,0.0508
1982-05-01,IPB53122S,0.0515
1982-06-01,IPB53122S,0.0523
1982-07-01,IPB53122S,0.053
1982-08-01,IPB53122S,0.0528
1982-09-01,IPB53122S,0.0524
1982-10-01,IPB53122S,0.0519
1982-11-01,IPB53122S,0.0523
1982-12-01,IPB53122S,0.0528
1983-01-01,IPB53122S,0.0533
1983-02-01,IPB53122S,0.0536
1983-03-01,IPB53122S,0.0551
1983-04-01,IPB53122S,0.056
1983-05-01,IPB53122S,0.0574
1983-06-01,IPB53122S,0.059
1983-07-01,IPB53122S,0.0608
1983-08-01,IPB53122S,0.0613
1983-09-01,IPB53122S,0.0635
1983-10-01,IPB53122S,0.0647
1983-11-01,IPB53122S,0.0663
1983-12-01,IPB53122S,0.0665
1984-01-01,IPB53122S,0.0694
1984-02-01,IPB53122S,0.0717
1984-03-01,IPB53122S,0.0737
1984-04-01,IPB53122S,0.0756
1984-05-01,IPB53122S,0.0771
1984-06-01,IPB53122S,0.0792
1984-07-01,IPB53122S,0.0811
1984-08-01,IPB53122S,0.0827
1984-09-01,IPB53122S,0.0833
1984-10-01,IPB53122S,0.0838
1984-11-01,IPB53122S,0.0843
1984-12-01,IPB53122S,0.0836
1985-01-01,IPB53122S,0.0852
1985-02-01,IPB53122S,0.0827
1985-03-01,IPB53122S,0.0815
1985-04-01,IPB53122S,0.078
1985-05-01,IPB53122S,0.0795
1985-06-01,IPB53122S,0.0796
1985-07-01,IPB53122S,0.0761
1985-08-01,IPB53122S,0.0761
1985-09-01,IPB53122S,0.0746
1985-10-01,IPB53122S,0.0745
1985-11-01,IPB53122S,0.0748
1985-12-01,IPB53122S,0.076
1986-01-01,IPB53122S,0.0762
1986-02-01,IPB53122S,0.0769
1986-03-01,IPB53122S,0.0772
1986-04-01,IPB53122S,0.0787
1986-05-01,IPB53122S,0.0791
1986-06-01,IPB53122S,0.0798
1986-07-01,IPB53122S,0.0815
1986-08-01,IPB53122S,0.0834
1986-09-01,IPB53122S,0.085
1986-10-01,IPB53122S,0.0856
1986-11-01,IPB53122S,0.0873
1986-12-01,IPB53122S,0.0902
1987-01-01,IPB53122S,0.0924
1987-02-01,IPB53122S,0.0941
1987-03-01,IPB53122S,0.095
1987-04-01,IPB53122S,0.0963
1987-05-01,IPB53122S,0.0985
1987-06-01,IPB53122S,0.1003
1987-07-01,IPB53122S,0.1033
1987-08-01,IPB53122S,0.1042
1987-09-01,IPB53122S,0.1059
1987-10-01,IPB53122S,0.1088
1987-11-01,IPB53122S,0.1093
1987-12-01,IPB53122S,0.1111
1988-01-01,IPB53122S,0.1119
1988-02-01,IPB53122S,0.1124
1988-03-01,IPB53122S,0.1125
1988-04-01,IPB53122S,0.1135
1988-05-01,IPB53122S,0.115
1988-06-01,IPB53122S,0.1168
1988-07-01,IPB53122S,0.1184
1988-08-01,IPB53122S,0.1197
1988-09-01,IPB53122S,0.1212
1988-10-01,IPB53122S,0.1225
1988-11-01,IPB53122S,0.1249
1988-12-01,IPB53122S,0.1264
1989-01-01,IPB53122S,0.1256
1989-02-01,IPB53122S,0.1247
1989-03-01,IPB53122S,0.1231
1989-04-01,IPB53122S,0.1253
1989-05-01,IPB53122S,0.126
1989-06-01,IPB53122S,0.128
1989-07-01,IPB53122S,0.1284
1989-08-01,IPB53122S,0.1324
1989-09-01,IPB53122S,0.1351
1989-10-01,IPB53122S,0.1366
1989-11-01,IPB53122S,0.138
1989-12-01,IPB53122S,0.1389
1990-01-01,IPB53122S,0.1395
1990-02-01,IPB53122S,0.1419
1990-03-01,IPB53122S,0.1444
1990-04-01,IPB53122S,0.1452
1990-05-01,IPB53122S,0.146
1990-06-01,IPB53122S,0.1475
1990-07-01,IPB53122S,0.1474
1990-08-01,IPB53122S,0.1482
1990-09-01,IPB53122S,0.1509
1990-10-01,IPB53122S,0.1523
1990-11-01,IPB53122S,0.1538
1990-12-01,IPB53122S,0.1547
1991-01-01,IPB53122S,0.1565
1991-02-01,IPB53122S,0.1601
1991-03-01,IPB53122S,0.1621
1991-04-01,IPB53122S,0.1624
1991-05-01,IPB53122S,0.1664
1991-06-01,IPB53122S,0.165
1991-07-01,IPB53122S,0.1662
1991-08-01,IPB53122S,0.168
1991-09-01,IPB53122S,0.1661
1991-10-01,IPB53122S,0.1678
1991-11-01,IPB53122S,0.1677
1991-12-01,IPB53122S,0.1697
1992-01-01,IPB53122S,0.1758
1992-02-01,IPB53122S,0.179
1992-03-01,IPB53122S,0.1821
1992-04-01,IPB53122S,0.1848
1992-05-01,IPB53122S,0.1878
1992-06-01,IPB53122S,0.1928
1992-07-01,IPB53122S,0.1982
1992-08-01,IPB53122S,0.2008
1992-09-01,IPB53122S,0.204
1992-10-01,IPB53122S,0.2103
1992-11-01,IPB53122S,0.2149
1992-12-01,IPB53122S,0.2146
1993-01-01,IPB53122S,0.2128
1993-02-01,IPB53122S,0.215
1993-03-01,IPB53122S,0.2176
1993-04-01,IPB53122S,0.2182
1993-05-01,IPB53122S,0.2212
1993-06-01,IPB53122S,0.2254
1993-07-01,IPB53122S,0.2269
1993-08-01,IPB53122S,0.2303
1993-09-01,IPB53122S,0.2332
1993-10-01,IPB53122S,0.236
1993-11-01,IPB53122S,0.2399
1993-12-01,IPB53122S,0.2475
1994-01-01,IPB53122S,0.2558
1994-02-01,IPB53122S,0.2601
1994-03-01,IPB53122S,0.2706
1994-04-01,IPB53122S,0.2861
1994-05-01,IPB53122S,0.2958
1994-06-01,IPB53122S,0.3017
1994-07-01,IPB53122S,0.3114
1994-08-01,IPB53122S,0.3214
1994-09-01,IPB53122S,0.3338
1994-10-01,IPB53122S,0.3459
1994-11-01,IPB53122S,0.3574
1994-12-01,IPB53122S,0.3717
1995-01-01,IPB53122S,0.3842
1995-02-01,IPB53122S,0.3956
1995-03-01,IPB53122S,0.4131
1995-04-01,IPB53122S,0.4298
1995-05-01,IPB53122S,0.4461
1995-06-01,IPB53122S,0.4564
1995-07-01,IPB53122S,0.4639
1995-08-01,IPB53122S,0.4874
1995-09-01,IPB53122S,0.5123
1995-10-01,IPB53122S,0.5304
1995-11-01,IPB53122S,0.5456
1995-12-01,IPB53122S,0.5774
1996-01-01,IPB53122S,0.6106
1996-02-01,IPB53122S,0.6485
1996-03-01,IPB53122S,0.6694
1996-04-01,IPB53122S,0.6876
1996-05-01,IPB53122S,0.7103
1996-06-01,IPB53122S,0.7316
1996-07-01,IPB53122S,0.7598
1996-08-01,IPB53122S,0.7907
1996-09-01,IPB53122S,0.826
1996-10-01,IPB53122S,0.8684
1996-11-01,IPB53122S,0.8948
1996-12-01,IPB53122S,0.9159
1997-01-01,IPB53122S,0.9429
1997-02-01,IPB53122S,0.9967
1997-03-01,IPB53122S,1.0395
1997-04-01,IPB53122S,1.0692
1997-05-01,IPB53122S,1.1181
1997-06-01,IPB53122S,1.1529
1997-07-01,IPB53122S,1.179
1997-08-01,IPB53122S,1.2498
1997-09-01,IPB53122S,1.3198
1997-10-01,IPB53122S,1.365
1997-11-01,IPB53122S,1.4137
1997-12-01,IPB53122S,1.4567
1998-01-01,IPB53122S,1.4953
1998-02-01,IPB53122S,1.5108
1998-03-01,IPB53122S,1.5567
1998-04-01,IPB53122S,1.6255
1998-05-01,IPB53122S,1.6612
1998-06-01,IPB53122S,1.7416
1998-07-01,IPB53122S,1.8443
1998-08-01,IPB53122S,1.9499
1998-09-01,IPB53122S,2.0754
1998-10-01,IPB53122S,2.1971
1998-11-01,IPB53122S,2.2956
1998-12-01,IPB53122S,2.3974
1999-01-01,IPB53122S,2.5159
1999-02-01,IPB53122S,2.6578
1999-03-01,IPB53122S,2.7695
1999-04-01,IPB53122S,2.9001
1999-05-01,IPB53122S,3.0016
1999-06-01,IPB53122S,3.1406
1999-07-01,IPB53122S,3.3226
1999-08-01,IPB53122S,3.3303
1999-09-01,IPB53122S,3.316
1999-10-01,IPB53122S,3.4435
1999-11-01,IPB53122S,3.5989
1999-12-01,IPB53122S,3.7129
2000-01-01,IPB53122S,3.8242
2000-02-01,IPB53122S,3.9538
2000-03-01,IPB53122S,4.1437
2000-04-01,IPB53122S,4.3987
2000-05-01,IPB53122S,4.6495
2000-06-01,IPB53122S,4.8245
2000-07-01,IPB53122S,5.0148
2000-08-01,IPB53122S,5.1304
2000-09-01,IPB53122S,5.2296
2000-10-01,IPB53122S,5.3454
2000-11-01,IPB53122S,5.6206
2000-12-01,IPB53122S,5.8121
2001-01-01,IPB53122S,5.7257
2001-02-01,IPB53122S,5.7342
2001-03-01,IPB53122S,5.8272
2001-04-01,IPB53122S,5.7419
2001-05-01,IPB53122S,5.6638
2001-06-01,IPB53122S,5.6131
2001-07-01,IPB53122S,5.4644
2001-08-01,IPB53122S,5.5089
2001-09-01,IPB53122S,5.7111
2001-10-01,IPB53122S,5.857
2001-11-01,IPB53122S,5.9007
2001-12-01,IPB53122S,6.1164
2002-01-01,IPB53122S,6.3178
2002-02-01,IPB53122S,6.5439
2002-03-01,IPB53122S,6.7314
2002-04-01,IPB53122S,6.9512
2002-05-01,IPB53122S,7.0835
2002-06-01,IPB53122S,7.2344
2002-07-01,IPB53122S,7.3963
2002-08-01,IPB53122S,7.5116
2002-09-01,IPB53122S,7.6126
2002-10-01,IPB53122S,7.7435
2002-11-01,IPB53122S,7.8934
2002-12-01,IPB53122S,7.9948
2003-01-01,IPB53122S,8.2067
2003-02-01,IPB53122S,8.4529
2003-03-01,IPB53122S,8.676
2003-04-01,IPB53122S,8.9298
2003-05-01,IPB53122S,9.2791
2003-06-01,IPB53122S,9.6911
2003-07-01,IPB53122S,10.2447
2003-08-01,IPB53122S,10.63
2003-09-01,IPB53122S,11.0939
2003-10-01,IPB53122S,11.5845
2003-11-01,IPB53122S,11.852
2003-12-01,IPB53122S,11.9937
2004-01-01,IPB53122S,12.214
2004-02-01,IPB53122S,12.5692
2004-03-01,IPB53122S,12.9017
2004-04-01,IPB53122S,13.1368
2004-05-01,IPB53122S,13.4519
2004-06-01,IPB53122S,13.6321
2004-07-01,IPB53122S,13.5925
2004-08-01,IPB53122S,13.7055
2004-09-01,IPB53122S,13.9802
2004-10-01,IPB53122S,14.132
2004-11-01,IPB53122S,14.2041
2004-12-01,IPB53122S,14.4964
2005-01-01,IPB53122S,15.1064
2005-02-01,IPB53122S,15.5615
2005-03-01,IPB53122S,15.8473
2005-04-01,IPB53122S,16.3077
2005-05-01,IPB53122S,16.5451
2005-06-01,IPB53122S,16.6198
2005-07-01,IPB53122S,16.8462
2005-08-01,IPB53122S,17.2688
2005-09-01,IPB53122S,17.8727
2005-10-01,IPB53122S,18.2454
2005-11-01,IPB53122S,18.3095
2005-12-01,IPB53122S,18.4353
2006-01-01,IPB53122S,18.6578
2006-02-01,IPB53122S,18.8265
2006-03-01,IPB53122S,18.6596
2006-04-01,IPB53122S,18.5237
2006-05-01,IPB53122S,18.6315
2006-06-01,IPB53122S,18.7664
2006-07-01,IPB53122S,18.8488
2006-08-01,IPB53122S,19.5032
2006-09-01,IPB53122S,20.0895
2006-10-01,IPB53122S,20.4337
2006-11-01,IPB53122S,20.6995
2006-12-01,IPB53122S,20.9612
2007-01-01,IPB53122S,21.1248
2007-02-01,IPB53122S,21.5223
2007-03-01,IPB53122S,22.436
2007-04-01,IPB53122S,23.3727
2007-05-01,IPB53122S,23.8352
2007-06-01,IPB53122S,24.5585
2007-07-01,IPB53122S,25.5175
2007-08-01,IPB53122S,25.9677
2007-09-01,IPB53122S,26.5675
2007-10-01,IPB53122S,27.7376
2007-11-01,IPB53122S,28.8679
2007-12-01,IPB53122S,29.9475
2008-01-01,IPB53122S,30.1177
2008-02-01,IPB53122S,31.2488
2008-03-01,IPB53122S,32.2028
2008-04-01,IPB53122S,32.2787
2008-05-01,IPB53122S,32.6433
2008-06-01,IPB53122S,32.8385
2008-07-01,IPB53122S,31.9656
2008-08-01,IPB53122S,31.6705
2008-09-01,IPB53122S,31.1447
2008-10-01,IPB53122S,28.9068
2008-11-01,IPB53122S,25.8646
2008-12-01,IPB53122S,22.8334
2009-01-01,IPB53122S,22.0343
2009-02-01,IPB53122S,22.8441
2009-03-01,IPB53122S,23.913
2009-04-01,IPB53122S,24.7332
2009-05-01,IPB53122S,25.5275
2009-06-01,IPB53122S,26.1622
2009-07-01,IPB53122S,27.4351
2009-08-01,IPB53122S,28.3187
2009-09-01,IPB53122S,29.5858
2009-10-01,IPB53122S,30.6717
2009-11-01,IPB53122S,31.8411
2009-12-01,IPB53122S,32.0448
2010-01-01,IPB53122S,33.7322
2010-02-01,IPB53122S,35.7536
2010-03-01,IPB53122S,37.5441
2010-04-01,IPB53122S,39.0069
2010-05-01,IPB53122S,40.0477
2010-06-01,IPB53122S,40.3856
2010-07-01,IPB53122S,41.1499
2010-08-01,IPB53122S,42.0441
2010-09-01,IPB53122S,42.748
2010-10-01,IPB53122S,43.6667
2010-11-01,IPB53122S,45.3778
2010-12-01,IPB53122S,47.5546
2011-01-01,IPB53122S,49.019
2011-02-01,IPB53122S,49.1393
2011-03-01,IPB53122S,48.7506
2011-04-01,IPB53122S,48.5322
2011-05-01,IPB53122S,48.9391
2011-06-01,IPB53122S,49.2931
2011-07-01,IPB53122S,49.342
2011-08-01,IPB53122S,50.5057
2011-09-01,IPB53122S,50.6201
2011-10-01,IPB53122S,50.4568
2011-11-01,IPB53122S,50.7527
2011-12-01,IPB53122S,51.5848
2012-01-01,IPB53122S,52.3434
2012-02-01,IPB53122S,53.6647
2012-03-01,IPB53122S,54.4741
2012-04-01,IPB53122S,55.2056
2012-05-01,IPB53122S,56.1614
2012-06-01,IPB53122S,57.0836
2012-07-01,IPB53122S,56.6396
2012-08-01,IPB53122S,55.7956
2012-09-01,IPB53122S,56.9528
2012-10-01,IPB53122S,58.3273
2012-11-01,IPB53122S,57.9806
2012-12-01,IPB53122S,58.276
2013-01-01,IPB53122S,58.1864
2013-02-01,IPB53122S,58.1349
2013-03-01,IPB53122S,58.6516
2013-04-01,IPB53122S,59.884
2013-05-01,IPB53122S,60.6852
2013-06-01,IPB53122S,61.5946
2013-07-01,IPB53122S,62.85
2013-08-01,IPB53122S,64.0812
2013-09-01,IPB53122S,64.8199
2013-10-01,IPB53122S,66.6476
2013-11-01,IPB53122S,68.4382
2013-12-01,IPB53122S,69.8379
2014-01-01,IPB53122S,71.8338
2014-02-01,IPB53122S,74.3339
2014-03-01,IPB53122S,76.4107
2014-04-01,IPB53122S,78.3018
2014-05-01,IPB53122S,80.3546
2014-06-01,IPB53122S,81.1773
2014-07-01,IPB53122S,81.4431
2014-08-01,IPB53122S,81.2871
2014-09-01,IPB53122S,81.2173
2014-10-01,IPB53122S,80.7258
2014-11-01,IPB53122S,80.2229
2014-12-01,IPB53122S,80.1476
2015-01-01,IPB53122S,80.1115
2015-02-01,IPB53122S,79.7089
2015-03-01,IPB53122S,78.7264
2015-04-01,IPB53122S,78.0287
2015-05-01,IPB53122S,77.5113
2015-06-01,IPB53122S,77.7173
2015-07-01,IPB53122S,76.9416
2015-08-01,IPB53122S,77.322
2015-09-01,IPB53122S,78.0291
2015-10-01,IPB53122S,78.3102
2015-11-01,IPB53122S,78.8821
2015-12-01,IPB53122S,80.4547
2016-01-01,IPB53122S,80.624
2016-02-01,IPB53122S,81.3226
2016-03-01,IPB53122S,81.7675
2016-04-01,IPB53122S,82.955
2016-05-01,IPB53122S,84.4468
2016-06-01,IPB53122S,85.9828
2016-07-01,IPB53122S,88.403
2016-08-01,IPB53122S,89.99
2016-09-01,IPB53122S,91.7511
2016-10-01,IPB53122S,93.6898
2016-11-01,IPB53122S,94.4096
2016-12-01,IPB53122S,94.991
2017-01-01,IPB53122S,95.6996
2017-02-01,IPB53122S,96.8644
2017-03-01,IPB53122S,97.9667
2017-04-01,IPB53122S,99.4458
2017-05-01,IPB53122S,100.1456
2017-06-01,IPB53122S,100.2831
2017-07-01,IPB53122S,100.1293
2017-08-01,IPB53122S,100.1895
2017-09-01,IPB53122S,100.7648
2017-10-01,IPB53122S,101.5288
2017-11-01,IPB53122S,102.7545
2017-12-01,IPB53122S,104.2279
2018-01-01,IPB53122S,105.3186
2018-02-01,IPB53122S,105.0084
2018-03-01,IPB53122S,104.7029
2018-04-01,IPB53122S,105.6117
2018-05-01,IPB53122S,105.8783
2018-06-01,IPB53122S,106.8108
2018-07-01,IPB53122S,106.8383
2018-08-01,IPB53122S,106.8009
2018-09-01,IPB53122S,105.7947
2018-10-01,IPB53122S,104.4552
2018-11-01,IPB53122S,103.2209
2018-12-01,IPB53122S,102.1217
2019-01-01,IPB53122S,101.8818
2019-02-01,IPB53122S,103.1751
2019-03-01,IPB53122S,103.9548
2019-04-01,IPB53122S,104.9363
2019-05-01,IPB53122S,105.3309
2019-06-01,IPB53122S,106.1206
2019-07-01,IPB53122S,107.4128
2019-08-01,IPB53122S,109.0928
2019-09-01,IPB53122S,108.7969
2019-10-01,IPB53122S,108.9329
2019-11-01,IPB53122S,111.2914
2019-12-01,IPB53122S,113.7337
2020-01-01,IPB53122S,112.4892
2020-02-01,IPB53122S,110.5394
2020-03-01,IPB53122S,111.0584
2020-04-01,IPB53122S,108.627
2020-05-01,IPB53122S,108.1308
2020-06-01,IPB53122S,110.2709
2020-07-01,IPB53122S,112.2976
2020-08-01,IPB53122S,113.4444
2020-09-01,IPB53122S,116.9728
2020-10-01,IPB53122S,121.5272
2020-11-01,IPB53122S,123.026
2020-12-01,IPB53122S,122.6249
2021-01-01,IPB53122S,122.5563
2021-02-01,IPB53122S,120.8549
2021-03-01,IPB53122S,121.0571
2021-04-01,IPB53122S,123.8447
2021-05-01,IPB53122S,126.2187
2021-06-01,IPB53122S,122.867
2021-07-01,IPB53122S,118.5003
2021-08-01,IPB53122S,118.6605
2021-09-01,IPB53122S,119.0291
2021-10-01,IPB53122S,121.5124
2021-11-01,IPB53122S,124.6972
2021-12-01,IPB53122S,126.0997
2022-01-01,IPB53122S,128.1396
2022-02-01,IPB53122S,131.6216
2022-03-01,IPB53122S,132.3046
2022-04-01,IPB53122S,130.6544
2022-05-01,IPB53122S,131.2535
2022-06-01,IPB53122S,132.9365
2022-07-01,IPB53122S,133.5663
2022-08-01,IPB53122S,133.6247
2022-09-01,IPB53122S,134.1355
2022-10-01,IPB53122S,133.0217
2022-11-01,IPB53122S,131.6678
2022-12-01,IPB53122S,129.3593
2023-01-01,IPB53122S,128.2705
2023-02-01,IPB53122S,128.6655
2023-03-01,IPB53122S,128.5615
2023-04-01,IPB53122S,131.1037
2023-05-01,IPB53122S,132.0769
2023-06-01,IPB53122S,132.9548
2023-07-01,IPB53122S,132.6844
2023-08-01,IPB53122S,132.1756
2023-09-01,IPB53122S,132.3021
2023-10-01,IPB53122S,134.4001
2023-11-01,IPB53122S,136.0805
2023-12-01,IPB53122S,137.7923
2024-01-01,IPB53122S,138.6867
2024-02-01,IPB53122S,138.0412
2024-03-01,IPB53122S,139.2916
2024-04-01,IPB53122S,142.4464
2024-05-01,IPB53122S,144.4501
2024-06-01,IPB53122S,143.517
2024-07-01,IPB53122S,144.1713
2024-08-01,IPB53122S,148.228
2024-09-01,IPB53122S,150.6738
2024-10-01,IPB53122S,151.6731
2024-11-01,IPB53122S,151.9804
2024-12-01,IPB53122S,153.8061
2025-01-01,IPB53122S,159.1412
2025-02-01,IPB53122S,162.2637
2025-03-01,IPB53122S,164.3237
2025-04-01,IPB53122S,165.3617
2025-05-01,IPB53122S,165.6791
2025-06-01,IPB53122S,167.1942
2025-07-01,IPB53122S,172.1753
2025-08-01,IPB53122S,172.8262
2025-09-01,IPB53122S,173.1665
2025-10-01,IPB53122S,176.3751
2025-11-01,IPB53122S,178.2095
2025-12-01,IPB53122S,181.0264
2026-01-01,IPB53122S,186.72
2026-02-01,IPB53122S,189.0681
2026-03-01,IPB53122S,190.181
2026-04-01,IPB53122S,195.2806
2026-05-01,IPB53122S,203.1731
2026-06-01,IPB53122S,208.6745
2026-07-01,IPB53122S,211.3919
2026-08-01,IPB53122S,211.4434
1972-01-01,CAPUTLG3344S,82.6412
1972-02-01,CAPUTLG3344S,80.6548
1972-03-01,CAPUTLG3344S,79.9632
1972-04-01,CAPUTLG3344S,80.4771
1972-05-01,CAPUTLG3344S,79.9251
1972-06-01,CAPUTLG3344S,78.2425
1972-07-01,CAPUTLG3344S,80.1018
1972-08-01,CAPUTLG3344S,79.6651
1972-09-01,CAPUTLG3344S,80.8839
1972-10-01,CAPUTLG3344S,82.2065
1972-11-01,CAPUTLG3344S,84.5125
1972-12-01,CAPUTLG3344S,88.6275
1973-01-01,CAPUTLG3344S,86.9462
1973-02-01,CAPUTLG3344S,88.7149
1973-03-01,CAPUTLG3344S,88.7433
1973-04-01,CAPUTLG3344S,88.2637
1973-05-01,CAPUTLG3344S,87.0922
1973-06-01,CAPUTLG3344S,91.7789
1973-07-01,CAPUTLG3344S,84.432
1973-08-01,CAPUTLG3344S,88.0665
1973-09-01,CAPUTLG3344S,87.0846
1973-10-01,CAPUTLG3344S,89.6111
1973-11-01,CAPUTLG3344S,90.8282
1973-12-01,CAPUTLG3344S,91.0373
1974-01-01,CAPUTLG3344S,90.6848
1974-02-01,CAPUTLG3344S,91.2152
1974-03-01,CAPUTLG3344S,90.5628
1974-04-01,CAPUTLG3344S,88.8357
1974-05-01,CAPUTLG3344S,86.8597
1974-06-01,CAPUTLG3344S,86.4838
1974-07-01,CAPUTLG3344S,83.9051
1974-08-01,CAPUTLG3344S,80.226
1974-09-01,CAPUTLG3344S,80.9781
1974-10-01,CAPUTLG3344S,79.4652
1974-11-01,CAPUTLG3344S,72.831
1974-12-01,CAPUTLG3344S,69.4349
1975-01-01,CAPUTLG3344S,67.6484
1975-02-01,CAPUTLG3344S,62.6167
1975-03-01,CAPUTLG3344S,62.1369
1975-04-01,CAPUTLG3344S,59.9891
1975-05-01,CAPUTLG3344S,61.4902
1975-06-01,CAPUTLG3344S,60.1431
1975-07-01,CAPUTLG3344S,62.7694
1975-08-01,CAPUTLG3344S,63.4973
1975-09-01,CAPUTLG3344S,64.5819
1975-10-01,CAPUTLG3344S,64.6031
1975-11-01,CAPUTLG3344S,64.3586
1975-12-01,CAPUTLG3344S,66.0233
1976-01-01,CAPUTLG3344S,65.7439
1976-02-01,CAPUTLG3344S,64.4497
1976-03-01,CAPUTLG3344S,64.8559
1976-04-01,CAPUTLG3344S,66.3021
1976-05-01,CAPUTLG3344S,68.9548
1976-06-01,CAPUTLG3344S,68.1899
1976-07-01,CAPUTLG3344S,68.3332
1976-08-01,CAPUTLG3344S,69.7002
1976-09-01,CAPUTLG3344S,71.2416
1976-10-01,CAPUTLG3344S,72.018
1976-11-01,CAPUTLG3344S,72.0521
1976-12-01,CAPUTLG3344S,71.8169
1977-01-01,CAPUTLG3344S,71.8896
1977-02-01,CAPUTLG3344S,74.92
1977-03-01,CAPUTLG3344S,73.9311
1977-04-01,CAPUTLG3344S,74.8327
1977-05-01,CAPUTLG3344S,75.325
1977-06-01,CAPUTLG3344S,77.771
1977-07-01,CAPUTLG3344S,76.5245
1977-08-01,CAPUTLG3344S,78.9146
1977-09-01,CAPUTLG3344S,79.187
1977-10-01,CAPUTLG3344S,78.4758
1977-11-01,CAPUTLG3344S,79.845
1977-12-01,CAPUTLG3344S,78.8535
1978-01-01,CAPUTLG3344S,77.1882
1978-02-01,CAPUTLG3344S,76.9213
1978-03-01,CAPUTLG3344S,79.9978
1978-04-01,CAPUTLG3344S,79.0346
1978-05-01,CAPUTLG3344S,79.3069
1978-06-01,CAPUTLG3344S,80.6594
1978-07-01,CAPUTLG3344S,80.0292
1978-08-01,CAPUTLG3344S,81.1804
1978-09-01,CAPUTLG3344S,81.2757
1978-10-01,CAPUTLG3344S,82.2025
1978-11-01,CAPUTLG3344S,83.2795
1978-12-01,CAPUTLG3344S,83.5187
1979-01-01,CAPUTLG3344S,84.0301
1979-02-01,CAPUTLG3344S,85.325
1979-03-01,CAPUTLG3344S,84.8986
1979-04-01,CAPUTLG3344S,81.7201
1979-05-01,CAPUTLG3344S,83.3355
1979-06-01,CAPUTLG3344S,85.6518
1979-07-01,CAPUTLG3344S,83.2414
1979-08-01,CAPUTLG3344S,84.4576
1979-09-01,CAPUTLG3344S,84.7655
1979-10-01,CAPUTLG3344S,86.2342
1979-11-01,CAPUTLG3344S,88.1835
1979-12-01,CAPUTLG3344S,89.679
1980-01-01,CAPUTLG3344S,90.3247
1980-02-01,CAPUTLG3344S,90.0275
1980-03-01,CAPUTLG3344S,88.8957
1980-04-01,CAPUTLG3344S,89.1359
1980-05-01,CAPUTLG3344S,86.7389
1980-06-01,CAPUTLG3344S,83.1726
1980-07-01,CAPUTLG3344S,80.989
1980-08-01,CAPUTLG3344S,81.0436
1980-09-01,CAPUTLG3344S,80.5426
1980-10-01,CAPUTLG3344S,81.2137
1980-11-01,CAPUTLG3344S,81.2996
1980-12-01,CAPUTLG3344S,82.2939
1981-01-01,CAPUTLG3344S,81.8981
1981-02-01,CAPUTLG3344S,81.6504
1981-03-01,CAPUTLG3344S,81.2265
1981-04-01,CAPUTLG3344S,82.1695
1981-05-01,CAPUTLG3344S,82.1985
1981-06-01,CAPUTLG3344S,82.5645
1981-07-01,CAPUTLG3344S,80.9002
1981-08-01,CAPUTLG3344S,83.9761
1981-09-01,CAPUTLG3344S,85.4873
1981-10-01,CAPUTLG3344S,85.6848
1981-11-01,CAPUTLG3344S,84.6023
1981-12-01,CAPUTLG3344S,84.4042
1982-01-01,CAPUTLG3344S,82.1039
1982-02-01,CAPUTLG3344S,85.2987
1982-03-01,CAPUTLG3344S,83.6065
1982-04-01,CAPUTLG3344S,83.2765
1982-05-01,CAPUTLG3344S,83.2533
1982-06-01,CAPUTLG3344S,84.1464
1982-07-01,CAPUTLG3344S,83.3367
1982-08-01,CAPUTLG3344S,82.1866
1982-09-01,CAPUTLG3344S,80.8889
1982-10-01,CAPUTLG3344S,79.1036
1982-11-01,CAPUTLG3344S,78.4965
1982-12-01,CAPUTLG3344S,78.0771
1983-01-01,CAPUTLG3344S,79.1623
1983-02-01,CAPUTLG3344S,78.2432
1983-03-01,CAPUTLG3344S,79.3183
1983-04-01,CAPUTLG3344S,79.6981
1983-05-01,CAPUTLG3344S,80.9641
1983-06-01,CAPUTLG3344S,81.9328
1983-07-01,CAPUTLG3344S,84.4705
1983-08-01,CAPUTLG3344S,82.7319
1983-09-01,CAPUTLG3344S,85.4408
1983-10-01,CAPUTLG3344S,86.2581
1983-11-01,CAPUTLG3344S,86.9968
1983-12-01,CAPUTLG3344S,86.5755
1984-01-01,CAPUTLG3344S,89.0148
1984-02-01,CAPUTLG3344S,90.165
1984-03-01,CAPUTLG3344S,90.6302
1984-04-01,CAPUTLG3344S,91.7491
1984-05-01,CAPUTLG3344S,91.6709
1984-06-01,CAPUTLG3344S,92.3358
1984-07-01,CAPUTLG3344S,93.0479
1984-08-01,CAPUTLG3344S,93.1478
1984-09-01,CAPUTLG3344S,91.7903
1984-10-01,CAPUTLG3344S,91.646
1984-11-01,CAPUTLG3344S,90.7886
1984-12-01,CAPUTLG3344S,88.6642
1985-01-01,CAPUTLG3344S,88.9567
1985-02-01,CAPUTLG3344S,85.8293
1985-03-01,CAPUTLG3344S,83.8714
1985-04-01,CAPUTLG3344S,79.548
1985-05-01,CAPUTLG3344S,79.6668
1985-06-01,CAPUTLG3344S,78.6337
1985-07-01,CAPUTLG3344S,74.3603
1985-08-01,CAPUTLG3344S,73.2425
1985-09-01,CAPUTLG3344S,71.0716
1985-10-01,CAPUTLG3344S,69.9875
1985-11-01,CAPUTLG3344S,69.6549
1985-12-01,CAPUTLG3344S,69.8173
1986-01-01,CAPUTLG3344S,69.6094
1986-02-01,CAPUTLG3344S,69.7388
1986-03-01,CAPUTLG3344S,69.6516
1986-04-01,CAPUTLG3344S,70.3604
1986-05-01,CAPUTLG3344S,69.6086
1986-06-01,CAPUTLG3344S,67.5088
1986-07-01,CAPUTLG3344S,70.999
1986-08-01,CAPUTLG3344S,72.1309
1986-09-01,CAPUTLG3344S,73.0771
1986-10-01,CAPUTLG3344S,72.9813
1986-11-01,CAPUTLG3344S,74.0354
1986-12-01,CAPUTLG3344S,75.6992
1987-01-01,CAPUTLG3344S,76.7048
1987-02-01,CAPUTLG3344S,77.3445
1987-03-01,CAPUTLG3344S,77.3615
1987-04-01,CAPUTLG3344S,77.7008
1987-05-01,CAPUTLG3344S,79.2088
1987-06-01,CAPUTLG3344S,79.864
1987-07-01,CAPUTLG3344S,81.3343
1987-08-01,CAPUTLG3344S,81.2354
1987-09-01,CAPUTLG3344S,81.9864
1987-10-01,CAPUTLG3344S,82.7951
1987-11-01,CAPUTLG3344S,82.1212
1987-12-01,CAPUTLG3344S,82.6535
1988-01-01,CAPUTLG3344S,81.87
1988-02-01,CAPUTLG3344S,81.4591
1988-03-01,CAPUTLG3344S,80.643
1988-04-01,CAPUTLG3344S,80.4962
1988-05-01,CAPUTLG3344S,80.7825
1988-06-01,CAPUTLG3344S,81.1573
1988-07-01,CAPUTLG3344S,81.4162
1988-08-01,CAPUTLG3344S,81.7656
1988-09-01,CAPUTLG3344S,81.6471
1988-10-01,CAPUTLG3344S,81.6368
1988-11-01,CAPUTLG3344S,82.2259
1988-12-01,CAPUTLG3344S,82.4942
1989-01-01,CAPUTLG3344S,81.0194
1989-02-01,CAPUTLG3344S,79.7899
1989-03-01,CAPUTLG3344S,78.5787
1989-04-01,CAPUTLG3344S,79.3677
1989-05-01,CAPUTLG3344S,78.7581
1989-06-01,CAPUTLG3344S,79.3971
1989-07-01,CAPUTLG3344S,78.9774
1989-08-01,CAPUTLG3344S,80.1302
1989-09-01,CAPUTLG3344S,80.2462
1989-10-01,CAPUTLG3344S,80.7531
1989-11-01,CAPUTLG3344S,80.3606
1989-12-01,CAPUTLG3344S,80.1584
1990-01-01,CAPUTLG3344S,80.1021
1990-02-01,CAPUTLG3344S,80.4341
1990-03-01,CAPUTLG3344S,80.7494
1990-04-01,CAPUTLG3344S,80.4001
1990-05-01,CAPUTLG3344S,79.6555
1990-06-01,CAPUTLG3344S,79.4633
1990-07-01,CAPUTLG3344S,78.6237
1990-08-01,CAPUTLG3344S,78.3867
1990-09-01,CAPUTLG3344S,78.9884
1990-10-01,CAPUTLG3344S,78.6006
1990-11-01,CAPUTLG3344S,78.9788
1990-12-01,CAPUTLG3344S,78.8659
1991-01-01,CAPUTLG3344S,79.252
1991-02-01,CAPUTLG3344S,80.3097
1991-03-01,CAPUTLG3344S,80.5984
1991-04-01,CAPUTLG3344S,80.6182
1991-05-01,CAPUTLG3344S,81.7539
1991-06-01,CAPUTLG3344S,80.703
1991-07-01,CAPUTLG3344S,81.4389
1991-08-01,CAPUTLG3344S,81.6089
1991-09-01,CAPUTLG3344S,80.6335
1991-10-01,CAPUTLG3344S,80.8892
1991-11-01,CAPUTLG3344S,80.72
1991-12-01,CAPUTLG3344S,81.2832
1992-01-01,CAPUTLG3344S,82.1197
1992-02-01,CAPUTLG3344S,81.5278
1992-03-01,CAPUTLG3344S,81.0672
1992-04-01,CAPUTLG3344S,80.6755
1992-05-01,CAPUTLG3344S,80.2895
1992-06-01,CAPUTLG3344S,81.4324
1992-07-01,CAPUTLG3344S,81.9253
1992-08-01,CAPUTLG3344S,81.2902
1992-09-01,CAPUTLG3344S,81.4856
1992-10-01,CAPUTLG3344S,82.4907
1992-11-01,CAPUTLG3344S,83.0314
1992-12-01,CAPUTLG3344S,82.0127
1993-01-01,CAPUTLG3344S,80.2551
1993-02-01,CAPUTLG3344S,80.1988
1993-03-01,CAPUTLG3344S,80.1333
1993-04-01,CAPUTLG3344S,79.6596
1993-05-01,CAPUTLG3344S,79.8275
1993-06-01,CAPUTLG3344S,80.5937
1993-07-01,CAPUTLG3344S,80.2468
1993-08-01,CAPUTLG3344S,80.4144
1993-09-01,CAPUTLG3344S,80.1323
1993-10-01,CAPUTLG3344S,79.8439
1993-11-01,CAPUTLG3344S,79.5353
1993-12-01,CAPUTLG3344S,80.4969
1994-01-01,CAPUTLG3344S,81.8879
1994-02-01,CAPUTLG3344S,81.8825
1994-03-01,CAPUTLG3344S,83.8892
1994-04-01,CAPUTLG3344S,86.4304
1994-05-01,CAPUTLG3344S,87.3614
1994-06-01,CAPUTLG3344S,87.0119
1994-07-01,CAPUTLG3344S,87.5518
1994-08-01,CAPUTLG3344S,88.1524
1994-09-01,CAPUTLG3344S,89.2412
1994-10-01,CAPUTLG3344S,90.0922
1994-11-01,CAPUTLG3344S,90.6409
1994-12-01,CAPUTLG3344S,91.7233
1995-01-01,CAPUTLG3344S,91.5587
1995-02-01,CAPUTLG3344S,91.6804
1995-03-01,CAPUTLG3344S,92.8909
1995-04-01,CAPUTLG3344S,92.7674
1995-05-01,CAPUTLG3344S,92.987
1995-06-01,CAPUTLG3344S,92.0312
1995-07-01,CAPUTLG3344S,89.6566
1995-08-01,CAPUTLG3344S,90.6184
1995-09-01,CAPUTLG3344S,91.39
1995-10-01,CAPUTLG3344S,89.9322
1995-11-01,CAPUTLG3344S,88.2068
1995-12-01,CAPUTLG3344S,88.4399
1996-01-01,CAPUTLG3344S,88.4377
1996-02-01,CAPUTLG3344S,88.9349
1996-03-01,CAPUTLG3344S,86.9877
1996-04-01,CAPUTLG3344S,84.6603
1996-05-01,CAPUTLG3344S,83.295
1996-06-01,CAPUTLG3344S,81.5236
1996-07-01,CAPUTLG3344S,80.7683
1996-08-01,CAPUTLG3344S,80.584
1996-09-01,CAPUTLG3344S,80.7313
1996-10-01,CAPUTLG3344S,81.7744
1996-11-01,CAPUTLG3344S,81.4834
1996-12-01,CAPUTLG3344S,80.7979
1997-01-01,CAPUTLG3344S,80.7539
1997-02-01,CAPUTLG3344S,82.908
1997-03-01,CAPUTLG3344S,84.2314
1997-04-01,CAPUTLG3344S,84.7826
1997-05-01,CAPUTLG3344S,86.4633
1997-06-01,CAPUTLG3344S,86.6491
1997-07-01,CAPUTLG3344S,86.1751
1997-08-01,CAPUTLG3344S,87.7823
1997-09-01,CAPUTLG3344S,88.7927
1997-10-01,CAPUTLG3344S,87.84
1997-11-01,CAPUTLG3344S,86.8621
1997-12-01,CAPUTLG3344S,84.836
1998-01-01,CAPUTLG3344S,82.9443
1998-02-01,CAPUTLG3344S,78.9631
1998-03-01,CAPUTLG3344S,76.536
1998-04-01,CAPUTLG3344S,75.458
1998-05-01,CAPUTLG3344S,72.6803
1998-06-01,CAPUTLG3344S,72.2237
1998-07-01,CAPUTLG3344S,72.9579
1998-08-01,CAPUTLG3344S,73.6544
1998-09-01,CAPUTLG3344S,75.2929
1998-10-01,CAPUTLG3344S,76.6536
1998-11-01,CAPUTLG3344S,76.9985
1998-12-01,CAPUTLG3344S,78.0065
1999-01-01,CAPUTLG3344S,79.1057
1999-02-01,CAPUTLG3344S,81.1009
1999-03-01,CAPUTLG3344S,82.2001
1999-04-01,CAPUTLG3344S,83.7481
1999-05-01,CAPUTLG3344S,84.433
1999-06-01,CAPUTLG3344S,86.1347
1999-07-01,CAPUTLG3344S,89.6026
1999-08-01,CAPUTLG3344S,86.7617
1999-09-01,CAPUTLG3344S,84.5199
1999-10-01,CAPUTLG3344S,84.8698
1999-11-01,CAPUTLG3344S,86.1061
1999-12-01,CAPUTLG3344S,86.1195
2000-01-01,CAPUTLG3344S,86.313
2000-02-01,CAPUTLG3344S,86.2207
2000-03-01,CAPUTLG3344S,87.7378
2000-04-01,CAPUTLG3344S,89.4893
2000-05-01,CAPUTLG3344S,91.07
2000-06-01,CAPUTLG3344S,91.6385
2000-07-01,CAPUTLG3344S,93.1827
2000-08-01,CAPUTLG3344S,91.4148
2000-09-01,CAPUTLG3344S,89.8377
2000-10-01,CAPUTLG3344S,88.5053
2000-11-01,CAPUTLG3344S,89.0635
2000-12-01,CAPUTLG3344S,88.417
2001-01-01,CAPUTLG3344S,83.858
2001-02-01,CAPUTLG3344S,80.3823
2001-03-01,CAPUTLG3344S,78.0317
2001-04-01,CAPUTLG3344S,73.9595
2001-05-01,CAPUTLG3344S,70.3754
2001-06-01,CAPUTLG3344S,67.0664
2001-07-01,CAPUTLG3344S,62.2986
2001-08-01,CAPUTLG3344S,61.6434
2001-09-01,CAPUTLG3344S,61.3261
2001-10-01,CAPUTLG3344S,61.0639
2001-11-01,CAPUTLG3344S,58.7883
2001-12-01,CAPUTLG3344S,60.3808
2002-01-01,CAPUTLG3344S,60.0312
2002-02-01,CAPUTLG3344S,61.5104
2002-03-01,CAPUTLG3344S,61.838
2002-04-01,CAPUTLG3344S,62.7485
2002-05-01,CAPUTLG3344S,62.9525
2002-06-01,CAPUTLG3344S,63.4362
2002-07-01,CAPUTLG3344S,63.8428
2002-08-01,CAPUTLG3344S,64.3298
2002-09-01,CAPUTLG3344S,64.3733
2002-10-01,CAPUTLG3344S,64.554
2002-11-01,CAPUTLG3344S,64.8018
2002-12-01,CAPUTLG3344S,64.9927
2003-01-01,CAPUTLG3344S,66.5699
2003-02-01,CAPUTLG3344S,68.2645
2003-03-01,CAPUTLG3344S,68.6286
2003-04-01,CAPUTLG3344S,69.4283
2003-05-01,CAPUTLG3344S,71.0299
2003-06-01,CAPUTLG3344S,73.2031
2003-07-01,CAPUTLG3344S,75.8314
2003-08-01,CAPUTLG3344S,77.1784
2003-09-01,CAPUTLG3344S,79.198
2003-10-01,CAPUTLG3344S,81.2853
2003-11-01,CAPUTLG3344S,82.3641
2003-12-01,CAPUTLG3344S,81.6559
2004-01-01,CAPUTLG3344S,81.7405
2004-02-01,CAPUTLG3344S,82.3452
2004-03-01,CAPUTLG3344S,82.8416
2004-04-01,CAPUTLG3344S,82.525
2004-05-01,CAPUTLG3344S,82.8136
2004-06-01,CAPUTLG3344S,81.77
2004-07-01,CAPUTLG3344S,79.8366
2004-08-01,CAPUTLG3344S,78.7815
2004-09-01,CAPUTLG3344S,78.6258
2004-10-01,CAPUTLG3344S,77.5613
2004-11-01,CAPUTLG3344S,76.3702
2004-12-01,CAPUTLG3344S,76.222
2005-01-01,CAPUTLG3344S,77.5579
2005-02-01,CAPUTLG3344S,78.2047
2005-03-01,CAPUTLG3344S,77.8532
2005-04-01,CAPUTLG3344S,78.8642
2005-05-01,CAPUTLG3344S,78.5717
2005-06-01,CAPUTLG3344S,78.1668
2005-07-01,CAPUTLG3344S,78.3484
2005-08-01,CAPUTLG3344S,79.441
2005-09-01,CAPUTLG3344S,81.0863
2005-10-01,CAPUTLG3344S,82.0008
2005-11-01,CAPUTLG3344S,81.2819
2005-12-01,CAPUTLG3344S,81.2559
2006-01-01,CAPUTLG3344S,81.0042
2006-02-01,CAPUTLG3344S,81.465
2006-03-01,CAPUTLG3344S,80.2916
2006-04-01,CAPUTLG3344S,79.1161
2006-05-01,CAPUTLG3344S,78.9569
2006-06-01,CAPUTLG3344S,78.4989
2006-07-01,CAPUTLG3344S,77.5817
2006-08-01,CAPUTLG3344S,78.9783
2006-09-01,CAPUTLG3344S,79.4465
2006-10-01,CAPUTLG3344S,78.8206
2006-11-01,CAPUTLG3344S,77.8873
2006-12-01,CAPUTLG3344S,76.659
2007-01-01,CAPUTLG3344S,75.0835
2007-02-01,CAPUTLG3344S,74.0085
2007-03-01,CAPUTLG3344S,74.5074
2007-04-01,CAPUTLG3344S,74.9455
2007-05-01,CAPUTLG3344S,74.0883
2007-06-01,CAPUTLG3344S,73.8933
2007-07-01,CAPUTLG3344S,74.4972
2007-08-01,CAPUTLG3344S,73.8985
2007-09-01,CAPUTLG3344S,74.0572
2007-10-01,CAPUTLG3344S,76.0151
2007-11-01,CAPUTLG3344S,78.2437
2007-12-01,CAPUTLG3344S,80.524
2008-01-01,CAPUTLG3344S,80.737
2008-02-01,CAPUTLG3344S,83.8318
2008-03-01,CAPUTLG3344S,86.9173
2008-04-01,CAPUTLG3344S,88.3076
2008-05-01,CAPUTLG3344S,89.8822
2008-06-01,CAPUTLG3344S,91.1474
2008-07-01,CAPUTLG3344S,89.7058
2008-08-01,CAPUTLG3344S,89.4989
2008-09-01,CAPUTLG3344S,88.0432
2008-10-01,CAPUTLG3344S,82.2425
2008-11-01,CAPUTLG3344S,73.6221
2008-12-01,CAPUTLG3344S,65.2616
2009-01-01,CAPUTLG3344S,62.9394
2009-02-01,CAPUTLG3344S,63.7908
2009-03-01,CAPUTLG3344S,65.1045
2009-04-01,CAPUTLG3344S,65.5411
2009-05-01,CAPUTLG3344S,65.6186
2009-06-01,CAPUTLG3344S,65.6847
2009-07-01,CAPUTLG3344S,66.9338
2009-08-01,CAPUTLG3344S,67.3416
2009-09-01,CAPUTLG3344S,68.8903
2009-10-01,CAPUTLG3344S,69.8892
2009-11-01,CAPUTLG3344S,70.8235
2009-12-01,CAPUTLG3344S,70.0437
2010-01-01,CAPUTLG3344S,72.3993
2010-02-01,CAPUTLG3344S,75.3239
2010-03-01,CAPUTLG3344S,78.183
2010-04-01,CAPUTLG3344S,80.2064
2010-05-01,CAPUTLG3344S,81.675
2010-06-01,CAPUTLG3344S,81.7639
2010-07-01,CAPUTLG3344S,82.7699
2010-08-01,CAPUTLG3344S,83.4755
2010-09-01,CAPUTLG3344S,83.7724
2010-10-01,CAPUTLG3344S,83.9254
2010-11-01,CAPUTLG3344S,85.5534
2010-12-01,CAPUTLG3344S,87.8843
2011-01-01,CAPUTLG3344S,88.1823
2011-02-01,CAPUTLG3344S,86.8521
2011-03-01,CAPUTLG3344S,84.3143
2011-04-01,CAPUTLG3344S,82.2947
2011-05-01,CAPUTLG3344S,80.7806
2011-06-01,CAPUTLG3344S,79.1473
2011-07-01,CAPUTLG3344S,76.4916
2011-08-01,CAPUTLG3344S,76.6474
2011-09-01,CAPUTLG3344S,74.9342
2011-10-01,CAPUTLG3344S,73.0624
2011-11-01,CAPUTLG3344S,72.3971
2011-12-01,CAPUTLG3344S,72.0739
2012-01-01,CAPUTLG3344S,71.7488
2012-02-01,CAPUTLG3344S,72.256
2012-03-01,CAPUTLG3344S,72.1446
2012-04-01,CAPUTLG3344S,72.2009
2012-05-01,CAPUTLG3344S,72.5609
2012-06-01,CAPUTLG3344S,73.0351
2012-07-01,CAPUTLG3344S,71.83
2012-08-01,CAPUTLG3344S,70.1992
2012-09-01,CAPUTLG3344S,70.66
2012-10-01,CAPUTLG3344S,71.3966
2012-11-01,CAPUTLG3344S,70.1463
2012-12-01,CAPUTLG3344S,69.2992
2013-01-01,CAPUTLG3344S,68.6271
2013-02-01,CAPUTLG3344S,66.7264
2013-03-01,CAPUTLG3344S,66.2561
2013-04-01,CAPUTLG3344S,66.3687
2013-05-01,CAPUTLG3344S,66.2314
2013-06-01,CAPUTLG3344S,65.9427
2013-07-01,CAPUTLG3344S,65.9252
2013-08-01,CAPUTLG3344S,65.9554
2013-09-01,CAPUTLG3344S,65.5941
2013-10-01,CAPUTLG3344S,66.5268
2013-11-01,CAPUTLG3344S,66.7203
2013-12-01,CAPUTLG3344S,66.9524
2014-01-01,CAPUTLG3344S,67.8145
2014-02-01,CAPUTLG3344S,69.2317
2014-03-01,CAPUTLG3344S,70.372
2014-04-01,CAPUTLG3344S,71.4179
2014-05-01,CAPUTLG3344S,72.7915
2014-06-01,CAPUTLG3344S,73.1265
2014-07-01,CAPUTLG3344S,73.4005
2014-08-01,CAPUTLG3344S,73.3497
2014-09-01,CAPUTLG3344S,73.4897
2014-10-01,CAPUTLG3344S,73.509
2014-11-01,CAPUTLG3344S,73.4048
2014-12-01,CAPUTLG3344S,73.8401
2015-01-01,CAPUTLG3344S,74.135
2015-02-01,CAPUTLG3344S,74.1292
2015-03-01,CAPUTLG3344S,73.6623
2015-04-01,CAPUTLG3344S,73.4189
2015-05-01,CAPUTLG3344S,72.9509
2015-06-01,CAPUTLG3344S,73.3765
2015-07-01,CAPUTLG3344S,72.7162
2015-08-01,CAPUTLG3344S,72.7519
2015-09-01,CAPUTLG3344S,72.7037
2015-10-01,CAPUTLG3344S,72.3778
2015-11-01,CAPUTLG3344S,71.8006
2015-12-01,CAPUTLG3344S,71.9809
2016-01-01,CAPUTLG3344S,70.2595
2016-02-01,CAPUTLG3344S,69.9774
2016-03-01,CAPUTLG3344S,69.1739
2016-04-01,CAPUTLG3344S,68.725
2016-05-01,CAPUTLG3344S,68.3704
2016-06-01,CAPUTLG3344S,68.3247
2016-07-01,CAPUTLG3344S,68.94
2016-08-01,CAPUTLG3344S,68.9409
2016-09-01,CAPUTLG3344S,69.5837
2016-10-01,CAPUTLG3344S,69.9333
2016-11-01,CAPUTLG3344S,70.1091
2016-12-01,CAPUTLG3344S,70.2116
2017-01-01,CAPUTLG3344S,70.6554
2017-02-01,CAPUTLG3344S,71.4099
2017-03-01,CAPUTLG3344S,72.6936
2017-04-01,CAPUTLG3344S,75.6299
2017-05-01,CAPUTLG3344S,76.0977
2017-06-01,CAPUTLG3344S,76.2623
2017-07-01,CAPUTLG3344S,76.0955
2017-08-01,CAPUTLG3344S,76.5273
2017-09-01,CAPUTLG3344S,77.5998
2017-10-01,CAPUTLG3344S,79.1401
2017-11-01,CAPUTLG3344S,80.92
2017-12-01,CAPUTLG3344S,82.9258
2018-01-01,CAPUTLG3344S,84.0693
2018-02-01,CAPUTLG3344S,83.8764
2018-03-01,CAPUTLG3344S,83.2221
2018-04-01,CAPUTLG3344S,83.3632
2018-05-01,CAPUTLG3344S,83.2332
2018-06-01,CAPUTLG3344S,83.5355
2018-07-01,CAPUTLG3344S,83.0378
2018-08-01,CAPUTLG3344S,82.5889
2018-09-01,CAPUTLG3344S,80.8729
2018-10-01,CAPUTLG3344S,79.075
2018-11-01,CAPUTLG3344S,76.6086
2018-12-01,CAPUTLG3344S,75.4657
2019-01-01,CAPUTLG3344S,75.626
2019-02-01,CAPUTLG3344S,75.6263
2019-03-01,CAPUTLG3344S,75.3679
2019-04-01,CAPUTLG3344S,75.0528
2019-05-01,CAPUTLG3344S,74.46
2019-06-01,CAPUTLG3344S,74.6172
2019-07-01,CAPUTLG3344S,74.7157
2019-08-01,CAPUTLG3344S,75.5194
2019-09-01,CAPUTLG3344S,74.9639
2019-10-01,CAPUTLG3344S,74.9689
2019-11-01,CAPUTLG3344S,76.2725
2019-12-01,CAPUTLG3344S,77.4432
2020-01-01,CAPUTLG3344S,76.3936
2020-02-01,CAPUTLG3344S,75.0445
2020-03-01,CAPUTLG3344S,75.8552
2020-04-01,CAPUTLG3344S,74.8278
2020-05-01,CAPUTLG3344S,74.9479
2020-06-01,CAPUTLG3344S,76.8261
2020-07-01,CAPUTLG3344S,79.0645
2020-08-01,CAPUTLG3344S,79.9724
2020-09-01,CAPUTLG3344S,82.8602
2020-10-01,CAPUTLG3344S,86.2359
2020-11-01,CAPUTLG3344S,87.5956
2020-12-01,CAPUTLG3344S,87.9388
2021-01-01,CAPUTLG3344S,87.7715
2021-02-01,CAPUTLG3344S,87.1846
2021-03-01,CAPUTLG3344S,87.8126
2021-04-01,CAPUTLG3344S,89.6946
2021-05-01,CAPUTLG3344S,91.244
2021-06-01,CAPUTLG3344S,89.2552
2021-07-01,CAPUTLG3344S,86.5625
2021-08-01,CAPUTLG3344S,86.4536
2021-09-01,CAPUTLG3344S,86.4326
2021-10-01,CAPUTLG3344S,87.4663
2021-11-01,CAPUTLG3344S,88.9092
2021-12-01,CAPUTLG3344S,90.1473
2022-01-01,CAPUTLG3344S,90.4398
2022-02-01,CAPUTLG3344S,92.195
2022-03-01,CAPUTLG3344S,92.0453
2022-04-01,CAPUTLG3344S,90.2749
2022-05-01,CAPUTLG3344S,90.1815
2022-06-01,CAPUTLG3344S,91.1662
2022-07-01,CAPUTLG3344S,90.6743
2022-08-01,CAPUTLG3344S,90.5711
2022-09-01,CAPUTLG3344S,90.4573
2022-10-01,CAPUTLG3344S,88.6988
2022-11-01,CAPUTLG3344S,88.0015
2022-12-01,CAPUTLG3344S,85.2342
2023-01-01,CAPUTLG3344S,83.6464
2023-02-01,CAPUTLG3344S,84.8008
2023-03-01,CAPUTLG3344S,83.7076
2023-04-01,CAPUTLG3344S,84.0728
2023-05-01,CAPUTLG3344S,83.1636
2023-06-01,CAPUTLG3344S,81.7729
2023-07-01,CAPUTLG3344S,81.5733
2023-08-01,CAPUTLG3344S,80.0458
2023-09-01,CAPUTLG3344S,78.5069
2023-10-01,CAPUTLG3344S,78.8734
2023-11-01,CAPUTLG3344S,78.9469
2023-12-01,CAPUTLG3344S,78.8761
2024-01-01,CAPUTLG3344S,78.484
2024-02-01,CAPUTLG3344S,77.1831
2024-03-01,CAPUTLG3344S,76.6549
2024-04-01,CAPUTLG3344S,79.1091
2024-05-01,CAPUTLG3344S,78.7269
2024-06-01,CAPUTLG3344S,77.6408
2024-07-01,CAPUTLG3344S,76.9937
2024-08-01,CAPUTLG3344S,79.1812
2024-09-01,CAPUTLG3344S,77.1757
2024-10-01,CAPUTLG3344S,77.5763
2024-11-01,CAPUTLG3344S,76.4462
2024-12-01,CAPUTLG3344S,76.5679
2025-01-01,CAPUTLG3344S,79.5424
2025-02-01,CAPUTLG3344S,79.2698
2025-03-01,CAPUTLG3344S,77.916
2025-04-01,CAPUTLG3344S,78.2049
2025-05-01,CAPUTLG3344S,78.01
2025-06-01,CAPUTLG3344S,76.224
2025-07-01,CAPUTLG3344S,78.8573
2025-08-01,CAPUTLG3344S,76.5233
2025-09-01,CAPUTLG3344S,73.7232
2025-10-01,CAPUTLG3344S,74.0524
2025-11-01,CAPUTLG3344S,73.1444
2025-12-01,CAPUTLG3344S,72.3377
2026-01-01,CAPUTLG3344S,74.1644
2026-02-01,CAPUTLG3344S,72.9787
2026-03-01,CAPUTLG3344S,71.0962
2026-04-01,CAPUTLG3344S,71.5534
2026-05-01,CAPUTLG3344S,73.8187
2026-06-01,CAPUTLG3344S,74.3938
2026-07-01,CAPUTLG3344S,74.7342
2026-08-01,CAPUTLG3344S,73.9417
1972-01-01,CAPG3344S,0.0351
1972-02-01,CAPG3344S,0.0354
1972-03-01,CAPG3344S,0.0357
1972-04-01,CAPG3344S,0.0361
1972-05-01,CAPG3344S,0.0364
1972-06-01,CAPG3344S,0.0368
1972-07-01,CAPG3344S,0.0372
1972-08-01,CAPG3344S,0.0377
1972-09-01,CAPG3344S,0.0382
1972-10-01,CAPG3344S,0.0388
1972-11-01,CAPG3344S,0.0395
1972-12-01,CAPG3344S,0.0402
1973-01-01,CAPG3344S,0.0409
1973-02-01,CAPG3344S,0.0417
1973-03-01,CAPG3344S,0.0425
1973-04-01,CAPG3344S,0.0433
1973-05-01,CAPG3344S,0.0442
1973-06-01,CAPG3344S,0.045
1973-07-01,CAPG3344S,0.0458
1973-08-01,CAPG3344S,0.0466
1973-09-01,CAPG3344S,0.0473
1973-10-01,CAPG3344S,0.0479
1973-11-01,CAPG3344S,0.0484
1973-12-01,CAPG3344S,0.0489
1974-01-01,CAPG3344S,0.0492
1974-02-01,CAPG3344S,0.0495
1974-03-01,CAPG3344S,0.0497
1974-04-01,CAPG3344S,0.0498
1974-05-01,CAPG3344S,0.0499
1974-06-01,CAPG3344S,0.05
1974-07-01,CAPG3344S,0.05
1974-08-01,CAPG3344S,0.05
1974-09-01,CAPG3344S,0.0501
1974-10-01,CAPG3344S,0.0502
1974-11-01,CAPG3344S,0.0503
1974-12-01,CAPG3344S,0.0505
1975-01-01,CAPG3344S,0.0507
1975-02-01,CAPG3344S,0.0509
1975-03-01,CAPG3344S,0.0513
1975-04-01,CAPG3344S,0.0517
1975-05-01,CAPG3344S,0.0522
1975-06-01,CAPG3344S,0.0527
1975-07-01,CAPG3344S,0.0533
1975-08-01,CAPG3344S,0.054
1975-09-01,CAPG3344S,0.0547
1975-10-01,CAPG3344S,0.0554
1975-11-01,CAPG3344S,0.0562
1975-12-01,CAPG3344S,0.0571
1976-01-01,CAPG3344S,0.058
1976-02-01,CAPG3344S,0.0589
1976-03-01,CAPG3344S,0.0598
1976-04-01,CAPG3344S,0.0608
1976-05-01,CAPG3344S,0.0617
1976-06-01,CAPG3344S,0.0626
1976-07-01,CAPG3344S,0.0635
1976-08-01,CAPG3344S,0.0644
1976-09-01,CAPG3344S,0.0652
1976-10-01,CAPG3344S,0.066
1976-11-01,CAPG3344S,0.0668
1976-12-01,CAPG3344S,0.0675
1977-01-01,CAPG3344S,0.0681
1977-02-01,CAPG3344S,0.0687
1977-03-01,CAPG3344S,0.0693
1977-04-01,CAPG3344S,0.0698
1977-05-01,CAPG3344S,0.0704
1977-06-01,CAPG3344S,0.0708
1977-07-01,CAPG3344S,0.0713
1977-08-01,CAPG3344S,0.0718
1977-09-01,CAPG3344S,0.0723
1977-10-01,CAPG3344S,0.0728
1977-11-01,CAPG3344S,0.0733
1977-12-01,CAPG3344S,0.0739
1978-01-01,CAPG3344S,0.0745
1978-02-01,CAPG3344S,0.0751
1978-03-01,CAPG3344S,0.0758
1978-04-01,CAPG3344S,0.0765
1978-05-01,CAPG3344S,0.0773
1978-06-01,CAPG3344S,0.0781
1978-07-01,CAPG3344S,0.079
1978-08-01,CAPG3344S,0.0799
1978-09-01,CAPG3344S,0.0809
1978-10-01,CAPG3344S,0.0819
1978-11-01,CAPG3344S,0.0829
1978-12-01,CAPG3344S,0.084
1979-01-01,CAPG3344S,0.0851
1979-02-01,CAPG3344S,0.0862
1979-03-01,CAPG3344S,0.0873
1979-04-01,CAPG3344S,0.0885
1979-05-01,CAPG3344S,0.0897
1979-06-01,CAPG3344S,0.0908
1979-07-01,CAPG3344S,0.092
1979-08-01,CAPG3344S,0.0931
1979-09-01,CAPG3344S,0.0942
1979-10-01,CAPG3344S,0.0953
1979-11-01,CAPG3344S,0.0964
1979-12-01,CAPG3344S,0.0975
1980-01-01,CAPG3344S,0.0986
1980-02-01,CAPG3344S,0.0996
1980-03-01,CAPG3344S,0.1006
1980-04-01,CAPG3344S,0.1016
1980-05-01,CAPG3344S,0.1026
1980-06-01,CAPG3344S,0.1036
1980-07-01,CAPG3344S,0.1045
1980-08-01,CAPG3344S,0.1055
1980-09-01,CAPG3344S,0.1065
1980-10-01,CAPG3344S,0.1074
1980-11-01,CAPG3344S,0.1084
1980-12-01,CAPG3344S,0.1093
1981-01-01,CAPG3344S,0.1103
1981-02-01,CAPG3344S,0.1113
1981-03-01,CAPG3344S,0.1123
1981-04-01,CAPG3344S,0.1133
1981-05-01,CAPG3344S,0.1143
1981-06-01,CAPG3344S,0.1153
1981-07-01,CAPG3344S,0.1164
1981-08-01,CAPG3344S,0.1176
1981-09-01,CAPG3344S,0.1187
1981-10-01,CAPG3344S,0.12
1981-11-01,CAPG3344S,0.1212
1981-12-01,CAPG3344S,0.1226
1982-01-01,CAPG3344S,0.1239
1982-02-01,CAPG3344S,0.1254
1982-03-01,CAPG3344S,0.1268
1982-04-01,CAPG3344S,0.1283
1982-05-01,CAPG3344S,0.1299
1982-06-01,CAPG3344S,0.1314
1982-07-01,CAPG3344S,0.133
1982-08-01,CAPG3344S,0.1345
1982-09-01,CAPG3344S,0.136
1982-10-01,CAPG3344S,0.1375
1982-11-01,CAPG3344S,0.139
1982-12-01,CAPG3344S,0.1404
1983-01-01,CAPG3344S,0.1419
1983-02-01,CAPG3344S,0.1434
1983-03-01,CAPG3344S,0.1448
1983-04-01,CAPG3344S,0.1463
1983-05-01,CAPG3344S,0.1478
1983-06-01,CAPG3344S,0.1494
1983-07-01,CAPG3344S,0.151
1983-08-01,CAPG3344S,0.1528
1983-09-01,CAPG3344S,0.1547
1983-10-01,CAPG3344S,0.1567
1983-11-01,CAPG3344S,0.1589
1983-12-01,CAPG3344S,0.1612
1984-01-01,CAPG3344S,0.1637
1984-02-01,CAPG3344S,0.1665
1984-03-01,CAPG3344S,0.1694
1984-04-01,CAPG3344S,0.1724
1984-05-01,CAPG3344S,0.1755
1984-06-01,CAPG3344S,0.1787
1984-07-01,CAPG3344S,0.1819
1984-08-01,CAPG3344S,0.1852
1984-09-01,CAPG3344S,0.1884
1984-10-01,CAPG3344S,0.1916
1984-11-01,CAPG3344S,0.1948
1984-12-01,CAPG3344S,0.198
1985-01-01,CAPG3344S,0.2011
1985-02-01,CAPG3344S,0.2041
1985-03-01,CAPG3344S,0.207
1985-04-01,CAPG3344S,0.2099
1985-05-01,CAPG3344S,0.2127
1985-06-01,CAPG3344S,0.2154
1985-07-01,CAPG3344S,0.218
1985-08-01,CAPG3344S,0.2206
1985-09-01,CAPG3344S,0.2231
1985-10-01,CAPG3344S,0.2255
1985-11-01,CAPG3344S,0.2279
1985-12-01,CAPG3344S,0.2302
1986-01-01,CAPG3344S,0.2324
1986-02-01,CAPG3344S,0.2346
1986-03-01,CAPG3344S,0.2368
1986-04-01,CAPG3344S,0.2389
1986-05-01,CAPG3344S,0.241
1986-06-01,CAPG3344S,0.2431
1986-07-01,CAPG3344S,0.2452
1986-08-01,CAPG3344S,0.2473
1986-09-01,CAPG3344S,0.2495
1986-10-01,CAPG3344S,0.2516
1986-11-01,CAPG3344S,0.2538
1986-12-01,CAPG3344S,0.2559
1987-01-01,CAPG3344S,0.2582
1987-02-01,CAPG3344S,0.2604
1987-03-01,CAPG3344S,0.2627
1987-04-01,CAPG3344S,0.265
1987-05-01,CAPG3344S,0.2673
1987-06-01,CAPG3344S,0.2697
1987-07-01,CAPG3344S,0.2721
1987-08-01,CAPG3344S,0.2746
1987-09-01,CAPG3344S,0.2771
1987-10-01,CAPG3344S,0.2796
1987-11-01,CAPG3344S,0.2821
1987-12-01,CAPG3344S,0.2847
1988-01-01,CAPG3344S,0.2871
1988-02-01,CAPG3344S,0.2894
1988-03-01,CAPG3344S,0.2917
1988-04-01,CAPG3344S,0.294
1988-05-01,CAPG3344S,0.2964
1988-06-01,CAPG3344S,0.2988
1988-07-01,CAPG3344S,0.3012
1988-08-01,CAPG3344S,0.3036
1988-09-01,CAPG3344S,0.306
1988-10-01,CAPG3344S,0.3085
1988-11-01,CAPG3344S,0.3111
1988-12-01,CAPG3344S,0.3137
1989-01-01,CAPG3344S,0.3163
1989-02-01,CAPG3344S,0.319
1989-03-01,CAPG3344S,0.3218
1989-04-01,CAPG3344S,0.3246
1989-05-01,CAPG3344S,0.3275
1989-06-01,CAPG3344S,0.3305
1989-07-01,CAPG3344S,0.3336
1989-08-01,CAPG3344S,0.3367
1989-09-01,CAPG3344S,0.34
1989-10-01,CAPG3344S,0.3433
1989-11-01,CAPG3344S,0.3467
1989-12-01,CAPG3344S,0.3502
1990-01-01,CAPG3344S,0.3537
1990-02-01,CAPG3344S,0.3573
1990-03-01,CAPG3344S,0.3609
1990-04-01,CAPG3344S,0.3644
1990-05-01,CAPG3344S,0.368
1990-06-01,CAPG3344S,0.3715
1990-07-01,CAPG3344S,0.375
1990-08-01,CAPG3344S,0.3784
1990-09-01,CAPG3344S,0.3816
1990-10-01,CAPG3344S,0.3848
1990-11-01,CAPG3344S,0.3878
1990-12-01,CAPG3344S,0.3908
1991-01-01,CAPG3344S,0.3936
1991-02-01,CAPG3344S,0.3964
1991-03-01,CAPG3344S,0.3991
1991-04-01,CAPG3344S,0.4018
1991-05-01,CAPG3344S,0.4045
1991-06-01,CAPG3344S,0.4073
1991-07-01,CAPG3344S,0.4102
1991-08-01,CAPG3344S,0.4134
1991-09-01,CAPG3344S,0.4167
1991-10-01,CAPG3344S,0.4204
1991-11-01,CAPG3344S,0.4245
1991-12-01,CAPG3344S,0.4288
1992-01-01,CAPG3344S,0.4374
1992-02-01,CAPG3344S,0.4452
1992-03-01,CAPG3344S,0.4533
1992-04-01,CAPG3344S,0.4618
1992-05-01,CAPG3344S,0.4704
1992-06-01,CAPG3344S,0.4792
1992-07-01,CAPG3344S,0.488
1992-08-01,CAPG3344S,0.4966
1992-09-01,CAPG3344S,0.505
1992-10-01,CAPG3344S,0.513
1992-11-01,CAPG3344S,0.5206
1992-12-01,CAPG3344S,0.5277
1993-01-01,CAPG3344S,0.5343
1993-02-01,CAPG3344S,0.5404
1993-03-01,CAPG3344S,0.546
1993-04-01,CAPG3344S,0.5512
1993-05-01,CAPG3344S,0.5562
1993-06-01,CAPG3344S,0.5612
1993-07-01,CAPG3344S,0.5663
1993-08-01,CAPG3344S,0.5719
1993-09-01,CAPG3344S,0.5779
1993-10-01,CAPG3344S,0.5846
1993-11-01,CAPG3344S,0.592
1993-12-01,CAPG3344S,0.6
1994-01-01,CAPG3344S,0.6087
1994-02-01,CAPG3344S,0.6182
1994-03-01,CAPG3344S,0.6285
1994-04-01,CAPG3344S,0.6396
1994-05-01,CAPG3344S,0.6516
1994-06-01,CAPG3344S,0.6643
1994-07-01,CAPG3344S,0.6778
1994-08-01,CAPG3344S,0.692
1994-09-01,CAPG3344S,0.7071
1994-10-01,CAPG3344S,0.7232
1994-11-01,CAPG3344S,0.7404
1994-12-01,CAPG3344S,0.7588
1995-01-01,CAPG3344S,0.7785
1995-02-01,CAPG3344S,0.7997
1995-03-01,CAPG3344S,0.8226
1995-04-01,CAPG3344S,0.8473
1995-05-01,CAPG3344S,0.8745
1995-06-01,CAPG3344S,0.9046
1995-07-01,CAPG3344S,0.9378
1995-08-01,CAPG3344S,0.9745
1995-09-01,CAPG3344S,1.015
1995-10-01,CAPG3344S,1.0597
1995-11-01,CAPG3344S,1.1088
1995-12-01,CAPG3344S,1.1621
1996-01-01,CAPG3344S,1.2196
1996-02-01,CAPG3344S,1.2812
1996-03-01,CAPG3344S,1.3464
1996-04-01,CAPG3344S,1.4143
1996-05-01,CAPG3344S,1.4835
1996-06-01,CAPG3344S,1.5525
1996-07-01,CAPG3344S,1.6199
1996-08-01,CAPG3344S,1.6851
1996-09-01,CAPG3344S,1.7481
1996-10-01,CAPG3344S,1.8084
1996-11-01,CAPG3344S,1.8666
1996-12-01,CAPG3344S,1.9223
1997-01-01,CAPG3344S,1.9757
1997-02-01,CAPG3344S,2.0261
1997-03-01,CAPG3344S,2.0741
1997-04-01,CAPG3344S,2.1209
1997-05-01,CAPG3344S,2.17
1997-06-01,CAPG3344S,2.2244
1997-07-01,CAPG3344S,2.2865
1997-08-01,CAPG3344S,2.36
1997-09-01,CAPG3344S,2.4465
1997-10-01,CAPG3344S,2.5473
1997-11-01,CAPG3344S,2.6626
1997-12-01,CAPG3344S,2.7914
1998-01-01,CAPG3344S,2.9338
1998-02-01,CAPG3344S,3.0895
1998-03-01,CAPG3344S,3.2575
1998-04-01,CAPG3344S,3.4345
1998-05-01,CAPG3344S,3.6156
1998-06-01,CAPG3344S,3.7944
1998-07-01,CAPG3344S,3.959
1998-08-01,CAPG3344S,4.1162
1998-09-01,CAPG3344S,4.2679
1998-10-01,CAPG3344S,4.414
1998-11-01,CAPG3344S,4.5587
1998-12-01,CAPG3344S,4.7017
1999-01-01,CAPG3344S,4.8432
1999-02-01,CAPG3344S,4.98
1999-03-01,CAPG3344S,5.1117
1999-04-01,CAPG3344S,5.2377
1999-05-01,CAPG3344S,5.3595
1999-06-01,CAPG3344S,5.4793
1999-07-01,CAPG3344S,5.5985
1999-08-01,CAPG3344S,5.7303
1999-09-01,CAPG3344S,5.8687
1999-10-01,CAPG3344S,6.0158
1999-11-01,CAPG3344S,6.1713
1999-12-01,CAPG3344S,6.336
2000-01-01,CAPG3344S,6.5116
2000-02-01,CAPG3344S,6.6993
2000-03-01,CAPG3344S,6.9011
2000-04-01,CAPG3344S,7.1173
2000-05-01,CAPG3344S,7.347
2000-06-01,CAPG3344S,7.5887
2000-07-01,CAPG3344S,7.841
2000-08-01,CAPG3344S,8.1087
2000-09-01,CAPG3344S,8.3934
2000-10-01,CAPG3344S,8.697
2000-11-01,CAPG3344S,9.0219
2000-12-01,CAPG3344S,9.3654
2001-01-01,CAPG3344S,9.727
2001-02-01,CAPG3344S,10.1005
2001-03-01,CAPG3344S,10.4845
2001-04-01,CAPG3344S,10.8733
2001-05-01,CAPG3344S,11.2592
2001-06-01,CAPG3344S,11.633
2001-07-01,CAPG3344S,11.9872
2001-08-01,CAPG3344S,12.3276
2001-09-01,CAPG3344S,12.6573
2001-10-01,CAPG3344S,12.975
2001-11-01,CAPG3344S,13.28
2001-12-01,CAPG3344S,13.5678
2002-01-01,CAPG3344S,13.8351
2002-02-01,CAPG3344S,14.0743
2002-03-01,CAPG3344S,14.2853
2002-04-01,CAPG3344S,14.4686
2002-05-01,CAPG3344S,14.6287
2002-06-01,CAPG3344S,14.7711
2002-07-01,CAPG3344S,14.9016
2002-08-01,CAPG3344S,15.0325
2002-09-01,CAPG3344S,15.1631
2002-10-01,CAPG3344S,15.2942
2002-11-01,CAPG3344S,15.4121
2002-12-01,CAPG3344S,15.5246
2003-01-01,CAPG3344S,15.6421
2003-02-01,CAPG3344S,15.7857
2003-03-01,CAPG3344S,15.9391
2003-04-01,CAPG3344S,16.0905
2003-05-01,CAPG3344S,16.2363
2003-06-01,CAPG3344S,16.3887
2003-07-01,CAPG3344S,16.5791
2003-08-01,CAPG3344S,16.7935
2003-09-01,CAPG3344S,17.0243
2003-10-01,CAPG3344S,17.2584
2003-11-01,CAPG3344S,17.5131
2003-12-01,CAPG3344S,17.787
2004-01-01,CAPG3344S,18.08
2004-02-01,CAPG3344S,18.3825
2004-03-01,CAPG3344S,18.6937
2004-04-01,CAPG3344S,19.0141
2004-05-01,CAPG3344S,19.3521
2004-06-01,CAPG3344S,19.7138
2004-07-01,CAPG3344S,20.0994
2004-08-01,CAPG3344S,20.5085
2004-09-01,CAPG3344S,20.9371
2004-10-01,CAPG3344S,21.3836
2004-11-01,CAPG3344S,21.8447
2004-12-01,CAPG3344S,22.3128
2005-01-01,CAPG3344S,22.7835
2005-02-01,CAPG3344S,23.2499
2005-03-01,CAPG3344S,23.7069
2005-04-01,CAPG3344S,24.1482
2005-05-01,CAPG3344S,24.569
2005-06-01,CAPG3344S,24.9654
2005-07-01,CAPG3344S,25.33
2005-08-01,CAPG3344S,25.6627
2005-09-01,CAPG3344S,25.9628
2005-10-01,CAPG3344S,26.2334
2005-11-01,CAPG3344S,26.4797
2005-12-01,CAPG3344S,26.7068
2006-01-01,CAPG3344S,26.9223
2006-02-01,CAPG3344S,27.1316
2006-03-01,CAPG3344S,27.3474
2006-04-01,CAPG3344S,27.5828
2006-05-01,CAPG3344S,27.8564
2006-06-01,CAPG3344S,28.1842
2006-07-01,CAPG3344S,28.5779
2006-08-01,CAPG3344S,29.0534
2006-09-01,CAPG3344S,29.6187
2006-10-01,CAPG3344S,30.282
2006-11-01,CAPG3344S,31.0443
2006-12-01,CAPG3344S,31.8978
2007-01-01,CAPG3344S,32.84
2007-02-01,CAPG3344S,33.8672
2007-03-01,CAPG3344S,34.9669
2007-04-01,CAPG3344S,36.116
2007-05-01,CAPG3344S,37.2852
2007-06-01,CAPG3344S,38.4392
2007-07-01,CAPG3344S,39.5295
2007-08-01,CAPG3344S,40.5139
2007-09-01,CAPG3344S,41.3563
2007-10-01,CAPG3344S,42.0283
2007-11-01,CAPG3344S,42.5112
2007-12-01,CAPG3344S,42.7987
2008-01-01,CAPG3344S,42.8911
2008-02-01,CAPG3344S,42.7847
2008-03-01,CAPG3344S,42.5112
2008-04-01,CAPG3344S,42.1135
2008-05-01,CAPG3344S,41.6582
2008-06-01,CAPG3344S,41.1974
2008-07-01,CAPG3344S,40.7817
2008-08-01,CAPG3344S,40.4624
2008-09-01,CAPG3344S,40.265
2008-10-01,CAPG3344S,40.2097
2008-11-01,CAPG3344S,40.3007
2008-12-01,CAPG3344S,40.5375
2009-01-01,CAPG3344S,40.9226
2009-02-01,CAPG3344S,41.4585
2009-03-01,CAPG3344S,42.143
2009-04-01,CAPG3344S,42.9665
2009-05-01,CAPG3344S,43.9063
2009-06-01,CAPG3344S,44.9409
2009-07-01,CAPG3344S,46.0342
2009-08-01,CAPG3344S,47.1464
2009-09-01,CAPG3344S,48.2423
2009-10-01,CAPG3344S,49.2985
2009-11-01,CAPG3344S,50.302
2009-12-01,CAPG3344S,51.2335
2010-01-01,CAPG3344S,52.0839
2010-02-01,CAPG3344S,52.8261
2010-03-01,CAPG3344S,53.471
2010-04-01,CAPG3344S,54.0323
2010-05-01,CAPG3344S,54.5404
2010-06-01,CAPG3344S,55.0228
2010-07-01,CAPG3344S,55.5232
2010-08-01,CAPG3344S,56.1159
2010-09-01,CAPG3344S,56.8294
2010-10-01,CAPG3344S,57.6765
2010-11-01,CAPG3344S,58.6565
2010-12-01,CAPG3344S,59.7577
2011-01-01,CAPG3344S,60.9777
2011-02-01,CAPG3344S,62.3102
2011-03-01,CAPG3344S,63.7492
2011-04-01,CAPG3344S,65.2769
2011-05-01,CAPG3344S,66.8729
2011-06-01,CAPG3344S,68.5144
2011-07-01,CAPG3344S,70.1593
2011-08-01,CAPG3344S,71.7818
2011-09-01,CAPG3344S,73.3596
2011-10-01,CAPG3344S,74.8723
2011-11-01,CAPG3344S,76.2998
2011-12-01,CAPG3344S,77.6265
2012-01-01,CAPG3344S,78.844
2012-02-01,CAPG3344S,79.9453
2012-03-01,CAPG3344S,80.9384
2012-04-01,CAPG3344S,81.8369
2012-05-01,CAPG3344S,82.6856
2012-06-01,CAPG3344S,83.5233
2012-07-01,CAPG3344S,84.3813
2012-08-01,CAPG3344S,85.3037
2012-09-01,CAPG3344S,86.3063
2012-10-01,CAPG3344S,87.4128
2012-11-01,CAPG3344S,88.633
2012-12-01,CAPG3344S,89.9616
2013-01-01,CAPG3344S,91.4024
2013-02-01,CAPG3344S,92.9378
2013-03-01,CAPG3344S,94.5665
2013-04-01,CAPG3344S,96.2703
2013-05-01,CAPG3344S,98.0121
2013-06-01,CAPG3344S,99.7584
2013-07-01,CAPG3344S,101.4653
2013-08-01,CAPG3344S,103.1223
2013-09-01,CAPG3344S,104.7046
2013-10-01,CAPG3344S,106.1926
2013-11-01,CAPG3344S,107.5662
2013-12-01,CAPG3344S,108.8034
2014-01-01,CAPG3344S,109.8909
2014-02-01,CAPG3344S,110.8065
2014-03-01,CAPG3344S,111.5458
2014-04-01,CAPG3344S,112.1029
2014-05-01,CAPG3344S,112.4821
2014-06-01,CAPG3344S,112.6886
2014-07-01,CAPG3344S,112.7316
2014-08-01,CAPG3344S,112.6335
2014-09-01,CAPG3344S,112.411
2014-10-01,CAPG3344S,112.0891
2014-11-01,CAPG3344S,111.6927
2014-12-01,CAPG3344S,111.2559
2015-01-01,CAPG3344S,110.812
2015-02-01,CAPG3344S,110.3769
2015-03-01,CAPG3344S,109.9966
2015-04-01,CAPG3344S,109.7188
2015-05-01,CAPG3344S,109.5769
2015-06-01,CAPG3344S,109.6073
2015-07-01,CAPG3344S,109.8442
2015-08-01,CAPG3344S,110.3181
2015-09-01,CAPG3344S,111.0273
2015-10-01,CAPG3344S,111.9791
2015-11-01,CAPG3344S,113.1673
2015-12-01,CAPG3344S,114.5718
2016-01-01,CAPG3344S,116.1809
2016-02-01,CAPG3344S,117.9614
2016-03-01,CAPG3344S,119.8881
2016-04-01,CAPG3344S,121.9152
2016-05-01,CAPG3344S,123.9769
2016-06-01,CAPG3344S,126.0104
2016-07-01,CAPG3344S,127.9403
2016-08-01,CAPG3344S,129.7052
2016-09-01,CAPG3344S,131.2472
2016-10-01,CAPG3344S,132.5235
2016-11-01,CAPG3344S,133.4975
2016-12-01,CAPG3344S,134.1527
2017-01-01,CAPG3344S,134.4813
2017-02-01,CAPG3344S,134.4734
2017-03-01,CAPG3344S,134.156
2017-04-01,CAPG3344S,133.5684
2017-05-01,CAPG3344S,132.7777
2017-06-01,CAPG3344S,131.8449
2017-07-01,CAPG3344S,130.8431
2017-08-01,CAPG3344S,129.8509
2017-09-01,CAPG3344S,128.9278
2017-10-01,CAPG3344S,128.1207
2017-11-01,CAPG3344S,127.4641
2017-12-01,CAPG3344S,126.9828
2018-01-01,CAPG3344S,126.6958
2018-02-01,CAPG3344S,126.6279
2018-03-01,CAPG3344S,126.7821
2018-04-01,CAPG3344S,127.157
2018-05-01,CAPG3344S,127.7447
2018-06-01,CAPG3344S,128.5354
2018-07-01,CAPG3344S,129.5022
2018-08-01,CAPG3344S,130.6077
2018-09-01,CAPG3344S,131.8185
2018-10-01,CAPG3344S,133.1086
2018-11-01,CAPG3344S,134.4543
2018-12-01,CAPG3344S,135.8222
2019-01-01,CAPG3344S,137.1892
2019-02-01,CAPG3344S,138.5238
2019-03-01,CAPG3344S,139.8047
2019-04-01,CAPG3344S,141.0055
2019-05-01,CAPG3344S,142.1051
2019-06-01,CAPG3344S,143.0813
2019-07-01,CAPG3344S,143.905
2019-08-01,CAPG3344S,144.5665
2019-09-01,CAPG3344S,145.0523
2019-10-01,CAPG3344S,145.3598
2019-11-01,CAPG3344S,145.4835
2019-12-01,CAPG3344S,145.4316
2020-01-01,CAPG3344S,145.2142
2020-02-01,CAPG3344S,144.837
2020-03-01,CAPG3344S,144.3219
2020-04-01,CAPG3344S,143.6933
2020-05-01,CAPG3344S,142.9758
2020-06-01,CAPG3344S,142.1935
2020-07-01,CAPG3344S,141.3782
2020-08-01,CAPG3344S,140.5586
2020-09-01,CAPG3344S,139.7564
2020-10-01,CAPG3344S,138.9907
2020-11-01,CAPG3344S,138.279
2020-12-01,CAPG3344S,137.6372
2021-01-01,CAPG3344S,137.0785
2021-02-01,CAPG3344S,136.6125
2021-03-01,CAPG3344S,136.2513
2021-04-01,CAPG3344S,136.0077
2021-05-01,CAPG3344S,135.8842
2021-06-01,CAPG3344S,135.8864
2021-07-01,CAPG3344S,136.0199
2021-08-01,CAPG3344S,136.2792
2021-09-01,CAPG3344S,136.6492
2021-10-01,CAPG3344S,137.1208
2021-11-01,CAPG3344S,137.6875
2021-12-01,CAPG3344S,138.3373
2022-01-01,CAPG3344S,139.0682
2022-02-01,CAPG3344S,139.8688
2022-03-01,CAPG3344S,140.7504
2022-04-01,CAPG3344S,141.7209
2022-05-01,CAPG3344S,142.7899
2022-06-01,CAPG3344S,143.9672
2022-07-01,CAPG3344S,145.2519
2022-08-01,CAPG3344S,146.6619
2022-09-01,CAPG3344S,148.1989
2022-10-01,CAPG3344S,149.8619
2022-11-01,CAPG3344S,151.644
2022-12-01,CAPG3344S,153.5169
2023-01-01,CAPG3344S,155.4644
2023-02-01,CAPG3344S,157.4749
2023-03-01,CAPG3344S,159.5233
2023-04-01,CAPG3344S,161.5739
2023-05-01,CAPG3344S,163.6144
2023-06-01,CAPG3344S,165.6252
2023-07-01,CAPG3344S,167.5664
2023-08-01,CAPG3344S,169.4322
2023-09-01,CAPG3344S,171.2248
2023-10-01,CAPG3344S,172.941
2023-11-01,CAPG3344S,174.581
2023-12-01,CAPG3344S,176.1464
2024-01-01,CAPG3344S,177.6429
2024-02-01,CAPG3344S,179.0869
2024-03-01,CAPG3344S,180.4904
2024-04-01,CAPG3344S,181.8675
2024-05-01,CAPG3344S,183.2655
2024-06-01,CAPG3344S,184.7214
2024-07-01,CAPG3344S,186.2578
2024-08-01,CAPG3344S,187.9165
2024-09-01,CAPG3344S,189.7222
2024-10-01,CAPG3344S,191.6983
2024-11-01,CAPG3344S,193.8607
2024-12-01,CAPG3344S,196.2015
2025-01-01,CAPG3344S,198.7281
2025-02-01,CAPG3344S,201.4483
2025-03-01,CAPG3344S,204.3586
2025-04-01,CAPG3344S,207.4386
2025-05-01,CAPG3344S,210.6814
2025-06-01,CAPG3344S,214.0717
2025-07-01,CAPG3344S,217.5518
2025-08-01,CAPG3344S,221.1051
2025-09-01,CAPG3344S,224.715
2025-10-01,CAPG3344S,228.3738
2025-11-01,CAPG3344S,232.0649
2025-12-01,CAPG3344S,235.7557
2026-01-01,CAPG3344S,238.2684
2026-02-01,CAPG3344S,241.4135
2026-03-01,CAPG3344S,244.3075
2026-04-01,CAPG3344S,246.9411
2026-05-01,CAPG3344S,249.5155
2026-06-01,CAPG3344S,252.0622
2026-07-01,CAPG3344S,254.5833
2026-08-01,CAPG3344S,257.0926
1992-01-01,A34SVS,22394.0
1992-02-01,A34SVS,21884.0
1992-03-01,A34SVS,22437.0
1992-04-01,A34SVS,23033.0
1992-05-01,A34SVS,23018.0
1992-06-01,A34SVS,22721.0
1992-07-01,A34SVS,23186.0
1992-08-01,A34SVS,22514.0
1992-09-01,A34SVS,22856.0
1992-10-01,A34SVS,22849.0
1992-11-01,A34SVS,23022.0
1992-12-01,A34SVS,23352.0
1993-01-01,A34SVS,23129.0
1993-02-01,A34SVS,23436.0
1993-03-01,A34SVS,23305.0
1993-04-01,A34SVS,22962.0
1993-05-01,A34SVS,23215.0
1993-06-01,A34SVS,24124.0
1993-07-01,A34SVS,23794.0
1993-08-01,A34SVS,23943.0
1993-09-01,A34SVS,24269.0
1993-10-01,A34SVS,24467.0
1993-11-01,A34SVS,24783.0
1993-12-01,A34SVS,24839.0
1994-01-01,A34SVS,25147.0
1994-02-01,A34SVS,25702.0
1994-03-01,A34SVS,25168.0
1994-04-01,A34SVS,26451.0
1994-05-01,A34SVS,26499.0
1994-06-01,A34SVS,26298.0
1994-07-01,A34SVS,27267.0
1994-08-01,A34SVS,27139.0
1994-09-01,A34SVS,26894.0
1994-10-01,A34SVS,27389.0
1994-11-01,A34SVS,28488.0
1994-12-01,A34SVS,28091.0
1995-01-01,A34SVS,28673.0
1995-02-01,A34SVS,28942.0
1995-03-01,A34SVS,29130.0
1995-04-01,A34SVS,29850.0
1995-05-01,A34SVS,30617.0
1995-06-01,A34SVS,30788.0
1995-07-01,A34SVS,30261.0
1995-08-01,A34SVS,31563.0
1995-09-01,A34SVS,32162.0
1995-10-01,A34SVS,32069.0
1995-11-01,A34SVS,32455.0
1995-12-01,A34SVS,33210.0
1996-01-01,A34SVS,31368.0
1996-02-01,A34SVS,31811.0
1996-03-01,A34SVS,33134.0
1996-04-01,A34SVS,32440.0
1996-05-01,A34SVS,33007.0
1996-06-01,A34SVS,33105.0
1996-07-01,A34SVS,32508.0
1996-08-01,A34SVS,33128.0
1996-09-01,A34SVS,33247.0
1996-10-01,A34SVS,34026.0
1996-11-01,A34SVS,34601.0
1996-12-01,A34SVS,34896.0
1997-01-01,A34SVS,34185.0
1997-02-01,A34SVS,35408.0
1997-03-01,A34SVS,36399.0
1997-04-01,A34SVS,36053.0
1997-05-01,A34SVS,35892.0
1997-06-01,A34SVS,37094.0
1997-07-01,A34SVS,37345.0
1997-08-01,A34SVS,37800.0
1997-09-01,A34SVS,37875.0
1997-10-01,A34SVS,36999.0
1997-11-01,A34SVS,36266.0
1997-12-01,A34SVS,37309.0
1998-01-01,A34SVS,35563.0
1998-02-01,A34SVS,37472.0
1998-03-01,A34SVS,37285.0
1998-04-01,A34SVS,36491.0
1998-05-01,A34SVS,36058.0
1998-06-01,A34SVS,37292.0
1998-07-01,A34SVS,36216.0
1998-08-01,A34SVS,36104.0
1998-09-01,A34SVS,37745.0
1998-10-01,A34SVS,37241.0
1998-11-01,A34SVS,37548.0
1998-12-01,A34SVS,38163.0
1999-01-01,A34SVS,37621.0
1999-02-01,A34SVS,38142.0
1999-03-01,A34SVS,37988.0
1999-04-01,A34SVS,38642.0
1999-05-01,A34SVS,38908.0
1999-06-01,A34SVS,39653.0
1999-07-01,A34SVS,40438.0
1999-08-01,A34SVS,39579.0
1999-09-01,A34SVS,39358.0
1999-10-01,A34SVS,39686.0
1999-11-01,A34SVS,39505.0
1999-12-01,A34SVS,38609.0
2000-01-01,A34SVS,40027.0
2000-02-01,A34SVS,39935.0
2000-03-01,A34SVS,40945.0
2000-04-01,A34SVS,42122.0
2000-05-01,A34SVS,42641.0
2000-06-01,A34SVS,42212.0
2000-07-01,A34SVS,42526.0
2000-08-01,A34SVS,43502.0
2000-09-01,A34SVS,44412.0
2000-10-01,A34SVS,43495.0
2000-11-01,A34SVS,43117.0
2000-12-01,A34SVS,44534.0
2001-01-01,A34SVS,42538.0
2001-02-01,A34SVS,41726.0
2001-03-01,A34SVS,40150.0
2001-04-01,A34SVS,36643.0
2001-05-01,A34SVS,35574.0
2001-06-01,A34SVS,36051.0
2001-07-01,A34SVS,34241.0
2001-08-01,A34SVS,33120.0
2001-09-01,A34SVS,33125.0
2001-10-01,A34SVS,32408.0
2001-11-01,A34SVS,32290.0
2001-12-01,A34SVS,32826.0
2002-01-01,A34SVS,31460.0
2002-02-01,A34SVS,31555.0
2002-03-01,A34SVS,31313.0
2002-04-01,A34SVS,30961.0
2002-05-01,A34SVS,31071.0
2002-06-01,A34SVS,29976.0
2002-07-01,A34SVS,29775.0
2002-08-01,A34SVS,29855.0
2002-09-01,A34SVS,28792.0
2002-10-01,A34SVS,28205.0
2002-11-01,A34SVS,28961.0
2002-12-01,A34SVS,27401.0
2003-01-01,A34SVS,28320.0
2003-02-01,A34SVS,28419.0
2003-03-01,A34SVS,28179.0
2003-04-01,A34SVS,28896.0
2003-05-01,A34SVS,28899.0
2003-06-01,A34SVS,29161.0
2003-07-01,A34SVS,29058.0
2003-08-01,A34SVS,29249.0
2003-09-01,A34SVS,29983.0
2003-10-01,A34SVS,30744.0
2003-11-01,A34SVS,30078.0
2003-12-01,A34SVS,30741.0
2004-01-01,A34SVS,30170.0
2004-02-01,A34SVS,29719.0
2004-03-01,A34SVS,29844.0
2004-04-01,A34SVS,30469.0
2004-05-01,A34SVS,30249.0
2004-06-01,A34SVS,30116.0
2004-07-01,A34SVS,30797.0
2004-08-01,A34SVS,30466.0
2004-09-01,A34SVS,30058.0
2004-10-01,A34SVS,31040.0
2004-11-01,A34SVS,30801.0
2004-12-01,A34SVS,31179.0
2005-01-01,A34SVS,30490.0
2005-02-01,A34SVS,30482.0
2005-03-01,A34SVS,31280.0
2005-04-01,A34SVS,30386.0
2005-05-01,A34SVS,30595.0
2005-06-01,A34SVS,31034.0
2005-07-01,A34SVS,30311.0
2005-08-01,A34SVS,31311.0
2005-09-01,A34SVS,31483.0
2005-10-01,A34SVS,30988.0
2005-11-01,A34SVS,31409.0
2005-12-01,A34SVS,33089.0
2006-01-01,A34SVS,30575.0
2006-02-01,A34SVS,33313.0
2006-03-01,A34SVS,33142.0
2006-04-01,A34SVS,31569.0
2006-05-01,A34SVS,33051.0
2006-06-01,A34SVS,33288.0
2006-07-01,A34SVS,31876.0
2006-08-01,A34SVS,33312.0
2006-09-01,A34SVS,33254.0
2006-10-01,A34SVS,32103.0
2006-11-01,A34SVS,33137.0
2006-12-01,A34SVS,32438.0
2007-01-01,A34SVS,32299.0
2007-02-01,A34SVS,33446.0
2007-03-01,A34SVS,32892.0
2007-04-01,A34SVS,33034.0
2007-05-01,A34SVS,33257.0
2007-06-01,A34SVS,33439.0
2007-07-01,A34SVS,31153.0
2007-08-01,A34SVS,33061.0
2007-09-01,A34SVS,33049.0
2007-10-01,A34SVS,32442.0
2007-11-01,A34SVS,33726.0
2007-12-01,A34SVS,33629.0
2008-01-01,A34SVS,34257.0
2008-02-01,A34SVS,33268.0
2008-03-01,A34SVS,32787.0
2008-04-01,A34SVS,32979.0
2008-05-01,A34SVS,33360.0
2008-06-01,A34SVS,32200.0
2008-07-01,A34SVS,32316.0
2008-08-01,A34SVS,31045.0
2008-09-01,A34SVS,31439.0
2008-10-01,A34SVS,30141.0
2008-11-01,A34SVS,28878.0
2008-12-01,A34SVS,30244.0
2009-01-01,A34SVS,26811.0
2009-02-01,A34SVS,26803.0
2009-03-01,A34SVS,26776.0
2009-04-01,A34SVS,25941.0
2009-05-01,A34SVS,25699.0
2009-06-01,A34SVS,25968.0
2009-07-01,A34SVS,27119.0
2009-08-01,A34SVS,26600.0
2009-09-01,A34SVS,26458.0
2009-10-01,A34SVS,27314.0
2009-11-01,A34SVS,27134.0
2009-12-01,A34SVS,26572.0
2010-01-01,A34SVS,28163.0
2010-02-01,A34SVS,26959.0
2010-03-01,A34SVS,26082.0
2010-04-01,A34SVS,27815.0
2010-05-01,A34SVS,27208.0
2010-06-01,A34SVS,25679.0
2010-07-01,A34SVS,28038.0
2010-08-01,A34SVS,27333.0
2010-09-01,A34SVS,27324.0
2010-10-01,A34SVS,27681.0
2010-11-01,A34SVS,28525.0
2010-12-01,A34SVS,27259.0
2011-01-01,A34SVS,28285.0
2011-02-01,A34SVS,28128.0
2011-03-01,A34SVS,27125.0
2011-04-01,A34SVS,28528.0
2011-05-01,A34SVS,28110.0
2011-06-01,A34SVS,27373.0
2011-07-01,A34SVS,27326.0
2011-08-01,A34SVS,28497.0
2011-09-01,A34SVS,27473.0
2011-10-01,A34SVS,27786.0
2011-11-01,A34SVS,27674.0
2011-12-01,A34SVS,26222.0
2012-01-01,A34SVS,27618.0
2012-02-01,A34SVS,27882.0
2012-03-01,A34SVS,25820.0
2012-04-01,A34SVS,26800.0
2012-05-01,A34SVS,27421.0
2012-06-01,A34SVS,26309.0
2012-07-01,A34SVS,25806.0
2012-08-01,A34SVS,24280.0
2012-09-01,A34SVS,25017.0
2012-10-01,A34SVS,25442.0
2012-11-01,A34SVS,25385.0
2012-12-01,A34SVS,25558.0
2013-01-01,A34SVS,25175.0
2013-02-01,A34SVS,25516.0
2013-03-01,A34SVS,26106.0
2013-04-01,A34SVS,25776.0
2013-05-01,A34SVS,26085.0
2013-06-01,A34SVS,26012.0
2013-07-01,A34SVS,25407.0
2013-08-01,A34SVS,25522.0
2013-09-01,A34SVS,26188.0
2013-10-01,A34SVS,25670.0
2013-11-01,A34SVS,26053.0
2013-12-01,A34SVS,25969.0
2014-01-01,A34SVS,26167.0
2014-02-01,A34SVS,25572.0
2014-03-01,A34SVS,25835.0
2014-04-01,A34SVS,26194.0
2014-05-01,A34SVS,25644.0
2014-06-01,A34SVS,25958.0
2014-07-01,A34SVS,26041.0
2014-08-01,A34SVS,25428.0
2014-09-01,A34SVS,25228.0
2014-10-01,A34SVS,24745.0
2014-11-01,A34SVS,24042.0
2014-12-01,A34SVS,24704.0
2015-01-01,A34SVS,24237.0
2015-02-01,A34SVS,24295.0
2015-03-01,A34SVS,25132.0
2015-04-01,A34SVS,25589.0
2015-05-01,A34SVS,25304.0
2015-06-01,A34SVS,25718.0
2015-07-01,A34SVS,25327.0
2015-08-01,A34SVS,25291.0
2015-09-01,A34SVS,25415.0
2015-10-01,A34SVS,25075.0
2015-11-01,A34SVS,25082.0
2015-12-01,A34SVS,24831.0
2016-01-01,A34SVS,24649.0
2016-02-01,A34SVS,24696.0
2016-03-01,A34SVS,24844.0
2016-04-01,A34SVS,24955.0
2016-05-01,A34SVS,24930.0
2016-06-01,A34SVS,24860.0
2016-07-01,A34SVS,25216.0
2016-08-01,A34SVS,25360.0
2016-09-01,A34SVS,24936.0
2016-10-01,A34SVS,25094.0
2016-11-01,A34SVS,25385.0
2016-12-01,A34SVS,25511.0
2017-01-01,A34SVS,25633.0
2017-02-01,A34SVS,24839.0
2017-03-01,A34SVS,25135.0
2017-04-01,A34SVS,24956.0
2017-05-01,A34SVS,25189.0
2017-06-01,A34SVS,25393.0
2017-07-01,A34SVS,25334.0
2017-08-01,A34SVS,25724.0
2017-09-01,A34SVS,25799.0
2017-10-01,A34SVS,25868.0
2017-11-01,A34SVS,26179.0
2017-12-01,A34SVS,26028.0
2018-01-01,A34SVS,26327.0
2018-02-01,A34SVS,25946.0
2018-03-01,A34SVS,25828.0
2018-04-01,A34SVS,26422.0
2018-05-01,A34SVS,26507.0
2018-06-01,A34SVS,26628.0
2018-07-01,A34SVS,26780.0
2018-08-01,A34SVS,26762.0
2018-09-01,A34SVS,26427.0
2018-10-01,A34SVS,27005.0
2018-11-01,A34SVS,27163.0
2018-12-01,A34SVS,27033.0
2019-01-01,A34SVS,27147.0
2019-02-01,A34SVS,27366.0
2019-03-01,A34SVS,26896.0
2019-04-01,A34SVS,27746.0
2019-05-01,A34SVS,27642.0
2019-06-01,A34SVS,27320.0
2019-07-01,A34SVS,27127.0
2019-08-01,A34SVS,26993.0
2019-09-01,A34SVS,26547.0
2019-10-01,A34SVS,26335.0
2019-11-01,A34SVS,26459.0
2019-12-01,A34SVS,26731.0
2020-01-01,A34SVS,25956.0
2020-02-01,A34SVS,26154.0
2020-03-01,A34SVS,25904.0
2020-04-01,A34SVS,25587.0
2020-05-01,A34SVS,25765.0
2020-06-01,A34SVS,25946.0
2020-07-01,A34SVS,26482.0
2020-08-01,A34SVS,26761.0
2020-09-01,A34SVS,27298.0
2020-10-01,A34SVS,27342.0
2020-11-01,A34SVS,27347.0
2020-12-01,A34SVS,27355.0
2021-01-01,A34SVS,27923.0
2021-02-01,A34SVS,27646.0
2021-03-01,A34SVS,28108.0
2021-04-01,A34SVS,28423.0
2021-05-01,A34SVS,28296.0
2021-06-01,A34SVS,28201.0
2021-07-01,A34SVS,28347.0
2021-08-01,A34SVS,28539.0
2021-09-01,A34SVS,28350.0
2021-10-01,A34SVS,28123.0
2021-11-01,A34SVS,28124.0
2021-12-01,A34SVS,28462.0
2022-01-01,A34SVS,28868.0
2022-02-01,A34SVS,29052.0
2022-03-01,A34SVS,28917.0
2022-04-01,A34SVS,29190.0
2022-05-01,A34SVS,29334.0
2022-06-01,A34SVS,29517.0
2022-07-01,A34SVS,29639.0
2022-08-01,A34SVS,29702.0
2022-09-01,A34SVS,29663.0
2022-10-01,A34SVS,29504.0
2022-11-01,A34SVS,29584.0
2022-12-01,A34SVS,29463.0
2023-01-01,A34SVS,29719.0
2023-02-01,A34SVS,29425.0
2023-03-01,A34SVS,29330.0
2023-04-01,A34SVS,29327.0
2023-05-01,A34SVS,29505.0
2023-06-01,A34SVS,29458.0
2023-07-01,A34SVS,29675.0
2023-08-01,A34SVS,30022.0
2023-09-01,A34SVS,29954.0
2023-10-01,A34SVS,30201.0
2023-11-01,A34SVS,30260.0
2023-12-01,A34SVS,29923.0
2024-01-01,A34SVS,30180.0
2024-02-01,A34SVS,29971.0
2024-03-01,A34SVS,29761.0
2024-04-01,A34SVS,29989.0
2024-05-01,A34SVS,29784.0
2024-06-01,A34SVS,29677.0
2024-07-01,A34SVS,29989.0
2024-08-01,A34SVS,29893.0
2024-09-01,A34SVS,30184.0
2024-10-01,A34SVS,30492.0
2024-11-01,A34SVS,30495.0
2024-12-01,A34SVS,30655.0
2025-01-01,A34SVS,30816.0
2025-02-01,A34SVS,31234.0
2025-03-01,A34SVS,31344.0
2025-04-01,A34SVS,31290.0
2025-05-01,A34SVS,31541.0
2025-06-01,A34SVS,31661.0
2025-07-01,A34SVS,31719.0
2025-08-01,A34SVS,31666.0
2025-09-01,A34SVS,31635.0
2025-10-01,A34SVS,31713.0
2025-11-01,A34SVS,32021.0
2025-12-01,A34SVS,32273.0
2026-01-01,A34SVS,32799.0
2026-02-01,A34SVS,33126.0
2026-03-01,A34SVS,33317.0
2026-04-01,A34SVS,33525.0
2026-05-01,A34SVS,33853.0
2026-06-01,A34SVS,34691.0
2026-07-01,A34SVS,34230.0
2026-08-01,A34SVS,34233.0
1992-02-01,A34SNO,19538.0
1992-03-01,A34SNO,19720.0
1992-04-01,A34SNO,19017.0
1992-05-01,A34SNO,20433.0
1992-06-01,A34SNO,19551.0
1992-07-01,A34SNO,19700.0
1992-08-01,A34SNO,19482.0
1992-09-01,A34SNO,20030.0
1992-10-01,A34SNO,19187.0
1992-11-01,A34SNO,21027.0
1992-12-01,A34SNO,21666.0
1993-01-01,A34SNO,20541.0
1993-02-01,A34SNO,20113.0
1993-03-01,A34SNO,20413.0
1993-04-01,A34SNO,20516.0
1993-05-01,A34SNO,20495.0
1993-06-01,A34SNO,19770.0
1993-07-01,A34SNO,20734.0
1993-08-01,A34SNO,21352.0
1993-09-01,A34SNO,20750.0
1993-10-01,A34SNO,22212.0
1993-11-01,A34SNO,21504.0
1993-12-01,A34SNO,19601.0
1994-01-01,A34SNO,21516.0
1994-02-01,A34SNO,22300.0
1994-03-01,A34SNO,20509.0
1994-04-01,A34SNO,22665.0
1994-05-01,A34SNO,22505.0
1994-06-01,A34SNO,23421.0
1994-07-01,A34SNO,23762.0
1994-08-01,A34SNO,22975.0
1994-09-01,A34SNO,23340.0
1994-10-01,A34SNO,24094.0
1994-11-01,A34SNO,23893.0
1994-12-01,A34SNO,23829.0
1995-01-01,A34SNO,24307.0
1995-02-01,A34SNO,23932.0
1995-03-01,A34SNO,24617.0
1995-04-01,A34SNO,25903.0
1995-05-01,A34SNO,26720.0
1995-06-01,A34SNO,25141.0
1995-07-01,A34SNO,24896.0
1995-08-01,A34SNO,25700.0
1995-09-01,A34SNO,26606.0
1995-10-01,A34SNO,28407.0
1995-11-01,A34SNO,27131.0
1995-12-01,A34SNO,27344.0
1996-01-01,A34SNO,26027.0
1996-02-01,A34SNO,26891.0
1996-03-01,A34SNO,26863.0
1996-04-01,A34SNO,26655.0
1996-05-01,A34SNO,27181.0
1996-06-01,A34SNO,26365.0
1996-07-01,A34SNO,27499.0
1996-08-01,A34SNO,27699.0
1996-09-01,A34SNO,25321.0
1996-10-01,A34SNO,29984.0
1996-11-01,A34SNO,29093.0
1996-12-01,A34SNO,25961.0
1997-01-01,A34SNO,28145.0
1997-02-01,A34SNO,30728.0
1997-03-01,A34SNO,29295.0
1997-04-01,A34SNO,29922.0
1997-05-01,A34SNO,29530.0
1997-06-01,A34SNO,30873.0
1997-07-01,A34SNO,32570.0
1997-08-01,A34SNO,31387.0
1997-09-01,A34SNO,31135.0
1997-10-01,A34SNO,29844.0
1997-11-01,A34SNO,30060.0
1997-12-01,A34SNO,30405.0
1998-01-01,A34SNO,30554.0
1998-02-01,A34SNO,31806.0
1998-03-01,A34SNO,30954.0
1998-04-01,A34SNO,30361.0
1998-05-01,A34SNO,31964.0
1998-06-01,A34SNO,31647.0
1998-07-01,A34SNO,30003.0
1998-08-01,A34SNO,29964.0
1998-09-01,A34SNO,31326.0
1998-10-01,A34SNO,30272.0
1998-11-01,A34SNO,31086.0
1998-12-01,A34SNO,32059.0
1999-01-01,A34SNO,30567.0
1999-02-01,A34SNO,31473.0
1999-03-01,A34SNO,32426.0
1999-04-01,A34SNO,32525.0
1999-05-01,A34SNO,32899.0
1999-06-01,A34SNO,32866.0
1999-07-01,A34SNO,34503.0
1999-08-01,A34SNO,34023.0
1999-09-01,A34SNO,34873.0
1999-10-01,A34SNO,35455.0
1999-11-01,A34SNO,34822.0
1999-12-01,A34SNO,36855.0
2000-01-01,A34SNO,34317.0
2000-02-01,A34SNO,33171.0
2000-03-01,A34SNO,35912.0
2000-04-01,A34SNO,36415.0
2000-05-01,A34SNO,36124.0
2000-06-01,A34SNO,41154.0
2000-07-01,A34SNO,35704.0
2000-08-01,A34SNO,37713.0
2000-09-01,A34SNO,37504.0
2000-10-01,A34SNO,36320.0
2000-11-01,A34SNO,36567.0
2000-12-01,A34SNO,34449.0
2001-01-01,A34SNO,33966.0
2001-02-01,A34SNO,33420.0
2001-03-01,A34SNO,30957.0
2001-04-01,A34SNO,27554.0
2001-05-01,A34SNO,28736.0
2001-06-01,A34SNO,29088.0
2001-07-01,A34SNO,27625.0
2001-08-01,A34SNO,27598.0
2001-09-01,A34SNO,26632.0
2001-10-01,A34SNO,26377.0
2001-11-01,A34SNO,27061.0
2001-12-01,A34SNO,26986.0
2002-01-01,A34SNO,23957.0
2002-02-01,A34SNO,25330.0
2002-03-01,A34SNO,24249.0
2002-04-01,A34SNO,25393.0
2002-05-01,A34SNO,25011.0
2002-06-01,A34SNO,23810.0
2002-07-01,A34SNO,23565.0
2002-08-01,A34SNO,23643.0
2002-09-01,A34SNO,21537.0
2002-10-01,A34SNO,21460.0
2002-11-01,A34SNO,23049.0
2002-12-01,A34SNO,22776.0
2003-01-01,A34SNO,22955.0
2003-02-01,A34SNO,23152.0
2003-03-01,A34SNO,22826.0
2003-04-01,A34SNO,23420.0
2003-05-01,A34SNO,24063.0
2003-06-01,A34SNO,23387.0
2003-07-01,A34SNO,23871.0
2003-08-01,A34SNO,24607.0
2003-09-01,A34SNO,25217.0
2003-10-01,A34SNO,26376.0
2003-11-01,A34SNO,24876.0
2003-12-01,A34SNO,26323.0
2004-01-01,A34SNO,24374.0
2004-02-01,A34SNO,24571.0
2004-03-01,A34SNO,25899.0
2004-04-01,A34SNO,24683.0
2004-05-01,A34SNO,25327.0
2004-06-01,A34SNO,24662.0
2004-07-01,A34SNO,23513.0
2004-08-01,A34SNO,23646.0
2004-09-01,A34SNO,25956.0
2004-10-01,A34SNO,25080.0
2004-11-01,A34SNO,24707.0
2004-12-01,A34SNO,25105.0
2005-01-01,A34SNO,25188.0
2005-02-01,A34SNO,25326.0
2005-03-01,A34SNO,25735.0
2005-04-01,A34SNO,24351.0
2005-05-01,A34SNO,24635.0
2005-06-01,A34SNO,26798.0
2005-07-01,A34SNO,23857.0
2005-08-01,A34SNO,26049.0
2005-09-01,A34SNO,24689.0
2005-10-01,A34SNO,24296.0
2005-11-01,A34SNO,25067.0
2005-12-01,A34SNO,25292.0
2006-01-01,A34SNO,25290.0
2006-02-01,A34SNO,26526.0
2006-03-01,A34SNO,28871.0
2006-04-01,A34SNO,28248.0
2006-05-01,A34SNO,26587.0
2006-06-01,A34SNO,27806.0
2006-07-01,A34SNO,27889.0
2006-08-01,A34SNO,27522.0
2006-09-01,A34SNO,28459.0
2006-10-01,A34SNO,26844.0
2006-11-01,A34SNO,29456.0
2006-12-01,A34SNO,28059.0
2007-01-01,A34SNO,26084.0
2007-02-01,A34SNO,28525.0
2007-03-01,A34SNO,24998.0
2007-04-01,A34SNO,26997.0
2007-05-01,A34SNO,28272.0
2007-06-01,A34SNO,26272.0
2007-07-01,A34SNO,26859.0
2007-08-01,A34SNO,28016.0
2007-09-01,A34SNO,27589.0
2007-10-01,A34SNO,27360.0
2007-11-01,A34SNO,26942.0
2007-12-01,A34SNO,27226.0
2008-01-01,A34SNO,27824.0
2008-02-01,A34SNO,27257.0
2008-03-01,A34SNO,26952.0
2008-04-01,A34SNO,27245.0
2008-05-01,A34SNO,27941.0
2008-06-01,A34SNO,27929.0
2008-07-01,A34SNO,25458.0
2008-08-01,A34SNO,26089.0
2008-09-01,A34SNO,26400.0
2008-10-01,A34SNO,23958.0
2008-11-01,A34SNO,25442.0
2008-12-01,A34SNO,24007.0
2009-01-01,A34SNO,21324.0
2009-02-01,A34SNO,22732.0
2009-03-01,A34SNO,23032.0
2009-04-01,A34SNO,21268.0
2009-05-01,A34SNO,21614.0
2009-06-01,A34SNO,22222.0
2009-07-01,A34SNO,22050.0
2009-08-01,A34SNO,21340.0
2009-09-01,A34SNO,22631.0
2009-10-01,A34SNO,21899.0
2009-11-01,A34SNO,22262.0
2009-12-01,A34SNO,22004.0
2010-01-01,A34SNO,22392.0
2010-02-01,A34SNO,21631.0
2010-03-01,A34SNO,22797.0
2010-04-01,A34SNO,22672.0
2010-05-01,A34SNO,22218.0
2010-06-01,A34SNO,21992.0
2010-07-01,A34SNO,22231.0
2010-08-01,A34SNO,22976.0
2010-09-01,A34SNO,23547.0
2010-10-01,A34SNO,21199.0
2010-11-01,A34SNO,23319.0
2010-12-01,A34SNO,23852.0
2011-01-01,A34SNO,23892.0
2011-02-01,A34SNO,23634.0
2011-03-01,A34SNO,22813.0
2011-04-01,A34SNO,23190.0
2011-05-01,A34SNO,23217.0
2011-06-01,A34SNO,23336.0
2011-07-01,A34SNO,22682.0
2011-08-01,A34SNO,23767.0
2011-09-01,A34SNO,23688.0
2011-10-01,A34SNO,23904.0
2011-11-01,A34SNO,23401.0
2011-12-01,A34SNO,23424.0
2012-01-01,A34SNO,23072.0
2012-02-01,A34SNO,23866.0
2012-03-01,A34SNO,23024.0
2012-04-01,A34SNO,23128.0
2012-05-01,A34SNO,23546.0
2012-06-01,A34SNO,21396.0
2012-07-01,A34SNO,21584.0
2012-08-01,A34SNO,20751.0
2012-09-01,A34SNO,20890.0
2012-10-01,A34SNO,21073.0
2012-11-01,A34SNO,21301.0
2012-12-01,A34SNO,22244.0
2013-01-01,A34SNO,20924.0
2013-02-01,A34SNO,20275.0
2013-03-01,A34SNO,19648.0
2013-04-01,A34SNO,21394.0
2013-05-01,A34SNO,21858.0
2013-06-01,A34SNO,21549.0
2013-07-01,A34SNO,20996.0
2013-08-01,A34SNO,19973.0
2013-09-01,A34SNO,20874.0
2013-10-01,A34SNO,21399.0
2013-11-01,A34SNO,21850.0
2013-12-01,A34SNO,20495.0
2014-01-01,A34SNO,21429.0
2014-02-01,A34SNO,21244.0
2014-03-01,A34SNO,21542.0
2014-04-01,A34SNO,21546.0
2014-05-01,A34SNO,20879.0
2014-06-01,A34SNO,21729.0
2014-07-01,A34SNO,21169.0
2014-08-01,A34SNO,21563.0
2014-09-01,A34SNO,21246.0
2014-10-01,A34SNO,20613.0
2014-11-01,A34SNO,19957.0
2014-12-01,A34SNO,20150.0
2015-01-01,A34SNO,19556.0
2015-02-01,A34SNO,19358.0
2015-03-01,A34SNO,21263.0
2015-04-01,A34SNO,20496.0
2015-05-01,A34SNO,20140.0
2015-06-01,A34SNO,20746.0
2015-07-01,A34SNO,20745.0
2015-08-01,A34SNO,20580.0
2015-09-01,A34SNO,20347.0
2015-10-01,A34SNO,20245.0
2015-11-01,A34SNO,20171.0
2015-12-01,A34SNO,20673.0
2016-01-01,A34SNO,20876.0
2016-02-01,A34SNO,21206.0
2016-03-01,A34SNO,21034.0
2016-04-01,A34SNO,21758.0
2016-05-01,A34SNO,21611.0
2016-06-01,A34SNO,21449.0
2016-07-01,A34SNO,21529.0
2016-08-01,A34SNO,21480.0
2016-09-01,A34SNO,21152.0
2016-10-01,A34SNO,20990.0
2016-11-01,A34SNO,20861.0
2016-12-01,A34SNO,21483.0
2017-01-01,A34SNO,21216.0
2017-02-01,A34SNO,21512.0
2017-03-01,A34SNO,20900.0
2017-04-01,A34SNO,21350.0
2017-05-01,A34SNO,21175.0
2017-06-01,A34SNO,21015.0
2017-07-01,A34SNO,21789.0
2017-08-01,A34SNO,21779.0
2017-09-01,A34SNO,22577.0
2017-10-01,A34SNO,22295.0
2017-11-01,A34SNO,22767.0
2017-12-01,A34SNO,22126.0
2018-01-01,A34SNO,21876.0
2018-02-01,A34SNO,22026.0
2018-03-01,A34SNO,21747.0
2018-04-01,A34SNO,22440.0
2018-05-01,A34SNO,22716.0
2018-06-01,A34SNO,22836.0
2018-07-01,A34SNO,22970.0
2018-08-01,A34SNO,22856.0
2018-09-01,A34SNO,22545.0
2018-10-01,A34SNO,23254.0
2018-11-01,A34SNO,23366.0
2018-12-01,A34SNO,23343.0
2019-01-01,A34SNO,22967.0
2019-02-01,A34SNO,23016.0
2019-03-01,A34SNO,23250.0
2019-04-01,A34SNO,23818.0
2019-05-01,A34SNO,23512.0
2019-06-01,A34SNO,23393.0
2019-07-01,A34SNO,23189.0
2019-08-01,A34SNO,23042.0
2019-09-01,A34SNO,22922.0
2019-10-01,A34SNO,22529.0
2019-11-01,A34SNO,22350.0
2019-12-01,A34SNO,22570.0
2020-01-01,A34SNO,22796.0
2020-02-01,A34SNO,23006.0
2020-03-01,A34SNO,22648.0
2020-04-01,A34SNO,22584.0
2020-05-01,A34SNO,22651.0
2020-06-01,A34SNO,22760.0
2020-07-01,A34SNO,23027.0
2020-08-01,A34SNO,23404.0
2020-09-01,A34SNO,23397.0
2020-10-01,A34SNO,24196.0
2020-11-01,A34SNO,24147.0
2020-12-01,A34SNO,24299.0
2021-01-01,A34SNO,22657.0
2021-02-01,A34SNO,22920.0
2021-03-01,A34SNO,22931.0
2021-04-01,A34SNO,23219.0
2021-05-01,A34SNO,23212.0
2021-06-01,A34SNO,23243.0
2021-07-01,A34SNO,23169.0
2021-08-01,A34SNO,23851.0
2021-09-01,A34SNO,23426.0
2021-10-01,A34SNO,23258.0
2021-11-01,A34SNO,24365.0
2021-12-01,A34SNO,24000.0
2022-01-01,A34SNO,24951.0
2022-02-01,A34SNO,24829.0
2022-03-01,A34SNO,24866.0
2022-04-01,A34SNO,25011.0
2022-05-01,A34SNO,25136.0
2022-06-01,A34SNO,25024.0
2022-07-01,A34SNO,25470.0
2022-08-01,A34SNO,25449.0
2022-09-01,A34SNO,25076.0
2022-10-01,A34SNO,24651.0
2022-11-01,A34SNO,24806.0
2022-12-01,A34SNO,24587.0
2023-01-01,A34SNO,24005.0
2023-02-01,A34SNO,24255.0
2023-03-01,A34SNO,24613.0
2023-04-01,A34SNO,24360.0
2023-05-01,A34SNO,24346.0
2023-06-01,A34SNO,24640.0
2023-07-01,A34SNO,24778.0
2023-08-01,A34SNO,24949.0
2023-09-01,A34SNO,25148.0
2023-10-01,A34SNO,25316.0
2023-11-01,A34SNO,25423.0
2023-12-01,A34SNO,25075.0
2024-01-01,A34SNO,25527.0
2024-02-01,A34SNO,25258.0
2024-03-01,A34SNO,25104.0
2024-04-01,A34SNO,25247.0
2024-05-01,A34SNO,25269.0
2024-06-01,A34SNO,25253.0
2024-07-01,A34SNO,25551.0
2024-08-01,A34SNO,25580.0
2024-09-01,A34SNO,25755.0
2024-10-01,A34SNO,25716.0
2024-11-01,A34SNO,25550.0
2024-12-01,A34SNO,25946.0
2025-01-01,A34SNO,26138.0
2025-02-01,A34SNO,26187.0
2025-03-01,A34SNO,25733.0
2025-04-01,A34SNO,25858.0
2025-05-01,A34SNO,26397.0
2025-06-01,A34SNO,26639.0
2025-07-01,A34SNO,26786.0
2025-08-01,A34SNO,26485.0
2025-09-01,A34SNO,26803.0
2025-10-01,A34SNO,26863.0
2025-11-01,A34SNO,27015.0
2025-12-01,A34SNO,27945.0
2026-01-01,A34SNO,28163.0
2026-02-01,A34SNO,28559.0
2026-03-01,A34SNO,29926.0
2026-04-01,A34SNO,29813.0
2026-05-01,A34SNO,30134.0
2026-06-01,A34SNO,31073.0
2026-07-01,A34SNO,30873.0
2026-08-01,A34SNO,30868.0
1992-01-01,A34STI,45630.0
1992-02-01,A34STI,45339.0
1992-03-01,A34STI,45510.0
1992-04-01,A34STI,45002.0
1992-05-01,A34STI,44686.0
1992-06-01,A34STI,44498.0
1992-07-01,A34STI,44281.0
1992-08-01,A34STI,44686.0
1992-09-01,A34STI,45227.0
1992-10-01,A34STI,44604.0
1992-11-01,A34STI,44392.0
1992-12-01,A34STI,44469.0
1993-01-01,A34STI,43790.0
1993-02-01,A34STI,43902.0
1993-03-01,A34STI,43625.0
1993-04-01,A34STI,43479.0
1993-05-01,A34STI,43992.0
1993-06-01,A34STI,43966.0
1993-07-01,A34STI,44043.0
1993-08-01,A34STI,43897.0
1993-09-01,A34STI,43891.0
1993-10-01,A34STI,44136.0
1993-11-01,A34STI,43957.0
1993-12-01,A34STI,43974.0
1994-01-01,A34STI,43999.0
1994-02-01,A34STI,44245.0
1994-03-01,A34STI,44891.0
1994-04-01,A34STI,45066.0
1994-05-01,A34STI,45192.0
1994-06-01,A34STI,45860.0
1994-07-01,A34STI,45927.0
1994-08-01,A34STI,46237.0
1994-09-01,A34STI,46203.0
1994-10-01,A34STI,46397.0
1994-11-01,A34STI,46676.0
1994-12-01,A34STI,47029.0
1995-01-01,A34STI,47739.0
1995-02-01,A34STI,48381.0
1995-03-01,A34STI,48236.0
1995-04-01,A34STI,48678.0
1995-05-01,A34STI,49002.0
1995-06-01,A34STI,49583.0
1995-07-01,A34STI,50210.0
1995-08-01,A34STI,50756.0
1995-09-01,A34STI,51869.0
1995-10-01,A34STI,53019.0
1995-11-01,A34STI,52831.0
1995-12-01,A34STI,53626.0
1996-01-01,A34STI,54924.0
1996-02-01,A34STI,54250.0
1996-03-01,A34STI,53967.0
1996-04-01,A34STI,54207.0
1996-05-01,A34STI,53776.0
1996-06-01,A34STI,53193.0
1996-07-01,A34STI,53061.0
1996-08-01,A34STI,52711.0
1996-09-01,A34STI,52493.0
1996-10-01,A34STI,52166.0
1996-11-01,A34STI,51661.0
1996-12-01,A34STI,50879.0
1997-01-01,A34STI,51517.0
1997-02-01,A34STI,51576.0
1997-03-01,A34STI,51681.0
1997-04-01,A34STI,52089.0
1997-05-01,A34STI,52657.0
1997-06-01,A34STI,52835.0
1997-07-01,A34STI,54109.0
1997-08-01,A34STI,54475.0
1997-09-01,A34STI,54595.0
1997-10-01,A34STI,54873.0
1997-11-01,A34STI,55111.0
1997-12-01,A34STI,55198.0
1998-01-01,A34STI,55388.0
1998-02-01,A34STI,55517.0
1998-03-01,A34STI,55916.0
1998-04-01,A34STI,55818.0
1998-05-01,A34STI,55616.0
1998-06-01,A34STI,55029.0
1998-07-01,A34STI,54284.0
1998-08-01,A34STI,53949.0
1998-09-01,A34STI,53671.0
1998-10-01,A34STI,53508.0
1998-11-01,A34STI,52821.0
1998-12-01,A34STI,51925.0
1999-01-01,A34STI,51463.0
1999-02-01,A34STI,52063.0
1999-03-01,A34STI,53414.0
1999-04-01,A34STI,53324.0
1999-05-01,A34STI,53456.0
1999-06-01,A34STI,53469.0
1999-07-01,A34STI,53232.0
1999-08-01,A34STI,53645.0
1999-09-01,A34STI,54285.0
1999-10-01,A34STI,53547.0
1999-11-01,A34STI,53628.0
1999-12-01,A34STI,54888.0
2000-01-01,A34STI,54610.0
2000-02-01,A34STI,55150.0
2000-03-01,A34STI,55963.0
2000-04-01,A34STI,56984.0
2000-05-01,A34STI,58148.0
2000-06-01,A34STI,59228.0
2000-07-01,A34STI,60276.0
2000-08-01,A34STI,61374.0
2000-09-01,A34STI,61355.0
2000-10-01,A34STI,62712.0
2000-11-01,A34STI,64302.0
2000-12-01,A34STI,65288.0
2001-01-01,A34STI,66440.0
2001-02-01,A34STI,66128.0
2001-03-01,A34STI,64380.0
2001-04-01,A34STI,63239.0
2001-05-01,A34STI,62398.0
2001-06-01,A34STI,61845.0
2001-07-01,A34STI,60062.0
2001-08-01,A34STI,58836.0
2001-09-01,A34STI,56573.0
2001-10-01,A34STI,54758.0
2001-11-01,A34STI,53302.0
2001-12-01,A34STI,51188.0
2002-01-01,A34STI,51299.0
2002-02-01,A34STI,50442.0
2002-03-01,A34STI,49973.0
2002-04-01,A34STI,49605.0
2002-05-01,A34STI,49068.0
2002-06-01,A34STI,48236.0
2002-07-01,A34STI,48094.0
2002-08-01,A34STI,47955.0
2002-09-01,A34STI,47668.0
2002-10-01,A34STI,47086.0
2002-11-01,A34STI,46724.0
2002-12-01,A34STI,46208.0
2003-01-01,A34STI,45324.0
2003-02-01,A34STI,44986.0
2003-03-01,A34STI,44388.0
2003-04-01,A34STI,43631.0
2003-05-01,A34STI,43138.0
2003-06-01,A34STI,42380.0
2003-07-01,A34STI,41851.0
2003-08-01,A34STI,41303.0
2003-09-01,A34STI,41176.0
2003-10-01,A34STI,41158.0
2003-11-01,A34STI,40615.0
2003-12-01,A34STI,41144.0
2004-01-01,A34STI,39769.0
2004-02-01,A34STI,39340.0
2004-03-01,A34STI,39841.0
2004-04-01,A34STI,39879.0
2004-05-01,A34STI,39765.0
2004-06-01,A34STI,40149.0
2004-07-01,A34STI,39996.0
2004-08-01,A34STI,39794.0
2004-09-01,A34STI,39585.0
2004-10-01,A34STI,39810.0
2004-11-01,A34STI,39213.0
2004-12-01,A34STI,38946.0
2005-01-01,A34STI,39643.0
2005-02-01,A34STI,39888.0
2005-03-01,A34STI,39910.0
2005-04-01,A34STI,40098.0
2005-05-01,A34STI,40752.0
2005-06-01,A34STI,41014.0
2005-07-01,A34STI,41940.0
2005-08-01,A34STI,42490.0
2005-09-01,A34STI,43059.0
2005-10-01,A34STI,43750.0
2005-11-01,A34STI,44684.0
2005-12-01,A34STI,44892.0
2006-01-01,A34STI,45415.0
2006-02-01,A34STI,44742.0
2006-03-01,A34STI,45484.0
2006-04-01,A34STI,45893.0
2006-05-01,A34STI,46096.0
2006-06-01,A34STI,46183.0
2006-07-01,A34STI,46624.0
2006-08-01,A34STI,47256.0
2006-09-01,A34STI,46931.0
2006-10-01,A34STI,47003.0
2006-11-01,A34STI,47032.0
2006-12-01,A34STI,46459.0
2007-01-01,A34STI,46868.0
2007-02-01,A34STI,46803.0
2007-03-01,A34STI,46584.0
2007-04-01,A34STI,46280.0
2007-05-01,A34STI,46573.0
2007-06-01,A34STI,45962.0
2007-07-01,A34STI,44356.0
2007-08-01,A34STI,44535.0
2007-09-01,A34STI,45276.0
2007-10-01,A34STI,45209.0
2007-11-01,A34STI,45379.0
2007-12-01,A34STI,45528.0
2008-01-01,A34STI,45344.0
2008-02-01,A34STI,45398.0
2008-03-01,A34STI,45530.0
2008-04-01,A34STI,45420.0
2008-05-01,A34STI,45343.0
2008-06-01,A34STI,44763.0
2008-07-01,A34STI,44900.0
2008-08-01,A34STI,44824.0
2008-09-01,A34STI,44365.0
2008-10-01,A34STI,44306.0
2008-11-01,A34STI,43943.0
2008-12-01,A34STI,43843.0
2009-01-01,A34STI,43347.0
2009-02-01,A34STI,43335.0
2009-03-01,A34STI,42295.0
2009-04-01,A34STI,42356.0
2009-05-01,A34STI,41951.0
2009-06-01,A34STI,40791.0
2009-07-01,A34STI,40413.0
2009-08-01,A34STI,40131.0
2009-09-01,A34STI,40467.0
2009-10-01,A34STI,40441.0
2009-11-01,A34STI,40545.0
2009-12-01,A34STI,41151.0
2010-01-01,A34STI,40461.0
2010-02-01,A34STI,40648.0
2010-03-01,A34STI,40448.0
2010-04-01,A34STI,40373.0
2010-05-01,A34STI,40893.0
2010-06-01,A34STI,41888.0
2010-07-01,A34STI,41844.0
2010-08-01,A34STI,42091.0
2010-09-01,A34STI,42328.0
2010-10-01,A34STI,42853.0
2010-11-01,A34STI,42949.0
2010-12-01,A34STI,42997.0
2011-01-01,A34STI,43217.0
2011-02-01,A34STI,43960.0
2011-03-01,A34STI,44678.0
2011-04-01,A34STI,44875.0
2011-05-01,A34STI,45242.0
2011-06-01,A34STI,45330.0
2011-07-01,A34STI,45547.0
2011-08-01,A34STI,45656.0
2011-09-01,A34STI,45393.0
2011-10-01,A34STI,45451.0
2011-11-01,A34STI,45442.0
2011-12-01,A34STI,45166.0
2012-01-01,A34STI,45254.0
2012-02-01,A34STI,44879.0
2012-03-01,A34STI,45484.0
2012-04-01,A34STI,45423.0
2012-05-01,A34STI,44963.0
2012-06-01,A34STI,44052.0
2012-07-01,A34STI,44436.0
2012-08-01,A34STI,44396.0
2012-09-01,A34STI,44396.0
2012-10-01,A34STI,44215.0
2012-11-01,A34STI,44305.0
2012-12-01,A34STI,43883.0
2013-01-01,A34STI,43899.0
2013-02-01,A34STI,43265.0
2013-03-01,A34STI,42950.0
2013-04-01,A34STI,43001.0
2013-05-01,A34STI,43115.0
2013-06-01,A34STI,43278.0
2013-07-01,A34STI,43117.0
2013-08-01,A34STI,42775.0
2013-09-01,A34STI,43122.0
2013-10-01,A34STI,42737.0
2013-11-01,A34STI,42803.0
2013-12-01,A34STI,43112.0
2014-01-01,A34STI,42543.0
2014-02-01,A34STI,42422.0
2014-03-01,A34STI,42213.0
2014-04-01,A34STI,41797.0
2014-05-01,A34STI,42487.0
2014-06-01,A34STI,42033.0
2014-07-01,A34STI,41882.0
2014-08-01,A34STI,42047.0
2014-09-01,A34STI,41897.0
2014-10-01,A34STI,42098.0
2014-11-01,A34STI,41817.0
2014-12-01,A34STI,41664.0
2015-01-01,A34STI,42032.0
2015-02-01,A34STI,42504.0
2015-03-01,A34STI,42605.0
2015-04-01,A34STI,43144.0
2015-05-01,A34STI,43248.0
2015-06-01,A34STI,43588.0
2015-07-01,A34STI,43701.0
2015-08-01,A34STI,43562.0
2015-09-01,A34STI,43232.0
2015-10-01,A34STI,43334.0
2015-11-01,A34STI,43306.0
2015-12-01,A34STI,43541.0
2016-01-01,A34STI,43413.0
2016-02-01,A34STI,43300.0
2016-03-01,A34STI,43670.0
2016-04-01,A34STI,43723.0
2016-05-01,A34STI,43624.0
2016-06-01,A34STI,43499.0
2016-07-01,A34STI,43556.0
2016-08-01,A34STI,43592.0
2016-09-01,A34STI,43331.0
2016-10-01,A34STI,43359.0
2016-11-01,A34STI,43307.0
2016-12-01,A34STI,43122.0
2017-01-01,A34STI,43425.0
2017-02-01,A34STI,43588.0
2017-03-01,A34STI,43466.0
2017-04-01,A34STI,43570.0
2017-05-01,A34STI,43712.0
2017-06-01,A34STI,43859.0
2017-07-01,A34STI,43954.0
2017-08-01,A34STI,44253.0
2017-09-01,A34STI,44149.0
2017-10-01,A34STI,44466.0
2017-11-01,A34STI,44391.0
2017-12-01,A34STI,44362.0
2018-01-01,A34STI,44488.0
2018-02-01,A34STI,45479.0
2018-03-01,A34STI,45338.0
2018-04-01,A34STI,45654.0
2018-05-01,A34STI,45955.0
2018-06-01,A34STI,46100.0
2018-07-01,A34STI,46332.0
2018-08-01,A34STI,46502.0
2018-09-01,A34STI,47162.0
2018-10-01,A34STI,47076.0
2018-11-01,A34STI,47377.0
2018-12-01,A34STI,48261.0
2019-01-01,A34STI,48376.0
2019-02-01,A34STI,48341.0
2019-03-01,A34STI,47996.0
2019-04-01,A34STI,48074.0
2019-05-01,A34STI,48181.0
2019-06-01,A34STI,48386.0
2019-07-01,A34STI,48267.0
2019-08-01,A34STI,48604.0
2019-09-01,A34STI,48768.0
2019-10-01,A34STI,48622.0
2019-11-01,A34STI,48977.0
2019-12-01,A34STI,49067.0
2020-01-01,A34STI,49091.0
2020-02-01,A34STI,49168.0
2020-03-01,A34STI,49471.0
2020-04-01,A34STI,49758.0
2020-05-01,A34STI,49938.0
2020-06-01,A34STI,49967.0
2020-07-01,A34STI,50002.0
2020-08-01,A34STI,49733.0
2020-09-01,A34STI,49525.0
2020-10-01,A34STI,49692.0
2020-11-01,A34STI,49781.0
2020-12-01,A34STI,49788.0
2021-01-01,A34STI,50212.0
2021-02-01,A34STI,50631.0
2021-03-01,A34STI,51066.0
2021-04-01,A34STI,51402.0
2021-05-01,A34STI,52141.0
2021-06-01,A34STI,53063.0
2021-07-01,A34STI,53491.0
2021-08-01,A34STI,54007.0
2021-09-01,A34STI,54803.0
2021-10-01,A34STI,55210.0
2021-11-01,A34STI,55842.0
2021-12-01,A34STI,56695.0
2022-01-01,A34STI,57662.0
2022-02-01,A34STI,58233.0
2022-03-01,A34STI,59250.0
2022-04-01,A34STI,60241.0
2022-05-01,A34STI,60903.0
2022-06-01,A34STI,62108.0
2022-07-01,A34STI,63027.0
2022-08-01,A34STI,63647.0
2022-09-01,A34STI,64575.0
2022-10-01,A34STI,65379.0
2022-11-01,A34STI,66090.0
2022-12-01,A34STI,66846.0
2023-01-01,A34STI,66832.0
2023-02-01,A34STI,66711.0
2023-03-01,A34STI,66641.0
2023-04-01,A34STI,66628.0
2023-05-01,A34STI,66566.0
2023-06-01,A34STI,66433.0
2023-07-01,A34STI,66645.0
2023-08-01,A34STI,67323.0
2023-09-01,A34STI,67045.0
2023-10-01,A34STI,67196.0
2023-11-01,A34STI,67416.0
2023-12-01,A34STI,67480.0
2024-01-01,A34STI,67302.0
2024-02-01,A34STI,67333.0
2024-03-01,A34STI,67189.0
2024-04-01,A34STI,67031.0
2024-05-01,A34STI,67088.0
2024-06-01,A34STI,66888.0
2024-07-01,A34STI,66852.0
2024-08-01,A34STI,66881.0
2024-09-01,A34STI,66761.0
2024-10-01,A34STI,66869.0
2024-11-01,A34STI,66643.0
2024-12-01,A34STI,66549.0
2025-01-01,A34STI,66576.0
2025-02-01,A34STI,66644.0
2025-03-01,A34STI,66866.0
2025-04-01,A34STI,66893.0
2025-05-01,A34STI,67003.0
2025-06-01,A34STI,67219.0
2025-07-01,A34STI,67261.0
2025-08-01,A34STI,67311.0
2025-09-01,A34STI,67355.0
2025-10-01,A34STI,67345.0
2025-11-01,A34STI,67512.0
2025-12-01,A34STI,67523.0
2026-01-01,A34STI,67402.0
2026-02-01,A34STI,67607.0
2026-03-01,A34STI,67785.0
2026-04-01,A34STI,67830.0
2026-05-01,A34STI,67915.0
2026-06-01,A34STI,68513.0
2026-07-01,A34STI,68601.0
2026-08-01,A34STI,68742.0
1992-01-01,A34SIS,2.04
1992-02-01,A34SIS,2.07
1992-03-01,A34SIS,2.03
1992-04-01,A34SIS,1.95
1992-05-01,A34SIS,1.94
1992-06-01,A34SIS,1.96
1992-07-01,A34SIS,1.91
1992-08-01,A34SIS,1.98
1992-09-01,A34SIS,1.98
1992-10-01,A34SIS,1.95
1992-11-01,A34SIS,1.93
1992-12-01,A34SIS,1.9
1993-01-01,A34SIS,1.89
1993-02-01,A34SIS,1.87
1993-03-01,A34SIS,1.87
1993-04-01,A34SIS,1.89
1993-05-01,A34SIS,1.89
1993-06-01,A34SIS,1.82
1993-07-01,A34SIS,1.85
1993-08-01,A34SIS,1.83
1993-09-01,A34SIS,1.81
1993-10-01,A34SIS,1.8
1993-11-01,A34SIS,1.77
1993-12-01,A34SIS,1.77
1994-01-01,A34SIS,1.75
1994-02-01,A34SIS,1.72
1994-03-01,A34SIS,1.78
1994-04-01,A34SIS,1.7
1994-05-01,A34SIS,1.71
1994-06-01,A34SIS,1.74
1994-07-01,A34SIS,1.68
1994-08-01,A34SIS,1.7
1994-09-01,A34SIS,1.72
1994-10-01,A34SIS,1.69
1994-11-01,A34SIS,1.64
1994-12-01,A34SIS,1.67
1995-01-01,A34SIS,1.66
1995-02-01,A34SIS,1.67
1995-03-01,A34SIS,1.66
1995-04-01,A34SIS,1.63
1995-05-01,A34SIS,1.6
1995-06-01,A34SIS,1.61
1995-07-01,A34SIS,1.66
1995-08-01,A34SIS,1.61
1995-09-01,A34SIS,1.61
1995-10-01,A34SIS,1.65
1995-11-01,A34SIS,1.63
1995-12-01,A34SIS,1.61
1996-01-01,A34SIS,1.75
1996-02-01,A34SIS,1.71
1996-03-01,A34SIS,1.63
1996-04-01,A34SIS,1.67
1996-05-01,A34SIS,1.63
1996-06-01,A34SIS,1.61
1996-07-01,A34SIS,1.63
1996-08-01,A34SIS,1.59
1996-09-01,A34SIS,1.58
1996-10-01,A34SIS,1.53
1996-11-01,A34SIS,1.49
1996-12-01,A34SIS,1.46
1997-01-01,A34SIS,1.51
1997-02-01,A34SIS,1.46
1997-03-01,A34SIS,1.42
1997-04-01,A34SIS,1.44
1997-05-01,A34SIS,1.47
1997-06-01,A34SIS,1.42
1997-07-01,A34SIS,1.45
1997-08-01,A34SIS,1.44
1997-09-01,A34SIS,1.44
1997-10-01,A34SIS,1.48
1997-11-01,A34SIS,1.52
1997-12-01,A34SIS,1.48
1998-01-01,A34SIS,1.56
1998-02-01,A34SIS,1.48
1998-03-01,A34SIS,1.5
1998-04-01,A34SIS,1.53
1998-05-01,A34SIS,1.54
1998-06-01,A34SIS,1.48
1998-07-01,A34SIS,1.5
1998-08-01,A34SIS,1.49
1998-09-01,A34SIS,1.42
1998-10-01,A34SIS,1.44
1998-11-01,A34SIS,1.41
1998-12-01,A34SIS,1.36
1999-01-01,A34SIS,1.37
1999-02-01,A34SIS,1.36
1999-03-01,A34SIS,1.41
1999-04-01,A34SIS,1.38
1999-05-01,A34SIS,1.37
1999-06-01,A34SIS,1.35
1999-07-01,A34SIS,1.32
1999-08-01,A34SIS,1.36
1999-09-01,A34SIS,1.38
1999-10-01,A34SIS,1.35
1999-11-01,A34SIS,1.36
1999-12-01,A34SIS,1.42
2000-01-01,A34SIS,1.36
2000-02-01,A34SIS,1.38
2000-03-01,A34SIS,1.37
2000-04-01,A34SIS,1.35
2000-05-01,A34SIS,1.36
2000-06-01,A34SIS,1.4
2000-07-01,A34SIS,1.42
2000-08-01,A34SIS,1.41
2000-09-01,A34SIS,1.38
2000-10-01,A34SIS,1.44
2000-11-01,A34SIS,1.49
2000-12-01,A34SIS,1.47
2001-01-01,A34SIS,1.56
2001-02-01,A34SIS,1.58
2001-03-01,A34SIS,1.6
2001-04-01,A34SIS,1.73
2001-05-01,A34SIS,1.75
2001-06-01,A34SIS,1.72
2001-07-01,A34SIS,1.75
2001-08-01,A34SIS,1.78
2001-09-01,A34SIS,1.71
2001-10-01,A34SIS,1.69
2001-11-01,A34SIS,1.65
2001-12-01,A34SIS,1.56
2002-01-01,A34SIS,1.63
2002-02-01,A34SIS,1.6
2002-03-01,A34SIS,1.6
2002-04-01,A34SIS,1.6
2002-05-01,A34SIS,1.58
2002-06-01,A34SIS,1.61
2002-07-01,A34SIS,1.62
2002-08-01,A34SIS,1.61
2002-09-01,A34SIS,1.66
2002-10-01,A34SIS,1.67
2002-11-01,A34SIS,1.61
2002-12-01,A34SIS,1.69
2003-01-01,A34SIS,1.6
2003-02-01,A34SIS,1.58
2003-03-01,A34SIS,1.58
2003-04-01,A34SIS,1.51
2003-05-01,A34SIS,1.49
2003-06-01,A34SIS,1.45
2003-07-01,A34SIS,1.44
2003-08-01,A34SIS,1.41
2003-09-01,A34SIS,1.37
2003-10-01,A34SIS,1.34
2003-11-01,A34SIS,1.35
2003-12-01,A34SIS,1.34
2004-01-01,A34SIS,1.32
2004-02-01,A34SIS,1.32
2004-03-01,A34SIS,1.33
2004-04-01,A34SIS,1.31
2004-05-01,A34SIS,1.31
2004-06-01,A34SIS,1.33
2004-07-01,A34SIS,1.3
2004-08-01,A34SIS,1.31
2004-09-01,A34SIS,1.32
2004-10-01,A34SIS,1.28
2004-11-01,A34SIS,1.27
2004-12-01,A34SIS,1.25
2005-01-01,A34SIS,1.3
2005-02-01,A34SIS,1.31
2005-03-01,A34SIS,1.28
2005-04-01,A34SIS,1.32
2005-05-01,A34SIS,1.33
2005-06-01,A34SIS,1.32
2005-07-01,A34SIS,1.38
2005-08-01,A34SIS,1.36
2005-09-01,A34SIS,1.37
2005-10-01,A34SIS,1.41
2005-11-01,A34SIS,1.42
2005-12-01,A34SIS,1.36
2006-01-01,A34SIS,1.49
2006-02-01,A34SIS,1.34
2006-03-01,A34SIS,1.37
2006-04-01,A34SIS,1.45
2006-05-01,A34SIS,1.39
2006-06-01,A34SIS,1.39
2006-07-01,A34SIS,1.46
2006-08-01,A34SIS,1.42
2006-09-01,A34SIS,1.41
2006-10-01,A34SIS,1.46
2006-11-01,A34SIS,1.42
2006-12-01,A34SIS,1.43
2007-01-01,A34SIS,1.45
2007-02-01,A34SIS,1.4
2007-03-01,A34SIS,1.42
2007-04-01,A34SIS,1.4
2007-05-01,A34SIS,1.4
2007-06-01,A34SIS,1.37
2007-07-01,A34SIS,1.42
2007-08-01,A34SIS,1.35
2007-09-01,A34SIS,1.37
2007-10-01,A34SIS,1.39
2007-11-01,A34SIS,1.35
2007-12-01,A34SIS,1.35
2008-01-01,A34SIS,1.32
2008-02-01,A34SIS,1.36
2008-03-01,A34SIS,1.39
2008-04-01,A34SIS,1.38
2008-05-01,A34SIS,1.36
2008-06-01,A34SIS,1.39
2008-07-01,A34SIS,1.39
2008-08-01,A34SIS,1.44
2008-09-01,A34SIS,1.41
2008-10-01,A34SIS,1.47
2008-11-01,A34SIS,1.52
2008-12-01,A34SIS,1.45
2009-01-01,A34SIS,1.62
2009-02-01,A34SIS,1.62
2009-03-01,A34SIS,1.58
2009-04-01,A34SIS,1.63
2009-05-01,A34SIS,1.63
2009-06-01,A34SIS,1.57
2009-07-01,A34SIS,1.49
2009-08-01,A34SIS,1.51
2009-09-01,A34SIS,1.53
2009-10-01,A34SIS,1.48
2009-11-01,A34SIS,1.49
2009-12-01,A34SIS,1.55
2010-01-01,A34SIS,1.44
2010-02-01,A34SIS,1.51
2010-03-01,A34SIS,1.55
2010-04-01,A34SIS,1.45
2010-05-01,A34SIS,1.5
2010-06-01,A34SIS,1.63
2010-07-01,A34SIS,1.49
2010-08-01,A34SIS,1.54
2010-09-01,A34SIS,1.55
2010-10-01,A34SIS,1.55
2010-11-01,A34SIS,1.51
2010-12-01,A34SIS,1.58
2011-01-01,A34SIS,1.53
2011-02-01,A34SIS,1.56
2011-03-01,A34SIS,1.65
2011-04-01,A34SIS,1.57
2011-05-01,A34SIS,1.61
2011-06-01,A34SIS,1.66
2011-07-01,A34SIS,1.67
2011-08-01,A34SIS,1.6
2011-09-01,A34SIS,1.65
2011-10-01,A34SIS,1.64
2011-11-01,A34SIS,1.64
2011-12-01,A34SIS,1.72
2012-01-01,A34SIS,1.64
2012-02-01,A34SIS,1.61
2012-03-01,A34SIS,1.76
2012-04-01,A34SIS,1.69
2012-05-01,A34SIS,1.64
2012-06-01,A34SIS,1.67
2012-07-01,A34SIS,1.72
2012-08-01,A34SIS,1.83
2012-09-01,A34SIS,1.77
2012-10-01,A34SIS,1.74
2012-11-01,A34SIS,1.75
2012-12-01,A34SIS,1.72
2013-01-01,A34SIS,1.74
2013-02-01,A34SIS,1.7
2013-03-01,A34SIS,1.65
2013-04-01,A34SIS,1.67
2013-05-01,A34SIS,1.65
2013-06-01,A34SIS,1.66
2013-07-01,A34SIS,1.7
2013-08-01,A34SIS,1.68
2013-09-01,A34SIS,1.65
2013-10-01,A34SIS,1.66
2013-11-01,A34SIS,1.64
2013-12-01,A34SIS,1.66
2014-01-01,A34SIS,1.63
2014-02-01,A34SIS,1.66
2014-03-01,A34SIS,1.63
2014-04-01,A34SIS,1.6
2014-05-01,A34SIS,1.66
2014-06-01,A34SIS,1.62
2014-07-01,A34SIS,1.61
2014-08-01,A34SIS,1.65
2014-09-01,A34SIS,1.66
2014-10-01,A34SIS,1.7
2014-11-01,A34SIS,1.74
2014-12-01,A34SIS,1.69
2015-01-01,A34SIS,1.73
2015-02-01,A34SIS,1.75
2015-03-01,A34SIS,1.7
2015-04-01,A34SIS,1.69
2015-05-01,A34SIS,1.71
2015-06-01,A34SIS,1.69
2015-07-01,A34SIS,1.73
2015-08-01,A34SIS,1.72
2015-09-01,A34SIS,1.7
2015-10-01,A34SIS,1.73
2015-11-01,A34SIS,1.73
2015-12-01,A34SIS,1.75
2016-01-01,A34SIS,1.76
2016-02-01,A34SIS,1.75
2016-03-01,A34SIS,1.76
2016-04-01,A34SIS,1.75
2016-05-01,A34SIS,1.75
2016-06-01,A34SIS,1.75
2016-07-01,A34SIS,1.73
2016-08-01,A34SIS,1.72
2016-09-01,A34SIS,1.74
2016-10-01,A34SIS,1.73
2016-11-01,A34SIS,1.71
2016-12-01,A34SIS,1.69
2017-01-01,A34SIS,1.69
2017-02-01,A34SIS,1.75
2017-03-01,A34SIS,1.73
2017-04-01,A34SIS,1.75
2017-05-01,A34SIS,1.74
2017-06-01,A34SIS,1.73
2017-07-01,A34SIS,1.73
2017-08-01,A34SIS,1.72
2017-09-01,A34SIS,1.71
2017-10-01,A34SIS,1.72
2017-11-01,A34SIS,1.7
2017-12-01,A34SIS,1.7
2018-01-01,A34SIS,1.69
2018-02-01,A34SIS,1.75
2018-03-01,A34SIS,1.76
2018-04-01,A34SIS,1.73
2018-05-01,A34SIS,1.73
2018-06-01,A34SIS,1.73
2018-07-01,A34SIS,1.73
2018-08-01,A34SIS,1.74
2018-09-01,A34SIS,1.78
2018-10-01,A34SIS,1.74
2018-11-01,A34SIS,1.74
2018-12-01,A34SIS,1.79
2019-01-01,A34SIS,1.78
2019-02-01,A34SIS,1.77
2019-03-01,A34SIS,1.78
2019-04-01,A34SIS,1.73
2019-05-01,A34SIS,1.74
2019-06-01,A34SIS,1.77
2019-07-01,A34SIS,1.78
2019-08-01,A34SIS,1.8
2019-09-01,A34SIS,1.84
2019-10-01,A34SIS,1.85
2019-11-01,A34SIS,1.85
2019-12-01,A34SIS,1.84
2020-01-01,A34SIS,1.89
2020-02-01,A34SIS,1.88
2020-03-01,A34SIS,1.91
2020-04-01,A34SIS,1.94
2020-05-01,A34SIS,1.94
2020-06-01,A34SIS,1.93
2020-07-01,A34SIS,1.89
2020-08-01,A34SIS,1.86
2020-09-01,A34SIS,1.81
2020-10-01,A34SIS,1.82
2020-11-01,A34SIS,1.82
2020-12-01,A34SIS,1.82
2021-01-01,A34SIS,1.8
2021-02-01,A34SIS,1.83
2021-03-01,A34SIS,1.82
2021-04-01,A34SIS,1.81
2021-05-01,A34SIS,1.84
2021-06-01,A34SIS,1.88
2021-07-01,A34SIS,1.89
2021-08-01,A34SIS,1.89
2021-09-01,A34SIS,1.93
2021-10-01,A34SIS,1.96
2021-11-01,A34SIS,1.99
2021-12-01,A34SIS,1.99
2022-01-01,A34SIS,2.0
2022-02-01,A34SIS,2.0
2022-03-01,A34SIS,2.05
2022-04-01,A34SIS,2.06
2022-05-01,A34SIS,2.08
2022-06-01,A34SIS,2.1
2022-07-01,A34SIS,2.13
2022-08-01,A34SIS,2.14
2022-09-01,A34SIS,2.18
2022-10-01,A34SIS,2.22
2022-11-01,A34SIS,2.23
2022-12-01,A34SIS,2.27
2023-01-01,A34SIS,2.25
2023-02-01,A34SIS,2.27
2023-03-01,A34SIS,2.27
2023-04-01,A34SIS,2.27
2023-05-01,A34SIS,2.26
2023-06-01,A34SIS,2.26
2023-07-01,A34SIS,2.25
2023-08-01,A34SIS,2.24
2023-09-01,A34SIS,2.24
2023-10-01,A34SIS,2.22
2023-11-01,A34SIS,2.23
2023-12-01,A34SIS,2.26
2024-01-01,A34SIS,2.23
2024-02-01,A34SIS,2.25
2024-03-01,A34SIS,2.26
2024-04-01,A34SIS,2.24
2024-05-01,A34SIS,2.25
2024-06-01,A34SIS,2.25
2024-07-01,A34SIS,2.23
2024-08-01,A34SIS,2.24
2024-09-01,A34SIS,2.21
2024-10-01,A34SIS,2.19
2024-11-01,A34SIS,2.19
2024-12-01,A34SIS,2.17
2025-01-01,A34SIS,2.16
2025-02-01,A34SIS,2.13
2025-03-01,A34SIS,2.13
2025-04-01,A34SIS,2.14
2025-05-01,A34SIS,2.12
2025-06-01,A34SIS,2.12
2025-07-01,A34SIS,2.12
2025-08-01,A34SIS,2.13
2025-09-01,A34SIS,2.13
2025-10-01,A34SIS,2.12
2025-11-01,A34SIS,2.11
2025-12-01,A34SIS,2.09
2026-01-01,A34SIS,2.06
2026-02-01,A34SIS,2.04
2026-03-01,A34SIS,2.03
2026-04-01,A34SIS,2.02
2026-05-01,A34SIS,2.01
2026-06-01,A34SIS,1.97
2026-07-01,A34SIS,2.0
2026-08-01,A34SIS,2.01
1992-01-01,A34AVS,3182.0
1992-02-01,A34AVS,3086.0
1992-03-01,A34AVS,2837.0
1992-04-01,A34AVS,3403.0
1992-05-01,A34AVS,3406.0
1992-06-01,A34AVS,3158.0
1992-07-01,A34AVS,3393.0
1992-08-01,A34AVS,3168.0
1992-09-01,A34AVS,3134.0
1992-10-01,A34AVS,3178.0
1992-11-01,A34AVS,3173.0
1992-12-01,A34AVS,3133.0
1993-01-01,A34AVS,3425.0
1993-02-01,A34AVS,3278.0
1993-03-01,A34AVS,3207.0
1993-04-01,A34AVS,3095.0
1993-05-01,A34AVS,2867.0
1993-06-01,A34AVS,3182.0
1993-07-01,A34AVS,3099.0
1993-08-01,A34AVS,3237.0
1993-09-01,A34AVS,3331.0
1993-10-01,A34AVS,3299.0
1993-11-01,A34AVS,3321.0
1993-12-01,A34AVS,3606.0
1994-01-01,A34AVS,3400.0
1994-02-01,A34AVS,3647.0
1994-03-01,A34AVS,3662.0
1994-04-01,A34AVS,3814.0
1994-05-01,A34AVS,3833.0
1994-06-01,A34AVS,3984.0
1994-07-01,A34AVS,3959.0
1994-08-01,A34AVS,3986.0
1994-09-01,A34AVS,3925.0
1994-10-01,A34AVS,4169.0
1994-11-01,A34AVS,4891.0
1994-12-01,A34AVS,4129.0
1995-01-01,A34AVS,4319.0
1995-02-01,A34AVS,4511.0
1995-03-01,A34AVS,4568.0
1995-04-01,A34AVS,4736.0
1995-05-01,A34AVS,5191.0
1995-06-01,A34AVS,4862.0
1995-07-01,A34AVS,4371.0
1995-08-01,A34AVS,4993.0
1995-09-01,A34AVS,5165.0
1995-10-01,A34AVS,5078.0
1995-11-01,A34AVS,5434.0
1995-12-01,A34AVS,5126.0
1996-01-01,A34AVS,4485.0
1996-02-01,A34AVS,5089.0
1996-03-01,A34AVS,5059.0
1996-04-01,A34AVS,4739.0
1996-05-01,A34AVS,4861.0
1996-06-01,A34AVS,4789.0
1996-07-01,A34AVS,4662.0
1996-08-01,A34AVS,4885.0
1996-09-01,A34AVS,4953.0
1996-10-01,A34AVS,5083.0
1996-11-01,A34AVS,5186.0
1996-12-01,A34AVS,5008.0
1997-01-01,A34AVS,5234.0
1997-02-01,A34AVS,5142.0
1997-03-01,A34AVS,5109.0
1997-04-01,A34AVS,5430.0
1997-05-01,A34AVS,5544.0
1997-06-01,A34AVS,5602.0
1997-07-01,A34AVS,5808.0
1997-08-01,A34AVS,5818.0
1997-09-01,A34AVS,5912.0
1997-10-01,A34AVS,5575.0
1997-11-01,A34AVS,5271.0
1997-12-01,A34AVS,5747.0
1998-01-01,A34AVS,5505.0
1998-02-01,A34AVS,5531.0
1998-03-01,A34AVS,5836.0
1998-04-01,A34AVS,5417.0
1998-05-01,A34AVS,5338.0
1998-06-01,A34AVS,6130.0
1998-07-01,A34AVS,5153.0
1998-08-01,A34AVS,5179.0
1998-09-01,A34AVS,5760.0
1998-10-01,A34AVS,5148.0
1998-11-01,A34AVS,5312.0
1998-12-01,A34AVS,6020.0
1999-01-01,A34AVS,5386.0
1999-02-01,A34AVS,6160.0
1999-03-01,A34AVS,6229.0
1999-04-01,A34AVS,6007.0
1999-05-01,A34AVS,6222.0
1999-06-01,A34AVS,6504.0
1999-07-01,A34AVS,6386.0
1999-08-01,A34AVS,6191.0
1999-09-01,A34AVS,5802.0
1999-10-01,A34AVS,6149.0
1999-11-01,A34AVS,5951.0
1999-12-01,A34AVS,5006.0
2000-01-01,A34AVS,5803.0
2000-02-01,A34AVS,5835.0
2000-03-01,A34AVS,5672.0
2000-04-01,A34AVS,6081.0
2000-05-01,A34AVS,6491.0
2000-06-01,A34AVS,5460.0
2000-07-01,A34AVS,5623.0
2000-08-01,A34AVS,5934.0
2000-09-01,A34AVS,5554.0
2000-10-01,A34AVS,5892.0
2000-11-01,A34AVS,5847.0
2000-12-01,A34AVS,5405.0
2001-01-01,A34AVS,5428.0
2001-02-01,A34AVS,4982.0
2001-03-01,A34AVS,4932.0
2001-04-01,A34AVS,4783.0
2001-05-01,A34AVS,4601.0
2001-06-01,A34AVS,4736.0
2001-07-01,A34AVS,4735.0
2001-08-01,A34AVS,4366.0
2001-09-01,A34AVS,4358.0
2001-10-01,A34AVS,4290.0
2001-11-01,A34AVS,4326.0
2001-12-01,A34AVS,4338.0
2002-01-01,A34AVS,4086.0
2002-02-01,A34AVS,4415.0
2002-03-01,A34AVS,4274.0
2002-04-01,A34AVS,4050.0
2002-05-01,A34AVS,4195.0
2002-06-01,A34AVS,4127.0
2002-07-01,A34AVS,3885.0
2002-08-01,A34AVS,4038.0
2002-09-01,A34AVS,3801.0
2002-10-01,A34AVS,3659.0
2002-11-01,A34AVS,3572.0
2002-12-01,A34AVS,3865.0
2003-01-01,A34AVS,3916.0
2003-02-01,A34AVS,3630.0
2003-03-01,A34AVS,3453.0
2003-04-01,A34AVS,3848.0
2003-05-01,A34AVS,3735.0
2003-06-01,A34AVS,3479.0
2003-07-01,A34AVS,4105.0
2003-08-01,A34AVS,3739.0
2003-09-01,A34AVS,4168.0
2003-10-01,A34AVS,4537.0
2003-11-01,A34AVS,3674.0
2003-12-01,A34AVS,3653.0
2004-01-01,A34AVS,3752.0
2004-02-01,A34AVS,3221.0
2004-03-01,A34AVS,3508.0
2004-04-01,A34AVS,3395.0
2004-05-01,A34AVS,3203.0
2004-06-01,A34AVS,3271.0
2004-07-01,A34AVS,3349.0
2004-08-01,A34AVS,3216.0
2004-09-01,A34AVS,3344.0
2004-10-01,A34AVS,3975.0
2004-11-01,A34AVS,3496.0
2004-12-01,A34AVS,3186.0
2005-01-01,A34AVS,3398.0
2005-02-01,A34AVS,3486.0
2005-03-01,A34AVS,3410.0
2005-04-01,A34AVS,3656.0
2005-05-01,A34AVS,3380.0
2005-06-01,A34AVS,3353.0
2005-07-01,A34AVS,3151.0
2005-08-01,A34AVS,3506.0
2005-09-01,A34AVS,3158.0
2005-10-01,A34AVS,3208.0
2005-11-01,A34AVS,3480.0
2005-12-01,A34AVS,3542.0
2006-01-01,A34AVS,3297.0
2006-02-01,A34AVS,3452.0
2006-03-01,A34AVS,3711.0
2006-04-01,A34AVS,3536.0
2006-05-01,A34AVS,3550.0
2006-06-01,A34AVS,3548.0
2006-07-01,A34AVS,3795.0
2006-08-01,A34AVS,3834.0
2006-09-01,A34AVS,3616.0
2006-10-01,A34AVS,2663.0
2006-11-01,A34AVS,3596.0
2006-12-01,A34AVS,3571.0
2007-01-01,A34AVS,3505.0
2007-02-01,A34AVS,4005.0
2007-03-01,A34AVS,3559.0
2007-04-01,A34AVS,3500.0
2007-05-01,A34AVS,3758.0
2007-06-01,A34AVS,3670.0
2007-07-01,A34AVS,2719.0
2007-08-01,A34AVS,3699.0
2007-09-01,A34AVS,3976.0
2007-10-01,A34AVS,3957.0
2007-11-01,A34AVS,3861.0
2007-12-01,A34AVS,3721.0
2008-01-01,A34AVS,4032.0
2008-02-01,A34AVS,3817.0
2008-03-01,A34AVS,3849.0
2008-04-01,A34AVS,3969.0
2008-05-01,A34AVS,4243.0
2008-06-01,A34AVS,4121.0
2008-07-01,A34AVS,3916.0
2008-08-01,A34AVS,3926.0
2008-09-01,A34AVS,3802.0
2008-10-01,A34AVS,3721.0
2008-11-01,A34AVS,3450.0
2008-12-01,A34AVS,3656.0
2009-01-01,A34AVS,3659.0
2009-02-01,A34AVS,3728.0
2009-03-01,A34AVS,3219.0
2009-04-01,A34AVS,3092.0
2009-05-01,A34AVS,3136.0
2009-06-01,A34AVS,3040.0
2009-07-01,A34AVS,3298.0
2009-08-01,A34AVS,2751.0
2009-09-01,A34AVS,2713.0
2009-10-01,A34AVS,2685.0
2009-11-01,A34AVS,2723.0
2009-12-01,A34AVS,2770.0
2010-01-01,A34AVS,2444.0
2010-02-01,A34AVS,2248.0
2010-03-01,A34AVS,2374.0
2010-04-01,A34AVS,2180.0
2010-05-01,A34AVS,1845.0
2010-06-01,A34AVS,1819.0
2010-07-01,A34AVS,1675.0
2010-08-01,A34AVS,1648.0
2010-09-01,A34AVS,1482.0
2010-10-01,A34AVS,1499.0
2010-11-01,A34AVS,1324.0
2010-12-01,A34AVS,1102.0
2011-01-01,A34AVS,1094.0
2011-02-01,A34AVS,949.0
2011-03-01,A34AVS,892.0
2011-04-01,A34AVS,936.0
2011-05-01,A34AVS,813.0
2011-06-01,A34AVS,781.0
2011-07-01,A34AVS,851.0
2011-08-01,A34AVS,764.0
2011-09-01,A34AVS,693.0
2011-10-01,A34AVS,862.0
2011-11-01,A34AVS,675.0
2011-12-01,A34AVS,638.0
2012-01-01,A34AVS,718.0
2012-02-01,A34AVS,871.0
2012-03-01,A34AVS,809.0
2012-04-01,A34AVS,897.0
2012-05-01,A34AVS,1068.0
2012-06-01,A34AVS,1001.0
2012-07-01,A34AVS,636.0
2012-08-01,A34AVS,672.0
2012-09-01,A34AVS,862.0
2012-10-01,A34AVS,764.0
2012-11-01,A34AVS,813.0
2012-12-01,A34AVS,911.0
2013-01-01,A34AVS,772.0
2013-02-01,A34AVS,713.0
2013-03-01,A34AVS,796.0
2013-04-01,A34AVS,685.0
2013-05-01,A34AVS,678.0
2013-06-01,A34AVS,613.0
2013-07-01,A34AVS,522.0
2013-08-01,A34AVS,710.0
2013-09-01,A34AVS,764.0
2013-10-01,A34AVS,736.0
2013-11-01,A34AVS,823.0
2013-12-01,A34AVS,796.0
2014-01-01,A34AVS,814.0
2014-02-01,A34AVS,823.0
2014-03-01,A34AVS,836.0
2014-04-01,A34AVS,878.0
2014-05-01,A34AVS,871.0
2014-06-01,A34AVS,987.0
2014-07-01,A34AVS,782.0
2014-08-01,A34AVS,765.0
2014-09-01,A34AVS,744.0
2014-10-01,A34AVS,708.0
2014-11-01,A34AVS,695.0
2014-12-01,A34AVS,709.0
2015-01-01,A34AVS,641.0
2015-02-01,A34AVS,655.0
2015-03-01,A34AVS,933.0
2015-04-01,A34AVS,846.0
2015-05-01,A34AVS,796.0
2015-06-01,A34AVS,912.0
2015-07-01,A34AVS,988.0
2015-08-01,A34AVS,940.0
2015-09-01,A34AVS,985.0
2015-10-01,A34AVS,971.0
2015-11-01,A34AVS,967.0
2015-12-01,A34AVS,977.0
2016-01-01,A34AVS,1017.0
2016-02-01,A34AVS,927.0
2016-03-01,A34AVS,982.0
2016-04-01,A34AVS,1049.0
2016-05-01,A34AVS,957.0
2016-06-01,A34AVS,952.0
2016-07-01,A34AVS,938.0
2016-08-01,A34AVS,969.0
2016-09-01,A34AVS,916.0
2016-10-01,A34AVS,962.0
2016-11-01,A34AVS,880.0
2016-12-01,A34AVS,920.0
2017-01-01,A34AVS,895.0
2017-02-01,A34AVS,863.0
2017-03-01,A34AVS,827.0
2017-04-01,A34AVS,802.0
2017-05-01,A34AVS,758.0
2017-06-01,A34AVS,747.0
2017-07-01,A34AVS,731.0
2017-08-01,A34AVS,719.0
2017-09-01,A34AVS,701.0
2017-10-01,A34AVS,683.0
2017-11-01,A34AVS,689.0
2017-12-01,A34AVS,654.0
2018-01-01,A34AVS,687.0
2018-02-01,A34AVS,716.0
2018-03-01,A34AVS,716.0
2018-04-01,A34AVS,760.0
2018-05-01,A34AVS,798.0
2018-06-01,A34AVS,789.0
2018-07-01,A34AVS,909.0
2018-08-01,A34AVS,891.0
2018-09-01,A34AVS,908.0
2018-10-01,A34AVS,887.0
2018-11-01,A34AVS,872.0
2018-12-01,A34AVS,878.0
2019-01-01,A34AVS,815.0
2019-02-01,A34AVS,808.0
2019-03-01,A34AVS,818.0
2019-04-01,A34AVS,809.0
2019-05-01,A34AVS,808.0
2019-06-01,A34AVS,778.0
2019-07-01,A34AVS,798.0
2019-08-01,A34AVS,789.0
2019-09-01,A34AVS,757.0
2019-10-01,A34AVS,756.0
2019-11-01,A34AVS,737.0
2019-12-01,A34AVS,780.0
2020-01-01,A34AVS,772.0
2020-02-01,A34AVS,755.0
2020-03-01,A34AVS,765.0
2020-04-01,A34AVS,756.0
2020-05-01,A34AVS,747.0
2020-06-01,A34AVS,776.0
2020-07-01,A34AVS,745.0
2020-08-01,A34AVS,757.0
2020-09-01,A34AVS,796.0
2020-10-01,A34AVS,797.0
2020-11-01,A34AVS,812.0
2020-12-01,A34AVS,805.0
2021-01-01,A34AVS,820.0
2021-02-01,A34AVS,815.0
2021-03-01,A34AVS,828.0
2021-04-01,A34AVS,809.0
2021-05-01,A34AVS,831.0
2021-06-01,A34AVS,832.0
2021-07-01,A34AVS,838.0
2021-08-01,A34AVS,852.0
2021-09-01,A34AVS,838.0
2021-10-01,A34AVS,861.0
2021-11-01,A34AVS,889.0
2021-12-01,A34AVS,875.0
2022-01-01,A34AVS,882.0
2022-02-01,A34AVS,926.0
2022-03-01,A34AVS,930.0
2022-04-01,A34AVS,963.0
2022-05-01,A34AVS,960.0
2022-06-01,A34AVS,978.0
2022-07-01,A34AVS,1026.0
2022-08-01,A34AVS,1004.0
2022-09-01,A34AVS,1027.0
2022-10-01,A34AVS,1014.0
2022-11-01,A34AVS,1028.0
2022-12-01,A34AVS,1031.0
2023-01-01,A34AVS,1089.0
2023-02-01,A34AVS,1061.0
2023-03-01,A34AVS,1060.0
2023-04-01,A34AVS,1090.0
2023-05-01,A34AVS,1116.0
2023-06-01,A34AVS,1129.0
2023-07-01,A34AVS,1144.0
2023-08-01,A34AVS,1205.0
2023-09-01,A34AVS,1160.0
2023-10-01,A34AVS,1234.0
2023-11-01,A34AVS,1270.0
2023-12-01,A34AVS,1257.0
2024-01-01,A34AVS,1315.0
2024-02-01,A34AVS,1323.0
2024-03-01,A34AVS,1316.0
2024-04-01,A34AVS,1414.0
2024-05-01,A34AVS,1353.0
2024-06-01,A34AVS,1324.0
2024-07-01,A34AVS,1383.0
2024-08-01,A34AVS,1358.0
2024-09-01,A34AVS,1359.0
2024-10-01,A34AVS,1400.0
2024-11-01,A34AVS,1405.0
2024-12-01,A34AVS,1421.0
2025-01-01,A34AVS,1464.0
2025-02-01,A34AVS,1537.0
2025-03-01,A34AVS,1602.0
2025-04-01,A34AVS,1590.0
2025-05-01,A34AVS,1555.0
2025-06-01,A34AVS,1550.0
2025-07-01,A34AVS,1578.0
2025-08-01,A34AVS,1563.0
2025-09-01,A34AVS,1574.0
2025-10-01,A34AVS,1622.0
2025-11-01,A34AVS,1690.0
2025-12-01,A34AVS,1754.0
2026-01-01,A34AVS,1776.0
2026-02-01,A34AVS,1811.0
2026-03-01,A34AVS,1782.0
2026-04-01,A34AVS,1776.0
2026-05-01,A34AVS,1804.0
2026-06-01,A34AVS,1809.0
2026-07-01,A34AVS,1793.0
2026-08-01,A34AVS,1774.0
1992-01-01,A34ATI,6174.0
1992-02-01,A34ATI,6053.0
1992-03-01,A34ATI,6281.0
1992-04-01,A34ATI,6067.0
1992-05-01,A34ATI,5845.0
1992-06-01,A34ATI,5750.0
1992-07-01,A34ATI,5668.0
1992-08-01,A34ATI,5899.0
1992-09-01,A34ATI,6328.0
1992-10-01,A34ATI,6176.0
1992-11-01,A34ATI,6242.0
1992-12-01,A34ATI,6446.0
1993-01-01,A34ATI,6248.0
1993-02-01,A34ATI,6306.0
1993-03-01,A34ATI,6249.0
1993-04-01,A34ATI,6306.0
1993-05-01,A34ATI,6486.0
1993-06-01,A34ATI,6581.0
1993-07-01,A34ATI,6606.0
1993-08-01,A34ATI,6438.0
1993-09-01,A34ATI,6602.0
1993-10-01,A34ATI,6449.0
1993-11-01,A34ATI,6407.0
1993-12-01,A34ATI,6520.0
1994-01-01,A34ATI,6520.0
1994-02-01,A34ATI,6542.0
1994-03-01,A34ATI,6763.0
1994-04-01,A34ATI,6709.0
1994-05-01,A34ATI,6733.0
1994-06-01,A34ATI,6890.0
1994-07-01,A34ATI,6819.0
1994-08-01,A34ATI,6909.0
1994-09-01,A34ATI,6575.0
1994-10-01,A34ATI,6504.0
1994-11-01,A34ATI,6420.0
1994-12-01,A34ATI,6416.0
1995-01-01,A34ATI,6581.0
1995-02-01,A34ATI,6570.0
1995-03-01,A34ATI,6554.0
1995-04-01,A34ATI,6741.0
1995-05-01,A34ATI,6889.0
1995-06-01,A34ATI,6979.0
1995-07-01,A34ATI,7107.0
1995-08-01,A34ATI,7307.0
1995-09-01,A34ATI,7598.0
1995-10-01,A34ATI,8045.0
1995-11-01,A34ATI,8325.0
1995-12-01,A34ATI,8358.0
1996-01-01,A34ATI,8550.0
1996-02-01,A34ATI,8213.0
1996-03-01,A34ATI,7805.0
1996-04-01,A34ATI,7564.0
1996-05-01,A34ATI,7215.0
1996-06-01,A34ATI,6746.0
1996-07-01,A34ATI,6715.0
1996-08-01,A34ATI,6501.0
1996-09-01,A34ATI,6252.0
1996-10-01,A34ATI,6053.0
1996-11-01,A34ATI,5885.0
1996-12-01,A34ATI,5642.0
1997-01-01,A34ATI,5657.0
1997-02-01,A34ATI,5733.0
1997-03-01,A34ATI,5823.0
1997-04-01,A34ATI,5799.0
1997-05-01,A34ATI,5875.0
1997-06-01,A34ATI,5773.0
1997-07-01,A34ATI,6024.0
1997-08-01,A34ATI,5957.0
1997-09-01,A34ATI,5960.0
1997-10-01,A34ATI,6024.0
1997-11-01,A34ATI,5880.0
1997-12-01,A34ATI,5774.0
1998-01-01,A34ATI,5616.0
1998-02-01,A34ATI,5570.0
1998-03-01,A34ATI,5382.0
1998-04-01,A34ATI,5511.0
1998-05-01,A34ATI,5192.0
1998-06-01,A34ATI,4964.0
1998-07-01,A34ATI,4565.0
1998-08-01,A34ATI,4358.0
1998-09-01,A34ATI,4281.0
1998-10-01,A34ATI,4136.0
1998-11-01,A34ATI,4124.0
1998-12-01,A34ATI,3980.0
1999-01-01,A34ATI,4056.0
1999-02-01,A34ATI,4030.0
1999-03-01,A34ATI,4127.0
1999-04-01,A34ATI,4014.0
1999-05-01,A34ATI,3944.0
1999-06-01,A34ATI,4109.0
1999-07-01,A34ATI,3712.0
1999-08-01,A34ATI,4006.0
1999-09-01,A34ATI,4170.0
1999-10-01,A34ATI,3522.0
1999-11-01,A34ATI,3571.0
1999-12-01,A34ATI,3571.0
2000-01-01,A34ATI,3466.0
2000-02-01,A34ATI,3453.0
2000-03-01,A34ATI,3440.0
2000-04-01,A34ATI,3387.0
2000-05-01,A34ATI,3471.0
2000-06-01,A34ATI,3569.0
2000-07-01,A34ATI,3698.0
2000-08-01,A34ATI,3754.0
2000-09-01,A34ATI,3811.0
2000-10-01,A34ATI,3780.0
2000-11-01,A34ATI,3879.0
2000-12-01,A34ATI,3824.0
2001-01-01,A34ATI,3634.0
2001-02-01,A34ATI,3533.0
2001-03-01,A34ATI,3277.0
2001-04-01,A34ATI,3217.0
2001-05-01,A34ATI,3048.0
2001-06-01,A34ATI,2696.0
2001-07-01,A34ATI,2718.0
2001-08-01,A34ATI,2561.0
2001-09-01,A34ATI,2336.0
2001-10-01,A34ATI,2258.0
2001-11-01,A34ATI,2127.0
2001-12-01,A34ATI,1867.0
2002-01-01,A34ATI,1997.0
2002-02-01,A34ATI,1976.0
2002-03-01,A34ATI,1958.0
2002-04-01,A34ATI,2042.0
2002-05-01,A34ATI,2060.0
2002-06-01,A34ATI,1957.0
2002-07-01,A34ATI,2004.0
2002-08-01,A34ATI,1955.0
2002-09-01,A34ATI,1922.0
2002-10-01,A34ATI,2005.0
2002-11-01,A34ATI,2160.0
2002-12-01,A34ATI,1996.0
2003-01-01,A34ATI,2012.0
2003-02-01,A34ATI,2004.0
2003-03-01,A34ATI,1941.0
2003-04-01,A34ATI,1880.0
2003-05-01,A34ATI,1887.0
2003-06-01,A34ATI,1870.0
2003-07-01,A34ATI,1755.0
2003-08-01,A34ATI,1758.0
2003-09-01,A34ATI,1721.0
2003-10-01,A34ATI,1616.0
2003-11-01,A34ATI,1583.0
2003-12-01,A34ATI,1590.0
2004-01-01,A34ATI,1534.0
2004-02-01,A34ATI,1514.0
2004-03-01,A34ATI,1505.0
2004-04-01,A34ATI,1365.0
2004-05-01,A34ATI,1433.0
2004-06-01,A34ATI,1474.0
2004-07-01,A34ATI,1469.0
2004-08-01,A34ATI,1453.0
2004-09-01,A34ATI,1547.0
2004-10-01,A34ATI,1498.0
2004-11-01,A34ATI,1457.0
2004-12-01,A34ATI,1411.0
2005-01-01,A34ATI,1497.0
2005-02-01,A34ATI,1469.0
2005-03-01,A34ATI,1482.0
2005-04-01,A34ATI,1533.0
2005-05-01,A34ATI,1534.0
2005-06-01,A34ATI,1535.0
2005-07-01,A34ATI,1523.0
2005-08-01,A34ATI,1539.0
2005-09-01,A34ATI,1571.0
2005-10-01,A34ATI,1590.0
2005-11-01,A34ATI,1565.0
2005-12-01,A34ATI,1572.0
2006-01-01,A34ATI,1488.0
2006-02-01,A34ATI,1477.0
2006-03-01,A34ATI,1518.0
2006-04-01,A34ATI,1486.0
2006-05-01,A34ATI,1476.0
2006-06-01,A34ATI,1510.0
2006-07-01,A34ATI,1620.0
2006-08-01,A34ATI,1632.0
2006-09-01,A34ATI,1622.0
2006-10-01,A34ATI,1596.0
2006-11-01,A34ATI,1653.0
2006-12-01,A34ATI,1672.0
2007-01-01,A34ATI,1709.0
2007-02-01,A34ATI,1640.0
2007-03-01,A34ATI,1656.0
2007-04-01,A34ATI,1573.0
2007-05-01,A34ATI,1611.0
2007-06-01,A34ATI,1676.0
2007-07-01,A34ATI,1595.0
2007-08-01,A34ATI,1570.0
2007-09-01,A34ATI,1599.0
2007-10-01,A34ATI,1587.0
2007-11-01,A34ATI,1598.0
2007-12-01,A34ATI,1590.0
2008-01-01,A34ATI,1631.0
2008-02-01,A34ATI,1689.0
2008-03-01,A34ATI,1879.0
2008-04-01,A34ATI,1844.0
2008-05-01,A34ATI,1948.0
2008-06-01,A34ATI,1884.0
2008-07-01,A34ATI,1869.0
2008-08-01,A34ATI,1929.0
2008-09-01,A34ATI,1970.0
2008-10-01,A34ATI,1861.0
2008-11-01,A34ATI,1954.0
2008-12-01,A34ATI,2095.0
2009-01-01,A34ATI,2006.0
2009-02-01,A34ATI,2146.0
2009-03-01,A34ATI,1999.0
2009-04-01,A34ATI,2151.0
2009-05-01,A34ATI,1966.0
2009-06-01,A34ATI,1990.0
2009-07-01,A34ATI,2006.0
2009-08-01,A34ATI,1894.0
2009-09-01,A34ATI,2221.0
2009-10-01,A34ATI,2345.0
2009-11-01,A34ATI,2419.0
2009-12-01,A34ATI,2495.0
2010-01-01,A34ATI,2485.0
2010-02-01,A34ATI,2372.0
2010-03-01,A34ATI,2217.0
2010-04-01,A34ATI,1914.0
2010-05-01,A34ATI,2093.0
2010-06-01,A34ATI,2113.0
2010-07-01,A34ATI,1821.0
2010-08-01,A34ATI,1654.0
2010-09-01,A34ATI,1393.0
2010-10-01,A34ATI,1435.0
2010-11-01,A34ATI,1311.0
2010-12-01,A34ATI,1171.0
2011-01-01,A34ATI,1174.0
2011-02-01,A34ATI,1180.0
2011-03-01,A34ATI,1189.0
2011-04-01,A34ATI,1226.0
2011-05-01,A34ATI,1275.0
2011-06-01,A34ATI,1288.0
2011-07-01,A34ATI,1312.0
2011-08-01,A34ATI,1297.0
2011-09-01,A34ATI,1369.0
2011-10-01,A34ATI,1383.0
2011-11-01,A34ATI,1485.0
2011-12-01,A34ATI,1475.0
2012-01-01,A34ATI,1460.0
2012-02-01,A34ATI,1464.0
2012-03-01,A34ATI,1552.0
2012-04-01,A34ATI,1468.0
2012-05-01,A34ATI,1470.0
2012-06-01,A34ATI,1401.0
2012-07-01,A34ATI,1423.0
2012-08-01,A34ATI,1451.0
2012-09-01,A34ATI,1399.0
2012-10-01,A34ATI,1497.0
2012-11-01,A34ATI,1459.0
2012-12-01,A34ATI,1436.0
2013-01-01,A34ATI,1458.0
2013-02-01,A34ATI,1405.0
2013-03-01,A34ATI,1295.0
2013-04-01,A34ATI,1420.0
2013-05-01,A34ATI,1407.0
2013-06-01,A34ATI,1383.0
2013-07-01,A34ATI,1433.0
2013-08-01,A34ATI,1339.0
2013-09-01,A34ATI,1284.0
2013-10-01,A34ATI,1164.0
2013-11-01,A34ATI,1161.0
2013-12-01,A34ATI,1167.0
2014-01-01,A34ATI,1167.0
2014-02-01,A34ATI,1207.0
2014-03-01,A34ATI,1168.0
2014-04-01,A34ATI,1248.0
2014-05-01,A34ATI,1259.0
2014-06-01,A34ATI,1297.0
2014-07-01,A34ATI,1345.0
2014-08-01,A34ATI,1441.0
2014-09-01,A34ATI,1516.0
2014-10-01,A34ATI,1595.0
2014-11-01,A34ATI,1625.0
2014-12-01,A34ATI,1627.0
2015-01-01,A34ATI,1672.0
2015-02-01,A34ATI,1686.0
2015-03-01,A34ATI,1574.0
2015-04-01,A34ATI,1723.0
2015-05-01,A34ATI,1743.0
2015-06-01,A34ATI,1888.0
2015-07-01,A34ATI,1780.0
2015-08-01,A34ATI,1668.0
2015-09-01,A34ATI,1673.0
2015-10-01,A34ATI,1643.0
2015-11-01,A34ATI,1645.0
2015-12-01,A34ATI,1642.0
2016-01-01,A34ATI,1622.0
2016-02-01,A34ATI,1626.0
2016-03-01,A34ATI,1668.0
2016-04-01,A34ATI,1604.0
2016-05-01,A34ATI,1582.0
2016-06-01,A34ATI,1585.0
2016-07-01,A34ATI,1594.0
2016-08-01,A34ATI,1614.0
2016-09-01,A34ATI,1559.0
2016-10-01,A34ATI,1470.0
2016-11-01,A34ATI,1526.0
2016-12-01,A34ATI,1643.0
2017-01-01,A34ATI,1591.0
2017-02-01,A34ATI,1592.0
2017-03-01,A34ATI,1587.0
2017-04-01,A34ATI,1625.0
2017-05-01,A34ATI,1624.0
2017-06-01,A34ATI,1633.0
2017-07-01,A34ATI,1644.0
2017-08-01,A34ATI,1673.0
2017-09-01,A34ATI,1733.0
2017-10-01,A34ATI,1823.0
2017-11-01,A34ATI,1849.0
2017-12-01,A34ATI,1867.0
2018-01-01,A34ATI,1927.0
2018-02-01,A34ATI,1917.0
2018-03-01,A34ATI,1863.0
2018-04-01,A34ATI,1858.0
2018-05-01,A34ATI,1883.0
2018-06-01,A34ATI,1895.0
2018-07-01,A34ATI,1875.0
2018-08-01,A34ATI,1886.0
2018-09-01,A34ATI,1903.0
2018-10-01,A34ATI,1883.0
2018-11-01,A34ATI,1926.0
2018-12-01,A34ATI,1982.0
2019-01-01,A34ATI,2037.0
2019-02-01,A34ATI,2115.0
2019-03-01,A34ATI,2066.0
2019-04-01,A34ATI,1931.0
2019-05-01,A34ATI,1935.0
2019-06-01,A34ATI,2012.0
2019-07-01,A34ATI,2010.0
2019-08-01,A34ATI,1976.0
2019-09-01,A34ATI,2019.0
2019-10-01,A34ATI,1950.0
2019-11-01,A34ATI,1974.0
2019-12-01,A34ATI,1923.0
2020-01-01,A34ATI,1878.0
2020-02-01,A34ATI,1886.0
2020-03-01,A34ATI,1893.0
2020-04-01,A34ATI,1903.0
2020-05-01,A34ATI,2050.0
2020-06-01,A34ATI,1969.0
2020-07-01,A34ATI,1973.0
2020-08-01,A34ATI,1971.0
2020-09-01,A34ATI,1912.0
2020-10-01,A34ATI,1963.0
2020-11-01,A34ATI,1971.0
2020-12-01,A34ATI,1989.0
2021-01-01,A34ATI,1979.0
2021-02-01,A34ATI,2002.0
2021-03-01,A34ATI,2044.0
2021-04-01,A34ATI,2069.0
2021-05-01,A34ATI,2083.0
2021-06-01,A34ATI,2092.0
2021-07-01,A34ATI,2104.0
2021-08-01,A34ATI,2144.0
2021-09-01,A34ATI,2150.0
2021-10-01,A34ATI,2162.0
2021-11-01,A34ATI,2137.0
2021-12-01,A34ATI,2147.0
2022-01-01,A34ATI,2178.0
2022-02-01,A34ATI,2239.0
2022-03-01,A34ATI,2320.0
2022-04-01,A34ATI,2375.0
2022-05-01,A34ATI,2491.0
2022-06-01,A34ATI,2587.0
2022-07-01,A34ATI,2674.0
2022-08-01,A34ATI,2754.0
2022-09-01,A34ATI,2777.0
2022-10-01,A34ATI,2844.0
2022-11-01,A34ATI,2915.0
2022-12-01,A34ATI,2928.0
2023-01-01,A34ATI,2888.0
2023-02-01,A34ATI,2692.0
2023-03-01,A34ATI,2743.0
2023-04-01,A34ATI,2775.0
2023-05-01,A34ATI,2720.0
2023-06-01,A34ATI,2722.0
2023-07-01,A34ATI,2677.0
2023-08-01,A34ATI,2665.0
2023-09-01,A34ATI,2636.0
2023-10-01,A34ATI,2558.0
2023-11-01,A34ATI,2603.0
2023-12-01,A34ATI,2633.0
2024-01-01,A34ATI,2604.0
2024-02-01,A34ATI,2607.0
2024-03-01,A34ATI,2599.0
2024-04-01,A34ATI,2622.0
2024-05-01,A34ATI,2557.0
2024-06-01,A34ATI,2479.0
2024-07-01,A34ATI,2453.0
2024-08-01,A34ATI,2415.0
2024-09-01,A34ATI,2522.0
2024-10-01,A34ATI,2565.0
2024-11-01,A34ATI,2524.0
2024-12-01,A34ATI,2541.0
2025-01-01,A34ATI,2576.0
2025-02-01,A34ATI,2629.0
2025-03-01,A34ATI,2651.0
2025-04-01,A34ATI,2649.0
2025-05-01,A34ATI,2661.0
2025-06-01,A34ATI,2716.0
2025-07-01,A34ATI,2745.0
2025-08-01,A34ATI,2714.0
2025-09-01,A34ATI,2684.0
2025-10-01,A34ATI,2687.0
2025-11-01,A34ATI,2694.0
2025-12-01,A34ATI,2701.0
2026-01-01,A34ATI,2740.0
2026-02-01,A34ATI,2722.0
2026-03-01,A34ATI,2708.0
2026-04-01,A34ATI,2659.0
2026-05-01,A34ATI,2605.0
2026-06-01,A34ATI,2631.0
2026-07-01,A34ATI,2665.0
2026-08-01,A34ATI,2637.0
1992-01-01,A34BVS,879.0
1992-02-01,A34BVS,849.0
1992-03-01,A34BVS,794.0
1992-04-01,A34BVS,921.0
1992-05-01,A34BVS,780.0
1992-06-01,A34BVS,825.0
1992-07-01,A34BVS,765.0
1992-08-01,A34BVS,733.0
1992-09-01,A34BVS,764.0
1992-10-01,A34BVS,725.0
1992-11-01,A34BVS,776.0
1992-12-01,A34BVS,769.0
1993-01-01,A34BVS,927.0
1993-02-01,A34BVS,745.0
1993-03-01,A34BVS,802.0
1993-04-01,A34BVS,802.0
1993-05-01,A34BVS,968.0
1993-06-01,A34BVS,884.0
1993-07-01,A34BVS,932.0
1993-08-01,A34BVS,877.0
1993-09-01,A34BVS,865.0
1993-10-01,A34BVS,944.0
1993-11-01,A34BVS,895.0
1993-12-01,A34BVS,838.0
1994-01-01,A34BVS,846.0
1994-02-01,A34BVS,826.0
1994-03-01,A34BVS,851.0
1994-04-01,A34BVS,881.0
1994-05-01,A34BVS,886.0
1994-06-01,A34BVS,879.0
1994-07-01,A34BVS,859.0
1994-08-01,A34BVS,946.0
1994-09-01,A34BVS,964.0
1994-10-01,A34BVS,874.0
1994-11-01,A34BVS,955.0
1994-12-01,A34BVS,960.0
1995-01-01,A34BVS,769.0
1995-02-01,A34BVS,1013.0
1995-03-01,A34BVS,1013.0
1995-04-01,A34BVS,986.0
1995-05-01,A34BVS,1021.0
1995-06-01,A34BVS,968.0
1995-07-01,A34BVS,1009.0
1995-08-01,A34BVS,963.0
1995-09-01,A34BVS,975.0
1995-10-01,A34BVS,964.0
1995-11-01,A34BVS,1015.0
1995-12-01,A34BVS,1026.0
1996-01-01,A34BVS,808.0
1996-02-01,A34BVS,992.0
1996-03-01,A34BVS,1021.0
1996-04-01,A34BVS,974.0
1996-05-01,A34BVS,1126.0
1996-06-01,A34BVS,990.0
1996-07-01,A34BVS,976.0
1996-08-01,A34BVS,1077.0
1996-09-01,A34BVS,991.0
1996-10-01,A34BVS,1153.0
1996-11-01,A34BVS,1098.0
1996-12-01,A34BVS,1149.0
1997-01-01,A34BVS,1207.0
1997-02-01,A34BVS,1265.0
1997-03-01,A34BVS,1197.0
1997-04-01,A34BVS,1293.0
1997-05-01,A34BVS,1249.0
1997-06-01,A34BVS,1276.0
1997-07-01,A34BVS,1248.0
1997-08-01,A34BVS,1241.0
1997-09-01,A34BVS,1316.0
1997-10-01,A34BVS,1310.0
1997-11-01,A34BVS,1291.0
1997-12-01,A34BVS,1383.0
1998-01-01,A34BVS,1491.0
1998-02-01,A34BVS,1493.0
1998-03-01,A34BVS,1448.0
1998-04-01,A34BVS,1462.0
1998-05-01,A34BVS,1431.0
1998-06-01,A34BVS,1449.0
1998-07-01,A34BVS,1604.0
1998-08-01,A34BVS,1682.0
1998-09-01,A34BVS,1663.0
1998-10-01,A34BVS,1604.0
1998-11-01,A34BVS,1635.0
1998-12-01,A34BVS,1492.0
1999-01-01,A34BVS,1412.0
1999-02-01,A34BVS,1438.0
1999-03-01,A34BVS,1490.0
1999-04-01,A34BVS,1269.0
1999-05-01,A34BVS,1472.0
1999-06-01,A34BVS,1433.0
1999-07-01,A34BVS,1623.0
1999-08-01,A34BVS,1361.0
1999-09-01,A34BVS,1081.0
1999-10-01,A34BVS,1240.0
1999-11-01,A34BVS,1101.0
1999-12-01,A34BVS,1097.0
2000-01-01,A34BVS,960.0
2000-02-01,A34BVS,1166.0
2000-03-01,A34BVS,1216.0
2000-04-01,A34BVS,1386.0
2000-05-01,A34BVS,1273.0
2000-06-01,A34BVS,1299.0
2000-07-01,A34BVS,1430.0
2000-08-01,A34BVS,1441.0
2000-09-01,A34BVS,1288.0
2000-10-01,A34BVS,1347.0
2000-11-01,A34BVS,1322.0
2000-12-01,A34BVS,1314.0
2001-01-01,A34BVS,1190.0
2001-02-01,A34BVS,1262.0
2001-03-01,A34BVS,1233.0
2001-04-01,A34BVS,1147.0
2001-05-01,A34BVS,1268.0
2001-06-01,A34BVS,1099.0
2001-07-01,A34BVS,1024.0
2001-08-01,A34BVS,1070.0
2001-09-01,A34BVS,1287.0
2001-10-01,A34BVS,1066.0
2001-11-01,A34BVS,1109.0
2001-12-01,A34BVS,1152.0
2002-01-01,A34BVS,1138.0
2002-02-01,A34BVS,1171.0
2002-03-01,A34BVS,956.0
2002-04-01,A34BVS,980.0
2002-05-01,A34BVS,867.0
2002-06-01,A34BVS,721.0
2002-07-01,A34BVS,674.0
2002-08-01,A34BVS,729.0
2002-09-01,A34BVS,640.0
2002-10-01,A34BVS,664.0
2002-11-01,A34BVS,767.0
2002-12-01,A34BVS,574.0
2003-01-01,A34BVS,687.0
2003-02-01,A34BVS,625.0
2003-03-01,A34BVS,645.0
2003-04-01,A34BVS,740.0
2003-05-01,A34BVS,698.0
2003-06-01,A34BVS,775.0
2003-07-01,A34BVS,768.0
2003-08-01,A34BVS,647.0
2003-09-01,A34BVS,721.0
2003-10-01,A34BVS,653.0
2003-11-01,A34BVS,618.0
2003-12-01,A34BVS,754.0
2004-01-01,A34BVS,575.0
2004-02-01,A34BVS,540.0
2004-03-01,A34BVS,611.0
2004-04-01,A34BVS,544.0
2004-05-01,A34BVS,474.0
2004-06-01,A34BVS,556.0
2004-07-01,A34BVS,600.0
2004-08-01,A34BVS,507.0
2004-09-01,A34BVS,550.0
2004-10-01,A34BVS,556.0
2004-11-01,A34BVS,539.0
2004-12-01,A34BVS,613.0
2005-01-01,A34BVS,626.0
2005-02-01,A34BVS,598.0
2005-03-01,A34BVS,626.0
2005-04-01,A34BVS,657.0
2005-05-01,A34BVS,640.0
2005-06-01,A34BVS,665.0
2005-07-01,A34BVS,568.0
2005-08-01,A34BVS,636.0
2005-09-01,A34BVS,705.0
2005-10-01,A34BVS,696.0
2005-11-01,A34BVS,692.0
2005-12-01,A34BVS,761.0
2006-01-01,A34BVS,726.0
2006-02-01,A34BVS,745.0
2006-03-01,A34BVS,755.0
2006-04-01,A34BVS,659.0
2006-05-01,A34BVS,712.0
2006-06-01,A34BVS,648.0
2006-07-01,A34BVS,597.0
2006-08-01,A34BVS,706.0
2006-09-01,A34BVS,687.0
2006-10-01,A34BVS,636.0
2006-11-01,A34BVS,688.0
2006-12-01,A34BVS,671.0
2007-01-01,A34BVS,594.0
2007-02-01,A34BVS,674.0
2007-03-01,A34BVS,645.0
2007-04-01,A34BVS,591.0
2007-05-01,A34BVS,750.0
2007-06-01,A34BVS,745.0
2007-07-01,A34BVS,795.0
2007-08-01,A34BVS,843.0
2007-09-01,A34BVS,710.0
2007-10-01,A34BVS,678.0
2007-11-01,A34BVS,728.0
2007-12-01,A34BVS,713.0
2008-01-01,A34BVS,743.0
2008-02-01,A34BVS,678.0
2008-03-01,A34BVS,696.0
2008-04-01,A34BVS,683.0
2008-05-01,A34BVS,696.0
2008-06-01,A34BVS,665.0
2008-07-01,A34BVS,600.0
2008-08-01,A34BVS,551.0
2008-09-01,A34BVS,742.0
2008-10-01,A34BVS,547.0
2008-11-01,A34BVS,516.0
2008-12-01,A34BVS,677.0
2009-01-01,A34BVS,389.0
2009-02-01,A34BVS,477.0
2009-03-01,A34BVS,519.0
2009-04-01,A34BVS,497.0
2009-05-01,A34BVS,477.0
2009-06-01,A34BVS,514.0
2009-07-01,A34BVS,586.0
2009-08-01,A34BVS,523.0
2009-09-01,A34BVS,565.0
2009-10-01,A34BVS,685.0
2009-11-01,A34BVS,631.0
2009-12-01,A34BVS,632.0
2010-01-01,A34BVS,725.0
2010-02-01,A34BVS,776.0
2010-03-01,A34BVS,655.0
2010-04-01,A34BVS,831.0
2010-05-01,A34BVS,755.0
2010-06-01,A34BVS,750.0
2010-07-01,A34BVS,1040.0
2010-08-01,A34BVS,792.0
2010-09-01,A34BVS,822.0
2010-10-01,A34BVS,805.0
2010-11-01,A34BVS,875.0
2010-12-01,A34BVS,890.0
2011-01-01,A34BVS,937.0
2011-02-01,A34BVS,878.0
2011-03-01,A34BVS,959.0
2011-04-01,A34BVS,931.0
2011-05-01,A34BVS,890.0
2011-06-01,A34BVS,940.0
2011-07-01,A34BVS,819.0
2011-08-01,A34BVS,953.0
2011-09-01,A34BVS,903.0
2011-10-01,A34BVS,860.0
2011-11-01,A34BVS,876.0
2011-12-01,A34BVS,833.0
2012-01-01,A34BVS,742.0
2012-02-01,A34BVS,771.0
2012-03-01,A34BVS,708.0
2012-04-01,A34BVS,660.0
2012-05-01,A34BVS,698.0
2012-06-01,A34BVS,628.0
2012-07-01,A34BVS,1118.0
2012-08-01,A34BVS,678.0
2012-09-01,A34BVS,643.0
2012-10-01,A34BVS,709.0
2012-11-01,A34BVS,654.0
2012-12-01,A34BVS,672.0
2013-01-01,A34BVS,701.0
2013-02-01,A34BVS,714.0
2013-03-01,A34BVS,811.0
2013-04-01,A34BVS,767.0
2013-05-01,A34BVS,764.0
2013-06-01,A34BVS,850.0
2013-07-01,A34BVS,798.0
2013-08-01,A34BVS,790.0
2013-09-01,A34BVS,921.0
2013-10-01,A34BVS,775.0
2013-11-01,A34BVS,850.0
2013-12-01,A34BVS,890.0
2014-01-01,A34BVS,993.0
2014-02-01,A34BVS,708.0
2014-03-01,A34BVS,813.0
2014-04-01,A34BVS,785.0
2014-05-01,A34BVS,727.0
2014-06-01,A34BVS,732.0
2014-07-01,A34BVS,628.0
2014-08-01,A34BVS,661.0
2014-09-01,A34BVS,637.0
2014-10-01,A34BVS,617.0
2014-11-01,A34BVS,636.0
2014-12-01,A34BVS,653.0
2015-01-01,A34BVS,623.0
2015-02-01,A34BVS,597.0
2015-03-01,A34BVS,717.0
2015-04-01,A34BVS,579.0
2015-05-01,A34BVS,615.0
2015-06-01,A34BVS,640.0
2015-07-01,A34BVS,602.0
2015-08-01,A34BVS,628.0
2015-09-01,A34BVS,701.0
2015-10-01,A34BVS,651.0
2015-11-01,A34BVS,644.0
2015-12-01,A34BVS,633.0
2016-01-01,A34BVS,640.0
2016-02-01,A34BVS,675.0
2016-03-01,A34BVS,637.0
2016-04-01,A34BVS,669.0
2016-05-01,A34BVS,616.0
2016-06-01,A34BVS,588.0
2016-07-01,A34BVS,610.0
2016-08-01,A34BVS,545.0
2016-09-01,A34BVS,530.0
2016-10-01,A34BVS,516.0
2016-11-01,A34BVS,470.0
2016-12-01,A34BVS,507.0
2017-01-01,A34BVS,437.0
2017-02-01,A34BVS,417.0
2017-03-01,A34BVS,435.0
2017-04-01,A34BVS,406.0
2017-05-01,A34BVS,423.0
2017-06-01,A34BVS,497.0
2017-07-01,A34BVS,437.0
2017-08-01,A34BVS,450.0
2017-09-01,A34BVS,317.0
2017-10-01,A34BVS,346.0
2017-11-01,A34BVS,350.0
2017-12-01,A34BVS,283.0
2018-01-01,A34BVS,455.0
2018-02-01,A34BVS,395.0
2018-03-01,A34BVS,283.0
2018-04-01,A34BVS,424.0
2018-05-01,A34BVS,441.0
2018-06-01,A34BVS,340.0
2018-07-01,A34BVS,499.0
2018-08-01,A34BVS,470.0
2018-09-01,A34BVS,403.0
2018-10-01,A34BVS,428.0
2018-11-01,A34BVS,444.0
2018-12-01,A34BVS,385.0
2019-01-01,A34BVS,467.0
2019-02-01,A34BVS,545.0
2019-03-01,A34BVS,378.0
2019-04-01,A34BVS,490.0
2019-05-01,A34BVS,484.0
2019-06-01,A34BVS,468.0
2019-07-01,A34BVS,512.0
2019-08-01,A34BVS,534.0
2019-09-01,A34BVS,503.0
2019-10-01,A34BVS,454.0
2019-11-01,A34BVS,503.0
2019-12-01,A34BVS,516.0
2020-01-01,A34BVS,414.0
2020-02-01,A34BVS,390.0
2020-03-01,A34BVS,414.0
2020-04-01,A34BVS,322.0
2020-05-01,A34BVS,317.0
2020-06-01,A34BVS,297.0
2020-07-01,A34BVS,277.0
2020-08-01,A34BVS,271.0
2020-09-01,A34BVS,289.0
2020-10-01,A34BVS,314.0
2020-11-01,A34BVS,306.0
2020-12-01,A34BVS,311.0
2021-01-01,A34BVS,326.0
2021-02-01,A34BVS,318.0
2021-03-01,A34BVS,322.0
2021-04-01,A34BVS,327.0
2021-05-01,A34BVS,319.0
2021-06-01,A34BVS,328.0
2021-07-01,A34BVS,312.0
2021-08-01,A34BVS,319.0
2021-09-01,A34BVS,324.0
2021-10-01,A34BVS,340.0
2021-11-01,A34BVS,338.0
2021-12-01,A34BVS,349.0
2022-01-01,A34BVS,353.0
2022-02-01,A34BVS,370.0
2022-03-01,A34BVS,366.0
2022-04-01,A34BVS,388.0
2022-05-01,A34BVS,400.0
2022-06-01,A34BVS,412.0
2022-07-01,A34BVS,397.0
2022-08-01,A34BVS,403.0
2022-09-01,A34BVS,408.0
2022-10-01,A34BVS,409.0
2022-11-01,A34BVS,404.0
2022-12-01,A34BVS,415.0
2023-01-01,A34BVS,418.0
2023-02-01,A34BVS,393.0
2023-03-01,A34BVS,438.0
2023-04-01,A34BVS,460.0
2023-05-01,A34BVS,491.0
2023-06-01,A34BVS,440.0
2023-07-01,A34BVS,477.0
2023-08-01,A34BVS,471.0
2023-09-01,A34BVS,464.0
2023-10-01,A34BVS,464.0
2023-11-01,A34BVS,464.0
2023-12-01,A34BVS,458.0
2024-01-01,A34BVS,469.0
2024-02-01,A34BVS,494.0
2024-03-01,A34BVS,470.0
2024-04-01,A34BVS,456.0
2024-05-01,A34BVS,477.0
2024-06-01,A34BVS,456.0
2024-07-01,A34BVS,472.0
2024-08-01,A34BVS,474.0
2024-09-01,A34BVS,486.0
2024-10-01,A34BVS,476.0
2024-11-01,A34BVS,483.0
2024-12-01,A34BVS,461.0
2025-01-01,A34BVS,524.0
2025-02-01,A34BVS,493.0
2025-03-01,A34BVS,510.0
2025-04-01,A34BVS,549.0
2025-05-01,A34BVS,542.0
2025-06-01,A34BVS,490.0
2025-07-01,A34BVS,524.0
2025-08-01,A34BVS,523.0
2025-09-01,A34BVS,495.0
2025-10-01,A34BVS,505.0
2025-11-01,A34BVS,512.0
2025-12-01,A34BVS,509.0
2026-01-01,A34BVS,534.0
2026-02-01,A34BVS,575.0
2026-03-01,A34BVS,590.0
2026-04-01,A34BVS,599.0
2026-05-01,A34BVS,600.0
2026-06-01,A34BVS,589.0
2026-07-01,A34BVS,610.0
2026-08-01,A34BVS,638.0
1992-01-01,A34BTI,1466.0
1992-02-01,A34BTI,1434.0
1992-03-01,A34BTI,1420.0
1992-04-01,A34BTI,1424.0
1992-05-01,A34BTI,1411.0
1992-06-01,A34BTI,1375.0
1992-07-01,A34BTI,1361.0
1992-08-01,A34BTI,1390.0
1992-09-01,A34BTI,1417.0
1992-10-01,A34BTI,1391.0
1992-11-01,A34BTI,1399.0
1992-12-01,A34BTI,1370.0
1993-01-01,A34BTI,1317.0
1993-02-01,A34BTI,1279.0
1993-03-01,A34BTI,1262.0
1993-04-01,A34BTI,1171.0
1993-05-01,A34BTI,1167.0
1993-06-01,A34BTI,1173.0
1993-07-01,A34BTI,1197.0
1993-08-01,A34BTI,1179.0
1993-09-01,A34BTI,1291.0
1993-10-01,A34BTI,1235.0
1993-11-01,A34BTI,1189.0
1993-12-01,A34BTI,1331.0
1994-01-01,A34BTI,1281.0
1994-02-01,A34BTI,1313.0
1994-03-01,A34BTI,1419.0
1994-04-01,A34BTI,1446.0
1994-05-01,A34BTI,1424.0
1994-06-01,A34BTI,1480.0
1994-07-01,A34BTI,1485.0
1994-08-01,A34BTI,1518.0
1994-09-01,A34BTI,1528.0
1994-10-01,A34BTI,1544.0
1994-11-01,A34BTI,1519.0
1994-12-01,A34BTI,1485.0
1995-01-01,A34BTI,1736.0
1995-02-01,A34BTI,1588.0
1995-03-01,A34BTI,1116.0
1995-04-01,A34BTI,1136.0
1995-05-01,A34BTI,1187.0
1995-06-01,A34BTI,1221.0
1995-07-01,A34BTI,1249.0
1995-08-01,A34BTI,1287.0
1995-09-01,A34BTI,1320.0
1995-10-01,A34BTI,1383.0
1995-11-01,A34BTI,1453.0
1995-12-01,A34BTI,1578.0
1996-01-01,A34BTI,1652.0
1996-02-01,A34BTI,1651.0
1996-03-01,A34BTI,1598.0
1996-04-01,A34BTI,1755.0
1996-05-01,A34BTI,1727.0
1996-06-01,A34BTI,1691.0
1996-07-01,A34BTI,1674.0
1996-08-01,A34BTI,1650.0
1996-09-01,A34BTI,1688.0
1996-10-01,A34BTI,1583.0
1996-11-01,A34BTI,1549.0
1996-12-01,A34BTI,1443.0
1997-01-01,A34BTI,1490.0
1997-02-01,A34BTI,1491.0
1997-03-01,A34BTI,1442.0
1997-04-01,A34BTI,1513.0
1997-05-01,A34BTI,1635.0
1997-06-01,A34BTI,1695.0
1997-07-01,A34BTI,1780.0
1997-08-01,A34BTI,1822.0
1997-09-01,A34BTI,1825.0
1997-10-01,A34BTI,1830.0
1997-11-01,A34BTI,1912.0
1997-12-01,A34BTI,1927.0
1998-01-01,A34BTI,1890.0
1998-02-01,A34BTI,1859.0
1998-03-01,A34BTI,1934.0
1998-04-01,A34BTI,1877.0
1998-05-01,A34BTI,1789.0
1998-06-01,A34BTI,1793.0
1998-07-01,A34BTI,1743.0
1998-08-01,A34BTI,1665.0
1998-09-01,A34BTI,1580.0
1998-10-01,A34BTI,1596.0
1998-11-01,A34BTI,1568.0
1998-12-01,A34BTI,1594.0
1999-01-01,A34BTI,1579.0
1999-02-01,A34BTI,1629.0
1999-03-01,A34BTI,1606.0
1999-04-01,A34BTI,1621.0
1999-05-01,A34BTI,1648.0
1999-06-01,A34BTI,1692.0
1999-07-01,A34BTI,1692.0
1999-08-01,A34BTI,1700.0
1999-09-01,A34BTI,1723.0
1999-10-01,A34BTI,1694.0
1999-11-01,A34BTI,1730.0
1999-12-01,A34BTI,1748.0
2000-01-01,A34BTI,1859.0
2000-02-01,A34BTI,1712.0
2000-03-01,A34BTI,1690.0
2000-04-01,A34BTI,1661.0
2000-05-01,A34BTI,1672.0
2000-06-01,A34BTI,1612.0
2000-07-01,A34BTI,1618.0
2000-08-01,A34BTI,1634.0
2000-09-01,A34BTI,1662.0
2000-10-01,A34BTI,1713.0
2000-11-01,A34BTI,1702.0
2000-12-01,A34BTI,1933.0
2001-01-01,A34BTI,2155.0
2001-02-01,A34BTI,2186.0
2001-03-01,A34BTI,2169.0
2001-04-01,A34BTI,2154.0
2001-05-01,A34BTI,2046.0
2001-06-01,A34BTI,1883.0
2001-07-01,A34BTI,1854.0
2001-08-01,A34BTI,1837.0
2001-09-01,A34BTI,1580.0
2001-10-01,A34BTI,1540.0
2001-11-01,A34BTI,1469.0
2001-12-01,A34BTI,1387.0
2002-01-01,A34BTI,1308.0
2002-02-01,A34BTI,1318.0
2002-03-01,A34BTI,1342.0
2002-04-01,A34BTI,1335.0
2002-05-01,A34BTI,1341.0
2002-06-01,A34BTI,1352.0
2002-07-01,A34BTI,1368.0
2002-08-01,A34BTI,1368.0
2002-09-01,A34BTI,1411.0
2002-10-01,A34BTI,1375.0
2002-11-01,A34BTI,1405.0
2002-12-01,A34BTI,1417.0
2003-01-01,A34BTI,1337.0
2003-02-01,A34BTI,1315.0
2003-03-01,A34BTI,1284.0
2003-04-01,A34BTI,1280.0
2003-05-01,A34BTI,1276.0
2003-06-01,A34BTI,1226.0
2003-07-01,A34BTI,1165.0
2003-08-01,A34BTI,1152.0
2003-09-01,A34BTI,1080.0
2003-10-01,A34BTI,1064.0
2003-11-01,A34BTI,1008.0
2003-12-01,A34BTI,965.0
2004-01-01,A34BTI,964.0
2004-02-01,A34BTI,960.0
2004-03-01,A34BTI,934.0
2004-04-01,A34BTI,924.0
2004-05-01,A34BTI,909.0
2004-06-01,A34BTI,916.0
2004-07-01,A34BTI,909.0
2004-08-01,A34BTI,915.0
2004-09-01,A34BTI,912.0
2004-10-01,A34BTI,925.0
2004-11-01,A34BTI,936.0
2004-12-01,A34BTI,912.0
2005-01-01,A34BTI,929.0
2005-02-01,A34BTI,941.0
2005-03-01,A34BTI,986.0
2005-04-01,A34BTI,1010.0
2005-05-01,A34BTI,1070.0
2005-06-01,A34BTI,1097.0
2005-07-01,A34BTI,1168.0
2005-08-01,A34BTI,1221.0
2005-09-01,A34BTI,1166.0
2005-10-01,A34BTI,1172.0
2005-11-01,A34BTI,1182.0
2005-12-01,A34BTI,1196.0
2006-01-01,A34BTI,1210.0
2006-02-01,A34BTI,1208.0
2006-03-01,A34BTI,1208.0
2006-04-01,A34BTI,1211.0
2006-05-01,A34BTI,1257.0
2006-06-01,A34BTI,1324.0
2006-07-01,A34BTI,1381.0
2006-08-01,A34BTI,1402.0
2006-09-01,A34BTI,1480.0
2006-10-01,A34BTI,1526.0
2006-11-01,A34BTI,1555.0
2006-12-01,A34BTI,1555.0
2007-01-01,A34BTI,1604.0
2007-02-01,A34BTI,1603.0
2007-03-01,A34BTI,1536.0
2007-04-01,A34BTI,1530.0
2007-05-01,A34BTI,1507.0
2007-06-01,A34BTI,1307.0
2007-07-01,A34BTI,1314.0
2007-08-01,A34BTI,1334.0
2007-09-01,A34BTI,1551.0
2007-10-01,A34BTI,1554.0
2007-11-01,A34BTI,1571.0
2007-12-01,A34BTI,1556.0
2008-01-01,A34BTI,1566.0
2008-02-01,A34BTI,1559.0
2008-03-01,A34BTI,1632.0
2008-04-01,A34BTI,1604.0
2008-05-01,A34BTI,1558.0
2008-06-01,A34BTI,1519.0
2008-07-01,A34BTI,1501.0
2008-08-01,A34BTI,1472.0
2008-09-01,A34BTI,1384.0
2008-10-01,A34BTI,1346.0
2008-11-01,A34BTI,1334.0
2008-12-01,A34BTI,1335.0
2009-01-01,A34BTI,1235.0
2009-02-01,A34BTI,1241.0
2009-03-01,A34BTI,1236.0
2009-04-01,A34BTI,1251.0
2009-05-01,A34BTI,1276.0
2009-06-01,A34BTI,1237.0
2009-07-01,A34BTI,1236.0
2009-08-01,A34BTI,1235.0
2009-09-01,A34BTI,1233.0
2009-10-01,A34BTI,1227.0
2009-11-01,A34BTI,1241.0
2009-12-01,A34BTI,1392.0
2010-01-01,A34BTI,1363.0
2010-02-01,A34BTI,1375.0
2010-03-01,A34BTI,1408.0
2010-04-01,A34BTI,1450.0
2010-05-01,A34BTI,1456.0
2010-06-01,A34BTI,1499.0
2010-07-01,A34BTI,1491.0
2010-08-01,A34BTI,1503.0
2010-09-01,A34BTI,1530.0
2010-10-01,A34BTI,1511.0
2010-11-01,A34BTI,1529.0
2010-12-01,A34BTI,1516.0
2011-01-01,A34BTI,1561.0
2011-02-01,A34BTI,1557.0
2011-03-01,A34BTI,1563.0
2011-04-01,A34BTI,1556.0
2011-05-01,A34BTI,1525.0
2011-06-01,A34BTI,1607.0
2011-07-01,A34BTI,1621.0
2011-08-01,A34BTI,1596.0
2011-09-01,A34BTI,1627.0
2011-10-01,A34BTI,1592.0
2011-11-01,A34BTI,1522.0
2011-12-01,A34BTI,1524.0
2012-01-01,A34BTI,1487.0
2012-02-01,A34BTI,1424.0
2012-03-01,A34BTI,1487.0
2012-04-01,A34BTI,1432.0
2012-05-01,A34BTI,1417.0
2012-06-01,A34BTI,1384.0
2012-07-01,A34BTI,1361.0
2012-08-01,A34BTI,1371.0
2012-09-01,A34BTI,1357.0
2012-10-01,A34BTI,1358.0
2012-11-01,A34BTI,1357.0
2012-12-01,A34BTI,1337.0
2013-01-01,A34BTI,1309.0
2013-02-01,A34BTI,1336.0
2013-03-01,A34BTI,1262.0
2013-04-01,A34BTI,1268.0
2013-05-01,A34BTI,1409.0
2013-06-01,A34BTI,1521.0
2013-07-01,A34BTI,1382.0
2013-08-01,A34BTI,1415.0
2013-09-01,A34BTI,1377.0
2013-10-01,A34BTI,1433.0
2013-11-01,A34BTI,1439.0
2013-12-01,A34BTI,1411.0
2014-01-01,A34BTI,1422.0
2014-02-01,A34BTI,1409.0
2014-03-01,A34BTI,1365.0
2014-04-01,A34BTI,1338.0
2014-05-01,A34BTI,1285.0
2014-06-01,A34BTI,1235.0
2014-07-01,A34BTI,1322.0
2014-08-01,A34BTI,1291.0
2014-09-01,A34BTI,1286.0
2014-10-01,A34BTI,1281.0
2014-11-01,A34BTI,1238.0
2014-12-01,A34BTI,1211.0
2015-01-01,A34BTI,1230.0
2015-02-01,A34BTI,1237.0
2015-03-01,A34BTI,1253.0
2015-04-01,A34BTI,1270.0
2015-05-01,A34BTI,1324.0
2015-06-01,A34BTI,1360.0
2015-07-01,A34BTI,1341.0
2015-08-01,A34BTI,1348.0
2015-09-01,A34BTI,1219.0
2015-10-01,A34BTI,1315.0
2015-11-01,A34BTI,1343.0
2015-12-01,A34BTI,1320.0
2016-01-01,A34BTI,1385.0
2016-02-01,A34BTI,1297.0
2016-03-01,A34BTI,1264.0
2016-04-01,A34BTI,1236.0
2016-05-01,A34BTI,1191.0
2016-06-01,A34BTI,1131.0
2016-07-01,A34BTI,1086.0
2016-08-01,A34BTI,1087.0
2016-09-01,A34BTI,1102.0
2016-10-01,A34BTI,1014.0
2016-11-01,A34BTI,963.0
2016-12-01,A34BTI,1034.0
2017-01-01,A34BTI,1017.0
2017-02-01,A34BTI,971.0
2017-03-01,A34BTI,930.0
2017-04-01,A34BTI,913.0
2017-05-01,A34BTI,863.0
2017-06-01,A34BTI,840.0
2017-07-01,A34BTI,791.0
2017-08-01,A34BTI,718.0
2017-09-01,A34BTI,672.0
2017-10-01,A34BTI,651.0
2017-11-01,A34BTI,607.0
2017-12-01,A34BTI,604.0
2018-01-01,A34BTI,584.0
2018-02-01,A34BTI,604.0
2018-03-01,A34BTI,618.0
2018-04-01,A34BTI,627.0
2018-05-01,A34BTI,672.0
2018-06-01,A34BTI,641.0
2018-07-01,A34BTI,620.0
2018-08-01,A34BTI,690.0
2018-09-01,A34BTI,750.0
2018-10-01,A34BTI,786.0
2018-11-01,A34BTI,798.0
2018-12-01,A34BTI,800.0
2019-01-01,A34BTI,762.0
2019-02-01,A34BTI,782.0
2019-03-01,A34BTI,764.0
2019-04-01,A34BTI,706.0
2019-05-01,A34BTI,683.0
2019-06-01,A34BTI,679.0
2019-07-01,A34BTI,683.0
2019-08-01,A34BTI,663.0
2019-09-01,A34BTI,612.0
2019-10-01,A34BTI,586.0
2019-11-01,A34BTI,555.0
2019-12-01,A34BTI,545.0
2020-01-01,A34BTI,529.0
2020-02-01,A34BTI,515.0
2020-03-01,A34BTI,503.0
2020-04-01,A34BTI,506.0
2020-05-01,A34BTI,513.0
2020-06-01,A34BTI,554.0
2020-07-01,A34BTI,560.0
2020-08-01,A34BTI,553.0
2020-09-01,A34BTI,587.0
2020-10-01,A34BTI,574.0
2020-11-01,A34BTI,606.0
2020-12-01,A34BTI,630.0
2021-01-01,A34BTI,668.0
2021-02-01,A34BTI,699.0
2021-03-01,A34BTI,711.0
2021-04-01,A34BTI,762.0
2021-05-01,A34BTI,837.0
2021-06-01,A34BTI,831.0
2021-07-01,A34BTI,839.0
2021-08-01,A34BTI,891.0
2021-09-01,A34BTI,918.0
2021-10-01,A34BTI,972.0
2021-11-01,A34BTI,1014.0
2021-12-01,A34BTI,1044.0
2022-01-01,A34BTI,1062.0
2022-02-01,A34BTI,1053.0
2022-03-01,A34BTI,1081.0
2022-04-01,A34BTI,1098.0
2022-05-01,A34BTI,1117.0
2022-06-01,A34BTI,1056.0
2022-07-01,A34BTI,1082.0
2022-08-01,A34BTI,1109.0
2022-09-01,A34BTI,1092.0
2022-10-01,A34BTI,1117.0
2022-11-01,A34BTI,1111.0
2022-12-01,A34BTI,1043.0
2023-01-01,A34BTI,1009.0
2023-02-01,A34BTI,1076.0
2023-03-01,A34BTI,1086.0
2023-04-01,A34BTI,1089.0
2023-05-01,A34BTI,1058.0
2023-06-01,A34BTI,1071.0
2023-07-01,A34BTI,1084.0
2023-08-01,A34BTI,1062.0
2023-09-01,A34BTI,1039.0
2023-10-01,A34BTI,1032.0
2023-11-01,A34BTI,1029.0
2023-12-01,A34BTI,1085.0
2024-01-01,A34BTI,1050.0
2024-02-01,A34BTI,1026.0
2024-03-01,A34BTI,1060.0
2024-04-01,A34BTI,1048.0
2024-05-01,A34BTI,1049.0
2024-06-01,A34BTI,1063.0
2024-07-01,A34BTI,1035.0
2024-08-01,A34BTI,1062.0
2024-09-01,A34BTI,1068.0
2024-10-01,A34BTI,1060.0
2024-11-01,A34BTI,1068.0
2024-12-01,A34BTI,1075.0
2025-01-01,A34BTI,1071.0
2025-02-01,A34BTI,1059.0
2025-03-01,A34BTI,1174.0
2025-04-01,A34BTI,1147.0
2025-05-01,A34BTI,1144.0
2025-06-01,A34BTI,1156.0
2025-07-01,A34BTI,1092.0
2025-08-01,A34BTI,1059.0
2025-09-01,A34BTI,1087.0
2025-10-01,A34BTI,1057.0
2025-11-01,A34BTI,1043.0
2025-12-01,A34BTI,1059.0
2026-01-01,A34BTI,1052.0
2026-02-01,A34BTI,1083.0
2026-03-01,A34BTI,1108.0
2026-04-01,A34BTI,1109.0
2026-05-01,A34BTI,1114.0
2026-06-01,A34BTI,1098.0
2026-07-01,A34BTI,1094.0
2026-08-01,A34BTI,1136.0
1992-01-01,A34HVS,3543.0
1992-02-01,A34HVS,3484.0
1992-03-01,A34HVS,3754.0
1992-04-01,A34HVS,3652.0
1992-05-01,A34HVS,3673.0
1992-06-01,A34HVS,3701.0
1992-07-01,A34HVS,3741.0
1992-08-01,A34HVS,3852.0
1992-09-01,A34HVS,3769.0
1992-10-01,A34HVS,3808.0
1992-11-01,A34HVS,4080.0
1992-12-01,A34HVS,3973.0
1993-01-01,A34HVS,4070.0
1993-02-01,A34HVS,4171.0
1993-03-01,A34HVS,4089.0
1993-04-01,A34HVS,4210.0
1993-05-01,A34HVS,4130.0
1993-06-01,A34HVS,4188.0
1993-07-01,A34HVS,4195.0
1993-08-01,A34HVS,4178.0
1993-09-01,A34HVS,4258.0
1993-10-01,A34HVS,4272.0
1993-11-01,A34HVS,4146.0
1993-12-01,A34HVS,4185.0
1994-01-01,A34HVS,4407.0
1994-02-01,A34HVS,4429.0
1994-03-01,A34HVS,4246.0
1994-04-01,A34HVS,4415.0
1994-05-01,A34HVS,4546.0
1994-06-01,A34HVS,4375.0
1994-07-01,A34HVS,4584.0
1994-08-01,A34HVS,4581.0
1994-09-01,A34HVS,4387.0
1994-10-01,A34HVS,4719.0
1994-11-01,A34HVS,4508.0
1994-12-01,A34HVS,4550.0
1995-01-01,A34HVS,4658.0
1995-02-01,A34HVS,4687.0
1995-03-01,A34HVS,4575.0
1995-04-01,A34HVS,4593.0
1995-05-01,A34HVS,4687.0
1995-06-01,A34HVS,4786.0
1995-07-01,A34HVS,5012.0
1995-08-01,A34HVS,4953.0
1995-09-01,A34HVS,5074.0
1995-10-01,A34HVS,5178.0
1995-11-01,A34HVS,5245.0
1995-12-01,A34HVS,5175.0
1996-01-01,A34HVS,5005.0
1996-02-01,A34HVS,4947.0
1996-03-01,A34HVS,5211.0
1996-04-01,A34HVS,5373.0
1996-05-01,A34HVS,5238.0
1996-06-01,A34HVS,5285.0
1996-07-01,A34HVS,5149.0
1996-08-01,A34HVS,5207.0
1996-09-01,A34HVS,5304.0
1996-10-01,A34HVS,5204.0
1996-11-01,A34HVS,5369.0
1996-12-01,A34HVS,5298.0
1997-01-01,A34HVS,4798.0
1997-02-01,A34HVS,5114.0
1997-03-01,A34HVS,5410.0
1997-04-01,A34HVS,5076.0
1997-05-01,A34HVS,5046.0
1997-06-01,A34HVS,5263.0
1997-07-01,A34HVS,4960.0
1997-08-01,A34HVS,5110.0
1997-09-01,A34HVS,5009.0
1997-10-01,A34HVS,4938.0
1997-11-01,A34HVS,4944.0
1997-12-01,A34HVS,4932.0
1998-01-01,A34HVS,4463.0
1998-02-01,A34HVS,4867.0
1998-03-01,A34HVS,5153.0
1998-04-01,A34HVS,4792.0
1998-05-01,A34HVS,4794.0
1998-06-01,A34HVS,4877.0
1998-07-01,A34HVS,4771.0
1998-08-01,A34HVS,4704.0
1998-09-01,A34HVS,4867.0
1998-10-01,A34HVS,4849.0
1998-11-01,A34HVS,4726.0
1998-12-01,A34HVS,5256.0
1999-01-01,A34HVS,4811.0
1999-02-01,A34HVS,4867.0
1999-03-01,A34HVS,4970.0
1999-04-01,A34HVS,4870.0
1999-05-01,A34HVS,4885.0
1999-06-01,A34HVS,5368.0
1999-07-01,A34HVS,5406.0
1999-08-01,A34HVS,5392.0
1999-09-01,A34HVS,5614.0
1999-10-01,A34HVS,5614.0
1999-11-01,A34HVS,5628.0
1999-12-01,A34HVS,5786.0
2000-01-01,A34HVS,6037.0
2000-02-01,A34HVS,5964.0
2000-03-01,A34HVS,6072.0
2000-04-01,A34HVS,6697.0
2000-05-01,A34HVS,6293.0
2000-06-01,A34HVS,6140.0
2000-07-01,A34HVS,6407.0
2000-08-01,A34HVS,6350.0
2000-09-01,A34HVS,6530.0
2000-10-01,A34HVS,6301.0
2000-11-01,A34HVS,6364.0
2000-12-01,A34HVS,6483.0
2001-01-01,A34HVS,6623.0
2001-02-01,A34HVS,6772.0
2001-03-01,A34HVS,5819.0
2001-04-01,A34HVS,4911.0
2001-05-01,A34HVS,4843.0
2001-06-01,A34HVS,5356.0
2001-07-01,A34HVS,4526.0
2001-08-01,A34HVS,4675.0
2001-09-01,A34HVS,4407.0
2001-10-01,A34HVS,4496.0
2001-11-01,A34HVS,4616.0
2001-12-01,A34HVS,4265.0
2002-01-01,A34HVS,4269.0
2002-02-01,A34HVS,4285.0
2002-03-01,A34HVS,4208.0
2002-04-01,A34HVS,4217.0
2002-05-01,A34HVS,4270.0
2002-06-01,A34HVS,4102.0
2002-07-01,A34HVS,4224.0
2002-08-01,A34HVS,4162.0
2002-09-01,A34HVS,3760.0
2002-10-01,A34HVS,3846.0
2002-11-01,A34HVS,3872.0
2002-12-01,A34HVS,3736.0
2003-01-01,A34HVS,3658.0
2003-02-01,A34HVS,3798.0
2003-03-01,A34HVS,3725.0
2003-04-01,A34HVS,3835.0
2003-05-01,A34HVS,3907.0
2003-06-01,A34HVS,3872.0
2003-07-01,A34HVS,3846.0
2003-08-01,A34HVS,3889.0
2003-09-01,A34HVS,3940.0
2003-10-01,A34HVS,4010.0
2003-11-01,A34HVS,4073.0
2003-12-01,A34HVS,3988.0
2004-01-01,A34HVS,3938.0
2004-02-01,A34HVS,3826.0
2004-03-01,A34HVS,3469.0
2004-04-01,A34HVS,3707.0
2004-05-01,A34HVS,3685.0
2004-06-01,A34HVS,3622.0
2004-07-01,A34HVS,3618.0
2004-08-01,A34HVS,3486.0
2004-09-01,A34HVS,3430.0
2004-10-01,A34HVS,3435.0
2004-11-01,A34HVS,3733.0
2004-12-01,A34HVS,3812.0
2005-01-01,A34HVS,3812.0
2005-02-01,A34HVS,3776.0
2005-03-01,A34HVS,3920.0
2005-04-01,A34HVS,3760.0
2005-05-01,A34HVS,3686.0
2005-06-01,A34HVS,3654.0
2005-07-01,A34HVS,3453.0
2005-08-01,A34HVS,3702.0
2005-09-01,A34HVS,3749.0
2005-10-01,A34HVS,3733.0
2005-11-01,A34HVS,3762.0
2005-12-01,A34HVS,3770.0
2006-01-01,A34HVS,3698.0
2006-02-01,A34HVS,3850.0
2006-03-01,A34HVS,3840.0
2006-04-01,A34HVS,3789.0
2006-05-01,A34HVS,3863.0
2006-06-01,A34HVS,3942.0
2006-07-01,A34HVS,3986.0
2006-08-01,A34HVS,3989.0
2006-09-01,A34HVS,4074.0
2006-10-01,A34HVS,4057.0
2006-11-01,A34HVS,4102.0
2006-12-01,A34HVS,4278.0
2007-01-01,A34HVS,4145.0
2007-02-01,A34HVS,4204.0
2007-03-01,A34HVS,4259.0
2007-04-01,A34HVS,4223.0
2007-05-01,A34HVS,4202.0
2007-06-01,A34HVS,4280.0
2007-07-01,A34HVS,4088.0
2007-08-01,A34HVS,4136.0
2007-09-01,A34HVS,4255.0
2007-10-01,A34HVS,4115.0
2007-11-01,A34HVS,4201.0
2007-12-01,A34HVS,4238.0
2008-01-01,A34HVS,4275.0
2008-02-01,A34HVS,4191.0
2008-03-01,A34HVS,4304.0
2008-04-01,A34HVS,4282.0
2008-05-01,A34HVS,4306.0
2008-06-01,A34HVS,4303.0
2008-07-01,A34HVS,3967.0
2008-08-01,A34HVS,4068.0
2008-09-01,A34HVS,4252.0
2008-10-01,A34HVS,3785.0
2008-11-01,A34HVS,3631.0
2008-12-01,A34HVS,3541.0
2009-01-01,A34HVS,3332.0
2009-02-01,A34HVS,3246.0
2009-03-01,A34HVS,3232.0
2009-04-01,A34HVS,3059.0
2009-05-01,A34HVS,2989.0
2009-06-01,A34HVS,3086.0
2009-07-01,A34HVS,3029.0
2009-08-01,A34HVS,2994.0
2009-09-01,A34HVS,3128.0
2009-10-01,A34HVS,3147.0
2009-11-01,A34HVS,3105.0
2009-12-01,A34HVS,3222.0
2010-01-01,A34HVS,3391.0
2010-02-01,A34HVS,3387.0
2010-03-01,A34HVS,3335.0
2010-04-01,A34HVS,3486.0
2010-05-01,A34HVS,3399.0
2010-06-01,A34HVS,3371.0
2010-07-01,A34HVS,3543.0
2010-08-01,A34HVS,3600.0
2010-09-01,A34HVS,3530.0
2010-10-01,A34HVS,3626.0
2010-11-01,A34HVS,3618.0
2010-12-01,A34HVS,3550.0
2011-01-01,A34HVS,3663.0
2011-02-01,A34HVS,3644.0
2011-03-01,A34HVS,3685.0
2011-04-01,A34HVS,3675.0
2011-05-01,A34HVS,3716.0
2011-06-01,A34HVS,3543.0
2011-07-01,A34HVS,3393.0
2011-08-01,A34HVS,3664.0
2011-09-01,A34HVS,3571.0
2011-10-01,A34HVS,3579.0
2011-11-01,A34HVS,3643.0
2011-12-01,A34HVS,3660.0
2012-01-01,A34HVS,3540.0
2012-02-01,A34HVS,3668.0
2012-03-01,A34HVS,3617.0
2012-04-01,A34HVS,3480.0
2012-05-01,A34HVS,3575.0
2012-06-01,A34HVS,3456.0
2012-07-01,A34HVS,3241.0
2012-08-01,A34HVS,3426.0
2012-09-01,A34HVS,3405.0
2012-10-01,A34HVS,3409.0
2012-11-01,A34HVS,3426.0
2012-12-01,A34HVS,3552.0
2013-01-01,A34HVS,3614.0
2013-02-01,A34HVS,3460.0
2013-03-01,A34HVS,3414.0
2013-04-01,A34HVS,3555.0
2013-05-01,A34HVS,3527.0
2013-06-01,A34HVS,3464.0
2013-07-01,A34HVS,3533.0
2013-08-01,A34HVS,3398.0
2013-09-01,A34HVS,3443.0
2013-10-01,A34HVS,3592.0
2013-11-01,A34HVS,3636.0
2013-12-01,A34HVS,3599.0
2014-01-01,A34HVS,3596.0
2014-02-01,A34HVS,3587.0
2014-03-01,A34HVS,3473.0
2014-04-01,A34HVS,3476.0
2014-05-01,A34HVS,3466.0
2014-06-01,A34HVS,3598.0
2014-07-01,A34HVS,3629.0
2014-08-01,A34HVS,3561.0
2014-09-01,A34HVS,3582.0
2014-10-01,A34HVS,3406.0
2014-11-01,A34HVS,3096.0
2014-12-01,A34HVS,3281.0
2015-01-01,A34HVS,3415.0
2015-02-01,A34HVS,3467.0
2015-03-01,A34HVS,3682.0
2015-04-01,A34HVS,3772.0
2015-05-01,A34HVS,3676.0
2015-06-01,A34HVS,3812.0
2015-07-01,A34HVS,3852.0
2015-08-01,A34HVS,3652.0
2015-09-01,A34HVS,3606.0
2015-10-01,A34HVS,3553.0
2015-11-01,A34HVS,3487.0
2015-12-01,A34HVS,3399.0
2016-01-01,A34HVS,3394.0
2016-02-01,A34HVS,3335.0
2016-03-01,A34HVS,3347.0
2016-04-01,A34HVS,3398.0
2016-05-01,A34HVS,3449.0
2016-06-01,A34HVS,3362.0
2016-07-01,A34HVS,3424.0
2016-08-01,A34HVS,3434.0
2016-09-01,A34HVS,3414.0
2016-10-01,A34HVS,3409.0
2016-11-01,A34HVS,3330.0
2016-12-01,A34HVS,3374.0
2017-01-01,A34HVS,3334.0
2017-02-01,A34HVS,3436.0
2017-03-01,A34HVS,3478.0
2017-04-01,A34HVS,3424.0
2017-05-01,A34HVS,3494.0
2017-06-01,A34HVS,3541.0
2017-07-01,A34HVS,3615.0
2017-08-01,A34HVS,3704.0
2017-09-01,A34HVS,3785.0
2017-10-01,A34HVS,3889.0
2017-11-01,A34HVS,3872.0
2017-12-01,A34HVS,3941.0
2018-01-01,A34HVS,3985.0
2018-02-01,A34HVS,4017.0
2018-03-01,A34HVS,3915.0
2018-04-01,A34HVS,4035.0
2018-05-01,A34HVS,4057.0
2018-06-01,A34HVS,4011.0
2018-07-01,A34HVS,3938.0
2018-08-01,A34HVS,3991.0
2018-09-01,A34HVS,4031.0
2018-10-01,A34HVS,4141.0
2018-11-01,A34HVS,4165.0
2018-12-01,A34HVS,4203.0
2019-01-01,A34HVS,4247.0
2019-02-01,A34HVS,4184.0
2019-03-01,A34HVS,4235.0
2019-04-01,A34HVS,4160.0
2019-05-01,A34HVS,4164.0
2019-06-01,A34HVS,4290.0
2019-07-01,A34HVS,4094.0
2019-08-01,A34HVS,4187.0
2019-09-01,A34HVS,4078.0
2019-10-01,A34HVS,3984.0
2019-11-01,A34HVS,4043.0
2019-12-01,A34HVS,4088.0
2020-01-01,A34HVS,3955.0
2020-02-01,A34HVS,3968.0
2020-03-01,A34HVS,3850.0
2020-04-01,A34HVS,3946.0
2020-05-01,A34HVS,3913.0
2020-06-01,A34HVS,3952.0
2020-07-01,A34HVS,4081.0
2020-08-01,A34HVS,4095.0
2020-09-01,A34HVS,4076.0
2020-10-01,A34HVS,4109.0
2020-11-01,A34HVS,4159.0
2020-12-01,A34HVS,4194.0
2021-01-01,A34HVS,4222.0
2021-02-01,A34HVS,4196.0
2021-03-01,A34HVS,4320.0
2021-04-01,A34HVS,4358.0
2021-05-01,A34HVS,4271.0
2021-06-01,A34HVS,4309.0
2021-07-01,A34HVS,4420.0
2021-08-01,A34HVS,4395.0
2021-09-01,A34HVS,4484.0
2021-10-01,A34HVS,4531.0
2021-11-01,A34HVS,4493.0
2021-12-01,A34HVS,4500.0
2022-01-01,A34HVS,4514.0
2022-02-01,A34HVS,4512.0
2022-03-01,A34HVS,4520.0
2022-04-01,A34HVS,4477.0
2022-05-01,A34HVS,4546.0
2022-06-01,A34HVS,4462.0
2022-07-01,A34HVS,4526.0
2022-08-01,A34HVS,4439.0
2022-09-01,A34HVS,4371.0
2022-10-01,A34HVS,4420.0
2022-11-01,A34HVS,4427.0
2022-12-01,A34HVS,4299.0
2023-01-01,A34HVS,4393.0
2023-02-01,A34HVS,4470.0
2023-03-01,A34HVS,4358.0
2023-04-01,A34HVS,4223.0
2023-05-01,A34HVS,4316.0
2023-06-01,A34HVS,4385.0
2023-07-01,A34HVS,4250.0
2023-08-01,A34HVS,4770.0
2023-09-01,A34HVS,4871.0
2023-10-01,A34HVS,4829.0
2023-11-01,A34HVS,4860.0
2023-12-01,A34HVS,4894.0
2024-01-01,A34HVS,5000.0
2024-02-01,A34HVS,4862.0
2024-03-01,A34HVS,4772.0
2024-04-01,A34HVS,4857.0
2024-05-01,A34HVS,4867.0
2024-06-01,A34HVS,4802.0
2024-07-01,A34HVS,4841.0
2024-08-01,A34HVS,4915.0
2024-09-01,A34HVS,4923.0
2024-10-01,A34HVS,4902.0
2024-11-01,A34HVS,4945.0
2024-12-01,A34HVS,4971.0
2025-01-01,A34HVS,4953.0
2025-02-01,A34HVS,5051.0
2025-03-01,A34HVS,5119.0
2025-04-01,A34HVS,5060.0
2025-05-01,A34HVS,5053.0
2025-06-01,A34HVS,5198.0
2025-07-01,A34HVS,5190.0
2025-08-01,A34HVS,5184.0
2025-09-01,A34HVS,5174.0
2025-10-01,A34HVS,5207.0
2025-11-01,A34HVS,5253.0
2025-12-01,A34HVS,5315.0
2026-01-01,A34HVS,5310.0
2026-02-01,A34HVS,5302.0
2026-03-01,A34HVS,5282.0
2026-04-01,A34HVS,5319.0
2026-05-01,A34HVS,5438.0
2026-06-01,A34HVS,5567.0
2026-07-01,A34HVS,5570.0
2026-08-01,A34HVS,5625.0
1992-01-01,A34HTI,7793.0
1992-02-01,A34HTI,7714.0
1992-03-01,A34HTI,7661.0
1992-04-01,A34HTI,7520.0
1992-05-01,A34HTI,7427.0
1992-06-01,A34HTI,7585.0
1992-07-01,A34HTI,7490.0
1992-08-01,A34HTI,7416.0
1992-09-01,A34HTI,7369.0
1992-10-01,A34HTI,7240.0
1992-11-01,A34HTI,7034.0
1992-12-01,A34HTI,7019.0
1993-01-01,A34HTI,7009.0
1993-02-01,A34HTI,7061.0
1993-03-01,A34HTI,7075.0
1993-04-01,A34HTI,7039.0
1993-05-01,A34HTI,7269.0
1993-06-01,A34HTI,7392.0
1993-07-01,A34HTI,7513.0
1993-08-01,A34HTI,7586.0
1993-09-01,A34HTI,7143.0
1993-10-01,A34HTI,7183.0
1993-11-01,A34HTI,7263.0
1993-12-01,A34HTI,7304.0
1994-01-01,A34HTI,7229.0
1994-02-01,A34HTI,7248.0
1994-03-01,A34HTI,7263.0
1994-04-01,A34HTI,7291.0
1994-05-01,A34HTI,7326.0
1994-06-01,A34HTI,7387.0
1994-07-01,A34HTI,7468.0
1994-08-01,A34HTI,7513.0
1994-09-01,A34HTI,7730.0
1994-10-01,A34HTI,7646.0
1994-11-01,A34HTI,7832.0
1994-12-01,A34HTI,8092.0
1995-01-01,A34HTI,8273.0
1995-02-01,A34HTI,8440.0
1995-03-01,A34HTI,8636.0
1995-04-01,A34HTI,8869.0
1995-05-01,A34HTI,8972.0
1995-06-01,A34HTI,9076.0
1995-07-01,A34HTI,9147.0
1995-08-01,A34HTI,9305.0
1995-09-01,A34HTI,9279.0
1995-10-01,A34HTI,9494.0
1995-11-01,A34HTI,9050.0
1995-12-01,A34HTI,9228.0
1996-01-01,A34HTI,9953.0
1996-02-01,A34HTI,9849.0
1996-03-01,A34HTI,9876.0
1996-04-01,A34HTI,9899.0
1996-05-01,A34HTI,9946.0
1996-06-01,A34HTI,9822.0
1996-07-01,A34HTI,9651.0
1996-08-01,A34HTI,9458.0
1996-09-01,A34HTI,9483.0
1996-10-01,A34HTI,9369.0
1996-11-01,A34HTI,9396.0
1996-12-01,A34HTI,9342.0
1997-01-01,A34HTI,9276.0
1997-02-01,A34HTI,9058.0
1997-03-01,A34HTI,8881.0
1997-04-01,A34HTI,8755.0
1997-05-01,A34HTI,8611.0
1997-06-01,A34HTI,8413.0
1997-07-01,A34HTI,8516.0
1997-08-01,A34HTI,8591.0
1997-09-01,A34HTI,8535.0
1997-10-01,A34HTI,8733.0
1997-11-01,A34HTI,8542.0
1997-12-01,A34HTI,8475.0
1998-01-01,A34HTI,8467.0
1998-02-01,A34HTI,8461.0
1998-03-01,A34HTI,8528.0
1998-04-01,A34HTI,8438.0
1998-05-01,A34HTI,8409.0
1998-06-01,A34HTI,8387.0
1998-07-01,A34HTI,8307.0
1998-08-01,A34HTI,8306.0
1998-09-01,A34HTI,8222.0
1998-10-01,A34HTI,8046.0
1998-11-01,A34HTI,7948.0
1998-12-01,A34HTI,7722.0
1999-01-01,A34HTI,7707.0
1999-02-01,A34HTI,7785.0
1999-03-01,A34HTI,7735.0
1999-04-01,A34HTI,7789.0
1999-05-01,A34HTI,7907.0
1999-06-01,A34HTI,8014.0
1999-07-01,A34HTI,7966.0
1999-08-01,A34HTI,8333.0
1999-09-01,A34HTI,8518.0
1999-10-01,A34HTI,8714.0
1999-11-01,A34HTI,8874.0
1999-12-01,A34HTI,9037.0
2000-01-01,A34HTI,9088.0
2000-02-01,A34HTI,9295.0
2000-03-01,A34HTI,9591.0
2000-04-01,A34HTI,9969.0
2000-05-01,A34HTI,10183.0
2000-06-01,A34HTI,10701.0
2000-07-01,A34HTI,10972.0
2000-08-01,A34HTI,11213.0
2000-09-01,A34HTI,11550.0
2000-10-01,A34HTI,11734.0
2000-11-01,A34HTI,12050.0
2000-12-01,A34HTI,12290.0
2001-01-01,A34HTI,12219.0
2001-02-01,A34HTI,11909.0
2001-03-01,A34HTI,11579.0
2001-04-01,A34HTI,11172.0
2001-05-01,A34HTI,10854.0
2001-06-01,A34HTI,10612.0
2001-07-01,A34HTI,10443.0
2001-08-01,A34HTI,10014.0
2001-09-01,A34HTI,9698.0
2001-10-01,A34HTI,9026.0
2001-11-01,A34HTI,8465.0
2001-12-01,A34HTI,8271.0
2002-01-01,A34HTI,8263.0
2002-02-01,A34HTI,8122.0
2002-03-01,A34HTI,8151.0
2002-04-01,A34HTI,8029.0
2002-05-01,A34HTI,7887.0
2002-06-01,A34HTI,7548.0
2002-07-01,A34HTI,7384.0
2002-08-01,A34HTI,7420.0
2002-09-01,A34HTI,7209.0
2002-10-01,A34HTI,7202.0
2002-11-01,A34HTI,7270.0
2002-12-01,A34HTI,7105.0
2003-01-01,A34HTI,7008.0
2003-02-01,A34HTI,6986.0
2003-03-01,A34HTI,6784.0
2003-04-01,A34HTI,6593.0
2003-05-01,A34HTI,6600.0
2003-06-01,A34HTI,6456.0
2003-07-01,A34HTI,6365.0
2003-08-01,A34HTI,6261.0
2003-09-01,A34HTI,5859.0
2003-10-01,A34HTI,6145.0
2003-11-01,A34HTI,6008.0
2003-12-01,A34HTI,6148.0
2004-01-01,A34HTI,5985.0
2004-02-01,A34HTI,5727.0
2004-03-01,A34HTI,6320.0
2004-04-01,A34HTI,6326.0
2004-05-01,A34HTI,6187.0
2004-06-01,A34HTI,6325.0
2004-07-01,A34HTI,6387.0
2004-08-01,A34HTI,6164.0
2004-09-01,A34HTI,5916.0
2004-10-01,A34HTI,6204.0
2004-11-01,A34HTI,6106.0
2004-12-01,A34HTI,6149.0
2005-01-01,A34HTI,6188.0
2005-02-01,A34HTI,6148.0
2005-03-01,A34HTI,5889.0
2005-04-01,A34HTI,5926.0
2005-05-01,A34HTI,5810.0
2005-06-01,A34HTI,5826.0
2005-07-01,A34HTI,5930.0
2005-08-01,A34HTI,5816.0
2005-09-01,A34HTI,6159.0
2005-10-01,A34HTI,6114.0
2005-11-01,A34HTI,6105.0
2005-12-01,A34HTI,6054.0
2006-01-01,A34HTI,6206.0
2006-02-01,A34HTI,6134.0
2006-03-01,A34HTI,6273.0
2006-04-01,A34HTI,6347.0
2006-05-01,A34HTI,6654.0
2006-06-01,A34HTI,6805.0
2006-07-01,A34HTI,6725.0
2006-08-01,A34HTI,6919.0
2006-09-01,A34HTI,6721.0
2006-10-01,A34HTI,6798.0
2006-11-01,A34HTI,6968.0
2006-12-01,A34HTI,6956.0
2007-01-01,A34HTI,6937.0
2007-02-01,A34HTI,6950.0
2007-03-01,A34HTI,6876.0
2007-04-01,A34HTI,6970.0
2007-05-01,A34HTI,6919.0
2007-06-01,A34HTI,6769.0
2007-07-01,A34HTI,6805.0
2007-08-01,A34HTI,6866.0
2007-09-01,A34HTI,6997.0
2007-10-01,A34HTI,7101.0
2007-11-01,A34HTI,7144.0
2007-12-01,A34HTI,7225.0
2008-01-01,A34HTI,7086.0
2008-02-01,A34HTI,7222.0
2008-03-01,A34HTI,7278.0
2008-04-01,A34HTI,7125.0
2008-05-01,A34HTI,7139.0
2008-06-01,A34HTI,7097.0
2008-07-01,A34HTI,7263.0
2008-08-01,A34HTI,7223.0
2008-09-01,A34HTI,7125.0
2008-10-01,A34HTI,7039.0
2008-11-01,A34HTI,6974.0
2008-12-01,A34HTI,6743.0
2009-01-01,A34HTI,6646.0
2009-02-01,A34HTI,6573.0
2009-03-01,A34HTI,6404.0
2009-04-01,A34HTI,6315.0
2009-05-01,A34HTI,6202.0
2009-06-01,A34HTI,6125.0
2009-07-01,A34HTI,5959.0
2009-08-01,A34HTI,5921.0
2009-09-01,A34HTI,5910.0
2009-10-01,A34HTI,5835.0
2009-11-01,A34HTI,5856.0
2009-12-01,A34HTI,6068.0
2010-01-01,A34HTI,5975.0
2010-02-01,A34HTI,5883.0
2010-03-01,A34HTI,6085.0
2010-04-01,A34HTI,6154.0
2010-05-01,A34HTI,6342.0
2010-06-01,A34HTI,6445.0
2010-07-01,A34HTI,6455.0
2010-08-01,A34HTI,6574.0
2010-09-01,A34HTI,6664.0
2010-10-01,A34HTI,6984.0
2010-11-01,A34HTI,6910.0
2010-12-01,A34HTI,6807.0
2011-01-01,A34HTI,6942.0
2011-02-01,A34HTI,6972.0
2011-03-01,A34HTI,6941.0
2011-04-01,A34HTI,7050.0
2011-05-01,A34HTI,6977.0
2011-06-01,A34HTI,6871.0
2011-07-01,A34HTI,7026.0
2011-08-01,A34HTI,6953.0
2011-09-01,A34HTI,6959.0
2011-10-01,A34HTI,6953.0
2011-11-01,A34HTI,6938.0
2011-12-01,A34HTI,6991.0
2012-01-01,A34HTI,7004.0
2012-02-01,A34HTI,7035.0
2012-03-01,A34HTI,7114.0
2012-04-01,A34HTI,7013.0
2012-05-01,A34HTI,6920.0
2012-06-01,A34HTI,6907.0
2012-07-01,A34HTI,6897.0
2012-08-01,A34HTI,6785.0
2012-09-01,A34HTI,6830.0
2012-10-01,A34HTI,6818.0
2012-11-01,A34HTI,6821.0
2012-12-01,A34HTI,6867.0
2013-01-01,A34HTI,6705.0
2013-02-01,A34HTI,6548.0
2013-03-01,A34HTI,6492.0
2013-04-01,A34HTI,6570.0
2013-05-01,A34HTI,6549.0
2013-06-01,A34HTI,6554.0
2013-07-01,A34HTI,6479.0
2013-08-01,A34HTI,6680.0
2013-09-01,A34HTI,6800.0
2013-10-01,A34HTI,6745.0
2013-11-01,A34HTI,6666.0
2013-12-01,A34HTI,6797.0
2014-01-01,A34HTI,6881.0
2014-02-01,A34HTI,6846.0
2014-03-01,A34HTI,6825.0
2014-04-01,A34HTI,6734.0
2014-05-01,A34HTI,6843.0
2014-06-01,A34HTI,6818.0
2014-07-01,A34HTI,6718.0
2014-08-01,A34HTI,6821.0
2014-09-01,A34HTI,6740.0
2014-10-01,A34HTI,6777.0
2014-11-01,A34HTI,6776.0
2014-12-01,A34HTI,6882.0
2015-01-01,A34HTI,6948.0
2015-02-01,A34HTI,7131.0
2015-03-01,A34HTI,7226.0
2015-04-01,A34HTI,7210.0
2015-05-01,A34HTI,7144.0
2015-06-01,A34HTI,7111.0
2015-07-01,A34HTI,7156.0
2015-08-01,A34HTI,7110.0
2015-09-01,A34HTI,7041.0
2015-10-01,A34HTI,6980.0
2015-11-01,A34HTI,6918.0
2015-12-01,A34HTI,6934.0
2016-01-01,A34HTI,6909.0
2016-02-01,A34HTI,6692.0
2016-03-01,A34HTI,6997.0
2016-04-01,A34HTI,6974.0
2016-05-01,A34HTI,6979.0
2016-06-01,A34HTI,7089.0
2016-07-01,A34HTI,7118.0
2016-08-01,A34HTI,7129.0
2016-09-01,A34HTI,7119.0
2016-10-01,A34HTI,7208.0
2016-11-01,A34HTI,7305.0
2016-12-01,A34HTI,7058.0
2017-01-01,A34HTI,7227.0
2017-02-01,A34HTI,7318.0
2017-03-01,A34HTI,7347.0
2017-04-01,A34HTI,7521.0
2017-05-01,A34HTI,7747.0
2017-06-01,A34HTI,7863.0
2017-07-01,A34HTI,7972.0
2017-08-01,A34HTI,8123.0
2017-09-01,A34HTI,8275.0
2017-10-01,A34HTI,8394.0
2017-11-01,A34HTI,8463.0
2017-12-01,A34HTI,8486.0
2018-01-01,A34HTI,8405.0
2018-02-01,A34HTI,8556.0
2018-03-01,A34HTI,8610.0
2018-04-01,A34HTI,8612.0
2018-05-01,A34HTI,8472.0
2018-06-01,A34HTI,8430.0
2018-07-01,A34HTI,8518.0
2018-08-01,A34HTI,8553.0
2018-09-01,A34HTI,8717.0
2018-10-01,A34HTI,8568.0
2018-11-01,A34HTI,8488.0
2018-12-01,A34HTI,9288.0
2019-01-01,A34HTI,9195.0
2019-02-01,A34HTI,8963.0
2019-03-01,A34HTI,8535.0
2019-04-01,A34HTI,8864.0
2019-05-01,A34HTI,8910.0
2019-06-01,A34HTI,8946.0
2019-07-01,A34HTI,8842.0
2019-08-01,A34HTI,9009.0
2019-09-01,A34HTI,9098.0
2019-10-01,A34HTI,9115.0
2019-11-01,A34HTI,9261.0
2019-12-01,A34HTI,9392.0
2020-01-01,A34HTI,9506.0
2020-02-01,A34HTI,9713.0
2020-03-01,A34HTI,9848.0
2020-04-01,A34HTI,10012.0
2020-05-01,A34HTI,10020.0
2020-06-01,A34HTI,10014.0
2020-07-01,A34HTI,10087.0
2020-08-01,A34HTI,9860.0
2020-09-01,A34HTI,9837.0
2020-10-01,A34HTI,9939.0
2020-11-01,A34HTI,10056.0
2020-12-01,A34HTI,10180.0
2021-01-01,A34HTI,10237.0
2021-02-01,A34HTI,10359.0
2021-03-01,A34HTI,10521.0
2021-04-01,A34HTI,10532.0
2021-05-01,A34HTI,10788.0
2021-06-01,A34HTI,11139.0
2021-07-01,A34HTI,11092.0
2021-08-01,A34HTI,11103.0
2021-09-01,A34HTI,11212.0
2021-10-01,A34HTI,10965.0
2021-11-01,A34HTI,10996.0
2021-12-01,A34HTI,11256.0
2022-01-01,A34HTI,11682.0
2022-02-01,A34HTI,11765.0
2022-03-01,A34HTI,11991.0
2022-04-01,A34HTI,12336.0
2022-05-01,A34HTI,12309.0
2022-06-01,A34HTI,12612.0
2022-07-01,A34HTI,12840.0
2022-08-01,A34HTI,12936.0
2022-09-01,A34HTI,13234.0
2022-10-01,A34HTI,13511.0
2022-11-01,A34HTI,13646.0
2022-12-01,A34HTI,13781.0
2023-01-01,A34HTI,13621.0
2023-02-01,A34HTI,13479.0
2023-03-01,A34HTI,13260.0
2023-04-01,A34HTI,13110.0
2023-05-01,A34HTI,13095.0
2023-06-01,A34HTI,12907.0
2023-07-01,A34HTI,13117.0
2023-08-01,A34HTI,13734.0
2023-09-01,A34HTI,13469.0
2023-10-01,A34HTI,13616.0
2023-11-01,A34HTI,13673.0
2023-12-01,A34HTI,13486.0
2024-01-01,A34HTI,13380.0
2024-02-01,A34HTI,13355.0
2024-03-01,A34HTI,13264.0
2024-04-01,A34HTI,13190.0
2024-05-01,A34HTI,13349.0
2024-06-01,A34HTI,13196.0
2024-07-01,A34HTI,13212.0
2024-08-01,A34HTI,13154.0
2024-09-01,A34HTI,12995.0
2024-10-01,A34HTI,13097.0
2024-11-01,A34HTI,12945.0
2024-12-01,A34HTI,12929.0
2025-01-01,A34HTI,12856.0
2025-02-01,A34HTI,12867.0
2025-03-01,A34HTI,12899.0
2025-04-01,A34HTI,12958.0
2025-05-01,A34HTI,13034.0
2025-06-01,A34HTI,12966.0
2025-07-01,A34HTI,12968.0
2025-08-01,A34HTI,13106.0
2025-09-01,A34HTI,13055.0
2025-10-01,A34HTI,13090.0
2025-11-01,A34HTI,13135.0
2025-12-01,A34HTI,13021.0
2026-01-01,A34HTI,13009.0
2026-02-01,A34HTI,13193.0
2026-03-01,A34HTI,13298.0
2026-04-01,A34HTI,13382.0
2026-05-01,A34HTI,13473.0
2026-06-01,A34HTI,13989.0
2026-07-01,A34HTI,14001.0
2026-08-01,A34HTI,14129.0
1992-01-01,A34GVS,2455.0
1992-02-01,A34GVS,2531.0
1992-03-01,A34GVS,2626.0
1992-04-01,A34GVS,2609.0
1992-05-01,A34GVS,2710.0
1992-06-01,A34GVS,2659.0
1992-07-01,A34GVS,2703.0
1992-08-01,A34GVS,2523.0
1992-09-01,A34GVS,2679.0
1992-10-01,A34GVS,2789.0
1992-11-01,A34GVS,2708.0
1992-12-01,A34GVS,2958.0
1993-01-01,A34GVS,2470.0
1993-02-01,A34GVS,2791.0
1993-03-01,A34GVS,2742.0
1993-04-01,A34GVS,2751.0
1993-05-01,A34GVS,2750.0
1993-06-01,A34GVS,3213.0
1993-07-01,A34GVS,2842.0
1993-08-01,A34GVS,3001.0
1993-09-01,A34GVS,3052.0
1993-10-01,A34GVS,2846.0
1993-11-01,A34GVS,3202.0
1993-12-01,A34GVS,3244.0
1994-01-01,A34GVS,3431.0
1994-02-01,A34GVS,3524.0
1994-03-01,A34GVS,3618.0
1994-04-01,A34GVS,3833.0
1994-05-01,A34GVS,3871.0
1994-06-01,A34GVS,3798.0
1994-07-01,A34GVS,4112.0
1994-08-01,A34GVS,4038.0
1994-09-01,A34GVS,4040.0
1994-10-01,A34GVS,4096.0
1994-11-01,A34GVS,4301.0
1994-12-01,A34GVS,4352.0
1995-01-01,A34GVS,4694.0
1995-02-01,A34GVS,4736.0
1995-03-01,A34GVS,4816.0
1995-04-01,A34GVS,5061.0
1995-05-01,A34GVS,5314.0
1995-06-01,A34GVS,5598.0
1995-07-01,A34GVS,5614.0
1995-08-01,A34GVS,5884.0
1995-09-01,A34GVS,6040.0
1995-10-01,A34GVS,5898.0
1995-11-01,A34GVS,5754.0
1995-12-01,A34GVS,6031.0
1996-01-01,A34GVS,5937.0
1996-02-01,A34GVS,5639.0
1996-03-01,A34GVS,6036.0
1996-04-01,A34GVS,5962.0
1996-05-01,A34GVS,5900.0
1996-06-01,A34GVS,5895.0
1996-07-01,A34GVS,5838.0
1996-08-01,A34GVS,5621.0
1996-09-01,A34GVS,5727.0
1996-10-01,A34GVS,6070.0
1996-11-01,A34GVS,6145.0
1996-12-01,A34GVS,6156.0
1997-01-01,A34GVS,5978.0
1997-02-01,A34GVS,6335.0
1997-03-01,A34GVS,7144.0
1997-04-01,A34GVS,6331.0
1997-05-01,A34GVS,6501.0
1997-06-01,A34GVS,6644.0
1997-07-01,A34GVS,6370.0
1997-08-01,A34GVS,6638.0
1997-09-01,A34GVS,7186.0
1997-10-01,A34GVS,6042.0
1997-11-01,A34GVS,6393.0
1997-12-01,A34GVS,6504.0
1998-01-01,A34GVS,6117.0
1998-02-01,A34GVS,6428.0
1998-03-01,A34GVS,6094.0
1998-04-01,A34GVS,5891.0
1998-05-01,A34GVS,5519.0
1998-06-01,A34GVS,6030.0
1998-07-01,A34GVS,6188.0
1998-08-01,A34GVS,6323.0
1998-09-01,A34GVS,6556.0
1998-10-01,A34GVS,6600.0
1998-11-01,A34GVS,6652.0
1998-12-01,A34GVS,6570.0
1999-01-01,A34GVS,7026.0
1999-02-01,A34GVS,6688.0
1999-03-01,A34GVS,6534.0
1999-04-01,A34GVS,7245.0
1999-05-01,A34GVS,7051.0
1999-06-01,A34GVS,6737.0
1999-07-01,A34GVS,7114.0
1999-08-01,A34GVS,6950.0
1999-09-01,A34GVS,6784.0
1999-10-01,A34GVS,7044.0
1999-11-01,A34GVS,7420.0
1999-12-01,A34GVS,7193.0
2000-01-01,A34GVS,6824.0
2000-02-01,A34GVS,7042.0
2000-03-01,A34GVS,6984.0
2000-04-01,A34GVS,7246.0
2000-05-01,A34GVS,7729.0
2000-06-01,A34GVS,7823.0
2000-07-01,A34GVS,7801.0
2000-08-01,A34GVS,7838.0
2000-09-01,A34GVS,7909.0
2000-10-01,A34GVS,7751.0
2000-11-01,A34GVS,7429.0
2000-12-01,A34GVS,8582.0
2001-01-01,A34GVS,6885.0
2001-02-01,A34GVS,6531.0
2001-03-01,A34GVS,6336.0
2001-04-01,A34GVS,5590.0
2001-05-01,A34GVS,5164.0
2001-06-01,A34GVS,5177.0
2001-07-01,A34GVS,4813.0
2001-08-01,A34GVS,4203.0
2001-09-01,A34GVS,4748.0
2001-10-01,A34GVS,4644.0
2001-11-01,A34GVS,4529.0
2001-12-01,A34GVS,4788.0
2002-01-01,A34GVS,5201.0
2002-02-01,A34GVS,5065.0
2002-03-01,A34GVS,5536.0
2002-04-01,A34GVS,5220.0
2002-05-01,A34GVS,5117.0
2002-06-01,A34GVS,5244.0
2002-07-01,A34GVS,5035.0
2002-08-01,A34GVS,5060.0
2002-09-01,A34GVS,5123.0
2002-10-01,A34GVS,5040.0
2002-11-01,A34GVS,5118.0
2002-12-01,A34GVS,5014.0
2003-01-01,A34GVS,5240.0
2003-02-01,A34GVS,5522.0
2003-03-01,A34GVS,5471.0
2003-04-01,A34GVS,5559.0
2003-05-01,A34GVS,5655.0
2003-06-01,A34GVS,5644.0
2003-07-01,A34GVS,4868.0
2003-08-01,A34GVS,5795.0
2003-09-01,A34GVS,5542.0
2003-10-01,A34GVS,5720.0
2003-11-01,A34GVS,5805.0
2003-12-01,A34GVS,5715.0
2004-01-01,A34GVS,5468.0
2004-02-01,A34GVS,5717.0
2004-03-01,A34GVS,5748.0
2004-04-01,A34GVS,5870.0
2004-05-01,A34GVS,6108.0
2004-06-01,A34GVS,5979.0
2004-07-01,A34GVS,6220.0
2004-08-01,A34GVS,6201.0
2004-09-01,A34GVS,6096.0
2004-10-01,A34GVS,6284.0
2004-11-01,A34GVS,6257.0
2004-12-01,A34GVS,6391.0
2005-01-01,A34GVS,5866.0
2005-02-01,A34GVS,5983.0
2005-03-01,A34GVS,6214.0
2005-04-01,A34GVS,5713.0
2005-05-01,A34GVS,6193.0
2005-06-01,A34GVS,6240.0
2005-07-01,A34GVS,6183.0
2005-08-01,A34GVS,6347.0
2005-09-01,A34GVS,6679.0
2005-10-01,A34GVS,5956.0
2005-11-01,A34GVS,6366.0
2005-12-01,A34GVS,7283.0
2006-01-01,A34GVS,4817.0
2006-02-01,A34GVS,6989.0
2006-03-01,A34GVS,6416.0
2006-04-01,A34GVS,4922.0
2006-05-01,A34GVS,6178.0
2006-06-01,A34GVS,6411.0
2006-07-01,A34GVS,5374.0
2006-08-01,A34GVS,6061.0
2006-09-01,A34GVS,6125.0
2006-10-01,A34GVS,6031.0
2006-11-01,A34GVS,5852.0
2006-12-01,A34GVS,5628.0
2007-01-01,A34GVS,5878.0
2007-02-01,A34GVS,6074.0
2007-03-01,A34GVS,5891.0
2007-04-01,A34GVS,6178.0
2007-05-01,A34GVS,6420.0
2007-06-01,A34GVS,6203.0
2007-07-01,A34GVS,5675.0
2007-08-01,A34GVS,6042.0
2007-09-01,A34GVS,5806.0
2007-10-01,A34GVS,5598.0
2007-11-01,A34GVS,6736.0
2007-12-01,A34GVS,6075.0
2008-01-01,A34GVS,6075.0
2008-02-01,A34GVS,6062.0
2008-03-01,A34GVS,5840.0
2008-04-01,A34GVS,5606.0
2008-05-01,A34GVS,5329.0
2008-06-01,A34GVS,5052.0
2008-07-01,A34GVS,6006.0
2008-08-01,A34GVS,5128.0
2008-09-01,A34GVS,4956.0
2008-10-01,A34GVS,5353.0
2008-11-01,A34GVS,4411.0
2008-12-01,A34GVS,5232.0
2009-01-01,A34GVS,3535.0
2009-02-01,A34GVS,3427.0
2009-03-01,A34GVS,3749.0
2009-04-01,A34GVS,4119.0
2009-05-01,A34GVS,4081.0
2009-06-01,A34GVS,3718.0
2009-07-01,A34GVS,4327.0
2009-08-01,A34GVS,4177.0
2009-09-01,A34GVS,4171.0
2009-10-01,A34GVS,4454.0
2009-11-01,A34GVS,4301.0
2009-12-01,A34GVS,4345.0
2010-01-01,A34GVS,4922.0
2010-02-01,A34GVS,4469.0
2010-03-01,A34GVS,3554.0
1985-01-01,IMPKR,800.7
1985-02-01,IMPKR,732.3
1985-03-01,IMPKR,847.7
1985-04-01,IMPKR,754.9
1985-05-01,IMPKR,841.0
1985-06-01,IMPKR,830.4
1985-07-01,IMPKR,900.3
1985-08-01,IMPKR,855.7
1985-09-01,IMPKR,967.9
1985-10-01,IMPKR,836.9
1985-11-01,IMPKR,850.2
1985-12-01,IMPKR,795.3
1986-01-01,IMPKR,928.9
1986-02-01,IMPKR,863.0
1986-03-01,IMPKR,1027.8
1986-04-01,IMPKR,894.0
1986-05-01,IMPKR,966.1
1986-06-01,IMPKR,1139.4
1986-07-01,IMPKR,1301.5
1986-08-01,IMPKR,1160.3
1986-09-01,IMPKR,1103.0
1986-10-01,IMPKR,1107.4
1986-11-01,IMPKR,1303.2
1986-12-01,IMPKR,934.6
1987-01-01,IMPKR,1121.1
1987-02-01,IMPKR,1185.8
1987-03-01,IMPKR,1179.9
1987-04-01,IMPKR,1293.3
1987-05-01,IMPKR,1454.5
1987-06-01,IMPKR,1598.2
1987-07-01,IMPKR,1752.7
1987-08-01,IMPKR,1582.3
1987-09-01,IMPKR,1384.6
1987-10-01,IMPKR,1540.0
1987-11-01,IMPKR,1360.9
1987-12-01,IMPKR,1533.5
1988-01-01,IMPKR,1573.4
1988-02-01,IMPKR,1523.1
1988-03-01,IMPKR,1414.7
1988-04-01,IMPKR,1541.6
1988-05-01,IMPKR,1602.6
1988-06-01,IMPKR,1645.3
1988-07-01,IMPKR,1721.4
1988-08-01,IMPKR,1928.7
1988-09-01,IMPKR,1835.2
1988-10-01,IMPKR,1699.1
1988-11-01,IMPKR,1682.6
1988-12-01,IMPKR,1937.4
1989-01-01,IMPKR,1652.0
1989-02-01,IMPKR,1449.7
1989-03-01,IMPKR,1610.1
1989-04-01,IMPKR,1550.7
1989-05-01,IMPKR,1699.4
1989-06-01,IMPKR,1672.1
1989-07-01,IMPKR,1737.0
1989-08-01,IMPKR,1741.8
1989-09-01,IMPKR,1701.9
1989-10-01,IMPKR,1782.1
1989-11-01,IMPKR,1648.9
1989-12-01,IMPKR,1490.8
1990-01-01,IMPKR,1618.8
1990-02-01,IMPKR,1286.6
1990-03-01,IMPKR,1399.5
1990-04-01,IMPKR,1531.4
1990-05-01,IMPKR,1549.2
1990-06-01,IMPKR,1599.5
1990-07-01,IMPKR,1719.3
1990-08-01,IMPKR,1715.2
1990-09-01,IMPKR,1517.0
1990-10-01,IMPKR,1732.2
1990-11-01,IMPKR,1490.5
1990-12-01,IMPKR,1326.2
1991-01-01,IMPKR,1504.7
1991-02-01,IMPKR,1175.5
1991-03-01,IMPKR,1231.2
1991-04-01,IMPKR,1319.6
1991-05-01,IMPKR,1423.5
1991-06-01,IMPKR,1370.2
1991-07-01,IMPKR,1624.9
1991-08-01,IMPKR,1486.9
1991-09-01,IMPKR,1438.9
1991-10-01,IMPKR,1570.7
1991-11-01,IMPKR,1456.7
1991-12-01,IMPKR,1415.5
1992-01-01,IMPKR,1364.4
1992-02-01,IMPKR,1180.9
1992-03-01,IMPKR,1315.6
1992-04-01,IMPKR,1319.7
1992-05-01,IMPKR,1336.1
1992-06-01,IMPKR,1428.6
1992-07-01,IMPKR,1645.9
1992-08-01,IMPKR,1480.2
1992-09-01,IMPKR,1420.4
1992-10-01,IMPKR,1550.7
1992-11-01,IMPKR,1343.7
1992-12-01,IMPKR,1296.1
1993-01-01,IMPKR,1365.5
1993-02-01,IMPKR,1171.1
1993-03-01,IMPKR,1391.3
1993-04-01,IMPKR,1354.9
1993-05-01,IMPKR,1412.1
1993-06-01,IMPKR,1549.9
1993-07-01,IMPKR,1558.7
1993-08-01,IMPKR,1474.3
1993-09-01,IMPKR,1541.3
1993-10-01,IMPKR,1481.6
1993-11-01,IMPKR,1454.9
1993-12-01,IMPKR,1362.5
1994-01-01,IMPKR,1392.9
1994-02-01,IMPKR,1291.4
1994-03-01,IMPKR,1503.4
1994-04-01,IMPKR,1461.1
1994-05-01,IMPKR,1645.8
1994-06-01,IMPKR,1633.3
1994-07-01,IMPKR,1795.3
1994-08-01,IMPKR,1826.9
1994-09-01,IMPKR,1741.3
1994-10-01,IMPKR,1756.2
1994-11-01,IMPKR,1849.8
1994-12-01,IMPKR,1731.9
1995-01-01,IMPKR,1870.4
1995-02-01,IMPKR,1498.5
1995-03-01,IMPKR,1819.0
1995-04-01,IMPKR,1746.9
1995-05-01,IMPKR,1982.8
1995-06-01,IMPKR,2002.6
1995-07-01,IMPKR,2131.6
1995-08-01,IMPKR,2310.4
1995-09-01,IMPKR,2180.7
1995-10-01,IMPKR,2395.1
1995-11-01,IMPKR,2260.4
1995-12-01,IMPKR,1985.6
1996-01-01,IMPKR,2267.5
1996-02-01,IMPKR,1995.8
1996-03-01,IMPKR,1939.9
1996-04-01,IMPKR,1919.2
1996-05-01,IMPKR,1937.3
1996-06-01,IMPKR,1659.8
1996-07-01,IMPKR,1816.3
1996-08-01,IMPKR,1770.1
1996-09-01,IMPKR,1724.7
1996-10-01,IMPKR,1911.5
1996-11-01,IMPKR,1826.2
1996-12-01,IMPKR,1886.6
1997-01-01,IMPKR,1793.1
1997-02-01,IMPKR,1506.2
1997-03-01,IMPKR,1800.7
1997-04-01,IMPKR,1915.6
1997-05-01,IMPKR,1908.3
1997-06-01,IMPKR,1984.7
1997-07-01,IMPKR,2215.6
1997-08-01,IMPKR,1942.8
1997-09-01,IMPKR,2094.0
1997-10-01,IMPKR,2112.5
1997-11-01,IMPKR,1880.4
1997-12-01,IMPKR,2019.3
1998-01-01,IMPKR,1953.8
1998-02-01,IMPKR,1726.1
1998-03-01,IMPKR,1949.5
1998-04-01,IMPKR,1924.1
1998-05-01,IMPKR,1895.2
1998-06-01,IMPKR,2101.1
1998-07-01,IMPKR,2022.9
1998-08-01,IMPKR,1997.8
1998-09-01,IMPKR,2061.9
1998-10-01,IMPKR,2097.4
1998-11-01,IMPKR,2101.6
1998-12-01,IMPKR,2110.3
1999-01-01,IMPKR,2065.7
1999-02-01,IMPKR,2023.0
1999-03-01,IMPKR,2360.0
1999-04-01,IMPKR,2324.9
1999-05-01,IMPKR,2456.9
1999-06-01,IMPKR,2711.4
1999-07-01,IMPKR,2654.3
1999-08-01,IMPKR,2686.7
1999-09-01,IMPKR,2797.4
1999-10-01,IMPKR,2887.9
1999-11-01,IMPKR,3058.9
1999-12-01,IMPKR,3151.3
2000-01-01,IMPKR,2953.8
2000-02-01,IMPKR,2833.2
2000-03-01,IMPKR,3133.6
2000-04-01,IMPKR,2955.6
2000-05-01,IMPKR,3121.4
2000-06-01,IMPKR,3497.4
2000-07-01,IMPKR,3493.7
2000-08-01,IMPKR,3622.2
2000-09-01,IMPKR,3626.9
2000-10-01,IMPKR,3890.4
2000-11-01,IMPKR,3740.6
2000-12-01,IMPKR,3438.9
2001-01-01,IMPKR,3514.3
2001-02-01,IMPKR,2810.7
2001-03-01,IMPKR,3125.4
2001-04-01,IMPKR,2824.2
2001-05-01,IMPKR,2757.7
2001-06-01,IMPKR,2860.7
2001-07-01,IMPKR,2843.8
2001-08-01,IMPKR,2753.6
2001-09-01,IMPKR,2782.0
2001-10-01,IMPKR,3159.0
2001-11-01,IMPKR,3010.2
2001-12-01,IMPKR,2739.9
2002-01-01,IMPKR,2755.5
2002-02-01,IMPKR,2539.0
2002-03-01,IMPKR,2940.1
2002-04-01,IMPKR,3020.7
2002-05-01,IMPKR,3075.3
2002-06-01,IMPKR,2748.1
2002-07-01,IMPKR,2930.9
2002-08-01,IMPKR,2882.3
2002-09-01,IMPKR,3068.0
2002-10-01,IMPKR,3046.7
2002-11-01,IMPKR,3410.3
2002-12-01,IMPKR,3154.8
2003-01-01,IMPKR,2860.887093
2003-02-01,IMPKR,2643.098611
2003-03-01,IMPKR,2896.731631
2003-04-01,IMPKR,3342.224151
2003-05-01,IMPKR,2750.907255
2003-06-01,IMPKR,3070.376913
2003-07-01,IMPKR,3241.029401
2003-08-01,IMPKR,2775.855335
2003-09-01,IMPKR,3022.534533
2003-10-01,IMPKR,3674.449386
2003-11-01,IMPKR,3396.750641
2003-12-01,IMPKR,3554.559205
2004-01-01,IMPKR,3364.651334
2004-02-01,IMPKR,3085.627999
2004-03-01,IMPKR,3741.914842
2004-04-01,IMPKR,3651.88355
2004-05-01,IMPKR,4039.596189
2004-06-01,IMPKR,4090.051954
2004-07-01,IMPKR,3828.806788
2004-08-01,IMPKR,3802.805902
2004-09-01,IMPKR,4392.583165
2004-10-01,IMPKR,4095.815786
2004-11-01,IMPKR,4316.950348
2004-12-01,IMPKR,3757.249217
2005-01-01,IMPKR,4123.952751
2005-02-01,IMPKR,3410.606552
2005-03-01,IMPKR,3695.901365
2005-04-01,IMPKR,3464.71483
2005-05-01,IMPKR,3627.168482
2005-06-01,IMPKR,3806.372348
2005-07-01,IMPKR,3323.631381
2005-08-01,IMPKR,3661.184416
2005-09-01,IMPKR,3342.957705
2005-10-01,IMPKR,3727.039932
2005-11-01,IMPKR,3901.323923
2005-12-01,IMPKR,3696.587371
2006-01-01,IMPKR,3890.926855
2006-02-01,IMPKR,3559.597641
2006-03-01,IMPKR,3773.111499
2006-04-01,IMPKR,3561.075495
2006-05-01,IMPKR,4061.520009
2006-06-01,IMPKR,3885.55226
2006-07-01,IMPKR,3853.995351
2006-08-01,IMPKR,4015.626252
2006-09-01,IMPKR,3687.467055
2006-10-01,IMPKR,3964.97084
2006-11-01,IMPKR,3836.742727
2006-12-01,IMPKR,3713.000968
2007-01-01,IMPKR,4220.107523
2007-02-01,IMPKR,3600.482592
2007-03-01,IMPKR,4211.723022
2007-04-01,IMPKR,4046.975313
2007-05-01,IMPKR,4273.214007
2007-06-01,IMPKR,3997.220215
2007-07-01,IMPKR,4259.646125
2007-08-01,IMPKR,3792.010614
2007-09-01,IMPKR,3517.292892
2007-10-01,IMPKR,3936.965556
2007-11-01,IMPKR,4215.351057
2007-12-01,IMPKR,3491.322447
2008-01-01,IMPKR,3890.436928
2008-02-01,IMPKR,3828.386703
2008-03-01,IMPKR,4006.186482
2008-04-01,IMPKR,4403.455086
2008-05-01,IMPKR,4261.944286
2008-06-01,IMPKR,3960.821727
2008-07-01,IMPKR,4499.984416
2008-08-01,IMPKR,3859.008934
2008-09-01,IMPKR,4130.668612
2008-10-01,IMPKR,4326.034008
2008-11-01,IMPKR,3616.987512
2008-12-01,IMPKR,3285.164017
2009-01-01,IMPKR,3599.973011
2009-02-01,IMPKR,2863.963651
2009-03-01,IMPKR,3185.313261
2009-04-01,IMPKR,3090.798648
2009-05-01,IMPKR,3191.768624
2009-06-01,IMPKR,3287.363
2009-07-01,IMPKR,3393.934437
2009-08-01,IMPKR,3121.090285
2009-09-01,IMPKR,3368.12542
2009-10-01,IMPKR,3426.456496
2009-11-01,IMPKR,3312.63578
2009-12-01,IMPKR,3374.165952
2010-01-01,IMPKR,3102.861595
2010-02-01,IMPKR,3113.066703
2010-03-01,IMPKR,3725.553571
2010-04-01,IMPKR,3888.43187
2010-05-01,IMPKR,4120.265103
2010-06-01,IMPKR,4403.102607
2010-07-01,IMPKR,4457.078875
2010-08-01,IMPKR,4440.85077
2010-09-01,IMPKR,4276.777074
2010-10-01,IMPKR,4490.06934
2010-11-01,IMPKR,4788.938343
2010-12-01,IMPKR,4068.175097
2011-01-01,IMPKR,4198.202054
2011-02-01,IMPKR,3882.684605
2011-03-01,IMPKR,4668.642425
2011-04-01,IMPKR,4901.58922
2011-05-01,IMPKR,5197.883658
2011-06-01,IMPKR,5103.928653
2011-07-01,IMPKR,5138.317999
2011-08-01,IMPKR,4536.183038
2011-09-01,IMPKR,4920.763182
2011-10-01,IMPKR,4762.130251
2011-11-01,IMPKR,4860.961031
2011-12-01,IMPKR,4490.073345
2012-01-01,IMPKR,4549.926567
2012-02-01,IMPKR,4402.993769
2012-03-01,IMPKR,4788.190506
2012-04-01,IMPKR,5473.701186
2012-05-01,IMPKR,5466.244545
2012-06-01,IMPKR,4817.088242
2012-07-01,IMPKR,5397.836239
2012-08-01,IMPKR,4781.063165
2012-09-01,IMPKR,4725.055168
2012-10-01,IMPKR,5050.75189
2012-11-01,IMPKR,4846.911575
2012-12-01,IMPKR,4599.163639
2013-01-01,IMPKR,5226.947861
2013-02-01,IMPKR,4633.214395
2013-03-01,IMPKR,5150.221199
2013-04-01,IMPKR,5588.634439
2013-05-01,IMPKR,5668.753812
2013-06-01,IMPKR,5160.124624
2013-07-01,IMPKR,5604.947937
2013-08-01,IMPKR,5113.585022
2013-09-01,IMPKR,5117.277144
2013-10-01,IMPKR,5152.26667
2013-11-01,IMPKR,5059.06008
2013-12-01,IMPKR,4895.419015
2014-01-01,IMPKR,5292.668573
2014-02-01,IMPKR,4567.76886
2014-03-01,IMPKR,5629.377523
2014-04-01,IMPKR,6138.023651
2014-05-01,IMPKR,6253.338162
2014-06-01,IMPKR,5800.082912
2014-07-01,IMPKR,6176.944037
2014-08-01,IMPKR,5637.018098
2014-09-01,IMPKR,5783.44672
2014-10-01,IMPKR,6038.462698
2014-11-01,IMPKR,6446.797189
2014-12-01,IMPKR,5912.962163
2015-01-01,IMPKR,6301.491722
2015-02-01,IMPKR,4981.126932
2015-03-01,IMPKR,6264.26706
2015-04-01,IMPKR,6624.411812
2015-05-01,IMPKR,6412.628724
2015-06-01,IMPKR,6220.239401
2015-07-01,IMPKR,6322.29632
2015-08-01,IMPKR,6188.102104
2015-09-01,IMPKR,5578.581434
2015-10-01,IMPKR,5792.561618
2015-11-01,IMPKR,5698.014304
2015-12-01,IMPKR,5391.597372
2016-01-01,IMPKR,5919.135867
2016-02-01,IMPKR,5540.073639
2016-03-01,IMPKR,6436.429177
2016-04-01,IMPKR,6243.043554
2016-05-01,IMPKR,6187.430325
2016-06-01,IMPKR,6200.238677
2016-07-01,IMPKR,5900.593026
2016-08-01,IMPKR,6016.989983
2016-09-01,IMPKR,5079.683346
2016-10-01,IMPKR,5108.278272
2016-11-01,IMPKR,5790.961384
2016-12-01,IMPKR,5463.920776
2017-01-01,IMPKR,5953.946323
2017-02-01,IMPKR,4870.085596
2017-03-01,IMPKR,6280.918754
2017-04-01,IMPKR,6186.681662
2017-05-01,IMPKR,5958.294634
2017-06-01,IMPKR,6059.69068
2017-07-01,IMPKR,5984.765638
2017-08-01,IMPKR,5958.044948
2017-09-01,IMPKR,5768.090262
2017-10-01,IMPKR,6285.49166
2017-11-01,IMPKR,6099.138571
2017-12-01,IMPKR,6011.389228
2018-01-01,IMPKR,5652.563773
2018-02-01,IMPKR,4967.60151
2018-03-01,IMPKR,6142.943229
2018-04-01,IMPKR,5918.797604
2018-05-01,IMPKR,6619.414688
2018-06-01,IMPKR,6026.578444
2018-07-01,IMPKR,6288.948014
2018-08-01,IMPKR,6393.056841
2018-09-01,IMPKR,6164.898892
2018-10-01,IMPKR,7222.685244
2018-11-01,IMPKR,6394.874899
2018-12-01,IMPKR,6446.506773
2019-01-01,IMPKR,6897.286836
2019-02-01,IMPKR,6112.526003
2019-03-01,IMPKR,6871.410643
2019-04-01,IMPKR,6685.243706
2019-05-01,IMPKR,6401.518196
2019-06-01,IMPKR,6209.288558
2019-07-01,IMPKR,6503.358343
2019-08-01,IMPKR,6774.611178
2019-09-01,IMPKR,5626.744857
2019-10-01,IMPKR,6533.986475
2019-11-01,IMPKR,6223.233483
2019-12-01,IMPKR,6637.080312
2020-01-01,IMPKR,6349.241957
2020-02-01,IMPKR,5599.663951
2020-03-01,IMPKR,6668.670144
2020-04-01,IMPKR,6584.017932
2020-05-01,IMPKR,5496.584226
2020-06-01,IMPKR,5866.633574
2020-07-01,IMPKR,5879.080248
2020-08-01,IMPKR,6155.750518
2020-09-01,IMPKR,5921.126319
2020-10-01,IMPKR,7273.265398
2020-11-01,IMPKR,6861.757967
2020-12-01,IMPKR,7355.161283
2021-01-01,IMPKR,6532.865159
2021-02-01,IMPKR,6187.856487
2021-03-01,IMPKR,8011.591777
2021-04-01,IMPKR,7896.276434
2021-05-01,IMPKR,7993.67865
2021-06-01,IMPKR,8451.814309
2021-07-01,IMPKR,7956.621133
2021-08-01,IMPKR,8504.554839
2021-09-01,IMPKR,8703.541273
2021-10-01,IMPKR,7948.292366
2021-11-01,IMPKR,8154.951216
2021-12-01,IMPKR,8761.047749
2022-01-01,IMPKR,8667.78578
2022-02-01,IMPKR,8386.080263
2022-03-01,IMPKR,9503.47636
2022-04-01,IMPKR,9833.703187
2022-05-01,IMPKR,10500.339628
2022-06-01,IMPKR,9866.487156
2022-07-01,IMPKR,9548.237383
2022-08-01,IMPKR,9550.301138
2022-09-01,IMPKR,10013.275659
2022-10-01,IMPKR,9710.340491
2022-11-01,IMPKR,9872.55249
2022-12-01,IMPKR,9844.236128
2023-01-01,IMPKR,8888.602773
2023-02-01,IMPKR,8319.99171
2023-03-01,IMPKR,9588.678983
2023-04-01,IMPKR,9813.207274
2023-05-01,IMPKR,9698.562863
2023-06-01,IMPKR,10499.295554
2023-07-01,IMPKR,9517.564008
2023-08-01,IMPKR,9823.720331
2023-09-01,IMPKR,10118.675467
2023-10-01,IMPKR,10375.909235
2023-11-01,IMPKR,9261.080527
2023-12-01,IMPKR,10400.051683
2024-01-01,IMPKR,10961.466752
2024-02-01,IMPKR,9633.051244
2024-03-01,IMPKR,11637.151921
2024-04-01,IMPKR,11636.707275
2024-05-01,IMPKR,12352.951734
2024-06-01,IMPKR,11338.163417
2024-07-01,IMPKR,11185.068047
2024-08-01,IMPKR,10406.547186
2024-09-01,IMPKR,11108.599254
2024-10-01,IMPKR,10119.322562
2024-11-01,IMPKR,10129.631681
2024-12-01,IMPKR,10948.658494
2025-01-01,IMPKR,10618.664671
2025-02-01,IMPKR,9030.448624
2025-03-01,IMPKR,12164.740979
2025-04-01,IMPKR,9893.140183
2025-05-01,IMPKR,11457.780523
2025-06-01,IMPKR,11361.311984
2025-07-01,IMPKR,11126.665554
2025-08-01,IMPKR,10204.824823
2025-09-01,IMPKR,10161.827038
2025-10-01,IMPKR,9020.917003
2025-11-01,IMPKR,8710.452355
2025-12-01,IMPKR,11795.171574
2026-01-01,IMPKR,11641.957617
2026-02-01,IMPKR,11412.101458
2026-03-01,IMPKR,12853.092433
2026-04-01,IMPKR,13563.980343
2026-05-01,IMPKR,13300.796173
2026-06-01,IMPKR,15395.945455
2026-07-01,IMPKR,16703.759314
1985-01-01,IMP5830,1386.2
1985-02-01,IMP5830,1224.8
1985-03-01,IMP5830,1476.8
1985-04-01,IMP5830,1250.8
1985-05-01,IMP5830,1390.8
1985-06-01,IMP5830,1399.8
1985-07-01,IMP5830,1370.2
1985-08-01,IMP5830,1359.6
1985-09-01,IMP5830,1622.6
1985-10-01,IMP5830,1351.1
1985-11-01,IMP5830,1313.1
1985-12-01,IMP5830,1250.5
1986-01-01,IMP5830,1514.4
1986-02-01,IMP5830,1388.1
1986-03-01,IMP5830,1552.6
1986-04-01,IMP5830,1378.2
1986-05-01,IMP5830,1523.9
1986-06-01,IMP5830,1603.4
1986-07-01,IMP5830,1953.2
1986-08-01,IMP5830,1815.7
1986-09-01,IMP5830,1732.0
1986-10-01,IMP5830,1733.6
1986-11-01,IMP5830,2099.6
1986-12-01,IMP5830,1496.0
1987-01-01,IMP5830,1732.0
1987-02-01,IMP5830,1862.1
1987-03-01,IMP5830,1885.1
1987-04-01,IMP5830,1970.7
1987-05-01,IMP5830,2047.2
1987-06-01,IMP5830,2194.8
1987-07-01,IMP5830,2256.9
1987-08-01,IMP5830,2263.0
1987-09-01,IMP5830,2196.9
1987-10-01,IMP5830,2206.9
1987-11-01,IMP5830,1970.8
1987-12-01,IMP5830,2035.3
1988-01-01,IMP5830,2047.8
1988-02-01,IMP5830,2045.2
1988-03-01,IMP5830,1814.4
1988-04-01,IMP5830,1860.5
1988-05-01,IMP5830,1997.4
1988-06-01,IMP5830,2176.5
1988-07-01,IMP5830,2068.5
1988-08-01,IMP5830,2395.8
1988-09-01,IMP5830,2176.0
1988-10-01,IMP5830,2075.0
1988-11-01,IMP5830,1943.8
1988-12-01,IMP5830,2112.9
1989-01-01,IMP5830,1867.3
1989-02-01,IMP5830,1783.7
1989-03-01,IMP5830,1711.8
1989-04-01,IMP5830,1863.3
1989-05-01,IMP5830,2094.7
1989-06-01,IMP5830,2134.8
1989-07-01,IMP5830,2178.2
1989-08-01,IMP5830,2376.1
1989-09-01,IMP5830,2181.4
1989-10-01,IMP5830,2286.2
1989-11-01,IMP5830,1989.0
1989-12-01,IMP5830,1846.2
1990-01-01,IMP5830,2070.9
1990-02-01,IMP5830,1562.2
1990-03-01,IMP5830,1813.8
1990-04-01,IMP5830,1828.2
1990-05-01,IMP5830,1890.8
1990-06-01,IMP5830,1858.0
1990-07-01,IMP5830,2018.5
1990-08-01,IMP5830,2117.1
1990-09-01,IMP5830,1902.3
1990-10-01,IMP5830,2071.6
1990-11-01,IMP5830,1824.3
1990-12-01,IMP5830,1708.2
1991-01-01,IMP5830,1876.9
1991-02-01,IMP5830,1689.6
1991-03-01,IMP5830,1525.5
1991-04-01,IMP5830,1709.3
1991-05-01,IMP5830,1833.5
1991-06-01,IMP5830,1867.8
1991-07-01,IMP5830,2062.3
1991-08-01,IMP5830,2116.8
1991-09-01,IMP5830,2146.6
1991-10-01,IMP5830,2210.5
1991-11-01,IMP5830,1983.9
1991-12-01,IMP5830,2000.3
1992-01-01,IMP5830,2014.1
1992-02-01,IMP5830,1781.2
1992-03-01,IMP5830,1922.5
1992-04-01,IMP5830,1889.6
1992-05-01,IMP5830,2027.1
1992-06-01,IMP5830,2103.2
1992-07-01,IMP5830,2210.7
1992-08-01,IMP5830,2209.0
1992-09-01,IMP5830,2152.3
1992-10-01,IMP5830,2226.0
1992-11-01,IMP5830,2029.8
1992-12-01,IMP5830,2030.5
1993-01-01,IMP5830,1969.7
1993-02-01,IMP5830,1661.0
1993-03-01,IMP5830,2115.6
1993-04-01,IMP5830,2002.6
1993-05-01,IMP5830,1985.6
1993-06-01,IMP5830,2161.3
1993-07-01,IMP5830,2109.4
1993-08-01,IMP5830,2330.3
1993-09-01,IMP5830,2257.6
1993-10-01,IMP5830,2238.8
1993-11-01,IMP5830,2143.7
1993-12-01,IMP5830,2125.9
1994-01-01,IMP5830,2148.2
1994-02-01,IMP5830,1947.9
1994-03-01,IMP5830,2007.7
1994-04-01,IMP5830,2018.2
1994-05-01,IMP5830,2202.3
1994-06-01,IMP5830,2223.8
1994-07-01,IMP5830,2163.0
1994-08-01,IMP5830,2449.6
1994-09-01,IMP5830,2445.0
1994-10-01,IMP5830,2452.9
1994-11-01,IMP5830,2400.0
1994-12-01,IMP5830,2247.1
1995-01-01,IMP5830,2386.5
1995-02-01,IMP5830,1897.8
1995-03-01,IMP5830,2351.0
1995-04-01,IMP5830,2186.2
1995-05-01,IMP5830,2448.3
1995-06-01,IMP5830,2362.9
1995-07-01,IMP5830,2491.5
1995-08-01,IMP5830,2667.4
1995-09-01,IMP5830,2554.4
1995-10-01,IMP5830,2745.0
1995-11-01,IMP5830,2503.3
1995-12-01,IMP5830,2377.6
1996-01-01,IMP5830,2452.9
1996-02-01,IMP5830,2251.7
1996-03-01,IMP5830,2164.9
1996-04-01,IMP5830,2303.9
1996-05-01,IMP5830,2476.4
1996-06-01,IMP5830,2466.9
1996-07-01,IMP5830,2648.4
1996-08-01,IMP5830,2566.9
1996-09-01,IMP5830,2731.0
1996-10-01,IMP5830,2818.1
1996-11-01,IMP5830,2493.3
1996-12-01,IMP5830,2532.9
1997-01-01,IMP5830,2530.6
1997-02-01,IMP5830,2300.5
1997-03-01,IMP5830,2428.2
1997-04-01,IMP5830,2576.6
1997-05-01,IMP5830,2616.8
1997-06-01,IMP5830,2734.7
1997-07-01,IMP5830,2819.2
1997-08-01,IMP5830,2872.6
1997-09-01,IMP5830,2967.7
1997-10-01,IMP5830,3067.5
1997-11-01,IMP5830,2756.4
1997-12-01,IMP5830,2957.7
1998-01-01,IMP5830,2755.0
1998-02-01,IMP5830,2327.2
1998-03-01,IMP5830,2698.5
1998-04-01,IMP5830,2652.8
1998-05-01,IMP5830,2580.0
1998-06-01,IMP5830,2780.1
1998-07-01,IMP5830,2840.6
1998-08-01,IMP5830,2900.0
1998-09-01,IMP5830,2946.5
1998-10-01,IMP5830,2948.9
1998-11-01,IMP5830,2869.1
1998-12-01,IMP5830,2826.2
1999-01-01,IMP5830,2670.0
1999-02-01,IMP5830,2470.5
1999-03-01,IMP5830,2835.9
1999-04-01,IMP5830,2763.0
1999-05-01,IMP5830,2856.0
1999-06-01,IMP5830,3082.6
1999-07-01,IMP5830,3009.6
1999-08-01,IMP5830,3091.1
1999-09-01,IMP5830,3006.5
1999-10-01,IMP5830,2994.1
1999-11-01,IMP5830,3170.6
1999-12-01,IMP5830,3254.5
2000-01-01,IMP5830,3059.8
2000-02-01,IMP5830,2873.4
2000-03-01,IMP5830,3152.1
2000-04-01,IMP5830,3150.3
2000-05-01,IMP5830,3437.7
2000-06-01,IMP5830,3525.8
2000-07-01,IMP5830,3568.2
2000-08-01,IMP5830,3693.3
2000-09-01,IMP5830,3695.8
2000-10-01,IMP5830,3779.0
2000-11-01,IMP5830,3419.9
2000-12-01,IMP5830,3147.3
2001-01-01,IMP5830,3069.0
2001-02-01,IMP5830,2552.9
2001-03-01,IMP5830,3166.9
2001-04-01,IMP5830,2893.3
2001-05-01,IMP5830,2781.6
2001-06-01,IMP5830,2816.6
2001-07-01,IMP5830,2805.3
2001-08-01,IMP5830,2827.0
2001-09-01,IMP5830,2560.5
2001-10-01,IMP5830,2890.2
2001-11-01,IMP5830,2585.5
2001-12-01,IMP5830,2425.5
2002-01-01,IMP5830,2485.6
2002-02-01,IMP5830,2285.4
2002-03-01,IMP5830,2476.9
2002-04-01,IMP5830,2731.4
2002-05-01,IMP5830,2639.1
2002-06-01,IMP5830,2879.6
2002-07-01,IMP5830,2878.8
2002-08-01,IMP5830,2901.6
2002-09-01,IMP5830,2773.7
2002-10-01,IMP5830,2585.1
2002-11-01,IMP5830,2765.5
2002-12-01,IMP5830,2745.2
2003-01-01,IMP5830,2717.274454
2003-02-01,IMP5830,2203.937371
2003-03-01,IMP5830,2494.396333
2003-04-01,IMP5830,2574.102527
2003-05-01,IMP5830,2571.314409
2003-06-01,IMP5830,2621.915163
2003-07-01,IMP5830,2719.645659
2003-08-01,IMP5830,2709.269629
2003-09-01,IMP5830,2814.80109
2003-10-01,IMP5830,2758.343482
2003-11-01,IMP5830,2602.188183
2003-12-01,IMP5830,2812.239516
2004-01-01,IMP5830,2614.909966
2004-02-01,IMP5830,2294.007068
2004-03-01,IMP5830,2820.255707
2004-04-01,IMP5830,2810.245584
2004-05-01,IMP5830,2851.37538
2004-06-01,IMP5830,3075.246369
2004-07-01,IMP5830,2974.565805
2004-08-01,IMP5830,3109.025689
2004-09-01,IMP5830,3014.432222
2004-10-01,IMP5830,3040.026234
2004-11-01,IMP5830,3066.381525
2004-12-01,IMP5830,2953.111329
2005-01-01,IMP5830,2959.212821
2005-02-01,IMP5830,2548.420595
2005-03-01,IMP5830,2783.715115
2005-04-01,IMP5830,2759.913567
2005-05-01,IMP5830,2895.460472
2005-06-01,IMP5830,2946.479777
2005-07-01,IMP5830,2906.835826
2005-08-01,IMP5830,3070.727138
2005-09-01,IMP5830,2915.447747
2005-10-01,IMP5830,3026.709211
2005-11-01,IMP5830,3049.914242
2005-12-01,IMP5830,2962.992311
2006-01-01,IMP5830,3181.969889
2006-02-01,IMP5830,2555.197367
2006-03-01,IMP5830,3019.724653
2006-04-01,IMP5830,3095.21714
2006-05-01,IMP5830,3250.5698
2006-06-01,IMP5830,3181.042423
2006-07-01,IMP5830,3248.716115
2006-08-01,IMP5830,3537.157744
2006-09-01,IMP5830,3416.413621
2006-10-01,IMP5830,3407.130019
2006-11-01,IMP5830,3205.789956
2006-12-01,IMP5830,3112.926122
2007-01-01,IMP5830,3223.548707
2007-02-01,IMP5830,2772.595671
2007-03-01,IMP5830,2956.808689
2007-04-01,IMP5830,2995.214414
2007-05-01,IMP5830,3237.982129
2007-06-01,IMP5830,3186.396452
2007-07-01,IMP5830,3344.515479
2007-08-01,IMP5830,3345.370759
2007-09-01,IMP5830,3215.345136
2007-10-01,IMP5830,3447.793658
2007-11-01,IMP5830,3427.987179
2007-12-01,IMP5830,3124.036122
2008-01-01,IMP5830,3227.996634
2008-02-01,IMP5830,2781.457055
2008-03-01,IMP5830,2992.668252
2008-04-01,IMP5830,3017.093138
2008-05-01,IMP5830,3063.545573
2008-06-01,IMP5830,2984.257597
2008-07-01,IMP5830,3263.234796
2008-08-01,IMP5830,3265.836865
2008-09-01,IMP5830,3146.660526
2008-10-01,IMP5830,3231.338134
2008-11-01,IMP5830,2807.500907
2008-12-01,IMP5830,2544.4859
2009-01-01,IMP5830,2443.609443
2009-02-01,IMP5830,1974.855921
2009-03-01,IMP5830,2248.853993
2009-04-01,IMP5830,2257.923855
2009-05-01,IMP5830,2245.763309
2009-06-01,IMP5830,2140.41226
2009-07-01,IMP5830,2308.080708
2009-08-01,IMP5830,2224.208273
2009-09-01,IMP5830,2358.851058
2009-10-01,IMP5830,2645.473229
2009-11-01,IMP5830,2864.931908
2009-12-01,IMP5830,2649.185041
2010-01-01,IMP5830,2585.869055
2010-02-01,IMP5830,2181.060782
2010-03-01,IMP5830,2600.522098
2010-04-01,IMP5830,2783.342511
2010-05-01,IMP5830,2906.308211
2010-06-01,IMP5830,3340.569162
2010-07-01,IMP5830,3092.234462
2010-08-01,IMP5830,3275.970515
2010-09-01,IMP5830,3305.236678
2010-10-01,IMP5830,3247.576909
2010-11-01,IMP5830,3313.559363
2010-12-01,IMP5830,3214.586451
2011-01-01,IMP5830,3316.391495
2011-02-01,IMP5830,2925.482976
2011-03-01,IMP5830,3115.183318
2011-04-01,IMP5830,3590.329258
2011-05-01,IMP5830,3773.920487
2011-06-01,IMP5830,3850.521018
2011-07-01,IMP5830,3791.378746
2011-08-01,IMP5830,3648.025679
2011-09-01,IMP5830,3432.313023
2011-10-01,IMP5830,3553.371171
2011-11-01,IMP5830,3298.594195
2011-12-01,IMP5830,3109.660915
2012-01-01,IMP5830,3066.713713
2012-02-01,IMP5830,2673.286964
2012-03-01,IMP5830,3107.512827
2012-04-01,IMP5830,3350.582896
2012-05-01,IMP5830,3349.567899
2012-06-01,IMP5830,3515.631746
2012-07-01,IMP5830,3484.18788
2012-08-01,IMP5830,3332.255944
2012-09-01,IMP5830,3177.2085
2012-10-01,IMP5830,3499.433508
2012-11-01,IMP5830,3206.725814
2012-12-01,IMP5830,3097.499463
2013-01-01,IMP5830,3181.994874
2013-02-01,IMP5830,2707.522009
2013-03-01,IMP5830,2781.857809
2013-04-01,IMP5830,3285.293045
2013-05-01,IMP5830,3443.069046
2013-06-01,IMP5830,3214.586426
2013-07-01,IMP5830,3309.481178
2013-08-01,IMP5830,3260.390784
2013-09-01,IMP5830,3222.4509
2013-10-01,IMP5830,3393.797684
2013-11-01,IMP5830,3108.393651
2013-12-01,IMP5830,3029.923277
2014-01-01,IMP5830,3385.095147
2014-02-01,IMP5830,2653.592155
2014-03-01,IMP5830,3289.953401
2014-04-01,IMP5830,3689.159051
2014-05-01,IMP5830,3700.231663
2014-06-01,IMP5830,3507.833317
2014-07-01,IMP5830,3501.364452
2014-08-01,IMP5830,3318.383856
2014-09-01,IMP5830,3599.447757
2014-10-01,IMP5830,3705.306455
2014-11-01,IMP5830,3244.645432
2014-12-01,IMP5830,3244.487933
2015-01-01,IMP5830,3144.832947
2015-02-01,IMP5830,2832.341312
2015-03-01,IMP5830,4139.040595
2015-04-01,IMP5830,3889.671966
2015-05-01,IMP5830,3350.198392
2015-06-01,IMP5830,3535.215527
2015-07-01,IMP5830,3365.413705
2015-08-01,IMP5830,3435.841667
2015-09-01,IMP5830,3428.18702
2015-10-01,IMP5830,3394.820696
2015-11-01,IMP5830,3204.914997
2015-12-01,IMP5830,3190.87973
2016-01-01,IMP5830,3252.633684
2016-02-01,IMP5830,2964.288219
2016-03-01,IMP5830,2968.819822
2016-04-01,IMP5830,3041.737756
2016-05-01,IMP5830,3337.735771
2016-06-01,IMP5830,3380.365024
2016-07-01,IMP5830,3227.98658
2016-08-01,IMP5830,3644.116829
2016-09-01,IMP5830,3313.63764
2016-10-01,IMP5830,3345.807873
2016-11-01,IMP5830,3364.494358
2016-12-01,IMP5830,3357.223833
2017-01-01,IMP5830,3370.523281
2017-02-01,IMP5830,2861.846329
2017-03-01,IMP5830,3349.654185
2017-04-01,IMP5830,3391.677487
2017-05-01,IMP5830,3642.681948
2017-06-01,IMP5830,3728.463949
2017-07-01,IMP5830,3664.917397
2017-08-01,IMP5830,3734.165866
2017-09-01,IMP5830,3709.352743
2017-10-01,IMP5830,3785.761613
2017-11-01,IMP5830,3648.456106
2017-12-01,IMP5830,3530.008716
2018-01-01,IMP5830,3762.277435
2018-02-01,IMP5830,3205.564473
2018-03-01,IMP5830,3466.729849
2018-04-01,IMP5830,3518.6093
2018-05-01,IMP5830,3786.128552
2018-06-01,IMP5830,3866.894744
2018-07-01,IMP5830,3938.244171
2018-08-01,IMP5830,3893.829703
2018-09-01,IMP5830,3683.3024
2018-10-01,IMP5830,4252.116773
2018-11-01,IMP5830,4158.300396
2018-12-01,IMP5830,4177.022163
2019-01-01,IMP5830,4556.611286
2019-02-01,IMP5830,3880.647568
2019-03-01,IMP5830,4206.852561
2019-04-01,IMP5830,4386.375759
2019-05-01,IMP5830,4691.622837
2019-06-01,IMP5830,4252.779624
2019-07-01,IMP5830,4735.128846
2019-08-01,IMP5830,4844.549405
2019-09-01,IMP5830,4623.440129
2019-10-01,IMP5830,4763.349883
2019-11-01,IMP5830,4472.33023
2019-12-01,IMP5830,4814.930154
2020-01-01,IMP5830,4834.62362
2020-02-01,IMP5830,3979.438848
2020-03-01,IMP5830,4550.292858
2020-04-01,IMP5830,4641.769634
2020-05-01,IMP5830,4855.181289
2020-06-01,IMP5830,4802.509005
2020-07-01,IMP5830,5310.67614
2020-08-01,IMP5830,5142.458196
2020-09-01,IMP5830,5549.244971
2020-10-01,IMP5830,5623.657821
2020-11-01,IMP5830,5447.17742
2020-12-01,IMP5830,5692.930954
2021-01-01,IMP5830,5391.682388
2021-02-01,IMP5830,4462.307666
2021-03-01,IMP5830,5652.306379
2021-04-01,IMP5830,6225.048029
2021-05-01,IMP5830,6365.854222
2021-06-01,IMP5830,6634.243502
2021-07-01,IMP5830,6704.648493
2021-08-01,IMP5830,6742.325076
2021-09-01,IMP5830,6910.413356
2021-10-01,IMP5830,7708.082173
2021-11-01,IMP5830,6924.635102
2021-12-01,IMP5830,7294.803138
2022-01-01,IMP5830,7124.82514
2022-02-01,IMP5830,6618.364934
2022-03-01,IMP5830,8359.33112
2022-04-01,IMP5830,7423.536754
2022-05-01,IMP5830,7887.417799
2022-06-01,IMP5830,7313.870384
2022-07-01,IMP5830,8413.310957
2022-08-01,IMP5830,8408.788351
2022-09-01,IMP5830,7516.352777
2022-10-01,IMP5830,7809.850094
2022-11-01,IMP5830,7742.510676
2022-12-01,IMP5830,7089.257471
2023-01-01,IMP5830,6670.261777
2023-02-01,IMP5830,6604.233158
2023-03-01,IMP5830,6820.827234
2023-04-01,IMP5830,6444.210929
2023-05-01,IMP5830,7543.258702
2023-06-01,IMP5830,6755.798345
2023-07-01,IMP5830,7360.901122
2023-08-01,IMP5830,8316.222217
2023-09-01,IMP5830,8004.801224
2023-10-01,IMP5830,8688.315574
2023-11-01,IMP5830,7855.170941
2023-12-01,IMP5830,6718.169032
2024-01-01,IMP5830,8195.028928
2024-02-01,IMP5830,6794.663327
2024-03-01,IMP5830,7940.466721
2024-04-01,IMP5830,9095.451203
2024-05-01,IMP5830,8989.117008
2024-06-01,IMP5830,9863.849663
2024-07-01,IMP5830,12990.58106
2024-08-01,IMP5830,11766.440983
2024-09-01,IMP5830,10557.652898
2024-10-01,IMP5830,10705.737875
2024-11-01,IMP5830,9284.396253
2024-12-01,IMP5830,10101.523162
2025-01-01,IMP5830,11072.98924
2025-02-01,IMP5830,10575.398815
2025-03-01,IMP5830,12404.367742
2025-04-01,IMP5830,14607.472778
2025-05-01,IMP5830,16381.180226
2025-06-01,IMP5830,16920.755687
2025-07-01,IMP5830,19493.58327
2025-08-01,IMP5830,17733.652621
2025-09-01,IMP5830,15007.2797
2025-10-01,IMP5830,22266.706532
2025-11-01,IMP5830,20214.007082
2025-12-01,IMP5830,24691.784973
2026-01-01,IMP5830,21692.763908
2026-02-01,IMP5830,21120.664456
2026-03-01,IMP5830,24605.080389
2026-04-01,IMP5830,24105.801532
2026-05-01,IMP5830,24575.810655
2026-06-01,IMP5830,20514.311696
2026-07-01,IMP5830,25667.446551
1985-01-01,IMPJP,5968.8
1985-02-01,IMPJP,4799.8
1985-03-01,IMPJP,5724.9
1985-04-01,IMPJP,5931.0
1985-05-01,IMPJP,5719.2
1985-06-01,IMPJP,5824.1
1985-07-01,IMPJP,5418.3
1985-08-01,IMPJP,5444.2
1985-09-01,IMPJP,6451.5
1985-10-01,IMPJP,5236.9
1985-11-01,IMPJP,6042.6
1985-12-01,IMPJP,6221.6
1986-01-01,IMPJP,6901.6
1986-02-01,IMPJP,5860.6
1986-03-01,IMPJP,7185.4
1986-04-01,IMPJP,6333.2
1986-05-01,IMPJP,6439.1
1986-06-01,IMPJP,7240.1
1986-07-01,IMPJP,8101.9
1986-08-01,IMPJP,6694.4
1986-09-01,IMPJP,5884.2
1986-10-01,IMPJP,6995.6
1986-11-01,IMPJP,8392.1
1986-12-01,IMPJP,5882.8
1987-01-01,IMPJP,5900.5
1987-02-01,IMPJP,6824.5
1987-03-01,IMPJP,6804.2
1987-04-01,IMPJP,6832.3
1987-05-01,IMPJP,6933.8
1987-06-01,IMPJP,7332.6
1987-07-01,IMPJP,7340.5
1987-08-01,IMPJP,7242.4
1987-09-01,IMPJP,6780.9
1987-10-01,IMPJP,7932.0
1987-11-01,IMPJP,7179.0
1987-12-01,IMPJP,7472.2
1988-01-01,IMPJP,6356.7
1988-02-01,IMPJP,7098.4
1988-03-01,IMPJP,7408.3
1988-04-01,IMPJP,7244.7
1988-05-01,IMPJP,6685.4
1988-06-01,IMPJP,7556.1
1988-07-01,IMPJP,7328.9
1988-08-01,IMPJP,7672.4
1988-09-01,IMPJP,7057.7
1988-10-01,IMPJP,8441.2
1988-11-01,IMPJP,8191.4
1988-12-01,IMPJP,8477.7
1989-01-01,IMPJP,6732.5
1989-02-01,IMPJP,7763.2
1989-03-01,IMPJP,8439.6
1989-04-01,IMPJP,7537.3
1989-05-01,IMPJP,7927.1
1989-06-01,IMPJP,7870.7
1989-07-01,IMPJP,7855.0
1989-08-01,IMPJP,7859.4
1989-09-01,IMPJP,7742.9
1989-10-01,IMPJP,8602.6
1989-11-01,IMPJP,7773.5
1989-12-01,IMPJP,7448.7
1990-01-01,IMPJP,6878.2
1990-02-01,IMPJP,6911.3
1990-03-01,IMPJP,7807.5
1990-04-01,IMPJP,7640.5
1990-05-01,IMPJP,6751.3
1990-06-01,IMPJP,7220.1
1990-07-01,IMPJP,7251.1
1990-08-01,IMPJP,7629.3
1990-09-01,IMPJP,7022.9
1990-10-01,IMPJP,8721.2
1990-11-01,IMPJP,8105.5
1990-12-01,IMPJP,7745.1
1991-01-01,IMPJP,7344.1
1991-02-01,IMPJP,7420.3
1991-03-01,IMPJP,7925.0
1991-04-01,IMPJP,7178.9
1991-05-01,IMPJP,6711.3
1991-06-01,IMPJP,6997.0
1991-07-01,IMPJP,7659.0
1991-08-01,IMPJP,7789.6
1991-09-01,IMPJP,7794.0
1991-10-01,IMPJP,8883.5
1991-11-01,IMPJP,7770.6
1991-12-01,IMPJP,8037.3
1992-01-01,IMPJP,7608.8
1992-02-01,IMPJP,7433.0
1992-03-01,IMPJP,8421.6
1992-04-01,IMPJP,7921.9
1992-05-01,IMPJP,7075.4
1992-06-01,IMPJP,7675.6
1992-07-01,IMPJP,8229.3
1992-08-01,IMPJP,8039.4
1992-09-01,IMPJP,8319.3
1992-10-01,IMPJP,9031.1
1992-11-01,IMPJP,8574.1
1992-12-01,IMPJP,9084.2
1993-01-01,IMPJP,7636.6
1993-02-01,IMPJP,8014.7
1993-03-01,IMPJP,9662.9
1993-04-01,IMPJP,9196.1
1993-05-01,IMPJP,7792.4
1993-06-01,IMPJP,8623.8
1993-07-01,IMPJP,8864.9
1993-08-01,IMPJP,9050.2
1993-09-01,IMPJP,9280.2
1993-10-01,IMPJP,10113.3
1993-11-01,IMPJP,9466.8
1993-12-01,IMPJP,9544.5
1994-01-01,IMPJP,8469.9
1994-02-01,IMPJP,8887.6
1994-03-01,IMPJP,10595.4
1994-04-01,IMPJP,9780.3
1994-05-01,IMPJP,8509.0
1994-06-01,IMPJP,10111.7
1994-07-01,IMPJP,9989.6
1994-08-01,IMPJP,10697.2
1994-09-01,IMPJP,9908.8
1994-10-01,IMPJP,11315.5
1994-11-01,IMPJP,10628.8
1994-12-01,IMPJP,10262.0
1995-01-01,IMPJP,9233.9
1995-02-01,IMPJP,9732.6
1995-03-01,IMPJP,11732.1
1995-04-01,IMPJP,11179.8
1995-05-01,IMPJP,10510.2
1995-06-01,IMPJP,10885.4
1995-07-01,IMPJP,10548.6
1995-08-01,IMPJP,10459.4
1995-09-01,IMPJP,10050.4
1995-10-01,IMPJP,10234.8
1995-11-01,IMPJP,9551.9
1995-12-01,IMPJP,9360.2
1996-01-01,IMPJP,8954.8
1996-02-01,IMPJP,9575.3
1996-03-01,IMPJP,10240.7
1996-04-01,IMPJP,9913.3
1996-05-01,IMPJP,9081.8
1996-06-01,IMPJP,8963.8
1996-07-01,IMPJP,9781.1
1996-08-01,IMPJP,9453.0
1996-09-01,IMPJP,9205.0
1996-10-01,IMPJP,10741.4
1996-11-01,IMPJP,9619.8
1996-12-01,IMPJP,9657.1
1997-01-01,IMPJP,9433.0
1997-02-01,IMPJP,9721.1
1997-03-01,IMPJP,10947.9
1997-04-01,IMPJP,10343.9
1997-05-01,IMPJP,9166.8
1997-06-01,IMPJP,9894.5
1997-07-01,IMPJP,10527.5
1997-08-01,IMPJP,10062.7
1997-09-01,IMPJP,10140.9
1997-10-01,IMPJP,11203.4
1997-11-01,IMPJP,9790.0
1997-12-01,IMPJP,10431.6
1998-01-01,IMPJP,9426.1
1998-02-01,IMPJP,9909.8
1998-03-01,IMPJP,10986.1
1998-04-01,IMPJP,10326.9
1998-05-01,IMPJP,9654.5
1998-06-01,IMPJP,9970.8
1998-07-01,IMPJP,10210.2
1998-08-01,IMPJP,9889.6
1998-09-01,IMPJP,9736.4
1998-10-01,IMPJP,10924.4
1998-11-01,IMPJP,10333.9
1998-12-01,IMPJP,10476.4
1999-01-01,IMPJP,9213.3
1999-02-01,IMPJP,9999.1
1999-03-01,IMPJP,11799.4
1999-04-01,IMPJP,10407.6
1999-05-01,IMPJP,9476.4
1999-06-01,IMPJP,10897.4
1999-07-01,IMPJP,11108.8
1999-08-01,IMPJP,10801.0
1999-09-01,IMPJP,11271.3
1999-10-01,IMPJP,12126.0
1999-11-01,IMPJP,11578.5
1999-12-01,IMPJP,12185.0
2000-01-01,IMPJP,10203.6
2000-02-01,IMPJP,11720.7
2000-03-01,IMPJP,12810.4
2000-04-01,IMPJP,12452.2
2000-05-01,IMPJP,11946.4
2000-06-01,IMPJP,12173.8
2000-07-01,IMPJP,12557.2
2000-08-01,IMPJP,12535.1
2000-09-01,IMPJP,11484.1
2000-10-01,IMPJP,14064.8
2000-11-01,IMPJP,12461.3
2000-12-01,IMPJP,12069.8
2001-01-01,IMPJP,11142.5
2001-02-01,IMPJP,11380.0
2001-03-01,IMPJP,12076.2
2001-04-01,IMPJP,11562.3
2001-05-01,IMPJP,9606.0
2001-06-01,IMPJP,9968.6
2001-07-01,IMPJP,10317.6
2001-08-01,IMPJP,10218.8
2001-09-01,IMPJP,9456.8
2001-10-01,IMPJP,11186.9
2001-11-01,IMPJP,10288.4
2001-12-01,IMPJP,9269.0
2002-01-01,IMPJP,8674.0
2002-02-01,IMPJP,9426.4
2002-03-01,IMPJP,10466.3
2002-04-01,IMPJP,10699.2
2002-05-01,IMPJP,9167.2
2002-06-01,IMPJP,10090.4
2002-07-01,IMPJP,10230.0
2002-08-01,IMPJP,10081.4
2002-09-01,IMPJP,10074.0
2002-10-01,IMPJP,10561.4
2002-11-01,IMPJP,10814.9
2002-12-01,IMPJP,11143.4
2003-01-01,IMPJP,9109.497627
2003-02-01,IMPJP,9440.491473
2003-03-01,IMPJP,10434.623207
2003-04-01,IMPJP,10332.661584
2003-05-01,IMPJP,9105.638216
2003-06-01,IMPJP,9738.488202
2003-07-01,IMPJP,10128.624565
2003-08-01,IMPJP,9089.140181
2003-09-01,IMPJP,9442.253669
2003-10-01,IMPJP,10786.709731
2003-11-01,IMPJP,10187.251104
2003-12-01,IMPJP,10241.265969
2004-01-01,IMPJP,9171.944935
2004-02-01,IMPJP,10238.373233
2004-03-01,IMPJP,11791.7402
2004-04-01,IMPJP,11230.066364
2004-05-01,IMPJP,9840.889267
2004-06-01,IMPJP,11037.978874
2004-07-01,IMPJP,11044.881727
2004-08-01,IMPJP,10651.383046
2004-09-01,IMPJP,10509.987807
2004-10-01,IMPJP,11439.798757
2004-11-01,IMPJP,11636.169881
2004-12-01,IMPJP,11211.984567
2005-01-01,IMPJP,10154.378114
2005-02-01,IMPJP,10993.373053
2005-03-01,IMPJP,12779.195886
2005-04-01,IMPJP,11793.35205
2005-05-01,IMPJP,10755.990061
2005-06-01,IMPJP,12004.217964
2005-07-01,IMPJP,11394.165456
2005-08-01,IMPJP,11457.191131
2005-09-01,IMPJP,10837.650276
2005-10-01,IMPJP,12173.324398
2005-11-01,IMPJP,11945.905042
2005-12-01,IMPJP,11714.952724
2006-01-01,IMPJP,10913.250856
2006-02-01,IMPJP,11585.77085
2006-03-01,IMPJP,12977.200587
2006-04-01,IMPJP,12261.319539
2006-05-01,IMPJP,12033.996166
2006-06-01,IMPJP,12337.281789
2006-07-01,IMPJP,12557.582243
2006-08-01,IMPJP,12495.400032
2006-09-01,IMPJP,11825.467364
2006-10-01,IMPJP,13787.730476
2006-11-01,IMPJP,12987.179619
2006-12-01,IMPJP,12418.596058
2007-01-01,IMPJP,11405.55833
2007-02-01,IMPJP,11825.371805
2007-03-01,IMPJP,12883.88267
2007-04-01,IMPJP,12548.103032
2007-05-01,IMPJP,11122.314069
2007-06-01,IMPJP,11827.319868
2007-07-01,IMPJP,12768.564701
2007-08-01,IMPJP,11975.587117
2007-09-01,IMPJP,11403.775011
2007-10-01,IMPJP,13471.795456
2007-11-01,IMPJP,12450.4463
2007-12-01,IMPJP,11780.624197
2008-01-01,IMPJP,11709.018098
2008-02-01,IMPJP,12541.959683
2008-03-01,IMPJP,13015.592185
2008-04-01,IMPJP,13045.250703
2008-05-01,IMPJP,11244.36607
2008-06-01,IMPJP,12144.282136
2008-07-01,IMPJP,12028.965215
2008-08-01,IMPJP,11136.852604
2008-09-01,IMPJP,11008.039313
2008-10-01,IMPJP,11475.705942
2008-11-01,IMPJP,10108.213172
2008-12-01,IMPJP,9803.951911
2009-01-01,IMPJP,8164.903203
2009-02-01,IMPJP,6409.370543
2009-03-01,IMPJP,7245.639873
2009-04-01,IMPJP,6932.339419
2009-05-01,IMPJP,6144.98128
2009-06-01,IMPJP,7792.142071
2009-07-01,IMPJP,8167.821287
2009-08-01,IMPJP,8165.11718
2009-09-01,IMPJP,8587.879536
2009-10-01,IMPJP,9197.654303
2009-11-01,IMPJP,9477.993465
2009-12-01,IMPJP,9517.841208
2010-01-01,IMPJP,8340.840554
2010-02-01,IMPJP,8776.279973
2010-03-01,IMPJP,10484.962475
2010-04-01,IMPJP,9441.981641
2010-05-01,IMPJP,8640.577073
2010-06-01,IMPJP,10217.846615
2010-07-01,IMPJP,10091.162484
2010-08-01,IMPJP,10728.614179
2010-09-01,IMPJP,10057.10918
2010-10-01,IMPJP,11281.670462
2010-11-01,IMPJP,11091.652127
2010-12-01,IMPJP,11399.448415
2011-01-01,IMPJP,9884.63726
2011-02-01,IMPJP,10567.412977
2011-03-01,IMPJP,11806.733698
2011-04-01,IMPJP,8829.185784
2011-05-01,IMPJP,8317.037438
2011-06-01,IMPJP,9421.468533
2011-07-01,IMPJP,10858.638558
2011-08-01,IMPJP,11828.941834
2011-09-01,IMPJP,10858.271037
2011-10-01,IMPJP,12387.552278
2011-11-01,IMPJP,12123.560783
2011-12-01,IMPJP,12044.449296
2012-01-01,IMPJP,11755.682392
2012-02-01,IMPJP,12433.037237
2012-03-01,IMPJP,13310.04541
2012-04-01,IMPJP,12086.693223
2012-05-01,IMPJP,12111.403738
2012-06-01,IMPJP,11997.988382
2012-07-01,IMPJP,12490.183476
2012-08-01,IMPJP,12957.727896
2012-09-01,IMPJP,10977.946723
2012-10-01,IMPJP,12684.05069
2012-11-01,IMPJP,11811.360036
2012-12-01,IMPJP,11815.573809
2013-01-01,IMPJP,11291.625875
2013-02-01,IMPJP,10948.259091
2013-03-01,IMPJP,12156.701675
2013-04-01,IMPJP,11984.744131
2013-05-01,IMPJP,11134.086231
2013-06-01,IMPJP,11257.646038
2013-07-01,IMPJP,11980.652148
2013-08-01,IMPJP,12013.381555
2013-09-01,IMPJP,11123.24822
2013-10-01,IMPJP,11909.918836
2013-11-01,IMPJP,11603.000684
2013-12-01,IMPJP,11172.077384
2014-01-01,IMPJP,10819.724905
2014-02-01,IMPJP,10604.163187
2014-03-01,IMPJP,12112.971599
2014-04-01,IMPJP,11384.013843
2014-05-01,IMPJP,10577.747759
2014-06-01,IMPJP,11298.190225
2014-07-01,IMPJP,11544.225212
2014-08-01,IMPJP,11112.927109
2014-09-01,IMPJP,10839.859037
2014-10-01,IMPJP,12024.072185
2014-11-01,IMPJP,10707.019485
2014-12-01,IMPJP,11479.628273
2015-01-01,IMPJP,10910.004513
2015-02-01,IMPJP,9372.472892
2015-03-01,IMPJP,12932.407388
2015-04-01,IMPJP,12787.382399
2015-05-01,IMPJP,10660.695935
2015-06-01,IMPJP,10527.072781
2015-07-01,IMPJP,10970.455287
2015-08-01,IMPJP,10554.587131
2015-09-01,IMPJP,9893.45015
2015-10-01,IMPJP,10823.774472
2015-11-01,IMPJP,10696.998468
2015-12-01,IMPJP,11316.188772
2016-01-01,IMPJP,9586.294117
2016-02-01,IMPJP,10306.862206
2016-03-01,IMPJP,12083.536514
2016-04-01,IMPJP,10855.132689
2016-05-01,IMPJP,9872.125158
2016-06-01,IMPJP,10994.07997
2016-07-01,IMPJP,11275.665591
2016-08-01,IMPJP,11428.074089
2016-09-01,IMPJP,10391.198712
2016-10-01,IMPJP,11692.664677
2016-11-01,IMPJP,11330.760893
2016-12-01,IMPJP,12184.05494
2017-01-01,IMPJP,10493.398601
2017-02-01,IMPJP,9869.077416
2017-03-01,IMPJP,13018.970809
2017-04-01,IMPJP,11198.376314
2017-05-01,IMPJP,10951.229966
2017-06-01,IMPJP,11186.406538
2017-07-01,IMPJP,11454.936239
2017-08-01,IMPJP,11965.095002
2017-09-01,IMPJP,10820.115253
2017-10-01,IMPJP,12021.842532
2017-11-01,IMPJP,11505.063342
2017-12-01,IMPJP,11926.829558
2018-01-01,IMPJP,11269.927849
2018-02-01,IMPJP,10808.894482
2018-03-01,IMPJP,12838.983606
2018-04-01,IMPJP,12060.875969
2018-05-01,IMPJP,11641.924307
2018-06-01,IMPJP,11522.695307
2018-07-01,IMPJP,11861.381618
2018-08-01,IMPJP,12316.305195
2018-09-01,IMPJP,10302.004939
2018-10-01,IMPJP,12775.274044
2018-11-01,IMPJP,12566.816773
2018-12-01,IMPJP,12263.200471
2019-01-01,IMPJP,11536.370201
2019-02-01,IMPJP,11427.636655
2019-03-01,IMPJP,13058.326934
2019-04-01,IMPJP,12979.91471
2019-05-01,IMPJP,11998.286519
2019-06-01,IMPJP,11912.796652
2019-07-01,IMPJP,12883.382756
2019-08-01,IMPJP,12421.644544
2019-09-01,IMPJP,10822.212277
2019-10-01,IMPJP,11575.004774
2019-11-01,IMPJP,11448.027367
2019-12-01,IMPJP,11527.35157
2020-01-01,IMPJP,10457.8388
2020-02-01,IMPJP,10665.460534
2020-03-01,IMPJP,12173.551333
2020-04-01,IMPJP,9849.203383
2020-05-01,IMPJP,7383.24751
2020-06-01,IMPJP,6641.328361
2020-07-01,IMPJP,8271.013302
2020-08-01,IMPJP,9698.066349
2020-09-01,IMPJP,9942.045205
2020-10-01,IMPJP,11251.333342
2020-11-01,IMPJP,11689.961397
2020-12-01,IMPJP,11483.450654
2021-01-01,IMPJP,10392.293542
2021-02-01,IMPJP,9235.186164
2021-03-01,IMPJP,12153.163982
2021-04-01,IMPJP,12433.900653
2021-05-01,IMPJP,11448.657859
2021-06-01,IMPJP,11328.45514
2021-07-01,IMPJP,12254.988878
2021-08-01,IMPJP,12375.695239
2021-09-01,IMPJP,10531.289705
2021-10-01,IMPJP,10445.795925
2021-11-01,IMPJP,10705.808441
2021-12-01,IMPJP,11494.397175
2022-01-01,IMPJP,12047.476087
2022-02-01,IMPJP,11213.553454
2022-03-01,IMPJP,14017.014846
2022-04-01,IMPJP,12186.352622
2022-05-01,IMPJP,12563.902621
2022-06-01,IMPJP,11397.319609
2022-07-01,IMPJP,12104.49414
2022-08-01,IMPJP,12383.355893
2022-09-01,IMPJP,11568.448778
2022-10-01,IMPJP,12876.122682
2022-11-01,IMPJP,12172.627942
2022-12-01,IMPJP,13471.387945
2023-01-01,IMPJP,11035.236744
2023-02-01,IMPJP,11297.293455
2023-03-01,IMPJP,12909.220413
2023-04-01,IMPJP,12850.923316
2023-05-01,IMPJP,11280.946705
2023-06-01,IMPJP,11753.787739
2023-07-01,IMPJP,12606.06305
2023-08-01,IMPJP,12187.47754
2023-09-01,IMPJP,12727.926557
2023-10-01,IMPJP,13550.766242
2023-11-01,IMPJP,13359.533696
2023-12-01,IMPJP,11637.688887
2024-01-01,IMPJP,12582.413166
2024-02-01,IMPJP,11741.219481
2024-03-01,IMPJP,12191.378643
2024-04-01,IMPJP,12742.280861
2024-05-01,IMPJP,12252.736718
2024-06-01,IMPJP,11704.044481
2024-07-01,IMPJP,13111.553785
2024-08-01,IMPJP,11575.119638
2024-09-01,IMPJP,11484.277734
2024-10-01,IMPJP,13805.399149
2024-11-01,IMPJP,11774.899954
2024-12-01,IMPJP,12151.198083
2025-01-01,IMPJP,12807.274988
2025-02-01,IMPJP,11134.766371
2025-03-01,IMPJP,13432.885128
2025-04-01,IMPJP,13553.200082
2025-05-01,IMPJP,11984.840848
2025-06-01,IMPJP,11943.457923
2025-07-01,IMPJP,12489.093246
2025-08-01,IMPJP,11982.545113
2025-09-01,IMPJP,10607.544662
2025-10-01,IMPJP,11997.362355
2025-11-01,IMPJP,11742.246311
2025-12-01,IMPJP,12166.776084
2026-01-01,IMPJP,11043.989675
2026-02-01,IMPJP,10465.859714
2026-03-01,IMPJP,12582.671569
2026-04-01,IMPJP,12939.910311
2026-05-01,IMPJP,11759.803624
2026-06-01,IMPJP,12713.13348
2026-07-01,IMPJP,13018.3965
2006-01-01,VALEXPKRM052N,23249.0
2006-02-01,VALEXPKRM052N,23785.0
2006-03-01,VALEXPKRM052N,26855.0
2006-04-01,VALEXPKRM052N,25554.0
2006-05-01,VALEXPKRM052N,27822.0
2006-06-01,VALEXPKRM052N,28111.0
2006-07-01,VALEXPKRM052N,26018.0
2006-08-01,VALEXPKRM052N,27456.0
2006-09-01,VALEXPKRM052N,29744.0
2006-10-01,VALEXPKRM052N,28093.0
2006-11-01,VALEXPKRM052N,30661.0
2006-12-01,VALEXPKRM052N,28775.0
2007-01-01,VALEXPKRM052N,28097.0
2007-02-01,VALEXPKRM052N,26227.0
2007-03-01,VALEXPKRM052N,30389.0
2007-04-01,VALEXPKRM052N,29948.0
2007-05-01,VALEXPKRM052N,31046.0
2007-06-01,VALEXPKRM052N,31997.0
2007-07-01,VALEXPKRM052N,30220.0
2007-08-01,VALEXPKRM052N,31013.0
2007-09-01,VALEXPKRM052N,29382.0
2007-10-01,VALEXPKRM052N,34497.0
2007-11-01,VALEXPKRM052N,35818.0
2007-12-01,VALEXPKRM052N,32999.0
2008-01-01,VALEXPKRM052N,32275.0
2008-02-01,VALEXPKRM052N,31178.0
2008-03-01,VALEXPKRM052N,35992.0
2008-04-01,VALEXPKRM052N,37850.0
2008-05-01,VALEXPKRM052N,39383.0
2008-06-01,VALEXPKRM052N,37259.0
2008-07-01,VALEXPKRM052N,40961.0
2008-08-01,VALEXPKRM052N,36611.0
2008-09-01,VALEXPKRM052N,37428.0
2008-10-01,VALEXPKRM052N,37111.0
2008-11-01,VALEXPKRM052N,28842.0
2008-12-01,VALEXPKRM052N,27118.0
2009-01-01,VALEXPKRM052N,21133.0
2009-02-01,VALEXPKRM052N,25397.0
2009-03-01,VALEXPKRM052N,27891.0
2009-04-01,VALEXPKRM052N,30327.0
2009-05-01,VALEXPKRM052N,27824.0
2009-06-01,VALEXPKRM052N,32210.0
2009-07-01,VALEXPKRM052N,31908.0
2009-08-01,VALEXPKRM052N,28950.0
2009-09-01,VALEXPKRM052N,33922.0
2009-10-01,VALEXPKRM052N,33970.0
2009-11-01,VALEXPKRM052N,33992.0
2009-12-01,VALEXPKRM052N,36010.0
2010-01-01,VALEXPKRM052N,30735.0
2010-02-01,VALEXPKRM052N,33039.0
2010-03-01,VALEXPKRM052N,37309.0
2010-04-01,VALEXPKRM052N,39301.0
2010-05-01,VALEXPKRM052N,38888.0
2010-06-01,VALEXPKRM052N,42049.0
2010-07-01,VALEXPKRM052N,40424.0
2010-08-01,VALEXPKRM052N,36481.0
2010-09-01,VALEXPKRM052N,39411.0
2010-10-01,VALEXPKRM052N,43340.0
2010-11-01,VALEXPKRM052N,41261.0
2010-12-01,VALEXPKRM052N,44145.0
2011-01-01,VALEXPKRM052N,44467.0
2011-02-01,VALEXPKRM052N,38471.0
2011-03-01,VALEXPKRM052N,48044.0
2011-04-01,VALEXPKRM052N,48537.0
2011-05-01,VALEXPKRM052N,47415.0
2011-06-01,VALEXPKRM052N,46738.0
2011-07-01,VALEXPKRM052N,48952.0
2011-08-01,VALEXPKRM052N,45756.0
2011-09-01,VALEXPKRM052N,46520.0
2011-10-01,VALEXPKRM052N,46637.0
2011-11-01,VALEXPKRM052N,46055.0
2011-12-01,VALEXPKRM052N,48923.0
2012-01-01,VALEXPKRM052N,41210.0
2012-02-01,VALEXPKRM052N,46318.0
2012-03-01,VALEXPKRM052N,47327.0
2012-04-01,VALEXPKRM052N,46096.0
2012-05-01,VALEXPKRM052N,46913.0
2012-06-01,VALEXPKRM052N,47172.0
2012-07-01,VALEXPKRM052N,44669.0
2012-08-01,VALEXPKRM052N,43046.0
2012-09-01,VALEXPKRM052N,45415.0
2012-10-01,VALEXPKRM052N,47090.0
2012-11-01,VALEXPKRM052N,47789.0
2012-12-01,VALEXPKRM052N,45032.0
2013-01-01,VALEXPKRM052N,45674.0
2013-02-01,VALEXPKRM052N,42336.0
2013-03-01,VALEXPKRM052N,47318.0
2013-04-01,VALEXPKRM052N,46165.0
2013-05-01,VALEXPKRM052N,48309.0
2013-06-01,VALEXPKRM052N,46685.0
2013-07-01,VALEXPKRM052N,45829.0
2013-08-01,VALEXPKRM052N,46296.0
2013-09-01,VALEXPKRM052N,44659.0
2013-10-01,VALEXPKRM052N,50487.0
2013-11-01,VALEXPKRM052N,47878.0
2013-12-01,VALEXPKRM052N,48013.0
2014-01-01,VALEXPKRM052N,45563.0
2014-02-01,VALEXPKRM052N,42912.0
2014-03-01,VALEXPKRM052N,49066.0
2014-04-01,VALEXPKRM052N,50267.0
2014-05-01,VALEXPKRM052N,47578.0
2014-06-01,VALEXPKRM052N,47828.0
2014-07-01,VALEXPKRM052N,48207.0
2014-08-01,VALEXPKRM052N,46116.0
2014-09-01,VALEXPKRM052N,47448.0
2014-10-01,VALEXPKRM052N,51643.0
2014-11-01,VALEXPKRM052N,46759.0
2014-12-01,VALEXPKRM052N,49704.0
2015-01-01,VALEXPKRM052N,45105.0
2015-02-01,VALEXPKRM052N,41472.0
2015-03-01,VALEXPKRM052N,46823.0
2015-04-01,VALEXPKRM052N,46222.0
2015-05-01,VALEXPKRM052N,42327.0
2015-06-01,VALEXPKRM052N,46555.0
2015-07-01,VALEXPKRM052N,45696.0
2015-08-01,VALEXPKRM052N,39107.0
2015-09-01,VALEXPKRM052N,43432.0
2015-10-01,VALEXPKRM052N,43352.0
2015-11-01,VALEXPKRM052N,44285.0
2015-12-01,VALEXPKRM052N,42380.0
2016-01-01,VALEXPKRM052N,36260.0
2016-02-01,VALEXPKRM052N,35925.0
2016-03-01,VALEXPKRM052N,43002.0
2016-04-01,VALEXPKRM052N,41082.0
2016-05-01,VALEXPKRM052N,39734.0
2016-06-01,VALEXPKRM052N,45209.0
2016-07-01,VALEXPKRM052N,40882.0
2016-08-01,VALEXPKRM052N,40125.0
2016-09-01,VALEXPKRM052N,40846.0
2016-10-01,VALEXPKRM052N,41983.0
2016-11-01,VALEXPKRM052N,45309.0
2016-12-01,VALEXPKRM052N,45069.0
2017-01-01,VALEXPKRM052N,40257.0
2017-02-01,VALEXPKRM052N,43167.0
2017-03-01,VALEXPKRM052N,48638.0
2017-04-01,VALEXPKRM052N,50844.0
2017-05-01,VALEXPKRM052N,44927.0
2017-06-01,VALEXPKRM052N,51272.0
2017-07-01,VALEXPKRM052N,48830.0
2017-08-01,VALEXPKRM052N,47106.0
2017-09-01,VALEXPKRM052N,55115.0
2017-10-01,VALEXPKRM052N,44791.0
2017-11-01,VALEXPKRM052N,49707.0
2017-12-01,VALEXPKRM052N,49040.0
2018-01-01,VALEXPKRM052N,49221.0
2018-02-01,VALEXPKRM052N,44524.0
2018-03-01,VALEXPKRM052N,51310.0
2018-04-01,VALEXPKRM052N,49850.0
2018-05-01,VALEXPKRM052N,50688.0
2018-06-01,VALEXPKRM052N,51079.0
2018-07-01,VALEXPKRM052N,51810.0
2018-08-01,VALEXPKRM052N,51180.0
2018-09-01,VALEXPKRM052N,50650.0
2018-10-01,VALEXPKRM052N,54860.0
2018-11-01,VALEXPKRM052N,51480.0
2018-12-01,VALEXPKRM052N,48207.0
2019-01-01,VALEXPKRM052N,46169.0
2019-02-01,VALEXPKRM052N,39482.0
2019-03-01,VALEXPKRM052N,47003.0
2019-04-01,VALEXPKRM052N,48781.0
2019-05-01,VALEXPKRM052N,45704.0
2019-06-01,VALEXPKRM052N,44008.0
2019-07-01,VALEXPKRM052N,46078.0
2019-08-01,VALEXPKRM052N,44020.0
2019-09-01,VALEXPKRM052N,44629.0
2019-10-01,VALEXPKRM052N,46649.0
2019-11-01,VALEXPKRM052N,44041.0
2019-12-01,VALEXPKRM052N,45668.0
2020-01-01,VALEXPKRM052N,43103.0
2020-02-01,VALEXPKRM052N,40912.0
2020-03-01,VALEXPKRM052N,46167.0
2020-04-01,VALEXPKRM052N,36270.0
2020-05-01,VALEXPKRM052N,34855.0
2020-06-01,VALEXPKRM052N,39214.0
2020-07-01,VALEXPKRM052N,42785.0
2020-08-01,VALEXPKRM052N,39469.0
2020-09-01,VALEXPKRM052N,47820.0
2020-10-01,VALEXPKRM052N,44819.0
2020-11-01,VALEXPKRM052N,45752.0
2020-12-01,VALEXPKRM052N,51332.0
2021-01-01,VALEXPKRM052N,48007.0
2021-02-01,VALEXPKRM052N,44707.0
2021-03-01,VALEXPKRM052N,53691.0
2021-04-01,VALEXPKRM052N,51226.0
2021-05-01,VALEXPKRM052N,50725.0
2021-06-01,VALEXPKRM052N,54779.0
2021-07-01,VALEXPKRM052N,55462.0
2021-08-01,VALEXPKRM052N,53165.0
2021-09-01,VALEXPKRM052N,55914.0
2021-10-01,VALEXPKRM052N,55660.0
2021-11-01,VALEXPKRM052N,60331.0
2021-12-01,VALEXPKRM052N,60734.0
2022-01-01,VALEXPKRM052N,55455.0
2022-02-01,VALEXPKRM052N,54156.0
2022-03-01,VALEXPKRM052N,63787.0
2022-04-01,VALEXPKRM052N,57843.0
2022-05-01,VALEXPKRM052N,61591.0
2022-06-01,VALEXPKRM052N,57680.0
2022-07-01,VALEXPKRM052N,60242.0
2022-08-01,VALEXPKRM052N,56606.0
2022-09-01,VALEXPKRM052N,57176.0
2022-10-01,VALEXPKRM052N,52428.0
2022-11-01,VALEXPKRM052N,51772.0
2022-12-01,VALEXPKRM052N,54849.0
2023-01-01,VALEXPKRM052N,46339.0
2023-02-01,VALEXPKRM052N,49995.0
2023-03-01,VALEXPKRM052N,54882.0
2023-04-01,VALEXPKRM052N,49431.0
2023-05-01,VALEXPKRM052N,52054.0
2023-06-01,VALEXPKRM052N,54298.0
2023-07-01,VALEXPKRM052N,50458.0
2023-08-01,VALEXPKRM052N,51994.0
2023-09-01,VALEXPKRM052N,54651.0
2023-10-01,VALEXPKRM052N,54990.0
2023-11-01,VALEXPKRM052N,55561.0
2023-12-01,VALEXPKRM052N,57573.0
2024-01-01,VALEXPKRM052N,54710.0
2024-02-01,VALEXPKRM052N,52076.0
2024-03-01,VALEXPKRM052N,56518.0
2024-04-01,VALEXPKRM052N,56148.0
2024-05-01,VALEXPKRM052N,58021.0
2024-06-01,VALEXPKRM052N,57342.0
2024-07-01,VALEXPKRM052N,57459.0
2024-08-01,VALEXPKRM052N,57643.0
2024-09-01,VALEXPKRM052N,58545.0
2024-10-01,VALEXPKRM052N,57500.0
2024-11-01,VALEXPKRM052N,56289.0
2024-12-01,VALEXPKRM052N,61359.0
2025-01-01,VALEXPKRM052N,49177.0
2025-02-01,VALEXPKRM052N,52292.0
2025-03-01,VALEXPKRM052N,58065.0
2025-04-01,VALEXPKRM052N,58036.0
2025-05-01,VALEXPKRM052N,57261.0
2025-06-01,VALEXPKRM052N,59834.0
2025-07-01,VALEXPKRM052N,60724.0
2025-08-01,VALEXPKRM052N,58259.0
2025-09-01,VALEXPKRM052N,65904.0
2025-10-01,VALEXPKRM052N,59512.0
2025-11-01,VALEXPKRM052N,60753.0
2025-12-01,VALEXPKRM052N,69514.0
2026-01-01,VALEXPKRM052N,65844.0
2026-02-01,VALEXPKRM052N,67643.0
2026-03-01,VALEXPKRM052N,87333.0
2026-04-01,VALEXPKRM052N,85752.0
2026-05-01,VALEXPKRM052N,87576.0
2026-06-01,VALEXPKRM052N,101956.0
2026-07-01,VALEXPKRM052N,98959.0
2006-01-01,VALEXPTWM052N,16971.0
2006-02-01,VALEXPTWM052N,15552.0
2006-03-01,VALEXPTWM052N,18055.0
2006-04-01,VALEXPTWM052N,18964.0
2006-05-01,VALEXPTWM052N,19077.0
2006-06-01,VALEXPTWM052N,18263.0
2006-07-01,VALEXPTWM052N,19737.0
2006-08-01,VALEXPTWM052N,19502.0
2006-09-01,VALEXPTWM052N,20266.0
2006-10-01,VALEXPTWM052N,20002.0
2006-11-01,VALEXPTWM052N,19697.0
2006-12-01,VALEXPTWM052N,19818.0
2007-01-01,VALEXPTWM052N,20008.0
2007-02-01,VALEXPTWM052N,15029.0
2007-03-01,VALEXPTWM052N,19928.0
2007-04-01,VALEXPTWM052N,19986.0
2007-05-01,VALEXPTWM052N,19726.0
2007-06-01,VALEXPTWM052N,20262.0
2007-07-01,VALEXPTWM052N,21407.0
2007-08-01,VALEXPTWM052N,21446.0
2007-09-01,VALEXPTWM052N,22345.0
2007-10-01,VALEXPTWM052N,22903.0
2007-11-01,VALEXPTWM052N,22080.0
2007-12-01,VALEXPTWM052N,23671.0
2008-01-01,VALEXPTWM052N,22317.0
2008-02-01,VALEXPTWM052N,17797.0
2008-03-01,VALEXPTWM052N,24461.0
2008-04-01,VALEXPTWM052N,22810.0
2008-05-01,VALEXPTWM052N,23784.0
2008-06-01,VALEXPTWM052N,24540.0
2008-07-01,VALEXPTWM052N,23119.0
2008-08-01,VALEXPTWM052N,25437.0
2008-09-01,VALEXPTWM052N,22061.0
2008-10-01,VALEXPTWM052N,21011.0
2008-11-01,VALEXPTWM052N,16939.0
2008-12-01,VALEXPTWM052N,13774.0
2009-01-01,VALEXPTWM052N,12493.0
2009-02-01,VALEXPTWM052N,12784.0
2009-03-01,VALEXPTWM052N,15706.0
2009-04-01,VALEXPTWM052N,14980.0
2009-05-01,VALEXPTWM052N,16341.0
2009-06-01,VALEXPTWM052N,17142.0
2009-07-01,VALEXPTWM052N,17435.0
2009-08-01,VALEXPTWM052N,19170.0
2009-09-01,VALEXPTWM052N,19274.0
2009-10-01,VALEXPTWM052N,19997.0
2009-11-01,VALEXPTWM052N,20169.0
2009-12-01,VALEXPTWM052N,20173.0
2010-01-01,VALEXPTWM052N,21946.0
2010-02-01,VALEXPTWM052N,16846.0
2010-03-01,VALEXPTWM052N,23598.0
2010-04-01,VALEXPTWM052N,22130.0
2010-05-01,VALEXPTWM052N,25750.0
2010-06-01,VALEXPTWM052N,23013.0
2010-07-01,VALEXPTWM052N,24152.0
2010-08-01,VALEXPTWM052N,24376.0
2010-09-01,VALEXPTWM052N,22730.0
2010-10-01,VALEXPTWM052N,24551.0
2010-11-01,VALEXPTWM052N,24685.0
2010-12-01,VALEXPTWM052N,24231.0
2011-01-01,VALEXPTWM052N,25668.0
2011-02-01,VALEXPTWM052N,21535.0
2011-03-01,VALEXPTWM052N,27621.0
2011-04-01,VALEXPTWM052N,27621.0
2011-05-01,VALEXPTWM052N,28252.0
2011-06-01,VALEXPTWM052N,25538.0
2011-07-01,VALEXPTWM052N,28542.0
2011-08-01,VALEXPTWM052N,26193.0
2011-09-01,VALEXPTWM052N,25065.0
2011-10-01,VALEXPTWM052N,27473.0
2011-11-01,VALEXPTWM052N,25029.0
2011-12-01,VALEXPTWM052N,24386.0
2012-01-01,VALEXPTWM052N,21384.0
2012-02-01,VALEXPTWM052N,23825.0
2012-03-01,VALEXPTWM052N,26782.0
2012-04-01,VALEXPTWM052N,25937.0
2012-05-01,VALEXPTWM052N,26498.0
2012-06-01,VALEXPTWM052N,24791.0
2012-07-01,VALEXPTWM052N,25538.0
2012-08-01,VALEXPTWM052N,25103.0
2012-09-01,VALEXPTWM052N,27803.0
2012-10-01,VALEXPTWM052N,26947.0
2012-11-01,VALEXPTWM052N,25272.0
2012-12-01,VALEXPTWM052N,26531.0
2013-01-01,VALEXPTWM052N,26076.0
2013-02-01,VALEXPTWM052N,19965.0
2013-03-01,VALEXPTWM052N,27763.0
2013-04-01,VALEXPTWM052N,25557.0
2013-05-01,VALEXPTWM052N,27151.0
2013-06-01,VALEXPTWM052N,27024.0
2013-07-01,VALEXPTWM052N,25819.0
2013-08-01,VALEXPTWM052N,26039.0
2013-09-01,VALEXPTWM052N,25732.0
2013-10-01,VALEXPTWM052N,27189.0
2013-11-01,VALEXPTWM052N,26297.0
2013-12-01,VALEXPTWM052N,26815.0
2014-01-01,VALEXPTWM052N,24779.0
2014-02-01,VALEXPTWM052N,21598.0
2014-03-01,VALEXPTWM052N,28304.0
2014-04-01,VALEXPTWM052N,27153.0
2014-05-01,VALEXPTWM052N,27179.0
2014-06-01,VALEXPTWM052N,27452.0
2014-07-01,VALEXPTWM052N,27298.0
2014-08-01,VALEXPTWM052N,28585.0
2014-09-01,VALEXPTWM052N,26931.0
2014-10-01,VALEXPTWM052N,27372.0
2014-11-01,VALEXPTWM052N,27287.0
2014-12-01,VALEXPTWM052N,26154.0
2015-01-01,VALEXPTWM052N,25491.0
2015-02-01,VALEXPTWM052N,20171.0
2015-03-01,VALEXPTWM052N,25643.0
2015-04-01,VALEXPTWM052N,23802.0
2015-05-01,VALEXPTWM052N,26024.0
2015-06-01,VALEXPTWM052N,23385.0
2015-07-01,VALEXPTWM052N,23833.0
2015-08-01,VALEXPTWM052N,24412.0
2015-09-01,VALEXPTWM052N,22979.0
2015-10-01,VALEXPTWM052N,24450.0
2015-11-01,VALEXPTWM052N,22605.0
2015-12-01,VALEXPTWM052N,22549.0
2016-01-01,VALEXPTWM052N,22187.0
2016-02-01,VALEXPTWM052N,17752.0
2016-03-01,VALEXPTWM052N,22717.0
2016-04-01,VALEXPTWM052N,22230.0
2016-05-01,VALEXPTWM052N,23539.0
2016-06-01,VALEXPTWM052N,22860.0
2016-07-01,VALEXPTWM052N,24092.0
2016-08-01,VALEXPTWM052N,24629.0
2016-09-01,VALEXPTWM052N,22553.0
2016-10-01,VALEXPTWM052N,26736.0
2016-11-01,VALEXPTWM052N,25330.0
2016-12-01,VALEXPTWM052N,25696.0
2017-01-01,VALEXPTWM052N,23742.0
2017-02-01,VALEXPTWM052N,22642.0
2017-03-01,VALEXPTWM052N,25696.0
2017-04-01,VALEXPTWM052N,24293.0
2017-05-01,VALEXPTWM052N,25508.0
2017-06-01,VALEXPTWM052N,25813.0
2017-07-01,VALEXPTWM052N,27086.0
2017-08-01,VALEXPTWM052N,27758.0
2017-09-01,VALEXPTWM052N,28867.0
2017-10-01,VALEXPTWM052N,27543.0
2017-11-01,VALEXPTWM052N,28798.0
2017-12-01,VALEXPTWM052N,29504.0
2018-01-01,VALEXPTWM052N,27364.0
2018-02-01,VALEXPTWM052N,22355.0
2018-03-01,VALEXPTWM052N,29985.0
2018-04-01,VALEXPTWM052N,26717.0
2018-05-01,VALEXPTWM052N,29105.0
2018-06-01,VALEXPTWM052N,28241.0
2018-07-01,VALEXPTWM052N,28355.0
2018-08-01,VALEXPTWM052N,28277.0
2018-09-01,VALEXPTWM052N,29620.0
2018-10-01,VALEXPTWM052N,29545.0
2018-11-01,VALEXPTWM052N,27782.0
2018-12-01,VALEXPTWM052N,28562.0
2019-01-01,VALEXPTWM052N,27303.0
2019-02-01,VALEXPTWM052N,20396.0
2019-03-01,VALEXPTWM052N,28628.0
2019-04-01,VALEXPTWM052N,25790.0
2019-05-01,VALEXPTWM052N,27475.0
2019-06-01,VALEXPTWM052N,28532.0
2019-07-01,VALEXPTWM052N,28115.0
2019-08-01,VALEXPTWM052N,28756.0
2019-09-01,VALEXPTWM052N,28245.0
2019-10-01,VALEXPTWM052N,29149.0
2019-11-01,VALEXPTWM052N,28580.0
2019-12-01,VALEXPTWM052N,29653.0
2020-01-01,VALEXPTWM052N,25042.0
2020-02-01,VALEXPTWM052N,25255.0
2020-03-01,VALEXPTWM052N,28252.0
2020-04-01,VALEXPTWM052N,25317.0
2020-05-01,VALEXPTWM052N,27009.0
2020-06-01,VALEXPTWM052N,27298.0
2020-07-01,VALEXPTWM052N,28357.0
2020-08-01,VALEXPTWM052N,31305.0
2020-09-01,VALEXPTWM052N,30961.0
2020-10-01,VALEXPTWM052N,32616.0
2020-11-01,VALEXPTWM052N,32340.0
2020-12-01,VALEXPTWM052N,33441.0
2021-01-01,VALEXPTWM052N,34812.0
2021-02-01,VALEXPTWM052N,28213.0
2021-03-01,VALEXPTWM052N,35846.0
2021-04-01,VALEXPTWM052N,35234.0
2021-05-01,VALEXPTWM052N,37539.0
2021-06-01,VALEXPTWM052N,36586.0
2021-07-01,VALEXPTWM052N,37804.0
2021-08-01,VALEXPTWM052N,39571.0
2021-09-01,VALEXPTWM052N,39687.0
2021-10-01,VALEXPTWM052N,40062.0
2021-11-01,VALEXPTWM052N,41618.0
2021-12-01,VALEXPTWM052N,40720.0
2022-01-01,VALEXPTWM052N,39950.0
2022-02-01,VALEXPTWM052N,37372.0
2022-03-01,VALEXPTWM052N,43227.0
2022-04-01,VALEXPTWM052N,41059.0
2022-05-01,VALEXPTWM052N,41992.0
2022-06-01,VALEXPTWM052N,42136.0
2022-07-01,VALEXPTWM052N,43162.0
2022-08-01,VALEXPTWM052N,40115.0
2022-09-01,VALEXPTWM052N,36800.0
2022-10-01,VALEXPTWM052N,39612.0
2022-11-01,VALEXPTWM052N,36608.0
2022-12-01,VALEXPTWM052N,35744.0
2023-01-01,VALEXPTWM052N,31726.0
2023-02-01,VALEXPTWM052N,31001.0
2023-03-01,VALEXPTWM052N,35221.0
2023-04-01,VALEXPTWM052N,35796.0
2023-05-01,VALEXPTWM052N,36083.0
2023-06-01,VALEXPTWM052N,32205.0
2023-07-01,VALEXPTWM052N,38455.0
2023-08-01,VALEXPTWM052N,37144.0
2023-09-01,VALEXPTWM052N,38621.0
2023-10-01,VALEXPTWM052N,38001.0
2023-11-01,VALEXPTWM052N,37901.0
2023-12-01,VALEXPTWM052N,40183.0
2024-01-01,VALEXPTWM052N,36972.0
2024-02-01,VALEXPTWM052N,31367.0
2024-03-01,VALEXPTWM052N,41637.0
2024-04-01,VALEXPTWM052N,37195.0
2024-05-01,VALEXPTWM052N,37438.0
2024-06-01,VALEXPTWM052N,39822.0
2024-07-01,VALEXPTWM052N,39751.0
2024-08-01,VALEXPTWM052N,44107.0
2024-09-01,VALEXPTWM052N,40625.0
2024-10-01,VALEXPTWM052N,41162.0
2024-11-01,VALEXPTWM052N,40849.0
2024-12-01,VALEXPTWM052N,43442.0
2025-01-01,VALEXPTWM052N,38723.0
2025-02-01,VALEXPTWM052N,41245.0
2025-03-01,VALEXPTWM052N,49369.0
2025-04-01,VALEXPTWM052N,49011.0
2025-05-01,VALEXPTWM052N,52987.0
2025-06-01,VALEXPTWM052N,53757.0
2025-07-01,VALEXPTWM052N,56390.0
2025-08-01,VALEXPTWM052N,57727.0
2025-09-01,VALEXPTWM052N,54299.0
2025-10-01,VALEXPTWM052N,61316.0
2025-11-01,VALEXPTWM052N,63688.0
2025-12-01,VALEXPTWM052N,62462.0
2026-01-01,VALEXPTWM052N,65784.0
2026-02-01,VALEXPTWM052N,49947.0
2026-03-01,VALEXPTWM052N,79603.0
2026-04-01,VALEXPTWM052N,67986.0
2026-05-01,VALEXPTWM052N,78594.0
2026-06-01,VALEXPTWM052N,74531.0
2026-07-01,VALEXPTWM052N,74790.0
1957-01-01,XTEXVA01KRM664S,196817300.0
1957-02-01,XTEXVA01KRM664S,79510160.0
1957-03-01,XTEXVA01KRM664S,97301260.0
1957-04-01,XTEXVA01KRM664S,97759930.0
1957-05-01,XTEXVA01KRM664S,94358800.0
1957-06-01,XTEXVA01KRM664S,96027020.0
1957-07-01,XTEXVA01KRM664S,93490010.0
1957-08-01,XTEXVA01KRM664S,94534840.0
1957-09-01,XTEXVA01KRM664S,93103730.0
1957-10-01,XTEXVA01KRM664S,95076840.0
1957-11-01,XTEXVA01KRM664S,51440810.0
1957-12-01,XTEXVA01KRM664S,71322210.0
1958-01-01,XTEXVA01KRM664S,68219030.0
1958-02-01,XTEXVA01KRM664S,75403230.0
1958-03-01,XTEXVA01KRM664S,50798300.0
1958-04-01,XTEXVA01KRM664S,47824950.0
1958-05-01,XTEXVA01KRM664S,48157240.0
1958-06-01,XTEXVA01KRM664S,47677670.0
1958-07-01,XTEXVA01KRM664S,47169960.0
1958-08-01,XTEXVA01KRM664S,47240330.0
1958-09-01,XTEXVA01KRM664S,46822370.0
1958-10-01,XTEXVA01KRM664S,95270660.0
1958-11-01,XTEXVA01KRM664S,51756000.0
1958-12-01,XTEXVA01KRM664S,69666830.0
1959-01-01,XTEXVA01KRM664S,68778770.0
1959-02-01,XTEXVA01KRM664S,72507050.0
1959-03-01,XTEXVA01KRM664S,53009060.0
1959-04-01,XTEXVA01KRM664S,138684200.0
1959-05-01,XTEXVA01KRM664S,99791400.0
1959-06-01,XTEXVA01KRM664S,93005780.0
1959-07-01,XTEXVA01KRM664S,96558210.0
1959-08-01,XTEXVA01KRM664S,93302430.0
1959-09-01,XTEXVA01KRM664S,95673040.0
1959-10-01,XTEXVA01KRM664S,47134220.0
1959-11-01,XTEXVA01KRM664S,52874420.0
1959-12-01,XTEXVA01KRM664S,67849320.0
1960-01-01,XTEXVA01KRM664S,68232720.0
1960-02-01,XTEXVA01KRM664S,166011500.0
1960-03-01,XTEXVA01KRM664S,68142180.0
1960-04-01,XTEXVA01KRM664S,187808200.0
1960-05-01,XTEXVA01KRM664S,185367200.0
1960-06-01,XTEXVA01KRM664S,189822700.0
1960-07-01,XTEXVA01KRM664S,119416800.0
1960-08-01,XTEXVA01KRM664S,129099900.0
1960-09-01,XTEXVA01KRM664S,234432000.0
1960-10-01,XTEXVA01KRM664S,133742400.0
1960-11-01,XTEXVA01KRM664S,252017900.00000003
1960-12-01,XTEXVA01KRM664S,242134100.0
1961-01-01,XTEXVA01KRM664S,301861200.0
1961-02-01,XTEXVA01KRM664S,361812200.0
1961-03-01,XTEXVA01KRM664S,376896100.0
1961-04-01,XTEXVA01KRM664S,411839500.0
1961-05-01,XTEXVA01KRM664S,449527700.0
1961-06-01,XTEXVA01KRM664S,408486700.0
1961-07-01,XTEXVA01KRM664S,445564900.0
1961-08-01,XTEXVA01KRM664S,414900500.0
1961-09-01,XTEXVA01KRM664S,442142400.0
1961-10-01,XTEXVA01KRM664S,428930200.0
1961-11-01,XTEXVA01KRM664S,486398600.0
1961-12-01,XTEXVA01KRM664S,500784500.0
1962-01-01,XTEXVA01KRM664S,461986600.0
1962-02-01,XTEXVA01KRM664S,407383700.0
1962-03-01,XTEXVA01KRM664S,508304400.0
1962-04-01,XTEXVA01KRM664S,533994100.0
1962-05-01,XTEXVA01KRM664S,354136600.0
1962-06-01,XTEXVA01KRM664S,997402200.0
1962-07-01,XTEXVA01KRM664S,493425300.0
1962-08-01,XTEXVA01KRM664S,493951600.0
1962-09-01,XTEXVA01KRM664S,500772500.0
1962-10-01,XTEXVA01KRM664S,1014043000.0
1962-11-01,XTEXVA01KRM664S,561358900.0
1962-12-01,XTEXVA01KRM664S,712879200.0
1963-01-01,XTEXVA01KRM664S,690071200.0
1963-02-01,XTEXVA01KRM664S,714079600.0
1963-03-01,XTEXVA01KRM664S,1122188000.0
1963-04-01,XTEXVA01KRM664S,996091300.0
1963-05-01,XTEXVA01KRM664S,867485700.0
1963-06-01,XTEXVA01KRM664S,947855900.0
1963-07-01,XTEXVA01KRM664S,885929800.0
1963-08-01,XTEXVA01KRM664S,1372115000.0
1963-09-01,XTEXVA01KRM664S,955343100.0
1963-10-01,XTEXVA01KRM664S,965207300.0
1963-11-01,XTEXVA01KRM664S,896018100.0
1963-12-01,XTEXVA01KRM664S,813788000.0
1964-01-01,XTEXVA01KRM664S,1067503000.0
1964-02-01,XTEXVA01KRM664S,972261900.0
1964-03-01,XTEXVA01KRM664S,893055300.0
1964-04-01,XTEXVA01KRM664S,1430375000.0
1964-05-01,XTEXVA01KRM664S,1845924000.0
1964-06-01,XTEXVA01KRM664S,2588187000.0
1964-07-01,XTEXVA01KRM664S,2203346000.0
1964-08-01,XTEXVA01KRM664S,2702754000.0
1964-09-01,XTEXVA01KRM664S,2624489000.0
1964-10-01,XTEXVA01KRM664S,2396298000.0
1964-11-01,XTEXVA01KRM664S,3465282000.0
1964-12-01,XTEXVA01KRM664S,2629184000.0
1965-01-01,XTEXVA01KRM664S,2620480000.0
1965-02-01,XTEXVA01KRM664S,3080558000.0
1965-03-01,XTEXVA01KRM664S,2716921000.0
1965-04-01,XTEXVA01KRM664S,3144429000.0
1965-05-01,XTEXVA01KRM664S,3896015000.0
1965-06-01,XTEXVA01KRM664S,3611288000.0
1965-07-01,XTEXVA01KRM664S,3810385000.0
1965-08-01,XTEXVA01KRM664S,4590323000.0
1965-09-01,XTEXVA01KRM664S,4429144000.0
1965-10-01,XTEXVA01KRM664S,4227512000.0
1965-11-01,XTEXVA01KRM664S,4555514000.0
1965-12-01,XTEXVA01KRM664S,4640986000.0
1966-01-01,XTEXVA01KRM664S,5138329000.0
1966-02-01,XTEXVA01KRM664S,5788236000.0
1966-03-01,XTEXVA01KRM664S,5944107000.0
1966-04-01,XTEXVA01KRM664S,5614328000.0
1966-05-01,XTEXVA01KRM664S,5288304000.0
1966-06-01,XTEXVA01KRM664S,5838394000.0
1966-07-01,XTEXVA01KRM664S,5146944000.0
1966-08-01,XTEXVA01KRM664S,5217832000.0
1966-09-01,XTEXVA01KRM664S,6177242000.0
1966-10-01,XTEXVA01KRM664S,5133530000.0
1966-11-01,XTEXVA01KRM664S,5660697000.0
1966-12-01,XTEXVA01KRM664S,6427774000.0
1967-01-01,XTEXVA01KRM664S,6150551000.0
1967-02-01,XTEXVA01KRM664S,6684911000.0
1967-03-01,XTEXVA01KRM664S,6769130000.0
1967-04-01,XTEXVA01KRM664S,6300678000.0
1967-05-01,XTEXVA01KRM664S,6686679000.0
1967-06-01,XTEXVA01KRM664S,6748207000.0
1967-07-01,XTEXVA01KRM664S,6550844000.0
1967-08-01,XTEXVA01KRM664S,7289163000.0
1967-09-01,XTEXVA01KRM664S,6775497000.0
1967-10-01,XTEXVA01KRM664S,8717926000.0
1967-11-01,XTEXVA01KRM664S,8708597000.0
1967-12-01,XTEXVA01KRM664S,8205916000.0
1968-01-01,XTEXVA01KRM664S,9257994000.0
1968-02-01,XTEXVA01KRM664S,9060280000.0
1968-03-01,XTEXVA01KRM664S,9378451000.0
1968-04-01,XTEXVA01KRM664S,10500490000.0
1968-05-01,XTEXVA01KRM664S,9507022000.0
1968-06-01,XTEXVA01KRM664S,10255040000.0
1968-07-01,XTEXVA01KRM664S,10385660000.0
1968-08-01,XTEXVA01KRM664S,10429410000.0
1968-09-01,XTEXVA01KRM664S,11053100000.0
1968-10-01,XTEXVA01KRM664S,11169110000.0
1968-11-01,XTEXVA01KRM664S,11605180000.0
1968-12-01,XTEXVA01KRM664S,12442060000.0
1969-01-01,XTEXVA01KRM664S,12302610000.0
1969-02-01,XTEXVA01KRM664S,11479210000.0
1969-03-01,XTEXVA01KRM664S,12335670000.0
1969-04-01,XTEXVA01KRM664S,13379590000.0
1969-05-01,XTEXVA01KRM664S,14945350000.0
1969-06-01,XTEXVA01KRM664S,15700390000.0
1969-07-01,XTEXVA01KRM664S,15346360000.0
1969-08-01,XTEXVA01KRM664S,15072670000.0
1969-09-01,XTEXVA01KRM664S,14135850000.0
1969-10-01,XTEXVA01KRM664S,15449670000.0
1969-11-01,XTEXVA01KRM664S,17181740000.0
1969-12-01,XTEXVA01KRM664S,19401740000.0
1970-01-01,XTEXVA01KRM664S,19528130000.0
1970-02-01,XTEXVA01KRM664S,18691040000.0
1970-03-01,XTEXVA01KRM664S,20405880000.0
1970-04-01,XTEXVA01KRM664S,20728040000.0
1970-05-01,XTEXVA01KRM664S,19910110000.0
1970-06-01,XTEXVA01KRM664S,20458420000.0
1970-07-01,XTEXVA01KRM664S,23679960000.0
1970-08-01,XTEXVA01KRM664S,22219110000.0
1970-09-01,XTEXVA01KRM664S,21393680000.0
1970-10-01,XTEXVA01KRM664S,23813300000.0
1970-11-01,XTEXVA01KRM664S,22102650000.0
1970-12-01,XTEXVA01KRM664S,24268860000.0
1971-01-01,XTEXVA01KRM664S,24714550000.0
1971-02-01,XTEXVA01KRM664S,23850740000.0
1971-03-01,XTEXVA01KRM664S,25251510000.0
1971-04-01,XTEXVA01KRM664S,26251110000.0
1971-05-01,XTEXVA01KRM664S,27689340000.0
1971-06-01,XTEXVA01KRM664S,30025890000.0
1971-07-01,XTEXVA01KRM664S,33623490000.0
1971-08-01,XTEXVA01KRM664S,31685550000.0
1971-09-01,XTEXVA01KRM664S,33707630000.0
1971-10-01,XTEXVA01KRM664S,35410420000.0
1971-11-01,XTEXVA01KRM664S,39912380000.0
1971-12-01,XTEXVA01KRM664S,36404480000.0
1972-01-01,XTEXVA01KRM664S,37677120000.0
1972-02-01,XTEXVA01KRM664S,46479030000.0
1972-03-01,XTEXVA01KRM664S,40288540000.0
1972-04-01,XTEXVA01KRM664S,44279410000.0
1972-05-01,XTEXVA01KRM664S,48177930000.0
1972-06-01,XTEXVA01KRM664S,50021600000.0
1972-07-01,XTEXVA01KRM664S,53554320000.0
1972-08-01,XTEXVA01KRM664S,59865580000.0
1972-09-01,XTEXVA01KRM664S,61950400000.0
1972-10-01,XTEXVA01KRM664S,56703920000.0
1972-11-01,XTEXVA01KRM664S,62225350000.0
1972-12-01,XTEXVA01KRM664S,70735540000.0
1973-01-01,XTEXVA01KRM664S,72959400000.0
1973-02-01,XTEXVA01KRM664S,79702670000.0
1973-03-01,XTEXVA01KRM664S,90267380000.0
1973-04-01,XTEXVA01KRM664S,89212740000.0
1973-05-01,XTEXVA01KRM664S,96851780000.0
1973-06-01,XTEXVA01KRM664S,90513070000.0
1973-07-01,XTEXVA01KRM664S,96378180000.0
1973-08-01,XTEXVA01KRM664S,116044600000.0
1973-09-01,XTEXVA01KRM664S,122692600000.0
1973-10-01,XTEXVA01KRM664S,139672500000.0
1973-11-01,XTEXVA01KRM664S,139452300000.0
1973-12-01,XTEXVA01KRM664S,132271800000.0
1974-01-01,XTEXVA01KRM664S,148846100000.0
1974-02-01,XTEXVA01KRM664S,150967000000.0
1974-03-01,XTEXVA01KRM664S,155809400000.0
1974-04-01,XTEXVA01KRM664S,158671400000.0
1974-05-01,XTEXVA01KRM664S,157732400000.0
1974-06-01,XTEXVA01KRM664S,163788300000.0
1974-07-01,XTEXVA01KRM664S,153917600000.0
1974-08-01,XTEXVA01KRM664S,143987400000.0
1974-09-01,XTEXVA01KRM664S,151039200000.0
1974-10-01,XTEXVA01KRM664S,133407400000.0
1974-11-01,XTEXVA01KRM664S,134659300000.0
1974-12-01,XTEXVA01KRM664S,147313100000.0
1975-01-01,XTEXVA01KRM664S,154980800000.0
1975-02-01,XTEXVA01KRM664S,172472300000.0
1975-03-01,XTEXVA01KRM664S,161799400000.0
1975-04-01,XTEXVA01KRM664S,164548400000.0
1975-05-01,XTEXVA01KRM664S,186688800000.0
1975-06-01,XTEXVA01KRM664S,187055700000.0
1975-07-01,XTEXVA01KRM664S,199524600000.0
1975-08-01,XTEXVA01KRM664S,211590100000.0
1975-09-01,XTEXVA01KRM664S,212522900000.0
1975-10-01,XTEXVA01KRM664S,225342500000.0
1975-11-01,XTEXVA01KRM664S,229676900000.0
1975-12-01,XTEXVA01KRM664S,254892900000.0
1976-01-01,XTEXVA01KRM664S,260809100000.0
1976-02-01,XTEXVA01KRM664S,254986600000.0
1976-03-01,XTEXVA01KRM664S,271885200000.0
1976-04-01,XTEXVA01KRM664S,293794800000.0
1976-05-01,XTEXVA01KRM664S,307305800000.0
1976-06-01,XTEXVA01KRM664S,327474200000.0
1976-07-01,XTEXVA01KRM664S,345052200000.0
1976-08-01,XTEXVA01KRM664S,328537000000.0
1976-09-01,XTEXVA01KRM664S,314148600000.0
1976-10-01,XTEXVA01KRM664S,331419400000.0
1976-11-01,XTEXVA01KRM664S,335388300000.0
1976-12-01,XTEXVA01KRM664S,335074900000.0
1977-01-01,XTEXVA01KRM664S,383170400000.0
1977-02-01,XTEXVA01KRM664S,369099400000.0
1977-03-01,XTEXVA01KRM664S,377581100000.0
1977-04-01,XTEXVA01KRM664S,386432600000.0
1977-05-01,XTEXVA01KRM664S,372636700000.0
1977-06-01,XTEXVA01KRM664S,394559700000.0
1977-07-01,XTEXVA01KRM664S,399997100000.0
1977-08-01,XTEXVA01KRM664S,407997600000.0
1977-09-01,XTEXVA01KRM664S,420702200000.0
1977-10-01,XTEXVA01KRM664S,328941300000.0
1977-11-01,XTEXVA01KRM664S,450046100000.0
1977-12-01,XTEXVA01KRM664S,524298100000.0
1978-01-01,XTEXVA01KRM664S,480859900000.0
1978-02-01,XTEXVA01KRM664S,468143500000.0
1978-03-01,XTEXVA01KRM664S,503827300000.0
1978-04-01,XTEXVA01KRM664S,495925400000.0
1978-05-01,XTEXVA01KRM664S,479831000000.0
1978-06-01,XTEXVA01KRM664S,476604900000.0
1978-07-01,XTEXVA01KRM664S,496269000000.0
1978-08-01,XTEXVA01KRM664S,504549800000.0
1978-09-01,XTEXVA01KRM664S,543929600000.00006
1978-10-01,XTEXVA01KRM664S,572573500000.0
1978-11-01,XTEXVA01KRM664S,556944000000.0
1978-12-01,XTEXVA01KRM664S,551996400000.0
1979-01-01,XTEXVA01KRM664S,515504900000.0
1979-02-01,XTEXVA01KRM664S,570784000000.0
1979-03-01,XTEXVA01KRM664S,598532700000.0
1979-04-01,XTEXVA01KRM664S,565372400000.0
1979-05-01,XTEXVA01KRM664S,594010700000.0
1979-06-01,XTEXVA01KRM664S,584229700000.0
1979-07-01,XTEXVA01KRM664S,605500900000.0
1979-08-01,XTEXVA01KRM664S,650541700000.0
1979-09-01,XTEXVA01KRM664S,658802200000.0
1979-10-01,XTEXVA01KRM664S,642912200000.0
1979-11-01,XTEXVA01KRM664S,647565900000.0
1979-12-01,XTEXVA01KRM664S,624624900000.0
1980-01-01,XTEXVA01KRM664S,725983900000.0
1980-02-01,XTEXVA01KRM664S,853347700000.0
1980-03-01,XTEXVA01KRM664S,843351100000.0
1980-04-01,XTEXVA01KRM664S,807929500000.0
1980-05-01,XTEXVA01KRM664S,812173300000.0
1980-06-01,XTEXVA01KRM664S,825854100000.0
1980-07-01,XTEXVA01KRM664S,878187300000.0
1980-08-01,XTEXVA01KRM664S,928855400000.0
1980-09-01,XTEXVA01KRM664S,925137500000.0
1980-10-01,XTEXVA01KRM664S,1006820000000.0
1980-11-01,XTEXVA01KRM664S,1030228000000.0
1980-12-01,XTEXVA01KRM664S,1003522000000.0
1981-01-01,XTEXVA01KRM664S,1155684000000.0
1981-02-01,XTEXVA01KRM664S,1185333000000.0
1981-03-01,XTEXVA01KRM664S,1144527000000.0
1981-04-01,XTEXVA01KRM664S,1227432000000.0
1981-05-01,XTEXVA01KRM664S,1187249000000.0
1981-06-01,XTEXVA01KRM664S,1237610000000.0
1981-07-01,XTEXVA01KRM664S,1306104000000.0
1981-08-01,XTEXVA01KRM664S,1231886000000.0
1981-09-01,XTEXVA01KRM664S,1252361000000.0
1981-10-01,XTEXVA01KRM664S,1279842000000.0
1981-11-01,XTEXVA01KRM664S,1122070000000.0
1981-12-01,XTEXVA01KRM664S,1144392000000.0
1982-01-01,XTEXVA01KRM664S,1319719000000.0
1982-02-01,XTEXVA01KRM664S,1320528000000.0
1982-03-01,XTEXVA01KRM664S,1274711000000.0
1982-04-01,XTEXVA01KRM664S,1347004000000.0
1982-05-01,XTEXVA01KRM664S,1363633000000.0
1982-06-01,XTEXVA01KRM664S,1286235000000.0
1982-07-01,XTEXVA01KRM664S,1335197000000.0
1982-08-01,XTEXVA01KRM664S,1384045000000.0
1982-09-01,XTEXVA01KRM664S,1493375000000.0
1982-10-01,XTEXVA01KRM664S,1550071000000.0
1982-11-01,XTEXVA01KRM664S,1084073000000.0
1982-12-01,XTEXVA01KRM664S,1200266000000.0
1983-01-01,XTEXVA01KRM664S,1255479000000.0
1983-02-01,XTEXVA01KRM664S,1382325000000.0
1983-03-01,XTEXVA01KRM664S,1462327000000.0
1983-04-01,XTEXVA01KRM664S,1471617000000.0
1983-05-01,XTEXVA01KRM664S,1517949000000.0
1983-06-01,XTEXVA01KRM664S,1642644000000.0
1983-07-01,XTEXVA01KRM664S,1646059000000.0
1983-08-01,XTEXVA01KRM664S,1637377000000.0
1983-09-01,XTEXVA01KRM664S,1737657000000.0
1983-10-01,XTEXVA01KRM664S,1870279000000.0
1983-11-01,XTEXVA01KRM664S,1577409000000.0
1983-12-01,XTEXVA01KRM664S,1650685000000.0
1984-01-01,XTEXVA01KRM664S,2029879000000.0
1984-02-01,XTEXVA01KRM664S,1880243000000.0
1984-03-01,XTEXVA01KRM664S,1824748000000.0
1984-04-01,XTEXVA01KRM664S,1887436000000.0
1984-05-01,XTEXVA01KRM664S,1952314000000.0
1984-06-01,XTEXVA01KRM664S,2033721000000.0
1984-07-01,XTEXVA01KRM664S,2006728000000.0
1984-08-01,XTEXVA01KRM664S,1902804000000.0
1984-09-01,XTEXVA01KRM664S,1855419000000.0
1984-10-01,XTEXVA01KRM664S,2033622000000.0
1984-11-01,XTEXVA01KRM664S,2078055000000.0
1984-12-01,XTEXVA01KRM664S,2030184000000.0
1985-01-01,XTEXVA01KRM664S,1737169000000.0
1985-02-01,XTEXVA01KRM664S,1768046000000.0
1985-03-01,XTEXVA01KRM664S,2025897000000.0
1985-04-01,XTEXVA01KRM664S,2090317000000.0
1985-05-01,XTEXVA01KRM664S,2114320000000.0
1985-06-01,XTEXVA01KRM664S,2168729000000.0
1985-07-01,XTEXVA01KRM664S,2141563000000.0
1985-08-01,XTEXVA01KRM664S,2156622000000.0
1985-09-01,XTEXVA01KRM664S,2244325000000.0
1985-10-01,XTEXVA01KRM664S,2222496000000.0
1985-11-01,XTEXVA01KRM664S,2686886000000.0
1985-12-01,XTEXVA01KRM664S,2797157000000.0
1986-01-01,XTEXVA01KRM664S,2292378000000.0
1986-02-01,XTEXVA01KRM664S,2379230000000.0
1986-03-01,XTEXVA01KRM664S,2305846000000.0
1986-04-01,XTEXVA01KRM664S,2322860000000.0
1986-05-01,XTEXVA01KRM664S,2606101000000.0
1986-06-01,XTEXVA01KRM664S,2622223000000.0
1986-07-01,XTEXVA01KRM664S,2561458000000.0
1986-08-01,XTEXVA01KRM664S,2698356000000.0
1986-09-01,XTEXVA01KRM664S,2693267000000.0
1986-10-01,XTEXVA01KRM664S,2734359000000.0
1986-11-01,XTEXVA01KRM664S,2703766000000.0
1986-12-01,XTEXVA01KRM664S,2590011000000.0
1987-01-01,XTEXVA01KRM664S,2950190000000.0
1987-02-01,XTEXVA01KRM664S,2983126000000.0
1987-03-01,XTEXVA01KRM664S,3063715000000.0
1987-04-01,XTEXVA01KRM664S,3270810000000.0
1987-05-01,XTEXVA01KRM664S,3279228000000.0
1987-06-01,XTEXVA01KRM664S,3334169000000.0
1987-07-01,XTEXVA01KRM664S,3273896000000.0
1987-08-01,XTEXVA01KRM664S,3023111000000.0
1987-09-01,XTEXVA01KRM664S,3349507000000.0
1987-10-01,XTEXVA01KRM664S,3204227000000.0
1987-11-01,XTEXVA01KRM664S,3307777000000.0
1987-12-01,XTEXVA01KRM664S,3563036000000.0
1988-01-01,XTEXVA01KRM664S,3744212000000.0
1988-02-01,XTEXVA01KRM664S,3751052000000.0
1988-03-01,XTEXVA01KRM664S,3565708000000.0
1988-04-01,XTEXVA01KRM664S,3569020000000.0
1988-05-01,XTEXVA01KRM664S,3444128000000.0
1988-06-01,XTEXVA01KRM664S,3436349000000.0
1988-07-01,XTEXVA01KRM664S,3723922000000.0
1988-08-01,XTEXVA01KRM664S,3970726000000.0
1988-09-01,XTEXVA01KRM664S,3729805000000.0
1988-10-01,XTEXVA01KRM664S,3639222000000.0
1988-11-01,XTEXVA01KRM664S,3822871000000.0
1988-12-01,XTEXVA01KRM664S,3751267000000.0
1989-01-01,XTEXVA01KRM664S,3632706000000.0
1989-02-01,XTEXVA01KRM664S,3487330000000.0
1989-03-01,XTEXVA01KRM664S,3513618000000.0
1989-04-01,XTEXVA01KRM664S,3310478000000.0
1989-05-01,XTEXVA01KRM664S,3253967000000.0
1989-06-01,XTEXVA01KRM664S,3386373000000.0
1989-07-01,XTEXVA01KRM664S,3450224000000.0
1989-08-01,XTEXVA01KRM664S,3597874000000.0
1989-09-01,XTEXVA01KRM664S,3519150000000.0
1989-10-01,XTEXVA01KRM664S,3410151000000.0
1989-11-01,XTEXVA01KRM664S,3624117000000.0
1989-12-01,XTEXVA01KRM664S,3538669000000.0
1990-01-01,XTEXVA01KRM664S,3352889000000.0
1990-02-01,XTEXVA01KRM664S,3736189000000.0
1990-03-01,XTEXVA01KRM664S,3668885000000.0
1990-04-01,XTEXVA01KRM664S,3586249000000.0
1990-05-01,XTEXVA01KRM664S,3662545000000.0
1990-06-01,XTEXVA01KRM664S,3825922000000.0
1990-07-01,XTEXVA01KRM664S,3912494000000.0
1990-08-01,XTEXVA01KRM664S,4011069000000.0
1990-09-01,XTEXVA01KRM664S,4180143000000.0
1990-10-01,XTEXVA01KRM664S,3699550000000.0
1990-11-01,XTEXVA01KRM664S,4041820000000.0
1990-12-01,XTEXVA01KRM664S,4292614000000.0
1991-01-01,XTEXVA01KRM664S,4047383000000.0
1991-02-01,XTEXVA01KRM664S,4063656000000.0
1991-03-01,XTEXVA01KRM664S,4133708000000.0
1991-04-01,XTEXVA01KRM664S,4279652000000.0
1991-05-01,XTEXVA01KRM664S,4474934000000.0
1991-06-01,XTEXVA01KRM664S,4424600000000.0
1991-07-01,XTEXVA01KRM664S,4181010000000.0
1991-08-01,XTEXVA01KRM664S,4289883000000.0
1991-09-01,XTEXVA01KRM664S,4216705000000.0
1991-10-01,XTEXVA01KRM664S,4679382000000.0
1991-11-01,XTEXVA01KRM664S,4845553000000.0
1991-12-01,XTEXVA01KRM664S,4978452000000.0
1992-01-01,XTEXVA01KRM664S,4966832000000.0
1992-02-01,XTEXVA01KRM664S,4562457000000.0
1992-03-01,XTEXVA01KRM664S,4856197000000.0
1992-04-01,XTEXVA01KRM664S,5008356000000.0
1992-05-01,XTEXVA01KRM664S,4921022000000.0
1992-06-01,XTEXVA01KRM664S,5162222000000.0
1992-07-01,XTEXVA01KRM664S,5120447000000.0
1992-08-01,XTEXVA01KRM664S,5066010000000.0
1992-09-01,XTEXVA01KRM664S,5167696000000.0
1992-10-01,XTEXVA01KRM664S,5291742000000.0
1992-11-01,XTEXVA01KRM664S,4981388000000.0
1992-12-01,XTEXVA01KRM664S,4786382000000.0
1993-01-01,XTEXVA01KRM664S,5084695000000.0
1993-02-01,XTEXVA01KRM664S,5418867000000.0
1993-03-01,XTEXVA01KRM664S,5397852000000.0
1993-04-01,XTEXVA01KRM664S,5395520000000.0
1993-05-01,XTEXVA01KRM664S,5339249000000.0
1993-06-01,XTEXVA01KRM664S,5425336000000.0
1993-07-01,XTEXVA01KRM664S,5499703000000.0
1993-08-01,XTEXVA01KRM664S,5548065000000.0
1993-09-01,XTEXVA01KRM664S,5755317000000.0
1993-10-01,XTEXVA01KRM664S,5777926000000.0
1993-11-01,XTEXVA01KRM664S,5656190000000.0
1993-12-01,XTEXVA01KRM664S,5764017000000.0
1994-01-01,XTEXVA01KRM664S,5852312000000.0
1994-02-01,XTEXVA01KRM664S,5766823000000.0
1994-03-01,XTEXVA01KRM664S,5986827000000.0
1994-04-01,XTEXVA01KRM664S,6229668000000.0
1994-05-01,XTEXVA01KRM664S,6236656000000.0
1994-06-01,XTEXVA01KRM664S,6307025000000.0
1994-07-01,XTEXVA01KRM664S,6292824000000.0
1994-08-01,XTEXVA01KRM664S,6441928000000.0
1994-09-01,XTEXVA01KRM664S,6628008000000.0
1994-10-01,XTEXVA01KRM664S,6722971000000.0
1994-11-01,XTEXVA01KRM664S,7056470000000.0
1994-12-01,XTEXVA01KRM664S,7446412000000.0
1995-01-01,XTEXVA01KRM664S,7322478000000.0
1995-02-01,XTEXVA01KRM664S,7559193000000.0
1995-03-01,XTEXVA01KRM664S,7610008000000.0
1995-04-01,XTEXVA01KRM664S,7773535000000.0
1995-05-01,XTEXVA01KRM664S,7977830000000.0
1995-06-01,XTEXVA01KRM664S,8033985000000.0
1995-07-01,XTEXVA01KRM664S,8176023000000.0
1995-08-01,XTEXVA01KRM664S,8587757000000.0
1995-09-01,XTEXVA01KRM664S,8471553000000.0
1995-10-01,XTEXVA01KRM664S,8464156999999.998
1995-11-01,XTEXVA01KRM664S,8342418000000.0
1995-12-01,XTEXVA01KRM664S,8210517000000.0
1996-01-01,XTEXVA01KRM664S,9042960000000.0
1996-02-01,XTEXVA01KRM664S,8841869000000.0
1996-03-01,XTEXVA01KRM664S,8735791999999.998
1996-04-01,XTEXVA01KRM664S,8384348000000.0
1996-05-01,XTEXVA01KRM664S,8550304000000.0
1996-06-01,XTEXVA01KRM664S,8511293000000.0
1996-07-01,XTEXVA01KRM664S,8314661000000.0
1996-08-01,XTEXVA01KRM664S,8287808999999.998
1996-09-01,XTEXVA01KRM664S,8363378000000.003
1996-10-01,XTEXVA01KRM664S,9223021000000.0
1996-11-01,XTEXVA01KRM664S,9111279000000.0
1996-12-01,XTEXVA01KRM664S,9166681000000.0
1997-01-01,XTEXVA01KRM664S,9052981000000.0
1997-02-01,XTEXVA01KRM664S,9089813000000.0
1997-03-01,XTEXVA01KRM664S,9654687000000.0
1997-04-01,XTEXVA01KRM664S,10140890000000.0
1997-05-01,XTEXVA01KRM664S,10278080000000.0
1997-06-01,XTEXVA01KRM664S,10422450000000.0
1997-07-01,XTEXVA01KRM664S,10850100000000.0
1997-08-01,XTEXVA01KRM664S,10407860000000.0
1997-09-01,XTEXVA01KRM664S,10489120000000.0
1997-10-01,XTEXVA01KRM664S,10868270000000.0
1997-11-01,XTEXVA01KRM664S,11875270000000.0
1997-12-01,XTEXVA01KRM664S,16298200000000.0
1998-01-01,XTEXVA01KRM664S,18273850000000.0
1998-02-01,XTEXVA01KRM664S,19756460000000.0
1998-03-01,XTEXVA01KRM664S,17707700000000.0
1998-04-01,XTEXVA01KRM664S,16328490000000.0
1998-05-01,XTEXVA01KRM664S,15725710000000.0
1998-06-01,XTEXVA01KRM664S,15113040000000.0
1998-07-01,XTEXVA01KRM664S,13411560000000.0
1998-08-01,XTEXVA01KRM664S,13461250000000.0
1998-09-01,XTEXVA01KRM664S,14749760000000.0
1998-10-01,XTEXVA01KRM664S,13788240000000.0
1998-11-01,XTEXVA01KRM664S,14254300000000.0
1998-12-01,XTEXVA01KRM664S,13817190000000.0
1999-01-01,XTEXVA01KRM664S,12456830000000.0
1999-02-01,XTEXVA01KRM664S,12338730000000.0
1999-03-01,XTEXVA01KRM664S,13663320000000.0
1999-04-01,XTEXVA01KRM664S,13730080000000.0
1999-05-01,XTEXVA01KRM664S,13496010000000.0
1999-06-01,XTEXVA01KRM664S,14208450000000.0
1999-07-01,XTEXVA01KRM664S,14483320000000.0
1999-08-01,XTEXVA01KRM664S,14271170000000.0
1999-09-01,XTEXVA01KRM664S,14513800000000.0
1999-10-01,XTEXVA01KRM664S,15511450000000.0
1999-11-01,XTEXVA01KRM664S,15946470000000.0
1999-12-01,XTEXVA01KRM664S,15701250000000.0
2000-01-01,XTEXVA01KRM664S,15589030000000.0
2000-02-01,XTEXVA01KRM664S,15831710000000.0
2000-03-01,XTEXVA01KRM664S,15507640000000.0
2000-04-01,XTEXVA01KRM664S,15091670000000.0
2000-05-01,XTEXVA01KRM664S,16078270000000.0
2000-06-01,XTEXVA01KRM664S,16406619999999.998
2000-07-01,XTEXVA01KRM664S,16631890000000.0
2000-08-01,XTEXVA01KRM664S,17257750000000.0
2000-09-01,XTEXVA01KRM664S,16983750000000.0
2000-10-01,XTEXVA01KRM664S,16541259999999.998
2000-11-01,XTEXVA01KRM664S,16551110000000.0
2000-12-01,XTEXVA01KRM664S,17049419999999.998
2001-01-01,XTEXVA01KRM664S,17935520000000.0
2001-02-01,XTEXVA01KRM664S,18420040000000.0
2001-03-01,XTEXVA01KRM664S,17483450000000.0
2001-04-01,XTEXVA01KRM664S,16262130000000.0
2001-05-01,XTEXVA01KRM664S,16847580000000.0
2001-06-01,XTEXVA01KRM664S,16293610000000.0
2001-07-01,XTEXVA01KRM664S,15254820000000.0
2001-08-01,XTEXVA01KRM664S,15872300000000.0
2001-09-01,XTEXVA01KRM664S,16023380000000.0
2001-10-01,XTEXVA01KRM664S,15372160000000.0
2001-11-01,XTEXVA01KRM664S,14945900000000.0
2001-12-01,XTEXVA01KRM664S,14793910000000.0
2002-01-01,XTEXVA01KRM664S,16183890000000.0
2002-02-01,XTEXVA01KRM664S,16276930000000.0
2002-03-01,XTEXVA01KRM664S,16636029999999.998
2002-04-01,XTEXVA01KRM664S,17610670000000.0
2002-05-01,XTEXVA01KRM664S,17355090000000.0
2002-06-01,XTEXVA01KRM664S,15567410000000.0
2002-07-01,XTEXVA01KRM664S,16194140000000.0
2002-08-01,XTEXVA01KRM664S,17513279999999.998
2002-09-01,XTEXVA01KRM664S,16869509999999.998
2002-10-01,XTEXVA01KRM664S,18050150000000.0
2002-11-01,XTEXVA01KRM664S,17609970000000.0
2002-12-01,XTEXVA01KRM664S,17445119999999.998
2003-01-01,XTEXVA01KRM664S,18219930000000.0
2003-02-01,XTEXVA01KRM664S,17503169999999.998
2003-03-01,XTEXVA01KRM664S,18409230000000.0
2003-04-01,XTEXVA01KRM664S,18981560000000.0
2003-05-01,XTEXVA01KRM664S,17540360000000.0
2003-06-01,XTEXVA01KRM664S,18157940000000.0
2003-07-01,XTEXVA01KRM664S,18802100000000.0
2003-08-01,XTEXVA01KRM664S,18889450000000.0
2003-09-01,XTEXVA01KRM664S,20077330000000.0
2003-10-01,XTEXVA01KRM664S,21161600000000.0
2003-11-01,XTEXVA01KRM664S,20953830000000.0
2003-12-01,XTEXVA01KRM664S,22427790000000.0
2004-01-01,XTEXVA01KRM664S,24368920000000.0
2004-02-01,XTEXVA01KRM664S,24279700000000.0
2004-03-01,XTEXVA01KRM664S,24001820000000.0
2004-04-01,XTEXVA01KRM664S,24354730000000.0
2004-05-01,XTEXVA01KRM664S,24365490000000.0
2004-06-01,XTEXVA01KRM664S,24442390000000.0
2004-07-01,XTEXVA01KRM664S,24870830000000.0
2004-08-01,XTEXVA01KRM664S,24037680000000.0
2004-09-01,XTEXVA01KRM664S,24026540000000.0
2004-10-01,XTEXVA01KRM664S,25132440000000.0
2004-11-01,XTEXVA01KRM664S,23987050000000.0
2004-12-01,XTEXVA01KRM664S,23783380000000.0
2005-01-01,XTEXVA01KRM664S,24805140000000.0
2005-02-01,XTEXVA01KRM664S,23122540000000.0
2005-03-01,XTEXVA01KRM664S,23133550000000.0
2005-04-01,XTEXVA01KRM664S,23045570000000.0
2005-05-01,XTEXVA01KRM664S,22752900000000.0
2005-06-01,XTEXVA01KRM664S,23473150000000.0
2005-07-01,XTEXVA01KRM664S,24480940000000.0
2005-08-01,XTEXVA01KRM664S,24928310000000.0
2005-09-01,XTEXVA01KRM664S,25454020000000.0
2005-10-01,XTEXVA01KRM664S,25767370000000.0
2005-11-01,XTEXVA01KRM664S,25810430000000.0
2005-12-01,XTEXVA01KRM664S,25494350000000.0
2006-01-01,XTEXVA01KRM664S,24624890000000.0
2006-02-01,XTEXVA01KRM664S,25379000000000.0
2006-03-01,XTEXVA01KRM664S,25301000000000.0
2006-04-01,XTEXVA01KRM664S,24239330000000.0
2006-05-01,XTEXVA01KRM664S,25779720000000.0
2006-06-01,XTEXVA01KRM664S,26059640000000.0
2006-07-01,XTEXVA01KRM664S,24713120000000.0
2006-08-01,XTEXVA01KRM664S,27569470000000.0
2006-09-01,XTEXVA01KRM664S,28069820000000.0
2006-10-01,XTEXVA01KRM664S,26457100000000.0
2006-11-01,XTEXVA01KRM664S,26998440000000.0
2006-12-01,XTEXVA01KRM664S,26516720000000.0
2007-01-01,XTEXVA01KRM664S,28024720000000.0
2007-02-01,XTEXVA01KRM664S,27376540000000.0
2007-03-01,XTEXVA01KRM664S,27635230000000.0
2007-04-01,XTEXVA01KRM664S,27544600000000.0
2007-05-01,XTEXVA01KRM664S,28398750000000.0
2007-06-01,XTEXVA01KRM664S,28655590000000.0
2007-07-01,XTEXVA01KRM664S,28135150000000.0
2007-08-01,XTEXVA01KRM664S,29847130000000.0
2007-09-01,XTEXVA01KRM664S,27790810000000.0
2007-10-01,XTEXVA01KRM664S,30541400000000.0
2007-11-01,XTEXVA01KRM664S,31647970000000.0
2007-12-01,XTEXVA01KRM664S,30372840000000.0
2008-01-01,XTEXVA01KRM664S,32832940000000.004
2008-02-01,XTEXVA01KRM664S,32708620000000.0
2008-03-01,XTEXVA01KRM664S,34074570000000.0
2008-04-01,XTEXVA01KRM664S,37023610000000.0
2008-05-01,XTEXVA01KRM664S,39501070000000.0
2008-06-01,XTEXVA01KRM664S,37882930000000.0
2008-07-01,XTEXVA01KRM664S,40710260000000.0
2008-08-01,XTEXVA01KRM664S,40661800000000.0
2008-09-01,XTEXVA01KRM664S,42316750000000.0
2008-10-01,XTEXVA01KRM664S,47975310000000.0
2008-11-01,XTEXVA01KRM664S,39103200000000.0
2008-12-01,XTEXVA01KRM664S,36086940000000.0
2009-01-01,XTEXVA01KRM664S,32065690000000.0
2009-02-01,XTEXVA01KRM664S,39177930000000.0
2009-03-01,XTEXVA01KRM664S,40378850000000.0
2009-04-01,XTEXVA01KRM664S,38455280000000.0
2009-05-01,XTEXVA01KRM664S,35141860000000.0
2009-06-01,XTEXVA01KRM664S,38732770000000.0
2009-07-01,XTEXVA01KRM664S,39958840000000.0
2009-08-01,XTEXVA01KRM664S,37643030000000.0
2009-09-01,XTEXVA01KRM664S,41261740000000.0
2009-10-01,XTEXVA01KRM664S,38859320000000.0
2009-11-01,XTEXVA01KRM664S,38672630000000.0
2009-12-01,XTEXVA01KRM664S,40668660000000.0
2010-01-01,XTEXVA01KRM664S,38608480000000.0
2010-02-01,XTEXVA01KRM664S,41356920000000.0
2010-03-01,XTEXVA01KRM664S,41739990000000.0
2010-04-01,XTEXVA01KRM664S,42236890000000.0
2010-05-01,XTEXVA01KRM664S,45320560000000.0
2010-06-01,XTEXVA01KRM664S,49045060000000.0
2010-07-01,XTEXVA01KRM664S,48334590000000.0
2010-08-01,XTEXVA01KRM664S,45071770000000.0
2010-09-01,XTEXVA01KRM664S,46078110000000.0
2010-10-01,XTEXVA01KRM664S,47406680000000.0
2010-11-01,XTEXVA01KRM664S,45513980000000.0
2010-12-01,XTEXVA01KRM664S,50056490000000.0
2011-01-01,XTEXVA01KRM664S,52986520000000.0
2011-02-01,XTEXVA01KRM664S,48007160000000.0
2011-03-01,XTEXVA01KRM664S,51446450000000.0
2011-04-01,XTEXVA01KRM664S,51837750000000.0
2011-05-01,XTEXVA01KRM664S,50320040000000.0
2011-06-01,XTEXVA01KRM664S,49383180000000.0
2011-07-01,XTEXVA01KRM664S,50890610000000.0
2011-08-01,XTEXVA01KRM664S,51694950000000.0
2011-09-01,XTEXVA01KRM664S,52427700000000.0
2011-10-01,XTEXVA01KRM664S,52127330000000.0
2011-11-01,XTEXVA01KRM664S,51719610000000.0
2011-12-01,XTEXVA01KRM664S,53102740000000.0
2012-01-01,XTEXVA01KRM664S,51488720000000.0
2012-02-01,XTEXVA01KRM664S,55988700000000.0
2012-03-01,XTEXVA01KRM664S,52453750000000.0
2012-04-01,XTEXVA01KRM664S,50653620000000.0
2012-05-01,XTEXVA01KRM664S,54173110000000.0
2012-06-01,XTEXVA01KRM664S,53174770000000.0
2012-07-01,XTEXVA01KRM664S,50598600000000.0
2012-08-01,XTEXVA01KRM664S,51068310000000.0
2012-09-01,XTEXVA01KRM664S,51007700000000.0
2012-10-01,XTEXVA01KRM664S,51199030000000.0
2012-11-01,XTEXVA01KRM664S,50372650000000.0
2012-12-01,XTEXVA01KRM664S,48162600000000.0
2013-01-01,XTEXVA01KRM664S,51313400000000.0
2013-02-01,XTEXVA01KRM664S,51187310000000.0
2013-03-01,XTEXVA01KRM664S,50074700000000.0
2013-04-01,XTEXVA01KRM664S,51030390000000.0
2013-05-01,XTEXVA01KRM664S,53285620000000.0
2013-06-01,XTEXVA01KRM664S,51621950000000.0
2013-07-01,XTEXVA01KRM664S,51454410000000.0
2013-08-01,XTEXVA01KRM664S,53444630000000.0
2013-09-01,XTEXVA01KRM664S,49241940000000.0
2013-10-01,XTEXVA01KRM664S,51826660000000.0
2013-11-01,XTEXVA01KRM664S,50429200000000.0
2013-12-01,XTEXVA01KRM664S,49545630000000.0
2014-01-01,XTEXVA01KRM664S,51923550000000.0
2014-02-01,XTEXVA01KRM664S,50543140000000.0
2014-03-01,XTEXVA01KRM664S,51051700000000.0
2014-04-01,XTEXVA01KRM664S,51090010000000.0
2014-05-01,XTEXVA01KRM664S,49096330000000.0
2014-06-01,XTEXVA01KRM664S,47264300000000.0
2014-07-01,XTEXVA01KRM664S,48936690000000.0
2014-08-01,XTEXVA01KRM664S,48959480000000.0
2014-09-01,XTEXVA01KRM664S,49524860000000.0
2014-10-01,XTEXVA01KRM664S,52763720000000.0
2014-11-01,XTEXVA01KRM664S,50872200000000.0
2014-12-01,XTEXVA01KRM664S,52978250000000.0
2015-01-01,XTEXVA01KRM664S,52796990000000.0
2015-02-01,XTEXVA01KRM664S,50087280000000.0
2015-03-01,XTEXVA01KRM664S,50697890000000.0
2015-04-01,XTEXVA01KRM664S,48891540000000.0
2015-05-01,XTEXVA01KRM664S,46778250000000.0
2015-06-01,XTEXVA01KRM664S,50293860000000.0
2015-07-01,XTEXVA01KRM664S,51424760000000.0
2015-08-01,XTEXVA01KRM664S,48575210000000.0
2015-09-01,XTEXVA01KRM664S,50703000000000.0
2015-10-01,XTEXVA01KRM664S,49137710000000.0
2015-11-01,XTEXVA01KRM664S,49829840000000.0
2015-12-01,XTEXVA01KRM664S,48783630000000.0
2016-01-01,XTEXVA01KRM664S,46574380000000.0
2016-02-01,XTEXVA01KRM664S,48251080000000.0
2016-03-01,XTEXVA01KRM664S,49429290000000.0
2016-04-01,XTEXVA01KRM664S,45807380000000.0
2016-05-01,XTEXVA01KRM664S,47649950000000.0
2016-06-01,XTEXVA01KRM664S,50620380000000.0
2016-07-01,XTEXVA01KRM664S,46735430000000.0
2016-08-01,XTEXVA01KRM664S,45888630000000.0
2016-09-01,XTEXVA01KRM664S,45061680000000.0
2016-10-01,XTEXVA01KRM664S,46388360000000.0
2016-11-01,XTEXVA01KRM664S,52096480000000.0
2016-12-01,XTEXVA01KRM664S,51755320000000.0
2017-01-01,XTEXVA01KRM664S,51402230000000.0
2017-02-01,XTEXVA01KRM664S,53743460000000.0
2017-03-01,XTEXVA01KRM664S,54251910000000.0
2017-04-01,XTEXVA01KRM664S,55383480000000.0
2017-05-01,XTEXVA01KRM664S,52032700000000.0
2017-06-01,XTEXVA01KRM664S,55956910000000.0
2017-07-01,XTEXVA01KRM664S,54483990000000.0
2017-08-01,XTEXVA01KRM664S,55990480000000.0
2017-09-01,XTEXVA01KRM664S,59878140000000.0
2017-10-01,XTEXVA01KRM664S,51729980000000.0
2017-11-01,XTEXVA01KRM664S,52606740000000.0
2017-12-01,XTEXVA01KRM664S,53338660000000.0
2018-01-01,XTEXVA01KRM664S,54646790000000.0
2018-02-01,XTEXVA01KRM664S,54277830000000.0
2018-03-01,XTEXVA01KRM664S,52514440000000.0
2018-04-01,XTEXVA01KRM664S,52685570000000.0
2018-05-01,XTEXVA01KRM664S,54967920000000.0
2018-06-01,XTEXVA01KRM664S,54760600000000.0
2018-07-01,XTEXVA01KRM664S,57442980000000.0
2018-08-01,XTEXVA01KRM664S,58953720000000.0
2018-09-01,XTEXVA01KRM664S,55931260000000.0
2018-10-01,XTEXVA01KRM664S,61143770000000.0
2018-11-01,XTEXVA01KRM664S,57321000000000.0
2018-12-01,XTEXVA01KRM664S,53105110000000.0
2019-01-01,XTEXVA01KRM664S,54384800000000.0
2019-02-01,XTEXVA01KRM664S,49607010000000.0
2019-03-01,XTEXVA01KRM664S,51110440000000.0
2019-04-01,XTEXVA01KRM664S,54943500000000.0
2019-05-01,XTEXVA01KRM664S,54624470000000.0
2019-06-01,XTEXVA01KRM664S,50990630000000.0
2019-07-01,XTEXVA01KRM664S,53375540000000.0
2019-08-01,XTEXVA01KRM664S,54828800000000.0
2019-09-01,XTEXVA01KRM664S,52553750000000.0
2019-10-01,XTEXVA01KRM664S,54334660000000.0
2019-11-01,XTEXVA01KRM664S,51412750000000.0
2019-12-01,XTEXVA01KRM664S,51668210000000.0
2020-01-01,XTEXVA01KRM664S,53544700000000.0
2020-02-01,XTEXVA01KRM664S,53710010000000.0
2020-03-01,XTEXVA01KRM664S,54839090000000.0
2020-04-01,XTEXVA01KRM664S,43427200000000.0
2020-05-01,XTEXVA01KRM664S,43595650000000.0
2020-06-01,XTEXVA01KRM664S,46800130000000.0
2020-07-01,XTEXVA01KRM664S,50081660000000.0
2020-08-01,XTEXVA01KRM664S,48972040000000.0
2020-09-01,XTEXVA01KRM664S,54232640000000.0
2020-10-01,XTEXVA01KRM664S,51755300000000.0
2020-11-01,XTEXVA01KRM664S,50395260000000.0
2020-12-01,XTEXVA01KRM664S,54515800000000.0
2021-01-01,XTEXVA01KRM664S,55633680000000.0
2021-02-01,XTEXVA01KRM664S,55085430000000.0
2021-03-01,XTEXVA01KRM664S,58198900000000.0
2021-04-01,XTEXVA01KRM664S,56985340000000.0
2021-05-01,XTEXVA01KRM664S,57511290000000.0
2021-06-01,XTEXVA01KRM664S,60651010000000.0
2021-07-01,XTEXVA01KRM664S,62477160000000.0
2021-08-01,XTEXVA01KRM664S,63752210000000.0
2021-09-01,XTEXVA01KRM664S,63588440000000.0
2021-10-01,XTEXVA01KRM664S,66410130000000.01
2021-11-01,XTEXVA01KRM664S,70553840000000.0
2021-12-01,XTEXVA01KRM664S,69738970000000.0
2022-01-01,XTEXVA01KRM664S,69946600000000.01
2022-02-01,XTEXVA01KRM664S,72118280000000.0
2022-03-01,XTEXVA01KRM664S,73841940000000.0
2022-04-01,XTEXVA01KRM664S,72478960000000.0
2022-05-01,XTEXVA01KRM664S,77193560000000.0
2022-06-01,XTEXVA01KRM664S,73718120000000.0
2022-07-01,XTEXVA01KRM664S,76790590000000.0
2022-08-01,XTEXVA01KRM664S,77214800000000.0
2022-09-01,XTEXVA01KRM664S,77299520000000.0
2022-10-01,XTEXVA01KRM664S,75042140000000.0
2022-11-01,XTEXVA01KRM664S,70656310000000.0
2022-12-01,XTEXVA01KRM664S,67393550000000.0
2023-01-01,XTEXVA01KRM664S,62396250000000.0
2023-02-01,XTEXVA01KRM664S,69090550000000.0
2023-03-01,XTEXVA01KRM664S,69506810000000.0
2023-04-01,XTEXVA01KRM664S,65217390000000.0
2023-05-01,XTEXVA01KRM664S,69715160000000.0
2023-06-01,XTEXVA01KRM664S,68881860000000.0
2023-07-01,XTEXVA01KRM664S,64624200000000.0
2023-08-01,XTEXVA01KRM664S,69754479999999.99
2023-09-01,XTEXVA01KRM664S,71057640000000.0
2023-10-01,XTEXVA01KRM664S,74401610000000.0
2023-11-01,XTEXVA01KRM664S,72687230000000.0
2023-12-01,XTEXVA01KRM664S,71717750000000.0
2024-01-01,XTEXVA01KRM664S,77577660000000.0
2024-02-01,XTEXVA01KRM664S,75839250000000.0
2024-03-01,XTEXVA01KRM664S,72765590000000.0
2024-04-01,XTEXVA01KRM664S,77065870000000.0
2024-05-01,XTEXVA01KRM664S,79531900000000.0
2024-06-01,XTEXVA01KRM664S,77838780000000.0
2024-07-01,XTEXVA01KRM664S,78995130000000.0
2024-08-01,XTEXVA01KRM664S,79069140000000.0
2024-09-01,XTEXVA01KRM664S,76240010000000.0
2024-10-01,XTEXVA01KRM664S,77645140000000.0
2024-11-01,XTEXVA01KRM664S,79829020000000.0
2024-12-01,XTEXVA01KRM664S,82302230000000.0
2025-01-01,XTEXVA01KRM664S,78188470000000.0
2025-02-01,XTEXVA01KRM664S,81304840000000.0
2025-03-01,XTEXVA01KRM664S,83044550000000.0
2025-04-01,XTEXVA01KRM664S,83175990000000.0
2025-05-01,XTEXVA01KRM664S,80724600000000.0
2025-06-01,XTEXVA01KRM664S,80483410000000.0
2025-07-01,XTEXVA01KRM664S,82478350000000.0
2025-08-01,XTEXVA01KRM664S,83151950000000.0
2025-09-01,XTEXVA01KRM664S,88024230000000.0
2025-10-01,XTEXVA01KRM664S,85354910000000.0
2025-11-01,XTEXVA01KRM664S,89072820000000.0
2025-12-01,XTEXVA01KRM664S,95919860000000.0
2026-01-01,XTEXVA01KRM664S,103883100000000.0
2026-02-01,XTEXVA01KRM664S,106595100000000.0
2026-03-01,XTEXVA01KRM664S,126415400000000.0
2026-04-01,XTEXVA01KRM664S,127268500000000.0
2026-05-01,XTEXVA01KRM664S,131543500000000.0
2026-06-01,XTEXVA01KRM664S,153735900000000.0
