period_start,period_end,fiscal_year,fiscal_quarter,calendar_quarter,company,axis,member,metric,value,unit,xbrl_tag,derivation,accn,form,filed,source_url
2017-09-01,2017-11-30,2018,Q1,2017Q4,MU,srt:ProductOrServiceAxis,mu:DRAMProductsMember,revenue,4562000000.0,USD,RevenueFromContractWithCustomerExcludingAssessedTax,reported,0000723125-18-000156,10-Q,2018-12-19,https://www.sec.gov/Archives/edgar/data/723125/000072312518000156/mu-20181129.xml
2017-12-01,2018-03-01,2018,Q2,2018Q1,MU,srt:ProductOrServiceAxis,mu:DRAMProductsMember,revenue,5213000000.0,USD,RevenueFromContractWithCustomerExcludingAssessedTax,reported,0000723125-19-000014,10-Q,2019-03-21,https://www.sec.gov/Archives/edgar/data/723125/000072312519000014/mu-20190228.xml
2018-03-02,2018-05-31,2018,Q3,2018Q2,MU,srt:ProductOrServiceAxis,mu:DRAMProductsMember,revenue,5541000000.0,USD,RevenueFromContractWithCustomerExcludingAssessedTax,reported,0000723125-19-000035,10-Q,2019-06-26,https://www.sec.gov/Archives/edgar/data/723125/000072312519000035/mu-20190530.xml
2018-06-01,2018-08-30,2018,Q4,2018Q3,MU,srt:ProductOrServiceAxis,mu:DRAMProductsMember,revenue,7309000000.0,USD,RevenueFromContractWithCustomerExcludingAssessedTax,ytd_diff,0000723125-20-000082,10-K,2020-10-19,https://www.sec.gov/Archives/edgar/data/723125/000072312520000082/mu-20200903_htm.xml
2018-08-31,2018-11-29,2019,Q1,2018Q4,MU,srt:ProductOrServiceAxis,mu:DRAMProductsMember,revenue,5893000000.0,USD,RevenueFromContractWithCustomerExcludingAssessedTax,reported,0000723125-19-000174,10-Q,2019-12-20,https://www.sec.gov/Archives/edgar/data/723125/000072312519000174/mu-20191128_htm.xml
2018-11-30,2019-02-28,2019,Q2,2019Q1,MU,srt:ProductOrServiceAxis,mu:DRAMProductsMember,revenue,4151000000.0,USD,RevenueFromContractWithCustomerExcludingAssessedTax,reported,0000723125-20-000034,10-Q,2020-03-26,https://www.sec.gov/Archives/edgar/data/723125/000072312520000034/mu-20200227_htm.xml
2019-03-01,2019-05-30,2019,Q3,2019Q2,MU,srt:ProductOrServiceAxis,mu:DRAMProductsMember,revenue,3398000000.0,USD,RevenueFromContractWithCustomerExcludingAssessedTax,reported,0000723125-20-000067,10-Q,2020-06-29,https://www.sec.gov/Archives/edgar/data/723125/000072312520000067/mu-20200528_htm.xml
2019-05-31,2019-08-29,2019,Q4,2019Q3,MU,srt:ProductOrServiceAxis,mu:DRAMProductsMember,revenue,3399000000.0,USD,RevenueFromContractWithCustomerExcludingAssessedTax,ytd_diff,0000723125-21-000065,10-K,2021-10-08,https://www.sec.gov/Archives/edgar/data/723125/000072312521000065/mu-20210902_htm.xml
2019-08-30,2019-11-28,2020,Q1,2019Q4,MU,srt:ProductOrServiceAxis,mu:DRAMProductsMember,revenue,3469000000.0,USD,RevenueFromContractWithCustomerExcludingAssessedTax,reported,0000723125-21-000012,10-Q,2021-01-08,https://www.sec.gov/Archives/edgar/data/723125/000072312521000012/mu-20201203_htm.xml
2019-11-29,2020-02-27,2020,Q2,2020Q1,MU,srt:ProductOrServiceAxis,mu:DRAMProductsMember,revenue,3083000000.0,USD,RevenueFromContractWithCustomerExcludingAssessedTax,reported,0000723125-21-000032,10-Q,2021-04-01,https://www.sec.gov/Archives/edgar/data/723125/000072312521000032/mu-20210304_htm.xml
2020-02-28,2020-05-28,2020,Q3,2020Q2,MU,srt:ProductOrServiceAxis,mu:DRAMProductsMember,revenue,3587000000.0,USD,RevenueFromContractWithCustomerExcludingAssessedTax,reported,0000723125-21-000052,10-Q,2021-07-01,https://www.sec.gov/Archives/edgar/data/723125/000072312521000052/mu-20210603_htm.xml
2020-05-29,2020-09-03,2020,Q4,2020Q3,MU,srt:ProductOrServiceAxis,mu:DRAMProductsMember,revenue,4371000000.0,USD,RevenueFromContractWithCustomerExcludingAssessedTax,ytd_diff,0000723125-22-000048,10-K,2022-10-07,https://www.sec.gov/Archives/edgar/data/723125/000072312522000048/mu-20220901_htm.xml
2020-09-04,2020-12-03,2021,Q1,2020Q4,MU,srt:ProductOrServiceAxis,mu:DRAMProductsMember,revenue,4056000000.0,USD,RevenueFromContractWithCustomerExcludingAssessedTax,reported,0000723125-22-000004,10-Q,2022-01-06,https://www.sec.gov/Archives/edgar/data/723125/000072312522000004/mu-20211202_htm.xml
2020-12-04,2021-03-04,2021,Q2,2021Q1,MU,srt:ProductOrServiceAxis,mu:DRAMProductsMember,revenue,4444000000.0,USD,RevenueFromContractWithCustomerExcludingAssessedTax,reported,0000723125-22-000016,10-Q,2022-03-30,https://www.sec.gov/Archives/edgar/data/723125/000072312522000016/mu-20220303_htm.xml
2021-03-05,2021-06-03,2021,Q3,2021Q2,MU,srt:ProductOrServiceAxis,mu:DRAMProductsMember,revenue,5448000000.0,USD,RevenueFromContractWithCustomerExcludingAssessedTax,reported,0000723125-22-000036,10-Q,2022-07-01,https://www.sec.gov/Archives/edgar/data/723125/000072312522000036/mu-20220602_htm.xml
2021-06-04,2021-09-02,2021,Q4,2021Q3,MU,srt:ProductOrServiceAxis,mu:DRAMProductsMember,revenue,6091000000.0,USD,RevenueFromContractWithCustomerExcludingAssessedTax,ytd_diff,0000723125-23-000054,10-K,2023-10-06,https://www.sec.gov/Archives/edgar/data/723125/000072312523000054/mu-20230831_htm.xml
2021-09-03,2021-12-02,2022,Q1,2021Q4,MU,srt:ProductOrServiceAxis,mu:DRAMProductsMember,revenue,5587000000.0,USD,RevenueFromContractWithCustomerExcludingAssessedTax,reported,0000723125-22-000072,10-Q,2022-12-22,https://www.sec.gov/Archives/edgar/data/723125/000072312522000072/mu-20221201_htm.xml
2021-12-03,2022-03-03,2022,Q2,2022Q1,MU,srt:ProductOrServiceAxis,mu:DRAMProductsMember,revenue,5719000000.0,USD,RevenueFromContractWithCustomerExcludingAssessedTax,reported,0000723125-23-000022,10-Q,2023-03-29,https://www.sec.gov/Archives/edgar/data/723125/000072312523000022/mu-20230302_htm.xml
2022-03-04,2022-06-02,2022,Q3,2022Q2,MU,srt:ProductOrServiceAxis,mu:DRAMProductsMember,revenue,6271000000.0,USD,RevenueFromContractWithCustomerExcludingAssessedTax,reported,0000723125-23-000041,10-Q,2023-06-29,https://www.sec.gov/Archives/edgar/data/723125/000072312523000041/mu-20230601_htm.xml
2022-06-03,2022-09-01,2022,Q4,2022Q3,MU,srt:ProductOrServiceAxis,mu:DRAMProductsMember,revenue,4809000000.0,USD,RevenueFromContractWithCustomerExcludingAssessedTax,ytd_diff,0000723125-24-000027,10-K,2024-10-04,https://www.sec.gov/Archives/edgar/data/723125/000072312524000027/mu-20240829_htm.xml
2022-09-02,2022-12-01,2023,Q1,2022Q4,MU,srt:ProductOrServiceAxis,mu:DRAMProductsMember,revenue,2829000000.0,USD,RevenueFromContractWithCustomerExcludingAssessedTax,reported,0000723125-23-000077,10-Q,2023-12-21,https://www.sec.gov/Archives/edgar/data/723125/000072312523000077/mu-20231130_htm.xml
2022-12-02,2023-03-02,2023,Q2,2023Q1,MU,srt:ProductOrServiceAxis,mu:DRAMProductsMember,revenue,2722000000.0,USD,RevenueFromContractWithCustomerExcludingAssessedTax,reported,0000723125-24-000007,10-Q,2024-03-21,https://www.sec.gov/Archives/edgar/data/723125/000072312524000007/mu-20240229_htm.xml
2023-03-03,2023-06-01,2023,Q3,2023Q2,MU,srt:ProductOrServiceAxis,mu:DRAMProductsMember,revenue,2672000000.0,USD,RevenueFromContractWithCustomerExcludingAssessedTax,reported,0000723125-24-000019,10-Q,2024-06-27,https://www.sec.gov/Archives/edgar/data/723125/000072312524000019/mu-20240530_htm.xml
2023-06-02,2023-08-31,2023,Q4,2023Q3,MU,srt:ProductOrServiceAxis,mu:DRAMProductsMember,revenue,2755000000.0,USD,RevenueFromContractWithCustomerExcludingAssessedTax,ytd_diff,0000723125-25-000028,10-K,2025-10-03,https://www.sec.gov/Archives/edgar/data/723125/000072312525000028/mu-20250828_htm.xml
2023-09-01,2023-11-30,2024,Q1,2023Q4,MU,srt:ProductOrServiceAxis,mu:DRAMProductsMember,revenue,3427000000.0,USD,RevenueFromContractWithCustomerExcludingAssessedTax,reported,0000723125-24-000047,10-Q,2024-12-19,https://www.sec.gov/Archives/edgar/data/723125/000072312524000047/mu-20241128_htm.xml
2023-12-01,2024-02-29,2024,Q2,2024Q1,MU,srt:ProductOrServiceAxis,mu:DRAMProductsMember,revenue,4158000000.0,USD,RevenueFromContractWithCustomerExcludingAssessedTax,reported,0000723125-25-000009,10-Q,2025-03-21,https://www.sec.gov/Archives/edgar/data/723125/000072312525000009/mu-20250227_htm.xml
2024-03-01,2024-05-30,2024,Q3,2024Q2,MU,srt:ProductOrServiceAxis,mu:DRAMProductsMember,revenue,4692000000.0,USD,RevenueFromContractWithCustomerExcludingAssessedTax,reported,0000723125-25-000021,10-Q,2025-06-26,https://www.sec.gov/Archives/edgar/data/723125/000072312525000021/mu-20250529_htm.xml
2024-05-31,2024-08-29,2024,Q4,2024Q3,MU,srt:ProductOrServiceAxis,mu:DRAMProductsMember,revenue,5326000000.0,USD,RevenueFromContractWithCustomerExcludingAssessedTax,ytd_diff,0000723125-25-000028,10-K,2025-10-03,https://www.sec.gov/Archives/edgar/data/723125/000072312525000028/mu-20250828_htm.xml
2024-08-30,2024-11-28,2025,Q1,2024Q4,MU,srt:ProductOrServiceAxis,mu:DRAMProductsMember,revenue,6400000000.0,USD,RevenueFromContractWithCustomerExcludingAssessedTax,reported,0000723125-25-000046,10-Q,2025-12-18,https://www.sec.gov/Archives/edgar/data/723125/000072312525000046/mu-20251127_htm.xml
2024-11-29,2025-02-27,2025,Q2,2025Q1,MU,srt:ProductOrServiceAxis,mu:DRAMProductsMember,revenue,6123000000.0,USD,RevenueFromContractWithCustomerExcludingAssessedTax,reported,0000723125-26-000006,10-Q,2026-03-19,https://www.sec.gov/Archives/edgar/data/723125/000072312526000006/mu-20260226_htm.xml
2025-02-28,2025-05-29,2025,Q3,2025Q2,MU,srt:ProductOrServiceAxis,mu:DRAMProductsMember,revenue,7071000000.0,USD,RevenueFromContractWithCustomerExcludingAssessedTax,reported,0000723125-26-000015,10-Q,2026-06-25,https://www.sec.gov/Archives/edgar/data/723125/000072312526000015/mu-20260528_htm.xml
2025-05-30,2025-08-28,2025,Q4,2025Q3,MU,srt:ProductOrServiceAxis,mu:DRAMProductsMember,revenue,8984000000.0,USD,RevenueFromContractWithCustomerExcludingAssessedTax,ytd_diff,0000723125-25-000028,10-K,2025-10-03,https://www.sec.gov/Archives/edgar/data/723125/000072312525000028/mu-20250828_htm.xml
2025-08-29,2025-11-27,2026,Q1,2025Q4,MU,srt:ProductOrServiceAxis,mu:DRAMProductsMember,revenue,10812000000.0,USD,RevenueFromContractWithCustomerExcludingAssessedTax,reported,0000723125-25-000046,10-Q,2025-12-18,https://www.sec.gov/Archives/edgar/data/723125/000072312525000046/mu-20251127_htm.xml
2025-11-28,2026-02-26,2026,Q2,2026Q1,MU,srt:ProductOrServiceAxis,mu:DRAMProductsMember,revenue,18768000000.0,USD,RevenueFromContractWithCustomerExcludingAssessedTax,reported,0000723125-26-000006,10-Q,2026-03-19,https://www.sec.gov/Archives/edgar/data/723125/000072312526000006/mu-20260226_htm.xml
2026-02-27,2026-05-28,2026,Q3,2026Q2,MU,srt:ProductOrServiceAxis,mu:DRAMProductsMember,revenue,31328000000.0,USD,RevenueFromContractWithCustomerExcludingAssessedTax,reported,0000723125-26-000015,10-Q,2026-06-25,https://www.sec.gov/Archives/edgar/data/723125/000072312526000015/mu-20260528_htm.xml
2017-09-01,2017-11-30,2018,Q1,2017Q4,MU,srt:ProductOrServiceAxis,mu:NANDProductsMember,revenue,1898000000.0,USD,RevenueFromContractWithCustomerExcludingAssessedTax,reported,0000723125-18-000156,10-Q,2018-12-19,https://www.sec.gov/Archives/edgar/data/723125/000072312518000156/mu-20181129.xml
2017-12-01,2018-03-01,2018,Q2,2018Q1,MU,srt:ProductOrServiceAxis,mu:NANDProductsMember,revenue,1813000000.0,USD,RevenueFromContractWithCustomerExcludingAssessedTax,reported,0000723125-19-000014,10-Q,2019-03-21,https://www.sec.gov/Archives/edgar/data/723125/000072312519000014/mu-20190228.xml
2018-03-02,2018-05-31,2018,Q3,2018Q2,MU,srt:ProductOrServiceAxis,mu:NANDProductsMember,revenue,1949000000.0,USD,RevenueFromContractWithCustomerExcludingAssessedTax,reported,0000723125-19-000035,10-Q,2019-06-26,https://www.sec.gov/Archives/edgar/data/723125/000072312519000035/mu-20190530.xml
2018-06-01,2018-08-30,2018,Q4,2018Q3,MU,srt:ProductOrServiceAxis,mu:NANDProductsMember,revenue,850000000.0,USD,RevenueFromContractWithCustomerExcludingAssessedTax,ytd_diff,0000723125-20-000082,10-K,2020-10-19,https://www.sec.gov/Archives/edgar/data/723125/000072312520000082/mu-20200903_htm.xml
2018-08-31,2018-11-29,2019,Q1,2018Q4,MU,srt:ProductOrServiceAxis,mu:NANDProductsMember,revenue,1660000000.0,USD,RevenueFromContractWithCustomerExcludingAssessedTax,reported,0000723125-19-000174,10-Q,2019-12-20,https://www.sec.gov/Archives/edgar/data/723125/000072312519000174/mu-20191128_htm.xml
2018-11-30,2019-02-28,2019,Q2,2019Q1,MU,srt:ProductOrServiceAxis,mu:NANDProductsMember,revenue,1387000000.0,USD,RevenueFromContractWithCustomerExcludingAssessedTax,reported,0000723125-20-000034,10-Q,2020-03-26,https://www.sec.gov/Archives/edgar/data/723125/000072312520000034/mu-20200227_htm.xml
2019-03-01,2019-05-30,2019,Q3,2019Q2,MU,srt:ProductOrServiceAxis,mu:NANDProductsMember,revenue,1104000000.0,USD,RevenueFromContractWithCustomerExcludingAssessedTax,reported,0000723125-20-000067,10-Q,2020-06-29,https://www.sec.gov/Archives/edgar/data/723125/000072312520000067/mu-20200528_htm.xml
2019-05-31,2019-08-29,2019,Q4,2019Q3,MU,srt:ProductOrServiceAxis,mu:NANDProductsMember,revenue,1204000000.0,USD,RevenueFromContractWithCustomerExcludingAssessedTax,ytd_diff,0000723125-21-000065,10-K,2021-10-08,https://www.sec.gov/Archives/edgar/data/723125/000072312521000065/mu-20210902_htm.xml
2019-08-30,2019-11-28,2020,Q1,2019Q4,MU,srt:ProductOrServiceAxis,mu:NANDProductsMember,revenue,1422000000.0,USD,RevenueFromContractWithCustomerExcludingAssessedTax,reported,0000723125-21-000012,10-Q,2021-01-08,https://www.sec.gov/Archives/edgar/data/723125/000072312521000012/mu-20201203_htm.xml
2019-11-29,2020-02-27,2020,Q2,2020Q1,MU,srt:ProductOrServiceAxis,mu:NANDProductsMember,revenue,1514000000.0,USD,RevenueFromContractWithCustomerExcludingAssessedTax,reported,0000723125-21-000032,10-Q,2021-04-01,https://www.sec.gov/Archives/edgar/data/723125/000072312521000032/mu-20210304_htm.xml
2020-02-28,2020-05-28,2020,Q3,2020Q2,MU,srt:ProductOrServiceAxis,mu:NANDProductsMember,revenue,1665000000.0,USD,RevenueFromContractWithCustomerExcludingAssessedTax,reported,0000723125-21-000052,10-Q,2021-07-01,https://www.sec.gov/Archives/edgar/data/723125/000072312521000052/mu-20210603_htm.xml
2020-05-29,2020-09-03,2020,Q4,2020Q3,MU,srt:ProductOrServiceAxis,mu:NANDProductsMember,revenue,1530000000.0,USD,RevenueFromContractWithCustomerExcludingAssessedTax,ytd_diff,0000723125-22-000048,10-K,2022-10-07,https://www.sec.gov/Archives/edgar/data/723125/000072312522000048/mu-20220901_htm.xml
2020-09-04,2020-12-03,2021,Q1,2020Q4,MU,srt:ProductOrServiceAxis,mu:NANDProductsMember,revenue,1574000000.0,USD,RevenueFromContractWithCustomerExcludingAssessedTax,reported,0000723125-22-000004,10-Q,2022-01-06,https://www.sec.gov/Archives/edgar/data/723125/000072312522000004/mu-20211202_htm.xml
2020-12-04,2021-03-04,2021,Q2,2021Q1,MU,srt:ProductOrServiceAxis,mu:NANDProductsMember,revenue,1650000000.0,USD,RevenueFromContractWithCustomerExcludingAssessedTax,reported,0000723125-22-000016,10-Q,2022-03-30,https://www.sec.gov/Archives/edgar/data/723125/000072312522000016/mu-20220303_htm.xml
2021-03-05,2021-06-03,2021,Q3,2021Q2,MU,srt:ProductOrServiceAxis,mu:NANDProductsMember,revenue,1812000000.0,USD,RevenueFromContractWithCustomerExcludingAssessedTax,reported,0000723125-22-000036,10-Q,2022-07-01,https://www.sec.gov/Archives/edgar/data/723125/000072312522000036/mu-20220602_htm.xml
2021-06-04,2021-09-02,2021,Q4,2021Q3,MU,srt:ProductOrServiceAxis,mu:NANDProductsMember,revenue,1971000000.0,USD,RevenueFromContractWithCustomerExcludingAssessedTax,ytd_diff,0000723125-23-000054,10-K,2023-10-06,https://www.sec.gov/Archives/edgar/data/723125/000072312523000054/mu-20230831_htm.xml
2021-09-03,2021-12-02,2022,Q1,2021Q4,MU,srt:ProductOrServiceAxis,mu:NANDProductsMember,revenue,1878000000.0,USD,RevenueFromContractWithCustomerExcludingAssessedTax,reported,0000723125-22-000072,10-Q,2022-12-22,https://www.sec.gov/Archives/edgar/data/723125/000072312522000072/mu-20221201_htm.xml
2021-12-03,2022-03-03,2022,Q2,2022Q1,MU,srt:ProductOrServiceAxis,mu:NANDProductsMember,revenue,1957000000.0,USD,RevenueFromContractWithCustomerExcludingAssessedTax,reported,0000723125-23-000022,10-Q,2023-03-29,https://www.sec.gov/Archives/edgar/data/723125/000072312523000022/mu-20230302_htm.xml
2022-03-04,2022-06-02,2022,Q3,2022Q2,MU,srt:ProductOrServiceAxis,mu:NANDProductsMember,revenue,2288000000.0,USD,RevenueFromContractWithCustomerExcludingAssessedTax,reported,0000723125-23-000041,10-Q,2023-06-29,https://www.sec.gov/Archives/edgar/data/723125/000072312523000041/mu-20230601_htm.xml
2022-06-03,2022-09-01,2022,Q4,2022Q3,MU,srt:ProductOrServiceAxis,mu:NANDProductsMember,revenue,1688000000.0,USD,RevenueFromContractWithCustomerExcludingAssessedTax,ytd_diff,0000723125-24-000027,10-K,2024-10-04,https://www.sec.gov/Archives/edgar/data/723125/000072312524000027/mu-20240829_htm.xml
2022-09-02,2022-12-01,2023,Q1,2022Q4,MU,srt:ProductOrServiceAxis,mu:NANDProductsMember,revenue,1103000000.0,USD,RevenueFromContractWithCustomerExcludingAssessedTax,reported,0000723125-23-000077,10-Q,2023-12-21,https://www.sec.gov/Archives/edgar/data/723125/000072312523000077/mu-20231130_htm.xml
2022-12-02,2023-03-02,2023,Q2,2023Q1,MU,srt:ProductOrServiceAxis,mu:NANDProductsMember,revenue,885000000.0,USD,RevenueFromContractWithCustomerExcludingAssessedTax,reported,0000723125-24-000007,10-Q,2024-03-21,https://www.sec.gov/Archives/edgar/data/723125/000072312524000007/mu-20240229_htm.xml
2023-03-03,2023-06-01,2023,Q3,2023Q2,MU,srt:ProductOrServiceAxis,mu:NANDProductsMember,revenue,1013000000.0,USD,RevenueFromContractWithCustomerExcludingAssessedTax,reported,0000723125-24-000019,10-Q,2024-06-27,https://www.sec.gov/Archives/edgar/data/723125/000072312524000019/mu-20240530_htm.xml
2023-06-02,2023-08-31,2023,Q4,2023Q3,MU,srt:ProductOrServiceAxis,mu:NANDProductsMember,revenue,1205000000.0,USD,RevenueFromContractWithCustomerExcludingAssessedTax,ytd_diff,0000723125-25-000028,10-K,2025-10-03,https://www.sec.gov/Archives/edgar/data/723125/000072312525000028/mu-20250828_htm.xml
2023-09-01,2023-11-30,2024,Q1,2023Q4,MU,srt:ProductOrServiceAxis,mu:NANDProductsMember,revenue,1230000000.0,USD,RevenueFromContractWithCustomerExcludingAssessedTax,reported,0000723125-24-000047,10-Q,2024-12-19,https://www.sec.gov/Archives/edgar/data/723125/000072312524000047/mu-20241128_htm.xml
2023-12-01,2024-02-29,2024,Q2,2024Q1,MU,srt:ProductOrServiceAxis,mu:NANDProductsMember,revenue,1567000000.0,USD,RevenueFromContractWithCustomerExcludingAssessedTax,reported,0000723125-25-000009,10-Q,2025-03-21,https://www.sec.gov/Archives/edgar/data/723125/000072312525000009/mu-20250227_htm.xml
2024-03-01,2024-05-30,2024,Q3,2024Q2,MU,srt:ProductOrServiceAxis,mu:NANDProductsMember,revenue,2065000000.0,USD,RevenueFromContractWithCustomerExcludingAssessedTax,reported,0000723125-25-000021,10-Q,2025-06-26,https://www.sec.gov/Archives/edgar/data/723125/000072312525000021/mu-20250529_htm.xml
2024-05-31,2024-08-29,2024,Q4,2024Q3,MU,srt:ProductOrServiceAxis,mu:NANDProductsMember,revenue,2365000000.0,USD,RevenueFromContractWithCustomerExcludingAssessedTax,ytd_diff,0000723125-25-000028,10-K,2025-10-03,https://www.sec.gov/Archives/edgar/data/723125/000072312525000028/mu-20250828_htm.xml
2024-08-30,2024-11-28,2025,Q1,2024Q4,MU,srt:ProductOrServiceAxis,mu:NANDProductsMember,revenue,2241000000.0,USD,RevenueFromContractWithCustomerExcludingAssessedTax,reported,0000723125-25-000046,10-Q,2025-12-18,https://www.sec.gov/Archives/edgar/data/723125/000072312525000046/mu-20251127_htm.xml
2024-11-29,2025-02-27,2025,Q2,2025Q1,MU,srt:ProductOrServiceAxis,mu:NANDProductsMember,revenue,1855000000.0,USD,RevenueFromContractWithCustomerExcludingAssessedTax,reported,0000723125-26-000006,10-Q,2026-03-19,https://www.sec.gov/Archives/edgar/data/723125/000072312526000006/mu-20260226_htm.xml
2025-02-28,2025-05-29,2025,Q3,2025Q2,MU,srt:ProductOrServiceAxis,mu:NANDProductsMember,revenue,2155000000.0,USD,RevenueFromContractWithCustomerExcludingAssessedTax,reported,0000723125-26-000015,10-Q,2026-06-25,https://www.sec.gov/Archives/edgar/data/723125/000072312526000015/mu-20260528_htm.xml
2025-05-30,2025-08-28,2025,Q4,2025Q3,MU,srt:ProductOrServiceAxis,mu:NANDProductsMember,revenue,2252000000.0,USD,RevenueFromContractWithCustomerExcludingAssessedTax,ytd_diff,0000723125-25-000028,10-K,2025-10-03,https://www.sec.gov/Archives/edgar/data/723125/000072312525000028/mu-20250828_htm.xml
2025-08-29,2025-11-27,2026,Q1,2025Q4,MU,srt:ProductOrServiceAxis,mu:NANDProductsMember,revenue,2743000000.0,USD,RevenueFromContractWithCustomerExcludingAssessedTax,reported,0000723125-25-000046,10-Q,2025-12-18,https://www.sec.gov/Archives/edgar/data/723125/000072312525000046/mu-20251127_htm.xml
2025-11-28,2026-02-26,2026,Q2,2026Q1,MU,srt:ProductOrServiceAxis,mu:NANDProductsMember,revenue,4997000000.0,USD,RevenueFromContractWithCustomerExcludingAssessedTax,reported,0000723125-26-000006,10-Q,2026-03-19,https://www.sec.gov/Archives/edgar/data/723125/000072312526000006/mu-20260226_htm.xml
2026-02-27,2026-05-28,2026,Q3,2026Q2,MU,srt:ProductOrServiceAxis,mu:NANDProductsMember,revenue,9943000000.0,USD,RevenueFromContractWithCustomerExcludingAssessedTax,reported,0000723125-26-000015,10-Q,2026-06-25,https://www.sec.gov/Archives/edgar/data/723125/000072312526000015/mu-20260528_htm.xml
2017-09-01,2017-11-30,2018,Q1,2017Q4,MU,srt:ProductOrServiceAxis,mu:OtherProductSalesMember,revenue,343000000.0,USD,RevenueFromContractWithCustomerExcludingAssessedTax,reported,0000723125-18-000156,10-Q,2018-12-19,https://www.sec.gov/Archives/edgar/data/723125/000072312518000156/mu-20181129.xml
2017-12-01,2018-03-01,2018,Q2,2018Q1,MU,srt:ProductOrServiceAxis,mu:OtherProductSalesMember,revenue,325000000.0,USD,RevenueFromContractWithCustomerExcludingAssessedTax,reported,0000723125-19-000014,10-Q,2019-03-21,https://www.sec.gov/Archives/edgar/data/723125/000072312519000014/mu-20190228.xml
2018-03-02,2018-05-31,2018,Q3,2018Q2,MU,srt:ProductOrServiceAxis,mu:OtherProductSalesMember,revenue,307000000.0,USD,RevenueFromContractWithCustomerExcludingAssessedTax,reported,0000723125-19-000035,10-Q,2019-06-26,https://www.sec.gov/Archives/edgar/data/723125/000072312519000035/mu-20190530.xml
2018-06-01,2018-08-30,2018,Q4,2018Q3,MU,srt:ProductOrServiceAxis,mu:OtherProductSalesMember,revenue,281000000.0,USD,RevenueFromContractWithCustomerExcludingAssessedTax,ytd_diff,0000723125-20-000082,10-K,2020-10-19,https://www.sec.gov/Archives/edgar/data/723125/000072312520000082/mu-20200903_htm.xml
2018-08-31,2018-11-29,2019,Q1,2018Q4,MU,srt:ProductOrServiceAxis,mu:OtherProductSalesMember,revenue,360000000.0,USD,RevenueFromContractWithCustomerExcludingAssessedTax,reported,0000723125-19-000174,10-Q,2019-12-20,https://www.sec.gov/Archives/edgar/data/723125/000072312519000174/mu-20191128_htm.xml
2018-11-30,2019-02-28,2019,Q2,2019Q1,MU,srt:ProductOrServiceAxis,mu:OtherProductSalesMember,revenue,297000000.0,USD,RevenueFromContractWithCustomerExcludingAssessedTax,reported,0000723125-20-000034,10-Q,2020-03-26,https://www.sec.gov/Archives/edgar/data/723125/000072312520000034/mu-20200227_htm.xml
2019-03-01,2019-05-30,2019,Q3,2019Q2,MU,srt:ProductOrServiceAxis,mu:OtherProductSalesMember,revenue,286000000.0,USD,RevenueFromContractWithCustomerExcludingAssessedTax,reported,0000723125-20-000067,10-Q,2020-06-29,https://www.sec.gov/Archives/edgar/data/723125/000072312520000067/mu-20200528_htm.xml
2019-05-31,2019-08-29,2019,Q4,2019Q3,MU,srt:ProductOrServiceAxis,mu:OtherProductSalesMember,revenue,267000000.0,USD,RevenueFromContractWithCustomerExcludingAssessedTax,ytd_diff,0000723125-21-000065,10-K,2021-10-08,https://www.sec.gov/Archives/edgar/data/723125/000072312521000065/mu-20210902_htm.xml
2019-08-30,2019-11-28,2020,Q1,2019Q4,MU,srt:ProductOrServiceAxis,mu:OtherProductSalesMember,revenue,253000000.0,USD,RevenueFromContractWithCustomerExcludingAssessedTax,reported,0000723125-21-000012,10-Q,2021-01-08,https://www.sec.gov/Archives/edgar/data/723125/000072312521000012/mu-20201203_htm.xml
2019-11-29,2020-02-27,2020,Q2,2020Q1,MU,srt:ProductOrServiceAxis,mu:OtherProductSalesMember,revenue,200000000.0,USD,RevenueFromContractWithCustomerExcludingAssessedTax,reported,0000723125-21-000032,10-Q,2021-04-01,https://www.sec.gov/Archives/edgar/data/723125/000072312521000032/mu-20210304_htm.xml
2020-02-28,2020-05-28,2020,Q3,2020Q2,MU,srt:ProductOrServiceAxis,mu:OtherProductSalesMember,revenue,186000000.0,USD,RevenueFromContractWithCustomerExcludingAssessedTax,reported,0000723125-21-000052,10-Q,2021-07-01,https://www.sec.gov/Archives/edgar/data/723125/000072312521000052/mu-20210603_htm.xml
2020-05-29,2020-09-03,2020,Q4,2020Q3,MU,srt:ProductOrServiceAxis,mu:OtherProductSalesMember,revenue,155000000.0,USD,RevenueFromContractWithCustomerExcludingAssessedTax,ytd_diff,0000723125-22-000048,10-K,2022-10-07,https://www.sec.gov/Archives/edgar/data/723125/000072312522000048/mu-20220901_htm.xml
2020-09-04,2020-12-03,2021,Q1,2020Q4,MU,srt:ProductOrServiceAxis,mu:OtherProductSalesMember,revenue,143000000.0,USD,RevenueFromContractWithCustomerExcludingAssessedTax,reported,0000723125-22-000004,10-Q,2022-01-06,https://www.sec.gov/Archives/edgar/data/723125/000072312522000004/mu-20211202_htm.xml
2020-12-04,2021-03-04,2021,Q2,2021Q1,MU,srt:ProductOrServiceAxis,mu:OtherProductSalesMember,revenue,142000000.0,USD,RevenueFromContractWithCustomerExcludingAssessedTax,reported,0000723125-22-000016,10-Q,2022-03-30,https://www.sec.gov/Archives/edgar/data/723125/000072312522000016/mu-20220303_htm.xml
2021-03-05,2021-06-03,2021,Q3,2021Q2,MU,srt:ProductOrServiceAxis,mu:OtherProductSalesMember,revenue,162000000.0,USD,RevenueFromContractWithCustomerExcludingAssessedTax,reported,0000723125-22-000036,10-Q,2022-07-01,https://www.sec.gov/Archives/edgar/data/723125/000072312522000036/mu-20220602_htm.xml
2021-06-04,2021-09-02,2021,Q4,2021Q3,MU,srt:ProductOrServiceAxis,mu:OtherProductSalesMember,revenue,212000000.0,USD,RevenueFromContractWithCustomerExcludingAssessedTax,ytd_diff,0000723125-23-000054,10-K,2023-10-06,https://www.sec.gov/Archives/edgar/data/723125/000072312523000054/mu-20230831_htm.xml
2021-09-03,2021-12-02,2022,Q1,2021Q4,MU,srt:ProductOrServiceAxis,mu:OtherProductSalesMember,revenue,222000000.0,USD,RevenueFromContractWithCustomerExcludingAssessedTax,reported,0000723125-22-000072,10-Q,2022-12-22,https://www.sec.gov/Archives/edgar/data/723125/000072312522000072/mu-20221201_htm.xml
2021-12-03,2022-03-03,2022,Q2,2022Q1,MU,srt:ProductOrServiceAxis,mu:OtherProductSalesMember,revenue,110000000.0,USD,RevenueFromContractWithCustomerExcludingAssessedTax,reported,0000723125-23-000022,10-Q,2023-03-29,https://www.sec.gov/Archives/edgar/data/723125/000072312523000022/mu-20230302_htm.xml
2022-03-04,2022-06-02,2022,Q3,2022Q2,MU,srt:ProductOrServiceAxis,mu:OtherProductSalesMember,revenue,83000000.0,USD,RevenueFromContractWithCustomerExcludingAssessedTax,reported,0000723125-23-000041,10-Q,2023-06-29,https://www.sec.gov/Archives/edgar/data/723125/000072312523000041/mu-20230601_htm.xml
2022-06-03,2022-09-01,2022,Q4,2022Q3,MU,srt:ProductOrServiceAxis,mu:OtherProductSalesMember,revenue,146000000.0,USD,RevenueFromContractWithCustomerExcludingAssessedTax,ytd_diff,0000723125-24-000027,10-K,2024-10-04,https://www.sec.gov/Archives/edgar/data/723125/000072312524000027/mu-20240829_htm.xml
2022-09-02,2022-12-01,2023,Q1,2022Q4,MU,srt:ProductOrServiceAxis,mu:OtherProductSalesMember,revenue,153000000.0,USD,RevenueFromContractWithCustomerExcludingAssessedTax,reported,0000723125-23-000077,10-Q,2023-12-21,https://www.sec.gov/Archives/edgar/data/723125/000072312523000077/mu-20231130_htm.xml
2022-12-02,2023-03-02,2023,Q2,2023Q1,MU,srt:ProductOrServiceAxis,mu:OtherProductSalesMember,revenue,86000000.0,USD,RevenueFromContractWithCustomerExcludingAssessedTax,reported,0000723125-24-000007,10-Q,2024-03-21,https://www.sec.gov/Archives/edgar/data/723125/000072312524000007/mu-20240229_htm.xml
2023-03-03,2023-06-01,2023,Q3,2023Q2,MU,srt:ProductOrServiceAxis,mu:OtherProductSalesMember,revenue,67000000.0,USD,RevenueFromContractWithCustomerExcludingAssessedTax,reported,0000723125-24-000019,10-Q,2024-06-27,https://www.sec.gov/Archives/edgar/data/723125/000072312524000019/mu-20240530_htm.xml
2023-06-02,2023-08-31,2023,Q4,2023Q3,MU,srt:ProductOrServiceAxis,mu:OtherProductSalesMember,revenue,50000000.0,USD,RevenueFromContractWithCustomerExcludingAssessedTax,ytd_diff,0000723125-25-000028,10-K,2025-10-03,https://www.sec.gov/Archives/edgar/data/723125/000072312525000028/mu-20250828_htm.xml
2023-09-01,2023-11-30,2024,Q1,2023Q4,MU,srt:ProductOrServiceAxis,mu:OtherProductSalesMember,revenue,69000000.0,USD,RevenueFromContractWithCustomerExcludingAssessedTax,reported,0000723125-24-000047,10-Q,2024-12-19,https://www.sec.gov/Archives/edgar/data/723125/000072312524000047/mu-20241128_htm.xml
2023-12-01,2024-02-29,2024,Q2,2024Q1,MU,srt:ProductOrServiceAxis,mu:OtherProductSalesMember,revenue,99000000.0,USD,RevenueFromContractWithCustomerExcludingAssessedTax,reported,0000723125-25-000009,10-Q,2025-03-21,https://www.sec.gov/Archives/edgar/data/723125/000072312525000009/mu-20250227_htm.xml
2024-03-01,2024-05-30,2024,Q3,2024Q2,MU,srt:ProductOrServiceAxis,mu:OtherProductSalesMember,revenue,54000000.0,USD,RevenueFromContractWithCustomerExcludingAssessedTax,reported,0000723125-25-000021,10-Q,2025-06-26,https://www.sec.gov/Archives/edgar/data/723125/000072312525000021/mu-20250529_htm.xml
2024-05-31,2024-08-29,2024,Q4,2024Q3,MU,srt:ProductOrServiceAxis,mu:OtherProductSalesMember,revenue,59000000.0,USD,RevenueFromContractWithCustomerExcludingAssessedTax,ytd_diff,0000723125-25-000028,10-K,2025-10-03,https://www.sec.gov/Archives/edgar/data/723125/000072312525000028/mu-20250828_htm.xml
2024-08-30,2024-11-28,2025,Q1,2024Q4,MU,srt:ProductOrServiceAxis,mu:OtherProductSalesMember,revenue,68000000.0,USD,RevenueFromContractWithCustomerExcludingAssessedTax,reported,0000723125-25-000046,10-Q,2025-12-18,https://www.sec.gov/Archives/edgar/data/723125/000072312525000046/mu-20251127_htm.xml
2024-11-29,2025-02-27,2025,Q2,2025Q1,MU,srt:ProductOrServiceAxis,mu:OtherProductSalesMember,revenue,75000000.0,USD,RevenueFromContractWithCustomerExcludingAssessedTax,reported,0000723125-26-000006,10-Q,2026-03-19,https://www.sec.gov/Archives/edgar/data/723125/000072312526000006/mu-20260226_htm.xml
2025-02-28,2025-05-29,2025,Q3,2025Q2,MU,srt:ProductOrServiceAxis,mu:OtherProductSalesMember,revenue,75000000.0,USD,RevenueFromContractWithCustomerExcludingAssessedTax,reported,0000723125-26-000015,10-Q,2026-06-25,https://www.sec.gov/Archives/edgar/data/723125/000072312526000015/mu-20260528_htm.xml
2025-05-30,2025-08-28,2025,Q4,2025Q3,MU,srt:ProductOrServiceAxis,mu:OtherProductSalesMember,revenue,79000000.0,USD,RevenueFromContractWithCustomerExcludingAssessedTax,ytd_diff,0000723125-25-000028,10-K,2025-10-03,https://www.sec.gov/Archives/edgar/data/723125/000072312525000028/mu-20250828_htm.xml
2025-08-29,2025-11-27,2026,Q1,2025Q4,MU,srt:ProductOrServiceAxis,mu:OtherProductSalesMember,revenue,88000000.0,USD,RevenueFromContractWithCustomerExcludingAssessedTax,reported,0000723125-25-000046,10-Q,2025-12-18,https://www.sec.gov/Archives/edgar/data/723125/000072312525000046/mu-20251127_htm.xml
2025-11-28,2026-02-26,2026,Q2,2026Q1,MU,srt:ProductOrServiceAxis,mu:OtherProductSalesMember,revenue,95000000.0,USD,RevenueFromContractWithCustomerExcludingAssessedTax,reported,0000723125-26-000006,10-Q,2026-03-19,https://www.sec.gov/Archives/edgar/data/723125/000072312526000006/mu-20260226_htm.xml
2026-02-27,2026-05-28,2026,Q3,2026Q2,MU,srt:ProductOrServiceAxis,mu:OtherProductSalesMember,revenue,185000000.0,USD,RevenueFromContractWithCustomerExcludingAssessedTax,reported,0000723125-26-000015,10-Q,2026-06-25,https://www.sec.gov/Archives/edgar/data/723125/000072312526000015/mu-20260528_htm.xml
2024-08-30,2024-11-28,2025,Q1,2024Q4,MU,us-gaap:StatementBusinessSegmentsAxis,mu:AEBUMember,revenue,1158000000.0,USD,RevenueFromContractWithCustomerExcludingAssessedTax,reported,0000723125-25-000046,10-Q,2025-12-18,https://www.sec.gov/Archives/edgar/data/723125/000072312525000046/mu-20251127_htm.xml
2024-11-29,2025-02-27,2025,Q2,2025Q1,MU,us-gaap:StatementBusinessSegmentsAxis,mu:AEBUMember,revenue,1034000000.0,USD,RevenueFromContractWithCustomerExcludingAssessedTax,reported,0000723125-26-000006,10-Q,2026-03-19,https://www.sec.gov/Archives/edgar/data/723125/000072312526000006/mu-20260226_htm.xml
2025-02-28,2025-05-29,2025,Q3,2025Q2,MU,us-gaap:StatementBusinessSegmentsAxis,mu:AEBUMember,revenue,1127000000.0,USD,RevenueFromContractWithCustomerExcludingAssessedTax,reported,0000723125-26-000015,10-Q,2026-06-25,https://www.sec.gov/Archives/edgar/data/723125/000072312526000015/mu-20260528_htm.xml
2025-05-30,2025-08-28,2025,Q4,2025Q3,MU,us-gaap:StatementBusinessSegmentsAxis,mu:AEBUMember,revenue,1434000000.0,USD,RevenueFromContractWithCustomerExcludingAssessedTax,ytd_diff,0000723125-25-000028,10-K,2025-10-03,https://www.sec.gov/Archives/edgar/data/723125/000072312525000028/mu-20250828_htm.xml
2025-08-29,2025-11-27,2026,Q1,2025Q4,MU,us-gaap:StatementBusinessSegmentsAxis,mu:AEBUMember,revenue,1720000000.0,USD,RevenueFromContractWithCustomerExcludingAssessedTax,reported,0000723125-25-000046,10-Q,2025-12-18,https://www.sec.gov/Archives/edgar/data/723125/000072312525000046/mu-20251127_htm.xml
2025-11-28,2026-02-26,2026,Q2,2026Q1,MU,us-gaap:StatementBusinessSegmentsAxis,mu:AEBUMember,revenue,2708000000.0,USD,RevenueFromContractWithCustomerExcludingAssessedTax,reported,0000723125-26-000006,10-Q,2026-03-19,https://www.sec.gov/Archives/edgar/data/723125/000072312526000006/mu-20260226_htm.xml
2026-02-27,2026-05-28,2026,Q3,2026Q2,MU,us-gaap:StatementBusinessSegmentsAxis,mu:AEBUMember,revenue,4634000000.0,USD,RevenueFromContractWithCustomerExcludingAssessedTax,reported,0000723125-26-000015,10-Q,2026-06-25,https://www.sec.gov/Archives/edgar/data/723125/000072312526000015/mu-20260528_htm.xml
2024-08-30,2024-11-28,2025,Q1,2024Q4,MU,us-gaap:StatementBusinessSegmentsAxis,mu:CDBUMember,revenue,2292000000.0,USD,RevenueFromContractWithCustomerExcludingAssessedTax,reported,0000723125-25-000046,10-Q,2025-12-18,https://www.sec.gov/Archives/edgar/data/723125/000072312525000046/mu-20251127_htm.xml
2024-11-29,2025-02-27,2025,Q2,2025Q1,MU,us-gaap:StatementBusinessSegmentsAxis,mu:CDBUMember,revenue,1830000000.0,USD,RevenueFromContractWithCustomerExcludingAssessedTax,reported,0000723125-26-000006,10-Q,2026-03-19,https://www.sec.gov/Archives/edgar/data/723125/000072312526000006/mu-20260226_htm.xml
2025-02-28,2025-05-29,2025,Q3,2025Q2,MU,us-gaap:StatementBusinessSegmentsAxis,mu:CDBUMember,revenue,1530000000.0,USD,RevenueFromContractWithCustomerExcludingAssessedTax,reported,0000723125-26-000015,10-Q,2026-06-25,https://www.sec.gov/Archives/edgar/data/723125/000072312526000015/mu-20260528_htm.xml
2025-05-30,2025-08-28,2025,Q4,2025Q3,MU,us-gaap:StatementBusinessSegmentsAxis,mu:CDBUMember,revenue,1577000000.0,USD,RevenueFromContractWithCustomerExcludingAssessedTax,ytd_diff,0000723125-25-000028,10-K,2025-10-03,https://www.sec.gov/Archives/edgar/data/723125/000072312525000028/mu-20250828_htm.xml
2025-08-29,2025-11-27,2026,Q1,2025Q4,MU,us-gaap:StatementBusinessSegmentsAxis,mu:CDBUMember,revenue,2379000000.0,USD,RevenueFromContractWithCustomerExcludingAssessedTax,reported,0000723125-25-000046,10-Q,2025-12-18,https://www.sec.gov/Archives/edgar/data/723125/000072312525000046/mu-20251127_htm.xml
2025-11-28,2026-02-26,2026,Q2,2026Q1,MU,us-gaap:StatementBusinessSegmentsAxis,mu:CDBUMember,revenue,5687000000.0,USD,RevenueFromContractWithCustomerExcludingAssessedTax,reported,0000723125-26-000006,10-Q,2026-03-19,https://www.sec.gov/Archives/edgar/data/723125/000072312526000006/mu-20260226_htm.xml
2026-02-27,2026-05-28,2026,Q3,2026Q2,MU,us-gaap:StatementBusinessSegmentsAxis,mu:CDBUMember,revenue,11524000000.0,USD,RevenueFromContractWithCustomerExcludingAssessedTax,reported,0000723125-26-000015,10-Q,2026-06-25,https://www.sec.gov/Archives/edgar/data/723125/000072312526000015/mu-20260528_htm.xml
2024-08-30,2024-11-28,2025,Q1,2024Q4,MU,us-gaap:StatementBusinessSegmentsAxis,mu:CMBUMember,revenue,2648000000.0,USD,RevenueFromContractWithCustomerExcludingAssessedTax,reported,0000723125-25-000046,10-Q,2025-12-18,https://www.sec.gov/Archives/edgar/data/723125/000072312525000046/mu-20251127_htm.xml
2024-11-29,2025-02-27,2025,Q2,2025Q1,MU,us-gaap:StatementBusinessSegmentsAxis,mu:CMBUMember,revenue,2947000000.0,USD,RevenueFromContractWithCustomerExcludingAssessedTax,reported,0000723125-26-000006,10-Q,2026-03-19,https://www.sec.gov/Archives/edgar/data/723125/000072312526000006/mu-20260226_htm.xml
2025-02-28,2025-05-29,2025,Q3,2025Q2,MU,us-gaap:StatementBusinessSegmentsAxis,mu:CMBUMember,revenue,3386000000.0,USD,RevenueFromContractWithCustomerExcludingAssessedTax,reported,0000723125-26-000015,10-Q,2026-06-25,https://www.sec.gov/Archives/edgar/data/723125/000072312526000015/mu-20260528_htm.xml
2025-05-30,2025-08-28,2025,Q4,2025Q3,MU,us-gaap:StatementBusinessSegmentsAxis,mu:CMBUMember,revenue,4543000000.0,USD,RevenueFromContractWithCustomerExcludingAssessedTax,ytd_diff,0000723125-25-000028,10-K,2025-10-03,https://www.sec.gov/Archives/edgar/data/723125/000072312525000028/mu-20250828_htm.xml
2025-08-29,2025-11-27,2026,Q1,2025Q4,MU,us-gaap:StatementBusinessSegmentsAxis,mu:CMBUMember,revenue,5284000000.0,USD,RevenueFromContractWithCustomerExcludingAssessedTax,reported,0000723125-25-000046,10-Q,2025-12-18,https://www.sec.gov/Archives/edgar/data/723125/000072312525000046/mu-20251127_htm.xml
2025-11-28,2026-02-26,2026,Q2,2026Q1,MU,us-gaap:StatementBusinessSegmentsAxis,mu:CMBUMember,revenue,7749000000.0,USD,RevenueFromContractWithCustomerExcludingAssessedTax,reported,0000723125-26-000006,10-Q,2026-03-19,https://www.sec.gov/Archives/edgar/data/723125/000072312526000006/mu-20260226_htm.xml
2026-02-27,2026-05-28,2026,Q3,2026Q2,MU,us-gaap:StatementBusinessSegmentsAxis,mu:CMBUMember,revenue,13769000000.0,USD,RevenueFromContractWithCustomerExcludingAssessedTax,reported,0000723125-26-000015,10-Q,2026-06-25,https://www.sec.gov/Archives/edgar/data/723125/000072312526000015/mu-20260528_htm.xml
2014-02-28,2014-05-29,2014,Q3,2014Q2,MU,us-gaap:StatementBusinessSegmentsAxis,mu:CNBUMember,revenue,1857000000.0,USD,SalesRevenueNet,reported,0000723125-15-000063,10-Q,2015-07-10,https://www.sec.gov/Archives/edgar/data/723125/000072312515000063/mu-20150604.xml
2014-05-30,2014-08-28,2014,Q4,2014Q3,MU,us-gaap:StatementBusinessSegmentsAxis,mu:CNBUMember,revenue,1897000000.0,USD,SalesRevenueNet,ytd_diff,0000723125-16-000269,10-K,2016-10-28,https://www.sec.gov/Archives/edgar/data/723125/000072312516000269/mu-20160901.xml
2014-08-29,2014-12-04,2015,Q1,2014Q4,MU,us-gaap:StatementBusinessSegmentsAxis,mu:CNBUMember,revenue,2088000000.0,USD,SalesRevenueNet,reported,0000723125-16-000146,10-Q,2016-01-08,https://www.sec.gov/Archives/edgar/data/723125/000072312516000146/mu-20151203.xml
2014-12-05,2015-03-05,2015,Q2,2015Q1,MU,us-gaap:StatementBusinessSegmentsAxis,mu:CNBUMember,revenue,1822000000.0,USD,SalesRevenueNet,reported,0000723125-16-000176,10-Q,2016-04-08,https://www.sec.gov/Archives/edgar/data/723125/000072312516000176/mu-20160303.xml
2015-03-06,2015-06-04,2015,Q3,2015Q2,MU,us-gaap:StatementBusinessSegmentsAxis,mu:CNBUMember,revenue,1514000000.0,USD,SalesRevenueNet,reported,0000723125-16-000201,10-Q,2016-07-06,https://www.sec.gov/Archives/edgar/data/723125/000072312516000201/mu-20160602.xml
2015-06-05,2015-09-03,2015,Q4,2015Q3,MU,us-gaap:StatementBusinessSegmentsAxis,mu:CNBUMember,revenue,1301000000.0,USD,SalesRevenueNet,ytd_diff,0000723125-17-000131,10-K,2017-10-26,https://www.sec.gov/Archives/edgar/data/723125/000072312517000131/mu-20170831.xml
2015-09-04,2015-12-03,2016,Q1,2015Q4,MU,us-gaap:StatementBusinessSegmentsAxis,mu:CNBUMember,revenue,1139000000.0,USD,SalesRevenueNet,reported,0000723125-17-000005,10-Q,2017-01-09,https://www.sec.gov/Archives/edgar/data/723125/000072312517000005/mu-20161201.xml
2015-12-04,2016-03-03,2016,Q2,2016Q1,MU,us-gaap:StatementBusinessSegmentsAxis,mu:CNBUMember,revenue,1053000000.0,USD,SalesRevenueNet,reported,0000723125-17-000037,10-Q,2017-03-28,https://www.sec.gov/Archives/edgar/data/723125/000072312517000037/mu-20170302.xml
2016-03-04,2016-06-02,2016,Q3,2016Q2,MU,us-gaap:StatementBusinessSegmentsAxis,mu:CNBUMember,revenue,1090000000.0,USD,SalesRevenueNet,reported,0000723125-17-000085,10-Q,2017-06-30,https://www.sec.gov/Archives/edgar/data/723125/000072312517000085/mu-20170601.xml
2016-06-03,2016-09-01,2016,Q4,2016Q3,MU,us-gaap:StatementBusinessSegmentsAxis,mu:CNBUMember,revenue,1247000000.0,USD,Revenues,ytd_diff,0000723125-18-000092,10-K,2018-10-15,https://www.sec.gov/Archives/edgar/data/723125/000072312518000092/mu-20180830.xml
2016-09-02,2016-12-01,2017,Q1,2016Q4,MU,us-gaap:StatementBusinessSegmentsAxis,mu:CNBUMember,revenue,1470000000.0,USD,SalesRevenueNet,reported,0000723125-17-000166,10-Q,2017-12-20,https://www.sec.gov/Archives/edgar/data/723125/000072312517000166/mu-20171130.xml
2016-12-02,2017-03-02,2017,Q2,2017Q1,MU,us-gaap:StatementBusinessSegmentsAxis,mu:CNBUMember,revenue,1917000000.0,USD,SalesRevenueNet,reported,0000723125-18-000036,10-Q,2018-03-23,https://www.sec.gov/Archives/edgar/data/723125/000072312518000036/mu-20180301.xml
2017-03-03,2017-06-01,2017,Q3,2017Q2,MU,us-gaap:StatementBusinessSegmentsAxis,mu:CNBUMember,revenue,2389000000.0,USD,SalesRevenueNet,reported,0000723125-18-000065,10-Q,2018-06-22,https://www.sec.gov/Archives/edgar/data/723125/000072312518000065/mu-20180531.xml
2017-06-02,2017-08-31,2017,Q4,2017Q3,MU,us-gaap:StatementBusinessSegmentsAxis,mu:CNBUMember,revenue,2848000000.0,USD,RevenueFromContractWithCustomerExcludingAssessedTax,ytd_diff,0000723125-19-000094,10-K,2019-10-17,https://www.sec.gov/Archives/edgar/data/723125/000072312519000094/mu-20190829.xml
2017-09-01,2017-11-30,2018,Q1,2017Q4,MU,us-gaap:StatementBusinessSegmentsAxis,mu:CNBUMember,revenue,3212000000.0,USD,RevenueFromContractWithCustomerExcludingAssessedTax,reported,0000723125-18-000156,10-Q,2018-12-19,https://www.sec.gov/Archives/edgar/data/723125/000072312518000156/mu-20181129.xml
2017-12-01,2018-03-01,2018,Q2,2018Q1,MU,us-gaap:StatementBusinessSegmentsAxis,mu:CNBUMember,revenue,3691000000.0,USD,RevenueFromContractWithCustomerExcludingAssessedTax,reported,0000723125-19-000014,10-Q,2019-03-21,https://www.sec.gov/Archives/edgar/data/723125/000072312519000014/mu-20190228.xml
2018-03-02,2018-05-31,2018,Q3,2018Q2,MU,us-gaap:StatementBusinessSegmentsAxis,mu:CNBUMember,revenue,3988000000.0,USD,RevenueFromContractWithCustomerExcludingAssessedTax,reported,0000723125-19-000035,10-Q,2019-06-26,https://www.sec.gov/Archives/edgar/data/723125/000072312519000035/mu-20190530.xml
2018-06-01,2018-08-30,2018,Q4,2018Q3,MU,us-gaap:StatementBusinessSegmentsAxis,mu:CNBUMember,revenue,4361000000.0,USD,RevenueFromContractWithCustomerExcludingAssessedTax,ytd_diff,0000723125-20-000082,10-K,2020-10-19,https://www.sec.gov/Archives/edgar/data/723125/000072312520000082/mu-20200903_htm.xml
2018-08-31,2018-11-29,2019,Q1,2018Q4,MU,us-gaap:StatementBusinessSegmentsAxis,mu:CNBUMember,revenue,3604000000.0,USD,RevenueFromContractWithCustomerExcludingAssessedTax,reported,0000723125-19-000174,10-Q,2019-12-20,https://www.sec.gov/Archives/edgar/data/723125/000072312519000174/mu-20191128_htm.xml
2018-11-30,2019-02-28,2019,Q2,2019Q1,MU,us-gaap:StatementBusinessSegmentsAxis,mu:CNBUMember,revenue,2382000000.0,USD,RevenueFromContractWithCustomerExcludingAssessedTax,reported,0000723125-20-000034,10-Q,2020-03-26,https://www.sec.gov/Archives/edgar/data/723125/000072312520000034/mu-20200227_htm.xml
2019-03-01,2019-05-30,2019,Q3,2019Q2,MU,us-gaap:StatementBusinessSegmentsAxis,mu:CNBUMember,revenue,2079000000.0,USD,RevenueFromContractWithCustomerExcludingAssessedTax,reported,0000723125-20-000067,10-Q,2020-06-29,https://www.sec.gov/Archives/edgar/data/723125/000072312520000067/mu-20200528_htm.xml
2019-05-31,2019-08-29,2019,Q4,2019Q3,MU,us-gaap:StatementBusinessSegmentsAxis,mu:CNBUMember,revenue,1903000000.0,USD,RevenueFromContractWithCustomerExcludingAssessedTax,ytd_diff,0000723125-21-000065,10-K,2021-10-08,https://www.sec.gov/Archives/edgar/data/723125/000072312521000065/mu-20210902_htm.xml
2019-08-30,2019-11-28,2020,Q1,2019Q4,MU,us-gaap:StatementBusinessSegmentsAxis,mu:CNBUMember,revenue,1979000000.0,USD,RevenueFromContractWithCustomerExcludingAssessedTax,reported,0000723125-21-000012,10-Q,2021-01-08,https://www.sec.gov/Archives/edgar/data/723125/000072312521000012/mu-20201203_htm.xml
2019-11-29,2020-02-27,2020,Q2,2020Q1,MU,us-gaap:StatementBusinessSegmentsAxis,mu:CNBUMember,revenue,1967000000.0,USD,RevenueFromContractWithCustomerExcludingAssessedTax,reported,0000723125-21-000032,10-Q,2021-04-01,https://www.sec.gov/Archives/edgar/data/723125/000072312521000032/mu-20210304_htm.xml
2020-02-28,2020-05-28,2020,Q3,2020Q2,MU,us-gaap:StatementBusinessSegmentsAxis,mu:CNBUMember,revenue,2218000000.0,USD,RevenueFromContractWithCustomerExcludingAssessedTax,reported,0000723125-21-000052,10-Q,2021-07-01,https://www.sec.gov/Archives/edgar/data/723125/000072312521000052/mu-20210603_htm.xml
2020-05-29,2020-09-03,2020,Q4,2020Q3,MU,us-gaap:StatementBusinessSegmentsAxis,mu:CNBUMember,revenue,3020000000.0,USD,RevenueFromContractWithCustomerExcludingAssessedTax,ytd_diff,0000723125-22-000048,10-K,2022-10-07,https://www.sec.gov/Archives/edgar/data/723125/000072312522000048/mu-20220901_htm.xml
2020-09-04,2020-12-03,2021,Q1,2020Q4,MU,us-gaap:StatementBusinessSegmentsAxis,mu:CNBUMember,revenue,2546000000.0,USD,RevenueFromContractWithCustomerExcludingAssessedTax,reported,0000723125-22-000004,10-Q,2022-01-06,https://www.sec.gov/Archives/edgar/data/723125/000072312522000004/mu-20211202_htm.xml
2020-12-04,2021-03-04,2021,Q2,2021Q1,MU,us-gaap:StatementBusinessSegmentsAxis,mu:CNBUMember,revenue,2636000000.0,USD,RevenueFromContractWithCustomerExcludingAssessedTax,reported,0000723125-22-000016,10-Q,2022-03-30,https://www.sec.gov/Archives/edgar/data/723125/000072312522000016/mu-20220303_htm.xml
2021-03-05,2021-06-03,2021,Q3,2021Q2,MU,us-gaap:StatementBusinessSegmentsAxis,mu:CNBUMember,revenue,3304000000.0,USD,RevenueFromContractWithCustomerExcludingAssessedTax,reported,0000723125-22-000036,10-Q,2022-07-01,https://www.sec.gov/Archives/edgar/data/723125/000072312522000036/mu-20220602_htm.xml
2021-06-04,2021-09-02,2021,Q4,2021Q3,MU,us-gaap:StatementBusinessSegmentsAxis,mu:CNBUMember,revenue,3794000000.0,USD,RevenueFromContractWithCustomerExcludingAssessedTax,ytd_diff,0000723125-23-000054,10-K,2023-10-06,https://www.sec.gov/Archives/edgar/data/723125/000072312523000054/mu-20230831_htm.xml
2021-09-03,2021-12-02,2022,Q1,2021Q4,MU,us-gaap:StatementBusinessSegmentsAxis,mu:CNBUMember,revenue,3406000000.0,USD,RevenueFromContractWithCustomerExcludingAssessedTax,reported,0000723125-22-000072,10-Q,2022-12-22,https://www.sec.gov/Archives/edgar/data/723125/000072312522000072/mu-20221201_htm.xml
2021-12-03,2022-03-03,2022,Q2,2022Q1,MU,us-gaap:StatementBusinessSegmentsAxis,mu:CNBUMember,revenue,3461000000.0,USD,RevenueFromContractWithCustomerExcludingAssessedTax,reported,0000723125-23-000022,10-Q,2023-03-29,https://www.sec.gov/Archives/edgar/data/723125/000072312523000022/mu-20230302_htm.xml
2022-03-04,2022-06-02,2022,Q3,2022Q2,MU,us-gaap:StatementBusinessSegmentsAxis,mu:CNBUMember,revenue,3895000000.0,USD,RevenueFromContractWithCustomerExcludingAssessedTax,reported,0000723125-23-000041,10-Q,2023-06-29,https://www.sec.gov/Archives/edgar/data/723125/000072312523000041/mu-20230601_htm.xml
2022-06-03,2022-09-01,2022,Q4,2022Q3,MU,us-gaap:StatementBusinessSegmentsAxis,mu:CNBUMember,revenue,2931000000.0,USD,RevenueFromContractWithCustomerExcludingAssessedTax,ytd_diff,0000723125-24-000027,10-K,2024-10-04,https://www.sec.gov/Archives/edgar/data/723125/000072312524000027/mu-20240829_htm.xml
2022-09-02,2022-12-01,2023,Q1,2022Q4,MU,us-gaap:StatementBusinessSegmentsAxis,mu:CNBUMember,revenue,1746000000.0,USD,RevenueFromContractWithCustomerExcludingAssessedTax,reported,0000723125-23-000077,10-Q,2023-12-21,https://www.sec.gov/Archives/edgar/data/723125/000072312523000077/mu-20231130_htm.xml
2022-12-02,2023-03-02,2023,Q2,2023Q1,MU,us-gaap:StatementBusinessSegmentsAxis,mu:CNBUMember,revenue,1375000000.0,USD,RevenueFromContractWithCustomerExcludingAssessedTax,reported,0000723125-24-000007,10-Q,2024-03-21,https://www.sec.gov/Archives/edgar/data/723125/000072312524000007/mu-20240229_htm.xml
2023-03-03,2023-06-01,2023,Q3,2023Q2,MU,us-gaap:StatementBusinessSegmentsAxis,mu:CNBUMember,revenue,1389000000.0,USD,RevenueFromContractWithCustomerExcludingAssessedTax,reported,0000723125-24-000019,10-Q,2024-06-27,https://www.sec.gov/Archives/edgar/data/723125/000072312524000019/mu-20240530_htm.xml
2023-06-02,2023-08-31,2023,Q4,2023Q3,MU,us-gaap:StatementBusinessSegmentsAxis,mu:CNBUMember,revenue,1200000000.0,USD,RevenueFromContractWithCustomerExcludingAssessedTax,ytd_diff,0000723125-24-000027,10-K,2024-10-04,https://www.sec.gov/Archives/edgar/data/723125/000072312524000027/mu-20240829_htm.xml
2023-09-01,2023-11-30,2024,Q1,2023Q4,MU,us-gaap:StatementBusinessSegmentsAxis,mu:CNBUMember,revenue,1737000000.0,USD,RevenueFromContractWithCustomerExcludingAssessedTax,reported,0000723125-24-000047,10-Q,2024-12-19,https://www.sec.gov/Archives/edgar/data/723125/000072312524000047/mu-20241128_htm.xml
2023-12-01,2024-02-29,2024,Q2,2024Q1,MU,us-gaap:StatementBusinessSegmentsAxis,mu:CNBUMember,revenue,2185000000.0,USD,RevenueFromContractWithCustomerExcludingAssessedTax,reported,0000723125-25-000009,10-Q,2025-03-21,https://www.sec.gov/Archives/edgar/data/723125/000072312525000009/mu-20250227_htm.xml
2024-03-01,2024-05-30,2024,Q3,2024Q2,MU,us-gaap:StatementBusinessSegmentsAxis,mu:CNBUMember,revenue,2573000000.0,USD,RevenueFromContractWithCustomerExcludingAssessedTax,reported,0000723125-25-000021,10-Q,2025-06-26,https://www.sec.gov/Archives/edgar/data/723125/000072312525000021/mu-20250529_htm.xml
2024-05-31,2024-08-29,2024,Q4,2024Q3,MU,us-gaap:StatementBusinessSegmentsAxis,mu:CNBUMember,revenue,3018000000.0,USD,RevenueFromContractWithCustomerExcludingAssessedTax,ytd_diff,0000723125-24-000027,10-K,2024-10-04,https://www.sec.gov/Archives/edgar/data/723125/000072312524000027/mu-20240829_htm.xml
2024-08-30,2024-11-28,2025,Q1,2024Q4,MU,us-gaap:StatementBusinessSegmentsAxis,mu:CNBUMember,revenue,4395000000.0,USD,RevenueFromContractWithCustomerExcludingAssessedTax,reported,0000723125-24-000047,10-Q,2024-12-19,https://www.sec.gov/Archives/edgar/data/723125/000072312524000047/mu-20241128_htm.xml
2024-11-29,2025-02-27,2025,Q2,2025Q1,MU,us-gaap:StatementBusinessSegmentsAxis,mu:CNBUMember,revenue,4564000000.0,USD,RevenueFromContractWithCustomerExcludingAssessedTax,reported,0000723125-25-000009,10-Q,2025-03-21,https://www.sec.gov/Archives/edgar/data/723125/000072312525000009/mu-20250227_htm.xml
2025-02-28,2025-05-29,2025,Q3,2025Q2,MU,us-gaap:StatementBusinessSegmentsAxis,mu:CNBUMember,revenue,5069000000.0,USD,RevenueFromContractWithCustomerExcludingAssessedTax,reported,0000723125-25-000021,10-Q,2025-06-26,https://www.sec.gov/Archives/edgar/data/723125/000072312525000021/mu-20250529_htm.xml
2014-02-28,2014-05-29,2014,Q3,2014Q2,MU,us-gaap:StatementBusinessSegmentsAxis,mu:EBUMember,revenue,467000000.0,USD,SalesRevenueNet,reported,0000723125-15-000063,10-Q,2015-07-10,https://www.sec.gov/Archives/edgar/data/723125/000072312515000063/mu-20150604.xml
2014-05-30,2014-08-28,2014,Q4,2014Q3,MU,us-gaap:StatementBusinessSegmentsAxis,mu:EBUMember,revenue,476000000.0,USD,SalesRevenueNet,ytd_diff,0000723125-16-000269,10-K,2016-10-28,https://www.sec.gov/Archives/edgar/data/723125/000072312516000269/mu-20160901.xml
2014-08-29,2014-12-04,2015,Q1,2014Q4,MU,us-gaap:StatementBusinessSegmentsAxis,mu:EBUMember,revenue,539000000.0,USD,SalesRevenueNet,reported,0000723125-16-000146,10-Q,2016-01-08,https://www.sec.gov/Archives/edgar/data/723125/000072312516000146/mu-20151203.xml
2014-12-05,2015-03-05,2015,Q2,2015Q1,MU,us-gaap:StatementBusinessSegmentsAxis,mu:EBUMember,revenue,502000000.0,USD,SalesRevenueNet,reported,0000723125-16-000176,10-Q,2016-04-08,https://www.sec.gov/Archives/edgar/data/723125/000072312516000176/mu-20160303.xml
2015-03-06,2015-06-04,2015,Q3,2015Q2,MU,us-gaap:StatementBusinessSegmentsAxis,mu:EBUMember,revenue,483000000.0,USD,SalesRevenueNet,reported,0000723125-16-000201,10-Q,2016-07-06,https://www.sec.gov/Archives/edgar/data/723125/000072312516000201/mu-20160602.xml
2015-06-05,2015-09-03,2015,Q4,2015Q3,MU,us-gaap:StatementBusinessSegmentsAxis,mu:EBUMember,revenue,475000000.0,USD,SalesRevenueNet,ytd_diff,0000723125-17-000131,10-K,2017-10-26,https://www.sec.gov/Archives/edgar/data/723125/000072312517000131/mu-20170831.xml
2015-09-04,2015-12-03,2016,Q1,2015Q4,MU,us-gaap:StatementBusinessSegmentsAxis,mu:EBUMember,revenue,479000000.0,USD,SalesRevenueNet,reported,0000723125-17-000005,10-Q,2017-01-09,https://www.sec.gov/Archives/edgar/data/723125/000072312517000005/mu-20161201.xml
2015-12-04,2016-03-03,2016,Q2,2016Q1,MU,us-gaap:StatementBusinessSegmentsAxis,mu:EBUMember,revenue,460000000.0,USD,SalesRevenueNet,reported,0000723125-17-000037,10-Q,2017-03-28,https://www.sec.gov/Archives/edgar/data/723125/000072312517000037/mu-20170302.xml
2016-03-04,2016-06-02,2016,Q3,2016Q2,MU,us-gaap:StatementBusinessSegmentsAxis,mu:EBUMember,revenue,487000000.0,USD,SalesRevenueNet,reported,0000723125-17-000085,10-Q,2017-06-30,https://www.sec.gov/Archives/edgar/data/723125/000072312517000085/mu-20170601.xml
2016-06-03,2016-09-01,2016,Q4,2016Q3,MU,us-gaap:StatementBusinessSegmentsAxis,mu:EBUMember,revenue,513000000.0,USD,Revenues,ytd_diff,0000723125-18-000092,10-K,2018-10-15,https://www.sec.gov/Archives/edgar/data/723125/000072312518000092/mu-20180830.xml
2016-09-02,2016-12-01,2017,Q1,2016Q4,MU,us-gaap:StatementBusinessSegmentsAxis,mu:EBUMember,revenue,578000000.0,USD,SalesRevenueNet,reported,0000723125-17-000166,10-Q,2017-12-20,https://www.sec.gov/Archives/edgar/data/723125/000072312517000166/mu-20171130.xml
2016-12-02,2017-03-02,2017,Q2,2017Q1,MU,us-gaap:StatementBusinessSegmentsAxis,mu:EBUMember,revenue,590000000.0,USD,SalesRevenueNet,reported,0000723125-18-000036,10-Q,2018-03-23,https://www.sec.gov/Archives/edgar/data/723125/000072312518000036/mu-20180301.xml
2017-03-03,2017-06-01,2017,Q3,2017Q2,MU,us-gaap:StatementBusinessSegmentsAxis,mu:EBUMember,revenue,700000000.0,USD,SalesRevenueNet,reported,0000723125-18-000065,10-Q,2018-06-22,https://www.sec.gov/Archives/edgar/data/723125/000072312518000065/mu-20180531.xml
2017-06-02,2017-08-31,2017,Q4,2017Q3,MU,us-gaap:StatementBusinessSegmentsAxis,mu:EBUMember,revenue,827000000.0,USD,RevenueFromContractWithCustomerExcludingAssessedTax,ytd_diff,0000723125-19-000094,10-K,2019-10-17,https://www.sec.gov/Archives/edgar/data/723125/000072312519000094/mu-20190829.xml
2017-09-01,2017-11-30,2018,Q1,2017Q4,MU,us-gaap:StatementBusinessSegmentsAxis,mu:EBUMember,revenue,830000000.0,USD,RevenueFromContractWithCustomerExcludingAssessedTax,reported,0000723125-18-000156,10-Q,2018-12-19,https://www.sec.gov/Archives/edgar/data/723125/000072312518000156/mu-20181129.xml
2017-12-01,2018-03-01,2018,Q2,2018Q1,MU,us-gaap:StatementBusinessSegmentsAxis,mu:EBUMember,revenue,829000000.0,USD,RevenueFromContractWithCustomerExcludingAssessedTax,reported,0000723125-19-000014,10-Q,2019-03-21,https://www.sec.gov/Archives/edgar/data/723125/000072312519000014/mu-20190228.xml
2018-03-02,2018-05-31,2018,Q3,2018Q2,MU,us-gaap:StatementBusinessSegmentsAxis,mu:EBUMember,revenue,897000000.0,USD,RevenueFromContractWithCustomerExcludingAssessedTax,reported,0000723125-19-000035,10-Q,2019-06-26,https://www.sec.gov/Archives/edgar/data/723125/000072312519000035/mu-20190530.xml
2018-06-01,2018-08-30,2018,Q4,2018Q3,MU,us-gaap:StatementBusinessSegmentsAxis,mu:EBUMember,revenue,923000000.0,USD,RevenueFromContractWithCustomerExcludingAssessedTax,ytd_diff,0000723125-20-000082,10-K,2020-10-19,https://www.sec.gov/Archives/edgar/data/723125/000072312520000082/mu-20200903_htm.xml
2018-08-31,2018-11-29,2019,Q1,2018Q4,MU,us-gaap:StatementBusinessSegmentsAxis,mu:EBUMember,revenue,933000000.0,USD,RevenueFromContractWithCustomerExcludingAssessedTax,reported,0000723125-19-000174,10-Q,2019-12-20,https://www.sec.gov/Archives/edgar/data/723125/000072312519000174/mu-20191128_htm.xml
2018-11-30,2019-02-28,2019,Q2,2019Q1,MU,us-gaap:StatementBusinessSegmentsAxis,mu:EBUMember,revenue,799000000.0,USD,RevenueFromContractWithCustomerExcludingAssessedTax,reported,0000723125-20-000034,10-Q,2020-03-26,https://www.sec.gov/Archives/edgar/data/723125/000072312520000034/mu-20200227_htm.xml
2019-03-01,2019-05-30,2019,Q3,2019Q2,MU,us-gaap:StatementBusinessSegmentsAxis,mu:EBUMember,revenue,700000000.0,USD,RevenueFromContractWithCustomerExcludingAssessedTax,reported,0000723125-20-000067,10-Q,2020-06-29,https://www.sec.gov/Archives/edgar/data/723125/000072312520000067/mu-20200528_htm.xml
2019-05-31,2019-08-29,2019,Q4,2019Q3,MU,us-gaap:StatementBusinessSegmentsAxis,mu:EBUMember,revenue,705000000.0,USD,RevenueFromContractWithCustomerExcludingAssessedTax,ytd_diff,0000723125-21-000065,10-K,2021-10-08,https://www.sec.gov/Archives/edgar/data/723125/000072312521000065/mu-20210902_htm.xml
2019-08-30,2019-11-28,2020,Q1,2019Q4,MU,us-gaap:StatementBusinessSegmentsAxis,mu:EBUMember,revenue,734000000.0,USD,RevenueFromContractWithCustomerExcludingAssessedTax,reported,0000723125-21-000012,10-Q,2021-01-08,https://www.sec.gov/Archives/edgar/data/723125/000072312521000012/mu-20201203_htm.xml
2019-11-29,2020-02-27,2020,Q2,2020Q1,MU,us-gaap:StatementBusinessSegmentsAxis,mu:EBUMember,revenue,696000000.0,USD,RevenueFromContractWithCustomerExcludingAssessedTax,reported,0000723125-21-000032,10-Q,2021-04-01,https://www.sec.gov/Archives/edgar/data/723125/000072312521000032/mu-20210304_htm.xml
2020-02-28,2020-05-28,2020,Q3,2020Q2,MU,us-gaap:StatementBusinessSegmentsAxis,mu:EBUMember,revenue,675000000.0,USD,RevenueFromContractWithCustomerExcludingAssessedTax,reported,0000723125-21-000052,10-Q,2021-07-01,https://www.sec.gov/Archives/edgar/data/723125/000072312521000052/mu-20210603_htm.xml
2020-05-29,2020-09-03,2020,Q4,2020Q3,MU,us-gaap:StatementBusinessSegmentsAxis,mu:EBUMember,revenue,654000000.0,USD,RevenueFromContractWithCustomerExcludingAssessedTax,ytd_diff,0000723125-22-000048,10-K,2022-10-07,https://www.sec.gov/Archives/edgar/data/723125/000072312522000048/mu-20220901_htm.xml
2020-09-04,2020-12-03,2021,Q1,2020Q4,MU,us-gaap:StatementBusinessSegmentsAxis,mu:EBUMember,revenue,809000000.0,USD,RevenueFromContractWithCustomerExcludingAssessedTax,reported,0000723125-22-000004,10-Q,2022-01-06,https://www.sec.gov/Archives/edgar/data/723125/000072312522000004/mu-20211202_htm.xml
2020-12-04,2021-03-04,2021,Q2,2021Q1,MU,us-gaap:StatementBusinessSegmentsAxis,mu:EBUMember,revenue,935000000.0,USD,RevenueFromContractWithCustomerExcludingAssessedTax,reported,0000723125-22-000016,10-Q,2022-03-30,https://www.sec.gov/Archives/edgar/data/723125/000072312522000016/mu-20220303_htm.xml
2021-03-05,2021-06-03,2021,Q3,2021Q2,MU,us-gaap:StatementBusinessSegmentsAxis,mu:EBUMember,revenue,1105000000.0,USD,RevenueFromContractWithCustomerExcludingAssessedTax,reported,0000723125-22-000036,10-Q,2022-07-01,https://www.sec.gov/Archives/edgar/data/723125/000072312522000036/mu-20220602_htm.xml
2021-06-04,2021-09-02,2021,Q4,2021Q3,MU,us-gaap:StatementBusinessSegmentsAxis,mu:EBUMember,revenue,1360000000.0,USD,RevenueFromContractWithCustomerExcludingAssessedTax,ytd_diff,0000723125-23-000054,10-K,2023-10-06,https://www.sec.gov/Archives/edgar/data/723125/000072312523000054/mu-20230831_htm.xml
2021-09-03,2021-12-02,2022,Q1,2021Q4,MU,us-gaap:StatementBusinessSegmentsAxis,mu:EBUMember,revenue,1220000000.0,USD,RevenueFromContractWithCustomerExcludingAssessedTax,reported,0000723125-22-000072,10-Q,2022-12-22,https://www.sec.gov/Archives/edgar/data/723125/000072312522000072/mu-20221201_htm.xml
2021-12-03,2022-03-03,2022,Q2,2022Q1,MU,us-gaap:StatementBusinessSegmentsAxis,mu:EBUMember,revenue,1277000000.0,USD,RevenueFromContractWithCustomerExcludingAssessedTax,reported,0000723125-23-000022,10-Q,2023-03-29,https://www.sec.gov/Archives/edgar/data/723125/000072312523000022/mu-20230302_htm.xml
2022-03-04,2022-06-02,2022,Q3,2022Q2,MU,us-gaap:StatementBusinessSegmentsAxis,mu:EBUMember,revenue,1435000000.0,USD,RevenueFromContractWithCustomerExcludingAssessedTax,reported,0000723125-23-000041,10-Q,2023-06-29,https://www.sec.gov/Archives/edgar/data/723125/000072312523000041/mu-20230601_htm.xml
2022-06-03,2022-09-01,2022,Q4,2022Q3,MU,us-gaap:StatementBusinessSegmentsAxis,mu:EBUMember,revenue,1303000000.0,USD,RevenueFromContractWithCustomerExcludingAssessedTax,ytd_diff,0000723125-24-000027,10-K,2024-10-04,https://www.sec.gov/Archives/edgar/data/723125/000072312524000027/mu-20240829_htm.xml
2022-09-02,2022-12-01,2023,Q1,2022Q4,MU,us-gaap:StatementBusinessSegmentsAxis,mu:EBUMember,revenue,1000000000.0,USD,RevenueFromContractWithCustomerExcludingAssessedTax,reported,0000723125-23-000077,10-Q,2023-12-21,https://www.sec.gov/Archives/edgar/data/723125/000072312523000077/mu-20231130_htm.xml
2022-12-02,2023-03-02,2023,Q2,2023Q1,MU,us-gaap:StatementBusinessSegmentsAxis,mu:EBUMember,revenue,865000000.0,USD,RevenueFromContractWithCustomerExcludingAssessedTax,reported,0000723125-24-000007,10-Q,2024-03-21,https://www.sec.gov/Archives/edgar/data/723125/000072312524000007/mu-20240229_htm.xml
2023-03-03,2023-06-01,2023,Q3,2023Q2,MU,us-gaap:StatementBusinessSegmentsAxis,mu:EBUMember,revenue,912000000.0,USD,RevenueFromContractWithCustomerExcludingAssessedTax,reported,0000723125-24-000019,10-Q,2024-06-27,https://www.sec.gov/Archives/edgar/data/723125/000072312524000019/mu-20240530_htm.xml
2023-06-02,2023-08-31,2023,Q4,2023Q3,MU,us-gaap:StatementBusinessSegmentsAxis,mu:EBUMember,revenue,860000000.0,USD,RevenueFromContractWithCustomerExcludingAssessedTax,ytd_diff,0000723125-24-000027,10-K,2024-10-04,https://www.sec.gov/Archives/edgar/data/723125/000072312524000027/mu-20240829_htm.xml
2023-09-01,2023-11-30,2024,Q1,2023Q4,MU,us-gaap:StatementBusinessSegmentsAxis,mu:EBUMember,revenue,1037000000.0,USD,RevenueFromContractWithCustomerExcludingAssessedTax,reported,0000723125-24-000047,10-Q,2024-12-19,https://www.sec.gov/Archives/edgar/data/723125/000072312524000047/mu-20241128_htm.xml
2023-12-01,2024-02-29,2024,Q2,2024Q1,MU,us-gaap:StatementBusinessSegmentsAxis,mu:EBUMember,revenue,1111000000.0,USD,RevenueFromContractWithCustomerExcludingAssessedTax,reported,0000723125-25-000009,10-Q,2025-03-21,https://www.sec.gov/Archives/edgar/data/723125/000072312525000009/mu-20250227_htm.xml
2024-03-01,2024-05-30,2024,Q3,2024Q2,MU,us-gaap:StatementBusinessSegmentsAxis,mu:EBUMember,revenue,1294000000.0,USD,RevenueFromContractWithCustomerExcludingAssessedTax,reported,0000723125-25-000021,10-Q,2025-06-26,https://www.sec.gov/Archives/edgar/data/723125/000072312525000021/mu-20250529_htm.xml
2024-05-31,2024-08-29,2024,Q4,2024Q3,MU,us-gaap:StatementBusinessSegmentsAxis,mu:EBUMember,revenue,1172000000.0,USD,RevenueFromContractWithCustomerExcludingAssessedTax,ytd_diff,0000723125-24-000027,10-K,2024-10-04,https://www.sec.gov/Archives/edgar/data/723125/000072312524000027/mu-20240829_htm.xml
2024-08-30,2024-11-28,2025,Q1,2024Q4,MU,us-gaap:StatementBusinessSegmentsAxis,mu:EBUMember,revenue,1052000000.0,USD,RevenueFromContractWithCustomerExcludingAssessedTax,reported,0000723125-24-000047,10-Q,2024-12-19,https://www.sec.gov/Archives/edgar/data/723125/000072312524000047/mu-20241128_htm.xml
2024-11-29,2025-02-27,2025,Q2,2025Q1,MU,us-gaap:StatementBusinessSegmentsAxis,mu:EBUMember,revenue,1025000000.0,USD,RevenueFromContractWithCustomerExcludingAssessedTax,reported,0000723125-25-000009,10-Q,2025-03-21,https://www.sec.gov/Archives/edgar/data/723125/000072312525000009/mu-20250227_htm.xml
2025-02-28,2025-05-29,2025,Q3,2025Q2,MU,us-gaap:StatementBusinessSegmentsAxis,mu:EBUMember,revenue,1227000000.0,USD,RevenueFromContractWithCustomerExcludingAssessedTax,reported,0000723125-25-000021,10-Q,2025-06-26,https://www.sec.gov/Archives/edgar/data/723125/000072312525000021/mu-20250529_htm.xml
2014-02-28,2014-05-29,2014,Q3,2014Q2,MU,us-gaap:StatementBusinessSegmentsAxis,mu:MBUMember,revenue,757000000.0,USD,SalesRevenueNet,reported,0000723125-15-000063,10-Q,2015-07-10,https://www.sec.gov/Archives/edgar/data/723125/000072312515000063/mu-20150604.xml
2014-05-30,2014-08-28,2014,Q4,2014Q3,MU,us-gaap:StatementBusinessSegmentsAxis,mu:MBUMember,revenue,910000000.0,USD,SalesRevenueNet,ytd_diff,0000723125-16-000269,10-K,2016-10-28,https://www.sec.gov/Archives/edgar/data/723125/000072312516000269/mu-20160901.xml
2014-08-29,2014-12-04,2015,Q1,2014Q4,MU,us-gaap:StatementBusinessSegmentsAxis,mu:MBUMember,revenue,940000000.0,USD,SalesRevenueNet,reported,0000723125-16-000146,10-Q,2016-01-08,https://www.sec.gov/Archives/edgar/data/723125/000072312516000146/mu-20151203.xml
2014-12-05,2015-03-05,2015,Q2,2015Q1,MU,us-gaap:StatementBusinessSegmentsAxis,mu:MBUMember,revenue,856000000.0,USD,SalesRevenueNet,reported,0000723125-16-000176,10-Q,2016-04-08,https://www.sec.gov/Archives/edgar/data/723125/000072312516000176/mu-20160303.xml
2015-03-06,2015-06-04,2015,Q3,2015Q2,MU,us-gaap:StatementBusinessSegmentsAxis,mu:MBUMember,revenue,938000000.0,USD,SalesRevenueNet,reported,0000723125-16-000201,10-Q,2016-07-06,https://www.sec.gov/Archives/edgar/data/723125/000072312516000201/mu-20160602.xml
2015-06-05,2015-09-03,2015,Q4,2015Q3,MU,us-gaap:StatementBusinessSegmentsAxis,mu:MBUMember,revenue,958000000.0,USD,SalesRevenueNet,ytd_diff,0000723125-17-000131,10-K,2017-10-26,https://www.sec.gov/Archives/edgar/data/723125/000072312517000131/mu-20170831.xml
2015-09-04,2015-12-03,2016,Q1,2015Q4,MU,us-gaap:StatementBusinessSegmentsAxis,mu:MBUMember,revenue,834000000.0,USD,SalesRevenueNet,reported,0000723125-17-000005,10-Q,2017-01-09,https://www.sec.gov/Archives/edgar/data/723125/000072312517000005/mu-20161201.xml
2015-12-04,2016-03-03,2016,Q2,2016Q1,MU,us-gaap:StatementBusinessSegmentsAxis,mu:MBUMember,revenue,503000000.0,USD,SalesRevenueNet,reported,0000723125-17-000037,10-Q,2017-03-28,https://www.sec.gov/Archives/edgar/data/723125/000072312517000037/mu-20170302.xml
2016-03-04,2016-06-02,2016,Q3,2016Q2,MU,us-gaap:StatementBusinessSegmentsAxis,mu:MBUMember,revenue,561000000.0,USD,SalesRevenueNet,reported,0000723125-17-000085,10-Q,2017-06-30,https://www.sec.gov/Archives/edgar/data/723125/000072312517000085/mu-20170601.xml
2016-06-03,2016-09-01,2016,Q4,2016Q3,MU,us-gaap:StatementBusinessSegmentsAxis,mu:MBUMember,revenue,671000000.0,USD,Revenues,ytd_diff,0000723125-18-000092,10-K,2018-10-15,https://www.sec.gov/Archives/edgar/data/723125/000072312518000092/mu-20180830.xml
2016-09-02,2016-12-01,2017,Q1,2016Q4,MU,us-gaap:StatementBusinessSegmentsAxis,mu:MBUMember,revenue,1032000000.0,USD,SalesRevenueNet,reported,0000723125-17-000166,10-Q,2017-12-20,https://www.sec.gov/Archives/edgar/data/723125/000072312517000166/mu-20171130.xml
2016-12-02,2017-03-02,2017,Q2,2017Q1,MU,us-gaap:StatementBusinessSegmentsAxis,mu:MBUMember,revenue,1082000000.0,USD,SalesRevenueNet,reported,0000723125-18-000036,10-Q,2018-03-23,https://www.sec.gov/Archives/edgar/data/723125/000072312518000036/mu-20180301.xml
2017-03-03,2017-06-01,2017,Q3,2017Q2,MU,us-gaap:StatementBusinessSegmentsAxis,mu:MBUMember,revenue,1129000000.0,USD,SalesRevenueNet,reported,0000723125-18-000065,10-Q,2018-06-22,https://www.sec.gov/Archives/edgar/data/723125/000072312518000065/mu-20180531.xml
2017-06-02,2017-08-31,2017,Q4,2017Q3,MU,us-gaap:StatementBusinessSegmentsAxis,mu:MBUMember,revenue,1181000000.0,USD,RevenueFromContractWithCustomerExcludingAssessedTax,ytd_diff,0000723125-19-000094,10-K,2019-10-17,https://www.sec.gov/Archives/edgar/data/723125/000072312519000094/mu-20190829.xml
2017-09-01,2017-11-30,2018,Q1,2017Q4,MU,us-gaap:StatementBusinessSegmentsAxis,mu:MBUMember,revenue,1365000000.0,USD,RevenueFromContractWithCustomerExcludingAssessedTax,reported,0000723125-18-000156,10-Q,2018-12-19,https://www.sec.gov/Archives/edgar/data/723125/000072312518000156/mu-20181129.xml
2017-12-01,2018-03-01,2018,Q2,2018Q1,MU,us-gaap:StatementBusinessSegmentsAxis,mu:MBUMember,revenue,1566000000.0,USD,RevenueFromContractWithCustomerExcludingAssessedTax,reported,0000723125-19-000014,10-Q,2019-03-21,https://www.sec.gov/Archives/edgar/data/723125/000072312519000014/mu-20190228.xml
2018-03-02,2018-05-31,2018,Q3,2018Q2,MU,us-gaap:StatementBusinessSegmentsAxis,mu:MBUMember,revenue,1753000000.0,USD,RevenueFromContractWithCustomerExcludingAssessedTax,reported,0000723125-19-000035,10-Q,2019-06-26,https://www.sec.gov/Archives/edgar/data/723125/000072312519000035/mu-20190530.xml
2018-06-01,2018-08-30,2018,Q4,2018Q3,MU,us-gaap:StatementBusinessSegmentsAxis,mu:MBUMember,revenue,1895000000.0,USD,RevenueFromContractWithCustomerExcludingAssessedTax,ytd_diff,0000723125-20-000082,10-K,2020-10-19,https://www.sec.gov/Archives/edgar/data/723125/000072312520000082/mu-20200903_htm.xml
2018-08-31,2018-11-29,2019,Q1,2018Q4,MU,us-gaap:StatementBusinessSegmentsAxis,mu:MBUMember,revenue,2212000000.0,USD,RevenueFromContractWithCustomerExcludingAssessedTax,reported,0000723125-19-000174,10-Q,2019-12-20,https://www.sec.gov/Archives/edgar/data/723125/000072312519000174/mu-20191128_htm.xml
2018-11-30,2019-02-28,2019,Q2,2019Q1,MU,us-gaap:StatementBusinessSegmentsAxis,mu:MBUMember,revenue,1611000000.0,USD,RevenueFromContractWithCustomerExcludingAssessedTax,reported,0000723125-20-000034,10-Q,2020-03-26,https://www.sec.gov/Archives/edgar/data/723125/000072312520000034/mu-20200227_htm.xml
2019-03-01,2019-05-30,2019,Q3,2019Q2,MU,us-gaap:StatementBusinessSegmentsAxis,mu:MBUMember,revenue,1174000000.0,USD,RevenueFromContractWithCustomerExcludingAssessedTax,reported,0000723125-20-000067,10-Q,2020-06-29,https://www.sec.gov/Archives/edgar/data/723125/000072312520000067/mu-20200528_htm.xml
2019-05-31,2019-08-29,2019,Q4,2019Q3,MU,us-gaap:StatementBusinessSegmentsAxis,mu:MBUMember,revenue,1406000000.0,USD,RevenueFromContractWithCustomerExcludingAssessedTax,ytd_diff,0000723125-21-000065,10-K,2021-10-08,https://www.sec.gov/Archives/edgar/data/723125/000072312521000065/mu-20210902_htm.xml
2019-08-30,2019-11-28,2020,Q1,2019Q4,MU,us-gaap:StatementBusinessSegmentsAxis,mu:MBUMember,revenue,1457000000.0,USD,RevenueFromContractWithCustomerExcludingAssessedTax,reported,0000723125-21-000012,10-Q,2021-01-08,https://www.sec.gov/Archives/edgar/data/723125/000072312521000012/mu-20201203_htm.xml
2019-11-29,2020-02-27,2020,Q2,2020Q1,MU,us-gaap:StatementBusinessSegmentsAxis,mu:MBUMember,revenue,1258000000.0,USD,RevenueFromContractWithCustomerExcludingAssessedTax,reported,0000723125-21-000032,10-Q,2021-04-01,https://www.sec.gov/Archives/edgar/data/723125/000072312521000032/mu-20210304_htm.xml
2020-02-28,2020-05-28,2020,Q3,2020Q2,MU,us-gaap:StatementBusinessSegmentsAxis,mu:MBUMember,revenue,1525000000.0,USD,RevenueFromContractWithCustomerExcludingAssessedTax,reported,0000723125-21-000052,10-Q,2021-07-01,https://www.sec.gov/Archives/edgar/data/723125/000072312521000052/mu-20210603_htm.xml
2020-05-29,2020-09-03,2020,Q4,2020Q3,MU,us-gaap:StatementBusinessSegmentsAxis,mu:MBUMember,revenue,1462000000.0,USD,RevenueFromContractWithCustomerExcludingAssessedTax,ytd_diff,0000723125-22-000048,10-K,2022-10-07,https://www.sec.gov/Archives/edgar/data/723125/000072312522000048/mu-20220901_htm.xml
2020-09-04,2020-12-03,2021,Q1,2020Q4,MU,us-gaap:StatementBusinessSegmentsAxis,mu:MBUMember,revenue,1501000000.0,USD,RevenueFromContractWithCustomerExcludingAssessedTax,reported,0000723125-22-000004,10-Q,2022-01-06,https://www.sec.gov/Archives/edgar/data/723125/000072312522000004/mu-20211202_htm.xml
2020-12-04,2021-03-04,2021,Q2,2021Q1,MU,us-gaap:StatementBusinessSegmentsAxis,mu:MBUMember,revenue,1811000000.0,USD,RevenueFromContractWithCustomerExcludingAssessedTax,reported,0000723125-22-000016,10-Q,2022-03-30,https://www.sec.gov/Archives/edgar/data/723125/000072312522000016/mu-20220303_htm.xml
2021-03-05,2021-06-03,2021,Q3,2021Q2,MU,us-gaap:StatementBusinessSegmentsAxis,mu:MBUMember,revenue,1999000000.0,USD,RevenueFromContractWithCustomerExcludingAssessedTax,reported,0000723125-22-000036,10-Q,2022-07-01,https://www.sec.gov/Archives/edgar/data/723125/000072312522000036/mu-20220602_htm.xml
2021-06-04,2021-09-02,2021,Q4,2021Q3,MU,us-gaap:StatementBusinessSegmentsAxis,mu:MBUMember,revenue,1892000000.0,USD,RevenueFromContractWithCustomerExcludingAssessedTax,ytd_diff,0000723125-23-000054,10-K,2023-10-06,https://www.sec.gov/Archives/edgar/data/723125/000072312523000054/mu-20230831_htm.xml
2021-09-03,2021-12-02,2022,Q1,2021Q4,MU,us-gaap:StatementBusinessSegmentsAxis,mu:MBUMember,revenue,1907000000.0,USD,RevenueFromContractWithCustomerExcludingAssessedTax,reported,0000723125-22-000072,10-Q,2022-12-22,https://www.sec.gov/Archives/edgar/data/723125/000072312522000072/mu-20221201_htm.xml
2021-12-03,2022-03-03,2022,Q2,2022Q1,MU,us-gaap:StatementBusinessSegmentsAxis,mu:MBUMember,revenue,1875000000.0,USD,RevenueFromContractWithCustomerExcludingAssessedTax,reported,0000723125-23-000022,10-Q,2023-03-29,https://www.sec.gov/Archives/edgar/data/723125/000072312523000022/mu-20230302_htm.xml
2022-03-04,2022-06-02,2022,Q3,2022Q2,MU,us-gaap:StatementBusinessSegmentsAxis,mu:MBUMember,revenue,1967000000.0,USD,RevenueFromContractWithCustomerExcludingAssessedTax,reported,0000723125-23-000041,10-Q,2023-06-29,https://www.sec.gov/Archives/edgar/data/723125/000072312523000041/mu-20230601_htm.xml
2022-06-03,2022-09-01,2022,Q4,2022Q3,MU,us-gaap:StatementBusinessSegmentsAxis,mu:MBUMember,revenue,1511000000.0,USD,RevenueFromContractWithCustomerExcludingAssessedTax,ytd_diff,0000723125-24-000027,10-K,2024-10-04,https://www.sec.gov/Archives/edgar/data/723125/000072312524000027/mu-20240829_htm.xml
2022-09-02,2022-12-01,2023,Q1,2022Q4,MU,us-gaap:StatementBusinessSegmentsAxis,mu:MBUMember,revenue,655000000.0,USD,RevenueFromContractWithCustomerExcludingAssessedTax,reported,0000723125-23-000077,10-Q,2023-12-21,https://www.sec.gov/Archives/edgar/data/723125/000072312523000077/mu-20231130_htm.xml
2022-12-02,2023-03-02,2023,Q2,2023Q1,MU,us-gaap:StatementBusinessSegmentsAxis,mu:MBUMember,revenue,945000000.0,USD,RevenueFromContractWithCustomerExcludingAssessedTax,reported,0000723125-24-000007,10-Q,2024-03-21,https://www.sec.gov/Archives/edgar/data/723125/000072312524000007/mu-20240229_htm.xml
2023-03-03,2023-06-01,2023,Q3,2023Q2,MU,us-gaap:StatementBusinessSegmentsAxis,mu:MBUMember,revenue,819000000.0,USD,RevenueFromContractWithCustomerExcludingAssessedTax,reported,0000723125-24-000019,10-Q,2024-06-27,https://www.sec.gov/Archives/edgar/data/723125/000072312524000019/mu-20240530_htm.xml
2023-06-02,2023-08-31,2023,Q4,2023Q3,MU,us-gaap:StatementBusinessSegmentsAxis,mu:MBUMember,revenue,1211000000.0,USD,RevenueFromContractWithCustomerExcludingAssessedTax,ytd_diff,0000723125-24-000027,10-K,2024-10-04,https://www.sec.gov/Archives/edgar/data/723125/000072312524000027/mu-20240829_htm.xml
2023-09-01,2023-11-30,2024,Q1,2023Q4,MU,us-gaap:StatementBusinessSegmentsAxis,mu:MBUMember,revenue,1293000000.0,USD,RevenueFromContractWithCustomerExcludingAssessedTax,reported,0000723125-24-000047,10-Q,2024-12-19,https://www.sec.gov/Archives/edgar/data/723125/000072312524000047/mu-20241128_htm.xml
2023-12-01,2024-02-29,2024,Q2,2024Q1,MU,us-gaap:StatementBusinessSegmentsAxis,mu:MBUMember,revenue,1598000000.0,USD,RevenueFromContractWithCustomerExcludingAssessedTax,reported,0000723125-25-000009,10-Q,2025-03-21,https://www.sec.gov/Archives/edgar/data/723125/000072312525000009/mu-20250227_htm.xml
2024-03-01,2024-05-30,2024,Q3,2024Q2,MU,us-gaap:StatementBusinessSegmentsAxis,mu:MBUMember,revenue,1588000000.0,USD,RevenueFromContractWithCustomerExcludingAssessedTax,reported,0000723125-25-000021,10-Q,2025-06-26,https://www.sec.gov/Archives/edgar/data/723125/000072312525000021/mu-20250529_htm.xml
2024-05-31,2024-08-29,2024,Q4,2024Q3,MU,us-gaap:StatementBusinessSegmentsAxis,mu:MBUMember,revenue,1875000000.0,USD,RevenueFromContractWithCustomerExcludingAssessedTax,ytd_diff,0000723125-24-000027,10-K,2024-10-04,https://www.sec.gov/Archives/edgar/data/723125/000072312524000027/mu-20240829_htm.xml
2024-08-30,2024-11-28,2025,Q1,2024Q4,MU,us-gaap:StatementBusinessSegmentsAxis,mu:MBUMember,revenue,1527000000.0,USD,RevenueFromContractWithCustomerExcludingAssessedTax,reported,0000723125-24-000047,10-Q,2024-12-19,https://www.sec.gov/Archives/edgar/data/723125/000072312524000047/mu-20241128_htm.xml
2024-11-29,2025-02-27,2025,Q2,2025Q1,MU,us-gaap:StatementBusinessSegmentsAxis,mu:MBUMember,revenue,1068000000.0,USD,RevenueFromContractWithCustomerExcludingAssessedTax,reported,0000723125-25-000009,10-Q,2025-03-21,https://www.sec.gov/Archives/edgar/data/723125/000072312525000009/mu-20250227_htm.xml
2025-02-28,2025-05-29,2025,Q3,2025Q2,MU,us-gaap:StatementBusinessSegmentsAxis,mu:MBUMember,revenue,1551000000.0,USD,RevenueFromContractWithCustomerExcludingAssessedTax,reported,0000723125-25-000021,10-Q,2025-06-26,https://www.sec.gov/Archives/edgar/data/723125/000072312525000021/mu-20250529_htm.xml
2024-08-30,2024-11-28,2025,Q1,2024Q4,MU,us-gaap:StatementBusinessSegmentsAxis,mu:MCBUMember,revenue,2608000000.0,USD,RevenueFromContractWithCustomerExcludingAssessedTax,reported,0000723125-25-000046,10-Q,2025-12-18,https://www.sec.gov/Archives/edgar/data/723125/000072312525000046/mu-20251127_htm.xml
2024-11-29,2025-02-27,2025,Q2,2025Q1,MU,us-gaap:StatementBusinessSegmentsAxis,mu:MCBUMember,revenue,2236000000.0,USD,RevenueFromContractWithCustomerExcludingAssessedTax,reported,0000723125-26-000006,10-Q,2026-03-19,https://www.sec.gov/Archives/edgar/data/723125/000072312526000006/mu-20260226_htm.xml
2025-02-28,2025-05-29,2025,Q3,2025Q2,MU,us-gaap:StatementBusinessSegmentsAxis,mu:MCBUMember,revenue,3255000000.0,USD,RevenueFromContractWithCustomerExcludingAssessedTax,reported,0000723125-26-000015,10-Q,2026-06-25,https://www.sec.gov/Archives/edgar/data/723125/000072312526000015/mu-20260528_htm.xml
2025-05-30,2025-08-28,2025,Q4,2025Q3,MU,us-gaap:StatementBusinessSegmentsAxis,mu:MCBUMember,revenue,3760000000.0,USD,RevenueFromContractWithCustomerExcludingAssessedTax,ytd_diff,0000723125-25-000028,10-K,2025-10-03,https://www.sec.gov/Archives/edgar/data/723125/000072312525000028/mu-20250828_htm.xml
2025-08-29,2025-11-27,2026,Q1,2025Q4,MU,us-gaap:StatementBusinessSegmentsAxis,mu:MCBUMember,revenue,4255000000.0,USD,RevenueFromContractWithCustomerExcludingAssessedTax,reported,0000723125-25-000046,10-Q,2025-12-18,https://www.sec.gov/Archives/edgar/data/723125/000072312525000046/mu-20251127_htm.xml
2025-11-28,2026-02-26,2026,Q2,2026Q1,MU,us-gaap:StatementBusinessSegmentsAxis,mu:MCBUMember,revenue,7711000000.0,USD,RevenueFromContractWithCustomerExcludingAssessedTax,reported,0000723125-26-000006,10-Q,2026-03-19,https://www.sec.gov/Archives/edgar/data/723125/000072312526000006/mu-20260226_htm.xml
2026-02-27,2026-05-28,2026,Q3,2026Q2,MU,us-gaap:StatementBusinessSegmentsAxis,mu:MCBUMember,revenue,11521000000.0,USD,RevenueFromContractWithCustomerExcludingAssessedTax,reported,0000723125-26-000015,10-Q,2026-06-25,https://www.sec.gov/Archives/edgar/data/723125/000072312526000015/mu-20260528_htm.xml
2014-02-28,2014-05-29,2014,Q3,2014Q2,MU,us-gaap:StatementBusinessSegmentsAxis,mu:SBUMember,revenue,867000000.0,USD,SalesRevenueNet,reported,0000723125-15-000063,10-Q,2015-07-10,https://www.sec.gov/Archives/edgar/data/723125/000072312515000063/mu-20150604.xml
2014-05-30,2014-08-28,2014,Q4,2014Q3,MU,us-gaap:StatementBusinessSegmentsAxis,mu:SBUMember,revenue,907000000.0,USD,SalesRevenueNet,ytd_diff,0000723125-16-000269,10-K,2016-10-28,https://www.sec.gov/Archives/edgar/data/723125/000072312516000269/mu-20160901.xml
2014-08-29,2014-12-04,2015,Q1,2014Q4,MU,us-gaap:StatementBusinessSegmentsAxis,mu:SBUMember,revenue,984000000.0,USD,SalesRevenueNet,reported,0000723125-16-000146,10-Q,2016-01-08,https://www.sec.gov/Archives/edgar/data/723125/000072312516000146/mu-20151203.xml
2014-12-05,2015-03-05,2015,Q2,2015Q1,MU,us-gaap:StatementBusinessSegmentsAxis,mu:SBUMember,revenue,954000000.0,USD,SalesRevenueNet,reported,0000723125-16-000176,10-Q,2016-04-08,https://www.sec.gov/Archives/edgar/data/723125/000072312516000176/mu-20160303.xml
2015-03-06,2015-06-04,2015,Q3,2015Q2,MU,us-gaap:StatementBusinessSegmentsAxis,mu:SBUMember,revenue,901000000.0,USD,SalesRevenueNet,reported,0000723125-16-000201,10-Q,2016-07-06,https://www.sec.gov/Archives/edgar/data/723125/000072312516000201/mu-20160602.xml
2015-06-05,2015-09-03,2015,Q4,2015Q3,MU,us-gaap:StatementBusinessSegmentsAxis,mu:SBUMember,revenue,848000000.0,USD,SalesRevenueNet,ytd_diff,0000723125-17-000131,10-K,2017-10-26,https://www.sec.gov/Archives/edgar/data/723125/000072312517000131/mu-20170831.xml
2015-09-04,2015-12-03,2016,Q1,2015Q4,MU,us-gaap:StatementBusinessSegmentsAxis,mu:SBUMember,revenue,884000000.0,USD,SalesRevenueNet,reported,0000723125-17-000005,10-Q,2017-01-09,https://www.sec.gov/Archives/edgar/data/723125/000072312517000005/mu-20161201.xml
2015-12-04,2016-03-03,2016,Q2,2016Q1,MU,us-gaap:StatementBusinessSegmentsAxis,mu:SBUMember,revenue,901000000.0,USD,SalesRevenueNet,reported,0000723125-17-000037,10-Q,2017-03-28,https://www.sec.gov/Archives/edgar/data/723125/000072312517000037/mu-20170302.xml
2016-03-04,2016-06-02,2016,Q3,2016Q2,MU,us-gaap:StatementBusinessSegmentsAxis,mu:SBUMember,revenue,719000000.0,USD,SalesRevenueNet,reported,0000723125-17-000085,10-Q,2017-06-30,https://www.sec.gov/Archives/edgar/data/723125/000072312517000085/mu-20170601.xml
2016-06-03,2016-09-01,2016,Q4,2016Q3,MU,us-gaap:StatementBusinessSegmentsAxis,mu:SBUMember,revenue,758000000.0,USD,Revenues,ytd_diff,0000723125-18-000092,10-K,2018-10-15,https://www.sec.gov/Archives/edgar/data/723125/000072312518000092/mu-20180830.xml
2016-09-02,2016-12-01,2017,Q1,2016Q4,MU,us-gaap:StatementBusinessSegmentsAxis,mu:SBUMember,revenue,860000000.0,USD,SalesRevenueNet,reported,0000723125-17-000166,10-Q,2017-12-20,https://www.sec.gov/Archives/edgar/data/723125/000072312517000166/mu-20171130.xml
2016-12-02,2017-03-02,2017,Q2,2017Q1,MU,us-gaap:StatementBusinessSegmentsAxis,mu:SBUMember,revenue,1041000000.0,USD,SalesRevenueNet,reported,0000723125-18-000036,10-Q,2018-03-23,https://www.sec.gov/Archives/edgar/data/723125/000072312518000036/mu-20180301.xml
2017-03-03,2017-06-01,2017,Q3,2017Q2,MU,us-gaap:StatementBusinessSegmentsAxis,mu:SBUMember,revenue,1316000000.0,USD,SalesRevenueNet,reported,0000723125-18-000065,10-Q,2018-06-22,https://www.sec.gov/Archives/edgar/data/723125/000072312518000065/mu-20180531.xml
2017-06-02,2017-08-31,2017,Q4,2017Q3,MU,us-gaap:StatementBusinessSegmentsAxis,mu:SBUMember,revenue,1297000000.0,USD,RevenueFromContractWithCustomerExcludingAssessedTax,ytd_diff,0000723125-19-000094,10-K,2019-10-17,https://www.sec.gov/Archives/edgar/data/723125/000072312519000094/mu-20190829.xml
2017-09-01,2017-11-30,2018,Q1,2017Q4,MU,us-gaap:StatementBusinessSegmentsAxis,mu:SBUMember,revenue,1383000000.0,USD,RevenueFromContractWithCustomerExcludingAssessedTax,reported,0000723125-18-000156,10-Q,2018-12-19,https://www.sec.gov/Archives/edgar/data/723125/000072312518000156/mu-20181129.xml
2017-12-01,2018-03-01,2018,Q2,2018Q1,MU,us-gaap:StatementBusinessSegmentsAxis,mu:SBUMember,revenue,1254000000.0,USD,RevenueFromContractWithCustomerExcludingAssessedTax,reported,0000723125-19-000014,10-Q,2019-03-21,https://www.sec.gov/Archives/edgar/data/723125/000072312519000014/mu-20190228.xml
2018-03-02,2018-05-31,2018,Q3,2018Q2,MU,us-gaap:StatementBusinessSegmentsAxis,mu:SBUMember,revenue,1143000000.0,USD,RevenueFromContractWithCustomerExcludingAssessedTax,reported,0000723125-19-000035,10-Q,2019-06-26,https://www.sec.gov/Archives/edgar/data/723125/000072312519000035/mu-20190530.xml
2018-06-01,2018-08-30,2018,Q4,2018Q3,MU,us-gaap:StatementBusinessSegmentsAxis,mu:SBUMember,revenue,1242000000.0,USD,RevenueFromContractWithCustomerExcludingAssessedTax,ytd_diff,0000723125-20-000082,10-K,2020-10-19,https://www.sec.gov/Archives/edgar/data/723125/000072312520000082/mu-20200903_htm.xml
2018-08-31,2018-11-29,2019,Q1,2018Q4,MU,us-gaap:StatementBusinessSegmentsAxis,mu:SBUMember,revenue,1143000000.0,USD,RevenueFromContractWithCustomerExcludingAssessedTax,reported,0000723125-19-000174,10-Q,2019-12-20,https://www.sec.gov/Archives/edgar/data/723125/000072312519000174/mu-20191128_htm.xml
2018-11-30,2019-02-28,2019,Q2,2019Q1,MU,us-gaap:StatementBusinessSegmentsAxis,mu:SBUMember,revenue,1022000000.0,USD,RevenueFromContractWithCustomerExcludingAssessedTax,reported,0000723125-20-000034,10-Q,2020-03-26,https://www.sec.gov/Archives/edgar/data/723125/000072312520000034/mu-20200227_htm.xml
2019-03-01,2019-05-30,2019,Q3,2019Q2,MU,us-gaap:StatementBusinessSegmentsAxis,mu:SBUMember,revenue,813000000.0,USD,RevenueFromContractWithCustomerExcludingAssessedTax,reported,0000723125-20-000067,10-Q,2020-06-29,https://www.sec.gov/Archives/edgar/data/723125/000072312520000067/mu-20200528_htm.xml
2019-05-31,2019-08-29,2019,Q4,2019Q3,MU,us-gaap:StatementBusinessSegmentsAxis,mu:SBUMember,revenue,848000000.0,USD,RevenueFromContractWithCustomerExcludingAssessedTax,ytd_diff,0000723125-21-000065,10-K,2021-10-08,https://www.sec.gov/Archives/edgar/data/723125/000072312521000065/mu-20210902_htm.xml
2019-08-30,2019-11-28,2020,Q1,2019Q4,MU,us-gaap:StatementBusinessSegmentsAxis,mu:SBUMember,revenue,968000000.0,USD,RevenueFromContractWithCustomerExcludingAssessedTax,reported,0000723125-21-000012,10-Q,2021-01-08,https://www.sec.gov/Archives/edgar/data/723125/000072312521000012/mu-20201203_htm.xml
2019-11-29,2020-02-27,2020,Q2,2020Q1,MU,us-gaap:StatementBusinessSegmentsAxis,mu:SBUMember,revenue,870000000.0,USD,RevenueFromContractWithCustomerExcludingAssessedTax,reported,0000723125-21-000032,10-Q,2021-04-01,https://www.sec.gov/Archives/edgar/data/723125/000072312521000032/mu-20210304_htm.xml
2020-02-28,2020-05-28,2020,Q3,2020Q2,MU,us-gaap:StatementBusinessSegmentsAxis,mu:SBUMember,revenue,1014000000.0,USD,RevenueFromContractWithCustomerExcludingAssessedTax,reported,0000723125-21-000052,10-Q,2021-07-01,https://www.sec.gov/Archives/edgar/data/723125/000072312521000052/mu-20210603_htm.xml
2020-05-29,2020-09-03,2020,Q4,2020Q3,MU,us-gaap:StatementBusinessSegmentsAxis,mu:SBUMember,revenue,913000000.0,USD,RevenueFromContractWithCustomerExcludingAssessedTax,ytd_diff,0000723125-22-000048,10-K,2022-10-07,https://www.sec.gov/Archives/edgar/data/723125/000072312522000048/mu-20220901_htm.xml
2020-09-04,2020-12-03,2021,Q1,2020Q4,MU,us-gaap:StatementBusinessSegmentsAxis,mu:SBUMember,revenue,911000000.0,USD,RevenueFromContractWithCustomerExcludingAssessedTax,reported,0000723125-22-000004,10-Q,2022-01-06,https://www.sec.gov/Archives/edgar/data/723125/000072312522000004/mu-20211202_htm.xml
2020-12-04,2021-03-04,2021,Q2,2021Q1,MU,us-gaap:StatementBusinessSegmentsAxis,mu:SBUMember,revenue,850000000.0,USD,RevenueFromContractWithCustomerExcludingAssessedTax,reported,0000723125-22-000016,10-Q,2022-03-30,https://www.sec.gov/Archives/edgar/data/723125/000072312522000016/mu-20220303_htm.xml
2021-03-05,2021-06-03,2021,Q3,2021Q2,MU,us-gaap:StatementBusinessSegmentsAxis,mu:SBUMember,revenue,1009000000.0,USD,RevenueFromContractWithCustomerExcludingAssessedTax,reported,0000723125-22-000036,10-Q,2022-07-01,https://www.sec.gov/Archives/edgar/data/723125/000072312522000036/mu-20220602_htm.xml
2021-06-04,2021-09-02,2021,Q4,2021Q3,MU,us-gaap:StatementBusinessSegmentsAxis,mu:SBUMember,revenue,1203000000.0,USD,RevenueFromContractWithCustomerExcludingAssessedTax,ytd_diff,0000723125-23-000054,10-K,2023-10-06,https://www.sec.gov/Archives/edgar/data/723125/000072312523000054/mu-20230831_htm.xml
2021-09-03,2021-12-02,2022,Q1,2021Q4,MU,us-gaap:StatementBusinessSegmentsAxis,mu:SBUMember,revenue,1150000000.0,USD,RevenueFromContractWithCustomerExcludingAssessedTax,reported,0000723125-22-000072,10-Q,2022-12-22,https://www.sec.gov/Archives/edgar/data/723125/000072312522000072/mu-20221201_htm.xml
2021-12-03,2022-03-03,2022,Q2,2022Q1,MU,us-gaap:StatementBusinessSegmentsAxis,mu:SBUMember,revenue,1171000000.0,USD,RevenueFromContractWithCustomerExcludingAssessedTax,reported,0000723125-23-000022,10-Q,2023-03-29,https://www.sec.gov/Archives/edgar/data/723125/000072312523000022/mu-20230302_htm.xml
2022-03-04,2022-06-02,2022,Q3,2022Q2,MU,us-gaap:StatementBusinessSegmentsAxis,mu:SBUMember,revenue,1341000000.0,USD,RevenueFromContractWithCustomerExcludingAssessedTax,reported,0000723125-23-000041,10-Q,2023-06-29,https://www.sec.gov/Archives/edgar/data/723125/000072312523000041/mu-20230601_htm.xml
2022-06-03,2022-09-01,2022,Q4,2022Q3,MU,us-gaap:StatementBusinessSegmentsAxis,mu:SBUMember,revenue,891000000.0,USD,RevenueFromContractWithCustomerExcludingAssessedTax,ytd_diff,0000723125-24-000027,10-K,2024-10-04,https://www.sec.gov/Archives/edgar/data/723125/000072312524000027/mu-20240829_htm.xml
2022-09-02,2022-12-01,2023,Q1,2022Q4,MU,us-gaap:StatementBusinessSegmentsAxis,mu:SBUMember,revenue,680000000.0,USD,RevenueFromContractWithCustomerExcludingAssessedTax,reported,0000723125-23-000077,10-Q,2023-12-21,https://www.sec.gov/Archives/edgar/data/723125/000072312523000077/mu-20231130_htm.xml
2022-12-02,2023-03-02,2023,Q2,2023Q1,MU,us-gaap:StatementBusinessSegmentsAxis,mu:SBUMember,revenue,507000000.0,USD,RevenueFromContractWithCustomerExcludingAssessedTax,reported,0000723125-24-000007,10-Q,2024-03-21,https://www.sec.gov/Archives/edgar/data/723125/000072312524000007/mu-20240229_htm.xml
2023-03-03,2023-06-01,2023,Q3,2023Q2,MU,us-gaap:StatementBusinessSegmentsAxis,mu:SBUMember,revenue,627000000.0,USD,RevenueFromContractWithCustomerExcludingAssessedTax,reported,0000723125-24-000019,10-Q,2024-06-27,https://www.sec.gov/Archives/edgar/data/723125/000072312524000019/mu-20240530_htm.xml
2023-06-02,2023-08-31,2023,Q4,2023Q3,MU,us-gaap:StatementBusinessSegmentsAxis,mu:SBUMember,revenue,739000000.0,USD,RevenueFromContractWithCustomerExcludingAssessedTax,ytd_diff,0000723125-24-000027,10-K,2024-10-04,https://www.sec.gov/Archives/edgar/data/723125/000072312524000027/mu-20240829_htm.xml
2023-09-01,2023-11-30,2024,Q1,2023Q4,MU,us-gaap:StatementBusinessSegmentsAxis,mu:SBUMember,revenue,653000000.0,USD,RevenueFromContractWithCustomerExcludingAssessedTax,reported,0000723125-24-000047,10-Q,2024-12-19,https://www.sec.gov/Archives/edgar/data/723125/000072312524000047/mu-20241128_htm.xml
2023-12-01,2024-02-29,2024,Q2,2024Q1,MU,us-gaap:StatementBusinessSegmentsAxis,mu:SBUMember,revenue,905000000.0,USD,RevenueFromContractWithCustomerExcludingAssessedTax,reported,0000723125-25-000009,10-Q,2025-03-21,https://www.sec.gov/Archives/edgar/data/723125/000072312525000009/mu-20250227_htm.xml
2024-03-01,2024-05-30,2024,Q3,2024Q2,MU,us-gaap:StatementBusinessSegmentsAxis,mu:SBUMember,revenue,1353000000.0,USD,RevenueFromContractWithCustomerExcludingAssessedTax,reported,0000723125-25-000021,10-Q,2025-06-26,https://www.sec.gov/Archives/edgar/data/723125/000072312525000021/mu-20250529_htm.xml
2024-05-31,2024-08-29,2024,Q4,2024Q3,MU,us-gaap:StatementBusinessSegmentsAxis,mu:SBUMember,revenue,1681000000.0,USD,RevenueFromContractWithCustomerExcludingAssessedTax,ytd_diff,0000723125-24-000027,10-K,2024-10-04,https://www.sec.gov/Archives/edgar/data/723125/000072312524000027/mu-20240829_htm.xml
2024-08-30,2024-11-28,2025,Q1,2024Q4,MU,us-gaap:StatementBusinessSegmentsAxis,mu:SBUMember,revenue,1731000000.0,USD,RevenueFromContractWithCustomerExcludingAssessedTax,reported,0000723125-24-000047,10-Q,2024-12-19,https://www.sec.gov/Archives/edgar/data/723125/000072312524000047/mu-20241128_htm.xml
2024-11-29,2025-02-27,2025,Q2,2025Q1,MU,us-gaap:StatementBusinessSegmentsAxis,mu:SBUMember,revenue,1392000000.0,USD,RevenueFromContractWithCustomerExcludingAssessedTax,reported,0000723125-25-000009,10-Q,2025-03-21,https://www.sec.gov/Archives/edgar/data/723125/000072312525000009/mu-20250227_htm.xml
2025-02-28,2025-05-29,2025,Q3,2025Q2,MU,us-gaap:StatementBusinessSegmentsAxis,mu:SBUMember,revenue,1451000000.0,USD,RevenueFromContractWithCustomerExcludingAssessedTax,reported,0000723125-25-000021,10-Q,2025-06-26,https://www.sec.gov/Archives/edgar/data/723125/000072312525000021/mu-20250529_htm.xml
2014-02-28,2014-05-29,2014,Q3,2014Q2,MU,us-gaap:StatementBusinessSegmentsAxis,us-gaap:AllOtherSegmentsMember,revenue,34000000.0,USD,SalesRevenueNet,reported,0000723125-15-000063,10-Q,2015-07-10,https://www.sec.gov/Archives/edgar/data/723125/000072312515000063/mu-20150604.xml
2014-05-30,2014-08-28,2014,Q4,2014Q3,MU,us-gaap:StatementBusinessSegmentsAxis,us-gaap:AllOtherSegmentsMember,revenue,37000000.0,USD,SalesRevenueNet,ytd_diff,0000723125-16-000269,10-K,2016-10-28,https://www.sec.gov/Archives/edgar/data/723125/000072312516000269/mu-20160901.xml
2014-08-29,2014-12-04,2015,Q1,2014Q4,MU,us-gaap:StatementBusinessSegmentsAxis,us-gaap:AllOtherSegmentsMember,revenue,22000000.0,USD,SalesRevenueNet,reported,0000723125-16-000146,10-Q,2016-01-08,https://www.sec.gov/Archives/edgar/data/723125/000072312516000146/mu-20151203.xml
2014-12-05,2015-03-05,2015,Q2,2015Q1,MU,us-gaap:StatementBusinessSegmentsAxis,us-gaap:AllOtherSegmentsMember,revenue,32000000.0,USD,SalesRevenueNet,reported,0000723125-16-000176,10-Q,2016-04-08,https://www.sec.gov/Archives/edgar/data/723125/000072312516000176/mu-20160303.xml
2015-03-06,2015-06-04,2015,Q3,2015Q2,MU,us-gaap:StatementBusinessSegmentsAxis,us-gaap:AllOtherSegmentsMember,revenue,17000000.0,USD,SalesRevenueNet,reported,0000723125-16-000201,10-Q,2016-07-06,https://www.sec.gov/Archives/edgar/data/723125/000072312516000201/mu-20160602.xml
2015-06-05,2015-09-03,2015,Q4,2015Q3,MU,us-gaap:StatementBusinessSegmentsAxis,us-gaap:AllOtherSegmentsMember,revenue,18000000.0,USD,SalesRevenueNet,ytd_diff,0000723125-17-000131,10-K,2017-10-26,https://www.sec.gov/Archives/edgar/data/723125/000072312517000131/mu-20170831.xml
2015-09-04,2015-12-03,2016,Q1,2015Q4,MU,us-gaap:StatementBusinessSegmentsAxis,us-gaap:AllOtherSegmentsMember,revenue,14000000.0,USD,SalesRevenueNet,reported,0000723125-17-000005,10-Q,2017-01-09,https://www.sec.gov/Archives/edgar/data/723125/000072312517000005/mu-20161201.xml
2015-12-04,2016-03-03,2016,Q2,2016Q1,MU,us-gaap:StatementBusinessSegmentsAxis,us-gaap:AllOtherSegmentsMember,revenue,17000000.0,USD,SalesRevenueNet,reported,0000723125-17-000037,10-Q,2017-03-28,https://www.sec.gov/Archives/edgar/data/723125/000072312517000037/mu-20170302.xml
2016-03-04,2016-06-02,2016,Q3,2016Q2,MU,us-gaap:StatementBusinessSegmentsAxis,us-gaap:AllOtherSegmentsMember,revenue,41000000.0,USD,SalesRevenueNet,reported,0000723125-17-000085,10-Q,2017-06-30,https://www.sec.gov/Archives/edgar/data/723125/000072312517000085/mu-20170601.xml
2016-06-03,2016-09-01,2016,Q4,2016Q3,MU,us-gaap:StatementBusinessSegmentsAxis,us-gaap:AllOtherSegmentsMember,revenue,28000000.0,USD,Revenues,ytd_diff,0000723125-18-000092,10-K,2018-10-15,https://www.sec.gov/Archives/edgar/data/723125/000072312518000092/mu-20180830.xml
2016-09-02,2016-12-01,2017,Q1,2016Q4,MU,us-gaap:StatementBusinessSegmentsAxis,us-gaap:AllOtherSegmentsMember,revenue,30000000.0,USD,SalesRevenueNet,reported,0000723125-17-000166,10-Q,2017-12-20,https://www.sec.gov/Archives/edgar/data/723125/000072312517000166/mu-20171130.xml
2016-12-02,2017-03-02,2017,Q2,2017Q1,MU,us-gaap:StatementBusinessSegmentsAxis,us-gaap:AllOtherSegmentsMember,revenue,18000000.0,USD,SalesRevenueNet,reported,0000723125-18-000036,10-Q,2018-03-23,https://www.sec.gov/Archives/edgar/data/723125/000072312518000036/mu-20180301.xml
2017-03-03,2017-06-01,2017,Q3,2017Q2,MU,us-gaap:StatementBusinessSegmentsAxis,us-gaap:AllOtherSegmentsMember,revenue,32000000.0,USD,SalesRevenueNet,reported,0000723125-18-000065,10-Q,2018-06-22,https://www.sec.gov/Archives/edgar/data/723125/000072312518000065/mu-20180531.xml
2017-06-02,2017-08-31,2017,Q4,2017Q3,MU,us-gaap:StatementBusinessSegmentsAxis,us-gaap:AllOtherSegmentsMember,revenue,-15000000.0,USD,RevenueFromContractWithCustomerExcludingAssessedTax,ytd_diff,0000723125-19-000094,10-K,2019-10-17,https://www.sec.gov/Archives/edgar/data/723125/000072312519000094/mu-20190829.xml
2017-09-01,2017-11-30,2018,Q1,2017Q4,MU,us-gaap:StatementBusinessSegmentsAxis,us-gaap:AllOtherSegmentsMember,revenue,13000000.0,USD,RevenueFromContractWithCustomerExcludingAssessedTax,reported,0000723125-18-000156,10-Q,2018-12-19,https://www.sec.gov/Archives/edgar/data/723125/000072312518000156/mu-20181129.xml
2017-12-01,2018-03-01,2018,Q2,2018Q1,MU,us-gaap:StatementBusinessSegmentsAxis,us-gaap:AllOtherSegmentsMember,revenue,11000000.0,USD,RevenueFromContractWithCustomerExcludingAssessedTax,reported,0000723125-19-000014,10-Q,2019-03-21,https://www.sec.gov/Archives/edgar/data/723125/000072312519000014/mu-20190228.xml
2018-03-02,2018-05-31,2018,Q3,2018Q2,MU,us-gaap:StatementBusinessSegmentsAxis,us-gaap:AllOtherSegmentsMember,revenue,16000000.0,USD,RevenueFromContractWithCustomerExcludingAssessedTax,reported,0000723125-19-000035,10-Q,2019-06-26,https://www.sec.gov/Archives/edgar/data/723125/000072312519000035/mu-20190530.xml
2018-06-01,2018-08-30,2018,Q4,2018Q3,MU,us-gaap:StatementBusinessSegmentsAxis,us-gaap:AllOtherSegmentsMember,revenue,19000000.0,USD,RevenueFromContractWithCustomerExcludingAssessedTax,ytd_diff,0000723125-20-000082,10-K,2020-10-19,https://www.sec.gov/Archives/edgar/data/723125/000072312520000082/mu-20200903_htm.xml
2018-08-31,2018-11-29,2019,Q1,2018Q4,MU,us-gaap:StatementBusinessSegmentsAxis,us-gaap:AllOtherSegmentsMember,revenue,21000000.0,USD,RevenueFromContractWithCustomerExcludingAssessedTax,reported,0000723125-19-000174,10-Q,2019-12-20,https://www.sec.gov/Archives/edgar/data/723125/000072312519000174/mu-20191128_htm.xml
2018-11-30,2019-02-28,2019,Q2,2019Q1,MU,us-gaap:StatementBusinessSegmentsAxis,us-gaap:AllOtherSegmentsMember,revenue,21000000.0,USD,RevenueFromContractWithCustomerExcludingAssessedTax,reported,0000723125-20-000034,10-Q,2020-03-26,https://www.sec.gov/Archives/edgar/data/723125/000072312520000034/mu-20200227_htm.xml
2019-03-01,2019-05-30,2019,Q3,2019Q2,MU,us-gaap:StatementBusinessSegmentsAxis,us-gaap:AllOtherSegmentsMember,revenue,22000000.0,USD,RevenueFromContractWithCustomerExcludingAssessedTax,reported,0000723125-20-000067,10-Q,2020-06-29,https://www.sec.gov/Archives/edgar/data/723125/000072312520000067/mu-20200528_htm.xml
2019-05-31,2019-08-29,2019,Q4,2019Q3,MU,us-gaap:StatementBusinessSegmentsAxis,us-gaap:AllOtherSegmentsMember,revenue,8000000.0,USD,RevenueFromContractWithCustomerExcludingAssessedTax,ytd_diff,0000723125-21-000065,10-K,2021-10-08,https://www.sec.gov/Archives/edgar/data/723125/000072312521000065/mu-20210902_htm.xml
2019-08-30,2019-11-28,2020,Q1,2019Q4,MU,us-gaap:StatementBusinessSegmentsAxis,us-gaap:AllOtherSegmentsMember,revenue,6000000.0,USD,RevenueFromContractWithCustomerExcludingAssessedTax,reported,0000723125-21-000012,10-Q,2021-01-08,https://www.sec.gov/Archives/edgar/data/723125/000072312521000012/mu-20201203_htm.xml
2019-11-29,2020-02-27,2020,Q2,2020Q1,MU,us-gaap:StatementBusinessSegmentsAxis,us-gaap:AllOtherSegmentsMember,revenue,6000000.0,USD,RevenueFromContractWithCustomerExcludingAssessedTax,reported,0000723125-21-000032,10-Q,2021-04-01,https://www.sec.gov/Archives/edgar/data/723125/000072312521000032/mu-20210304_htm.xml
2020-02-28,2020-05-28,2020,Q3,2020Q2,MU,us-gaap:StatementBusinessSegmentsAxis,us-gaap:AllOtherSegmentsMember,revenue,6000000.0,USD,RevenueFromContractWithCustomerExcludingAssessedTax,reported,0000723125-21-000052,10-Q,2021-07-01,https://www.sec.gov/Archives/edgar/data/723125/000072312521000052/mu-20210603_htm.xml
2020-05-29,2020-09-03,2020,Q4,2020Q3,MU,us-gaap:StatementBusinessSegmentsAxis,us-gaap:AllOtherSegmentsMember,revenue,7000000.0,USD,RevenueFromContractWithCustomerExcludingAssessedTax,ytd_diff,0000723125-22-000048,10-K,2022-10-07,https://www.sec.gov/Archives/edgar/data/723125/000072312522000048/mu-20220901_htm.xml
2020-09-04,2020-12-03,2021,Q1,2020Q4,MU,us-gaap:StatementBusinessSegmentsAxis,us-gaap:AllOtherSegmentsMember,revenue,6000000.0,USD,RevenueFromContractWithCustomerExcludingAssessedTax,reported,0000723125-22-000004,10-Q,2022-01-06,https://www.sec.gov/Archives/edgar/data/723125/000072312522000004/mu-20211202_htm.xml
2020-12-04,2021-03-04,2021,Q2,2021Q1,MU,us-gaap:StatementBusinessSegmentsAxis,us-gaap:AllOtherSegmentsMember,revenue,4000000.0,USD,RevenueFromContractWithCustomerExcludingAssessedTax,reported,0000723125-22-000016,10-Q,2022-03-30,https://www.sec.gov/Archives/edgar/data/723125/000072312522000016/mu-20220303_htm.xml
2021-03-05,2021-06-03,2021,Q3,2021Q2,MU,us-gaap:StatementBusinessSegmentsAxis,us-gaap:AllOtherSegmentsMember,revenue,5000000.0,USD,RevenueFromContractWithCustomerExcludingAssessedTax,reported,0000723125-22-000036,10-Q,2022-07-01,https://www.sec.gov/Archives/edgar/data/723125/000072312522000036/mu-20220602_htm.xml
2021-06-04,2021-09-02,2021,Q4,2021Q3,MU,us-gaap:StatementBusinessSegmentsAxis,us-gaap:AllOtherSegmentsMember,revenue,25000000.0,USD,RevenueFromContractWithCustomerExcludingAssessedTax,ytd_diff,0000723125-23-000054,10-K,2023-10-06,https://www.sec.gov/Archives/edgar/data/723125/000072312523000054/mu-20230831_htm.xml
2021-09-03,2021-12-02,2022,Q1,2021Q4,MU,us-gaap:StatementBusinessSegmentsAxis,us-gaap:AllOtherSegmentsMember,revenue,4000000.0,USD,RevenueFromContractWithCustomerExcludingAssessedTax,reported,0000723125-22-000072,10-Q,2022-12-22,https://www.sec.gov/Archives/edgar/data/723125/000072312522000072/mu-20221201_htm.xml
2021-12-03,2022-03-03,2022,Q2,2022Q1,MU,us-gaap:StatementBusinessSegmentsAxis,us-gaap:AllOtherSegmentsMember,revenue,2000000.0,USD,RevenueFromContractWithCustomerExcludingAssessedTax,reported,0000723125-23-000022,10-Q,2023-03-29,https://www.sec.gov/Archives/edgar/data/723125/000072312523000022/mu-20230302_htm.xml
2022-03-04,2022-06-02,2022,Q3,2022Q2,MU,us-gaap:StatementBusinessSegmentsAxis,us-gaap:AllOtherSegmentsMember,revenue,4000000.0,USD,RevenueFromContractWithCustomerExcludingAssessedTax,reported,0000723125-23-000041,10-Q,2023-06-29,https://www.sec.gov/Archives/edgar/data/723125/000072312523000041/mu-20230601_htm.xml
2022-06-03,2022-09-01,2022,Q4,2022Q3,MU,us-gaap:StatementBusinessSegmentsAxis,us-gaap:AllOtherSegmentsMember,revenue,7000000.0,USD,RevenueFromContractWithCustomerExcludingAssessedTax,ytd_diff,0000723125-24-000027,10-K,2024-10-04,https://www.sec.gov/Archives/edgar/data/723125/000072312524000027/mu-20240829_htm.xml
2022-09-02,2022-12-01,2023,Q1,2022Q4,MU,us-gaap:StatementBusinessSegmentsAxis,us-gaap:AllOtherSegmentsMember,revenue,4000000.0,USD,RevenueFromContractWithCustomerExcludingAssessedTax,reported,0000723125-23-000077,10-Q,2023-12-21,https://www.sec.gov/Archives/edgar/data/723125/000072312523000077/mu-20231130_htm.xml
2022-12-02,2023-03-02,2023,Q2,2023Q1,MU,us-gaap:StatementBusinessSegmentsAxis,us-gaap:AllOtherSegmentsMember,revenue,1000000.0,USD,RevenueFromContractWithCustomerExcludingAssessedTax,reported,0000723125-24-000007,10-Q,2024-03-21,https://www.sec.gov/Archives/edgar/data/723125/000072312524000007/mu-20240229_htm.xml
2023-03-03,2023-06-01,2023,Q3,2023Q2,MU,us-gaap:StatementBusinessSegmentsAxis,us-gaap:AllOtherSegmentsMember,revenue,5000000.0,USD,RevenueFromContractWithCustomerExcludingAssessedTax,reported,0000723125-24-000019,10-Q,2024-06-27,https://www.sec.gov/Archives/edgar/data/723125/000072312524000019/mu-20240530_htm.xml
2023-06-02,2023-08-31,2023,Q4,2023Q3,MU,us-gaap:StatementBusinessSegmentsAxis,us-gaap:AllOtherSegmentsMember,revenue,1000000.0,USD,RevenueFromContractWithCustomerExcludingAssessedTax,ytd_diff,0000723125-25-000028,10-K,2025-10-03,https://www.sec.gov/Archives/edgar/data/723125/000072312525000028/mu-20250828_htm.xml
2023-09-01,2023-11-30,2024,Q1,2023Q4,MU,us-gaap:StatementBusinessSegmentsAxis,us-gaap:AllOtherSegmentsMember,revenue,6000000.0,USD,RevenueFromContractWithCustomerExcludingAssessedTax,reported,0000723125-24-000047,10-Q,2024-12-19,https://www.sec.gov/Archives/edgar/data/723125/000072312524000047/mu-20241128_htm.xml
2023-12-01,2024-02-29,2024,Q2,2024Q1,MU,us-gaap:StatementBusinessSegmentsAxis,us-gaap:AllOtherSegmentsMember,revenue,25000000.0,USD,RevenueFromContractWithCustomerExcludingAssessedTax,reported,0000723125-25-000009,10-Q,2025-03-21,https://www.sec.gov/Archives/edgar/data/723125/000072312525000009/mu-20250227_htm.xml
2024-03-01,2024-05-30,2024,Q3,2024Q2,MU,us-gaap:StatementBusinessSegmentsAxis,us-gaap:AllOtherSegmentsMember,revenue,3000000.0,USD,RevenueFromContractWithCustomerExcludingAssessedTax,reported,0000723125-25-000021,10-Q,2025-06-26,https://www.sec.gov/Archives/edgar/data/723125/000072312525000021/mu-20250529_htm.xml
2024-05-31,2024-08-29,2024,Q4,2024Q3,MU,us-gaap:StatementBusinessSegmentsAxis,us-gaap:AllOtherSegmentsMember,revenue,3000000.0,USD,RevenueFromContractWithCustomerExcludingAssessedTax,ytd_diff,0000723125-25-000028,10-K,2025-10-03,https://www.sec.gov/Archives/edgar/data/723125/000072312525000028/mu-20250828_htm.xml
2024-08-30,2024-11-28,2025,Q1,2024Q4,MU,us-gaap:StatementBusinessSegmentsAxis,us-gaap:AllOtherSegmentsMember,revenue,3000000.0,USD,RevenueFromContractWithCustomerExcludingAssessedTax,reported,0000723125-25-000046,10-Q,2025-12-18,https://www.sec.gov/Archives/edgar/data/723125/000072312525000046/mu-20251127_htm.xml
2024-11-29,2025-02-27,2025,Q2,2025Q1,MU,us-gaap:StatementBusinessSegmentsAxis,us-gaap:AllOtherSegmentsMember,revenue,6000000.0,USD,RevenueFromContractWithCustomerExcludingAssessedTax,reported,0000723125-26-000006,10-Q,2026-03-19,https://www.sec.gov/Archives/edgar/data/723125/000072312526000006/mu-20260226_htm.xml
2025-02-28,2025-05-29,2025,Q3,2025Q2,MU,us-gaap:StatementBusinessSegmentsAxis,us-gaap:AllOtherSegmentsMember,revenue,3000000.0,USD,RevenueFromContractWithCustomerExcludingAssessedTax,reported,0000723125-26-000015,10-Q,2026-06-25,https://www.sec.gov/Archives/edgar/data/723125/000072312526000015/mu-20260528_htm.xml
2025-05-30,2025-08-28,2025,Q4,2025Q3,MU,us-gaap:StatementBusinessSegmentsAxis,us-gaap:AllOtherSegmentsMember,revenue,1000000.0,USD,RevenueFromContractWithCustomerExcludingAssessedTax,ytd_diff,0000723125-25-000028,10-K,2025-10-03,https://www.sec.gov/Archives/edgar/data/723125/000072312525000028/mu-20250828_htm.xml
2025-08-29,2025-11-27,2026,Q1,2025Q4,MU,us-gaap:StatementBusinessSegmentsAxis,us-gaap:AllOtherSegmentsMember,revenue,5000000.0,USD,RevenueFromContractWithCustomerExcludingAssessedTax,reported,0000723125-25-000046,10-Q,2025-12-18,https://www.sec.gov/Archives/edgar/data/723125/000072312525000046/mu-20251127_htm.xml
2025-11-28,2026-02-26,2026,Q2,2026Q1,MU,us-gaap:StatementBusinessSegmentsAxis,us-gaap:AllOtherSegmentsMember,revenue,5000000.0,USD,RevenueFromContractWithCustomerExcludingAssessedTax,reported,0000723125-26-000006,10-Q,2026-03-19,https://www.sec.gov/Archives/edgar/data/723125/000072312526000006/mu-20260226_htm.xml
2026-02-27,2026-05-28,2026,Q3,2026Q2,MU,us-gaap:StatementBusinessSegmentsAxis,us-gaap:AllOtherSegmentsMember,revenue,8000000.0,USD,RevenueFromContractWithCustomerExcludingAssessedTax,reported,0000723125-26-000015,10-Q,2026-06-25,https://www.sec.gov/Archives/edgar/data/723125/000072312526000015/mu-20260528_htm.xml
2025-01-27,2025-04-27,2026,Q1,2025Q1,NVDA,srt:ProductOrServiceAxis,nvda:AICloudsIndustrialEnterpriseMember,revenue,21513000000.0,USD,Revenues,reported,0001045810-26-000052,10-Q,2026-05-20,https://www.sec.gov/Archives/edgar/data/1045810/000104581026000052/nvda-20260426_htm.xml
2025-04-28,2025-07-27,2026,Q2,2025Q2,NVDA,srt:ProductOrServiceAxis,nvda:AICloudsIndustrialEnterpriseMember,revenue,16928000000.0,USD,Revenues,reported,0001045810-26-000075,10-Q,2026-08-26,https://www.sec.gov/Archives/edgar/data/1045810/000104581026000075/nvda-20260726_htm.xml
2026-01-26,2026-04-26,2027,Q1,2026Q1,NVDA,srt:ProductOrServiceAxis,nvda:AICloudsIndustrialEnterpriseMember,revenue,37377000000.0,USD,Revenues,reported,0001045810-26-000052,10-Q,2026-05-20,https://www.sec.gov/Archives/edgar/data/1045810/000104581026000052/nvda-20260426_htm.xml
2026-04-27,2026-07-26,2027,Q2,2026Q2,NVDA,srt:ProductOrServiceAxis,nvda:AICloudsIndustrialEnterpriseMember,revenue,40313000000.0,USD,Revenues,reported,0001045810-26-000075,10-Q,2026-08-26,https://www.sec.gov/Archives/edgar/data/1045810/000104581026000075/nvda-20260726_htm.xml
2018-01-29,2018-04-29,2019,Q1,2018Q1,NVDA,srt:ProductOrServiceAxis,nvda:AutomotiveMember,revenue,145000000.0,USD,Revenues,reported,0001045810-19-000079,10-Q,2019-05-16,https://www.sec.gov/Archives/edgar/data/1045810/000104581019000079/nvda-20190428.xml
2018-04-30,2018-07-29,2019,Q2,2018Q2,NVDA,srt:ProductOrServiceAxis,nvda:AutomotiveMember,revenue,161000000.0,USD,Revenues,reported,0001045810-19-000144,10-Q,2019-08-15,https://www.sec.gov/Archives/edgar/data/1045810/000104581019000144/nvda2020q210q_htm.xml
2018-07-30,2018-10-28,2019,Q3,2018Q3,NVDA,srt:ProductOrServiceAxis,nvda:AutomotiveMember,revenue,172000000.0,USD,Revenues,reported,0001045810-19-000170,10-Q,2019-11-14,https://www.sec.gov/Archives/edgar/data/1045810/000104581019000170/nvda2020q310q_htm.xml
2018-10-29,2019-01-27,2019,Q4,2018Q4,NVDA,srt:ProductOrServiceAxis,nvda:AutomotiveMember,revenue,163000000.0,USD,RevenueFromContractWithCustomerExcludingAssessedTax,ytd_diff,0001045810-21-000010,10-K,2021-02-26,https://www.sec.gov/Archives/edgar/data/1045810/000104581021000010/nvda-20210131_htm.xml
2019-01-28,2019-04-28,2020,Q1,2019Q1,NVDA,srt:ProductOrServiceAxis,nvda:AutomotiveMember,revenue,166000000.0,USD,Revenues,reported,0001045810-20-000065,10-Q,2020-05-21,https://www.sec.gov/Archives/edgar/data/1045810/000104581020000065/nvda-20200426_htm.xml
2019-04-29,2019-07-28,2020,Q2,2019Q2,NVDA,srt:ProductOrServiceAxis,nvda:AutomotiveMember,revenue,209000000.0,USD,Revenues,reported,0001045810-20-000147,10-Q,2020-08-19,https://www.sec.gov/Archives/edgar/data/1045810/000104581020000147/nvda-20200726_htm.xml
2019-07-29,2019-10-27,2020,Q3,2019Q3,NVDA,srt:ProductOrServiceAxis,nvda:AutomotiveMember,revenue,162000000.0,USD,Revenues,reported,0001045810-20-000189,10-Q,2020-11-18,https://www.sec.gov/Archives/edgar/data/1045810/000104581020000189/nvda-20201025_htm.xml
2019-10-28,2020-01-26,2020,Q4,2019Q4,NVDA,srt:ProductOrServiceAxis,nvda:AutomotiveMember,revenue,163000000.0,USD,RevenueFromContractWithCustomerExcludingAssessedTax,ytd_diff,0001045810-22-000036,10-K,2022-03-18,https://www.sec.gov/Archives/edgar/data/1045810/000104581022000036/nvda-20220130_htm.xml
2020-01-27,2020-04-26,2021,Q1,2020Q1,NVDA,srt:ProductOrServiceAxis,nvda:AutomotiveMember,revenue,155000000.0,USD,Revenues,reported,0001045810-21-000064,10-Q,2021-05-26,https://www.sec.gov/Archives/edgar/data/1045810/000104581021000064/nvda-20210502_htm.xml
2020-04-27,2020-07-26,2021,Q2,2020Q2,NVDA,srt:ProductOrServiceAxis,nvda:AutomotiveMember,revenue,111000000.0,USD,Revenues,reported,0001045810-21-000131,10-Q,2021-08-20,https://www.sec.gov/Archives/edgar/data/1045810/000104581021000131/nvda-20210801_htm.xml
2020-07-27,2020-10-25,2021,Q3,2020Q3,NVDA,srt:ProductOrServiceAxis,nvda:AutomotiveMember,revenue,125000000.0,USD,Revenues,reported,0001045810-21-000163,10-Q,2021-11-22,https://www.sec.gov/Archives/edgar/data/1045810/000104581021000163/nvda-20211031_htm.xml
2020-10-26,2021-01-31,2021,Q4,2020Q4,NVDA,srt:ProductOrServiceAxis,nvda:AutomotiveMember,revenue,145000000.0,USD,Revenues,ytd_diff,0001045810-23-000017,10-K,2023-02-24,https://www.sec.gov/Archives/edgar/data/1045810/000104581023000017/nvda-20230129_htm.xml
2021-02-01,2021-05-02,2022,Q1,2021Q1,NVDA,srt:ProductOrServiceAxis,nvda:AutomotiveMember,revenue,154000000.0,USD,Revenues,reported,0001045810-22-000079,10-Q,2022-05-27,https://www.sec.gov/Archives/edgar/data/1045810/000104581022000079/nvda-20220501_htm.xml
2021-05-03,2021-08-01,2022,Q2,2021Q2,NVDA,srt:ProductOrServiceAxis,nvda:AutomotiveMember,revenue,152000000.0,USD,Revenues,reported,0001045810-22-000147,10-Q,2022-08-31,https://www.sec.gov/Archives/edgar/data/1045810/000104581022000147/nvda-20220731_htm.xml
2021-08-02,2021-10-31,2022,Q3,2021Q3,NVDA,srt:ProductOrServiceAxis,nvda:AutomotiveMember,revenue,135000000.0,USD,Revenues,reported,0001045810-22-000166,10-Q,2022-11-18,https://www.sec.gov/Archives/edgar/data/1045810/000104581022000166/nvda-20221030_htm.xml
2021-11-01,2022-01-30,2022,Q4,2021Q4,NVDA,srt:ProductOrServiceAxis,nvda:AutomotiveMember,revenue,125000000.0,USD,Revenues,ytd_diff,0001045810-24-000029,10-K,2024-02-21,https://www.sec.gov/Archives/edgar/data/1045810/000104581024000029/nvda-20240128_htm.xml
2022-01-31,2022-05-01,2023,Q1,2022Q1,NVDA,srt:ProductOrServiceAxis,nvda:AutomotiveMember,revenue,138000000.0,USD,Revenues,reported,0001045810-23-000093,10-Q,2023-05-26,https://www.sec.gov/Archives/edgar/data/1045810/000104581023000093/nvda-20230430_htm.xml
2022-05-02,2022-07-31,2023,Q2,2022Q2,NVDA,srt:ProductOrServiceAxis,nvda:AutomotiveMember,revenue,220000000.0,USD,Revenues,reported,0001045810-23-000175,10-Q,2023-08-28,https://www.sec.gov/Archives/edgar/data/1045810/000104581023000175/nvda-20230730_htm.xml
2022-08-01,2022-10-30,2023,Q3,2022Q3,NVDA,srt:ProductOrServiceAxis,nvda:AutomotiveMember,revenue,251000000.0,USD,Revenues,reported,0001045810-23-000227,10-Q,2023-11-21,https://www.sec.gov/Archives/edgar/data/1045810/000104581023000227/nvda-20231029_htm.xml
2022-10-31,2023-01-29,2023,Q4,2022Q4,NVDA,srt:ProductOrServiceAxis,nvda:AutomotiveMember,revenue,294000000.0,USD,Revenues,ytd_diff,0001045810-25-000023,10-K,2025-02-26,https://www.sec.gov/Archives/edgar/data/1045810/000104581025000023/nvda-20250126_htm.xml
2023-01-30,2023-04-30,2024,Q1,2023Q1,NVDA,srt:ProductOrServiceAxis,nvda:AutomotiveMember,revenue,296000000.0,USD,Revenues,reported,0001045810-24-000124,10-Q,2024-05-29,https://www.sec.gov/Archives/edgar/data/1045810/000104581024000124/nvda-20240428_htm.xml
2023-05-01,2023-07-30,2024,Q2,2023Q2,NVDA,srt:ProductOrServiceAxis,nvda:AutomotiveMember,revenue,253000000.0,USD,Revenues,reported,0001045810-24-000264,10-Q,2024-08-28,https://www.sec.gov/Archives/edgar/data/1045810/000104581024000264/nvda-20240728_htm.xml
2023-07-31,2023-10-29,2024,Q3,2023Q3,NVDA,srt:ProductOrServiceAxis,nvda:AutomotiveMember,revenue,261000000.0,USD,Revenues,reported,0001045810-24-000316,10-Q,2024-11-20,https://www.sec.gov/Archives/edgar/data/1045810/000104581024000316/nvda-20241027_htm.xml
2023-10-30,2024-01-28,2024,Q4,2023Q4,NVDA,srt:ProductOrServiceAxis,nvda:AutomotiveMember,revenue,281000000.0,USD,Revenues,ytd_diff,0001045810-26-000021,10-K,2026-02-25,https://www.sec.gov/Archives/edgar/data/1045810/000104581026000021/nvda-20260125_htm.xml
2024-01-29,2024-04-28,2025,Q1,2024Q1,NVDA,srt:ProductOrServiceAxis,nvda:AutomotiveMember,revenue,329000000.0,USD,Revenues,reported,0001045810-25-000116,10-Q,2025-05-28,https://www.sec.gov/Archives/edgar/data/1045810/000104581025000116/nvda-20250427_htm.xml
2024-04-29,2024-07-28,2025,Q2,2024Q2,NVDA,srt:ProductOrServiceAxis,nvda:AutomotiveMember,revenue,346000000.0,USD,Revenues,reported,0001045810-25-000209,10-Q,2025-08-27,https://www.sec.gov/Archives/edgar/data/1045810/000104581025000209/nvda-20250727_htm.xml
2024-07-29,2024-10-27,2025,Q3,2024Q3,NVDA,srt:ProductOrServiceAxis,nvda:AutomotiveMember,revenue,449000000.0,USD,Revenues,reported,0001045810-25-000230,10-Q,2025-11-19,https://www.sec.gov/Archives/edgar/data/1045810/000104581025000230/nvda-20251026_htm.xml
2024-10-28,2025-01-26,2025,Q4,2024Q4,NVDA,srt:ProductOrServiceAxis,nvda:AutomotiveMember,revenue,570000000.0,USD,Revenues,ytd_diff,0001045810-26-000021,10-K,2026-02-25,https://www.sec.gov/Archives/edgar/data/1045810/000104581026000021/nvda-20260125_htm.xml
2025-01-27,2025-04-27,2026,Q1,2025Q1,NVDA,srt:ProductOrServiceAxis,nvda:AutomotiveMember,revenue,567000000.0,USD,Revenues,reported,0001045810-25-000116,10-Q,2025-05-28,https://www.sec.gov/Archives/edgar/data/1045810/000104581025000116/nvda-20250427_htm.xml
2025-04-28,2025-07-27,2026,Q2,2025Q2,NVDA,srt:ProductOrServiceAxis,nvda:AutomotiveMember,revenue,586000000.0,USD,Revenues,reported,0001045810-25-000209,10-Q,2025-08-27,https://www.sec.gov/Archives/edgar/data/1045810/000104581025000209/nvda-20250727_htm.xml
2025-07-28,2025-10-26,2026,Q3,2025Q3,NVDA,srt:ProductOrServiceAxis,nvda:AutomotiveMember,revenue,592000000.0,USD,Revenues,reported,0001045810-25-000230,10-Q,2025-11-19,https://www.sec.gov/Archives/edgar/data/1045810/000104581025000230/nvda-20251026_htm.xml
2025-10-27,2026-01-25,2026,Q4,2025Q4,NVDA,srt:ProductOrServiceAxis,nvda:AutomotiveMember,revenue,604000000.0,USD,Revenues,ytd_diff,0001045810-26-000021,10-K,2026-02-25,https://www.sec.gov/Archives/edgar/data/1045810/000104581026000021/nvda-20260125_htm.xml
2023-01-30,2023-04-30,2024,Q1,2023Q1,NVDA,srt:ProductOrServiceAxis,nvda:ComputeMember,revenue,3357000000.0,USD,Revenues,reported,0001045810-24-000124,10-Q,2024-05-29,https://www.sec.gov/Archives/edgar/data/1045810/000104581024000124/nvda-20240428_htm.xml
2023-05-01,2023-07-30,2024,Q2,2023Q2,NVDA,srt:ProductOrServiceAxis,nvda:ComputeMember,revenue,8612000000.0,USD,Revenues,reported,0001045810-24-000264,10-Q,2024-08-28,https://www.sec.gov/Archives/edgar/data/1045810/000104581024000264/nvda-20240728_htm.xml
2023-07-31,2023-10-29,2024,Q3,2023Q3,NVDA,srt:ProductOrServiceAxis,nvda:ComputeMember,revenue,11908000000.0,USD,Revenues,reported,0001045810-24-000316,10-Q,2024-11-20,https://www.sec.gov/Archives/edgar/data/1045810/000104581024000316/nvda-20241027_htm.xml
2023-10-30,2024-01-28,2024,Q4,2023Q4,NVDA,srt:ProductOrServiceAxis,nvda:ComputeMember,revenue,15073000000.0,USD,Revenues,ytd_diff,0001045810-26-000021,10-K,2026-02-25,https://www.sec.gov/Archives/edgar/data/1045810/000104581026000021/nvda-20260125_htm.xml
2024-01-29,2024-04-28,2025,Q1,2024Q1,NVDA,srt:ProductOrServiceAxis,nvda:ComputeMember,revenue,19392000000.0,USD,Revenues,reported,0001045810-25-000116,10-Q,2025-05-28,https://www.sec.gov/Archives/edgar/data/1045810/000104581025000116/nvda-20250427_htm.xml
2024-04-29,2024-07-28,2025,Q2,2024Q2,NVDA,srt:ProductOrServiceAxis,nvda:ComputeMember,revenue,22604000000.0,USD,Revenues,reported,0001045810-25-000209,10-Q,2025-08-27,https://www.sec.gov/Archives/edgar/data/1045810/000104581025000209/nvda-20250727_htm.xml
2024-07-29,2024-10-27,2025,Q3,2024Q3,NVDA,srt:ProductOrServiceAxis,nvda:ComputeMember,revenue,27644000000.0,USD,Revenues,reported,0001045810-25-000230,10-Q,2025-11-19,https://www.sec.gov/Archives/edgar/data/1045810/000104581025000230/nvda-20251026_htm.xml
2024-10-28,2025-01-26,2025,Q4,2024Q4,NVDA,srt:ProductOrServiceAxis,nvda:ComputeMember,revenue,32556000000.0,USD,Revenues,ytd_diff,0001045810-26-000021,10-K,2026-02-25,https://www.sec.gov/Archives/edgar/data/1045810/000104581026000021/nvda-20260125_htm.xml
2025-01-27,2025-04-27,2026,Q1,2025Q1,NVDA,srt:ProductOrServiceAxis,nvda:ComputeMember,revenue,34155000000.0,USD,Revenues,reported,0001045810-25-000116,10-Q,2025-05-28,https://www.sec.gov/Archives/edgar/data/1045810/000104581025000116/nvda-20250427_htm.xml
2025-04-28,2025-07-27,2026,Q2,2025Q2,NVDA,srt:ProductOrServiceAxis,nvda:ComputeMember,revenue,33844000000.0,USD,Revenues,reported,0001045810-25-000209,10-Q,2025-08-27,https://www.sec.gov/Archives/edgar/data/1045810/000104581025000209/nvda-20250727_htm.xml
2025-07-28,2025-10-26,2026,Q3,2025Q3,NVDA,srt:ProductOrServiceAxis,nvda:ComputeMember,revenue,43028000000.0,USD,Revenues,reported,0001045810-25-000230,10-Q,2025-11-19,https://www.sec.gov/Archives/edgar/data/1045810/000104581025000230/nvda-20251026_htm.xml
2025-10-27,2026-01-25,2026,Q4,2025Q4,NVDA,srt:ProductOrServiceAxis,nvda:ComputeMember,revenue,51334000000.0,USD,Revenues,ytd_diff,0001045810-26-000021,10-K,2026-02-25,https://www.sec.gov/Archives/edgar/data/1045810/000104581026000021/nvda-20260125_htm.xml
2018-07-30,2018-10-28,2019,Q3,2018Q3,NVDA,srt:ProductOrServiceAxis,nvda:DataCenterMember,revenue,792000000.0,USD,Revenues,reported,0001045810-19-000170,10-Q,2019-11-14,https://www.sec.gov/Archives/edgar/data/1045810/000104581019000170/nvda2020q310q_htm.xml
2018-10-29,2019-01-27,2019,Q4,2018Q4,NVDA,srt:ProductOrServiceAxis,nvda:DataCenterMember,revenue,679000000.0,USD,RevenueFromContractWithCustomerExcludingAssessedTax,ytd_diff,0001045810-21-000010,10-K,2021-02-26,https://www.sec.gov/Archives/edgar/data/1045810/000104581021000010/nvda-20210131_htm.xml
2019-01-28,2019-04-28,2020,Q1,2019Q1,NVDA,srt:ProductOrServiceAxis,nvda:DataCenterMember,revenue,634000000.0,USD,Revenues,reported,0001045810-20-000065,10-Q,2020-05-21,https://www.sec.gov/Archives/edgar/data/1045810/000104581020000065/nvda-20200426_htm.xml
2019-04-29,2019-07-28,2020,Q2,2019Q2,NVDA,srt:ProductOrServiceAxis,nvda:DataCenterMember,revenue,655000000.0,USD,Revenues,reported,0001045810-20-000147,10-Q,2020-08-19,https://www.sec.gov/Archives/edgar/data/1045810/000104581020000147/nvda-20200726_htm.xml
2019-07-29,2019-10-27,2020,Q3,2019Q3,NVDA,srt:ProductOrServiceAxis,nvda:DataCenterMember,revenue,726000000.0,USD,Revenues,reported,0001045810-20-000189,10-Q,2020-11-18,https://www.sec.gov/Archives/edgar/data/1045810/000104581020000189/nvda-20201025_htm.xml
2019-10-28,2020-01-26,2020,Q4,2019Q4,NVDA,srt:ProductOrServiceAxis,nvda:DataCenterMember,revenue,968000000.0,USD,RevenueFromContractWithCustomerExcludingAssessedTax,ytd_diff,0001045810-22-000036,10-K,2022-03-18,https://www.sec.gov/Archives/edgar/data/1045810/000104581022000036/nvda-20220130_htm.xml
2020-01-27,2020-04-26,2021,Q1,2020Q1,NVDA,srt:ProductOrServiceAxis,nvda:DataCenterMember,revenue,1141000000.0,USD,Revenues,reported,0001045810-21-000064,10-Q,2021-05-26,https://www.sec.gov/Archives/edgar/data/1045810/000104581021000064/nvda-20210502_htm.xml
2020-04-27,2020-07-26,2021,Q2,2020Q2,NVDA,srt:ProductOrServiceAxis,nvda:DataCenterMember,revenue,1752000000.0,USD,Revenues,reported,0001045810-21-000131,10-Q,2021-08-20,https://www.sec.gov/Archives/edgar/data/1045810/000104581021000131/nvda-20210801_htm.xml
2020-07-27,2020-10-25,2021,Q3,2020Q3,NVDA,srt:ProductOrServiceAxis,nvda:DataCenterMember,revenue,1900000000.0,USD,Revenues,reported,0001045810-21-000163,10-Q,2021-11-22,https://www.sec.gov/Archives/edgar/data/1045810/000104581021000163/nvda-20211031_htm.xml
2020-10-26,2021-01-31,2021,Q4,2020Q4,NVDA,srt:ProductOrServiceAxis,nvda:DataCenterMember,revenue,1903000000.0,USD,Revenues,ytd_diff,0001045810-23-000017,10-K,2023-02-24,https://www.sec.gov/Archives/edgar/data/1045810/000104581023000017/nvda-20230129_htm.xml
2021-02-01,2021-05-02,2022,Q1,2021Q1,NVDA,srt:ProductOrServiceAxis,nvda:DataCenterMember,revenue,2048000000.0,USD,Revenues,reported,0001045810-22-000079,10-Q,2022-05-27,https://www.sec.gov/Archives/edgar/data/1045810/000104581022000079/nvda-20220501_htm.xml
2021-05-03,2021-08-01,2022,Q2,2021Q2,NVDA,srt:ProductOrServiceAxis,nvda:DataCenterMember,revenue,2366000000.0,USD,Revenues,reported,0001045810-22-000147,10-Q,2022-08-31,https://www.sec.gov/Archives/edgar/data/1045810/000104581022000147/nvda-20220731_htm.xml
2021-08-02,2021-10-31,2022,Q3,2021Q3,NVDA,srt:ProductOrServiceAxis,nvda:DataCenterMember,revenue,2936000000.0,USD,Revenues,reported,0001045810-22-000166,10-Q,2022-11-18,https://www.sec.gov/Archives/edgar/data/1045810/000104581022000166/nvda-20221030_htm.xml
2021-11-01,2022-01-30,2022,Q4,2021Q4,NVDA,srt:ProductOrServiceAxis,nvda:DataCenterMember,revenue,3263000000.0,USD,Revenues,ytd_diff,0001045810-24-000029,10-K,2024-02-21,https://www.sec.gov/Archives/edgar/data/1045810/000104581024000029/nvda-20240128_htm.xml
2022-01-31,2022-05-01,2023,Q1,2022Q1,NVDA,srt:ProductOrServiceAxis,nvda:DataCenterMember,revenue,3750000000.0,USD,Revenues,reported,0001045810-23-000093,10-Q,2023-05-26,https://www.sec.gov/Archives/edgar/data/1045810/000104581023000093/nvda-20230430_htm.xml
2022-05-02,2022-07-31,2023,Q2,2022Q2,NVDA,srt:ProductOrServiceAxis,nvda:DataCenterMember,revenue,3806000000.0,USD,Revenues,reported,0001045810-23-000175,10-Q,2023-08-28,https://www.sec.gov/Archives/edgar/data/1045810/000104581023000175/nvda-20230730_htm.xml
2022-08-01,2022-10-30,2023,Q3,2022Q3,NVDA,srt:ProductOrServiceAxis,nvda:DataCenterMember,revenue,3833000000.0,USD,Revenues,reported,0001045810-23-000227,10-Q,2023-11-21,https://www.sec.gov/Archives/edgar/data/1045810/000104581023000227/nvda-20231029_htm.xml
2022-10-31,2023-01-29,2023,Q4,2022Q4,NVDA,srt:ProductOrServiceAxis,nvda:DataCenterMember,revenue,3616000000.0,USD,Revenues,ytd_diff,0001045810-25-000023,10-K,2025-02-26,https://www.sec.gov/Archives/edgar/data/1045810/000104581025000023/nvda-20250126_htm.xml
2023-01-30,2023-04-30,2024,Q1,2023Q1,NVDA,srt:ProductOrServiceAxis,nvda:DataCenterMember,revenue,4284000000.0,USD,Revenues,reported,0001045810-24-000124,10-Q,2024-05-29,https://www.sec.gov/Archives/edgar/data/1045810/000104581024000124/nvda-20240428_htm.xml
2023-05-01,2023-07-30,2024,Q2,2023Q2,NVDA,srt:ProductOrServiceAxis,nvda:DataCenterMember,revenue,10323000000.0,USD,Revenues,reported,0001045810-24-000264,10-Q,2024-08-28,https://www.sec.gov/Archives/edgar/data/1045810/000104581024000264/nvda-20240728_htm.xml
2023-07-31,2023-10-29,2024,Q3,2023Q3,NVDA,srt:ProductOrServiceAxis,nvda:DataCenterMember,revenue,14514000000.0,USD,Revenues,reported,0001045810-24-000316,10-Q,2024-11-20,https://www.sec.gov/Archives/edgar/data/1045810/000104581024000316/nvda-20241027_htm.xml
2023-10-30,2024-01-28,2024,Q4,2023Q4,NVDA,srt:ProductOrServiceAxis,nvda:DataCenterMember,revenue,18404000000.0,USD,Revenues,ytd_diff,0001045810-26-000021,10-K,2026-02-25,https://www.sec.gov/Archives/edgar/data/1045810/000104581026000021/nvda-20260125_htm.xml
2024-01-29,2024-04-28,2025,Q1,2024Q1,NVDA,srt:ProductOrServiceAxis,nvda:DataCenterMember,revenue,22563000000.0,USD,Revenues,reported,0001045810-25-000116,10-Q,2025-05-28,https://www.sec.gov/Archives/edgar/data/1045810/000104581025000116/nvda-20250427_htm.xml
2024-04-29,2024-07-28,2025,Q2,2024Q2,NVDA,srt:ProductOrServiceAxis,nvda:DataCenterMember,revenue,26272000000.0,USD,Revenues,reported,0001045810-25-000209,10-Q,2025-08-27,https://www.sec.gov/Archives/edgar/data/1045810/000104581025000209/nvda-20250727_htm.xml
2024-07-29,2024-10-27,2025,Q3,2024Q3,NVDA,srt:ProductOrServiceAxis,nvda:DataCenterMember,revenue,30771000000.0,USD,Revenues,reported,0001045810-25-000230,10-Q,2025-11-19,https://www.sec.gov/Archives/edgar/data/1045810/000104581025000230/nvda-20251026_htm.xml
2024-10-28,2025-01-26,2025,Q4,2024Q4,NVDA,srt:ProductOrServiceAxis,nvda:DataCenterMember,revenue,35580000000.0,USD,Revenues,ytd_diff,0001045810-26-000021,10-K,2026-02-25,https://www.sec.gov/Archives/edgar/data/1045810/000104581026000021/nvda-20260125_htm.xml
2025-01-27,2025-04-27,2026,Q1,2025Q1,NVDA,srt:ProductOrServiceAxis,nvda:DataCenterMember,revenue,39112000000.0,USD,Revenues,reported,0001045810-26-000052,10-Q,2026-05-20,https://www.sec.gov/Archives/edgar/data/1045810/000104581026000052/nvda-20260426_htm.xml
2025-04-28,2025-07-27,2026,Q2,2025Q2,NVDA,srt:ProductOrServiceAxis,nvda:DataCenterMember,revenue,41096000000.0,USD,Revenues,reported,0001045810-26-000075,10-Q,2026-08-26,https://www.sec.gov/Archives/edgar/data/1045810/000104581026000075/nvda-20260726_htm.xml
2025-07-28,2025-10-26,2026,Q3,2025Q3,NVDA,srt:ProductOrServiceAxis,nvda:DataCenterMember,revenue,51215000000.0,USD,Revenues,reported,0001045810-25-000230,10-Q,2025-11-19,https://www.sec.gov/Archives/edgar/data/1045810/000104581025000230/nvda-20251026_htm.xml
2025-10-27,2026-01-25,2026,Q4,2025Q4,NVDA,srt:ProductOrServiceAxis,nvda:DataCenterMember,revenue,62314000000.0,USD,Revenues,ytd_diff,0001045810-26-000021,10-K,2026-02-25,https://www.sec.gov/Archives/edgar/data/1045810/000104581026000021/nvda-20260125_htm.xml
2026-01-26,2026-04-26,2027,Q1,2026Q1,NVDA,srt:ProductOrServiceAxis,nvda:DataCenterMember,revenue,75246000000.0,USD,Revenues,reported,0001045810-26-000052,10-Q,2026-05-20,https://www.sec.gov/Archives/edgar/data/1045810/000104581026000052/nvda-20260426_htm.xml
2026-04-27,2026-07-26,2027,Q2,2026Q2,NVDA,srt:ProductOrServiceAxis,nvda:DataCenterMember,revenue,89023000000.0,USD,Revenues,reported,0001045810-26-000075,10-Q,2026-08-26,https://www.sec.gov/Archives/edgar/data/1045810/000104581026000075/nvda-20260726_htm.xml
2018-01-29,2018-04-29,2019,Q1,2018Q1,NVDA,srt:ProductOrServiceAxis,nvda:DatacenterMember,revenue,701000000.0,USD,Revenues,reported,0001045810-19-000079,10-Q,2019-05-16,https://www.sec.gov/Archives/edgar/data/1045810/000104581019000079/nvda-20190428.xml
2018-04-30,2018-07-29,2019,Q2,2018Q2,NVDA,srt:ProductOrServiceAxis,nvda:DatacenterMember,revenue,760000000.0,USD,Revenues,reported,0001045810-19-000144,10-Q,2019-08-15,https://www.sec.gov/Archives/edgar/data/1045810/000104581019000144/nvda2020q210q_htm.xml
2019-01-28,2019-04-28,2020,Q1,2019Q1,NVDA,srt:ProductOrServiceAxis,nvda:DatacenterMember,revenue,634000000.0,USD,Revenues,reported,0001045810-19-000079,10-Q,2019-05-16,https://www.sec.gov/Archives/edgar/data/1045810/000104581019000079/nvda-20190428.xml
2019-04-29,2019-07-28,2020,Q2,2019Q2,NVDA,srt:ProductOrServiceAxis,nvda:DatacenterMember,revenue,655000000.0,USD,Revenues,reported,0001045810-19-000144,10-Q,2019-08-15,https://www.sec.gov/Archives/edgar/data/1045810/000104581019000144/nvda2020q210q_htm.xml
2025-01-27,2025-04-27,2026,Q1,2025Q1,NVDA,srt:ProductOrServiceAxis,nvda:EdgeComputingMember,revenue,4950000000.0,USD,Revenues,reported,0001045810-26-000052,10-Q,2026-05-20,https://www.sec.gov/Archives/edgar/data/1045810/000104581026000052/nvda-20260426_htm.xml
2025-04-28,2025-07-27,2026,Q2,2025Q2,NVDA,srt:ProductOrServiceAxis,nvda:EdgeComputingMember,revenue,5647000000.0,USD,Revenues,reported,0001045810-26-000075,10-Q,2026-08-26,https://www.sec.gov/Archives/edgar/data/1045810/000104581026000075/nvda-20260726_htm.xml
2026-01-26,2026-04-26,2027,Q1,2026Q1,NVDA,srt:ProductOrServiceAxis,nvda:EdgeComputingMember,revenue,6369000000.0,USD,Revenues,reported,0001045810-26-000052,10-Q,2026-05-20,https://www.sec.gov/Archives/edgar/data/1045810/000104581026000052/nvda-20260426_htm.xml
2026-04-27,2026-07-26,2027,Q2,2026Q2,NVDA,srt:ProductOrServiceAxis,nvda:EdgeComputingMember,revenue,7198000000.0,USD,Revenues,reported,0001045810-26-000075,10-Q,2026-08-26,https://www.sec.gov/Archives/edgar/data/1045810/000104581026000075/nvda-20260726_htm.xml
2018-01-29,2018-04-29,2019,Q1,2018Q1,NVDA,srt:ProductOrServiceAxis,nvda:GamingMember,revenue,1723000000.0,USD,Revenues,reported,0001045810-19-000079,10-Q,2019-05-16,https://www.sec.gov/Archives/edgar/data/1045810/000104581019000079/nvda-20190428.xml
2018-04-30,2018-07-29,2019,Q2,2018Q2,NVDA,srt:ProductOrServiceAxis,nvda:GamingMember,revenue,1805000000.0,USD,Revenues,reported,0001045810-19-000144,10-Q,2019-08-15,https://www.sec.gov/Archives/edgar/data/1045810/000104581019000144/nvda2020q210q_htm.xml
2018-07-30,2018-10-28,2019,Q3,2018Q3,NVDA,srt:ProductOrServiceAxis,nvda:GamingMember,revenue,1764000000.0,USD,Revenues,reported,0001045810-19-000170,10-Q,2019-11-14,https://www.sec.gov/Archives/edgar/data/1045810/000104581019000170/nvda2020q310q_htm.xml
2018-10-29,2019-01-27,2019,Q4,2018Q4,NVDA,srt:ProductOrServiceAxis,nvda:GamingMember,revenue,954000000.0,USD,RevenueFromContractWithCustomerExcludingAssessedTax,ytd_diff,0001045810-21-000010,10-K,2021-02-26,https://www.sec.gov/Archives/edgar/data/1045810/000104581021000010/nvda-20210131_htm.xml
2019-01-28,2019-04-28,2020,Q1,2019Q1,NVDA,srt:ProductOrServiceAxis,nvda:GamingMember,revenue,1055000000.0,USD,Revenues,reported,0001045810-20-000065,10-Q,2020-05-21,https://www.sec.gov/Archives/edgar/data/1045810/000104581020000065/nvda-20200426_htm.xml
2019-04-29,2019-07-28,2020,Q2,2019Q2,NVDA,srt:ProductOrServiceAxis,nvda:GamingMember,revenue,1313000000.0,USD,Revenues,reported,0001045810-20-000147,10-Q,2020-08-19,https://www.sec.gov/Archives/edgar/data/1045810/000104581020000147/nvda-20200726_htm.xml
2019-07-29,2019-10-27,2020,Q3,2019Q3,NVDA,srt:ProductOrServiceAxis,nvda:GamingMember,revenue,1659000000.0,USD,Revenues,reported,0001045810-20-000189,10-Q,2020-11-18,https://www.sec.gov/Archives/edgar/data/1045810/000104581020000189/nvda-20201025_htm.xml
2019-10-28,2020-01-26,2020,Q4,2019Q4,NVDA,srt:ProductOrServiceAxis,nvda:GamingMember,revenue,1491000000.0,USD,RevenueFromContractWithCustomerExcludingAssessedTax,ytd_diff,0001045810-22-000036,10-K,2022-03-18,https://www.sec.gov/Archives/edgar/data/1045810/000104581022000036/nvda-20220130_htm.xml
2020-01-27,2020-04-26,2021,Q1,2020Q1,NVDA,srt:ProductOrServiceAxis,nvda:GamingMember,revenue,1339000000.0,USD,Revenues,reported,0001045810-21-000064,10-Q,2021-05-26,https://www.sec.gov/Archives/edgar/data/1045810/000104581021000064/nvda-20210502_htm.xml
2020-04-27,2020-07-26,2021,Q2,2020Q2,NVDA,srt:ProductOrServiceAxis,nvda:GamingMember,revenue,1654000000.0,USD,Revenues,reported,0001045810-21-000131,10-Q,2021-08-20,https://www.sec.gov/Archives/edgar/data/1045810/000104581021000131/nvda-20210801_htm.xml
2020-07-27,2020-10-25,2021,Q3,2020Q3,NVDA,srt:ProductOrServiceAxis,nvda:GamingMember,revenue,2271000000.0,USD,Revenues,reported,0001045810-21-000163,10-Q,2021-11-22,https://www.sec.gov/Archives/edgar/data/1045810/000104581021000163/nvda-20211031_htm.xml
2020-10-26,2021-01-31,2021,Q4,2020Q4,NVDA,srt:ProductOrServiceAxis,nvda:GamingMember,revenue,2495000000.0,USD,Revenues,ytd_diff,0001045810-23-000017,10-K,2023-02-24,https://www.sec.gov/Archives/edgar/data/1045810/000104581023000017/nvda-20230129_htm.xml
2021-02-01,2021-05-02,2022,Q1,2021Q1,NVDA,srt:ProductOrServiceAxis,nvda:GamingMember,revenue,2760000000.0,USD,Revenues,reported,0001045810-22-000079,10-Q,2022-05-27,https://www.sec.gov/Archives/edgar/data/1045810/000104581022000079/nvda-20220501_htm.xml
2021-05-03,2021-08-01,2022,Q2,2021Q2,NVDA,srt:ProductOrServiceAxis,nvda:GamingMember,revenue,3061000000.0,USD,Revenues,reported,0001045810-22-000147,10-Q,2022-08-31,https://www.sec.gov/Archives/edgar/data/1045810/000104581022000147/nvda-20220731_htm.xml
2021-08-02,2021-10-31,2022,Q3,2021Q3,NVDA,srt:ProductOrServiceAxis,nvda:GamingMember,revenue,3221000000.0,USD,Revenues,reported,0001045810-22-000166,10-Q,2022-11-18,https://www.sec.gov/Archives/edgar/data/1045810/000104581022000166/nvda-20221030_htm.xml
2021-11-01,2022-01-30,2022,Q4,2021Q4,NVDA,srt:ProductOrServiceAxis,nvda:GamingMember,revenue,3420000000.0,USD,Revenues,ytd_diff,0001045810-24-000029,10-K,2024-02-21,https://www.sec.gov/Archives/edgar/data/1045810/000104581024000029/nvda-20240128_htm.xml
2022-01-31,2022-05-01,2023,Q1,2022Q1,NVDA,srt:ProductOrServiceAxis,nvda:GamingMember,revenue,3620000000.0,USD,Revenues,reported,0001045810-23-000093,10-Q,2023-05-26,https://www.sec.gov/Archives/edgar/data/1045810/000104581023000093/nvda-20230430_htm.xml
2022-05-02,2022-07-31,2023,Q2,2022Q2,NVDA,srt:ProductOrServiceAxis,nvda:GamingMember,revenue,2042000000.0,USD,Revenues,reported,0001045810-23-000175,10-Q,2023-08-28,https://www.sec.gov/Archives/edgar/data/1045810/000104581023000175/nvda-20230730_htm.xml
2022-08-01,2022-10-30,2023,Q3,2022Q3,NVDA,srt:ProductOrServiceAxis,nvda:GamingMember,revenue,1574000000.0,USD,Revenues,reported,0001045810-23-000227,10-Q,2023-11-21,https://www.sec.gov/Archives/edgar/data/1045810/000104581023000227/nvda-20231029_htm.xml
2022-10-31,2023-01-29,2023,Q4,2022Q4,NVDA,srt:ProductOrServiceAxis,nvda:GamingMember,revenue,1831000000.0,USD,Revenues,ytd_diff,0001045810-25-000023,10-K,2025-02-26,https://www.sec.gov/Archives/edgar/data/1045810/000104581025000023/nvda-20250126_htm.xml
2023-01-30,2023-04-30,2024,Q1,2023Q1,NVDA,srt:ProductOrServiceAxis,nvda:GamingMember,revenue,2240000000.0,USD,Revenues,reported,0001045810-24-000124,10-Q,2024-05-29,https://www.sec.gov/Archives/edgar/data/1045810/000104581024000124/nvda-20240428_htm.xml
2023-05-01,2023-07-30,2024,Q2,2023Q2,NVDA,srt:ProductOrServiceAxis,nvda:GamingMember,revenue,2486000000.0,USD,Revenues,reported,0001045810-24-000264,10-Q,2024-08-28,https://www.sec.gov/Archives/edgar/data/1045810/000104581024000264/nvda-20240728_htm.xml
2023-07-31,2023-10-29,2024,Q3,2023Q3,NVDA,srt:ProductOrServiceAxis,nvda:GamingMember,revenue,2856000000.0,USD,Revenues,reported,0001045810-24-000316,10-Q,2024-11-20,https://www.sec.gov/Archives/edgar/data/1045810/000104581024000316/nvda-20241027_htm.xml
2023-10-30,2024-01-28,2024,Q4,2023Q4,NVDA,srt:ProductOrServiceAxis,nvda:GamingMember,revenue,2865000000.0,USD,Revenues,ytd_diff,0001045810-26-000021,10-K,2026-02-25,https://www.sec.gov/Archives/edgar/data/1045810/000104581026000021/nvda-20260125_htm.xml
2024-01-29,2024-04-28,2025,Q1,2024Q1,NVDA,srt:ProductOrServiceAxis,nvda:GamingMember,revenue,2647000000.0,USD,Revenues,reported,0001045810-25-000116,10-Q,2025-05-28,https://www.sec.gov/Archives/edgar/data/1045810/000104581025000116/nvda-20250427_htm.xml
2024-04-29,2024-07-28,2025,Q2,2024Q2,NVDA,srt:ProductOrServiceAxis,nvda:GamingMember,revenue,2880000000.0,USD,Revenues,reported,0001045810-25-000209,10-Q,2025-08-27,https://www.sec.gov/Archives/edgar/data/1045810/000104581025000209/nvda-20250727_htm.xml
2024-07-29,2024-10-27,2025,Q3,2024Q3,NVDA,srt:ProductOrServiceAxis,nvda:GamingMember,revenue,3279000000.0,USD,Revenues,reported,0001045810-25-000230,10-Q,2025-11-19,https://www.sec.gov/Archives/edgar/data/1045810/000104581025000230/nvda-20251026_htm.xml
2024-10-28,2025-01-26,2025,Q4,2024Q4,NVDA,srt:ProductOrServiceAxis,nvda:GamingMember,revenue,2544000000.0,USD,Revenues,ytd_diff,0001045810-26-000021,10-K,2026-02-25,https://www.sec.gov/Archives/edgar/data/1045810/000104581026000021/nvda-20260125_htm.xml
2025-01-27,2025-04-27,2026,Q1,2025Q1,NVDA,srt:ProductOrServiceAxis,nvda:GamingMember,revenue,3763000000.0,USD,Revenues,reported,0001045810-25-000116,10-Q,2025-05-28,https://www.sec.gov/Archives/edgar/data/1045810/000104581025000116/nvda-20250427_htm.xml
2025-04-28,2025-07-27,2026,Q2,2025Q2,NVDA,srt:ProductOrServiceAxis,nvda:GamingMember,revenue,4287000000.0,USD,Revenues,reported,0001045810-25-000209,10-Q,2025-08-27,https://www.sec.gov/Archives/edgar/data/1045810/000104581025000209/nvda-20250727_htm.xml
2025-07-28,2025-10-26,2026,Q3,2025Q3,NVDA,srt:ProductOrServiceAxis,nvda:GamingMember,revenue,4265000000.0,USD,Revenues,reported,0001045810-25-000230,10-Q,2025-11-19,https://www.sec.gov/Archives/edgar/data/1045810/000104581025000230/nvda-20251026_htm.xml
2025-10-27,2026-01-25,2026,Q4,2025Q4,NVDA,srt:ProductOrServiceAxis,nvda:GamingMember,revenue,3727000000.0,USD,Revenues,ytd_diff,0001045810-26-000021,10-K,2026-02-25,https://www.sec.gov/Archives/edgar/data/1045810/000104581026000021/nvda-20260125_htm.xml
2025-01-27,2025-04-27,2026,Q1,2025Q1,NVDA,srt:ProductOrServiceAxis,nvda:HyperscaleMember,revenue,17599000000.0,USD,Revenues,reported,0001045810-26-000052,10-Q,2026-05-20,https://www.sec.gov/Archives/edgar/data/1045810/000104581026000052/nvda-20260426_htm.xml
2025-04-28,2025-07-27,2026,Q2,2025Q2,NVDA,srt:ProductOrServiceAxis,nvda:HyperscaleMember,revenue,24168000000.0,USD,Revenues,reported,0001045810-26-000075,10-Q,2026-08-26,https://www.sec.gov/Archives/edgar/data/1045810/000104581026000075/nvda-20260726_htm.xml
2026-01-26,2026-04-26,2027,Q1,2026Q1,NVDA,srt:ProductOrServiceAxis,nvda:HyperscaleMember,revenue,37869000000.0,USD,Revenues,reported,0001045810-26-000052,10-Q,2026-05-20,https://www.sec.gov/Archives/edgar/data/1045810/000104581026000052/nvda-20260426_htm.xml
2026-04-27,2026-07-26,2027,Q2,2026Q2,NVDA,srt:ProductOrServiceAxis,nvda:HyperscaleMember,revenue,48710000000.0,USD,Revenues,reported,0001045810-26-000075,10-Q,2026-08-26,https://www.sec.gov/Archives/edgar/data/1045810/000104581026000075/nvda-20260726_htm.xml
2023-01-30,2023-04-30,2024,Q1,2023Q1,NVDA,srt:ProductOrServiceAxis,nvda:NetworkingMember,revenue,927000000.0,USD,Revenues,reported,0001045810-24-000124,10-Q,2024-05-29,https://www.sec.gov/Archives/edgar/data/1045810/000104581024000124/nvda-20240428_htm.xml
2023-05-01,2023-07-30,2024,Q2,2023Q2,NVDA,srt:ProductOrServiceAxis,nvda:NetworkingMember,revenue,1711000000.0,USD,Revenues,reported,0001045810-24-000264,10-Q,2024-08-28,https://www.sec.gov/Archives/edgar/data/1045810/000104581024000264/nvda-20240728_htm.xml
2023-07-31,2023-10-29,2024,Q3,2023Q3,NVDA,srt:ProductOrServiceAxis,nvda:NetworkingMember,revenue,2606000000.0,USD,Revenues,reported,0001045810-24-000316,10-Q,2024-11-20,https://www.sec.gov/Archives/edgar/data/1045810/000104581024000316/nvda-20241027_htm.xml
2023-10-30,2024-01-28,2024,Q4,2023Q4,NVDA,srt:ProductOrServiceAxis,nvda:NetworkingMember,revenue,3331000000.0,USD,Revenues,ytd_diff,0001045810-26-000021,10-K,2026-02-25,https://www.sec.gov/Archives/edgar/data/1045810/000104581026000021/nvda-20260125_htm.xml
2024-01-29,2024-04-28,2025,Q1,2024Q1,NVDA,srt:ProductOrServiceAxis,nvda:NetworkingMember,revenue,3171000000.0,USD,Revenues,reported,0001045810-25-000116,10-Q,2025-05-28,https://www.sec.gov/Archives/edgar/data/1045810/000104581025000116/nvda-20250427_htm.xml
2024-04-29,2024-07-28,2025,Q2,2024Q2,NVDA,srt:ProductOrServiceAxis,nvda:NetworkingMember,revenue,3668000000.0,USD,Revenues,reported,0001045810-25-000209,10-Q,2025-08-27,https://www.sec.gov/Archives/edgar/data/1045810/000104581025000209/nvda-20250727_htm.xml
2024-07-29,2024-10-27,2025,Q3,2024Q3,NVDA,srt:ProductOrServiceAxis,nvda:NetworkingMember,revenue,3127000000.0,USD,Revenues,reported,0001045810-25-000230,10-Q,2025-11-19,https://www.sec.gov/Archives/edgar/data/1045810/000104581025000230/nvda-20251026_htm.xml
2024-10-28,2025-01-26,2025,Q4,2024Q4,NVDA,srt:ProductOrServiceAxis,nvda:NetworkingMember,revenue,3024000000.0,USD,Revenues,ytd_diff,0001045810-26-000021,10-K,2026-02-25,https://www.sec.gov/Archives/edgar/data/1045810/000104581026000021/nvda-20260125_htm.xml
2025-01-27,2025-04-27,2026,Q1,2025Q1,NVDA,srt:ProductOrServiceAxis,nvda:NetworkingMember,revenue,4957000000.0,USD,Revenues,reported,0001045810-25-000116,10-Q,2025-05-28,https://www.sec.gov/Archives/edgar/data/1045810/000104581025000116/nvda-20250427_htm.xml
2025-04-28,2025-07-27,2026,Q2,2025Q2,NVDA,srt:ProductOrServiceAxis,nvda:NetworkingMember,revenue,7252000000.0,USD,Revenues,reported,0001045810-25-000209,10-Q,2025-08-27,https://www.sec.gov/Archives/edgar/data/1045810/000104581025000209/nvda-20250727_htm.xml
2025-07-28,2025-10-26,2026,Q3,2025Q3,NVDA,srt:ProductOrServiceAxis,nvda:NetworkingMember,revenue,8187000000.0,USD,Revenues,reported,0001045810-25-000230,10-Q,2025-11-19,https://www.sec.gov/Archives/edgar/data/1045810/000104581025000230/nvda-20251026_htm.xml
2025-10-27,2026-01-25,2026,Q4,2025Q4,NVDA,srt:ProductOrServiceAxis,nvda:NetworkingMember,revenue,10980000000.0,USD,Revenues,ytd_diff,0001045810-26-000021,10-K,2026-02-25,https://www.sec.gov/Archives/edgar/data/1045810/000104581026000021/nvda-20260125_htm.xml
2018-07-30,2018-10-28,2019,Q3,2018Q3,NVDA,srt:ProductOrServiceAxis,nvda:OEMAndOtherMember,revenue,148000000.0,USD,Revenues,reported,0001045810-19-000170,10-Q,2019-11-14,https://www.sec.gov/Archives/edgar/data/1045810/000104581019000170/nvda2020q310q_htm.xml
2018-10-29,2019-01-27,2019,Q4,2018Q4,NVDA,srt:ProductOrServiceAxis,nvda:OEMAndOtherMember,revenue,116000000.0,USD,RevenueFromContractWithCustomerExcludingAssessedTax,ytd_diff,0001045810-21-000010,10-K,2021-02-26,https://www.sec.gov/Archives/edgar/data/1045810/000104581021000010/nvda-20210131_htm.xml
2019-01-28,2019-04-28,2020,Q1,2019Q1,NVDA,srt:ProductOrServiceAxis,nvda:OEMAndOtherMember,revenue,99000000.0,USD,Revenues,reported,0001045810-20-000065,10-Q,2020-05-21,https://www.sec.gov/Archives/edgar/data/1045810/000104581020000065/nvda-20200426_htm.xml
2019-04-29,2019-07-28,2020,Q2,2019Q2,NVDA,srt:ProductOrServiceAxis,nvda:OEMAndOtherMember,revenue,111000000.0,USD,Revenues,reported,0001045810-20-000147,10-Q,2020-08-19,https://www.sec.gov/Archives/edgar/data/1045810/000104581020000147/nvda-20200726_htm.xml
2019-07-29,2019-10-27,2020,Q3,2019Q3,NVDA,srt:ProductOrServiceAxis,nvda:OEMAndOtherMember,revenue,143000000.0,USD,Revenues,reported,0001045810-20-000189,10-Q,2020-11-18,https://www.sec.gov/Archives/edgar/data/1045810/000104581020000189/nvda-20201025_htm.xml
2019-10-28,2020-01-26,2020,Q4,2019Q4,NVDA,srt:ProductOrServiceAxis,nvda:OEMAndOtherMember,revenue,152000000.0,USD,RevenueFromContractWithCustomerExcludingAssessedTax,ytd_diff,0001045810-22-000036,10-K,2022-03-18,https://www.sec.gov/Archives/edgar/data/1045810/000104581022000036/nvda-20220130_htm.xml
2020-01-27,2020-04-26,2021,Q1,2020Q1,NVDA,srt:ProductOrServiceAxis,nvda:OEMAndOtherMember,revenue,138000000.0,USD,Revenues,reported,0001045810-21-000064,10-Q,2021-05-26,https://www.sec.gov/Archives/edgar/data/1045810/000104581021000064/nvda-20210502_htm.xml
2020-04-27,2020-07-26,2021,Q2,2020Q2,NVDA,srt:ProductOrServiceAxis,nvda:OEMAndOtherMember,revenue,146000000.0,USD,Revenues,reported,0001045810-21-000131,10-Q,2021-08-20,https://www.sec.gov/Archives/edgar/data/1045810/000104581021000131/nvda-20210801_htm.xml
2020-07-27,2020-10-25,2021,Q3,2020Q3,NVDA,srt:ProductOrServiceAxis,nvda:OEMAndOtherMember,revenue,194000000.0,USD,Revenues,reported,0001045810-21-000163,10-Q,2021-11-22,https://www.sec.gov/Archives/edgar/data/1045810/000104581021000163/nvda-20211031_htm.xml
2020-10-26,2021-01-31,2021,Q4,2020Q4,NVDA,srt:ProductOrServiceAxis,nvda:OEMAndOtherMember,revenue,153000000.0,USD,Revenues,ytd_diff,0001045810-23-000017,10-K,2023-02-24,https://www.sec.gov/Archives/edgar/data/1045810/000104581023000017/nvda-20230129_htm.xml
2021-02-01,2021-05-02,2022,Q1,2021Q1,NVDA,srt:ProductOrServiceAxis,nvda:OEMAndOtherMember,revenue,327000000.0,USD,Revenues,reported,0001045810-22-000079,10-Q,2022-05-27,https://www.sec.gov/Archives/edgar/data/1045810/000104581022000079/nvda-20220501_htm.xml
2021-05-03,2021-08-01,2022,Q2,2021Q2,NVDA,srt:ProductOrServiceAxis,nvda:OEMAndOtherMember,revenue,409000000.0,USD,Revenues,reported,0001045810-22-000147,10-Q,2022-08-31,https://www.sec.gov/Archives/edgar/data/1045810/000104581022000147/nvda-20220731_htm.xml
2021-08-02,2021-10-31,2022,Q3,2021Q3,NVDA,srt:ProductOrServiceAxis,nvda:OEMAndOtherMember,revenue,234000000.0,USD,Revenues,reported,0001045810-22-000166,10-Q,2022-11-18,https://www.sec.gov/Archives/edgar/data/1045810/000104581022000166/nvda-20221030_htm.xml
2021-11-01,2022-01-30,2022,Q4,2021Q4,NVDA,srt:ProductOrServiceAxis,nvda:OEMAndOtherMember,revenue,192000000.0,USD,Revenues,ytd_diff,0001045810-24-000029,10-K,2024-02-21,https://www.sec.gov/Archives/edgar/data/1045810/000104581024000029/nvda-20240128_htm.xml
2022-01-31,2022-05-01,2023,Q1,2022Q1,NVDA,srt:ProductOrServiceAxis,nvda:OEMAndOtherMember,revenue,158000000.0,USD,Revenues,reported,0001045810-23-000093,10-Q,2023-05-26,https://www.sec.gov/Archives/edgar/data/1045810/000104581023000093/nvda-20230430_htm.xml
2022-05-02,2022-07-31,2023,Q2,2022Q2,NVDA,srt:ProductOrServiceAxis,nvda:OEMAndOtherMember,revenue,140000000.0,USD,Revenues,reported,0001045810-23-000175,10-Q,2023-08-28,https://www.sec.gov/Archives/edgar/data/1045810/000104581023000175/nvda-20230730_htm.xml
2022-08-01,2022-10-30,2023,Q3,2022Q3,NVDA,srt:ProductOrServiceAxis,nvda:OEMAndOtherMember,revenue,73000000.0,USD,Revenues,reported,0001045810-23-000227,10-Q,2023-11-21,https://www.sec.gov/Archives/edgar/data/1045810/000104581023000227/nvda-20231029_htm.xml
2022-10-31,2023-01-29,2023,Q4,2022Q4,NVDA,srt:ProductOrServiceAxis,nvda:OEMAndOtherMember,revenue,84000000.0,USD,Revenues,ytd_diff,0001045810-25-000023,10-K,2025-02-26,https://www.sec.gov/Archives/edgar/data/1045810/000104581025000023/nvda-20250126_htm.xml
2023-01-30,2023-04-30,2024,Q1,2023Q1,NVDA,srt:ProductOrServiceAxis,nvda:OEMAndOtherMember,revenue,77000000.0,USD,Revenues,reported,0001045810-24-000124,10-Q,2024-05-29,https://www.sec.gov/Archives/edgar/data/1045810/000104581024000124/nvda-20240428_htm.xml
2023-05-01,2023-07-30,2024,Q2,2023Q2,NVDA,srt:ProductOrServiceAxis,nvda:OEMAndOtherMember,revenue,66000000.0,USD,Revenues,reported,0001045810-24-000264,10-Q,2024-08-28,https://www.sec.gov/Archives/edgar/data/1045810/000104581024000264/nvda-20240728_htm.xml
2023-07-31,2023-10-29,2024,Q3,2023Q3,NVDA,srt:ProductOrServiceAxis,nvda:OEMAndOtherMember,revenue,73000000.0,USD,Revenues,reported,0001045810-24-000316,10-Q,2024-11-20,https://www.sec.gov/Archives/edgar/data/1045810/000104581024000316/nvda-20241027_htm.xml
2023-10-30,2024-01-28,2024,Q4,2023Q4,NVDA,srt:ProductOrServiceAxis,nvda:OEMAndOtherMember,revenue,90000000.0,USD,Revenues,ytd_diff,0001045810-26-000021,10-K,2026-02-25,https://www.sec.gov/Archives/edgar/data/1045810/000104581026000021/nvda-20260125_htm.xml
2024-01-29,2024-04-28,2025,Q1,2024Q1,NVDA,srt:ProductOrServiceAxis,nvda:OEMAndOtherMember,revenue,78000000.0,USD,Revenues,reported,0001045810-25-000116,10-Q,2025-05-28,https://www.sec.gov/Archives/edgar/data/1045810/000104581025000116/nvda-20250427_htm.xml
2024-04-29,2024-07-28,2025,Q2,2024Q2,NVDA,srt:ProductOrServiceAxis,nvda:OEMAndOtherMember,revenue,88000000.0,USD,Revenues,reported,0001045810-25-000209,10-Q,2025-08-27,https://www.sec.gov/Archives/edgar/data/1045810/000104581025000209/nvda-20250727_htm.xml
2024-07-29,2024-10-27,2025,Q3,2024Q3,NVDA,srt:ProductOrServiceAxis,nvda:OEMAndOtherMember,revenue,97000000.0,USD,Revenues,reported,0001045810-25-000230,10-Q,2025-11-19,https://www.sec.gov/Archives/edgar/data/1045810/000104581025000230/nvda-20251026_htm.xml
2024-10-28,2025-01-26,2025,Q4,2024Q4,NVDA,srt:ProductOrServiceAxis,nvda:OEMAndOtherMember,revenue,126000000.0,USD,Revenues,ytd_diff,0001045810-26-000021,10-K,2026-02-25,https://www.sec.gov/Archives/edgar/data/1045810/000104581026000021/nvda-20260125_htm.xml
2025-01-27,2025-04-27,2026,Q1,2025Q1,NVDA,srt:ProductOrServiceAxis,nvda:OEMAndOtherMember,revenue,111000000.0,USD,Revenues,reported,0001045810-25-000116,10-Q,2025-05-28,https://www.sec.gov/Archives/edgar/data/1045810/000104581025000116/nvda-20250427_htm.xml
2025-04-28,2025-07-27,2026,Q2,2025Q2,NVDA,srt:ProductOrServiceAxis,nvda:OEMAndOtherMember,revenue,173000000.0,USD,Revenues,reported,0001045810-25-000209,10-Q,2025-08-27,https://www.sec.gov/Archives/edgar/data/1045810/000104581025000209/nvda-20250727_htm.xml
2025-07-28,2025-10-26,2026,Q3,2025Q3,NVDA,srt:ProductOrServiceAxis,nvda:OEMAndOtherMember,revenue,174000000.0,USD,Revenues,reported,0001045810-25-000230,10-Q,2025-11-19,https://www.sec.gov/Archives/edgar/data/1045810/000104581025000230/nvda-20251026_htm.xml
2025-10-27,2026-01-25,2026,Q4,2025Q4,NVDA,srt:ProductOrServiceAxis,nvda:OEMAndOtherMember,revenue,161000000.0,USD,Revenues,ytd_diff,0001045810-26-000021,10-K,2026-02-25,https://www.sec.gov/Archives/edgar/data/1045810/000104581026000021/nvda-20260125_htm.xml
2018-01-29,2018-04-29,2019,Q1,2018Q1,NVDA,srt:ProductOrServiceAxis,nvda:OEMIPMember,revenue,387000000.0,USD,Revenues,reported,0001045810-19-000079,10-Q,2019-05-16,https://www.sec.gov/Archives/edgar/data/1045810/000104581019000079/nvda-20190428.xml
2018-04-30,2018-07-29,2019,Q2,2018Q2,NVDA,srt:ProductOrServiceAxis,nvda:OEMIPMember,revenue,116000000.0,USD,Revenues,reported,0001045810-19-000144,10-Q,2019-08-15,https://www.sec.gov/Archives/edgar/data/1045810/000104581019000144/nvda2020q210q_htm.xml
2019-01-28,2019-04-28,2020,Q1,2019Q1,NVDA,srt:ProductOrServiceAxis,nvda:OEMIPMember,revenue,99000000.0,USD,Revenues,reported,0001045810-19-000079,10-Q,2019-05-16,https://www.sec.gov/Archives/edgar/data/1045810/000104581019000079/nvda-20190428.xml
2019-04-29,2019-07-28,2020,Q2,2019Q2,NVDA,srt:ProductOrServiceAxis,nvda:OEMIPMember,revenue,111000000.0,USD,Revenues,reported,0001045810-19-000144,10-Q,2019-08-15,https://www.sec.gov/Archives/edgar/data/1045810/000104581019000144/nvda2020q210q_htm.xml
2018-01-29,2018-04-29,2019,Q1,2018Q1,NVDA,srt:ProductOrServiceAxis,nvda:ProfessionalVisualizationMember,revenue,251000000.0,USD,Revenues,reported,0001045810-19-000079,10-Q,2019-05-16,https://www.sec.gov/Archives/edgar/data/1045810/000104581019000079/nvda-20190428.xml
2018-04-30,2018-07-29,2019,Q2,2018Q2,NVDA,srt:ProductOrServiceAxis,nvda:ProfessionalVisualizationMember,revenue,281000000.0,USD,Revenues,reported,0001045810-19-000144,10-Q,2019-08-15,https://www.sec.gov/Archives/edgar/data/1045810/000104581019000144/nvda2020q210q_htm.xml
2018-07-30,2018-10-28,2019,Q3,2018Q3,NVDA,srt:ProductOrServiceAxis,nvda:ProfessionalVisualizationMember,revenue,305000000.0,USD,Revenues,reported,0001045810-19-000170,10-Q,2019-11-14,https://www.sec.gov/Archives/edgar/data/1045810/000104581019000170/nvda2020q310q_htm.xml
2018-10-29,2019-01-27,2019,Q4,2018Q4,NVDA,srt:ProductOrServiceAxis,nvda:ProfessionalVisualizationMember,revenue,293000000.0,USD,RevenueFromContractWithCustomerExcludingAssessedTax,ytd_diff,0001045810-21-000010,10-K,2021-02-26,https://www.sec.gov/Archives/edgar/data/1045810/000104581021000010/nvda-20210131_htm.xml
2019-01-28,2019-04-28,2020,Q1,2019Q1,NVDA,srt:ProductOrServiceAxis,nvda:ProfessionalVisualizationMember,revenue,266000000.0,USD,Revenues,reported,0001045810-20-000065,10-Q,2020-05-21,https://www.sec.gov/Archives/edgar/data/1045810/000104581020000065/nvda-20200426_htm.xml
2019-04-29,2019-07-28,2020,Q2,2019Q2,NVDA,srt:ProductOrServiceAxis,nvda:ProfessionalVisualizationMember,revenue,291000000.0,USD,Revenues,reported,0001045810-20-000147,10-Q,2020-08-19,https://www.sec.gov/Archives/edgar/data/1045810/000104581020000147/nvda-20200726_htm.xml
2019-07-29,2019-10-27,2020,Q3,2019Q3,NVDA,srt:ProductOrServiceAxis,nvda:ProfessionalVisualizationMember,revenue,324000000.0,USD,Revenues,reported,0001045810-20-000189,10-Q,2020-11-18,https://www.sec.gov/Archives/edgar/data/1045810/000104581020000189/nvda-20201025_htm.xml
2019-10-28,2020-01-26,2020,Q4,2019Q4,NVDA,srt:ProductOrServiceAxis,nvda:ProfessionalVisualizationMember,revenue,331000000.0,USD,RevenueFromContractWithCustomerExcludingAssessedTax,ytd_diff,0001045810-22-000036,10-K,2022-03-18,https://www.sec.gov/Archives/edgar/data/1045810/000104581022000036/nvda-20220130_htm.xml
2020-01-27,2020-04-26,2021,Q1,2020Q1,NVDA,srt:ProductOrServiceAxis,nvda:ProfessionalVisualizationMember,revenue,307000000.0,USD,Revenues,reported,0001045810-21-000064,10-Q,2021-05-26,https://www.sec.gov/Archives/edgar/data/1045810/000104581021000064/nvda-20210502_htm.xml
2020-04-27,2020-07-26,2021,Q2,2020Q2,NVDA,srt:ProductOrServiceAxis,nvda:ProfessionalVisualizationMember,revenue,203000000.0,USD,Revenues,reported,0001045810-21-000131,10-Q,2021-08-20,https://www.sec.gov/Archives/edgar/data/1045810/000104581021000131/nvda-20210801_htm.xml
2020-07-27,2020-10-25,2021,Q3,2020Q3,NVDA,srt:ProductOrServiceAxis,nvda:ProfessionalVisualizationMember,revenue,236000000.0,USD,Revenues,reported,0001045810-21-000163,10-Q,2021-11-22,https://www.sec.gov/Archives/edgar/data/1045810/000104581021000163/nvda-20211031_htm.xml
2020-10-26,2021-01-31,2021,Q4,2020Q4,NVDA,srt:ProductOrServiceAxis,nvda:ProfessionalVisualizationMember,revenue,307000000.0,USD,Revenues,ytd_diff,0001045810-23-000017,10-K,2023-02-24,https://www.sec.gov/Archives/edgar/data/1045810/000104581023000017/nvda-20230129_htm.xml
2021-02-01,2021-05-02,2022,Q1,2021Q1,NVDA,srt:ProductOrServiceAxis,nvda:ProfessionalVisualizationMember,revenue,372000000.0,USD,Revenues,reported,0001045810-22-000079,10-Q,2022-05-27,https://www.sec.gov/Archives/edgar/data/1045810/000104581022000079/nvda-20220501_htm.xml
2021-05-03,2021-08-01,2022,Q2,2021Q2,NVDA,srt:ProductOrServiceAxis,nvda:ProfessionalVisualizationMember,revenue,519000000.0,USD,Revenues,reported,0001045810-22-000147,10-Q,2022-08-31,https://www.sec.gov/Archives/edgar/data/1045810/000104581022000147/nvda-20220731_htm.xml
2021-08-02,2021-10-31,2022,Q3,2021Q3,NVDA,srt:ProductOrServiceAxis,nvda:ProfessionalVisualizationMember,revenue,577000000.0,USD,Revenues,reported,0001045810-22-000166,10-Q,2022-11-18,https://www.sec.gov/Archives/edgar/data/1045810/000104581022000166/nvda-20221030_htm.xml
2021-11-01,2022-01-30,2022,Q4,2021Q4,NVDA,srt:ProductOrServiceAxis,nvda:ProfessionalVisualizationMember,revenue,643000000.0,USD,Revenues,ytd_diff,0001045810-24-000029,10-K,2024-02-21,https://www.sec.gov/Archives/edgar/data/1045810/000104581024000029/nvda-20240128_htm.xml
2022-01-31,2022-05-01,2023,Q1,2022Q1,NVDA,srt:ProductOrServiceAxis,nvda:ProfessionalVisualizationMember,revenue,622000000.0,USD,Revenues,reported,0001045810-23-000093,10-Q,2023-05-26,https://www.sec.gov/Archives/edgar/data/1045810/000104581023000093/nvda-20230430_htm.xml
2022-05-02,2022-07-31,2023,Q2,2022Q2,NVDA,srt:ProductOrServiceAxis,nvda:ProfessionalVisualizationMember,revenue,496000000.0,USD,Revenues,reported,0001045810-23-000175,10-Q,2023-08-28,https://www.sec.gov/Archives/edgar/data/1045810/000104581023000175/nvda-20230730_htm.xml
2022-08-01,2022-10-30,2023,Q3,2022Q3,NVDA,srt:ProductOrServiceAxis,nvda:ProfessionalVisualizationMember,revenue,200000000.0,USD,Revenues,reported,0001045810-23-000227,10-Q,2023-11-21,https://www.sec.gov/Archives/edgar/data/1045810/000104581023000227/nvda-20231029_htm.xml
2022-10-31,2023-01-29,2023,Q4,2022Q4,NVDA,srt:ProductOrServiceAxis,nvda:ProfessionalVisualizationMember,revenue,226000000.0,USD,Revenues,ytd_diff,0001045810-25-000023,10-K,2025-02-26,https://www.sec.gov/Archives/edgar/data/1045810/000104581025000023/nvda-20250126_htm.xml
2023-01-30,2023-04-30,2024,Q1,2023Q1,NVDA,srt:ProductOrServiceAxis,nvda:ProfessionalVisualizationMember,revenue,295000000.0,USD,Revenues,reported,0001045810-24-000124,10-Q,2024-05-29,https://www.sec.gov/Archives/edgar/data/1045810/000104581024000124/nvda-20240428_htm.xml
2023-05-01,2023-07-30,2024,Q2,2023Q2,NVDA,srt:ProductOrServiceAxis,nvda:ProfessionalVisualizationMember,revenue,379000000.0,USD,Revenues,reported,0001045810-24-000264,10-Q,2024-08-28,https://www.sec.gov/Archives/edgar/data/1045810/000104581024000264/nvda-20240728_htm.xml
2023-07-31,2023-10-29,2024,Q3,2023Q3,NVDA,srt:ProductOrServiceAxis,nvda:ProfessionalVisualizationMember,revenue,416000000.0,USD,Revenues,reported,0001045810-24-000316,10-Q,2024-11-20,https://www.sec.gov/Archives/edgar/data/1045810/000104581024000316/nvda-20241027_htm.xml
2023-10-30,2024-01-28,2024,Q4,2023Q4,NVDA,srt:ProductOrServiceAxis,nvda:ProfessionalVisualizationMember,revenue,463000000.0,USD,Revenues,ytd_diff,0001045810-26-000021,10-K,2026-02-25,https://www.sec.gov/Archives/edgar/data/1045810/000104581026000021/nvda-20260125_htm.xml
2024-01-29,2024-04-28,2025,Q1,2024Q1,NVDA,srt:ProductOrServiceAxis,nvda:ProfessionalVisualizationMember,revenue,427000000.0,USD,Revenues,reported,0001045810-25-000116,10-Q,2025-05-28,https://www.sec.gov/Archives/edgar/data/1045810/000104581025000116/nvda-20250427_htm.xml
2024-04-29,2024-07-28,2025,Q2,2024Q2,NVDA,srt:ProductOrServiceAxis,nvda:ProfessionalVisualizationMember,revenue,454000000.0,USD,Revenues,reported,0001045810-25-000209,10-Q,2025-08-27,https://www.sec.gov/Archives/edgar/data/1045810/000104581025000209/nvda-20250727_htm.xml
2024-07-29,2024-10-27,2025,Q3,2024Q3,NVDA,srt:ProductOrServiceAxis,nvda:ProfessionalVisualizationMember,revenue,486000000.0,USD,Revenues,reported,0001045810-25-000230,10-Q,2025-11-19,https://www.sec.gov/Archives/edgar/data/1045810/000104581025000230/nvda-20251026_htm.xml
2024-10-28,2025-01-26,2025,Q4,2024Q4,NVDA,srt:ProductOrServiceAxis,nvda:ProfessionalVisualizationMember,revenue,511000000.0,USD,Revenues,ytd_diff,0001045810-26-000021,10-K,2026-02-25,https://www.sec.gov/Archives/edgar/data/1045810/000104581026000021/nvda-20260125_htm.xml
2025-01-27,2025-04-27,2026,Q1,2025Q1,NVDA,srt:ProductOrServiceAxis,nvda:ProfessionalVisualizationMember,revenue,509000000.0,USD,Revenues,reported,0001045810-25-000116,10-Q,2025-05-28,https://www.sec.gov/Archives/edgar/data/1045810/000104581025000116/nvda-20250427_htm.xml
2025-04-28,2025-07-27,2026,Q2,2025Q2,NVDA,srt:ProductOrServiceAxis,nvda:ProfessionalVisualizationMember,revenue,601000000.0,USD,Revenues,reported,0001045810-25-000209,10-Q,2025-08-27,https://www.sec.gov/Archives/edgar/data/1045810/000104581025000209/nvda-20250727_htm.xml
2025-07-28,2025-10-26,2026,Q3,2025Q3,NVDA,srt:ProductOrServiceAxis,nvda:ProfessionalVisualizationMember,revenue,760000000.0,USD,Revenues,reported,0001045810-25-000230,10-Q,2025-11-19,https://www.sec.gov/Archives/edgar/data/1045810/000104581025000230/nvda-20251026_htm.xml
2025-10-27,2026-01-25,2026,Q4,2025Q4,NVDA,srt:ProductOrServiceAxis,nvda:ProfessionalVisualizationMember,revenue,1321000000.0,USD,Revenues,ytd_diff,0001045810-26-000021,10-K,2026-02-25,https://www.sec.gov/Archives/edgar/data/1045810/000104581026000021/nvda-20260125_htm.xml
2018-01-29,2018-04-29,2019,Q1,2018Q1,NVDA,srt:StatementGeographicalAxis,country:CN,revenue,754000000.0,USD,Revenues,reported,0001045810-19-000079,10-Q,2019-05-16,https://www.sec.gov/Archives/edgar/data/1045810/000104581019000079/nvda-20190428.xml
2018-04-30,2018-07-29,2019,Q2,2018Q2,NVDA,srt:StatementGeographicalAxis,country:CN,revenue,760000000.0,USD,Revenues,reported,0001045810-19-000144,10-Q,2019-08-15,https://www.sec.gov/Archives/edgar/data/1045810/000104581019000144/nvda2020q210q_htm.xml
2019-01-28,2019-04-28,2020,Q1,2019Q1,NVDA,srt:StatementGeographicalAxis,country:CN,revenue,553000000.0,USD,Revenues,reported,0001045810-19-000079,10-Q,2019-05-16,https://www.sec.gov/Archives/edgar/data/1045810/000104581019000079/nvda-20190428.xml
2019-04-29,2019-07-28,2020,Q2,2019Q2,NVDA,srt:StatementGeographicalAxis,country:CN,revenue,583000000.0,USD,Revenues,reported,0001045810-19-000144,10-Q,2019-08-15,https://www.sec.gov/Archives/edgar/data/1045810/000104581019000144/nvda2020q210q_htm.xml
2022-01-31,2022-05-01,2023,Q1,2022Q1,NVDA,srt:StatementGeographicalAxis,country:SG,revenue,454000000.0,USD,Revenues,reported,0001045810-23-000093,10-Q,2023-05-26,https://www.sec.gov/Archives/edgar/data/1045810/000104581023000093/nvda-20230430_htm.xml
2022-08-01,2022-10-30,2023,Q3,2022Q3,NVDA,srt:StatementGeographicalAxis,country:SG,revenue,536000000.0,USD,Revenues,reported,0001045810-23-000227,10-Q,2023-11-21,https://www.sec.gov/Archives/edgar/data/1045810/000104581023000227/nvda-20231029_htm.xml
2022-10-31,2023-01-29,2023,Q4,2022Q4,NVDA,srt:StatementGeographicalAxis,country:SG,revenue,325000000.0,USD,Revenues,ytd_diff,0001045810-25-000023,10-K,2025-02-26,https://www.sec.gov/Archives/edgar/data/1045810/000104581025000023/nvda-20250126_htm.xml
2023-01-30,2023-04-30,2024,Q1,2023Q1,NVDA,srt:StatementGeographicalAxis,country:SG,revenue,762000000.0,USD,Revenues,reported,0001045810-24-000124,10-Q,2024-05-29,https://www.sec.gov/Archives/edgar/data/1045810/000104581024000124/nvda-20240428_htm.xml
2023-05-01,2023-07-30,2024,Q2,2023Q2,NVDA,srt:StatementGeographicalAxis,country:SG,revenue,1042000000.0,USD,Revenues,reported,0001045810-24-000264,10-Q,2024-08-28,https://www.sec.gov/Archives/edgar/data/1045810/000104581024000264/nvda-20240728_htm.xml
2023-07-31,2023-10-29,2024,Q3,2023Q3,NVDA,srt:StatementGeographicalAxis,country:SG,revenue,2702000000.0,USD,Revenues,reported,0001045810-24-000316,10-Q,2024-11-20,https://www.sec.gov/Archives/edgar/data/1045810/000104581024000316/nvda-20241027_htm.xml
2023-10-30,2024-01-28,2024,Q4,2023Q4,NVDA,srt:StatementGeographicalAxis,country:SG,revenue,2325000000.0,USD,Revenues,ytd_diff,0001045810-25-000023,10-K,2025-02-26,https://www.sec.gov/Archives/edgar/data/1045810/000104581025000023/nvda-20250126_htm.xml
2024-01-29,2024-04-28,2025,Q1,2024Q1,NVDA,srt:StatementGeographicalAxis,country:SG,revenue,4037000000.0,USD,Revenues,reported,0001045810-25-000116,10-Q,2025-05-28,https://www.sec.gov/Archives/edgar/data/1045810/000104581025000116/nvda-20250427_htm.xml
2024-04-29,2024-07-28,2025,Q2,2024Q2,NVDA,srt:StatementGeographicalAxis,country:SG,revenue,5622000000.0,USD,Revenues,reported,0001045810-25-000209,10-Q,2025-08-27,https://www.sec.gov/Archives/edgar/data/1045810/000104581025000209/nvda-20250727_htm.xml
2024-07-29,2024-10-27,2025,Q3,2024Q3,NVDA,srt:StatementGeographicalAxis,country:SG,revenue,7697000000.0,USD,Revenues,reported,0001045810-24-000316,10-Q,2024-11-20,https://www.sec.gov/Archives/edgar/data/1045810/000104581024000316/nvda-20241027_htm.xml
2024-10-28,2025-01-26,2025,Q4,2024Q4,NVDA,srt:StatementGeographicalAxis,country:SG,revenue,6328000000.0,USD,Revenues,ytd_diff,0001045810-25-000023,10-K,2025-02-26,https://www.sec.gov/Archives/edgar/data/1045810/000104581025000023/nvda-20250126_htm.xml
2025-01-27,2025-04-27,2026,Q1,2025Q1,NVDA,srt:StatementGeographicalAxis,country:SG,revenue,9017000000.0,USD,Revenues,reported,0001045810-25-000116,10-Q,2025-05-28,https://www.sec.gov/Archives/edgar/data/1045810/000104581025000116/nvda-20250427_htm.xml
2025-04-28,2025-07-27,2026,Q2,2025Q2,NVDA,srt:StatementGeographicalAxis,country:SG,revenue,10156000000.0,USD,Revenues,reported,0001045810-25-000209,10-Q,2025-08-27,https://www.sec.gov/Archives/edgar/data/1045810/000104581025000209/nvda-20250727_htm.xml
2018-01-29,2018-04-29,2019,Q1,2018Q1,NVDA,srt:StatementGeographicalAxis,country:TW,revenue,967000000.0,USD,Revenues,reported,0001045810-19-000079,10-Q,2019-05-16,https://www.sec.gov/Archives/edgar/data/1045810/000104581019000079/nvda-20190428.xml
2018-04-30,2018-07-29,2019,Q2,2018Q2,NVDA,srt:StatementGeographicalAxis,country:TW,revenue,843000000.0,USD,Revenues,reported,0001045810-19-000144,10-Q,2019-08-15,https://www.sec.gov/Archives/edgar/data/1045810/000104581019000144/nvda2020q210q_htm.xml
2018-07-30,2018-10-28,2019,Q3,2018Q3,NVDA,srt:StatementGeographicalAxis,country:TW,revenue,929000000.0,USD,Revenues,reported,0001045810-19-000170,10-Q,2019-11-14,https://www.sec.gov/Archives/edgar/data/1045810/000104581019000170/nvda2020q310q_htm.xml
2018-10-29,2019-01-27,2019,Q4,2018Q4,NVDA,srt:StatementGeographicalAxis,country:TW,revenue,621000000.0,USD,RevenueFromContractWithCustomerExcludingAssessedTax,ytd_diff,0001045810-21-000010,10-K,2021-02-26,https://www.sec.gov/Archives/edgar/data/1045810/000104581021000010/nvda-20210131_htm.xml
2019-01-28,2019-04-28,2020,Q1,2019Q1,NVDA,srt:StatementGeographicalAxis,country:TW,revenue,698000000.0,USD,Revenues,reported,0001045810-20-000065,10-Q,2020-05-21,https://www.sec.gov/Archives/edgar/data/1045810/000104581020000065/nvda-20200426_htm.xml
2019-04-29,2019-07-28,2020,Q2,2019Q2,NVDA,srt:StatementGeographicalAxis,country:TW,revenue,635000000.0,USD,Revenues,reported,0001045810-20-000147,10-Q,2020-08-19,https://www.sec.gov/Archives/edgar/data/1045810/000104581020000147/nvda-20200726_htm.xml
2019-07-29,2019-10-27,2020,Q3,2019Q3,NVDA,srt:StatementGeographicalAxis,country:TW,revenue,838000000.0,USD,Revenues,reported,0001045810-20-000189,10-Q,2020-11-18,https://www.sec.gov/Archives/edgar/data/1045810/000104581020000189/nvda-20201025_htm.xml
2019-10-28,2020-01-26,2020,Q4,2019Q4,NVDA,srt:StatementGeographicalAxis,country:TW,revenue,854000000.0,USD,RevenueFromContractWithCustomerExcludingAssessedTax,ytd_diff,0001045810-22-000036,10-K,2022-03-18,https://www.sec.gov/Archives/edgar/data/1045810/000104581022000036/nvda-20220130_htm.xml
2020-01-27,2020-04-26,2021,Q1,2020Q1,NVDA,srt:StatementGeographicalAxis,country:TW,revenue,813000000.0,USD,Revenues,reported,0001045810-21-000064,10-Q,2021-05-26,https://www.sec.gov/Archives/edgar/data/1045810/000104581021000064/nvda-20210502_htm.xml
2020-04-27,2020-07-26,2021,Q2,2020Q2,NVDA,srt:StatementGeographicalAxis,country:TW,revenue,954000000.0,USD,Revenues,reported,0001045810-21-000131,10-Q,2021-08-20,https://www.sec.gov/Archives/edgar/data/1045810/000104581021000131/nvda-20210801_htm.xml
2020-07-27,2020-10-25,2021,Q3,2020Q3,NVDA,srt:StatementGeographicalAxis,country:TW,revenue,1296000000.0,USD,Revenues,reported,0001045810-21-000163,10-Q,2021-11-22,https://www.sec.gov/Archives/edgar/data/1045810/000104581021000163/nvda-20211031_htm.xml
2020-10-26,2021-01-31,2021,Q4,2020Q4,NVDA,srt:StatementGeographicalAxis,country:TW,revenue,1469000000.0,USD,Revenues,ytd_diff,0001045810-23-000017,10-K,2023-02-24,https://www.sec.gov/Archives/edgar/data/1045810/000104581023000017/nvda-20230129_htm.xml
2021-02-01,2021-05-02,2022,Q1,2021Q1,NVDA,srt:StatementGeographicalAxis,country:TW,revenue,1784000000.0,USD,Revenues,reported,0001045810-22-000079,10-Q,2022-05-27,https://www.sec.gov/Archives/edgar/data/1045810/000104581022000079/nvda-20220501_htm.xml
2021-05-03,2021-08-01,2022,Q2,2021Q2,NVDA,srt:StatementGeographicalAxis,country:TW,revenue,1961000000.0,USD,Revenues,reported,0001045810-22-000147,10-Q,2022-08-31,https://www.sec.gov/Archives/edgar/data/1045810/000104581022000147/nvda-20220731_htm.xml
2021-08-02,2021-10-31,2022,Q3,2021Q3,NVDA,srt:StatementGeographicalAxis,country:TW,revenue,2187000000.0,USD,Revenues,reported,0001045810-22-000166,10-Q,2022-11-18,https://www.sec.gov/Archives/edgar/data/1045810/000104581022000166/nvda-20221030_htm.xml
2021-11-01,2022-01-30,2022,Q4,2021Q4,NVDA,srt:StatementGeographicalAxis,country:TW,revenue,2612000000.0,USD,Revenues,ytd_diff,0001045810-24-000029,10-K,2024-02-21,https://www.sec.gov/Archives/edgar/data/1045810/000104581024000029/nvda-20240128_htm.xml
2022-01-31,2022-05-01,2023,Q1,2022Q1,NVDA,srt:StatementGeographicalAxis,country:TW,revenue,2777000000.0,USD,Revenues,reported,0001045810-23-000093,10-Q,2023-05-26,https://www.sec.gov/Archives/edgar/data/1045810/000104581023000093/nvda-20230430_htm.xml
2022-05-02,2022-07-31,2023,Q2,2022Q2,NVDA,srt:StatementGeographicalAxis,country:TW,revenue,1204000000.0,USD,Revenues,reported,0001045810-23-000175,10-Q,2023-08-28,https://www.sec.gov/Archives/edgar/data/1045810/000104581023000175/nvda-20230730_htm.xml
2022-08-01,2022-10-30,2023,Q3,2022Q3,NVDA,srt:StatementGeographicalAxis,country:TW,revenue,1153000000.0,USD,Revenues,reported,0001045810-23-000227,10-Q,2023-11-21,https://www.sec.gov/Archives/edgar/data/1045810/000104581023000227/nvda-20231029_htm.xml
2022-10-31,2023-01-29,2023,Q4,2022Q4,NVDA,srt:StatementGeographicalAxis,country:TW,revenue,1852000000.0,USD,Revenues,ytd_diff,0001045810-25-000023,10-K,2025-02-26,https://www.sec.gov/Archives/edgar/data/1045810/000104581025000023/nvda-20250126_htm.xml
2023-01-30,2023-04-30,2024,Q1,2023Q1,NVDA,srt:StatementGeographicalAxis,country:TW,revenue,1796000000.0,USD,Revenues,reported,0001045810-24-000124,10-Q,2024-05-29,https://www.sec.gov/Archives/edgar/data/1045810/000104581024000124/nvda-20240428_htm.xml
2023-05-01,2023-07-30,2024,Q2,2023Q2,NVDA,srt:StatementGeographicalAxis,country:TW,revenue,2839000000.0,USD,Revenues,reported,0001045810-24-000264,10-Q,2024-08-28,https://www.sec.gov/Archives/edgar/data/1045810/000104581024000264/nvda-20240728_htm.xml
2023-07-31,2023-10-29,2024,Q3,2023Q3,NVDA,srt:StatementGeographicalAxis,country:TW,revenue,4333000000.0,USD,Revenues,reported,0001045810-24-000316,10-Q,2024-11-20,https://www.sec.gov/Archives/edgar/data/1045810/000104581024000316/nvda-20241027_htm.xml
2023-10-30,2024-01-28,2024,Q4,2023Q4,NVDA,srt:StatementGeographicalAxis,country:TW,revenue,5944000000.0,USD,Revenues,ytd_diff,0001045810-26-000021,10-K,2026-02-25,https://www.sec.gov/Archives/edgar/data/1045810/000104581026000021/nvda-20260125_htm.xml
2024-01-29,2024-04-28,2025,Q1,2024Q1,NVDA,srt:StatementGeographicalAxis,country:TW,revenue,4373000000.0,USD,Revenues,reported,0001045810-25-000116,10-Q,2025-05-28,https://www.sec.gov/Archives/edgar/data/1045810/000104581025000116/nvda-20250427_htm.xml
2024-04-29,2024-07-28,2025,Q2,2024Q2,NVDA,srt:StatementGeographicalAxis,country:TW,revenue,5740000000.0,USD,Revenues,reported,0001045810-25-000209,10-Q,2025-08-27,https://www.sec.gov/Archives/edgar/data/1045810/000104581025000209/nvda-20250727_htm.xml
2024-07-29,2024-10-27,2025,Q3,2024Q3,NVDA,srt:StatementGeographicalAxis,country:TW,revenue,6188000000.0,USD,Revenues,reported,0001045810-25-000230,10-Q,2025-11-19,https://www.sec.gov/Archives/edgar/data/1045810/000104581025000230/nvda-20251026_htm.xml
2024-10-28,2025-01-26,2025,Q4,2024Q4,NVDA,srt:StatementGeographicalAxis,country:TW,revenue,6236000000.0,USD,Revenues,ytd_diff,0001045810-26-000021,10-K,2026-02-25,https://www.sec.gov/Archives/edgar/data/1045810/000104581026000021/nvda-20260125_htm.xml
2025-01-27,2025-04-27,2026,Q1,2025Q1,NVDA,srt:StatementGeographicalAxis,country:TW,revenue,7648000000.0,USD,Revenues,reported,0001045810-26-000052,10-Q,2026-05-20,https://www.sec.gov/Archives/edgar/data/1045810/000104581026000052/nvda-20260426_htm.xml
2025-04-28,2025-07-27,2026,Q2,2025Q2,NVDA,srt:StatementGeographicalAxis,country:TW,revenue,8902000000.0,USD,Revenues,reported,0001045810-26-000075,10-Q,2026-08-26,https://www.sec.gov/Archives/edgar/data/1045810/000104581026000075/nvda-20260726_htm.xml
2025-07-28,2025-10-26,2026,Q3,2025Q3,NVDA,srt:StatementGeographicalAxis,country:TW,revenue,13751000000.0,USD,Revenues,reported,0001045810-25-000230,10-Q,2025-11-19,https://www.sec.gov/Archives/edgar/data/1045810/000104581025000230/nvda-20251026_htm.xml
2025-10-27,2026-01-25,2026,Q4,2025Q4,NVDA,srt:StatementGeographicalAxis,country:TW,revenue,12044000000.0,USD,Revenues,ytd_diff,0001045810-26-000021,10-K,2026-02-25,https://www.sec.gov/Archives/edgar/data/1045810/000104581026000021/nvda-20260125_htm.xml
2026-01-26,2026-04-26,2027,Q1,2026Q1,NVDA,srt:StatementGeographicalAxis,country:TW,revenue,12006000000.0,USD,Revenues,reported,0001045810-26-000052,10-Q,2026-05-20,https://www.sec.gov/Archives/edgar/data/1045810/000104581026000052/nvda-20260426_htm.xml
2026-04-27,2026-07-26,2027,Q2,2026Q2,NVDA,srt:StatementGeographicalAxis,country:TW,revenue,26985000000.0,USD,Revenues,reported,0001045810-26-000075,10-Q,2026-08-26,https://www.sec.gov/Archives/edgar/data/1045810/000104581026000075/nvda-20260726_htm.xml
2018-01-29,2018-04-29,2019,Q1,2018Q1,NVDA,srt:StatementGeographicalAxis,country:US,revenue,434000000.0,USD,Revenues,reported,0001045810-19-000079,10-Q,2019-05-16,https://www.sec.gov/Archives/edgar/data/1045810/000104581019000079/nvda-20190428.xml
2018-04-30,2018-07-29,2019,Q2,2018Q2,NVDA,srt:StatementGeographicalAxis,country:US,revenue,413000000.0,USD,Revenues,reported,0001045810-19-000144,10-Q,2019-08-15,https://www.sec.gov/Archives/edgar/data/1045810/000104581019000144/nvda2020q210q_htm.xml
2018-07-30,2018-10-28,2019,Q3,2018Q3,NVDA,srt:StatementGeographicalAxis,country:US,revenue,407000000.0,USD,Revenues,reported,0001045810-19-000170,10-Q,2019-11-14,https://www.sec.gov/Archives/edgar/data/1045810/000104581019000170/nvda2020q310q_htm.xml
2018-10-29,2019-01-27,2019,Q4,2018Q4,NVDA,srt:StatementGeographicalAxis,country:US,revenue,252000000.0,USD,RevenueFromContractWithCustomerExcludingAssessedTax,ytd_diff,0001045810-21-000010,10-K,2021-02-26,https://www.sec.gov/Archives/edgar/data/1045810/000104581021000010/nvda-20210131_htm.xml
2019-01-28,2019-04-28,2020,Q1,2019Q1,NVDA,srt:StatementGeographicalAxis,country:US,revenue,165000000.0,USD,Revenues,reported,0001045810-20-000065,10-Q,2020-05-21,https://www.sec.gov/Archives/edgar/data/1045810/000104581020000065/nvda-20200426_htm.xml
2019-04-29,2019-07-28,2020,Q2,2019Q2,NVDA,srt:StatementGeographicalAxis,country:US,revenue,188000000.0,USD,Revenues,reported,0001045810-20-000147,10-Q,2020-08-19,https://www.sec.gov/Archives/edgar/data/1045810/000104581020000147/nvda-20200726_htm.xml
2019-07-29,2019-10-27,2020,Q3,2019Q3,NVDA,srt:StatementGeographicalAxis,country:US,revenue,236000000.0,USD,Revenues,reported,0001045810-20-000189,10-Q,2020-11-18,https://www.sec.gov/Archives/edgar/data/1045810/000104581020000189/nvda-20201025_htm.xml
2019-10-28,2020-01-26,2020,Q4,2019Q4,NVDA,srt:StatementGeographicalAxis,country:US,revenue,297000000.0,USD,RevenueFromContractWithCustomerExcludingAssessedTax,ytd_diff,0001045810-22-000036,10-K,2022-03-18,https://www.sec.gov/Archives/edgar/data/1045810/000104581022000036/nvda-20220130_htm.xml
2020-01-27,2020-04-26,2021,Q1,2020Q1,NVDA,srt:StatementGeographicalAxis,country:US,revenue,497000000.0,USD,Revenues,reported,0001045810-21-000064,10-Q,2021-05-26,https://www.sec.gov/Archives/edgar/data/1045810/000104581021000064/nvda-20210502_htm.xml
2020-04-27,2020-07-26,2021,Q2,2020Q2,NVDA,srt:StatementGeographicalAxis,country:US,revenue,944000000.0,USD,Revenues,reported,0001045810-21-000131,10-Q,2021-08-20,https://www.sec.gov/Archives/edgar/data/1045810/000104581021000131/nvda-20210801_htm.xml
2020-07-27,2020-10-25,2021,Q3,2020Q3,NVDA,srt:StatementGeographicalAxis,country:US,revenue,890000000.0,USD,Revenues,reported,0001045810-21-000163,10-Q,2021-11-22,https://www.sec.gov/Archives/edgar/data/1045810/000104581021000163/nvda-20211031_htm.xml
2020-10-26,2021-01-31,2021,Q4,2020Q4,NVDA,srt:StatementGeographicalAxis,country:US,revenue,883000000.0,USD,Revenues,ytd_diff,0001045810-23-000017,10-K,2023-02-24,https://www.sec.gov/Archives/edgar/data/1045810/000104581023000017/nvda-20230129_htm.xml
2021-02-01,2021-05-02,2022,Q1,2021Q1,NVDA,srt:StatementGeographicalAxis,country:US,revenue,768000000.0,USD,Revenues,reported,0001045810-22-000079,10-Q,2022-05-27,https://www.sec.gov/Archives/edgar/data/1045810/000104581022000079/nvda-20220501_htm.xml
2021-05-03,2021-08-01,2022,Q2,2021Q2,NVDA,srt:StatementGeographicalAxis,country:US,revenue,996000000.0,USD,Revenues,reported,0001045810-22-000147,10-Q,2022-08-31,https://www.sec.gov/Archives/edgar/data/1045810/000104581022000147/nvda-20220731_htm.xml
2021-08-02,2021-10-31,2022,Q3,2021Q3,NVDA,srt:StatementGeographicalAxis,country:US,revenue,1126000000.0,USD,Revenues,reported,0001045810-22-000166,10-Q,2022-11-18,https://www.sec.gov/Archives/edgar/data/1045810/000104581022000166/nvda-20221030_htm.xml
2021-11-01,2022-01-30,2022,Q4,2021Q4,NVDA,srt:StatementGeographicalAxis,country:US,revenue,1459000000.0,USD,Revenues,ytd_diff,0001045810-24-000029,10-K,2024-02-21,https://www.sec.gov/Archives/edgar/data/1045810/000104581024000029/nvda-20240128_htm.xml
2022-01-31,2022-05-01,2023,Q1,2022Q1,NVDA,srt:StatementGeographicalAxis,country:US,revenue,1932000000.0,USD,Revenues,reported,0001045810-23-000093,10-Q,2023-05-26,https://www.sec.gov/Archives/edgar/data/1045810/000104581023000093/nvda-20230430_htm.xml
2022-05-02,2022-07-31,2023,Q2,2022Q2,NVDA,srt:StatementGeographicalAxis,country:US,revenue,1988000000.0,USD,Revenues,reported,0001045810-23-000175,10-Q,2023-08-28,https://www.sec.gov/Archives/edgar/data/1045810/000104581023000175/nvda-20230730_htm.xml
2022-08-01,2022-10-30,2023,Q3,2022Q3,NVDA,srt:StatementGeographicalAxis,country:US,revenue,2148000000.0,USD,Revenues,reported,0001045810-23-000227,10-Q,2023-11-21,https://www.sec.gov/Archives/edgar/data/1045810/000104581023000227/nvda-20231029_htm.xml
2022-10-31,2023-01-29,2023,Q4,2022Q4,NVDA,srt:StatementGeographicalAxis,country:US,revenue,2223000000.0,USD,Revenues,ytd_diff,0001045810-25-000023,10-K,2025-02-26,https://www.sec.gov/Archives/edgar/data/1045810/000104581025000023/nvda-20250126_htm.xml
2023-01-30,2023-04-30,2024,Q1,2023Q1,NVDA,srt:StatementGeographicalAxis,country:US,revenue,2385000000.0,USD,Revenues,reported,0001045810-24-000124,10-Q,2024-05-29,https://www.sec.gov/Archives/edgar/data/1045810/000104581024000124/nvda-20240428_htm.xml
2023-05-01,2023-07-30,2024,Q2,2023Q2,NVDA,srt:StatementGeographicalAxis,country:US,revenue,6043000000.0,USD,Revenues,reported,0001045810-24-000264,10-Q,2024-08-28,https://www.sec.gov/Archives/edgar/data/1045810/000104581024000264/nvda-20240728_htm.xml
2023-07-31,2023-10-29,2024,Q3,2023Q3,NVDA,srt:StatementGeographicalAxis,country:US,revenue,6302000000.0,USD,Revenues,reported,0001045810-24-000316,10-Q,2024-11-20,https://www.sec.gov/Archives/edgar/data/1045810/000104581024000316/nvda-20241027_htm.xml
2023-10-30,2024-01-28,2024,Q4,2023Q4,NVDA,srt:StatementGeographicalAxis,country:US,revenue,16803000000.0,USD,Revenues,ytd_diff,0001045810-26-000021,10-K,2026-02-25,https://www.sec.gov/Archives/edgar/data/1045810/000104581026000021/nvda-20260125_htm.xml
2024-01-29,2024-04-28,2025,Q1,2024Q1,NVDA,srt:StatementGeographicalAxis,country:US,revenue,13496000000.0,USD,Revenues,reported,0001045810-25-000116,10-Q,2025-05-28,https://www.sec.gov/Archives/edgar/data/1045810/000104581025000116/nvda-20250427_htm.xml
2024-04-29,2024-07-28,2025,Q2,2024Q2,NVDA,srt:StatementGeographicalAxis,country:US,revenue,13022000000.0,USD,Revenues,reported,0001045810-25-000209,10-Q,2025-08-27,https://www.sec.gov/Archives/edgar/data/1045810/000104581025000209/nvda-20250727_htm.xml
2024-07-29,2024-10-27,2025,Q3,2024Q3,NVDA,srt:StatementGeographicalAxis,country:US,revenue,19620000000.0,USD,Revenues,reported,0001045810-25-000230,10-Q,2025-11-19,https://www.sec.gov/Archives/edgar/data/1045810/000104581025000230/nvda-20251026_htm.xml
2024-10-28,2025-01-26,2025,Q4,2024Q4,NVDA,srt:StatementGeographicalAxis,country:US,revenue,23609000000.0,USD,Revenues,ytd_diff,0001045810-26-000021,10-K,2026-02-25,https://www.sec.gov/Archives/edgar/data/1045810/000104581026000021/nvda-20260125_htm.xml
2025-01-27,2025-04-27,2026,Q1,2025Q1,NVDA,srt:StatementGeographicalAxis,country:US,revenue,25685000000.0,USD,Revenues,reported,0001045810-26-000052,10-Q,2026-05-20,https://www.sec.gov/Archives/edgar/data/1045810/000104581026000052/nvda-20260426_htm.xml
2025-04-28,2025-07-27,2026,Q2,2025Q2,NVDA,srt:StatementGeographicalAxis,country:US,revenue,32897000000.0,USD,Revenues,reported,0001045810-26-000075,10-Q,2026-08-26,https://www.sec.gov/Archives/edgar/data/1045810/000104581026000075/nvda-20260726_htm.xml
2025-07-28,2025-10-26,2026,Q3,2025Q3,NVDA,srt:StatementGeographicalAxis,country:US,revenue,39177000000.0,USD,Revenues,reported,0001045810-25-000230,10-Q,2025-11-19,https://www.sec.gov/Archives/edgar/data/1045810/000104581025000230/nvda-20251026_htm.xml
2025-10-27,2026-01-25,2026,Q4,2025Q4,NVDA,srt:StatementGeographicalAxis,country:US,revenue,51858000000.0,USD,Revenues,ytd_diff,0001045810-26-000021,10-K,2026-02-25,https://www.sec.gov/Archives/edgar/data/1045810/000104581026000021/nvda-20260125_htm.xml
2026-01-26,2026-04-26,2027,Q1,2026Q1,NVDA,srt:StatementGeographicalAxis,country:US,revenue,63769000000.0,USD,Revenues,reported,0001045810-26-000052,10-Q,2026-05-20,https://www.sec.gov/Archives/edgar/data/1045810/000104581026000052/nvda-20260426_htm.xml
2026-04-27,2026-07-26,2027,Q2,2026Q2,NVDA,srt:StatementGeographicalAxis,country:US,revenue,60074000000.0,USD,Revenues,reported,0001045810-26-000075,10-Q,2026-08-26,https://www.sec.gov/Archives/edgar/data/1045810/000104581026000075/nvda-20260726_htm.xml
2018-07-30,2018-10-28,2019,Q3,2018Q3,NVDA,srt:StatementGeographicalAxis,nvda:AllOtherCountriesNotSeparatelyDisclosedMember,revenue,169000000.0,USD,Revenues,reported,0001045810-19-000170,10-Q,2019-11-14,https://www.sec.gov/Archives/edgar/data/1045810/000104581019000170/nvda2020q310q_htm.xml
2019-01-28,2019-04-28,2020,Q1,2019Q1,NVDA,srt:StatementGeographicalAxis,nvda:AllOtherCountriesNotSeparatelyDisclosedMember,revenue,133000000.0,USD,Revenues,reported,0001045810-20-000065,10-Q,2020-05-21,https://www.sec.gov/Archives/edgar/data/1045810/000104581020000065/nvda-20200426_htm.xml
2019-04-29,2019-07-28,2020,Q2,2019Q2,NVDA,srt:StatementGeographicalAxis,nvda:AllOtherCountriesNotSeparatelyDisclosedMember,revenue,129000000.0,USD,Revenues,reported,0001045810-20-000147,10-Q,2020-08-19,https://www.sec.gov/Archives/edgar/data/1045810/000104581020000147/nvda-20200726_htm.xml
2019-07-29,2019-10-27,2020,Q3,2019Q3,NVDA,srt:StatementGeographicalAxis,nvda:AllOtherCountriesNotSeparatelyDisclosedMember,revenue,161000000.0,USD,Revenues,reported,0001045810-20-000189,10-Q,2020-11-18,https://www.sec.gov/Archives/edgar/data/1045810/000104581020000189/nvda-20201025_htm.xml
2020-01-27,2020-04-26,2021,Q1,2020Q1,NVDA,srt:StatementGeographicalAxis,nvda:AllOtherCountriesNotSeparatelyDisclosedMember,revenue,151000000.0,USD,Revenues,reported,0001045810-21-000064,10-Q,2021-05-26,https://www.sec.gov/Archives/edgar/data/1045810/000104581021000064/nvda-20210502_htm.xml
2020-04-27,2020-07-26,2021,Q2,2020Q2,NVDA,srt:StatementGeographicalAxis,nvda:AllOtherCountriesNotSeparatelyDisclosedMember,revenue,175000000.0,USD,Revenues,reported,0001045810-21-000131,10-Q,2021-08-20,https://www.sec.gov/Archives/edgar/data/1045810/000104581021000131/nvda-20210801_htm.xml
2020-07-27,2020-10-25,2021,Q3,2020Q3,NVDA,srt:StatementGeographicalAxis,nvda:AllOtherCountriesNotSeparatelyDisclosedMember,revenue,225000000.0,USD,Revenues,reported,0001045810-21-000163,10-Q,2021-11-22,https://www.sec.gov/Archives/edgar/data/1045810/000104581021000163/nvda-20211031_htm.xml
2021-02-01,2021-05-02,2022,Q1,2021Q1,NVDA,srt:StatementGeographicalAxis,nvda:AllOtherCountriesNotSeparatelyDisclosedMember,revenue,1718000000.0,USD,Revenues,reported,0001045810-22-000079,10-Q,2022-05-27,https://www.sec.gov/Archives/edgar/data/1045810/000104581022000079/nvda-20220501_htm.xml
2021-05-03,2021-08-01,2022,Q2,2021Q2,NVDA,srt:StatementGeographicalAxis,nvda:AllOtherCountriesNotSeparatelyDisclosedMember,revenue,1830000000.0,USD,Revenues,reported,0001045810-22-000147,10-Q,2022-08-31,https://www.sec.gov/Archives/edgar/data/1045810/000104581022000147/nvda-20220731_htm.xml
2021-08-02,2021-10-31,2022,Q3,2021Q3,NVDA,srt:StatementGeographicalAxis,nvda:AllOtherCountriesNotSeparatelyDisclosedMember,revenue,1773000000.0,USD,Revenues,reported,0001045810-22-000166,10-Q,2022-11-18,https://www.sec.gov/Archives/edgar/data/1045810/000104581022000166/nvda-20221030_htm.xml
2022-01-31,2022-05-01,2023,Q1,2022Q1,NVDA,srt:StatementGeographicalAxis,nvda:AllOtherCountriesNotSeparatelyDisclosedMember,revenue,1044000000.0,USD,Revenues,reported,0001045810-23-000093,10-Q,2023-05-26,https://www.sec.gov/Archives/edgar/data/1045810/000104581023000093/nvda-20230430_htm.xml
2022-05-02,2022-07-31,2023,Q2,2022Q2,NVDA,srt:StatementGeographicalAxis,nvda:AllOtherCountriesNotSeparatelyDisclosedMember,revenue,1910000000.0,USD,Revenues,reported,0001045810-23-000175,10-Q,2023-08-28,https://www.sec.gov/Archives/edgar/data/1045810/000104581023000175/nvda-20230730_htm.xml
2022-08-01,2022-10-30,2023,Q3,2022Q3,NVDA,srt:StatementGeographicalAxis,nvda:AllOtherCountriesNotSeparatelyDisclosedMember,revenue,946000000.0,USD,Revenues,reported,0001045810-23-000227,10-Q,2023-11-21,https://www.sec.gov/Archives/edgar/data/1045810/000104581023000227/nvda-20231029_htm.xml
2023-01-30,2023-04-30,2024,Q1,2023Q1,NVDA,srt:StatementGeographicalAxis,nvda:AllOtherCountriesNotSeparatelyDisclosedMember,revenue,659000000.0,USD,Revenues,reported,0001045810-24-000124,10-Q,2024-05-29,https://www.sec.gov/Archives/edgar/data/1045810/000104581024000124/nvda-20240428_htm.xml
2023-05-01,2023-07-30,2024,Q2,2023Q2,NVDA,srt:StatementGeographicalAxis,nvda:AllOtherCountriesNotSeparatelyDisclosedMember,revenue,843000000.0,USD,Revenues,reported,0001045810-24-000264,10-Q,2024-08-28,https://www.sec.gov/Archives/edgar/data/1045810/000104581024000264/nvda-20240728_htm.xml
2023-07-31,2023-10-29,2024,Q3,2023Q3,NVDA,srt:StatementGeographicalAxis,nvda:AllOtherCountriesNotSeparatelyDisclosedMember,revenue,753000000.0,USD,Revenues,reported,0001045810-24-000316,10-Q,2024-11-20,https://www.sec.gov/Archives/edgar/data/1045810/000104581024000316/nvda-20241027_htm.xml
2024-01-29,2024-04-28,2025,Q1,2024Q1,NVDA,srt:StatementGeographicalAxis,nvda:AllOtherCountriesNotSeparatelyDisclosedMember,revenue,1647000000.0,USD,Revenues,reported,0001045810-25-000116,10-Q,2025-05-28,https://www.sec.gov/Archives/edgar/data/1045810/000104581025000116/nvda-20250427_htm.xml
2024-04-29,2024-07-28,2025,Q2,2024Q2,NVDA,srt:StatementGeographicalAxis,nvda:AllOtherCountriesNotSeparatelyDisclosedMember,revenue,1989000000.0,USD,Revenues,reported,0001045810-25-000209,10-Q,2025-08-27,https://www.sec.gov/Archives/edgar/data/1045810/000104581025000209/nvda-20250727_htm.xml
2024-07-29,2024-10-27,2025,Q3,2024Q3,NVDA,srt:StatementGeographicalAxis,nvda:AllOtherCountriesNotSeparatelyDisclosedMember,revenue,1132000000.0,USD,Revenues,reported,0001045810-25-000230,10-Q,2025-11-19,https://www.sec.gov/Archives/edgar/data/1045810/000104581025000230/nvda-20251026_htm.xml
2025-01-27,2025-04-27,2026,Q1,2025Q1,NVDA,srt:StatementGeographicalAxis,nvda:AllOtherCountriesNotSeparatelyDisclosedMember,revenue,1626000000.0,USD,Revenues,reported,0001045810-25-000116,10-Q,2025-05-28,https://www.sec.gov/Archives/edgar/data/1045810/000104581025000116/nvda-20250427_htm.xml
2025-04-28,2025-07-27,2026,Q2,2025Q2,NVDA,srt:StatementGeographicalAxis,nvda:AllOtherCountriesNotSeparatelyDisclosedMember,revenue,1819000000.0,USD,Revenues,reported,0001045810-25-000209,10-Q,2025-08-27,https://www.sec.gov/Archives/edgar/data/1045810/000104581025000209/nvda-20250727_htm.xml
2025-07-28,2025-10-26,2026,Q3,2025Q3,NVDA,srt:StatementGeographicalAxis,nvda:AllOtherCountriesNotSeparatelyDisclosedMember,revenue,1105000000.0,USD,Revenues,reported,0001045810-25-000230,10-Q,2025-11-19,https://www.sec.gov/Archives/edgar/data/1045810/000104581025000230/nvda-20251026_htm.xml
2018-07-30,2018-10-28,2019,Q3,2018Q3,NVDA,srt:StatementGeographicalAxis,nvda:ChinaIncludingHongKongMember,revenue,704000000.0,USD,Revenues,reported,0001045810-19-000170,10-Q,2019-11-14,https://www.sec.gov/Archives/edgar/data/1045810/000104581019000170/nvda2020q310q_htm.xml
2019-01-28,2019-04-28,2020,Q1,2019Q1,NVDA,srt:StatementGeographicalAxis,nvda:ChinaIncludingHongKongMember,revenue,553000000.0,USD,Revenues,reported,0001045810-20-000065,10-Q,2020-05-21,https://www.sec.gov/Archives/edgar/data/1045810/000104581020000065/nvda-20200426_htm.xml
2019-04-29,2019-07-28,2020,Q2,2019Q2,NVDA,srt:StatementGeographicalAxis,nvda:ChinaIncludingHongKongMember,revenue,583000000.0,USD,Revenues,reported,0001045810-20-000147,10-Q,2020-08-19,https://www.sec.gov/Archives/edgar/data/1045810/000104581020000147/nvda-20200726_htm.xml
2019-07-29,2019-10-27,2020,Q3,2019Q3,NVDA,srt:StatementGeographicalAxis,nvda:ChinaIncludingHongKongMember,revenue,758000000.0,USD,Revenues,reported,0001045810-20-000189,10-Q,2020-11-18,https://www.sec.gov/Archives/edgar/data/1045810/000104581020000189/nvda-20201025_htm.xml
2020-01-27,2020-04-26,2021,Q1,2020Q1,NVDA,srt:StatementGeographicalAxis,nvda:ChinaIncludingHongKongMember,revenue,758000000.0,USD,Revenues,reported,0001045810-21-000064,10-Q,2021-05-26,https://www.sec.gov/Archives/edgar/data/1045810/000104581021000064/nvda-20210502_htm.xml
2020-04-27,2020-07-26,2021,Q2,2020Q2,NVDA,srt:StatementGeographicalAxis,nvda:ChinaIncludingHongKongMember,revenue,855000000.0,USD,Revenues,reported,0001045810-21-000131,10-Q,2021-08-20,https://www.sec.gov/Archives/edgar/data/1045810/000104581021000131/nvda-20210801_htm.xml
2020-07-27,2020-10-25,2021,Q3,2020Q3,NVDA,srt:StatementGeographicalAxis,nvda:ChinaIncludingHongKongMember,revenue,1113000000.0,USD,Revenues,reported,0001045810-21-000163,10-Q,2021-11-22,https://www.sec.gov/Archives/edgar/data/1045810/000104581021000163/nvda-20211031_htm.xml
2020-10-26,2021-01-31,2021,Q4,2020Q4,NVDA,srt:StatementGeographicalAxis,nvda:ChinaIncludingHongKongMember,revenue,1159000000.0,USD,Revenues,ytd_diff,0001045810-23-000017,10-K,2023-02-24,https://www.sec.gov/Archives/edgar/data/1045810/000104581023000017/nvda-20230129_htm.xml
2021-02-01,2021-05-02,2022,Q1,2021Q1,NVDA,srt:StatementGeographicalAxis,nvda:ChinaIncludingHongKongMember,revenue,1391000000.0,USD,Revenues,reported,0001045810-22-000079,10-Q,2022-05-27,https://www.sec.gov/Archives/edgar/data/1045810/000104581022000079/nvda-20220501_htm.xml
2021-05-03,2021-08-01,2022,Q2,2021Q2,NVDA,srt:StatementGeographicalAxis,nvda:ChinaIncludingHongKongMember,revenue,1720000000.0,USD,Revenues,reported,0001045810-22-000147,10-Q,2022-08-31,https://www.sec.gov/Archives/edgar/data/1045810/000104581022000147/nvda-20220731_htm.xml
2021-08-02,2021-10-31,2022,Q3,2021Q3,NVDA,srt:StatementGeographicalAxis,nvda:ChinaIncludingHongKongMember,revenue,2017000000.0,USD,Revenues,reported,0001045810-22-000166,10-Q,2022-11-18,https://www.sec.gov/Archives/edgar/data/1045810/000104581022000166/nvda-20221030_htm.xml
2021-11-01,2022-01-30,2022,Q4,2021Q4,NVDA,srt:StatementGeographicalAxis,nvda:ChinaIncludingHongKongMember,revenue,1983000000.0,USD,Revenues,ytd_diff,0001045810-24-000029,10-K,2024-02-21,https://www.sec.gov/Archives/edgar/data/1045810/000104581024000029/nvda-20240128_htm.xml
2022-01-31,2022-05-01,2023,Q1,2022Q1,NVDA,srt:StatementGeographicalAxis,nvda:ChinaIncludingHongKongMember,revenue,2081000000.0,USD,Revenues,reported,0001045810-23-000093,10-Q,2023-05-26,https://www.sec.gov/Archives/edgar/data/1045810/000104581023000093/nvda-20230430_htm.xml
2022-05-02,2022-07-31,2023,Q2,2022Q2,NVDA,srt:StatementGeographicalAxis,nvda:ChinaIncludingHongKongMember,revenue,1602000000.0,USD,Revenues,reported,0001045810-23-000175,10-Q,2023-08-28,https://www.sec.gov/Archives/edgar/data/1045810/000104581023000175/nvda-20230730_htm.xml
2022-08-01,2022-10-30,2023,Q3,2022Q3,NVDA,srt:StatementGeographicalAxis,nvda:ChinaIncludingHongKongMember,revenue,1148000000.0,USD,Revenues,reported,0001045810-23-000227,10-Q,2023-11-21,https://www.sec.gov/Archives/edgar/data/1045810/000104581023000227/nvda-20231029_htm.xml
2022-10-31,2023-01-29,2023,Q4,2022Q4,NVDA,srt:StatementGeographicalAxis,nvda:ChinaIncludingHongKongMember,revenue,954000000.0,USD,Revenues,ytd_diff,0001045810-25-000023,10-K,2025-02-26,https://www.sec.gov/Archives/edgar/data/1045810/000104581025000023/nvda-20250126_htm.xml
2023-01-30,2023-04-30,2024,Q1,2023Q1,NVDA,srt:StatementGeographicalAxis,nvda:ChinaIncludingHongKongMember,revenue,1590000000.0,USD,Revenues,reported,0001045810-24-000124,10-Q,2024-05-29,https://www.sec.gov/Archives/edgar/data/1045810/000104581024000124/nvda-20240428_htm.xml
2023-05-01,2023-07-30,2024,Q2,2023Q2,NVDA,srt:StatementGeographicalAxis,nvda:ChinaIncludingHongKongMember,revenue,2740000000.0,USD,Revenues,reported,0001045810-24-000264,10-Q,2024-08-28,https://www.sec.gov/Archives/edgar/data/1045810/000104581024000264/nvda-20240728_htm.xml
2023-07-31,2023-10-29,2024,Q3,2023Q3,NVDA,srt:StatementGeographicalAxis,nvda:ChinaIncludingHongKongMember,revenue,4030000000.0,USD,Revenues,reported,0001045810-24-000316,10-Q,2024-11-20,https://www.sec.gov/Archives/edgar/data/1045810/000104581024000316/nvda-20241027_htm.xml
2023-10-30,2024-01-28,2024,Q4,2023Q4,NVDA,srt:StatementGeographicalAxis,nvda:ChinaIncludingHongKongMember,revenue,3970000000.0,USD,Revenues,ytd_diff,0001045810-26-000021,10-K,2026-02-25,https://www.sec.gov/Archives/edgar/data/1045810/000104581026000021/nvda-20260125_htm.xml
2024-01-29,2024-04-28,2025,Q1,2024Q1,NVDA,srt:StatementGeographicalAxis,nvda:ChinaIncludingHongKongMember,revenue,2491000000.0,USD,Revenues,reported,0001045810-25-000116,10-Q,2025-05-28,https://www.sec.gov/Archives/edgar/data/1045810/000104581025000116/nvda-20250427_htm.xml
2024-04-29,2024-07-28,2025,Q2,2024Q2,NVDA,srt:StatementGeographicalAxis,nvda:ChinaIncludingHongKongMember,revenue,3667000000.0,USD,Revenues,reported,0001045810-25-000209,10-Q,2025-08-27,https://www.sec.gov/Archives/edgar/data/1045810/000104581025000209/nvda-20250727_htm.xml
2024-07-29,2024-10-27,2025,Q3,2024Q3,NVDA,srt:StatementGeographicalAxis,nvda:ChinaIncludingHongKongMember,revenue,8142000000.0,USD,Revenues,reported,0001045810-25-000230,10-Q,2025-11-19,https://www.sec.gov/Archives/edgar/data/1045810/000104581025000230/nvda-20251026_htm.xml
2024-10-28,2025-01-26,2025,Q4,2024Q4,NVDA,srt:StatementGeographicalAxis,nvda:ChinaIncludingHongKongMember,revenue,7818000000.0,USD,Revenues,ytd_diff,0001045810-26-000021,10-K,2026-02-25,https://www.sec.gov/Archives/edgar/data/1045810/000104581026000021/nvda-20260125_htm.xml
2025-01-27,2025-04-27,2026,Q1,2025Q1,NVDA,srt:StatementGeographicalAxis,nvda:ChinaIncludingHongKongMember,revenue,9659000000.0,USD,Revenues,reported,0001045810-26-000052,10-Q,2026-05-20,https://www.sec.gov/Archives/edgar/data/1045810/000104581026000052/nvda-20260426_htm.xml
2025-04-28,2025-07-27,2026,Q2,2025Q2,NVDA,srt:StatementGeographicalAxis,nvda:ChinaIncludingHongKongMember,revenue,3985000000.0,USD,Revenues,reported,0001045810-26-000075,10-Q,2026-08-26,https://www.sec.gov/Archives/edgar/data/1045810/000104581026000075/nvda-20260726_htm.xml
2025-07-28,2025-10-26,2026,Q3,2025Q3,NVDA,srt:StatementGeographicalAxis,nvda:ChinaIncludingHongKongMember,revenue,2973000000.0,USD,Revenues,reported,0001045810-25-000230,10-Q,2025-11-19,https://www.sec.gov/Archives/edgar/data/1045810/000104581025000230/nvda-20251026_htm.xml
2025-10-27,2026-01-25,2026,Q4,2025Q4,NVDA,srt:StatementGeographicalAxis,nvda:ChinaIncludingHongKongMember,revenue,3060000000.0,USD,Revenues,ytd_diff,0001045810-26-000021,10-K,2026-02-25,https://www.sec.gov/Archives/edgar/data/1045810/000104581026000021/nvda-20260125_htm.xml
2026-01-26,2026-04-26,2027,Q1,2026Q1,NVDA,srt:StatementGeographicalAxis,nvda:ChinaIncludingHongKongMember,revenue,4550000000.0,USD,Revenues,reported,0001045810-26-000052,10-Q,2026-05-20,https://www.sec.gov/Archives/edgar/data/1045810/000104581026000052/nvda-20260426_htm.xml
2026-04-27,2026-07-26,2027,Q2,2026Q2,NVDA,srt:StatementGeographicalAxis,nvda:ChinaIncludingHongKongMember,revenue,7880000000.0,USD,Revenues,reported,0001045810-26-000075,10-Q,2026-08-26,https://www.sec.gov/Archives/edgar/data/1045810/000104581026000075/nvda-20260726_htm.xml
2018-01-29,2018-04-29,2019,Q1,2018Q1,NVDA,srt:StatementGeographicalAxis,nvda:OtherAmericasMember,revenue,234000000.0,USD,Revenues,reported,0001045810-19-000079,10-Q,2019-05-16,https://www.sec.gov/Archives/edgar/data/1045810/000104581019000079/nvda-20190428.xml
2018-04-30,2018-07-29,2019,Q2,2018Q2,NVDA,srt:StatementGeographicalAxis,nvda:OtherAmericasMember,revenue,197000000.0,USD,Revenues,reported,0001045810-19-000144,10-Q,2019-08-15,https://www.sec.gov/Archives/edgar/data/1045810/000104581019000144/nvda2020q210q_htm.xml
2019-01-28,2019-04-28,2020,Q1,2019Q1,NVDA,srt:StatementGeographicalAxis,nvda:OtherAmericasMember,revenue,133000000.0,USD,Revenues,reported,0001045810-19-000079,10-Q,2019-05-16,https://www.sec.gov/Archives/edgar/data/1045810/000104581019000079/nvda-20190428.xml
2019-04-29,2019-07-28,2020,Q2,2019Q2,NVDA,srt:StatementGeographicalAxis,nvda:OtherAmericasMember,revenue,129000000.0,USD,Revenues,reported,0001045810-19-000144,10-Q,2019-08-15,https://www.sec.gov/Archives/edgar/data/1045810/000104581019000144/nvda2020q210q_htm.xml
2018-01-29,2018-04-29,2019,Q1,2018Q1,NVDA,srt:StatementGeographicalAxis,nvda:OtherAsiaPacificMember,revenue,583000000.0,USD,Revenues,reported,0001045810-19-000079,10-Q,2019-05-16,https://www.sec.gov/Archives/edgar/data/1045810/000104581019000079/nvda-20190428.xml
2018-04-30,2018-07-29,2019,Q2,2018Q2,NVDA,srt:StatementGeographicalAxis,nvda:OtherAsiaPacificMember,revenue,676000000.0,USD,Revenues,reported,0001045810-19-000144,10-Q,2019-08-15,https://www.sec.gov/Archives/edgar/data/1045810/000104581019000144/nvda2020q210q_htm.xml
2018-07-30,2018-10-28,2019,Q3,2018Q3,NVDA,srt:StatementGeographicalAxis,nvda:OtherAsiaPacificMember,revenue,742000000.0,USD,Revenues,reported,0001045810-19-000170,10-Q,2019-11-14,https://www.sec.gov/Archives/edgar/data/1045810/000104581019000170/nvda2020q310q_htm.xml
2018-10-29,2019-01-27,2019,Q4,2018Q4,NVDA,srt:StatementGeographicalAxis,nvda:OtherAsiaPacificMember,revenue,367000000.0,USD,RevenueFromContractWithCustomerExcludingAssessedTax,ytd_diff,0001045810-21-000010,10-K,2021-02-26,https://www.sec.gov/Archives/edgar/data/1045810/000104581021000010/nvda-20210131_htm.xml
2019-01-28,2019-04-28,2020,Q1,2019Q1,NVDA,srt:StatementGeographicalAxis,nvda:OtherAsiaPacificMember,revenue,422000000.0,USD,Revenues,reported,0001045810-20-000065,10-Q,2020-05-21,https://www.sec.gov/Archives/edgar/data/1045810/000104581020000065/nvda-20200426_htm.xml
2019-04-29,2019-07-28,2020,Q2,2019Q2,NVDA,srt:StatementGeographicalAxis,nvda:OtherAsiaPacificMember,revenue,756000000.0,USD,Revenues,reported,0001045810-20-000147,10-Q,2020-08-19,https://www.sec.gov/Archives/edgar/data/1045810/000104581020000147/nvda-20200726_htm.xml
2019-07-29,2019-10-27,2020,Q3,2019Q3,NVDA,srt:StatementGeographicalAxis,nvda:OtherAsiaPacificMember,revenue,805000000.0,USD,Revenues,reported,0001045810-20-000189,10-Q,2020-11-18,https://www.sec.gov/Archives/edgar/data/1045810/000104581020000189/nvda-20201025_htm.xml
2019-10-28,2020-01-26,2020,Q4,2019Q4,NVDA,srt:StatementGeographicalAxis,nvda:OtherAsiaPacificMember,revenue,702000000.0,USD,RevenueFromContractWithCustomerExcludingAssessedTax,ytd_diff,0001045810-21-000010,10-K,2021-02-26,https://www.sec.gov/Archives/edgar/data/1045810/000104581021000010/nvda-20210131_htm.xml
2020-01-27,2020-04-26,2021,Q1,2020Q1,NVDA,srt:StatementGeographicalAxis,nvda:OtherAsiaPacificMember,revenue,607000000.0,USD,Revenues,reported,0001045810-21-000064,10-Q,2021-05-26,https://www.sec.gov/Archives/edgar/data/1045810/000104581021000064/nvda-20210502_htm.xml
2020-04-27,2020-07-26,2021,Q2,2020Q2,NVDA,srt:StatementGeographicalAxis,nvda:OtherAsiaPacificMember,revenue,698000000.0,USD,Revenues,reported,0001045810-21-000131,10-Q,2021-08-20,https://www.sec.gov/Archives/edgar/data/1045810/000104581021000131/nvda-20210801_htm.xml
2020-07-27,2020-10-25,2021,Q3,2020Q3,NVDA,srt:StatementGeographicalAxis,nvda:OtherAsiaPacificMember,revenue,955000000.0,USD,Revenues,reported,0001045810-21-000163,10-Q,2021-11-22,https://www.sec.gov/Archives/edgar/data/1045810/000104581021000163/nvda-20211031_htm.xml
2020-10-26,2021-01-31,2021,Q4,2020Q4,NVDA,srt:StatementGeographicalAxis,nvda:OtherAsiaPacificMember,revenue,833000000.0,USD,RevenueFromContractWithCustomerExcludingAssessedTax,ytd_diff,0001045810-21-000010,10-K,2021-02-26,https://www.sec.gov/Archives/edgar/data/1045810/000104581021000010/nvda-20210131_htm.xml
2021-02-01,2021-05-02,2022,Q1,2021Q1,NVDA,srt:StatementGeographicalAxis,nvda:OtherAsiaPacificMember,revenue,1001000000.0,USD,Revenues,reported,0001045810-21-000064,10-Q,2021-05-26,https://www.sec.gov/Archives/edgar/data/1045810/000104581021000064/nvda-20210502_htm.xml
2021-05-03,2021-08-01,2022,Q2,2021Q2,NVDA,srt:StatementGeographicalAxis,nvda:OtherAsiaPacificMember,revenue,1047000000.0,USD,Revenues,reported,0001045810-21-000131,10-Q,2021-08-20,https://www.sec.gov/Archives/edgar/data/1045810/000104581021000131/nvda-20210801_htm.xml
2021-08-02,2021-10-31,2022,Q3,2021Q3,NVDA,srt:StatementGeographicalAxis,nvda:OtherAsiaPacificMember,revenue,1067000000.0,USD,Revenues,reported,0001045810-21-000163,10-Q,2021-11-22,https://www.sec.gov/Archives/edgar/data/1045810/000104581021000163/nvda-20211031_htm.xml
2025-01-27,2025-04-27,2026,Q1,2025Q1,NVDA,srt:StatementGeographicalAxis,nvda:OtherCountriesMember,revenue,1070000000.0,USD,Revenues,reported,0001045810-26-000052,10-Q,2026-05-20,https://www.sec.gov/Archives/edgar/data/1045810/000104581026000052/nvda-20260426_htm.xml
2025-04-28,2025-07-27,2026,Q2,2025Q2,NVDA,srt:StatementGeographicalAxis,nvda:OtherCountriesMember,revenue,959000000.0,USD,Revenues,reported,0001045810-26-000075,10-Q,2026-08-26,https://www.sec.gov/Archives/edgar/data/1045810/000104581026000075/nvda-20260726_htm.xml
2026-01-26,2026-04-26,2027,Q1,2026Q1,NVDA,srt:StatementGeographicalAxis,nvda:OtherCountriesMember,revenue,1290000000.0,USD,Revenues,reported,0001045810-26-000052,10-Q,2026-05-20,https://www.sec.gov/Archives/edgar/data/1045810/000104581026000052/nvda-20260426_htm.xml
2026-04-27,2026-07-26,2027,Q2,2026Q2,NVDA,srt:StatementGeographicalAxis,nvda:OtherCountriesMember,revenue,1282000000.0,USD,Revenues,reported,0001045810-26-000075,10-Q,2026-08-26,https://www.sec.gov/Archives/edgar/data/1045810/000104581026000075/nvda-20260726_htm.xml
2018-01-29,2018-04-29,2019,Q1,2018Q1,NVDA,srt:StatementGeographicalAxis,srt:EuropeMember,revenue,235000000.0,USD,Revenues,reported,0001045810-19-000079,10-Q,2019-05-16,https://www.sec.gov/Archives/edgar/data/1045810/000104581019000079/nvda-20190428.xml
2018-04-30,2018-07-29,2019,Q2,2018Q2,NVDA,srt:StatementGeographicalAxis,srt:EuropeMember,revenue,234000000.0,USD,Revenues,reported,0001045810-19-000144,10-Q,2019-08-15,https://www.sec.gov/Archives/edgar/data/1045810/000104581019000144/nvda2020q210q_htm.xml
2018-07-30,2018-10-28,2019,Q3,2018Q3,NVDA,srt:StatementGeographicalAxis,srt:EuropeMember,revenue,230000000.0,USD,Revenues,reported,0001045810-19-000170,10-Q,2019-11-14,https://www.sec.gov/Archives/edgar/data/1045810/000104581019000170/nvda2020q310q_htm.xml
2018-10-29,2019-01-27,2019,Q4,2018Q4,NVDA,srt:StatementGeographicalAxis,srt:EuropeMember,revenue,215000000.0,USD,RevenueFromContractWithCustomerExcludingAssessedTax,ytd_diff,0001045810-21-000010,10-K,2021-02-26,https://www.sec.gov/Archives/edgar/data/1045810/000104581021000010/nvda-20210131_htm.xml
2019-01-28,2019-04-28,2020,Q1,2019Q1,NVDA,srt:StatementGeographicalAxis,srt:EuropeMember,revenue,249000000.0,USD,Revenues,reported,0001045810-20-000065,10-Q,2020-05-21,https://www.sec.gov/Archives/edgar/data/1045810/000104581020000065/nvda-20200426_htm.xml
2019-04-29,2019-07-28,2020,Q2,2019Q2,NVDA,srt:StatementGeographicalAxis,srt:EuropeMember,revenue,288000000.0,USD,Revenues,reported,0001045810-20-000147,10-Q,2020-08-19,https://www.sec.gov/Archives/edgar/data/1045810/000104581020000147/nvda-20200726_htm.xml
2019-07-29,2019-10-27,2020,Q3,2019Q3,NVDA,srt:StatementGeographicalAxis,srt:EuropeMember,revenue,216000000.0,USD,Revenues,reported,0001045810-20-000189,10-Q,2020-11-18,https://www.sec.gov/Archives/edgar/data/1045810/000104581020000189/nvda-20201025_htm.xml
2019-10-28,2020-01-26,2020,Q4,2019Q4,NVDA,srt:StatementGeographicalAxis,srt:EuropeMember,revenue,239000000.0,USD,RevenueFromContractWithCustomerExcludingAssessedTax,ytd_diff,0001045810-21-000010,10-K,2021-02-26,https://www.sec.gov/Archives/edgar/data/1045810/000104581021000010/nvda-20210131_htm.xml
2020-01-27,2020-04-26,2021,Q1,2020Q1,NVDA,srt:StatementGeographicalAxis,srt:EuropeMember,revenue,254000000.0,USD,Revenues,reported,0001045810-21-000064,10-Q,2021-05-26,https://www.sec.gov/Archives/edgar/data/1045810/000104581021000064/nvda-20210502_htm.xml
2020-04-27,2020-07-26,2021,Q2,2020Q2,NVDA,srt:StatementGeographicalAxis,srt:EuropeMember,revenue,240000000.0,USD,Revenues,reported,0001045810-21-000131,10-Q,2021-08-20,https://www.sec.gov/Archives/edgar/data/1045810/000104581021000131/nvda-20210801_htm.xml
2020-07-27,2020-10-25,2021,Q3,2020Q3,NVDA,srt:StatementGeographicalAxis,srt:EuropeMember,revenue,247000000.0,USD,Revenues,reported,0001045810-21-000163,10-Q,2021-11-22,https://www.sec.gov/Archives/edgar/data/1045810/000104581021000163/nvda-20211031_htm.xml
2020-10-26,2021-01-31,2021,Q4,2020Q4,NVDA,srt:StatementGeographicalAxis,srt:EuropeMember,revenue,377000000.0,USD,RevenueFromContractWithCustomerExcludingAssessedTax,ytd_diff,0001045810-21-000010,10-K,2021-02-26,https://www.sec.gov/Archives/edgar/data/1045810/000104581021000010/nvda-20210131_htm.xml
2021-02-01,2021-05-02,2022,Q1,2021Q1,NVDA,srt:StatementGeographicalAxis,srt:EuropeMember,revenue,381000000.0,USD,Revenues,reported,0001045810-21-000064,10-Q,2021-05-26,https://www.sec.gov/Archives/edgar/data/1045810/000104581021000064/nvda-20210502_htm.xml
2021-05-03,2021-08-01,2022,Q2,2021Q2,NVDA,srt:StatementGeographicalAxis,srt:EuropeMember,revenue,429000000.0,USD,Revenues,reported,0001045810-21-000131,10-Q,2021-08-20,https://www.sec.gov/Archives/edgar/data/1045810/000104581021000131/nvda-20210801_htm.xml
2021-08-02,2021-10-31,2022,Q3,2021Q3,NVDA,srt:StatementGeographicalAxis,srt:EuropeMember,revenue,340000000.0,USD,Revenues,reported,0001045810-21-000163,10-Q,2021-11-22,https://www.sec.gov/Archives/edgar/data/1045810/000104581021000163/nvda-20211031_htm.xml
2014-04-28,2014-07-27,2015,Q2,2014Q2,NVDA,us-gaap:StatementBusinessSegmentsAxis,nvda:AllOtherMember,revenue,66000000.0,USD,Revenues,reported,0001045810-15-000143,10-Q,2015-08-19,https://www.sec.gov/Archives/edgar/data/1045810/000104581015000143/nvda-20150726.xml
2014-07-28,2014-10-26,2015,Q3,2014Q3,NVDA,us-gaap:StatementBusinessSegmentsAxis,nvda:AllOtherMember,revenue,66000000.0,USD,Revenues,reported,0001045810-15-000173,10-Q,2015-11-18,https://www.sec.gov/Archives/edgar/data/1045810/000104581015000173/nvda-20151025.xml
2014-10-27,2015-01-25,2015,Q4,2014Q4,NVDA,us-gaap:StatementBusinessSegmentsAxis,nvda:AllOtherMember,revenue,66000000.0,USD,Revenues,ytd_diff,0001045810-17-000027,10-K,2017-03-01,https://www.sec.gov/Archives/edgar/data/1045810/000104581017000027/nvda-20170129.xml
2015-01-26,2015-04-26,2016,Q1,2015Q1,NVDA,us-gaap:StatementBusinessSegmentsAxis,nvda:AllOtherMember,revenue,66000000.0,USD,Revenues,reported,0001045810-16-000275,10-Q,2016-05-25,https://www.sec.gov/Archives/edgar/data/1045810/000104581016000275/nvda-20160501.xml
2015-04-27,2015-07-26,2016,Q2,2015Q2,NVDA,us-gaap:StatementBusinessSegmentsAxis,nvda:AllOtherMember,revenue,66000000.0,USD,Revenues,reported,0001045810-16-000300,10-Q,2016-08-23,https://www.sec.gov/Archives/edgar/data/1045810/000104581016000300/nvda-20160731.xml
2015-07-27,2015-10-25,2016,Q3,2015Q3,NVDA,us-gaap:StatementBusinessSegmentsAxis,nvda:AllOtherMember,revenue,66000000.0,USD,Revenues,reported,0001045810-16-000353,10-Q,2016-11-22,https://www.sec.gov/Archives/edgar/data/1045810/000104581016000353/nvda-20161030.xml
2015-10-26,2016-01-31,2016,Q4,2015Q4,NVDA,us-gaap:StatementBusinessSegmentsAxis,nvda:AllOtherMember,revenue,66000000.0,USD,Revenues,ytd_diff,0001045810-18-000010,10-K,2018-02-28,https://www.sec.gov/Archives/edgar/data/1045810/000104581018000010/nvda-20180128.xml
2016-02-01,2016-05-01,2017,Q1,2016Q1,NVDA,us-gaap:StatementBusinessSegmentsAxis,nvda:AllOtherMember,revenue,66000000.0,USD,Revenues,reported,0001045810-17-000075,10-Q,2017-05-23,https://www.sec.gov/Archives/edgar/data/1045810/000104581017000075/nvda-20170430.xml
2016-05-02,2016-07-31,2017,Q2,2016Q2,NVDA,us-gaap:StatementBusinessSegmentsAxis,nvda:AllOtherMember,revenue,66000000.0,USD,Revenues,reported,0001045810-17-000123,10-Q,2017-08-23,https://www.sec.gov/Archives/edgar/data/1045810/000104581017000123/nvda-20170730.xml
2016-08-01,2016-10-30,2017,Q3,2016Q3,NVDA,us-gaap:StatementBusinessSegmentsAxis,nvda:AllOtherMember,revenue,66000000.0,USD,Revenues,reported,0001045810-17-000172,10-Q,2017-11-21,https://www.sec.gov/Archives/edgar/data/1045810/000104581017000172/nvda-20171029.xml
2016-10-31,2017-01-29,2017,Q4,2016Q4,NVDA,us-gaap:StatementBusinessSegmentsAxis,nvda:AllOtherMember,revenue,66000000.0,USD,Revenues,ytd_diff,0001045810-18-000010,10-K,2018-02-28,https://www.sec.gov/Archives/edgar/data/1045810/000104581018000010/nvda-20180128.xml
2017-01-30,2017-04-30,2018,Q1,2017Q1,NVDA,us-gaap:StatementBusinessSegmentsAxis,nvda:AllOtherMember,revenue,43000000.0,USD,Revenues,reported,0001045810-18-000080,10-Q,2018-05-22,https://www.sec.gov/Archives/edgar/data/1045810/000104581018000080/nvda-20180429.xml
2017-05-01,2017-07-30,2018,Q2,2017Q2,NVDA,us-gaap:StatementBusinessSegmentsAxis,nvda:AllOtherMember,revenue,0.0,USD,Revenues,reported,0001045810-17-000123,10-Q,2017-08-23,https://www.sec.gov/Archives/edgar/data/1045810/000104581017000123/nvda-20170730.xml
2017-07-31,2017-10-29,2018,Q3,2017Q3,NVDA,us-gaap:StatementBusinessSegmentsAxis,nvda:AllOtherMember,revenue,0.0,USD,Revenues,reported,0001045810-17-000172,10-Q,2017-11-21,https://www.sec.gov/Archives/edgar/data/1045810/000104581017000172/nvda-20171029.xml
2017-10-30,2018-01-28,2018,Q4,2017Q4,NVDA,us-gaap:StatementBusinessSegmentsAxis,nvda:AllOtherMember,revenue,0.0,USD,Revenues,ytd_diff,0001045810-18-000010,10-K,2018-02-28,https://www.sec.gov/Archives/edgar/data/1045810/000104581018000010/nvda-20180128.xml
2018-01-29,2018-04-29,2019,Q1,2018Q1,NVDA,us-gaap:StatementBusinessSegmentsAxis,nvda:AllOtherMember,revenue,0.0,USD,Revenues,reported,0001045810-18-000080,10-Q,2018-05-22,https://www.sec.gov/Archives/edgar/data/1045810/000104581018000080/nvda-20180429.xml
2019-01-28,2019-04-28,2020,Q1,2019Q1,NVDA,us-gaap:StatementBusinessSegmentsAxis,nvda:ComputeAndNetworkingMember,revenue,694000000.0,USD,Revenues,reported,0001045810-20-000065,10-Q,2020-05-21,https://www.sec.gov/Archives/edgar/data/1045810/000104581020000065/nvda-20200426_htm.xml
2019-04-29,2019-07-28,2020,Q2,2019Q2,NVDA,us-gaap:StatementBusinessSegmentsAxis,nvda:ComputeAndNetworkingMember,revenue,776000000.0,USD,Revenues,reported,0001045810-20-000147,10-Q,2020-08-19,https://www.sec.gov/Archives/edgar/data/1045810/000104581020000147/nvda-20200726_htm.xml
2019-07-29,2019-10-27,2020,Q3,2019Q3,NVDA,us-gaap:StatementBusinessSegmentsAxis,nvda:ComputeAndNetworkingMember,revenue,788000000.0,USD,Revenues,reported,0001045810-20-000189,10-Q,2020-11-18,https://www.sec.gov/Archives/edgar/data/1045810/000104581020000189/nvda-20201025_htm.xml
2019-10-28,2020-01-26,2020,Q4,2019Q4,NVDA,us-gaap:StatementBusinessSegmentsAxis,nvda:ComputeAndNetworkingMember,revenue,1021000000.0,USD,RevenueFromContractWithCustomerExcludingAssessedTax,ytd_diff,0001045810-22-000036,10-K,2022-03-18,https://www.sec.gov/Archives/edgar/data/1045810/000104581022000036/nvda-20220130_htm.xml
2020-01-27,2020-04-26,2021,Q1,2020Q1,NVDA,us-gaap:StatementBusinessSegmentsAxis,nvda:ComputeAndNetworkingMember,revenue,1174000000.0,USD,Revenues,reported,0001045810-21-000064,10-Q,2021-05-26,https://www.sec.gov/Archives/edgar/data/1045810/000104581021000064/nvda-20210502_htm.xml
2020-04-27,2020-07-26,2021,Q2,2020Q2,NVDA,us-gaap:StatementBusinessSegmentsAxis,nvda:ComputeAndNetworkingMember,revenue,1781000000.0,USD,Revenues,reported,0001045810-21-000131,10-Q,2021-08-20,https://www.sec.gov/Archives/edgar/data/1045810/000104581021000131/nvda-20210801_htm.xml
2020-07-27,2020-10-25,2021,Q3,2020Q3,NVDA,us-gaap:StatementBusinessSegmentsAxis,nvda:ComputeAndNetworkingMember,revenue,1939000000.0,USD,Revenues,reported,0001045810-21-000163,10-Q,2021-11-22,https://www.sec.gov/Archives/edgar/data/1045810/000104581021000163/nvda-20211031_htm.xml
2020-10-26,2021-01-31,2021,Q4,2020Q4,NVDA,us-gaap:StatementBusinessSegmentsAxis,nvda:ComputeAndNetworkingMember,revenue,1947000000.0,USD,Revenues,ytd_diff,0001045810-23-000017,10-K,2023-02-24,https://www.sec.gov/Archives/edgar/data/1045810/000104581023000017/nvda-20230129_htm.xml
2021-02-01,2021-05-02,2022,Q1,2021Q1,NVDA,us-gaap:StatementBusinessSegmentsAxis,nvda:ComputeAndNetworkingMember,revenue,2210000000.0,USD,Revenues,reported,0001045810-22-000079,10-Q,2022-05-27,https://www.sec.gov/Archives/edgar/data/1045810/000104581022000079/nvda-20220501_htm.xml
2021-05-03,2021-08-01,2022,Q2,2021Q2,NVDA,us-gaap:StatementBusinessSegmentsAxis,nvda:ComputeAndNetworkingMember,revenue,2600000000.0,USD,Revenues,reported,0001045810-22-000147,10-Q,2022-08-31,https://www.sec.gov/Archives/edgar/data/1045810/000104581022000147/nvda-20220731_htm.xml
2021-08-02,2021-10-31,2022,Q3,2021Q3,NVDA,us-gaap:StatementBusinessSegmentsAxis,nvda:ComputeAndNetworkingMember,revenue,3011000000.0,USD,Revenues,reported,0001045810-22-000166,10-Q,2022-11-18,https://www.sec.gov/Archives/edgar/data/1045810/000104581022000166/nvda-20221030_htm.xml
2021-11-01,2022-01-30,2022,Q4,2021Q4,NVDA,us-gaap:StatementBusinessSegmentsAxis,nvda:ComputeAndNetworkingMember,revenue,3225000000.0,USD,Revenues,ytd_diff,0001045810-24-000029,10-K,2024-02-21,https://www.sec.gov/Archives/edgar/data/1045810/000104581024000029/nvda-20240128_htm.xml
2022-01-31,2022-05-01,2023,Q1,2022Q1,NVDA,us-gaap:StatementBusinessSegmentsAxis,nvda:ComputeAndNetworkingMember,revenue,3672000000.0,USD,Revenues,reported,0001045810-23-000093,10-Q,2023-05-26,https://www.sec.gov/Archives/edgar/data/1045810/000104581023000093/nvda-20230430_htm.xml
2022-05-02,2022-07-31,2023,Q2,2022Q2,NVDA,us-gaap:StatementBusinessSegmentsAxis,nvda:ComputeAndNetworkingMember,revenue,3907000000.0,USD,Revenues,reported,0001045810-23-000175,10-Q,2023-08-28,https://www.sec.gov/Archives/edgar/data/1045810/000104581023000175/nvda-20230730_htm.xml
2022-08-01,2022-10-30,2023,Q3,2022Q3,NVDA,us-gaap:StatementBusinessSegmentsAxis,nvda:ComputeAndNetworkingMember,revenue,3816000000.0,USD,Revenues,reported,0001045810-23-000227,10-Q,2023-11-21,https://www.sec.gov/Archives/edgar/data/1045810/000104581023000227/nvda-20231029_htm.xml
2022-10-31,2023-01-29,2023,Q4,2022Q4,NVDA,us-gaap:StatementBusinessSegmentsAxis,nvda:ComputeAndNetworkingMember,revenue,3673000000.0,USD,Revenues,ytd_diff,0001045810-24-000029,10-K,2024-02-21,https://www.sec.gov/Archives/edgar/data/1045810/000104581024000029/nvda-20240128_htm.xml
2023-01-30,2023-04-30,2024,Q1,2023Q1,NVDA,us-gaap:StatementBusinessSegmentsAxis,nvda:ComputeAndNetworkingMember,revenue,4460000000.0,USD,Revenues,reported,0001045810-24-000124,10-Q,2024-05-29,https://www.sec.gov/Archives/edgar/data/1045810/000104581024000124/nvda-20240428_htm.xml
2023-05-01,2023-07-30,2024,Q2,2023Q2,NVDA,us-gaap:StatementBusinessSegmentsAxis,nvda:ComputeAndNetworkingMember,revenue,10402000000.0,USD,Revenues,reported,0001045810-24-000264,10-Q,2024-08-28,https://www.sec.gov/Archives/edgar/data/1045810/000104581024000264/nvda-20240728_htm.xml
2023-07-31,2023-10-29,2024,Q3,2023Q3,NVDA,us-gaap:StatementBusinessSegmentsAxis,nvda:ComputeAndNetworkingMember,revenue,14645000000.0,USD,Revenues,reported,0001045810-24-000316,10-Q,2024-11-20,https://www.sec.gov/Archives/edgar/data/1045810/000104581024000316/nvda-20241027_htm.xml
2023-10-30,2024-01-28,2024,Q4,2023Q4,NVDA,us-gaap:StatementBusinessSegmentsAxis,nvda:ComputeAndNetworkingMember,revenue,17898000000.0,USD,Revenues,ytd_diff,0001045810-24-000029,10-K,2024-02-21,https://www.sec.gov/Archives/edgar/data/1045810/000104581024000029/nvda-20240128_htm.xml
2024-01-29,2024-04-28,2025,Q1,2024Q1,NVDA,us-gaap:StatementBusinessSegmentsAxis,nvda:ComputeAndNetworkingMember,revenue,22675000000.0,USD,Revenues,reported,0001045810-24-000124,10-Q,2024-05-29,https://www.sec.gov/Archives/edgar/data/1045810/000104581024000124/nvda-20240428_htm.xml
2024-04-29,2024-07-28,2025,Q2,2024Q2,NVDA,us-gaap:StatementBusinessSegmentsAxis,nvda:ComputeAndNetworkingMember,revenue,26446000000.0,USD,Revenues,reported,0001045810-24-000264,10-Q,2024-08-28,https://www.sec.gov/Archives/edgar/data/1045810/000104581024000264/nvda-20240728_htm.xml
2024-07-29,2024-10-27,2025,Q3,2024Q3,NVDA,us-gaap:StatementBusinessSegmentsAxis,nvda:ComputeAndNetworkingMember,revenue,31036000000.0,USD,Revenues,reported,0001045810-24-000316,10-Q,2024-11-20,https://www.sec.gov/Archives/edgar/data/1045810/000104581024000316/nvda-20241027_htm.xml
2024-01-29,2024-04-28,2025,Q1,2024Q1,NVDA,us-gaap:StatementBusinessSegmentsAxis,nvda:ComputeAndNetworkingSegmentMember,revenue,22675000000.0,USD,Revenues,reported,0001045810-25-000116,10-Q,2025-05-28,https://www.sec.gov/Archives/edgar/data/1045810/000104581025000116/nvda-20250427_htm.xml
2024-04-29,2024-07-28,2025,Q2,2024Q2,NVDA,us-gaap:StatementBusinessSegmentsAxis,nvda:ComputeAndNetworkingSegmentMember,revenue,26446000000.0,USD,Revenues,reported,0001045810-25-000209,10-Q,2025-08-27,https://www.sec.gov/Archives/edgar/data/1045810/000104581025000209/nvda-20250727_htm.xml
2024-07-29,2024-10-27,2025,Q3,2024Q3,NVDA,us-gaap:StatementBusinessSegmentsAxis,nvda:ComputeAndNetworkingSegmentMember,revenue,31036000000.0,USD,Revenues,reported,0001045810-25-000230,10-Q,2025-11-19,https://www.sec.gov/Archives/edgar/data/1045810/000104581025000230/nvda-20251026_htm.xml
2024-10-28,2025-01-26,2025,Q4,2024Q4,NVDA,us-gaap:StatementBusinessSegmentsAxis,nvda:ComputeAndNetworkingSegmentMember,revenue,36036000000.0,USD,Revenues,ytd_diff,0001045810-26-000021,10-K,2026-02-25,https://www.sec.gov/Archives/edgar/data/1045810/000104581026000021/nvda-20260125_htm.xml
2025-01-27,2025-04-27,2026,Q1,2025Q1,NVDA,us-gaap:StatementBusinessSegmentsAxis,nvda:ComputeAndNetworkingSegmentMember,revenue,39589000000.0,USD,Revenues,reported,0001045810-26-000052,10-Q,2026-05-20,https://www.sec.gov/Archives/edgar/data/1045810/000104581026000052/nvda-20260426_htm.xml
2025-04-28,2025-07-27,2026,Q2,2025Q2,NVDA,us-gaap:StatementBusinessSegmentsAxis,nvda:ComputeAndNetworkingSegmentMember,revenue,41331000000.0,USD,Revenues,reported,0001045810-26-000075,10-Q,2026-08-26,https://www.sec.gov/Archives/edgar/data/1045810/000104581026000075/nvda-20260726_htm.xml
2025-07-28,2025-10-26,2026,Q3,2025Q3,NVDA,us-gaap:StatementBusinessSegmentsAxis,nvda:ComputeAndNetworkingSegmentMember,revenue,50908000000.0,USD,Revenues,reported,0001045810-25-000230,10-Q,2025-11-19,https://www.sec.gov/Archives/edgar/data/1045810/000104581025000230/nvda-20251026_htm.xml
2025-10-27,2026-01-25,2026,Q4,2025Q4,NVDA,us-gaap:StatementBusinessSegmentsAxis,nvda:ComputeAndNetworkingSegmentMember,revenue,61651000000.0,USD,Revenues,ytd_diff,0001045810-26-000021,10-K,2026-02-25,https://www.sec.gov/Archives/edgar/data/1045810/000104581026000021/nvda-20260125_htm.xml
2026-01-26,2026-04-26,2027,Q1,2026Q1,NVDA,us-gaap:StatementBusinessSegmentsAxis,nvda:ComputeAndNetworkingSegmentMember,revenue,74550000000.0,USD,Revenues,reported,0001045810-26-000052,10-Q,2026-05-20,https://www.sec.gov/Archives/edgar/data/1045810/000104581026000052/nvda-20260426_htm.xml
2026-04-27,2026-07-26,2027,Q2,2026Q2,NVDA,us-gaap:StatementBusinessSegmentsAxis,nvda:ComputeAndNetworkingSegmentMember,revenue,88299000000.0,USD,Revenues,reported,0001045810-26-000075,10-Q,2026-08-26,https://www.sec.gov/Archives/edgar/data/1045810/000104581026000075/nvda-20260726_htm.xml
2014-04-28,2014-07-27,2015,Q2,2014Q2,NVDA,us-gaap:StatementBusinessSegmentsAxis,nvda:GpuMember,revenue,878000000.0,USD,Revenues,reported,0001045810-15-000143,10-Q,2015-08-19,https://www.sec.gov/Archives/edgar/data/1045810/000104581015000143/nvda-20150726.xml
2014-07-28,2014-10-26,2015,Q3,2014Q3,NVDA,us-gaap:StatementBusinessSegmentsAxis,nvda:GpuMember,revenue,991000000.0,USD,Revenues,reported,0001045810-15-000173,10-Q,2015-11-18,https://www.sec.gov/Archives/edgar/data/1045810/000104581015000173/nvda-20151025.xml
2014-10-27,2015-01-25,2015,Q4,2014Q4,NVDA,us-gaap:StatementBusinessSegmentsAxis,nvda:GpuMember,revenue,1072000000.0,USD,Revenues,ytd_diff,0001045810-17-000027,10-K,2017-03-01,https://www.sec.gov/Archives/edgar/data/1045810/000104581017000027/nvda-20170129.xml
2015-01-26,2015-04-26,2016,Q1,2015Q1,NVDA,us-gaap:StatementBusinessSegmentsAxis,nvda:GpuMember,revenue,940000000.0,USD,Revenues,reported,0001045810-16-000275,10-Q,2016-05-25,https://www.sec.gov/Archives/edgar/data/1045810/000104581016000275/nvda-20160501.xml
2015-04-27,2015-07-26,2016,Q2,2015Q2,NVDA,us-gaap:StatementBusinessSegmentsAxis,nvda:GpuMember,revenue,959000000.0,USD,Revenues,reported,0001045810-16-000300,10-Q,2016-08-23,https://www.sec.gov/Archives/edgar/data/1045810/000104581016000300/nvda-20160731.xml
2015-07-27,2015-10-25,2016,Q3,2015Q3,NVDA,us-gaap:StatementBusinessSegmentsAxis,nvda:GpuMember,revenue,1110000000.0,USD,Revenues,reported,0001045810-16-000353,10-Q,2016-11-22,https://www.sec.gov/Archives/edgar/data/1045810/000104581016000353/nvda-20161030.xml
2015-10-26,2016-01-31,2016,Q4,2015Q4,NVDA,us-gaap:StatementBusinessSegmentsAxis,nvda:GpuMember,revenue,1178000000.0,USD,Revenues,ytd_diff,0001045810-18-000010,10-K,2018-02-28,https://www.sec.gov/Archives/edgar/data/1045810/000104581018000010/nvda-20180128.xml
2016-02-01,2016-05-01,2017,Q1,2016Q1,NVDA,us-gaap:StatementBusinessSegmentsAxis,nvda:GpuMember,revenue,1079000000.0,USD,Revenues,reported,0001045810-17-000075,10-Q,2017-05-23,https://www.sec.gov/Archives/edgar/data/1045810/000104581017000075/nvda-20170430.xml
2016-05-02,2016-07-31,2017,Q2,2016Q2,NVDA,us-gaap:StatementBusinessSegmentsAxis,nvda:GpuMember,revenue,1196000000.0,USD,Revenues,reported,0001045810-17-000123,10-Q,2017-08-23,https://www.sec.gov/Archives/edgar/data/1045810/000104581017000123/nvda-20170730.xml
2016-08-01,2016-10-30,2017,Q3,2016Q3,NVDA,us-gaap:StatementBusinessSegmentsAxis,nvda:GpuMember,revenue,1697000000.0,USD,Revenues,reported,0001045810-17-000172,10-Q,2017-11-21,https://www.sec.gov/Archives/edgar/data/1045810/000104581017000172/nvda-20171029.xml
2016-10-31,2017-01-29,2017,Q4,2016Q4,NVDA,us-gaap:StatementBusinessSegmentsAxis,nvda:GpuMember,revenue,1850000000.0,USD,RevenueFromContractWithCustomerExcludingAssessedTax,ytd_diff,0001045810-19-000023,10-K,2019-02-21,https://www.sec.gov/Archives/edgar/data/1045810/000104581019000023/nvda-20190127.xml
2017-01-30,2017-04-30,2018,Q1,2017Q1,NVDA,us-gaap:StatementBusinessSegmentsAxis,nvda:GpuMember,revenue,1562000000.0,USD,Revenues,reported,0001045810-18-000080,10-Q,2018-05-22,https://www.sec.gov/Archives/edgar/data/1045810/000104581018000080/nvda-20180429.xml
2017-05-01,2017-07-30,2018,Q2,2017Q2,NVDA,us-gaap:StatementBusinessSegmentsAxis,nvda:GpuMember,revenue,1897000000.0,USD,Revenues,reported,0001045810-17-000123,10-Q,2017-08-23,https://www.sec.gov/Archives/edgar/data/1045810/000104581017000123/nvda-20170730.xml
2017-07-31,2017-10-29,2018,Q3,2017Q3,NVDA,us-gaap:StatementBusinessSegmentsAxis,nvda:GpuMember,revenue,2217000000.0,USD,Revenues,reported,0001045810-17-000172,10-Q,2017-11-21,https://www.sec.gov/Archives/edgar/data/1045810/000104581017000172/nvda-20171029.xml
2017-10-30,2018-01-28,2018,Q4,2017Q4,NVDA,us-gaap:StatementBusinessSegmentsAxis,nvda:GpuMember,revenue,2461000000.0,USD,RevenueFromContractWithCustomerExcludingAssessedTax,ytd_diff,0001045810-20-000010,10-K,2020-02-20,https://www.sec.gov/Archives/edgar/data/1045810/000104581020000010/nvda-2020x10k_htm.xml
2018-01-29,2018-04-29,2019,Q1,2018Q1,NVDA,us-gaap:StatementBusinessSegmentsAxis,nvda:GpuMember,revenue,2765000000.0,USD,Revenues,reported,0001045810-19-000079,10-Q,2019-05-16,https://www.sec.gov/Archives/edgar/data/1045810/000104581019000079/nvda-20190428.xml
2018-04-30,2018-07-29,2019,Q2,2018Q2,NVDA,us-gaap:StatementBusinessSegmentsAxis,nvda:GpuMember,revenue,2656000000.0,USD,Revenues,reported,0001045810-19-000144,10-Q,2019-08-15,https://www.sec.gov/Archives/edgar/data/1045810/000104581019000144/nvda2020q210q_htm.xml
2018-07-30,2018-10-28,2019,Q3,2018Q3,NVDA,us-gaap:StatementBusinessSegmentsAxis,nvda:GpuMember,revenue,2774000000.0,USD,Revenues,reported,0001045810-19-000170,10-Q,2019-11-14,https://www.sec.gov/Archives/edgar/data/1045810/000104581019000170/nvda2020q310q_htm.xml
2018-10-29,2019-01-27,2019,Q4,2018Q4,NVDA,us-gaap:StatementBusinessSegmentsAxis,nvda:GpuMember,revenue,1980000000.0,USD,RevenueFromContractWithCustomerExcludingAssessedTax,ytd_diff,0001045810-20-000010,10-K,2020-02-20,https://www.sec.gov/Archives/edgar/data/1045810/000104581020000010/nvda-2020x10k_htm.xml
2019-01-28,2019-04-28,2020,Q1,2019Q1,NVDA,us-gaap:StatementBusinessSegmentsAxis,nvda:GpuMember,revenue,2022000000.0,USD,Revenues,reported,0001045810-19-000079,10-Q,2019-05-16,https://www.sec.gov/Archives/edgar/data/1045810/000104581019000079/nvda-20190428.xml
2019-04-29,2019-07-28,2020,Q2,2019Q2,NVDA,us-gaap:StatementBusinessSegmentsAxis,nvda:GpuMember,revenue,2104000000.0,USD,Revenues,reported,0001045810-19-000144,10-Q,2019-08-15,https://www.sec.gov/Archives/edgar/data/1045810/000104581019000144/nvda2020q210q_htm.xml
2019-07-29,2019-10-27,2020,Q3,2019Q3,NVDA,us-gaap:StatementBusinessSegmentsAxis,nvda:GpuMember,revenue,2565000000.0,USD,Revenues,reported,0001045810-19-000170,10-Q,2019-11-14,https://www.sec.gov/Archives/edgar/data/1045810/000104581019000170/nvda2020q310q_htm.xml
2019-10-28,2020-01-26,2020,Q4,2019Q4,NVDA,us-gaap:StatementBusinessSegmentsAxis,nvda:GpuMember,revenue,2774000000.0,USD,RevenueFromContractWithCustomerExcludingAssessedTax,ytd_diff,0001045810-20-000010,10-K,2020-02-20,https://www.sec.gov/Archives/edgar/data/1045810/000104581020000010/nvda-2020x10k_htm.xml
2019-01-28,2019-04-28,2020,Q1,2019Q1,NVDA,us-gaap:StatementBusinessSegmentsAxis,nvda:GraphicsMember,revenue,1526000000.0,USD,Revenues,reported,0001045810-20-000065,10-Q,2020-05-21,https://www.sec.gov/Archives/edgar/data/1045810/000104581020000065/nvda-20200426_htm.xml
2019-04-29,2019-07-28,2020,Q2,2019Q2,NVDA,us-gaap:StatementBusinessSegmentsAxis,nvda:GraphicsMember,revenue,1803000000.0,USD,Revenues,reported,0001045810-20-000147,10-Q,2020-08-19,https://www.sec.gov/Archives/edgar/data/1045810/000104581020000147/nvda-20200726_htm.xml
2019-07-29,2019-10-27,2020,Q3,2019Q3,NVDA,us-gaap:StatementBusinessSegmentsAxis,nvda:GraphicsMember,revenue,2226000000.0,USD,Revenues,reported,0001045810-20-000189,10-Q,2020-11-18,https://www.sec.gov/Archives/edgar/data/1045810/000104581020000189/nvda-20201025_htm.xml
2019-10-28,2020-01-26,2020,Q4,2019Q4,NVDA,us-gaap:StatementBusinessSegmentsAxis,nvda:GraphicsMember,revenue,2084000000.0,USD,RevenueFromContractWithCustomerExcludingAssessedTax,ytd_diff,0001045810-22-000036,10-K,2022-03-18,https://www.sec.gov/Archives/edgar/data/1045810/000104581022000036/nvda-20220130_htm.xml
2020-01-27,2020-04-26,2021,Q1,2020Q1,NVDA,us-gaap:StatementBusinessSegmentsAxis,nvda:GraphicsMember,revenue,1906000000.0,USD,Revenues,reported,0001045810-21-000064,10-Q,2021-05-26,https://www.sec.gov/Archives/edgar/data/1045810/000104581021000064/nvda-20210502_htm.xml
2020-04-27,2020-07-26,2021,Q2,2020Q2,NVDA,us-gaap:StatementBusinessSegmentsAxis,nvda:GraphicsMember,revenue,2085000000.0,USD,Revenues,reported,0001045810-21-000131,10-Q,2021-08-20,https://www.sec.gov/Archives/edgar/data/1045810/000104581021000131/nvda-20210801_htm.xml
2020-07-27,2020-10-25,2021,Q3,2020Q3,NVDA,us-gaap:StatementBusinessSegmentsAxis,nvda:GraphicsMember,revenue,2787000000.0,USD,Revenues,reported,0001045810-21-000163,10-Q,2021-11-22,https://www.sec.gov/Archives/edgar/data/1045810/000104581021000163/nvda-20211031_htm.xml
2020-10-26,2021-01-31,2021,Q4,2020Q4,NVDA,us-gaap:StatementBusinessSegmentsAxis,nvda:GraphicsMember,revenue,3056000000.0,USD,Revenues,ytd_diff,0001045810-23-000017,10-K,2023-02-24,https://www.sec.gov/Archives/edgar/data/1045810/000104581023000017/nvda-20230129_htm.xml
2021-02-01,2021-05-02,2022,Q1,2021Q1,NVDA,us-gaap:StatementBusinessSegmentsAxis,nvda:GraphicsMember,revenue,3451000000.0,USD,Revenues,reported,0001045810-22-000079,10-Q,2022-05-27,https://www.sec.gov/Archives/edgar/data/1045810/000104581022000079/nvda-20220501_htm.xml
2021-05-03,2021-08-01,2022,Q2,2021Q2,NVDA,us-gaap:StatementBusinessSegmentsAxis,nvda:GraphicsMember,revenue,3907000000.0,USD,Revenues,reported,0001045810-22-000147,10-Q,2022-08-31,https://www.sec.gov/Archives/edgar/data/1045810/000104581022000147/nvda-20220731_htm.xml
2021-08-02,2021-10-31,2022,Q3,2021Q3,NVDA,us-gaap:StatementBusinessSegmentsAxis,nvda:GraphicsMember,revenue,4092000000.0,USD,Revenues,reported,0001045810-22-000166,10-Q,2022-11-18,https://www.sec.gov/Archives/edgar/data/1045810/000104581022000166/nvda-20221030_htm.xml
2021-11-01,2022-01-30,2022,Q4,2021Q4,NVDA,us-gaap:StatementBusinessSegmentsAxis,nvda:GraphicsMember,revenue,4418000000.0,USD,Revenues,ytd_diff,0001045810-24-000029,10-K,2024-02-21,https://www.sec.gov/Archives/edgar/data/1045810/000104581024000029/nvda-20240128_htm.xml
2022-01-31,2022-05-01,2023,Q1,2022Q1,NVDA,us-gaap:StatementBusinessSegmentsAxis,nvda:GraphicsMember,revenue,4616000000.0,USD,Revenues,reported,0001045810-23-000093,10-Q,2023-05-26,https://www.sec.gov/Archives/edgar/data/1045810/000104581023000093/nvda-20230430_htm.xml
2022-05-02,2022-07-31,2023,Q2,2022Q2,NVDA,us-gaap:StatementBusinessSegmentsAxis,nvda:GraphicsMember,revenue,2797000000.0,USD,Revenues,reported,0001045810-23-000175,10-Q,2023-08-28,https://www.sec.gov/Archives/edgar/data/1045810/000104581023000175/nvda-20230730_htm.xml
2022-08-01,2022-10-30,2023,Q3,2022Q3,NVDA,us-gaap:StatementBusinessSegmentsAxis,nvda:GraphicsMember,revenue,2115000000.0,USD,Revenues,reported,0001045810-23-000227,10-Q,2023-11-21,https://www.sec.gov/Archives/edgar/data/1045810/000104581023000227/nvda-20231029_htm.xml
2022-10-31,2023-01-29,2023,Q4,2022Q4,NVDA,us-gaap:StatementBusinessSegmentsAxis,nvda:GraphicsMember,revenue,2378000000.0,USD,Revenues,ytd_diff,0001045810-24-000029,10-K,2024-02-21,https://www.sec.gov/Archives/edgar/data/1045810/000104581024000029/nvda-20240128_htm.xml
2023-01-30,2023-04-30,2024,Q1,2023Q1,NVDA,us-gaap:StatementBusinessSegmentsAxis,nvda:GraphicsMember,revenue,2732000000.0,USD,Revenues,reported,0001045810-24-000124,10-Q,2024-05-29,https://www.sec.gov/Archives/edgar/data/1045810/000104581024000124/nvda-20240428_htm.xml
2023-05-01,2023-07-30,2024,Q2,2023Q2,NVDA,us-gaap:StatementBusinessSegmentsAxis,nvda:GraphicsMember,revenue,3105000000.0,USD,Revenues,reported,0001045810-24-000264,10-Q,2024-08-28,https://www.sec.gov/Archives/edgar/data/1045810/000104581024000264/nvda-20240728_htm.xml
2023-07-31,2023-10-29,2024,Q3,2023Q3,NVDA,us-gaap:StatementBusinessSegmentsAxis,nvda:GraphicsMember,revenue,3475000000.0,USD,Revenues,reported,0001045810-24-000316,10-Q,2024-11-20,https://www.sec.gov/Archives/edgar/data/1045810/000104581024000316/nvda-20241027_htm.xml
2023-10-30,2024-01-28,2024,Q4,2023Q4,NVDA,us-gaap:StatementBusinessSegmentsAxis,nvda:GraphicsMember,revenue,4205000000.0,USD,Revenues,ytd_diff,0001045810-24-000029,10-K,2024-02-21,https://www.sec.gov/Archives/edgar/data/1045810/000104581024000029/nvda-20240128_htm.xml
2024-01-29,2024-04-28,2025,Q1,2024Q1,NVDA,us-gaap:StatementBusinessSegmentsAxis,nvda:GraphicsMember,revenue,3369000000.0,USD,Revenues,reported,0001045810-24-000124,10-Q,2024-05-29,https://www.sec.gov/Archives/edgar/data/1045810/000104581024000124/nvda-20240428_htm.xml
2024-04-29,2024-07-28,2025,Q2,2024Q2,NVDA,us-gaap:StatementBusinessSegmentsAxis,nvda:GraphicsMember,revenue,3594000000.0,USD,Revenues,reported,0001045810-24-000264,10-Q,2024-08-28,https://www.sec.gov/Archives/edgar/data/1045810/000104581024000264/nvda-20240728_htm.xml
2024-07-29,2024-10-27,2025,Q3,2024Q3,NVDA,us-gaap:StatementBusinessSegmentsAxis,nvda:GraphicsMember,revenue,4046000000.0,USD,Revenues,reported,0001045810-24-000316,10-Q,2024-11-20,https://www.sec.gov/Archives/edgar/data/1045810/000104581024000316/nvda-20241027_htm.xml
2024-01-29,2024-04-28,2025,Q1,2024Q1,NVDA,us-gaap:StatementBusinessSegmentsAxis,nvda:GraphicsSegmentMember,revenue,3369000000.0,USD,Revenues,reported,0001045810-25-000116,10-Q,2025-05-28,https://www.sec.gov/Archives/edgar/data/1045810/000104581025000116/nvda-20250427_htm.xml
2024-04-29,2024-07-28,2025,Q2,2024Q2,NVDA,us-gaap:StatementBusinessSegmentsAxis,nvda:GraphicsSegmentMember,revenue,3594000000.0,USD,Revenues,reported,0001045810-25-000209,10-Q,2025-08-27,https://www.sec.gov/Archives/edgar/data/1045810/000104581025000209/nvda-20250727_htm.xml
2024-07-29,2024-10-27,2025,Q3,2024Q3,NVDA,us-gaap:StatementBusinessSegmentsAxis,nvda:GraphicsSegmentMember,revenue,4046000000.0,USD,Revenues,reported,0001045810-25-000230,10-Q,2025-11-19,https://www.sec.gov/Archives/edgar/data/1045810/000104581025000230/nvda-20251026_htm.xml
2024-10-28,2025-01-26,2025,Q4,2024Q4,NVDA,us-gaap:StatementBusinessSegmentsAxis,nvda:GraphicsSegmentMember,revenue,3295000000.0,USD,Revenues,ytd_diff,0001045810-26-000021,10-K,2026-02-25,https://www.sec.gov/Archives/edgar/data/1045810/000104581026000021/nvda-20260125_htm.xml
2025-01-27,2025-04-27,2026,Q1,2025Q1,NVDA,us-gaap:StatementBusinessSegmentsAxis,nvda:GraphicsSegmentMember,revenue,4473000000.0,USD,Revenues,reported,0001045810-26-000052,10-Q,2026-05-20,https://www.sec.gov/Archives/edgar/data/1045810/000104581026000052/nvda-20260426_htm.xml
2025-04-28,2025-07-27,2026,Q2,2025Q2,NVDA,us-gaap:StatementBusinessSegmentsAxis,nvda:GraphicsSegmentMember,revenue,5412000000.0,USD,Revenues,reported,0001045810-26-000075,10-Q,2026-08-26,https://www.sec.gov/Archives/edgar/data/1045810/000104581026000075/nvda-20260726_htm.xml
2025-07-28,2025-10-26,2026,Q3,2025Q3,NVDA,us-gaap:StatementBusinessSegmentsAxis,nvda:GraphicsSegmentMember,revenue,6098000000.0,USD,Revenues,reported,0001045810-25-000230,10-Q,2025-11-19,https://www.sec.gov/Archives/edgar/data/1045810/000104581025000230/nvda-20251026_htm.xml
2025-10-27,2026-01-25,2026,Q4,2025Q4,NVDA,us-gaap:StatementBusinessSegmentsAxis,nvda:GraphicsSegmentMember,revenue,6476000000.0,USD,Revenues,ytd_diff,0001045810-26-000021,10-K,2026-02-25,https://www.sec.gov/Archives/edgar/data/1045810/000104581026000021/nvda-20260125_htm.xml
2026-01-26,2026-04-26,2027,Q1,2026Q1,NVDA,us-gaap:StatementBusinessSegmentsAxis,nvda:GraphicsSegmentMember,revenue,7065000000.0,USD,Revenues,reported,0001045810-26-000052,10-Q,2026-05-20,https://www.sec.gov/Archives/edgar/data/1045810/000104581026000052/nvda-20260426_htm.xml
2026-04-27,2026-07-26,2027,Q2,2026Q2,NVDA,us-gaap:StatementBusinessSegmentsAxis,nvda:GraphicsSegmentMember,revenue,7922000000.0,USD,Revenues,reported,0001045810-26-000075,10-Q,2026-08-26,https://www.sec.gov/Archives/edgar/data/1045810/000104581026000075/nvda-20260726_htm.xml
2014-04-28,2014-07-27,2015,Q2,2014Q2,NVDA,us-gaap:StatementBusinessSegmentsAxis,nvda:TegraProcessorMember,revenue,159000000.0,USD,Revenues,reported,0001045810-15-000143,10-Q,2015-08-19,https://www.sec.gov/Archives/edgar/data/1045810/000104581015000143/nvda-20150726.xml
2014-07-28,2014-10-26,2015,Q3,2014Q3,NVDA,us-gaap:StatementBusinessSegmentsAxis,nvda:TegraProcessorMember,revenue,168000000.0,USD,Revenues,reported,0001045810-15-000173,10-Q,2015-11-18,https://www.sec.gov/Archives/edgar/data/1045810/000104581015000173/nvda-20151025.xml
2014-10-27,2015-01-25,2015,Q4,2014Q4,NVDA,us-gaap:StatementBusinessSegmentsAxis,nvda:TegraProcessorMember,revenue,113000000.0,USD,Revenues,ytd_diff,0001045810-17-000027,10-K,2017-03-01,https://www.sec.gov/Archives/edgar/data/1045810/000104581017000027/nvda-20170129.xml
2015-01-26,2015-04-26,2016,Q1,2015Q1,NVDA,us-gaap:StatementBusinessSegmentsAxis,nvda:TegraProcessorMember,revenue,145000000.0,USD,Revenues,reported,0001045810-16-000275,10-Q,2016-05-25,https://www.sec.gov/Archives/edgar/data/1045810/000104581016000275/nvda-20160501.xml
2015-04-27,2015-07-26,2016,Q2,2015Q2,NVDA,us-gaap:StatementBusinessSegmentsAxis,nvda:TegraProcessorMember,revenue,128000000.0,USD,Revenues,reported,0001045810-16-000300,10-Q,2016-08-23,https://www.sec.gov/Archives/edgar/data/1045810/000104581016000300/nvda-20160731.xml
2015-07-27,2015-10-25,2016,Q3,2015Q3,NVDA,us-gaap:StatementBusinessSegmentsAxis,nvda:TegraProcessorMember,revenue,129000000.0,USD,Revenues,reported,0001045810-16-000353,10-Q,2016-11-22,https://www.sec.gov/Archives/edgar/data/1045810/000104581016000353/nvda-20161030.xml
2015-10-26,2016-01-31,2016,Q4,2015Q4,NVDA,us-gaap:StatementBusinessSegmentsAxis,nvda:TegraProcessorMember,revenue,157000000.0,USD,Revenues,ytd_diff,0001045810-18-000010,10-K,2018-02-28,https://www.sec.gov/Archives/edgar/data/1045810/000104581018000010/nvda-20180128.xml
2016-02-01,2016-05-01,2017,Q1,2016Q1,NVDA,us-gaap:StatementBusinessSegmentsAxis,nvda:TegraProcessorMember,revenue,160000000.0,USD,Revenues,reported,0001045810-17-000075,10-Q,2017-05-23,https://www.sec.gov/Archives/edgar/data/1045810/000104581017000075/nvda-20170430.xml
2016-05-02,2016-07-31,2017,Q2,2016Q2,NVDA,us-gaap:StatementBusinessSegmentsAxis,nvda:TegraProcessorMember,revenue,166000000.0,USD,Revenues,reported,0001045810-17-000123,10-Q,2017-08-23,https://www.sec.gov/Archives/edgar/data/1045810/000104581017000123/nvda-20170730.xml
2016-08-01,2016-10-30,2017,Q3,2016Q3,NVDA,us-gaap:StatementBusinessSegmentsAxis,nvda:TegraProcessorMember,revenue,241000000.0,USD,Revenues,reported,0001045810-17-000172,10-Q,2017-11-21,https://www.sec.gov/Archives/edgar/data/1045810/000104581017000172/nvda-20171029.xml
2016-10-31,2017-01-29,2017,Q4,2016Q4,NVDA,us-gaap:StatementBusinessSegmentsAxis,nvda:TegraProcessorMember,revenue,257000000.0,USD,RevenueFromContractWithCustomerExcludingAssessedTax,ytd_diff,0001045810-19-000023,10-K,2019-02-21,https://www.sec.gov/Archives/edgar/data/1045810/000104581019000023/nvda-20190127.xml
2017-01-30,2017-04-30,2018,Q1,2017Q1,NVDA,us-gaap:StatementBusinessSegmentsAxis,nvda:TegraProcessorMember,revenue,332000000.0,USD,Revenues,reported,0001045810-18-000080,10-Q,2018-05-22,https://www.sec.gov/Archives/edgar/data/1045810/000104581018000080/nvda-20180429.xml
2017-05-01,2017-07-30,2018,Q2,2017Q2,NVDA,us-gaap:StatementBusinessSegmentsAxis,nvda:TegraProcessorMember,revenue,333000000.0,USD,Revenues,reported,0001045810-17-000123,10-Q,2017-08-23,https://www.sec.gov/Archives/edgar/data/1045810/000104581017000123/nvda-20170730.xml
2017-07-31,2017-10-29,2018,Q3,2017Q3,NVDA,us-gaap:StatementBusinessSegmentsAxis,nvda:TegraProcessorMember,revenue,419000000.0,USD,Revenues,reported,0001045810-17-000172,10-Q,2017-11-21,https://www.sec.gov/Archives/edgar/data/1045810/000104581017000172/nvda-20171029.xml
2017-10-30,2018-01-28,2018,Q4,2017Q4,NVDA,us-gaap:StatementBusinessSegmentsAxis,nvda:TegraProcessorMember,revenue,450000000.0,USD,RevenueFromContractWithCustomerExcludingAssessedTax,ytd_diff,0001045810-20-000010,10-K,2020-02-20,https://www.sec.gov/Archives/edgar/data/1045810/000104581020000010/nvda-2020x10k_htm.xml
2018-01-29,2018-04-29,2019,Q1,2018Q1,NVDA,us-gaap:StatementBusinessSegmentsAxis,nvda:TegraProcessorMember,revenue,442000000.0,USD,Revenues,reported,0001045810-19-000079,10-Q,2019-05-16,https://www.sec.gov/Archives/edgar/data/1045810/000104581019000079/nvda-20190428.xml
2018-04-30,2018-07-29,2019,Q2,2018Q2,NVDA,us-gaap:StatementBusinessSegmentsAxis,nvda:TegraProcessorMember,revenue,467000000.0,USD,Revenues,reported,0001045810-19-000144,10-Q,2019-08-15,https://www.sec.gov/Archives/edgar/data/1045810/000104581019000144/nvda2020q210q_htm.xml
2018-07-30,2018-10-28,2019,Q3,2018Q3,NVDA,us-gaap:StatementBusinessSegmentsAxis,nvda:TegraProcessorMember,revenue,407000000.0,USD,Revenues,reported,0001045810-19-000170,10-Q,2019-11-14,https://www.sec.gov/Archives/edgar/data/1045810/000104581019000170/nvda2020q310q_htm.xml
2018-10-29,2019-01-27,2019,Q4,2018Q4,NVDA,us-gaap:StatementBusinessSegmentsAxis,nvda:TegraProcessorMember,revenue,225000000.0,USD,RevenueFromContractWithCustomerExcludingAssessedTax,ytd_diff,0001045810-20-000010,10-K,2020-02-20,https://www.sec.gov/Archives/edgar/data/1045810/000104581020000010/nvda-2020x10k_htm.xml
2019-01-28,2019-04-28,2020,Q1,2019Q1,NVDA,us-gaap:StatementBusinessSegmentsAxis,nvda:TegraProcessorMember,revenue,198000000.0,USD,Revenues,reported,0001045810-19-000079,10-Q,2019-05-16,https://www.sec.gov/Archives/edgar/data/1045810/000104581019000079/nvda-20190428.xml
2019-04-29,2019-07-28,2020,Q2,2019Q2,NVDA,us-gaap:StatementBusinessSegmentsAxis,nvda:TegraProcessorMember,revenue,475000000.0,USD,Revenues,reported,0001045810-19-000144,10-Q,2019-08-15,https://www.sec.gov/Archives/edgar/data/1045810/000104581019000144/nvda2020q210q_htm.xml
2019-07-29,2019-10-27,2020,Q3,2019Q3,NVDA,us-gaap:StatementBusinessSegmentsAxis,nvda:TegraProcessorMember,revenue,449000000.0,USD,Revenues,reported,0001045810-19-000170,10-Q,2019-11-14,https://www.sec.gov/Archives/edgar/data/1045810/000104581019000170/nvda2020q310q_htm.xml
2019-10-28,2020-01-26,2020,Q4,2019Q4,NVDA,us-gaap:StatementBusinessSegmentsAxis,nvda:TegraProcessorMember,revenue,331000000.0,USD,RevenueFromContractWithCustomerExcludingAssessedTax,ytd_diff,0001045810-20-000010,10-K,2020-02-20,https://www.sec.gov/Archives/edgar/data/1045810/000104581020000010/nvda-2020x10k_htm.xml
2023-09-30,2023-12-29,2024,Q2,2023Q4,SNDK,srt:ProductOrServiceAxis,sndk:ClientDevicesMember,revenue,970000000.0,USD,RevenueFromContractWithCustomerExcludingAssessedTax,reported,0002023554-25-000016,10-Q/A,2025-03-17,https://www.sec.gov/Archives/edgar/data/2023554/000202355425000016/sndk-20241227_htm.xml
2023-12-30,2024-03-29,2024,Q3,2024Q1,SNDK,srt:ProductOrServiceAxis,sndk:ClientDevicesMember,revenue,1035000000.0,USD,RevenueFromContractWithCustomerExcludingAssessedTax,reported,0002023554-25-000027,10-Q,2025-05-12,https://www.sec.gov/Archives/edgar/data/2023554/000202355425000027/sndk-20250328_htm.xml
2024-03-30,2024-06-28,2024,Q4,2024Q2,SNDK,srt:ProductOrServiceAxis,sndk:ClientDevicesMember,revenue,1067000000.0,USD,RevenueFromContractWithCustomerExcludingAssessedTax,ytd_diff,0002023554-25-000034,10-K,2025-08-21,https://www.sec.gov/Archives/edgar/data/2023554/000202355425000034/sndk-20250627_htm.xml
2024-09-28,2024-12-27,2025,Q2,2024Q4,SNDK,srt:ProductOrServiceAxis,sndk:ClientDevicesMember,revenue,1028000000.0,USD,RevenueFromContractWithCustomerExcludingAssessedTax,reported,0002023554-25-000016,10-Q/A,2025-03-17,https://www.sec.gov/Archives/edgar/data/2023554/000202355425000016/sndk-20241227_htm.xml
2024-12-28,2025-03-28,2025,Q3,2025Q1,SNDK,srt:ProductOrServiceAxis,sndk:ClientDevicesMember,revenue,927000000.0,USD,RevenueFromContractWithCustomerExcludingAssessedTax,reported,0002023554-25-000027,10-Q,2025-05-12,https://www.sec.gov/Archives/edgar/data/2023554/000202355425000027/sndk-20250328_htm.xml
2025-03-29,2025-06-27,2025,Q4,2025Q2,SNDK,srt:ProductOrServiceAxis,sndk:ClientDevicesMember,revenue,1103000000.0,USD,RevenueFromContractWithCustomerExcludingAssessedTax,ytd_diff,0002023554-25-000034,10-K,2025-08-21,https://www.sec.gov/Archives/edgar/data/2023554/000202355425000034/sndk-20250627_htm.xml
2023-09-30,2023-12-29,2024,Q2,2023Q4,SNDK,srt:ProductOrServiceAxis,sndk:CloudMember,revenue,40000000.0,USD,RevenueFromContractWithCustomerExcludingAssessedTax,reported,0002023554-25-000016,10-Q/A,2025-03-17,https://www.sec.gov/Archives/edgar/data/2023554/000202355425000016/sndk-20241227_htm.xml
2023-12-30,2024-03-29,2024,Q3,2024Q1,SNDK,srt:ProductOrServiceAxis,sndk:CloudMember,revenue,97000000.0,USD,RevenueFromContractWithCustomerExcludingAssessedTax,reported,0002023554-25-000027,10-Q,2025-05-12,https://www.sec.gov/Archives/edgar/data/2023554/000202355425000027/sndk-20250328_htm.xml
2024-03-30,2024-06-28,2024,Q4,2024Q2,SNDK,srt:ProductOrServiceAxis,sndk:CloudMember,revenue,170000000.0,USD,RevenueFromContractWithCustomerExcludingAssessedTax,ytd_diff,0002023554-25-000034,10-K,2025-08-21,https://www.sec.gov/Archives/edgar/data/2023554/000202355425000034/sndk-20250627_htm.xml
2024-09-28,2024-12-27,2025,Q2,2024Q4,SNDK,srt:ProductOrServiceAxis,sndk:CloudMember,revenue,250000000.0,USD,RevenueFromContractWithCustomerExcludingAssessedTax,reported,0002023554-25-000016,10-Q/A,2025-03-17,https://www.sec.gov/Archives/edgar/data/2023554/000202355425000016/sndk-20241227_htm.xml
2024-12-28,2025-03-28,2025,Q3,2025Q1,SNDK,srt:ProductOrServiceAxis,sndk:CloudMember,revenue,197000000.0,USD,RevenueFromContractWithCustomerExcludingAssessedTax,reported,0002023554-25-000027,10-Q,2025-05-12,https://www.sec.gov/Archives/edgar/data/2023554/000202355425000027/sndk-20250328_htm.xml
2025-03-29,2025-06-27,2025,Q4,2025Q2,SNDK,srt:ProductOrServiceAxis,sndk:CloudMember,revenue,213000000.0,USD,RevenueFromContractWithCustomerExcludingAssessedTax,ytd_diff,0002023554-25-000034,10-K,2025-08-21,https://www.sec.gov/Archives/edgar/data/2023554/000202355425000034/sndk-20250627_htm.xml
2023-09-30,2023-12-29,2024,Q2,2023Q4,SNDK,srt:ProductOrServiceAxis,sndk:ConsumerMember,revenue,655000000.0,USD,RevenueFromContractWithCustomerExcludingAssessedTax,reported,0002023554-25-000016,10-Q/A,2025-03-17,https://www.sec.gov/Archives/edgar/data/2023554/000202355425000016/sndk-20241227_htm.xml
2023-12-30,2024-03-29,2024,Q3,2024Q1,SNDK,srt:ProductOrServiceAxis,sndk:ConsumerMember,revenue,573000000.0,USD,RevenueFromContractWithCustomerExcludingAssessedTax,reported,0002023554-25-000027,10-Q,2025-05-12,https://www.sec.gov/Archives/edgar/data/2023554/000202355425000027/sndk-20250328_htm.xml
2024-03-30,2024-06-28,2024,Q4,2024Q2,SNDK,srt:ProductOrServiceAxis,sndk:ConsumerMember,revenue,523000000.0,USD,RevenueFromContractWithCustomerExcludingAssessedTax,ytd_diff,0001628280-26-057406,10-K,2026-08-17,https://www.sec.gov/Archives/edgar/data/2023554/000162828026057406/sndk-20260703_htm.xml
2024-06-29,2024-09-27,2025,Q1,2024Q3,SNDK,srt:ProductOrServiceAxis,sndk:ConsumerMember,revenue,514000000.0,USD,RevenueFromContractWithCustomerExcludingAssessedTax,reported,0001628280-25-050698,10-Q,2025-11-07,https://www.sec.gov/Archives/edgar/data/2023554/000162828025050698/sndk-20251003_htm.xml
2024-09-28,2024-12-27,2025,Q2,2024Q4,SNDK,srt:ProductOrServiceAxis,sndk:ConsumerMember,revenue,598000000.0,USD,RevenueFromContractWithCustomerExcludingAssessedTax,reported,0001628280-26-004407,10-Q,2026-01-30,https://www.sec.gov/Archives/edgar/data/2023554/000162828026004407/sndk-20260102_htm.xml
2024-12-28,2025-03-28,2025,Q3,2025Q1,SNDK,srt:ProductOrServiceAxis,sndk:ConsumerMember,revenue,571000000.0,USD,RevenueFromContractWithCustomerExcludingAssessedTax,reported,0001628280-26-029401,10-Q,2026-05-01,https://www.sec.gov/Archives/edgar/data/2023554/000162828026029401/sndk-20260403_htm.xml
2025-03-29,2025-06-27,2025,Q4,2025Q2,SNDK,srt:ProductOrServiceAxis,sndk:ConsumerMember,revenue,585000000.0,USD,RevenueFromContractWithCustomerExcludingAssessedTax,ytd_diff,0001628280-26-057406,10-K,2026-08-17,https://www.sec.gov/Archives/edgar/data/2023554/000162828026057406/sndk-20260703_htm.xml
2025-06-28,2025-10-03,2026,Q1,2025Q3,SNDK,srt:ProductOrServiceAxis,sndk:ConsumerMember,revenue,652000000.0,USD,RevenueFromContractWithCustomerExcludingAssessedTax,reported,0001628280-25-050698,10-Q,2025-11-07,https://www.sec.gov/Archives/edgar/data/2023554/000162828025050698/sndk-20251003_htm.xml
2025-10-04,2026-01-02,2026,Q2,2025Q4,SNDK,srt:ProductOrServiceAxis,sndk:ConsumerMember,revenue,907000000.0,USD,RevenueFromContractWithCustomerExcludingAssessedTax,reported,0001628280-26-004407,10-Q,2026-01-30,https://www.sec.gov/Archives/edgar/data/2023554/000162828026004407/sndk-20260102_htm.xml
2026-01-03,2026-04-03,2026,Q3,2026Q1,SNDK,srt:ProductOrServiceAxis,sndk:ConsumerMember,revenue,820000000.0,USD,RevenueFromContractWithCustomerExcludingAssessedTax,reported,0001628280-26-029401,10-Q,2026-05-01,https://www.sec.gov/Archives/edgar/data/2023554/000162828026029401/sndk-20260403_htm.xml
2026-04-04,2026-07-03,2026,Q4,2026Q2,SNDK,srt:ProductOrServiceAxis,sndk:ConsumerMember,revenue,556000000.0,USD,RevenueFromContractWithCustomerExcludingAssessedTax,ytd_diff,0001628280-26-057406,10-K,2026-08-17,https://www.sec.gov/Archives/edgar/data/2023554/000162828026057406/sndk-20260703_htm.xml
2024-06-29,2024-09-27,2025,Q1,2024Q3,SNDK,srt:ProductOrServiceAxis,sndk:DatacenterMember,revenue,300000000.0,USD,RevenueFromContractWithCustomerExcludingAssessedTax,reported,0001628280-25-050698,10-Q,2025-11-07,https://www.sec.gov/Archives/edgar/data/2023554/000162828025050698/sndk-20251003_htm.xml
2024-09-28,2024-12-27,2025,Q2,2024Q4,SNDK,srt:ProductOrServiceAxis,sndk:DatacenterMember,revenue,250000000.0,USD,RevenueFromContractWithCustomerExcludingAssessedTax,reported,0001628280-26-004407,10-Q,2026-01-30,https://www.sec.gov/Archives/edgar/data/2023554/000162828026004407/sndk-20260102_htm.xml
2024-12-28,2025-03-28,2025,Q3,2025Q1,SNDK,srt:ProductOrServiceAxis,sndk:DatacenterMember,revenue,197000000.0,USD,RevenueFromContractWithCustomerExcludingAssessedTax,reported,0001628280-26-029401,10-Q,2026-05-01,https://www.sec.gov/Archives/edgar/data/2023554/000162828026029401/sndk-20260403_htm.xml
2025-03-29,2025-06-27,2025,Q4,2025Q2,SNDK,srt:ProductOrServiceAxis,sndk:DatacenterMember,revenue,213000000.0,USD,RevenueFromContractWithCustomerExcludingAssessedTax,ytd_diff,0001628280-26-057406,10-K,2026-08-17,https://www.sec.gov/Archives/edgar/data/2023554/000162828026057406/sndk-20260703_htm.xml
2025-06-28,2025-10-03,2026,Q1,2025Q3,SNDK,srt:ProductOrServiceAxis,sndk:DatacenterMember,revenue,269000000.0,USD,RevenueFromContractWithCustomerExcludingAssessedTax,reported,0001628280-25-050698,10-Q,2025-11-07,https://www.sec.gov/Archives/edgar/data/2023554/000162828025050698/sndk-20251003_htm.xml
2025-10-04,2026-01-02,2026,Q2,2025Q4,SNDK,srt:ProductOrServiceAxis,sndk:DatacenterMember,revenue,440000000.0,USD,RevenueFromContractWithCustomerExcludingAssessedTax,reported,0001628280-26-004407,10-Q,2026-01-30,https://www.sec.gov/Archives/edgar/data/2023554/000162828026004407/sndk-20260102_htm.xml
2026-01-03,2026-04-03,2026,Q3,2026Q1,SNDK,srt:ProductOrServiceAxis,sndk:DatacenterMember,revenue,1467000000.0,USD,RevenueFromContractWithCustomerExcludingAssessedTax,reported,0001628280-26-029401,10-Q,2026-05-01,https://www.sec.gov/Archives/edgar/data/2023554/000162828026029401/sndk-20260403_htm.xml
2026-04-04,2026-07-03,2026,Q4,2026Q2,SNDK,srt:ProductOrServiceAxis,sndk:DatacenterMember,revenue,2977000000.0,USD,RevenueFromContractWithCustomerExcludingAssessedTax,ytd_diff,0001628280-26-057406,10-K,2026-08-17,https://www.sec.gov/Archives/edgar/data/2023554/000162828026057406/sndk-20260703_htm.xml
2024-06-29,2024-09-27,2025,Q1,2024Q3,SNDK,srt:ProductOrServiceAxis,sndk:EdgeMember,revenue,1069000000.0,USD,RevenueFromContractWithCustomerExcludingAssessedTax,reported,0001628280-25-050698,10-Q,2025-11-07,https://www.sec.gov/Archives/edgar/data/2023554/000162828025050698/sndk-20251003_htm.xml
2024-09-28,2024-12-27,2025,Q2,2024Q4,SNDK,srt:ProductOrServiceAxis,sndk:EdgeMember,revenue,1028000000.0,USD,RevenueFromContractWithCustomerExcludingAssessedTax,reported,0001628280-26-004407,10-Q,2026-01-30,https://www.sec.gov/Archives/edgar/data/2023554/000162828026004407/sndk-20260102_htm.xml
2024-12-28,2025-03-28,2025,Q3,2025Q1,SNDK,srt:ProductOrServiceAxis,sndk:EdgeMember,revenue,927000000.0,USD,RevenueFromContractWithCustomerExcludingAssessedTax,reported,0001628280-26-029401,10-Q,2026-05-01,https://www.sec.gov/Archives/edgar/data/2023554/000162828026029401/sndk-20260403_htm.xml
2025-03-29,2025-06-27,2025,Q4,2025Q2,SNDK,srt:ProductOrServiceAxis,sndk:EdgeMember,revenue,1103000000.0,USD,RevenueFromContractWithCustomerExcludingAssessedTax,ytd_diff,0001628280-26-057406,10-K,2026-08-17,https://www.sec.gov/Archives/edgar/data/2023554/000162828026057406/sndk-20260703_htm.xml
2025-06-28,2025-10-03,2026,Q1,2025Q3,SNDK,srt:ProductOrServiceAxis,sndk:EdgeMember,revenue,1387000000.0,USD,RevenueFromContractWithCustomerExcludingAssessedTax,reported,0001628280-25-050698,10-Q,2025-11-07,https://www.sec.gov/Archives/edgar/data/2023554/000162828025050698/sndk-20251003_htm.xml
2025-10-04,2026-01-02,2026,Q2,2025Q4,SNDK,srt:ProductOrServiceAxis,sndk:EdgeMember,revenue,1678000000.0,USD,RevenueFromContractWithCustomerExcludingAssessedTax,reported,0001628280-26-004407,10-Q,2026-01-30,https://www.sec.gov/Archives/edgar/data/2023554/000162828026004407/sndk-20260102_htm.xml
2026-01-03,2026-04-03,2026,Q3,2026Q1,SNDK,srt:ProductOrServiceAxis,sndk:EdgeMember,revenue,3663000000.0,USD,RevenueFromContractWithCustomerExcludingAssessedTax,reported,0001628280-26-029401,10-Q,2026-05-01,https://www.sec.gov/Archives/edgar/data/2023554/000162828026029401/sndk-20260403_htm.xml
2026-04-04,2026-07-03,2026,Q4,2026Q2,SNDK,srt:ProductOrServiceAxis,sndk:EdgeMember,revenue,5432000000.0,USD,RevenueFromContractWithCustomerExcludingAssessedTax,ytd_diff,0001628280-26-057406,10-K,2026-08-17,https://www.sec.gov/Archives/edgar/data/2023554/000162828026057406/sndk-20260703_htm.xml
2023-09-30,2023-12-29,2024,Q2,2023Q4,SNDK,srt:StatementGeographicalAxis,srt:AmericasMember,revenue,257000000.0,USD,RevenueFromContractWithCustomerExcludingAssessedTax,reported,0002023554-25-000016,10-Q/A,2025-03-17,https://www.sec.gov/Archives/edgar/data/2023554/000202355425000016/sndk-20241227_htm.xml
2023-12-30,2024-03-29,2024,Q3,2024Q1,SNDK,srt:StatementGeographicalAxis,srt:AmericasMember,revenue,272000000.0,USD,RevenueFromContractWithCustomerExcludingAssessedTax,reported,0002023554-25-000027,10-Q,2025-05-12,https://www.sec.gov/Archives/edgar/data/2023554/000202355425000027/sndk-20250328_htm.xml
2024-06-29,2024-09-27,2025,Q1,2024Q3,SNDK,srt:StatementGeographicalAxis,srt:AmericasMember,revenue,443000000.0,USD,RevenueFromContractWithCustomerExcludingAssessedTax,reported,0001628280-25-050698,10-Q,2025-11-07,https://www.sec.gov/Archives/edgar/data/2023554/000162828025050698/sndk-20251003_htm.xml
2024-09-28,2024-12-27,2025,Q2,2024Q4,SNDK,srt:StatementGeographicalAxis,srt:AmericasMember,revenue,389000000.0,USD,RevenueFromContractWithCustomerExcludingAssessedTax,reported,0001628280-26-004407,10-Q,2026-01-30,https://www.sec.gov/Archives/edgar/data/2023554/000162828026004407/sndk-20260102_htm.xml
2024-12-28,2025-03-28,2025,Q3,2025Q1,SNDK,srt:StatementGeographicalAxis,srt:AmericasMember,revenue,375000000.0,USD,RevenueFromContractWithCustomerExcludingAssessedTax,reported,0001628280-26-029401,10-Q,2026-05-01,https://www.sec.gov/Archives/edgar/data/2023554/000162828026029401/sndk-20260403_htm.xml
2025-06-28,2025-10-03,2026,Q1,2025Q3,SNDK,srt:StatementGeographicalAxis,srt:AmericasMember,revenue,406000000.0,USD,RevenueFromContractWithCustomerExcludingAssessedTax,reported,0001628280-25-050698,10-Q,2025-11-07,https://www.sec.gov/Archives/edgar/data/2023554/000162828025050698/sndk-20251003_htm.xml
2025-10-04,2026-01-02,2026,Q2,2025Q4,SNDK,srt:StatementGeographicalAxis,srt:AmericasMember,revenue,513000000.0,USD,RevenueFromContractWithCustomerExcludingAssessedTax,reported,0001628280-26-004407,10-Q,2026-01-30,https://www.sec.gov/Archives/edgar/data/2023554/000162828026004407/sndk-20260102_htm.xml
2026-01-03,2026-04-03,2026,Q3,2026Q1,SNDK,srt:StatementGeographicalAxis,srt:AmericasMember,revenue,1209000000.0,USD,RevenueFromContractWithCustomerExcludingAssessedTax,reported,0001628280-26-029401,10-Q,2026-05-01,https://www.sec.gov/Archives/edgar/data/2023554/000162828026029401/sndk-20260403_htm.xml
2023-09-30,2023-12-29,2024,Q2,2023Q4,SNDK,srt:StatementGeographicalAxis,srt:AsiaMember,revenue,1112000000.0,USD,RevenueFromContractWithCustomerExcludingAssessedTax,reported,0002023554-25-000016,10-Q/A,2025-03-17,https://www.sec.gov/Archives/edgar/data/2023554/000202355425000016/sndk-20241227_htm.xml
2023-12-30,2024-03-29,2024,Q3,2024Q1,SNDK,srt:StatementGeographicalAxis,srt:AsiaMember,revenue,1140000000.0,USD,RevenueFromContractWithCustomerExcludingAssessedTax,reported,0002023554-25-000027,10-Q,2025-05-12,https://www.sec.gov/Archives/edgar/data/2023554/000202355425000027/sndk-20250328_htm.xml
2024-06-29,2024-09-27,2025,Q1,2024Q3,SNDK,srt:StatementGeographicalAxis,srt:AsiaMember,revenue,1150000000.0,USD,RevenueFromContractWithCustomerExcludingAssessedTax,reported,0001628280-25-050698,10-Q,2025-11-07,https://www.sec.gov/Archives/edgar/data/2023554/000162828025050698/sndk-20251003_htm.xml
2024-09-28,2024-12-27,2025,Q2,2024Q4,SNDK,srt:StatementGeographicalAxis,srt:AsiaMember,revenue,1086000000.0,USD,RevenueFromContractWithCustomerExcludingAssessedTax,reported,0001628280-26-004407,10-Q,2026-01-30,https://www.sec.gov/Archives/edgar/data/2023554/000162828026004407/sndk-20260102_htm.xml
2024-12-28,2025-03-28,2025,Q3,2025Q1,SNDK,srt:StatementGeographicalAxis,srt:AsiaMember,revenue,1038000000.0,USD,RevenueFromContractWithCustomerExcludingAssessedTax,reported,0001628280-26-029401,10-Q,2026-05-01,https://www.sec.gov/Archives/edgar/data/2023554/000162828026029401/sndk-20260403_htm.xml
2025-06-28,2025-10-03,2026,Q1,2025Q3,SNDK,srt:StatementGeographicalAxis,srt:AsiaMember,revenue,1515000000.0,USD,RevenueFromContractWithCustomerExcludingAssessedTax,reported,0001628280-25-050698,10-Q,2025-11-07,https://www.sec.gov/Archives/edgar/data/2023554/000162828025050698/sndk-20251003_htm.xml
2025-10-04,2026-01-02,2026,Q2,2025Q4,SNDK,srt:StatementGeographicalAxis,srt:AsiaMember,revenue,2063000000.0,USD,RevenueFromContractWithCustomerExcludingAssessedTax,reported,0001628280-26-004407,10-Q,2026-01-30,https://www.sec.gov/Archives/edgar/data/2023554/000162828026004407/sndk-20260102_htm.xml
2026-01-03,2026-04-03,2026,Q3,2026Q1,SNDK,srt:StatementGeographicalAxis,srt:AsiaMember,revenue,4272000000.0,USD,RevenueFromContractWithCustomerExcludingAssessedTax,reported,0001628280-26-029401,10-Q,2026-05-01,https://www.sec.gov/Archives/edgar/data/2023554/000162828026029401/sndk-20260403_htm.xml
2023-09-30,2023-12-29,2024,Q2,2023Q4,SNDK,srt:StatementGeographicalAxis,us-gaap:EMEAMember,revenue,296000000.0,USD,RevenueFromContractWithCustomerExcludingAssessedTax,reported,0002023554-25-000016,10-Q/A,2025-03-17,https://www.sec.gov/Archives/edgar/data/2023554/000202355425000016/sndk-20241227_htm.xml
2023-12-30,2024-03-29,2024,Q3,2024Q1,SNDK,srt:StatementGeographicalAxis,us-gaap:EMEAMember,revenue,293000000.0,USD,RevenueFromContractWithCustomerExcludingAssessedTax,reported,0002023554-25-000027,10-Q,2025-05-12,https://www.sec.gov/Archives/edgar/data/2023554/000202355425000027/sndk-20250328_htm.xml
2024-03-30,2024-06-28,2024,Q4,2024Q2,SNDK,srt:StatementGeographicalAxis,us-gaap:EMEAMember,revenue,227000000.0,USD,RevenueFromContractWithCustomerExcludingAssessedTax,ytd_diff,0001628280-26-057406,10-K,2026-08-17,https://www.sec.gov/Archives/edgar/data/2023554/000162828026057406/sndk-20260703_htm.xml
2024-06-29,2024-09-27,2025,Q1,2024Q3,SNDK,srt:StatementGeographicalAxis,us-gaap:EMEAMember,revenue,290000000.0,USD,RevenueFromContractWithCustomerExcludingAssessedTax,reported,0001628280-25-050698,10-Q,2025-11-07,https://www.sec.gov/Archives/edgar/data/2023554/000162828025050698/sndk-20251003_htm.xml
2024-09-28,2024-12-27,2025,Q2,2024Q4,SNDK,srt:StatementGeographicalAxis,us-gaap:EMEAMember,revenue,401000000.0,USD,RevenueFromContractWithCustomerExcludingAssessedTax,reported,0001628280-26-004407,10-Q,2026-01-30,https://www.sec.gov/Archives/edgar/data/2023554/000162828026004407/sndk-20260102_htm.xml
2024-12-28,2025-03-28,2025,Q3,2025Q1,SNDK,srt:StatementGeographicalAxis,us-gaap:EMEAMember,revenue,282000000.0,USD,RevenueFromContractWithCustomerExcludingAssessedTax,reported,0001628280-26-029401,10-Q,2026-05-01,https://www.sec.gov/Archives/edgar/data/2023554/000162828026029401/sndk-20260403_htm.xml
2025-03-29,2025-06-27,2025,Q4,2025Q2,SNDK,srt:StatementGeographicalAxis,us-gaap:EMEAMember,revenue,307000000.0,USD,RevenueFromContractWithCustomerExcludingAssessedTax,ytd_diff,0001628280-26-057406,10-K,2026-08-17,https://www.sec.gov/Archives/edgar/data/2023554/000162828026057406/sndk-20260703_htm.xml
2025-06-28,2025-10-03,2026,Q1,2025Q3,SNDK,srt:StatementGeographicalAxis,us-gaap:EMEAMember,revenue,387000000.0,USD,RevenueFromContractWithCustomerExcludingAssessedTax,reported,0001628280-25-050698,10-Q,2025-11-07,https://www.sec.gov/Archives/edgar/data/2023554/000162828025050698/sndk-20251003_htm.xml
2025-10-04,2026-01-02,2026,Q2,2025Q4,SNDK,srt:StatementGeographicalAxis,us-gaap:EMEAMember,revenue,449000000.0,USD,RevenueFromContractWithCustomerExcludingAssessedTax,reported,0001628280-26-004407,10-Q,2026-01-30,https://www.sec.gov/Archives/edgar/data/2023554/000162828026004407/sndk-20260102_htm.xml
2026-01-03,2026-04-03,2026,Q3,2026Q1,SNDK,srt:StatementGeographicalAxis,us-gaap:EMEAMember,revenue,469000000.0,USD,RevenueFromContractWithCustomerExcludingAssessedTax,reported,0001628280-26-029401,10-Q,2026-05-01,https://www.sec.gov/Archives/edgar/data/2023554/000162828026029401/sndk-20260403_htm.xml
2026-04-04,2026-07-03,2026,Q4,2026Q2,SNDK,srt:StatementGeographicalAxis,us-gaap:EMEAMember,revenue,427000000.0,USD,RevenueFromContractWithCustomerExcludingAssessedTax,ytd_diff,0001628280-26-057406,10-K,2026-08-17,https://www.sec.gov/Archives/edgar/data/2023554/000162828026057406/sndk-20260703_htm.xml
2024-06-29,2024-09-27,2025,Q1,2024Q3,SNDK,us-gaap:StatementBusinessSegmentsAxis,sndk:ReportableSegmentMember,revenue,1883000000.0,USD,RevenueFromContractWithCustomerExcludingAssessedTax,reported,0001628280-25-050698,10-Q,2025-11-07,https://www.sec.gov/Archives/edgar/data/2023554/000162828025050698/sndk-20251003_htm.xml
2024-09-28,2024-12-27,2025,Q2,2024Q4,SNDK,us-gaap:StatementBusinessSegmentsAxis,sndk:ReportableSegmentMember,revenue,1876000000.0,USD,RevenueFromContractWithCustomerExcludingAssessedTax,reported,0001628280-26-004407,10-Q,2026-01-30,https://www.sec.gov/Archives/edgar/data/2023554/000162828026004407/sndk-20260102_htm.xml
2024-12-28,2025-03-28,2025,Q3,2025Q1,SNDK,us-gaap:StatementBusinessSegmentsAxis,sndk:ReportableSegmentMember,revenue,1695000000.0,USD,RevenueFromContractWithCustomerExcludingAssessedTax,reported,0001628280-26-029401,10-Q,2026-05-01,https://www.sec.gov/Archives/edgar/data/2023554/000162828026029401/sndk-20260403_htm.xml
2025-03-29,2025-06-27,2025,Q4,2025Q2,SNDK,us-gaap:StatementBusinessSegmentsAxis,sndk:ReportableSegmentMember,revenue,1901000000.0,USD,RevenueFromContractWithCustomerExcludingAssessedTax,ytd_diff,0001628280-26-057406,10-K,2026-08-17,https://www.sec.gov/Archives/edgar/data/2023554/000162828026057406/sndk-20260703_htm.xml
2025-06-28,2025-10-03,2026,Q1,2025Q3,SNDK,us-gaap:StatementBusinessSegmentsAxis,sndk:ReportableSegmentMember,revenue,2308000000.0,USD,RevenueFromContractWithCustomerExcludingAssessedTax,reported,0001628280-25-050698,10-Q,2025-11-07,https://www.sec.gov/Archives/edgar/data/2023554/000162828025050698/sndk-20251003_htm.xml
2025-10-04,2026-01-02,2026,Q2,2025Q4,SNDK,us-gaap:StatementBusinessSegmentsAxis,sndk:ReportableSegmentMember,revenue,3025000000.0,USD,RevenueFromContractWithCustomerExcludingAssessedTax,reported,0001628280-26-004407,10-Q,2026-01-30,https://www.sec.gov/Archives/edgar/data/2023554/000162828026004407/sndk-20260102_htm.xml
2026-01-03,2026-04-03,2026,Q3,2026Q1,SNDK,us-gaap:StatementBusinessSegmentsAxis,sndk:ReportableSegmentMember,revenue,5950000000.0,USD,RevenueFromContractWithCustomerExcludingAssessedTax,reported,0001628280-26-029401,10-Q,2026-05-01,https://www.sec.gov/Archives/edgar/data/2023554/000162828026029401/sndk-20260403_htm.xml
2026-04-04,2026-07-03,2026,Q4,2026Q2,SNDK,us-gaap:StatementBusinessSegmentsAxis,sndk:ReportableSegmentMember,revenue,8965000000.0,USD,RevenueFromContractWithCustomerExcludingAssessedTax,ytd_diff,0001628280-26-057406,10-K,2026-08-17,https://www.sec.gov/Archives/edgar/data/2023554/000162828026057406/sndk-20260703_htm.xml
2017-09-30,2017-12-29,2018,Q2,2017Q4,WDC,srt:ProductOrServiceAxis,wdc:ClientDevicesMember,revenue,2647000000.0,USD,RevenueFromContractWithCustomerExcludingAssessedTax,reported,0000106040-19-000009,10-Q,2019-02-05,https://www.sec.gov/Archives/edgar/data/106040/000010604019000009/wdc-20181228.xml
2017-12-30,2018-03-30,2018,Q3,2018Q1,WDC,srt:ProductOrServiceAxis,wdc:ClientDevicesMember,revenue,2311000000.0,USD,RevenueFromContractWithCustomerExcludingAssessedTax,reported,0000106040-19-000028,10-Q,2019-05-07,https://www.sec.gov/Archives/edgar/data/106040/000010604019000028/wdc-20190329.xml
2018-03-31,2018-06-29,2018,Q4,2018Q2,WDC,srt:ProductOrServiceAxis,wdc:ClientDevicesMember,revenue,2474000000.0,USD,RevenueFromContractWithCustomerExcludingAssessedTax,ytd_diff,0000106040-20-000049,10-K,2020-08-28,https://www.sec.gov/Archives/edgar/data/106040/000010604020000049/wdc-20200703_htm.xml
2018-06-30,2018-09-28,2019,Q1,2018Q3,WDC,srt:ProductOrServiceAxis,wdc:ClientDevicesMember,revenue,2650000000.0,USD,RevenueFromContractWithCustomerExcludingAssessedTax,reported,0000106040-19-000075,10-Q,2019-11-12,https://www.sec.gov/Archives/edgar/data/106040/000010604019000075/wdc-2020q110xqdoc_htm.xml
2018-09-29,2018-12-28,2019,Q2,2018Q4,WDC,srt:ProductOrServiceAxis,wdc:ClientDevicesMember,revenue,2214000000.0,USD,RevenueFromContractWithCustomerExcludingAssessedTax,reported,0000106040-20-000011,10-Q,2020-02-11,https://www.sec.gov/Archives/edgar/data/106040/000010604020000011/wdc-2020q210xqdoc_htm.xml
2018-12-29,2019-03-29,2019,Q3,2019Q1,WDC,srt:ProductOrServiceAxis,wdc:ClientDevicesMember,revenue,1625000000.0,USD,RevenueFromContractWithCustomerExcludingAssessedTax,reported,0000106040-20-000024,10-Q,2020-05-08,https://www.sec.gov/Archives/edgar/data/106040/000010604020000024/wdc-20200403_htm.xml
2019-03-30,2019-06-28,2019,Q4,2019Q2,WDC,srt:ProductOrServiceAxis,wdc:ClientDevicesMember,revenue,1606000000.0,USD,RevenueFromContractWithCustomerExcludingAssessedTax,ytd_diff,0000106040-21-000040,10-K,2021-08-27,https://www.sec.gov/Archives/edgar/data/106040/000010604021000040/wdc-20210702_htm.xml
2019-06-29,2019-10-04,2020,Q1,2019Q3,WDC,srt:ProductOrServiceAxis,wdc:ClientDevicesMember,revenue,1616000000.0,USD,RevenueFromContractWithCustomerExcludingAssessedTax,reported,0000106040-20-000061,10-Q,2020-11-06,https://www.sec.gov/Archives/edgar/data/106040/000010604020000061/wdc-20201002_htm.xml
2019-10-05,2020-01-03,2020,Q2,2019Q4,WDC,srt:ProductOrServiceAxis,wdc:ClientDevicesMember,revenue,1797000000.0,USD,RevenueFromContractWithCustomerExcludingAssessedTax,reported,0000106040-21-000011,10-Q,2021-02-09,https://www.sec.gov/Archives/edgar/data/106040/000010604021000011/wdc-20210101_htm.xml
2020-01-04,2020-04-03,2020,Q3,2020Q1,WDC,srt:ProductOrServiceAxis,wdc:ClientDevicesMember,revenue,1831000000.0,USD,RevenueFromContractWithCustomerExcludingAssessedTax,reported,0000106040-21-000024,10-Q,2021-05-06,https://www.sec.gov/Archives/edgar/data/106040/000010604021000024/wdc-20210402_htm.xml
2020-04-04,2020-07-03,2020,Q4,2020Q2,WDC,srt:ProductOrServiceAxis,wdc:ClientDevicesMember,revenue,1091000000.0,USD,RevenueFromContractWithCustomerExcludingAssessedTax,ytd_diff,0000106040-22-000055,10-K,2022-08-25,https://www.sec.gov/Archives/edgar/data/106040/000010604022000055/wdc-20220701_htm.xml
2020-07-04,2020-10-02,2021,Q1,2020Q3,WDC,srt:ProductOrServiceAxis,wdc:ClientDevicesMember,revenue,1946000000.0,USD,RevenueFromContractWithCustomerExcludingAssessedTax,reported,0000106040-20-000061,10-Q,2020-11-06,https://www.sec.gov/Archives/edgar/data/106040/000010604020000061/wdc-20201002_htm.xml
2020-10-03,2021-01-01,2021,Q2,2020Q4,WDC,srt:ProductOrServiceAxis,wdc:ClientDevicesMember,revenue,1869000000.0,USD,RevenueFromContractWithCustomerExcludingAssessedTax,reported,0000106040-22-000018,10-Q,2022-02-03,https://www.sec.gov/Archives/edgar/data/106040/000010604022000018/wdc-20211231_htm.xml
2021-01-02,2021-04-02,2021,Q3,2021Q1,WDC,srt:ProductOrServiceAxis,wdc:ClientDevicesMember,revenue,1767000000.0,USD,RevenueFromContractWithCustomerExcludingAssessedTax,reported,0000106040-22-000040,10-Q,2022-05-04,https://www.sec.gov/Archives/edgar/data/106040/000010604022000040/wdc-20220401_htm.xml
2021-04-03,2021-07-02,2021,Q4,2021Q2,WDC,srt:ProductOrServiceAxis,wdc:ClientDevicesMember,revenue,1895000000.0,USD,RevenueFromContractWithCustomerExcludingAssessedTax,ytd_diff,0000106040-23-000024,10-K,2023-08-22,https://www.sec.gov/Archives/edgar/data/106040/000010604023000024/wdc-20230630_htm.xml
2021-07-03,2021-10-01,2022,Q1,2021Q3,WDC,srt:ProductOrServiceAxis,wdc:ClientDevicesMember,revenue,1853000000.0,USD,RevenueFromContractWithCustomerExcludingAssessedTax,reported,0000106040-22-000065,10-Q,2022-11-02,https://www.sec.gov/Archives/edgar/data/106040/000010604022000065/wdc-20220930_htm.xml
2021-10-02,2021-12-31,2022,Q2,2021Q4,WDC,srt:ProductOrServiceAxis,wdc:ClientDevicesMember,revenue,1854000000.0,USD,RevenueFromContractWithCustomerExcludingAssessedTax,reported,0000106040-23-000010,10-Q,2023-02-03,https://www.sec.gov/Archives/edgar/data/106040/000010604023000010/wdc-20221230_htm.xml
2022-01-01,2022-04-01,2022,Q3,2022Q1,WDC,srt:ProductOrServiceAxis,wdc:ClientDevicesMember,revenue,1732000000.0,USD,RevenueFromContractWithCustomerExcludingAssessedTax,reported,0000106040-23-000017,10-Q,2023-05-10,https://www.sec.gov/Archives/edgar/data/106040/000010604023000017/wdc-20230331_htm.xml
2022-04-02,2022-07-01,2022,Q4,2022Q2,WDC,srt:ProductOrServiceAxis,wdc:ClientDevicesMember,revenue,1637000000.0,USD,RevenueFromContractWithCustomerExcludingAssessedTax,ytd_diff,0000106040-24-000031,10-K,2024-08-20,https://www.sec.gov/Archives/edgar/data/106040/000010604024000031/wdc-20240628_htm.xml
2022-07-02,2022-09-30,2023,Q1,2022Q3,WDC,srt:ProductOrServiceAxis,wdc:ClientDevicesMember,revenue,1229000000.0,USD,RevenueFromContractWithCustomerExcludingAssessedTax,reported,0000106040-23-000034,10-Q,2023-11-07,https://www.sec.gov/Archives/edgar/data/106040/000010604023000034/wdc-20230929_htm.xml
2022-10-01,2022-12-30,2023,Q2,2022Q4,WDC,srt:ProductOrServiceAxis,wdc:ClientDevicesMember,revenue,1089000000.0,USD,RevenueFromContractWithCustomerExcludingAssessedTax,reported,0000106040-24-000014,10-Q,2024-02-12,https://www.sec.gov/Archives/edgar/data/106040/000010604024000014/wdc-20231229_htm.xml
2022-12-31,2023-03-31,2023,Q3,2023Q1,WDC,srt:ProductOrServiceAxis,wdc:ClientDevicesMember,revenue,975000000.0,USD,RevenueFromContractWithCustomerExcludingAssessedTax,reported,0000106040-24-000022,10-Q,2024-04-30,https://www.sec.gov/Archives/edgar/data/106040/000010604024000022/wdc-20240329_htm.xml
2023-04-01,2023-06-30,2023,Q4,2023Q2,WDC,srt:ProductOrServiceAxis,wdc:ClientDevicesMember,revenue,-2602000000.0,USD,RevenueFromContractWithCustomerExcludingAssessedTax,ytd_diff,0000106040-25-000038,10-K,2025-08-14,https://www.sec.gov/Archives/edgar/data/106040/000010604025000038/wdc-20250627_htm.xml
2023-07-01,2023-09-29,2024,Q1,2023Q3,WDC,srt:ProductOrServiceAxis,wdc:ClientDevicesMember,revenue,1147000000.0,USD,RevenueFromContractWithCustomerExcludingAssessedTax,reported,0000106040-24-000040,10-Q,2024-10-31,https://www.sec.gov/Archives/edgar/data/106040/000010604024000040/wdc-20240927_htm.xml
2023-09-30,2023-12-29,2024,Q2,2023Q4,WDC,srt:ProductOrServiceAxis,wdc:ClientDevicesMember,revenue,1122000000.0,USD,RevenueFromContractWithCustomerExcludingAssessedTax,reported,0000106040-25-000008,10-Q,2025-01-31,https://www.sec.gov/Archives/edgar/data/106040/000010604025000008/wdc-20241227_htm.xml
2023-12-30,2024-03-29,2024,Q3,2024Q1,WDC,srt:ProductOrServiceAxis,wdc:ClientDevicesMember,revenue,140000000.0,USD,RevenueFromContractWithCustomerExcludingAssessedTax,reported,0000106040-25-000026,10-Q,2025-05-02,https://www.sec.gov/Archives/edgar/data/106040/000010604025000026/wdc-20250328_htm.xml
2024-03-30,2024-06-28,2024,Q4,2024Q2,WDC,srt:ProductOrServiceAxis,wdc:ClientDevicesMember,revenue,137000000.0,USD,RevenueFromContractWithCustomerExcludingAssessedTax,ytd_diff,0001628280-26-057139,10-K,2026-08-14,https://www.sec.gov/Archives/edgar/data/106040/000162828026057139/wdc-20260703_htm.xml
2024-06-29,2024-09-27,2025,Q1,2024Q3,WDC,srt:ProductOrServiceAxis,wdc:ClientDevicesMember,revenue,139000000.0,USD,RevenueFromContractWithCustomerExcludingAssessedTax,reported,0001628280-25-047613,10-Q,2025-10-31,https://www.sec.gov/Archives/edgar/data/106040/000162828025047613/wdc-20251003_htm.xml
2024-09-28,2024-12-27,2025,Q2,2024Q4,WDC,srt:ProductOrServiceAxis,wdc:ClientDevicesMember,revenue,140000000.0,USD,RevenueFromContractWithCustomerExcludingAssessedTax,reported,0001628280-26-004207,10-Q,2026-01-30,https://www.sec.gov/Archives/edgar/data/106040/000162828026004207/wdc-20260102_htm.xml
2024-12-28,2025-03-28,2025,Q3,2025Q1,WDC,srt:ProductOrServiceAxis,wdc:ClientDevicesMember,revenue,137000000.0,USD,RevenueFromContractWithCustomerExcludingAssessedTax,reported,0001628280-26-029054,10-Q,2026-05-01,https://www.sec.gov/Archives/edgar/data/106040/000162828026029054/wdc-20260403_htm.xml
2025-03-29,2025-06-27,2025,Q4,2025Q2,WDC,srt:ProductOrServiceAxis,wdc:ClientDevicesMember,revenue,140000000.0,USD,RevenueFromContractWithCustomerExcludingAssessedTax,ytd_diff,0001628280-26-057139,10-K,2026-08-14,https://www.sec.gov/Archives/edgar/data/106040/000162828026057139/wdc-20260703_htm.xml
2025-06-28,2025-10-03,2026,Q1,2025Q3,WDC,srt:ProductOrServiceAxis,wdc:ClientDevicesMember,revenue,146000000.0,USD,RevenueFromContractWithCustomerExcludingAssessedTax,reported,0001628280-25-047613,10-Q,2025-10-31,https://www.sec.gov/Archives/edgar/data/106040/000162828025047613/wdc-20251003_htm.xml
2025-10-04,2026-01-02,2026,Q2,2025Q4,WDC,srt:ProductOrServiceAxis,wdc:ClientDevicesMember,revenue,176000000.0,USD,RevenueFromContractWithCustomerExcludingAssessedTax,reported,0001628280-26-004207,10-Q,2026-01-30,https://www.sec.gov/Archives/edgar/data/106040/000162828026004207/wdc-20260102_htm.xml
2026-01-03,2026-04-03,2026,Q3,2026Q1,WDC,srt:ProductOrServiceAxis,wdc:ClientDevicesMember,revenue,179000000.0,USD,RevenueFromContractWithCustomerExcludingAssessedTax,reported,0001628280-26-029054,10-Q,2026-05-01,https://www.sec.gov/Archives/edgar/data/106040/000162828026029054/wdc-20260403_htm.xml
2026-04-04,2026-07-03,2026,Q4,2026Q2,WDC,srt:ProductOrServiceAxis,wdc:ClientDevicesMember,revenue,225000000.0,USD,RevenueFromContractWithCustomerExcludingAssessedTax,ytd_diff,0001628280-26-057139,10-K,2026-08-14,https://www.sec.gov/Archives/edgar/data/106040/000162828026057139/wdc-20260703_htm.xml
2017-09-30,2017-12-29,2018,Q2,2017Q4,WDC,srt:ProductOrServiceAxis,wdc:ClientSolutionsMember,revenue,1255000000.0,USD,RevenueFromContractWithCustomerExcludingAssessedTax,reported,0000106040-19-000009,10-Q,2019-02-05,https://www.sec.gov/Archives/edgar/data/106040/000010604019000009/wdc-20181228.xml
2017-12-30,2018-03-30,2018,Q3,2018Q1,WDC,srt:ProductOrServiceAxis,wdc:ClientSolutionsMember,revenue,1042000000.0,USD,RevenueFromContractWithCustomerExcludingAssessedTax,reported,0000106040-19-000028,10-Q,2019-05-07,https://www.sec.gov/Archives/edgar/data/106040/000010604019000028/wdc-20190329.xml
2018-03-31,2018-06-29,2018,Q4,2018Q2,WDC,srt:ProductOrServiceAxis,wdc:ClientSolutionsMember,revenue,1031000000.0,USD,RevenueFromContractWithCustomerExcludingAssessedTax,ytd_diff,0000106040-20-000049,10-K,2020-08-28,https://www.sec.gov/Archives/edgar/data/106040/000010604020000049/wdc-20200703_htm.xml
2018-06-30,2018-09-28,2019,Q1,2018Q3,WDC,srt:ProductOrServiceAxis,wdc:ClientSolutionsMember,revenue,932000000.0,USD,RevenueFromContractWithCustomerExcludingAssessedTax,reported,0000106040-19-000075,10-Q,2019-11-12,https://www.sec.gov/Archives/edgar/data/106040/000010604019000075/wdc-2020q110xqdoc_htm.xml
2018-09-29,2018-12-28,2019,Q2,2018Q4,WDC,srt:ProductOrServiceAxis,wdc:ClientSolutionsMember,revenue,945000000.0,USD,RevenueFromContractWithCustomerExcludingAssessedTax,reported,0000106040-20-000011,10-Q,2020-02-11,https://www.sec.gov/Archives/edgar/data/106040/000010604020000011/wdc-2020q210xqdoc_htm.xml
2018-12-29,2019-03-29,2019,Q3,2019Q1,WDC,srt:ProductOrServiceAxis,wdc:ClientSolutionsMember,revenue,804000000.0,USD,RevenueFromContractWithCustomerExcludingAssessedTax,reported,0000106040-20-000024,10-Q,2020-05-08,https://www.sec.gov/Archives/edgar/data/106040/000010604020000024/wdc-20200403_htm.xml
2019-03-30,2019-06-28,2019,Q4,2019Q2,WDC,srt:ProductOrServiceAxis,wdc:ClientSolutionsMember,revenue,755000000.0,USD,RevenueFromContractWithCustomerExcludingAssessedTax,ytd_diff,0000106040-21-000040,10-K,2021-08-27,https://www.sec.gov/Archives/edgar/data/106040/000010604021000040/wdc-20210702_htm.xml
2019-06-29,2019-10-04,2020,Q1,2019Q3,WDC,srt:ProductOrServiceAxis,wdc:ClientSolutionsMember,revenue,892000000.0,USD,RevenueFromContractWithCustomerExcludingAssessedTax,reported,0000106040-20-000061,10-Q,2020-11-06,https://www.sec.gov/Archives/edgar/data/106040/000010604020000061/wdc-20201002_htm.xml
2019-10-05,2020-01-03,2020,Q2,2019Q4,WDC,srt:ProductOrServiceAxis,wdc:ClientSolutionsMember,revenue,948000000.0,USD,RevenueFromContractWithCustomerExcludingAssessedTax,reported,0000106040-21-000011,10-Q,2021-02-09,https://www.sec.gov/Archives/edgar/data/106040/000010604021000011/wdc-20210101_htm.xml
2020-01-04,2020-04-03,2020,Q3,2020Q1,WDC,srt:ProductOrServiceAxis,wdc:ClientSolutionsMember,revenue,821000000.0,USD,RevenueFromContractWithCustomerExcludingAssessedTax,reported,0000106040-21-000024,10-Q,2021-05-06,https://www.sec.gov/Archives/edgar/data/106040/000010604021000024/wdc-20210402_htm.xml
2020-04-04,2020-07-03,2020,Q4,2020Q2,WDC,srt:ProductOrServiceAxis,wdc:ClientSolutionsMember,revenue,687000000.0,USD,RevenueFromContractWithCustomerExcludingAssessedTax,ytd_diff,0000106040-21-000040,10-K,2021-08-27,https://www.sec.gov/Archives/edgar/data/106040/000010604021000040/wdc-20210702_htm.xml
2020-07-04,2020-10-02,2021,Q1,2020Q3,WDC,srt:ProductOrServiceAxis,wdc:ClientSolutionsMember,revenue,847000000.0,USD,RevenueFromContractWithCustomerExcludingAssessedTax,reported,0000106040-20-000061,10-Q,2020-11-06,https://www.sec.gov/Archives/edgar/data/106040/000010604020000061/wdc-20201002_htm.xml
2020-10-03,2021-01-01,2021,Q2,2020Q4,WDC,srt:ProductOrServiceAxis,wdc:ClientSolutionsMember,revenue,1005000000.0,USD,RevenueFromContractWithCustomerExcludingAssessedTax,reported,0000106040-21-000011,10-Q,2021-02-09,https://www.sec.gov/Archives/edgar/data/106040/000010604021000011/wdc-20210101_htm.xml
2021-01-02,2021-04-02,2021,Q3,2021Q1,WDC,srt:ProductOrServiceAxis,wdc:ClientSolutionsMember,revenue,888000000.0,USD,RevenueFromContractWithCustomerExcludingAssessedTax,reported,0000106040-21-000024,10-Q,2021-05-06,https://www.sec.gov/Archives/edgar/data/106040/000010604021000024/wdc-20210402_htm.xml
2021-04-03,2021-07-02,2021,Q4,2021Q2,WDC,srt:ProductOrServiceAxis,wdc:ClientSolutionsMember,revenue,977000000.0,USD,RevenueFromContractWithCustomerExcludingAssessedTax,ytd_diff,0000106040-21-000040,10-K,2021-08-27,https://www.sec.gov/Archives/edgar/data/106040/000010604021000040/wdc-20210702_htm.xml
2020-07-04,2020-10-02,2021,Q1,2020Q3,WDC,srt:ProductOrServiceAxis,wdc:CloudMember,revenue,1291000000.0,USD,RevenueFromContractWithCustomerExcludingAssessedTax,reported,0000106040-21-000053,10-Q,2021-11-04,https://www.sec.gov/Archives/edgar/data/106040/000010604021000053/wdc-20211001_htm.xml
2020-10-03,2021-01-01,2021,Q2,2020Q4,WDC,srt:ProductOrServiceAxis,wdc:CloudMember,revenue,1014000000.0,USD,RevenueFromContractWithCustomerExcludingAssessedTax,reported,0000106040-22-000018,10-Q,2022-02-03,https://www.sec.gov/Archives/edgar/data/106040/000010604022000018/wdc-20211231_htm.xml
2021-01-02,2021-04-02,2021,Q3,2021Q1,WDC,srt:ProductOrServiceAxis,wdc:CloudMember,revenue,1423000000.0,USD,RevenueFromContractWithCustomerExcludingAssessedTax,reported,0000106040-22-000040,10-Q,2022-05-04,https://www.sec.gov/Archives/edgar/data/106040/000010604022000040/wdc-20220401_htm.xml
2021-04-03,2021-07-02,2021,Q4,2021Q2,WDC,srt:ProductOrServiceAxis,wdc:CloudMember,revenue,1995000000.0,USD,RevenueFromContractWithCustomerExcludingAssessedTax,ytd_diff,0000106040-23-000024,10-K,2023-08-22,https://www.sec.gov/Archives/edgar/data/106040/000010604023000024/wdc-20230630_htm.xml
2021-07-03,2021-10-01,2022,Q1,2021Q3,WDC,srt:ProductOrServiceAxis,wdc:CloudMember,revenue,2225000000.0,USD,RevenueFromContractWithCustomerExcludingAssessedTax,reported,0000106040-22-000065,10-Q,2022-11-02,https://www.sec.gov/Archives/edgar/data/106040/000010604022000065/wdc-20220930_htm.xml
2021-10-02,2021-12-31,2022,Q2,2021Q4,WDC,srt:ProductOrServiceAxis,wdc:CloudMember,revenue,1920000000.0,USD,RevenueFromContractWithCustomerExcludingAssessedTax,reported,0000106040-23-000010,10-Q,2023-02-03,https://www.sec.gov/Archives/edgar/data/106040/000010604023000010/wdc-20221230_htm.xml
2022-01-01,2022-04-01,2022,Q3,2022Q1,WDC,srt:ProductOrServiceAxis,wdc:CloudMember,revenue,1774000000.0,USD,RevenueFromContractWithCustomerExcludingAssessedTax,reported,0000106040-23-000017,10-Q,2023-05-10,https://www.sec.gov/Archives/edgar/data/106040/000010604023000017/wdc-20230331_htm.xml
2022-04-02,2022-07-01,2022,Q4,2022Q2,WDC,srt:ProductOrServiceAxis,wdc:CloudMember,revenue,2098000000.0,USD,RevenueFromContractWithCustomerExcludingAssessedTax,ytd_diff,0000106040-24-000031,10-K,2024-08-20,https://www.sec.gov/Archives/edgar/data/106040/000010604024000031/wdc-20240628_htm.xml
2022-07-02,2022-09-30,2023,Q1,2022Q3,WDC,srt:ProductOrServiceAxis,wdc:CloudMember,revenue,1829000000.0,USD,RevenueFromContractWithCustomerExcludingAssessedTax,reported,0000106040-23-000034,10-Q,2023-11-07,https://www.sec.gov/Archives/edgar/data/106040/000010604023000034/wdc-20230929_htm.xml
2022-10-01,2022-12-30,2023,Q2,2022Q4,WDC,srt:ProductOrServiceAxis,wdc:CloudMember,revenue,1224000000.0,USD,RevenueFromContractWithCustomerExcludingAssessedTax,reported,0000106040-24-000014,10-Q,2024-02-12,https://www.sec.gov/Archives/edgar/data/106040/000010604024000014/wdc-20231229_htm.xml
2022-12-31,2023-03-31,2023,Q3,2023Q1,WDC,srt:ProductOrServiceAxis,wdc:CloudMember,revenue,1205000000.0,USD,RevenueFromContractWithCustomerExcludingAssessedTax,reported,0000106040-24-000022,10-Q,2024-04-30,https://www.sec.gov/Archives/edgar/data/106040/000010604024000022/wdc-20240329_htm.xml
2023-04-01,2023-06-30,2023,Q4,2023Q2,WDC,srt:ProductOrServiceAxis,wdc:CloudMember,revenue,495000000.0,USD,RevenueFromContractWithCustomerExcludingAssessedTax,ytd_diff,0000106040-25-000038,10-K,2025-08-14,https://www.sec.gov/Archives/edgar/data/106040/000010604025000038/wdc-20250627_htm.xml
2023-07-01,2023-09-29,2024,Q1,2023Q3,WDC,srt:ProductOrServiceAxis,wdc:CloudMember,revenue,872000000.0,USD,RevenueFromContractWithCustomerExcludingAssessedTax,reported,0000106040-24-000040,10-Q,2024-10-31,https://www.sec.gov/Archives/edgar/data/106040/000010604024000040/wdc-20240927_htm.xml
2023-09-30,2023-12-29,2024,Q2,2023Q4,WDC,srt:ProductOrServiceAxis,wdc:CloudMember,revenue,1071000000.0,USD,RevenueFromContractWithCustomerExcludingAssessedTax,reported,0000106040-25-000008,10-Q,2025-01-31,https://www.sec.gov/Archives/edgar/data/106040/000010604025000008/wdc-20241227_htm.xml
2023-12-30,2024-03-29,2024,Q3,2024Q1,WDC,srt:ProductOrServiceAxis,wdc:CloudMember,revenue,1455000000.0,USD,RevenueFromContractWithCustomerExcludingAssessedTax,reported,0000106040-25-000026,10-Q,2025-05-02,https://www.sec.gov/Archives/edgar/data/106040/000010604025000026/wdc-20250328_htm.xml
2024-03-30,2024-06-28,2024,Q4,2024Q2,WDC,srt:ProductOrServiceAxis,wdc:CloudMember,revenue,1712000000.0,USD,RevenueFromContractWithCustomerExcludingAssessedTax,ytd_diff,0001628280-26-057139,10-K,2026-08-14,https://www.sec.gov/Archives/edgar/data/106040/000162828026057139/wdc-20260703_htm.xml
2024-06-29,2024-09-27,2025,Q1,2024Q3,WDC,srt:ProductOrServiceAxis,wdc:CloudMember,revenue,1909000000.0,USD,RevenueFromContractWithCustomerExcludingAssessedTax,reported,0001628280-25-047613,10-Q,2025-10-31,https://www.sec.gov/Archives/edgar/data/106040/000162828025047613/wdc-20251003_htm.xml
2024-09-28,2024-12-27,2025,Q2,2024Q4,WDC,srt:ProductOrServiceAxis,wdc:CloudMember,revenue,2096000000.0,USD,RevenueFromContractWithCustomerExcludingAssessedTax,reported,0001628280-26-004207,10-Q,2026-01-30,https://www.sec.gov/Archives/edgar/data/106040/000162828026004207/wdc-20260102_htm.xml
2024-12-28,2025-03-28,2025,Q3,2025Q1,WDC,srt:ProductOrServiceAxis,wdc:CloudMember,revenue,2007000000.0,USD,RevenueFromContractWithCustomerExcludingAssessedTax,reported,0001628280-26-029054,10-Q,2026-05-01,https://www.sec.gov/Archives/edgar/data/106040/000162828026029054/wdc-20260403_htm.xml
2025-03-29,2025-06-27,2025,Q4,2025Q2,WDC,srt:ProductOrServiceAxis,wdc:CloudMember,revenue,2329000000.0,USD,RevenueFromContractWithCustomerExcludingAssessedTax,ytd_diff,0001628280-26-057139,10-K,2026-08-14,https://www.sec.gov/Archives/edgar/data/106040/000162828026057139/wdc-20260703_htm.xml
2025-06-28,2025-10-03,2026,Q1,2025Q3,WDC,srt:ProductOrServiceAxis,wdc:CloudMember,revenue,2510000000.0,USD,RevenueFromContractWithCustomerExcludingAssessedTax,reported,0001628280-25-047613,10-Q,2025-10-31,https://www.sec.gov/Archives/edgar/data/106040/000162828025047613/wdc-20251003_htm.xml
2025-10-04,2026-01-02,2026,Q2,2025Q4,WDC,srt:ProductOrServiceAxis,wdc:CloudMember,revenue,2673000000.0,USD,RevenueFromContractWithCustomerExcludingAssessedTax,reported,0001628280-26-004207,10-Q,2026-01-30,https://www.sec.gov/Archives/edgar/data/106040/000162828026004207/wdc-20260102_htm.xml
2026-01-03,2026-04-03,2026,Q3,2026Q1,WDC,srt:ProductOrServiceAxis,wdc:CloudMember,revenue,2972000000.0,USD,RevenueFromContractWithCustomerExcludingAssessedTax,reported,0001628280-26-029054,10-Q,2026-05-01,https://www.sec.gov/Archives/edgar/data/106040/000162828026029054/wdc-20260403_htm.xml
2026-04-04,2026-07-03,2026,Q4,2026Q2,WDC,srt:ProductOrServiceAxis,wdc:CloudMember,revenue,3335000000.0,USD,RevenueFromContractWithCustomerExcludingAssessedTax,ytd_diff,0001628280-26-057139,10-K,2026-08-14,https://www.sec.gov/Archives/edgar/data/106040/000162828026057139/wdc-20260703_htm.xml
2022-07-02,2022-09-30,2023,Q1,2022Q3,WDC,srt:ProductOrServiceAxis,wdc:ConsumerMember,revenue,678000000.0,USD,RevenueFromContractWithCustomerExcludingAssessedTax,reported,0000106040-23-000034,10-Q,2023-11-07,https://www.sec.gov/Archives/edgar/data/106040/000010604023000034/wdc-20230929_htm.xml
2022-10-01,2022-12-30,2023,Q2,2022Q4,WDC,srt:ProductOrServiceAxis,wdc:ConsumerMember,revenue,794000000.0,USD,RevenueFromContractWithCustomerExcludingAssessedTax,reported,0000106040-24-000014,10-Q,2024-02-12,https://www.sec.gov/Archives/edgar/data/106040/000010604024000014/wdc-20231229_htm.xml
2022-12-31,2023-03-31,2023,Q3,2023Q1,WDC,srt:ProductOrServiceAxis,wdc:ConsumerMember,revenue,623000000.0,USD,RevenueFromContractWithCustomerExcludingAssessedTax,reported,0000106040-24-000022,10-Q,2024-04-30,https://www.sec.gov/Archives/edgar/data/106040/000010604024000022/wdc-20240329_htm.xml
2023-04-01,2023-06-30,2023,Q4,2023Q2,WDC,srt:ProductOrServiceAxis,wdc:ConsumerMember,revenue,-1284000000.0,USD,RevenueFromContractWithCustomerExcludingAssessedTax,ytd_diff,0000106040-25-000038,10-K,2025-08-14,https://www.sec.gov/Archives/edgar/data/106040/000010604025000038/wdc-20250627_htm.xml
2023-07-01,2023-09-29,2024,Q1,2023Q3,WDC,srt:ProductOrServiceAxis,wdc:ConsumerMember,revenue,731000000.0,USD,RevenueFromContractWithCustomerExcludingAssessedTax,reported,0000106040-24-000040,10-Q,2024-10-31,https://www.sec.gov/Archives/edgar/data/106040/000010604024000040/wdc-20240927_htm.xml
2023-09-30,2023-12-29,2024,Q2,2023Q4,WDC,srt:ProductOrServiceAxis,wdc:ConsumerMember,revenue,839000000.0,USD,RevenueFromContractWithCustomerExcludingAssessedTax,reported,0000106040-25-000008,10-Q,2025-01-31,https://www.sec.gov/Archives/edgar/data/106040/000010604025000008/wdc-20241227_htm.xml
2023-12-30,2024-03-29,2024,Q3,2024Q1,WDC,srt:ProductOrServiceAxis,wdc:ConsumerMember,revenue,157000000.0,USD,RevenueFromContractWithCustomerExcludingAssessedTax,reported,0000106040-25-000026,10-Q,2025-05-02,https://www.sec.gov/Archives/edgar/data/106040/000010604025000026/wdc-20250328_htm.xml
2024-03-30,2024-06-28,2024,Q4,2024Q2,WDC,srt:ProductOrServiceAxis,wdc:ConsumerMember,revenue,155000000.0,USD,RevenueFromContractWithCustomerExcludingAssessedTax,ytd_diff,0001628280-26-057139,10-K,2026-08-14,https://www.sec.gov/Archives/edgar/data/106040/000162828026057139/wdc-20260703_htm.xml
2024-06-29,2024-09-27,2025,Q1,2024Q3,WDC,srt:ProductOrServiceAxis,wdc:ConsumerMember,revenue,164000000.0,USD,RevenueFromContractWithCustomerExcludingAssessedTax,reported,0001628280-25-047613,10-Q,2025-10-31,https://www.sec.gov/Archives/edgar/data/106040/000162828025047613/wdc-20251003_htm.xml
2024-09-28,2024-12-27,2025,Q2,2024Q4,WDC,srt:ProductOrServiceAxis,wdc:ConsumerMember,revenue,173000000.0,USD,RevenueFromContractWithCustomerExcludingAssessedTax,reported,0001628280-26-004207,10-Q,2026-01-30,https://www.sec.gov/Archives/edgar/data/106040/000162828026004207/wdc-20260102_htm.xml
2024-12-28,2025-03-28,2025,Q3,2025Q1,WDC,srt:ProductOrServiceAxis,wdc:ConsumerMember,revenue,150000000.0,USD,RevenueFromContractWithCustomerExcludingAssessedTax,reported,0001628280-26-029054,10-Q,2026-05-01,https://www.sec.gov/Archives/edgar/data/106040/000162828026029054/wdc-20260403_htm.xml
2025-03-29,2025-06-27,2025,Q4,2025Q2,WDC,srt:ProductOrServiceAxis,wdc:ConsumerMember,revenue,136000000.0,USD,RevenueFromContractWithCustomerExcludingAssessedTax,ytd_diff,0001628280-26-057139,10-K,2026-08-14,https://www.sec.gov/Archives/edgar/data/106040/000162828026057139/wdc-20260703_htm.xml
2025-06-28,2025-10-03,2026,Q1,2025Q3,WDC,srt:ProductOrServiceAxis,wdc:ConsumerMember,revenue,162000000.0,USD,RevenueFromContractWithCustomerExcludingAssessedTax,reported,0001628280-25-047613,10-Q,2025-10-31,https://www.sec.gov/Archives/edgar/data/106040/000162828025047613/wdc-20251003_htm.xml
2025-10-04,2026-01-02,2026,Q2,2025Q4,WDC,srt:ProductOrServiceAxis,wdc:ConsumerMember,revenue,168000000.0,USD,RevenueFromContractWithCustomerExcludingAssessedTax,reported,0001628280-26-004207,10-Q,2026-01-30,https://www.sec.gov/Archives/edgar/data/106040/000162828026004207/wdc-20260102_htm.xml
2026-01-03,2026-04-03,2026,Q3,2026Q1,WDC,srt:ProductOrServiceAxis,wdc:ConsumerMember,revenue,186000000.0,USD,RevenueFromContractWithCustomerExcludingAssessedTax,reported,0001628280-26-029054,10-Q,2026-05-01,https://www.sec.gov/Archives/edgar/data/106040/000162828026029054/wdc-20260403_htm.xml
2026-04-04,2026-07-03,2026,Q4,2026Q2,WDC,srt:ProductOrServiceAxis,wdc:ConsumerMember,revenue,187000000.0,USD,RevenueFromContractWithCustomerExcludingAssessedTax,ytd_diff,0001628280-26-057139,10-K,2026-08-14,https://www.sec.gov/Archives/edgar/data/106040/000162828026057139/wdc-20260703_htm.xml
2017-09-30,2017-12-29,2018,Q2,2017Q4,WDC,srt:ProductOrServiceAxis,wdc:DataCenterDevicesSolutionsMember,revenue,1434000000.0,USD,RevenueFromContractWithCustomerExcludingAssessedTax,reported,0000106040-19-000009,10-Q,2019-02-05,https://www.sec.gov/Archives/edgar/data/106040/000010604019000009/wdc-20181228.xml
2017-12-30,2018-03-30,2018,Q3,2018Q1,WDC,srt:ProductOrServiceAxis,wdc:DataCenterDevicesSolutionsMember,revenue,1660000000.0,USD,RevenueFromContractWithCustomerExcludingAssessedTax,reported,0000106040-19-000028,10-Q,2019-05-07,https://www.sec.gov/Archives/edgar/data/106040/000010604019000028/wdc-20190329.xml
2018-03-31,2018-06-29,2018,Q4,2018Q2,WDC,srt:ProductOrServiceAxis,wdc:DataCenterDevicesSolutionsMember,revenue,1612000000.0,USD,RevenueFromContractWithCustomerExcludingAssessedTax,ytd_diff,0000106040-20-000049,10-K,2020-08-28,https://www.sec.gov/Archives/edgar/data/106040/000010604020000049/wdc-20200703_htm.xml
2018-06-30,2018-09-28,2019,Q1,2018Q3,WDC,srt:ProductOrServiceAxis,wdc:DataCenterDevicesSolutionsMember,revenue,1446000000.0,USD,RevenueFromContractWithCustomerExcludingAssessedTax,reported,0000106040-19-000075,10-Q,2019-11-12,https://www.sec.gov/Archives/edgar/data/106040/000010604019000075/wdc-2020q110xqdoc_htm.xml
2018-09-29,2018-12-28,2019,Q2,2018Q4,WDC,srt:ProductOrServiceAxis,wdc:DataCenterDevicesSolutionsMember,revenue,1074000000.0,USD,RevenueFromContractWithCustomerExcludingAssessedTax,reported,0000106040-20-000011,10-Q,2020-02-11,https://www.sec.gov/Archives/edgar/data/106040/000010604020000011/wdc-2020q210xqdoc_htm.xml
2018-12-29,2019-03-29,2019,Q3,2019Q1,WDC,srt:ProductOrServiceAxis,wdc:DataCenterDevicesSolutionsMember,revenue,1245000000.0,USD,RevenueFromContractWithCustomerExcludingAssessedTax,reported,0000106040-20-000024,10-Q,2020-05-08,https://www.sec.gov/Archives/edgar/data/106040/000010604020000024/wdc-20200403_htm.xml
2019-03-30,2019-06-28,2019,Q4,2019Q2,WDC,srt:ProductOrServiceAxis,wdc:DataCenterDevicesSolutionsMember,revenue,1273000000.0,USD,RevenueFromContractWithCustomerExcludingAssessedTax,ytd_diff,0000106040-21-000040,10-K,2021-08-27,https://www.sec.gov/Archives/edgar/data/106040/000010604021000040/wdc-20210702_htm.xml
2019-06-29,2019-10-04,2020,Q1,2019Q3,WDC,srt:ProductOrServiceAxis,wdc:DataCenterDevicesSolutionsMember,revenue,1532000000.0,USD,RevenueFromContractWithCustomerExcludingAssessedTax,reported,0000106040-20-000061,10-Q,2020-11-06,https://www.sec.gov/Archives/edgar/data/106040/000010604020000061/wdc-20201002_htm.xml
2019-10-05,2020-01-03,2020,Q2,2019Q4,WDC,srt:ProductOrServiceAxis,wdc:DataCenterDevicesSolutionsMember,revenue,1489000000.0,USD,RevenueFromContractWithCustomerExcludingAssessedTax,reported,0000106040-21-000011,10-Q,2021-02-09,https://www.sec.gov/Archives/edgar/data/106040/000010604021000011/wdc-20210101_htm.xml
2020-01-04,2020-04-03,2020,Q3,2020Q1,WDC,srt:ProductOrServiceAxis,wdc:DataCenterDevicesSolutionsMember,revenue,1523000000.0,USD,RevenueFromContractWithCustomerExcludingAssessedTax,reported,0000106040-21-000024,10-Q,2021-05-06,https://www.sec.gov/Archives/edgar/data/106040/000010604021000024/wdc-20210402_htm.xml
2020-04-04,2020-07-03,2020,Q4,2020Q2,WDC,srt:ProductOrServiceAxis,wdc:DataCenterDevicesSolutionsMember,revenue,1684000000.0,USD,RevenueFromContractWithCustomerExcludingAssessedTax,ytd_diff,0000106040-21-000040,10-K,2021-08-27,https://www.sec.gov/Archives/edgar/data/106040/000010604021000040/wdc-20210702_htm.xml
2020-07-04,2020-10-02,2021,Q1,2020Q3,WDC,srt:ProductOrServiceAxis,wdc:DataCenterDevicesSolutionsMember,revenue,1129000000.0,USD,RevenueFromContractWithCustomerExcludingAssessedTax,reported,0000106040-20-000061,10-Q,2020-11-06,https://www.sec.gov/Archives/edgar/data/106040/000010604020000061/wdc-20201002_htm.xml
2020-10-03,2021-01-01,2021,Q2,2020Q4,WDC,srt:ProductOrServiceAxis,wdc:DataCenterDevicesSolutionsMember,revenue,807000000.0,USD,RevenueFromContractWithCustomerExcludingAssessedTax,reported,0000106040-21-000011,10-Q,2021-02-09,https://www.sec.gov/Archives/edgar/data/106040/000010604021000011/wdc-20210101_htm.xml
2021-01-02,2021-04-02,2021,Q3,2021Q1,WDC,srt:ProductOrServiceAxis,wdc:DataCenterDevicesSolutionsMember,revenue,1237000000.0,USD,RevenueFromContractWithCustomerExcludingAssessedTax,reported,0000106040-21-000024,10-Q,2021-05-06,https://www.sec.gov/Archives/edgar/data/106040/000010604021000024/wdc-20210402_htm.xml
2021-04-03,2021-07-02,2021,Q4,2021Q2,WDC,srt:ProductOrServiceAxis,wdc:DataCenterDevicesSolutionsMember,revenue,1777000000.0,USD,RevenueFromContractWithCustomerExcludingAssessedTax,ytd_diff,0000106040-21-000040,10-K,2021-08-27,https://www.sec.gov/Archives/edgar/data/106040/000010604021000040/wdc-20210702_htm.xml
2020-07-04,2020-10-02,2021,Q1,2020Q3,WDC,srt:ProductOrServiceAxis,wdc:OEMProductsMember,revenue,1750000000.0,USD,RevenueFromContractWithCustomerExcludingAssessedTax,reported,0000106040-21-000053,10-Q,2021-11-04,https://www.sec.gov/Archives/edgar/data/106040/000010604021000053/wdc-20211001_htm.xml
2021-07-03,2021-10-01,2022,Q1,2021Q3,WDC,srt:ProductOrServiceAxis,wdc:OEMProductsMember,revenue,1853000000.0,USD,RevenueFromContractWithCustomerExcludingAssessedTax,reported,0000106040-21-000053,10-Q,2021-11-04,https://www.sec.gov/Archives/edgar/data/106040/000010604021000053/wdc-20211001_htm.xml
2020-07-04,2020-10-02,2021,Q1,2020Q3,WDC,srt:ProductOrServiceAxis,wdc:RetailProductsMember,revenue,881000000.0,USD,RevenueFromContractWithCustomerExcludingAssessedTax,reported,0000106040-21-000053,10-Q,2021-11-04,https://www.sec.gov/Archives/edgar/data/106040/000010604021000053/wdc-20211001_htm.xml
2020-10-03,2021-01-01,2021,Q2,2020Q4,WDC,srt:ProductOrServiceAxis,wdc:RetailProductsMember,revenue,1060000000.0,USD,RevenueFromContractWithCustomerExcludingAssessedTax,reported,0000106040-22-000018,10-Q,2022-02-03,https://www.sec.gov/Archives/edgar/data/106040/000010604022000018/wdc-20211231_htm.xml
2021-01-02,2021-04-02,2021,Q3,2021Q1,WDC,srt:ProductOrServiceAxis,wdc:RetailProductsMember,revenue,947000000.0,USD,RevenueFromContractWithCustomerExcludingAssessedTax,reported,0000106040-22-000040,10-Q,2022-05-04,https://www.sec.gov/Archives/edgar/data/106040/000010604022000040/wdc-20220401_htm.xml
2021-07-03,2021-10-01,2022,Q1,2021Q3,WDC,srt:ProductOrServiceAxis,wdc:RetailProductsMember,revenue,973000000.0,USD,RevenueFromContractWithCustomerExcludingAssessedTax,reported,0000106040-22-000065,10-Q,2022-11-02,https://www.sec.gov/Archives/edgar/data/106040/000010604022000065/wdc-20220930_htm.xml
2021-10-02,2021-12-31,2022,Q2,2021Q4,WDC,srt:ProductOrServiceAxis,wdc:RetailProductsMember,revenue,1059000000.0,USD,RevenueFromContractWithCustomerExcludingAssessedTax,reported,0000106040-23-000010,10-Q,2023-02-03,https://www.sec.gov/Archives/edgar/data/106040/000010604023000010/wdc-20221230_htm.xml
2022-01-01,2022-04-01,2022,Q3,2022Q1,WDC,srt:ProductOrServiceAxis,wdc:RetailProductsMember,revenue,875000000.0,USD,RevenueFromContractWithCustomerExcludingAssessedTax,reported,0000106040-23-000017,10-Q,2023-05-10,https://www.sec.gov/Archives/edgar/data/106040/000010604023000017/wdc-20230331_htm.xml
2022-07-02,2022-09-30,2023,Q1,2022Q3,WDC,srt:ProductOrServiceAxis,wdc:RetailProductsMember,revenue,678000000.0,USD,RevenueFromContractWithCustomerExcludingAssessedTax,reported,0000106040-22-000065,10-Q,2022-11-02,https://www.sec.gov/Archives/edgar/data/106040/000010604022000065/wdc-20220930_htm.xml
2022-10-01,2022-12-30,2023,Q2,2022Q4,WDC,srt:ProductOrServiceAxis,wdc:RetailProductsMember,revenue,794000000.0,USD,RevenueFromContractWithCustomerExcludingAssessedTax,reported,0000106040-23-000010,10-Q,2023-02-03,https://www.sec.gov/Archives/edgar/data/106040/000010604023000010/wdc-20221230_htm.xml
2022-12-31,2023-03-31,2023,Q3,2023Q1,WDC,srt:ProductOrServiceAxis,wdc:RetailProductsMember,revenue,623000000.0,USD,RevenueFromContractWithCustomerExcludingAssessedTax,reported,0000106040-23-000017,10-Q,2023-05-10,https://www.sec.gov/Archives/edgar/data/106040/000010604023000017/wdc-20230331_htm.xml
2018-06-30,2018-09-28,2019,Q1,2018Q3,WDC,srt:StatementGeographicalAxis,srt:AmericasMember,revenue,1281000000.0,USD,RevenueFromContractWithCustomerExcludingAssessedTax,reported,0000106040-19-000075,10-Q,2019-11-12,https://www.sec.gov/Archives/edgar/data/106040/000010604019000075/wdc-2020q110xqdoc_htm.xml
2018-09-29,2018-12-28,2019,Q2,2018Q4,WDC,srt:StatementGeographicalAxis,srt:AmericasMember,revenue,1015000000.0,USD,RevenueFromContractWithCustomerExcludingAssessedTax,reported,0000106040-20-000011,10-Q,2020-02-11,https://www.sec.gov/Archives/edgar/data/106040/000010604020000011/wdc-2020q210xqdoc_htm.xml
2018-12-29,2019-03-29,2019,Q3,2019Q1,WDC,srt:StatementGeographicalAxis,srt:AmericasMember,revenue,1070000000.0,USD,RevenueFromContractWithCustomerExcludingAssessedTax,reported,0000106040-20-000024,10-Q,2020-05-08,https://www.sec.gov/Archives/edgar/data/106040/000010604020000024/wdc-20200403_htm.xml
2019-06-29,2019-10-04,2020,Q1,2019Q3,WDC,srt:StatementGeographicalAxis,srt:AmericasMember,revenue,1313000000.0,USD,RevenueFromContractWithCustomerExcludingAssessedTax,reported,0000106040-20-000061,10-Q,2020-11-06,https://www.sec.gov/Archives/edgar/data/106040/000010604020000061/wdc-20201002_htm.xml
2019-10-05,2020-01-03,2020,Q2,2019Q4,WDC,srt:StatementGeographicalAxis,srt:AmericasMember,revenue,1296000000.0,USD,RevenueFromContractWithCustomerExcludingAssessedTax,reported,0000106040-21-000011,10-Q,2021-02-09,https://www.sec.gov/Archives/edgar/data/106040/000010604021000011/wdc-20210101_htm.xml
2020-01-04,2020-04-03,2020,Q3,2020Q1,WDC,srt:StatementGeographicalAxis,srt:AmericasMember,revenue,1325000000.0,USD,RevenueFromContractWithCustomerExcludingAssessedTax,reported,0000106040-21-000024,10-Q,2021-05-06,https://www.sec.gov/Archives/edgar/data/106040/000010604021000024/wdc-20210402_htm.xml
2020-07-04,2020-10-02,2021,Q1,2020Q3,WDC,srt:StatementGeographicalAxis,srt:AmericasMember,revenue,1079000000.0,USD,RevenueFromContractWithCustomerExcludingAssessedTax,reported,0000106040-21-000053,10-Q,2021-11-04,https://www.sec.gov/Archives/edgar/data/106040/000010604021000053/wdc-20211001_htm.xml
2020-10-03,2021-01-01,2021,Q2,2020Q4,WDC,srt:StatementGeographicalAxis,srt:AmericasMember,revenue,945000000.0,USD,RevenueFromContractWithCustomerExcludingAssessedTax,reported,0000106040-22-000018,10-Q,2022-02-03,https://www.sec.gov/Archives/edgar/data/106040/000010604022000018/wdc-20211231_htm.xml
2021-01-02,2021-04-02,2021,Q3,2021Q1,WDC,srt:StatementGeographicalAxis,srt:AmericasMember,revenue,1009000000.0,USD,RevenueFromContractWithCustomerExcludingAssessedTax,reported,0000106040-22-000040,10-Q,2022-05-04,https://www.sec.gov/Archives/edgar/data/106040/000010604022000040/wdc-20220401_htm.xml
2021-07-03,2021-10-01,2022,Q1,2021Q3,WDC,srt:StatementGeographicalAxis,srt:AmericasMember,revenue,1614000000.0,USD,RevenueFromContractWithCustomerExcludingAssessedTax,reported,0000106040-22-000065,10-Q,2022-11-02,https://www.sec.gov/Archives/edgar/data/106040/000010604022000065/wdc-20220930_htm.xml
2021-10-02,2021-12-31,2022,Q2,2021Q4,WDC,srt:StatementGeographicalAxis,srt:AmericasMember,revenue,1407000000.0,USD,RevenueFromContractWithCustomerExcludingAssessedTax,reported,0000106040-23-000010,10-Q,2023-02-03,https://www.sec.gov/Archives/edgar/data/106040/000010604023000010/wdc-20221230_htm.xml
2022-01-01,2022-04-01,2022,Q3,2022Q1,WDC,srt:StatementGeographicalAxis,srt:AmericasMember,revenue,1377000000.0,USD,RevenueFromContractWithCustomerExcludingAssessedTax,reported,0000106040-23-000017,10-Q,2023-05-10,https://www.sec.gov/Archives/edgar/data/106040/000010604023000017/wdc-20230331_htm.xml
2022-07-02,2022-09-30,2023,Q1,2022Q3,WDC,srt:StatementGeographicalAxis,srt:AmericasMember,revenue,1423000000.0,USD,RevenueFromContractWithCustomerExcludingAssessedTax,reported,0000106040-23-000034,10-Q,2023-11-07,https://www.sec.gov/Archives/edgar/data/106040/000010604023000034/wdc-20230929_htm.xml
2022-10-01,2022-12-30,2023,Q2,2022Q4,WDC,srt:StatementGeographicalAxis,srt:AmericasMember,revenue,1090000000.0,USD,RevenueFromContractWithCustomerExcludingAssessedTax,reported,0000106040-24-000014,10-Q,2024-02-12,https://www.sec.gov/Archives/edgar/data/106040/000010604024000014/wdc-20231229_htm.xml
2022-12-31,2023-03-31,2023,Q3,2023Q1,WDC,srt:StatementGeographicalAxis,srt:AmericasMember,revenue,935000000.0,USD,RevenueFromContractWithCustomerExcludingAssessedTax,reported,0000106040-24-000022,10-Q,2024-04-30,https://www.sec.gov/Archives/edgar/data/106040/000010604024000022/wdc-20240329_htm.xml
2023-07-01,2023-09-29,2024,Q1,2023Q3,WDC,srt:StatementGeographicalAxis,srt:AmericasMember,revenue,662000000.0,USD,RevenueFromContractWithCustomerExcludingAssessedTax,reported,0000106040-24-000040,10-Q,2024-10-31,https://www.sec.gov/Archives/edgar/data/106040/000010604024000040/wdc-20240927_htm.xml
2023-09-30,2023-12-29,2024,Q2,2023Q4,WDC,srt:StatementGeographicalAxis,srt:AmericasMember,revenue,804000000.0,USD,RevenueFromContractWithCustomerExcludingAssessedTax,reported,0000106040-25-000008,10-Q,2025-01-31,https://www.sec.gov/Archives/edgar/data/106040/000010604025000008/wdc-20241227_htm.xml
2023-12-30,2024-03-29,2024,Q3,2024Q1,WDC,srt:StatementGeographicalAxis,srt:AmericasMember,revenue,882000000.0,USD,RevenueFromContractWithCustomerExcludingAssessedTax,reported,0000106040-25-000026,10-Q,2025-05-02,https://www.sec.gov/Archives/edgar/data/106040/000010604025000026/wdc-20250328_htm.xml
2024-06-29,2024-09-27,2025,Q1,2024Q3,WDC,srt:StatementGeographicalAxis,srt:AmericasMember,revenue,1247000000.0,USD,RevenueFromContractWithCustomerExcludingAssessedTax,reported,0001628280-25-047613,10-Q,2025-10-31,https://www.sec.gov/Archives/edgar/data/106040/000162828025047613/wdc-20251003_htm.xml
2024-09-28,2024-12-27,2025,Q2,2024Q4,WDC,srt:StatementGeographicalAxis,srt:AmericasMember,revenue,1039000000.0,USD,RevenueFromContractWithCustomerExcludingAssessedTax,reported,0001628280-26-004207,10-Q,2026-01-30,https://www.sec.gov/Archives/edgar/data/106040/000162828026004207/wdc-20260102_htm.xml
2024-12-28,2025-03-28,2025,Q3,2025Q1,WDC,srt:StatementGeographicalAxis,srt:AmericasMember,revenue,1182000000.0,USD,RevenueFromContractWithCustomerExcludingAssessedTax,reported,0001628280-26-029054,10-Q,2026-05-01,https://www.sec.gov/Archives/edgar/data/106040/000162828026029054/wdc-20260403_htm.xml
2025-06-28,2025-10-03,2026,Q1,2025Q3,WDC,srt:StatementGeographicalAxis,srt:AmericasMember,revenue,1100000000.0,USD,RevenueFromContractWithCustomerExcludingAssessedTax,reported,0001628280-25-047613,10-Q,2025-10-31,https://www.sec.gov/Archives/edgar/data/106040/000162828025047613/wdc-20251003_htm.xml
2025-10-04,2026-01-02,2026,Q2,2025Q4,WDC,srt:StatementGeographicalAxis,srt:AmericasMember,revenue,1291000000.0,USD,RevenueFromContractWithCustomerExcludingAssessedTax,reported,0001628280-26-004207,10-Q,2026-01-30,https://www.sec.gov/Archives/edgar/data/106040/000162828026004207/wdc-20260102_htm.xml
2026-01-03,2026-04-03,2026,Q3,2026Q1,WDC,srt:StatementGeographicalAxis,srt:AmericasMember,revenue,1499000000.0,USD,RevenueFromContractWithCustomerExcludingAssessedTax,reported,0001628280-26-029054,10-Q,2026-05-01,https://www.sec.gov/Archives/edgar/data/106040/000162828026029054/wdc-20260403_htm.xml
2018-06-30,2018-09-28,2019,Q1,2018Q3,WDC,srt:StatementGeographicalAxis,srt:AsiaMember,revenue,2863000000.0,USD,RevenueFromContractWithCustomerExcludingAssessedTax,reported,0000106040-19-000075,10-Q,2019-11-12,https://www.sec.gov/Archives/edgar/data/106040/000010604019000075/wdc-2020q110xqdoc_htm.xml
2018-09-29,2018-12-28,2019,Q2,2018Q4,WDC,srt:StatementGeographicalAxis,srt:AsiaMember,revenue,2401000000.0,USD,RevenueFromContractWithCustomerExcludingAssessedTax,reported,0000106040-20-000011,10-Q,2020-02-11,https://www.sec.gov/Archives/edgar/data/106040/000010604020000011/wdc-2020q210xqdoc_htm.xml
2018-12-29,2019-03-29,2019,Q3,2019Q1,WDC,srt:StatementGeographicalAxis,srt:AsiaMember,revenue,1856000000.0,USD,RevenueFromContractWithCustomerExcludingAssessedTax,reported,0000106040-20-000024,10-Q,2020-05-08,https://www.sec.gov/Archives/edgar/data/106040/000010604020000024/wdc-20200403_htm.xml
2019-03-30,2019-06-28,2019,Q4,2019Q2,WDC,srt:StatementGeographicalAxis,srt:AsiaMember,revenue,-5058000000.0,USD,RevenueFromContractWithCustomerExcludingAssessedTax,ytd_diff,0000106040-21-000040,10-K,2021-08-27,https://www.sec.gov/Archives/edgar/data/106040/000010604021000040/wdc-20210702_htm.xml
2019-06-29,2019-10-04,2020,Q1,2019Q3,WDC,srt:StatementGeographicalAxis,srt:AsiaMember,revenue,1948000000.0,USD,RevenueFromContractWithCustomerExcludingAssessedTax,reported,0000106040-20-000061,10-Q,2020-11-06,https://www.sec.gov/Archives/edgar/data/106040/000010604020000061/wdc-20201002_htm.xml
2019-10-05,2020-01-03,2020,Q2,2019Q4,WDC,srt:StatementGeographicalAxis,srt:AsiaMember,revenue,2127000000.0,USD,RevenueFromContractWithCustomerExcludingAssessedTax,reported,0000106040-21-000011,10-Q,2021-02-09,https://www.sec.gov/Archives/edgar/data/106040/000010604021000011/wdc-20210101_htm.xml
2020-01-04,2020-04-03,2020,Q3,2020Q1,WDC,srt:StatementGeographicalAxis,srt:AsiaMember,revenue,2080000000.0,USD,RevenueFromContractWithCustomerExcludingAssessedTax,reported,0000106040-21-000024,10-Q,2021-05-06,https://www.sec.gov/Archives/edgar/data/106040/000010604021000024/wdc-20210402_htm.xml
2020-04-04,2020-07-03,2020,Q4,2020Q2,WDC,srt:StatementGeographicalAxis,srt:AsiaMember,revenue,-4456000000.0,USD,RevenueFromContractWithCustomerExcludingAssessedTax,ytd_diff,0000106040-22-000055,10-K,2022-08-25,https://www.sec.gov/Archives/edgar/data/106040/000010604022000055/wdc-20220701_htm.xml
2020-07-04,2020-10-02,2021,Q1,2020Q3,WDC,srt:StatementGeographicalAxis,srt:AsiaMember,revenue,2214000000.0,USD,RevenueFromContractWithCustomerExcludingAssessedTax,reported,0000106040-21-000053,10-Q,2021-11-04,https://www.sec.gov/Archives/edgar/data/106040/000010604021000053/wdc-20211001_htm.xml
2020-10-03,2021-01-01,2021,Q2,2020Q4,WDC,srt:StatementGeographicalAxis,srt:AsiaMember,revenue,2273000000.0,USD,RevenueFromContractWithCustomerExcludingAssessedTax,reported,0000106040-22-000018,10-Q,2022-02-03,https://www.sec.gov/Archives/edgar/data/106040/000010604022000018/wdc-20211231_htm.xml
2021-01-02,2021-04-02,2021,Q3,2021Q1,WDC,srt:StatementGeographicalAxis,srt:AsiaMember,revenue,2215000000.0,USD,RevenueFromContractWithCustomerExcludingAssessedTax,reported,0000106040-22-000040,10-Q,2022-05-04,https://www.sec.gov/Archives/edgar/data/106040/000010604022000040/wdc-20220401_htm.xml
2021-04-03,2021-07-02,2021,Q4,2021Q2,WDC,srt:StatementGeographicalAxis,srt:AsiaMember,revenue,-5210000000.0,USD,RevenueFromContractWithCustomerExcludingAssessedTax,ytd_diff,0000106040-23-000024,10-K,2023-08-22,https://www.sec.gov/Archives/edgar/data/106040/000010604023000024/wdc-20230630_htm.xml
2021-07-03,2021-10-01,2022,Q1,2021Q3,WDC,srt:StatementGeographicalAxis,srt:AsiaMember,revenue,2675000000.0,USD,RevenueFromContractWithCustomerExcludingAssessedTax,reported,0000106040-22-000065,10-Q,2022-11-02,https://www.sec.gov/Archives/edgar/data/106040/000010604022000065/wdc-20220930_htm.xml
2021-10-02,2021-12-31,2022,Q2,2021Q4,WDC,srt:StatementGeographicalAxis,srt:AsiaMember,revenue,2610000000.0,USD,RevenueFromContractWithCustomerExcludingAssessedTax,reported,0000106040-23-000010,10-Q,2023-02-03,https://www.sec.gov/Archives/edgar/data/106040/000010604023000010/wdc-20221230_htm.xml
2022-01-01,2022-04-01,2022,Q3,2022Q1,WDC,srt:StatementGeographicalAxis,srt:AsiaMember,revenue,2400000000.0,USD,RevenueFromContractWithCustomerExcludingAssessedTax,reported,0000106040-23-000017,10-Q,2023-05-10,https://www.sec.gov/Archives/edgar/data/106040/000010604023000017/wdc-20230331_htm.xml
2022-04-02,2022-07-01,2022,Q4,2022Q2,WDC,srt:StatementGeographicalAxis,srt:AsiaMember,revenue,-5801000000.0,USD,RevenueFromContractWithCustomerExcludingAssessedTax,ytd_diff,0000106040-24-000031,10-K,2024-08-20,https://www.sec.gov/Archives/edgar/data/106040/000010604024000031/wdc-20240628_htm.xml
2022-07-02,2022-09-30,2023,Q1,2022Q3,WDC,srt:StatementGeographicalAxis,srt:AsiaMember,revenue,1686000000.0,USD,RevenueFromContractWithCustomerExcludingAssessedTax,reported,0000106040-23-000034,10-Q,2023-11-07,https://www.sec.gov/Archives/edgar/data/106040/000010604023000034/wdc-20230929_htm.xml
2022-10-01,2022-12-30,2023,Q2,2022Q4,WDC,srt:StatementGeographicalAxis,srt:AsiaMember,revenue,1494000000.0,USD,RevenueFromContractWithCustomerExcludingAssessedTax,reported,0000106040-24-000014,10-Q,2024-02-12,https://www.sec.gov/Archives/edgar/data/106040/000010604024000014/wdc-20231229_htm.xml
2022-12-31,2023-03-31,2023,Q3,2023Q1,WDC,srt:StatementGeographicalAxis,srt:AsiaMember,revenue,1353000000.0,USD,RevenueFromContractWithCustomerExcludingAssessedTax,reported,0000106040-24-000022,10-Q,2024-04-30,https://www.sec.gov/Archives/edgar/data/106040/000010604024000022/wdc-20240329_htm.xml
2023-04-01,2023-06-30,2023,Q4,2023Q2,WDC,srt:StatementGeographicalAxis,srt:AsiaMember,revenue,-3089000000.0,USD,RevenueFromContractWithCustomerExcludingAssessedTax,ytd_diff,0000106040-24-000031,10-K,2024-08-20,https://www.sec.gov/Archives/edgar/data/106040/000010604024000031/wdc-20240628_htm.xml
2023-07-01,2023-09-29,2024,Q1,2023Q3,WDC,srt:StatementGeographicalAxis,srt:AsiaMember,revenue,1551000000.0,USD,RevenueFromContractWithCustomerExcludingAssessedTax,reported,0000106040-24-000040,10-Q,2024-10-31,https://www.sec.gov/Archives/edgar/data/106040/000010604024000040/wdc-20240927_htm.xml
2023-09-30,2023-12-29,2024,Q2,2023Q4,WDC,srt:StatementGeographicalAxis,srt:AsiaMember,revenue,1699000000.0,USD,RevenueFromContractWithCustomerExcludingAssessedTax,reported,0000106040-25-000008,10-Q,2025-01-31,https://www.sec.gov/Archives/edgar/data/106040/000010604025000008/wdc-20241227_htm.xml
2023-12-30,2024-03-29,2024,Q3,2024Q1,WDC,srt:StatementGeographicalAxis,srt:AsiaMember,revenue,600000000.0,USD,RevenueFromContractWithCustomerExcludingAssessedTax,reported,0000106040-25-000026,10-Q,2025-05-02,https://www.sec.gov/Archives/edgar/data/106040/000010604025000026/wdc-20250328_htm.xml
2024-03-30,2024-06-28,2024,Q4,2024Q2,WDC,srt:StatementGeographicalAxis,srt:AsiaMember,revenue,-187000000.0,USD,RevenueFromContractWithCustomerExcludingAssessedTax,ytd_diff,0000106040-24-000031,10-K,2024-08-20,https://www.sec.gov/Archives/edgar/data/106040/000010604024000031/wdc-20240628_htm.xml
2024-06-29,2024-09-27,2025,Q1,2024Q3,WDC,srt:StatementGeographicalAxis,srt:AsiaMember,revenue,686000000.0,USD,RevenueFromContractWithCustomerExcludingAssessedTax,reported,0001628280-25-047613,10-Q,2025-10-31,https://www.sec.gov/Archives/edgar/data/106040/000162828025047613/wdc-20251003_htm.xml
2024-09-28,2024-12-27,2025,Q2,2024Q4,WDC,srt:StatementGeographicalAxis,srt:AsiaMember,revenue,910000000.0,USD,RevenueFromContractWithCustomerExcludingAssessedTax,reported,0001628280-26-004207,10-Q,2026-01-30,https://www.sec.gov/Archives/edgar/data/106040/000162828026004207/wdc-20260102_htm.xml
2024-12-28,2025-03-28,2025,Q3,2025Q1,WDC,srt:StatementGeographicalAxis,srt:AsiaMember,revenue,753000000.0,USD,RevenueFromContractWithCustomerExcludingAssessedTax,reported,0001628280-26-029054,10-Q,2026-05-01,https://www.sec.gov/Archives/edgar/data/106040/000162828026029054/wdc-20260403_htm.xml
2025-06-28,2025-10-03,2026,Q1,2025Q3,WDC,srt:StatementGeographicalAxis,srt:AsiaMember,revenue,1175000000.0,USD,RevenueFromContractWithCustomerExcludingAssessedTax,reported,0001628280-25-047613,10-Q,2025-10-31,https://www.sec.gov/Archives/edgar/data/106040/000162828025047613/wdc-20251003_htm.xml
2025-10-04,2026-01-02,2026,Q2,2025Q4,WDC,srt:StatementGeographicalAxis,srt:AsiaMember,revenue,1117000000.0,USD,RevenueFromContractWithCustomerExcludingAssessedTax,reported,0001628280-26-004207,10-Q,2026-01-30,https://www.sec.gov/Archives/edgar/data/106040/000162828026004207/wdc-20260102_htm.xml
2026-01-03,2026-04-03,2026,Q3,2026Q1,WDC,srt:StatementGeographicalAxis,srt:AsiaMember,revenue,1320000000.0,USD,RevenueFromContractWithCustomerExcludingAssessedTax,reported,0001628280-26-029054,10-Q,2026-05-01,https://www.sec.gov/Archives/edgar/data/106040/000162828026029054/wdc-20260403_htm.xml
2018-06-30,2018-09-28,2019,Q1,2018Q3,WDC,srt:StatementGeographicalAxis,wdc:EuropeMiddleEastAndAfricaMember,revenue,884000000.0,USD,RevenueFromContractWithCustomerExcludingAssessedTax,reported,0000106040-19-000075,10-Q,2019-11-12,https://www.sec.gov/Archives/edgar/data/106040/000010604019000075/wdc-2020q110xqdoc_htm.xml
2018-09-29,2018-12-28,2019,Q2,2018Q4,WDC,srt:StatementGeographicalAxis,wdc:EuropeMiddleEastAndAfricaMember,revenue,817000000.0,USD,RevenueFromContractWithCustomerExcludingAssessedTax,reported,0000106040-20-000011,10-Q,2020-02-11,https://www.sec.gov/Archives/edgar/data/106040/000010604020000011/wdc-2020q210xqdoc_htm.xml
2018-12-29,2019-03-29,2019,Q3,2019Q1,WDC,srt:StatementGeographicalAxis,wdc:EuropeMiddleEastAndAfricaMember,revenue,748000000.0,USD,RevenueFromContractWithCustomerExcludingAssessedTax,reported,0000106040-20-000024,10-Q,2020-05-08,https://www.sec.gov/Archives/edgar/data/106040/000010604020000024/wdc-20200403_htm.xml
2019-03-30,2019-06-28,2019,Q4,2019Q2,WDC,srt:StatementGeographicalAxis,wdc:EuropeMiddleEastAndAfricaMember,revenue,715000000.0,USD,RevenueFromContractWithCustomerExcludingAssessedTax,ytd_diff,0000106040-21-000040,10-K,2021-08-27,https://www.sec.gov/Archives/edgar/data/106040/000010604021000040/wdc-20210702_htm.xml
2019-06-29,2019-10-04,2020,Q1,2019Q3,WDC,srt:StatementGeographicalAxis,wdc:EuropeMiddleEastAndAfricaMember,revenue,779000000.0,USD,RevenueFromContractWithCustomerExcludingAssessedTax,reported,0000106040-20-000061,10-Q,2020-11-06,https://www.sec.gov/Archives/edgar/data/106040/000010604020000061/wdc-20201002_htm.xml
2019-10-05,2020-01-03,2020,Q2,2019Q4,WDC,srt:StatementGeographicalAxis,wdc:EuropeMiddleEastAndAfricaMember,revenue,811000000.0,USD,RevenueFromContractWithCustomerExcludingAssessedTax,reported,0000106040-21-000011,10-Q,2021-02-09,https://www.sec.gov/Archives/edgar/data/106040/000010604021000011/wdc-20210101_htm.xml
2020-01-04,2020-04-03,2020,Q3,2020Q1,WDC,srt:StatementGeographicalAxis,wdc:EuropeMiddleEastAndAfricaMember,revenue,770000000.0,USD,RevenueFromContractWithCustomerExcludingAssessedTax,reported,0000106040-21-000024,10-Q,2021-05-06,https://www.sec.gov/Archives/edgar/data/106040/000010604021000024/wdc-20210402_htm.xml
2020-04-04,2020-07-03,2020,Q4,2020Q2,WDC,srt:StatementGeographicalAxis,wdc:EuropeMiddleEastAndAfricaMember,revenue,566000000.0,USD,RevenueFromContractWithCustomerExcludingAssessedTax,ytd_diff,0000106040-22-000055,10-K,2022-08-25,https://www.sec.gov/Archives/edgar/data/106040/000010604022000055/wdc-20220701_htm.xml
2020-07-04,2020-10-02,2021,Q1,2020Q3,WDC,srt:StatementGeographicalAxis,wdc:EuropeMiddleEastAndAfricaMember,revenue,629000000.0,USD,RevenueFromContractWithCustomerExcludingAssessedTax,reported,0000106040-21-000053,10-Q,2021-11-04,https://www.sec.gov/Archives/edgar/data/106040/000010604021000053/wdc-20211001_htm.xml
2020-10-03,2021-01-01,2021,Q2,2020Q4,WDC,srt:StatementGeographicalAxis,wdc:EuropeMiddleEastAndAfricaMember,revenue,725000000.0,USD,RevenueFromContractWithCustomerExcludingAssessedTax,reported,0000106040-22-000018,10-Q,2022-02-03,https://www.sec.gov/Archives/edgar/data/106040/000010604022000018/wdc-20211231_htm.xml
2021-01-02,2021-04-02,2021,Q3,2021Q1,WDC,srt:StatementGeographicalAxis,wdc:EuropeMiddleEastAndAfricaMember,revenue,913000000.0,USD,RevenueFromContractWithCustomerExcludingAssessedTax,reported,0000106040-22-000040,10-Q,2022-05-04,https://www.sec.gov/Archives/edgar/data/106040/000010604022000040/wdc-20220401_htm.xml
2021-04-03,2021-07-02,2021,Q4,2021Q2,WDC,srt:StatementGeographicalAxis,wdc:EuropeMiddleEastAndAfricaMember,revenue,794000000.0,USD,RevenueFromContractWithCustomerExcludingAssessedTax,ytd_diff,0000106040-22-000055,10-K,2022-08-25,https://www.sec.gov/Archives/edgar/data/106040/000010604022000055/wdc-20220701_htm.xml
2021-07-03,2021-10-01,2022,Q1,2021Q3,WDC,srt:StatementGeographicalAxis,wdc:EuropeMiddleEastAndAfricaMember,revenue,762000000.0,USD,RevenueFromContractWithCustomerExcludingAssessedTax,reported,0000106040-22-000065,10-Q,2022-11-02,https://www.sec.gov/Archives/edgar/data/106040/000010604022000065/wdc-20220930_htm.xml
2021-10-02,2021-12-31,2022,Q2,2021Q4,WDC,srt:StatementGeographicalAxis,wdc:EuropeMiddleEastAndAfricaMember,revenue,816000000.0,USD,RevenueFromContractWithCustomerExcludingAssessedTax,reported,0000106040-23-000010,10-Q,2023-02-03,https://www.sec.gov/Archives/edgar/data/106040/000010604023000010/wdc-20221230_htm.xml
2022-01-01,2022-04-01,2022,Q3,2022Q1,WDC,srt:StatementGeographicalAxis,wdc:EuropeMiddleEastAndAfricaMember,revenue,604000000.0,USD,RevenueFromContractWithCustomerExcludingAssessedTax,reported,0000106040-23-000017,10-Q,2023-05-10,https://www.sec.gov/Archives/edgar/data/106040/000010604023000017/wdc-20230331_htm.xml
2022-04-02,2022-07-01,2022,Q4,2022Q2,WDC,srt:StatementGeographicalAxis,wdc:EuropeMiddleEastAndAfricaMember,revenue,690000000.0,USD,RevenueFromContractWithCustomerExcludingAssessedTax,ytd_diff,0000106040-22-000055,10-K,2022-08-25,https://www.sec.gov/Archives/edgar/data/106040/000010604022000055/wdc-20220701_htm.xml
2022-07-02,2022-09-30,2023,Q1,2022Q3,WDC,srt:StatementGeographicalAxis,wdc:EuropeMiddleEastAndAfricaMember,revenue,627000000.0,USD,RevenueFromContractWithCustomerExcludingAssessedTax,reported,0000106040-23-000034,10-Q,2023-11-07,https://www.sec.gov/Archives/edgar/data/106040/000010604023000034/wdc-20230929_htm.xml
2022-10-01,2022-12-30,2023,Q2,2022Q4,WDC,srt:StatementGeographicalAxis,wdc:EuropeMiddleEastAndAfricaMember,revenue,523000000.0,USD,RevenueFromContractWithCustomerExcludingAssessedTax,reported,0000106040-24-000014,10-Q,2024-02-12,https://www.sec.gov/Archives/edgar/data/106040/000010604024000014/wdc-20231229_htm.xml
2022-12-31,2023-03-31,2023,Q3,2023Q1,WDC,srt:StatementGeographicalAxis,wdc:EuropeMiddleEastAndAfricaMember,revenue,515000000.0,USD,RevenueFromContractWithCustomerExcludingAssessedTax,reported,0000106040-24-000022,10-Q,2024-04-30,https://www.sec.gov/Archives/edgar/data/106040/000010604024000022/wdc-20240329_htm.xml
2023-07-01,2023-09-29,2024,Q1,2023Q3,WDC,srt:StatementGeographicalAxis,wdc:EuropeMiddleEastAndAfricaMember,revenue,537000000.0,USD,RevenueFromContractWithCustomerExcludingAssessedTax,reported,0000106040-24-000040,10-Q,2024-10-31,https://www.sec.gov/Archives/edgar/data/106040/000010604024000040/wdc-20240927_htm.xml
2023-09-30,2023-12-29,2024,Q2,2023Q4,WDC,srt:StatementGeographicalAxis,wdc:EuropeMiddleEastAndAfricaMember,revenue,529000000.0,USD,RevenueFromContractWithCustomerExcludingAssessedTax,reported,0000106040-25-000008,10-Q,2025-01-31,https://www.sec.gov/Archives/edgar/data/106040/000010604025000008/wdc-20241227_htm.xml
2023-12-30,2024-03-29,2024,Q3,2024Q1,WDC,srt:StatementGeographicalAxis,wdc:EuropeMiddleEastAndAfricaMember,revenue,270000000.0,USD,RevenueFromContractWithCustomerExcludingAssessedTax,reported,0000106040-25-000026,10-Q,2025-05-02,https://www.sec.gov/Archives/edgar/data/106040/000010604025000026/wdc-20250328_htm.xml
2024-06-29,2024-09-27,2025,Q1,2024Q3,WDC,srt:StatementGeographicalAxis,wdc:EuropeMiddleEastAndAfricaMember,revenue,279000000.0,USD,RevenueFromContractWithCustomerExcludingAssessedTax,reported,0001628280-25-047613,10-Q,2025-10-31,https://www.sec.gov/Archives/edgar/data/106040/000162828025047613/wdc-20251003_htm.xml
2024-09-28,2024-12-27,2025,Q2,2024Q4,WDC,srt:StatementGeographicalAxis,wdc:EuropeMiddleEastAndAfricaMember,revenue,460000000.0,USD,RevenueFromContractWithCustomerExcludingAssessedTax,reported,0001628280-26-004207,10-Q,2026-01-30,https://www.sec.gov/Archives/edgar/data/106040/000162828026004207/wdc-20260102_htm.xml
2024-12-28,2025-03-28,2025,Q3,2025Q1,WDC,srt:StatementGeographicalAxis,wdc:EuropeMiddleEastAndAfricaMember,revenue,359000000.0,USD,RevenueFromContractWithCustomerExcludingAssessedTax,reported,0001628280-26-029054,10-Q,2026-05-01,https://www.sec.gov/Archives/edgar/data/106040/000162828026029054/wdc-20260403_htm.xml
2025-06-28,2025-10-03,2026,Q1,2025Q3,WDC,srt:StatementGeographicalAxis,wdc:EuropeMiddleEastAndAfricaMember,revenue,543000000.0,USD,RevenueFromContractWithCustomerExcludingAssessedTax,reported,0001628280-25-047613,10-Q,2025-10-31,https://www.sec.gov/Archives/edgar/data/106040/000162828025047613/wdc-20251003_htm.xml
2025-10-04,2026-01-02,2026,Q2,2025Q4,WDC,srt:StatementGeographicalAxis,wdc:EuropeMiddleEastAndAfricaMember,revenue,609000000.0,USD,RevenueFromContractWithCustomerExcludingAssessedTax,reported,0001628280-26-004207,10-Q,2026-01-30,https://www.sec.gov/Archives/edgar/data/106040/000162828026004207/wdc-20260102_htm.xml
2026-01-03,2026-04-03,2026,Q3,2026Q1,WDC,srt:StatementGeographicalAxis,wdc:EuropeMiddleEastAndAfricaMember,revenue,518000000.0,USD,RevenueFromContractWithCustomerExcludingAssessedTax,reported,0001628280-26-029054,10-Q,2026-05-01,https://www.sec.gov/Archives/edgar/data/106040/000162828026029054/wdc-20260403_htm.xml
2020-07-04,2020-10-02,2021,Q1,2020Q3,WDC,us-gaap:StatementBusinessSegmentsAxis,wdc:FlashSegmentMember,revenue,2078000000.0,USD,RevenueFromContractWithCustomerExcludingAssessedTax,reported,0000106040-21-000053,10-Q,2021-11-04,https://www.sec.gov/Archives/edgar/data/106040/000010604021000053/wdc-20211001_htm.xml
2020-10-03,2021-01-01,2021,Q2,2020Q4,WDC,us-gaap:StatementBusinessSegmentsAxis,wdc:FlashSegmentMember,revenue,2034000000.0,USD,RevenueFromContractWithCustomerExcludingAssessedTax,reported,0000106040-22-000018,10-Q,2022-02-03,https://www.sec.gov/Archives/edgar/data/106040/000010604022000018/wdc-20211231_htm.xml
2021-01-02,2021-04-02,2021,Q3,2021Q1,WDC,us-gaap:StatementBusinessSegmentsAxis,wdc:FlashSegmentMember,revenue,2175000000.0,USD,RevenueFromContractWithCustomerExcludingAssessedTax,reported,0000106040-22-000040,10-Q,2022-05-04,https://www.sec.gov/Archives/edgar/data/106040/000010604022000040/wdc-20220401_htm.xml
2021-04-03,2021-07-02,2021,Q4,2021Q2,WDC,us-gaap:StatementBusinessSegmentsAxis,wdc:FlashSegmentMember,revenue,2419000000.0,USD,RevenueFromContractWithCustomerExcludingAssessedTax,ytd_diff,0000106040-23-000024,10-K,2023-08-22,https://www.sec.gov/Archives/edgar/data/106040/000010604023000024/wdc-20230630_htm.xml
2021-07-03,2021-10-01,2022,Q1,2021Q3,WDC,us-gaap:StatementBusinessSegmentsAxis,wdc:FlashSegmentMember,revenue,2490000000.0,USD,RevenueFromContractWithCustomerExcludingAssessedTax,reported,0000106040-22-000065,10-Q,2022-11-02,https://www.sec.gov/Archives/edgar/data/106040/000010604022000065/wdc-20220930_htm.xml
2021-10-02,2021-12-31,2022,Q2,2021Q4,WDC,us-gaap:StatementBusinessSegmentsAxis,wdc:FlashSegmentMember,revenue,2620000000.0,USD,RevenueFromContractWithCustomerExcludingAssessedTax,reported,0000106040-23-000010,10-Q,2023-02-03,https://www.sec.gov/Archives/edgar/data/106040/000010604023000010/wdc-20221230_htm.xml
2022-01-01,2022-04-01,2022,Q3,2022Q1,WDC,us-gaap:StatementBusinessSegmentsAxis,wdc:FlashSegmentMember,revenue,2243000000.0,USD,RevenueFromContractWithCustomerExcludingAssessedTax,reported,0000106040-23-000017,10-Q,2023-05-10,https://www.sec.gov/Archives/edgar/data/106040/000010604023000017/wdc-20230331_htm.xml
2022-04-02,2022-07-01,2022,Q4,2022Q2,WDC,us-gaap:StatementBusinessSegmentsAxis,wdc:FlashSegmentMember,revenue,2400000000.0,USD,RevenueFromContractWithCustomerExcludingAssessedTax,ytd_diff,0000106040-24-000031,10-K,2024-08-20,https://www.sec.gov/Archives/edgar/data/106040/000010604024000031/wdc-20240628_htm.xml
2022-07-02,2022-09-30,2023,Q1,2022Q3,WDC,us-gaap:StatementBusinessSegmentsAxis,wdc:FlashSegmentMember,revenue,1722000000.0,USD,RevenueFromContractWithCustomerExcludingAssessedTax,reported,0000106040-23-000034,10-Q,2023-11-07,https://www.sec.gov/Archives/edgar/data/106040/000010604023000034/wdc-20230929_htm.xml
2022-10-01,2022-12-30,2023,Q2,2022Q4,WDC,us-gaap:StatementBusinessSegmentsAxis,wdc:FlashSegmentMember,revenue,1657000000.0,USD,RevenueFromContractWithCustomerExcludingAssessedTax,reported,0000106040-24-000014,10-Q,2024-02-12,https://www.sec.gov/Archives/edgar/data/106040/000010604024000014/wdc-20231229_htm.xml
2022-12-31,2023-03-31,2023,Q3,2023Q1,WDC,us-gaap:StatementBusinessSegmentsAxis,wdc:FlashSegmentMember,revenue,1307000000.0,USD,RevenueFromContractWithCustomerExcludingAssessedTax,reported,0000106040-24-000022,10-Q,2024-04-30,https://www.sec.gov/Archives/edgar/data/106040/000010604024000022/wdc-20240329_htm.xml
2023-04-01,2023-06-30,2023,Q4,2023Q2,WDC,us-gaap:StatementBusinessSegmentsAxis,wdc:FlashSegmentMember,revenue,1377000000.0,USD,RevenueFromContractWithCustomerExcludingAssessedTax,ytd_diff,0000106040-24-000031,10-K,2024-08-20,https://www.sec.gov/Archives/edgar/data/106040/000010604024000031/wdc-20240628_htm.xml
2023-07-01,2023-09-29,2024,Q1,2023Q3,WDC,us-gaap:StatementBusinessSegmentsAxis,wdc:FlashSegmentMember,revenue,1556000000.0,USD,RevenueFromContractWithCustomerExcludingAssessedTax,reported,0000106040-24-000040,10-Q,2024-10-31,https://www.sec.gov/Archives/edgar/data/106040/000010604024000040/wdc-20240927_htm.xml
2023-09-30,2023-12-29,2024,Q2,2023Q4,WDC,us-gaap:StatementBusinessSegmentsAxis,wdc:FlashSegmentMember,revenue,1665000000.0,USD,RevenueFromContractWithCustomerExcludingAssessedTax,reported,0000106040-25-000008,10-Q,2025-01-31,https://www.sec.gov/Archives/edgar/data/106040/000010604025000008/wdc-20241227_htm.xml
2023-12-30,2024-03-29,2024,Q3,2024Q1,WDC,us-gaap:StatementBusinessSegmentsAxis,wdc:FlashSegmentMember,revenue,1705000000.0,USD,RevenueFromContractWithCustomerExcludingAssessedTax,reported,0000106040-24-000022,10-Q,2024-04-30,https://www.sec.gov/Archives/edgar/data/106040/000010604024000022/wdc-20240329_htm.xml
2024-03-30,2024-06-28,2024,Q4,2024Q2,WDC,us-gaap:StatementBusinessSegmentsAxis,wdc:FlashSegmentMember,revenue,1761000000.0,USD,RevenueFromContractWithCustomerExcludingAssessedTax,ytd_diff,0000106040-24-000031,10-K,2024-08-20,https://www.sec.gov/Archives/edgar/data/106040/000010604024000031/wdc-20240628_htm.xml
2024-06-29,2024-09-27,2025,Q1,2024Q3,WDC,us-gaap:StatementBusinessSegmentsAxis,wdc:FlashSegmentMember,revenue,1884000000.0,USD,RevenueFromContractWithCustomerExcludingAssessedTax,reported,0000106040-24-000040,10-Q,2024-10-31,https://www.sec.gov/Archives/edgar/data/106040/000010604024000040/wdc-20240927_htm.xml
2024-09-28,2024-12-27,2025,Q2,2024Q4,WDC,us-gaap:StatementBusinessSegmentsAxis,wdc:FlashSegmentMember,revenue,1876000000.0,USD,RevenueFromContractWithCustomerExcludingAssessedTax,reported,0000106040-25-000008,10-Q,2025-01-31,https://www.sec.gov/Archives/edgar/data/106040/000010604025000008/wdc-20241227_htm.xml
2020-07-04,2020-10-02,2021,Q1,2020Q3,WDC,us-gaap:StatementBusinessSegmentsAxis,wdc:HDDMember,revenue,1844000000.0,USD,RevenueFromContractWithCustomerExcludingAssessedTax,reported,0000106040-21-000053,10-Q,2021-11-04,https://www.sec.gov/Archives/edgar/data/106040/000010604021000053/wdc-20211001_htm.xml
2020-10-03,2021-01-01,2021,Q2,2020Q4,WDC,us-gaap:StatementBusinessSegmentsAxis,wdc:HDDMember,revenue,1909000000.0,USD,RevenueFromContractWithCustomerExcludingAssessedTax,reported,0000106040-22-000018,10-Q,2022-02-03,https://www.sec.gov/Archives/edgar/data/106040/000010604022000018/wdc-20211231_htm.xml
2021-01-02,2021-04-02,2021,Q3,2021Q1,WDC,us-gaap:StatementBusinessSegmentsAxis,wdc:HDDMember,revenue,1962000000.0,USD,RevenueFromContractWithCustomerExcludingAssessedTax,reported,0000106040-22-000040,10-Q,2022-05-04,https://www.sec.gov/Archives/edgar/data/106040/000010604022000040/wdc-20220401_htm.xml
2021-04-03,2021-07-02,2021,Q4,2021Q2,WDC,us-gaap:StatementBusinessSegmentsAxis,wdc:HDDMember,revenue,2501000000.0,USD,RevenueFromContractWithCustomerExcludingAssessedTax,ytd_diff,0000106040-23-000024,10-K,2023-08-22,https://www.sec.gov/Archives/edgar/data/106040/000010604023000024/wdc-20230630_htm.xml
2021-07-03,2021-10-01,2022,Q1,2021Q3,WDC,us-gaap:StatementBusinessSegmentsAxis,wdc:HDDMember,revenue,2561000000.0,USD,RevenueFromContractWithCustomerExcludingAssessedTax,reported,0000106040-22-000065,10-Q,2022-11-02,https://www.sec.gov/Archives/edgar/data/106040/000010604022000065/wdc-20220930_htm.xml
2021-10-02,2021-12-31,2022,Q2,2021Q4,WDC,us-gaap:StatementBusinessSegmentsAxis,wdc:HDDMember,revenue,2213000000.0,USD,RevenueFromContractWithCustomerExcludingAssessedTax,reported,0000106040-23-000010,10-Q,2023-02-03,https://www.sec.gov/Archives/edgar/data/106040/000010604023000010/wdc-20221230_htm.xml
2022-01-01,2022-04-01,2022,Q3,2022Q1,WDC,us-gaap:StatementBusinessSegmentsAxis,wdc:HDDMember,revenue,2138000000.0,USD,RevenueFromContractWithCustomerExcludingAssessedTax,reported,0000106040-23-000017,10-Q,2023-05-10,https://www.sec.gov/Archives/edgar/data/106040/000010604023000017/wdc-20230331_htm.xml
2022-04-02,2022-07-01,2022,Q4,2022Q2,WDC,us-gaap:StatementBusinessSegmentsAxis,wdc:HDDMember,revenue,2128000000.0,USD,RevenueFromContractWithCustomerExcludingAssessedTax,ytd_diff,0000106040-24-000031,10-K,2024-08-20,https://www.sec.gov/Archives/edgar/data/106040/000010604024000031/wdc-20240628_htm.xml
2022-07-02,2022-09-30,2023,Q1,2022Q3,WDC,us-gaap:StatementBusinessSegmentsAxis,wdc:HDDMember,revenue,2014000000.0,USD,RevenueFromContractWithCustomerExcludingAssessedTax,reported,0000106040-23-000034,10-Q,2023-11-07,https://www.sec.gov/Archives/edgar/data/106040/000010604023000034/wdc-20230929_htm.xml
2022-10-01,2022-12-30,2023,Q2,2022Q4,WDC,us-gaap:StatementBusinessSegmentsAxis,wdc:HDDMember,revenue,1450000000.0,USD,RevenueFromContractWithCustomerExcludingAssessedTax,reported,0000106040-24-000014,10-Q,2024-02-12,https://www.sec.gov/Archives/edgar/data/106040/000010604024000014/wdc-20231229_htm.xml
2022-12-31,2023-03-31,2023,Q3,2023Q1,WDC,us-gaap:StatementBusinessSegmentsAxis,wdc:HDDMember,revenue,1496000000.0,USD,RevenueFromContractWithCustomerExcludingAssessedTax,reported,0000106040-24-000022,10-Q,2024-04-30,https://www.sec.gov/Archives/edgar/data/106040/000010604024000022/wdc-20240329_htm.xml
2023-04-01,2023-06-30,2023,Q4,2023Q2,WDC,us-gaap:StatementBusinessSegmentsAxis,wdc:HDDMember,revenue,1295000000.0,USD,RevenueFromContractWithCustomerExcludingAssessedTax,ytd_diff,0000106040-25-000038,10-K,2025-08-14,https://www.sec.gov/Archives/edgar/data/106040/000010604025000038/wdc-20250627_htm.xml
2023-07-01,2023-09-29,2024,Q1,2023Q3,WDC,us-gaap:StatementBusinessSegmentsAxis,wdc:HDDMember,revenue,1194000000.0,USD,RevenueFromContractWithCustomerExcludingAssessedTax,reported,0000106040-24-000040,10-Q,2024-10-31,https://www.sec.gov/Archives/edgar/data/106040/000010604024000040/wdc-20240927_htm.xml
2023-09-30,2023-12-29,2024,Q2,2023Q4,WDC,us-gaap:StatementBusinessSegmentsAxis,wdc:HDDMember,revenue,1367000000.0,USD,RevenueFromContractWithCustomerExcludingAssessedTax,reported,0000106040-25-000008,10-Q,2025-01-31,https://www.sec.gov/Archives/edgar/data/106040/000010604025000008/wdc-20241227_htm.xml
2023-12-30,2024-03-29,2024,Q3,2024Q1,WDC,us-gaap:StatementBusinessSegmentsAxis,wdc:HDDMember,revenue,1752000000.0,USD,RevenueFromContractWithCustomerExcludingAssessedTax,reported,0000106040-24-000022,10-Q,2024-04-30,https://www.sec.gov/Archives/edgar/data/106040/000010604024000022/wdc-20240329_htm.xml
2024-03-30,2024-06-28,2024,Q4,2024Q2,WDC,us-gaap:StatementBusinessSegmentsAxis,wdc:HDDMember,revenue,2004000000.0,USD,RevenueFromContractWithCustomerExcludingAssessedTax,ytd_diff,0001628280-26-057139,10-K,2026-08-14,https://www.sec.gov/Archives/edgar/data/106040/000162828026057139/wdc-20260703_htm.xml
2024-06-29,2024-09-27,2025,Q1,2024Q3,WDC,us-gaap:StatementBusinessSegmentsAxis,wdc:HDDMember,revenue,2212000000.0,USD,RevenueFromContractWithCustomerExcludingAssessedTax,reported,0001628280-25-047613,10-Q,2025-10-31,https://www.sec.gov/Archives/edgar/data/106040/000162828025047613/wdc-20251003_htm.xml
2024-09-28,2024-12-27,2025,Q2,2024Q4,WDC,us-gaap:StatementBusinessSegmentsAxis,wdc:HDDMember,revenue,2409000000.0,USD,RevenueFromContractWithCustomerExcludingAssessedTax,reported,0001628280-26-004207,10-Q,2026-01-30,https://www.sec.gov/Archives/edgar/data/106040/000162828026004207/wdc-20260102_htm.xml
2024-12-28,2025-03-28,2025,Q3,2025Q1,WDC,us-gaap:StatementBusinessSegmentsAxis,wdc:HDDMember,revenue,2294000000.0,USD,RevenueFromContractWithCustomerExcludingAssessedTax,reported,0001628280-26-029054,10-Q,2026-05-01,https://www.sec.gov/Archives/edgar/data/106040/000162828026029054/wdc-20260403_htm.xml
2025-03-29,2025-06-27,2025,Q4,2025Q2,WDC,us-gaap:StatementBusinessSegmentsAxis,wdc:HDDMember,revenue,2605000000.0,USD,RevenueFromContractWithCustomerExcludingAssessedTax,ytd_diff,0001628280-26-057139,10-K,2026-08-14,https://www.sec.gov/Archives/edgar/data/106040/000162828026057139/wdc-20260703_htm.xml
2025-06-28,2025-10-03,2026,Q1,2025Q3,WDC,us-gaap:StatementBusinessSegmentsAxis,wdc:HDDMember,revenue,2818000000.0,USD,RevenueFromContractWithCustomerExcludingAssessedTax,reported,0001628280-25-047613,10-Q,2025-10-31,https://www.sec.gov/Archives/edgar/data/106040/000162828025047613/wdc-20251003_htm.xml
2025-10-04,2026-01-02,2026,Q2,2025Q4,WDC,us-gaap:StatementBusinessSegmentsAxis,wdc:HDDMember,revenue,3017000000.0,USD,RevenueFromContractWithCustomerExcludingAssessedTax,reported,0001628280-26-004207,10-Q,2026-01-30,https://www.sec.gov/Archives/edgar/data/106040/000162828026004207/wdc-20260102_htm.xml
2026-01-03,2026-04-03,2026,Q3,2026Q1,WDC,us-gaap:StatementBusinessSegmentsAxis,wdc:HDDMember,revenue,3337000000.0,USD,RevenueFromContractWithCustomerExcludingAssessedTax,reported,0001628280-26-029054,10-Q,2026-05-01,https://www.sec.gov/Archives/edgar/data/106040/000162828026029054/wdc-20260403_htm.xml
2026-04-04,2026-07-03,2026,Q4,2026Q2,WDC,us-gaap:StatementBusinessSegmentsAxis,wdc:HDDMember,revenue,3747000000.0,USD,RevenueFromContractWithCustomerExcludingAssessedTax,ytd_diff,0001628280-26-057139,10-K,2026-08-14,https://www.sec.gov/Archives/edgar/data/106040/000162828026057139/wdc-20260703_htm.xml
