date,date_precision,decimal_year_listed,series,price,unit,currency,usd_per_mb_recomputed,size_mb,item_cost_usd,description,seller,reference,url_of_snapshot,cost_column_mismatch
1956-06-01,month(from decimal year),1956.45,disk,9200.0,USD per MB (nominal),USD,9200.0,3.75,34500.0,"IBM | 350-1 | 24"" | single head",IBM see Wikipedia,Phister 369,http://web.archive.org/web/20250614051021/http://jcmit.net/diskprice.htm,False
1959-06-01,month(from decimal year),1959.45,disk,7600.0,USD per MB (nominal),USD,7600.0,7.5,57000.0,"IBM | 350-3 | 24"" | single head",IBM see Wikipedia comments,Phister 369,http://web.archive.org/web/20250614051021/http://jcmit.net/diskprice.htm,False
1960-01-01,year,1960.00,disk,3600.0,USD per MB (nominal),USD,3600.0,10.0,36000.0,"IBM | 1405-1 | 24"" | single head",IBM,Phister 67,http://web.archive.org/web/20250614051021/http://jcmit.net/diskprice.htm,False
1964-01-01,year,1964.00,disk,3518.62,USD per MB (nominal),USD,3518.6206896551726,7.25,25510.0,"IBM | 2311-1 | 14"" | removeable",IBM,Phister 67,http://web.archive.org/web/20250614051021/http://jcmit.net/diskprice.htm,False
1966-01-01,year,1966.00,disk,1047.26,USD per MB (nominal),USD,1047.2648752399232,29.176,30555.0,"IBM | 2314 | 14"" | pack 20 surface",IBM,Phister 67,http://web.archive.org/web/20250614051021/http://jcmit.net/diskprice.htm,False
1970-01-01,year,1970.00,disk,259.7,USD per MB (nominal),USD,259.7,100.0,25970.0,"IBM | 3330-1 | 14"" | improved",IBM,Phister 67,http://web.archive.org/web/20250614051021/http://jcmit.net/diskprice.htm,False
1973-01-01,month,1973.00,disk,2550.0,USD per MB (nominal),USD,2550.0,2.4,6120.0,RK05 | cartridge,DEC PDP8/e End User Price List,DEC,http://web.archive.org/web/20250614051021/http://jcmit.net/diskprice.htm,False
1974-01-01,year,1974.00,disk,185.0,USD per MB (nominal),USD,185.0,200.0,37000.0,"IBM | 3330-II | 14"" | further improved",IBM,Phister 67,http://web.archive.org/web/20250614051021/http://jcmit.net/diskprice.htm,False
1975-01-01,year,1975.00,disk,11377.78,USD per MB (nominal),USD,11376.564277588168,0.0879,1000.0,"Shugart | 90K | 3.5""FH | floppy",North Star,?,http://web.archive.org/web/20250614051021/http://jcmit.net/diskprice.htm,False
1979-01-01,month,1979.00,disk,3009.42,USD per MB (nominal),USD,3009.10125142207,0.1758,529.0,180K | floppy,,I.A. 124,http://web.archive.org/web/20250614051021/http://jcmit.net/diskprice.htm,False
1980-01-01,month,1980.00,disk,3488.63,USD per MB (nominal),USD,3488.9558232931727,0.1992,695.0,204K | floppy,,I.A. 123,http://web.archive.org/web/20250614051021/http://jcmit.net/diskprice.htm,False
1981-01-01,month,1981.00,disk,1020.83,USD per MB (nominal),USD,1020.8333333333334,1.2,1225.0,"Lobo | 2x8"" FD | 8"" | floppy",,I.A. 141,http://web.archive.org/web/20250614051021/http://jcmit.net/diskprice.htm,False
1982-01-01,month,1982.00,disk,289.21,USD per MB (nominal),USD,289.2105263157895,19.0,5495.0,2x9.5MB | HD,,I.A. 139,http://web.archive.org/web/20250614051021/http://jcmit.net/diskprice.htm,False
1983-01-01,month,1983.00,disk,319.0,USD per MB (nominal),USD,319.0,5.0,1595.0,5MD HD | HD,,I.A. 153,http://web.archive.org/web/20250614051021/http://jcmit.net/diskprice.htm,False
1984-01-01,month,1984.00,disk,566.04,USD per MB (nominal),USD,566.0645711847533,0.7031,398.0,"720K | 3.5""FH | floppy",,I.A. 163,http://web.archive.org/web/20250614051021/http://jcmit.net/diskprice.htm,False
1985-01-01,month,1985.00,disk,31.39,USD per MB (nominal),USD,31.392857142857142,140.0,4395.0,? | HD,,BYTE 476,http://web.archive.org/web/20250614051021/http://jcmit.net/diskprice.htm,False
1986-01-01,month,1986.00,disk,24.45,USD per MB (nominal),USD,24.45,20.0,489.0,? | HD,,BYTE 450,http://web.archive.org/web/20250614051021/http://jcmit.net/diskprice.htm,False
1987-01-01,month,1987.00,disk,14.97,USD per MB (nominal),USD,14.966666666666667,30.0,449.0,? | HD,,BYTE 409,http://web.archive.org/web/20250614051021/http://jcmit.net/diskprice.htm,False
1988-01-01,month,1988.00,disk,9.97,USD per MB (nominal),USD,9.966666666666667,30.0,299.0,"Seagate | ST-238 | 5.25""HH | RLL",JDR,BYTE 334,http://web.archive.org/web/20250614051021/http://jcmit.net/diskprice.htm,False
1989-01-01,month,1989.00,disk,7.48,USD per MB (nominal),USD,7.483333333333333,60.0,449.0,"Seagate | ST-277 | 5.25""HH | RLL",JDR,BYTE 431,http://web.archive.org/web/20250614051021/http://jcmit.net/diskprice.htm,False
1990-01-01,month,1990.00,disk,5.28,USD per MB (nominal),USD,5.279411764705882,340.0,1795.0,Miniscribe | M9380E,JDR,BYTE 393,http://web.archive.org/web/20250614051021/http://jcmit.net/diskprice.htm,False
1990-03-01,month,1990.17,disk,4.08,USD per MB (nominal),USD,4.083333333333333,660.0,2695.0,Micropolis | MC1568,,BYTE 335,http://web.archive.org/web/20250614051021/http://jcmit.net/diskprice.htm,False
1990-07-01,month,1990.50,disk,3.27,USD per MB (nominal),USD,3.269230769230769,702.0,2295.0,Imprimis,Compusave,BYTE 327,http://web.archive.org/web/20250614051021/http://jcmit.net/diskprice.htm,False
1990-10-01,month,1990.75,disk,5.22,USD per MB (nominal),USD,5.2153846153846155,65.0,339.0,Seagate | ST227R-1 | RLL,Nevada,BYTE 350,http://web.archive.org/web/20250614051021/http://jcmit.net/diskprice.htm,False
1991-01-01,month,1991.00,disk,4.25,USD per MB (nominal),USD,4.245,200.0,849.0,Connor,Nevada,BYTE 392,http://web.archive.org/web/20250614051021/http://jcmit.net/diskprice.htm,False
1991-03-01,month,1991.17,disk,3.07,USD per MB (nominal),USD,3.0676923076923077,650.0,1994.0,Maxtor | 8760E | ESDI ?,TP Enterprise,BYTE 357,http://web.archive.org/web/20250614051021/http://jcmit.net/diskprice.htm,False
1991-07-01,month,1991.50,disk,2.8,USD per MB (nominal),USD,2.8032544378698225,676.0,1895.0,Maxtor | XT8760E,Computerlane,BYTE 321,http://web.archive.org/web/20250614051021/http://jcmit.net/diskprice.htm,False
1991-10-01,month,1991.75,disk,2.79,USD per MB (nominal),USD,2.792,125.0,349.0,Seagate | ST1144A | IDE,Nevada,BYTE 305,http://web.archive.org/web/20250614051021/http://jcmit.net/diskprice.htm,False
1992-01-01,month,1992.00,disk,1.96,USD per MB (nominal),USD,1.9558823529411764,1020.0,1995.0,Maxtor,Microline,BYTE 370,http://web.archive.org/web/20250614051021/http://jcmit.net/diskprice.htm,False
1992-03-01,month,1992.17,disk,1.96,USD per MB (nominal),USD,1.9558823529411764,1020.0,1995.0,Maxtor | SCSI,Microline,BYTE 335,http://web.archive.org/web/20250614051021/http://jcmit.net/diskprice.htm,False
1992-07-01,month,1992.50,disk,1.62,USD per MB (nominal),USD,1.6241666666666668,1200.0,1949.0,Seagate | WREN,APS Technology,BYTE 343,http://web.archive.org/web/20250614051021/http://jcmit.net/diskprice.htm,False
1992-10-01,month,1992.75,disk,1.4,USD per MB (nominal),USD,1.3995,2000.0,2799.0,Fujitsu,APS Technology,BYTE 297,http://web.archive.org/web/20250614051021/http://jcmit.net/diskprice.htm,False
1993-01-01,month,1993.00,disk,1.33,USD per MB (nominal),USD,1.3325925925925926,1350.0,1799.0,Micropolis MC1528-15 | MC1528-15,Hard Drives International,BYTE 295,http://web.archive.org/web/20250614051021/http://jcmit.net/diskprice.htm,False
1993-03-01,month,1993.17,disk,1.15,USD per MB (nominal),USD,1.1526666666666667,1500.0,1729.0,Maxtor | MX1175 | SCSI,Nevada,BYTE 221,http://web.archive.org/web/20250614051021/http://jcmit.net/diskprice.htm,False
1993-07-01,month,1993.50,disk,0.973,USD per MB (nominal),USD,0.9726666666666667,1500.0,1459.0,Maxtor | P117 | SCSI,Worldwide,BYTE 254,http://web.archive.org/web/20250614051021/http://jcmit.net/diskprice.htm,False
1993-10-01,month,1993.75,disk,0.718,USD per MB (nominal),USD,0.7177777777777777,1350.0,969.0,Micropolis | MC1528 | SCSI,Worldwide,BYTE 250,http://web.archive.org/web/20250614051021/http://jcmit.net/diskprice.htm,False
1994-01-01,month,1994.00,disk,0.579,USD per MB (nominal),USD,0.579,2000.0,1158.0,DEC | DSP5200 | SCSI,SAG Electronics,BYTE 273,http://web.archive.org/web/20250614051021/http://jcmit.net/diskprice.htm,False
1994-03-01,month,1994.17,disk,0.657,USD per MB (nominal),USD,0.6572727272727272,3300.0,2169.0,Micropolis | MC1936 | SCSI,CompDiscW,BYTE 235,http://web.archive.org/web/20250614051021/http://jcmit.net/diskprice.htm,False
1994-07-01,month,1994.50,disk,0.536,USD per MB (nominal),USD,0.5355555555555556,1800.0,964.0,Quantum | PD1088S | 3.5 | SCSI,SAG Electronics,BYTE 240,http://web.archive.org/web/20250614051021/http://jcmit.net/diskprice.htm,False
1994-10-01,month,1994.75,disk,0.433,USD per MB (nominal),USD,0.43322222222222223,9000.0,3899.0,Seagate | ST410800N | 5.25 | SCSI,JDR,BYTE 261,http://web.archive.org/web/20250614051021/http://jcmit.net/diskprice.htm,False
1995-01-01,month,1995.00,disk,0.267,USD per MB (nominal),USD,0.26655555555555555,9000.0,2399.0,Seagate | ST410800N | 5.25 | SCSI,JDR,BYTE 275,http://web.archive.org/web/20250614051021/http://jcmit.net/diskprice.htm,False
1995-03-01,month,1995.17,disk,0.339,USD per MB (nominal),USD,0.3392857142857143,4200.0,1425.0,Conner | CFP4207S | 3.5 | SCSI,WorldWide Technologies,BYTE 224,http://web.archive.org/web/20250614051021/http://jcmit.net/diskprice.htm,False
1995-07-01,month,1995.50,disk,0.248,USD per MB (nominal),USD,0.24824175824175823,9100.0,2259.0,Micropolis | MC191AV | 5.25 | SCSI,WorldWide Technologies,BYTE 218,http://web.archive.org/web/20250614051021/http://jcmit.net/diskprice.htm,False
1995-10-01,month,1995.75,disk,0.214,USD per MB (nominal),USD,0.21384615384615385,1300.0,278.0,Conner | CP1275 | 3.5 | IDE,WorldWide Technologies,BYTE 216,http://web.archive.org/web/20250614051021/http://jcmit.net/diskprice.htm,False
1996-01-01,month,1996.00,disk,0.204,USD per MB (nominal),USD,0.20393700787401575,1270.0,259.0,Samsung | SA31274A | 3.5 | IDE,WorldWide Technologies,BYTE 184,http://web.archive.org/web/20250614051021/http://jcmit.net/diskprice.htm,False
1996-03-01,month,1996.17,disk,0.192,USD per MB (nominal),USD,0.19153846153846155,1300.0,249.0,Conner | CFS1275 | 3.5 | IDE,WorldWide Technologies,BYTE 183,http://web.archive.org/web/20250614051021/http://jcmit.net/diskprice.htm,False
1996-07-01,month,1996.50,disk,0.128,USD per MB (nominal),USD,0.1276,2500.0,319.0,Quantum | BF2500A | 5.25 | IDE,MegaHaus,BYTE 189,http://web.archive.org/web/20250614051021/http://jcmit.net/diskprice.htm,False
1996-10-01,month,1996.75,disk,0.138,USD per MB (nominal),USD,0.138,2000.0,276.0,Maxtor | 2.0GB | 3.5 | IDE,LA Trade,BYTE 177,http://web.archive.org/web/20250614051021/http://jcmit.net/diskprice.htm,False
1997-01-01,month,1997.00,disk,0.138,USD per MB (nominal),USD,0.138,2000.0,276.0,Maxtor | 2.0GB | 3.5 | IDE,LA Trade,BYTE 156,http://web.archive.org/web/20250614051021/http://jcmit.net/diskprice.htm,False
1997-03-01,month,1997.17,disk,0.113,USD per MB (nominal),USD,0.11258064516129032,3100.0,349.0,Western Digital | 3.1GB | 3.5 | IDE,LA Trade,BYTE 158,http://web.archive.org/web/20250614051021/http://jcmit.net/diskprice.htm,False
1997-07-01,month,1997.50,disk,0.0567,USD per MB (nominal),USD,0.05668202764976959,6510.0,369.0,Quantum | BF6510A | 5.25 | IDE,DirtCheapDrives,Pcmag 384,http://web.archive.org/web/20250614051021/http://jcmit.net/diskprice.htm,False
1997-10-21,day,1997.75,disk,0.0484,USD per MB (nominal),USD,0.04838709677419355,6510.0,315.0,Quantum | BF6510A | 5.25 | IDE,DirtCheapDrives,Pcmag 309,http://web.archive.org/web/20250614051021/http://jcmit.net/diskprice.htm,False
1998-01-06,day,1998.00,disk,0.0353,USD per MB (nominal),USD,0.03525215660252157,12056.0,425.0,Quantum | BF1200A | 5.25 | IDE,MegaHaus,Pcmag 291,http://web.archive.org/web/20250614051021/http://jcmit.net/diskprice.htm,False
1998-03-24,day,1998.20,disk,0.0298,USD per MB (nominal),USD,0.02977770404777704,12056.0,359.0,Quantum | BF1200A | 5.25 | IDE,MegaHaus,Pcmag 288,http://web.archive.org/web/20250614051021/http://jcmit.net/diskprice.htm,False
1998-06-30,day,1998.45,disk,0.029,USD per MB (nominal),USD,0.028948241539482417,12056.0,349.0,Quantum | BF1200A | 5.25 | IDE,PC Mall,Pcmag 279,http://web.archive.org/web/20250614051021/http://jcmit.net/diskprice.htm,False
1998-10-30,day,1998.75,disk,0.0248,USD per MB (nominal),USD,0.02484375,6400.0,159.0,Samsung | 6.4GB | 3.5 | IDE,Micro Outlet,Pcmag 288,http://web.archive.org/web/20250614051021/http://jcmit.net/diskprice.htm,False
1999-02-09,day,1999.09,disk,0.0226,USD per MB (nominal),USD,0.022617857142857144,16800.0,379.98,IBM | 16.8GB | 3.5 | IDE - Ultra DMA,PC Zone,Pcmag 243,http://web.archive.org/web/20250614051021/http://jcmit.net/diskprice.htm,False
1999-03-23,day,1999.17,disk,0.0187,USD per MB (nominal),USD,0.018700735294117646,13600.0,254.33,Maxtor | 13.6GB | 3.5 | IDE,firstsource.com,Pcmag 218,http://web.archive.org/web/20250614051021/http://jcmit.net/diskprice.htm,False
1999-07-01,month,1999.50,disk,0.011,USD per MB (nominal),USD,0.010999473684210526,19000.0,208.99,Quantum | 19GB Bigfoot | 5.25 | IDE,TigerDirect.com,Pcmag 323,http://web.archive.org/web/20250614051021/http://jcmit.net/diskprice.htm,False
1999-10-05,day,1999.75,disk,0.0102,USD per MB (nominal),USD,0.010174418604651164,17200.0,175.0,Seagate | ST317242A | 3.5 | IDE,DirtCheapDrives,Pcmag 248,http://web.archive.org/web/20250614051021/http://jcmit.net/diskprice.htm,False
1999-10-19,day,1999.75,disk,,USD per MB (nominal),USD,0.04816666666666667,6000.0,289.0,n/a | laptop | 2.5 | IDE,Memory Liquidator,Pcmag 208,http://web.archive.org/web/20250614051021/http://jcmit.net/diskprice.htm,False
1999-12-01,day,1999.90,disk,0.0088,USD per MB (nominal),USD,0.008837209302325582,17200.0,152.0,Seagate | ST317242A | 3.5 | IDE,DirtCheapDrives,Pcmag 292,http://web.archive.org/web/20250614051021/http://jcmit.net/diskprice.htm,False
2000-01-18,day,2000.00,disk,,USD per MB (nominal),USD,0.014787234042553192,47000.0,695.0,Seagate | Elite 47GB | 5.25 | SCSI,Corporate Computer Centre,Pcmag 152,http://web.archive.org/web/20250614051021/http://jcmit.net/diskprice.htm,False
2000-03-21,day,2000.17,disk,,USD per MB (nominal),USD,0.04224,125000.0,5280.0,n/a | RAID 125GB | SCSI,Excel Corp,Pcmag 207,http://web.archive.org/web/20250614051021/http://jcmit.net/diskprice.htm,False
2000-05-09,day,2000.34,disk,0.007,USD per MB (nominal),USD,0.006975,40000.0,279.0,Maxtor | M94098U8 | 3.5 | IDE,DirtCheapDrives,Pcmag 232,http://web.archive.org/web/20250614051021/http://jcmit.net/diskprice.htm,False
2000-07-01,month,2000.50,disk,0.00585,USD per MB (nominal),USD,0.005846905537459283,61400.0,359.0,Maxtor | M96147U8 | 3.5 | IDE,DirtCheapDrives,Pcmag 211,http://web.archive.org/web/20250614051021/http://jcmit.net/diskprice.htm,False
2000-10-03,day,2000.75,disk,0.00407,USD per MB (nominal),USD,0.004071661237785016,30700.0,125.0,Maxtor | M33073U4 | 3.5 | IDE,DirtCheapDrives,Pcmag 208,http://web.archive.org/web/20250614051021/http://jcmit.net/diskprice.htm,False
2001-01-02,day,2001.00,disk,0.00385,USD per MB (nominal),USD,0.0038461538461538464,81900.0,315.0,Maxtor | M98196H8 | 3.5 | IDE,DirtCheapDrives,Pcmag 154,http://web.archive.org/web/20250614051021/http://jcmit.net/diskprice.htm,False
2001-03-06,day,2001.17,disk,0.0036,USD per MB (nominal),USD,0.003601953601953602,81900.0,295.0,Maxtor | M98196H8 | 3.5 | IDE,DirtCheapDrives,Pcmag 199,http://web.archive.org/web/20250614051021/http://jcmit.net/diskprice.htm,False
2001-07-01,month,2001.50,disk,0.00275,USD per MB (nominal),USD,0.00275,60000.0,165.0,Western Digital | WD600AB | 3.5 | IDE,DirtCheapDrives,Pcmag 190,http://web.archive.org/web/20250614051021/http://jcmit.net/diskprice.htm,False
2001-10-16,day,2001.75,disk,0.00259,USD per MB (nominal),USD,0.00259,100000.0,259.0,Maxtor | 4W10086 | 3.5 | IDE-ATA100,DirtCheapDrives,Pcmag 181,http://web.archive.org/web/20250614051021/http://jcmit.net/diskprice.htm,False
2002-02-12,day,2002.08,disk,0.00186,USD per MB (nominal),USD,0.0018625,160000.0,298.0,Maxtor | 4G160H8 | 3.5 | IDE-ATA100,DirtCheapDrives,Pcmag 127,http://web.archive.org/web/20250614051021/http://jcmit.net/diskprice.htm,False
2002-04-09,day,2002.25,disk,0.00174,USD per MB (nominal),USD,0.0017375,160000.0,278.0,Maxtor | 4G160J8 | 3.5 | IDE-ATA133,DirtCheapDrives,Pcmag 126,http://web.archive.org/web/20250614051021/http://jcmit.net/diskprice.htm,False
2002-05-07,day,2002.33,disk,0.00172,USD per MB (nominal),USD,0.00171875,160000.0,275.0,Maxtor | 4G160J8 | 3.5 | IDE-ATA133,DirtCheapDrives,Pcmag 122,http://web.archive.org/web/20250614051021/http://jcmit.net/diskprice.htm,False
2002-08-02,day,2002.58,disk,0.00166,USD per MB (nominal),USD,0.0016583333333333333,120000.0,199.0,3.5,Star Surplus,Pcmag 171,http://web.archive.org/web/20250614051021/http://jcmit.net/diskprice.htm,False
2002-10-01,day,2002.75,disk,0.00122,USD per MB (nominal),USD,0.0012166666666666667,120000.0,146.0,IBM | 07N9219 | 3.5 | IDE,HardDrive.com,Pcmag 146,http://web.archive.org/web/20250614051021/http://jcmit.net/diskprice.htm,False
2003-03-25,day,2003.17,disk,0.00131,USD per MB (nominal),USD,0.0013064713064713065,81900.0,107.0,Western Digital | 3.5 | Ultra ATA-100,NewEgg.com,Pcmag 95,http://web.archive.org/web/20250614051021/http://jcmit.net/diskprice.htm,False
2003-08-19,day,2003.58,disk,0.00112,USD per MB (nominal),USD,0.0011233211233211233,81900.0,92.0,Western Digital | 3.5 | IDE ATA-100,NewEgg.com,Pcmag 118,http://web.archive.org/web/20250614051021/http://jcmit.net/diskprice.htm,False
2003-10-01,day,2003.75,disk,0.00106,USD per MB (nominal),USD,0.0010622710622710623,81900.0,87.0,Western Digital | 3.5 | IDE ATA-100,NewEgg.com,Pcmag 114,http://web.archive.org/web/20250614051021/http://jcmit.net/diskprice.htm,False
2004-01-01,month,2004.00,disk,0.000925,USD per MB (nominal),USD,0.000925,120000.0,111.0,Seagate | Barracuda | 3.5 | SATA,NewEgg.com,Pcmag 143,http://web.archive.org/web/20250614051021/http://jcmit.net/diskprice.htm,False
2004-03-16,day,2004.17,disk,0.000744,USD per MB (nominal),USD,0.00074375,160000.0,119.0,Maxtor | 7200 rpm | 3.5 | SATA,NewEgg.com,Pcmag 115,http://web.archive.org/web/20250614051021/http://jcmit.net/diskprice.htm,False
2004-05-04,day,2004.33,disk,0.000825,USD per MB (nominal),USD,0.000825,120000.0,99.0,Seagate | ST3120026A | 3.5,NewEgg.com,Pcmag 19,http://web.archive.org/web/20250614051021/http://jcmit.net/diskprice.htm,False
2004-06-08,day,2004.42,disk,0.000879,USD per MB (nominal),USD,0.0008791208791208791,81900.0,72.0,Western Digital | 80GB 7200 rpm | 3.5,NewEgg.com,Pcmag 19,http://web.archive.org/web/20250614051021/http://jcmit.net/diskprice.htm,False
2004-07-01,month,2004.50,disk,0.000679,USD per MB (nominal),USD,0.0006793999999999999,200000.0,135.88,Seagate | 200GB | 3.5,PC Connect,Pcmag 44,http://web.archive.org/web/20250614051021/http://jcmit.net/diskprice.htm,False
2004-09-07,day,2004.67,disk,0.000609,USD per MB (nominal),USD,0.000609375,160000.0,97.5,Hitachi | 160GB 7200 rpm | 3.5 | SATA,NewEgg.com,Pcmag 45,http://web.archive.org/web/20250614051021/http://jcmit.net/diskprice.htm,False
2005-04-12,day,2005.25,disk,0.000876,USD per MB (nominal),USD,0.000876,250000.0,219.0,Maxtor | external 250GB | 3.5,NewEgg.com,Pcmag 24,http://web.archive.org/web/20250614051021/http://jcmit.net/diskprice.htm,False
2005-06-07,day,2005.42,disk,0.0005,USD per MB (nominal),USD,0.00049995,200000.0,99.99,"Western Digital | 200GB, 7200 rpm | 3.5 | Ultra ATA-100",TigerDirect,Pcmag 15,http://web.archive.org/web/20250614051021/http://jcmit.net/diskprice.htm,False
2005-11-08,day,2005.83,disk,0.000623,USD per MB (nominal),USD,,,,"Seagate | 400GB, 7200.8 | 3.5 | ATA-150",NewEgg.com,Pcmag 67,http://web.archive.org/web/20250614051021/http://jcmit.net/diskprice.htm,False
2005-12-06,day,2005.92,disk,0.000406,USD per MB (nominal),USD,0.00040625,320000.0,130.0,"Western Digital | 320GB 7,200 rpm, 8MB | 3.5",NewEgg.com,Pcmag 139,http://web.archive.org/web/20250614051021/http://jcmit.net/diskprice.htm,False
2006-05-25,day,2006.33,disk,0.000324,USD per MB (nominal),USD,0.00032387999999999997,250000.0,80.97,"Maxtor | 250GB 7,200 rpm, 16MB | 3.5 | SATA 150",NewEgg.com,Web,http://web.archive.org/web/20250614051021/http://jcmit.net/diskprice.htm,False
2006-09-01,day,2006.67,disk,0.000219,USD per MB (nominal),USD,0.00021871874999999997,320000.0,69.99,"Western Digital | 320GB 7,200 rpm, 8MB | 3.5 | SATA 150",NewEgg.com,Web,http://web.archive.org/web/20250614051021/http://jcmit.net/diskprice.htm,False
2006-11-25,day,2006.83,disk,0.000264,USD per MB (nominal),USD,0.00026372,250000.0,65.93,"Western Digital | 250GB 7,200 rpm, 16MB | 3.5 | SATA 150",NewEgg.com,Web,http://web.archive.org/web/20250614051021/http://jcmit.net/diskprice.htm,False
2007-01-28,day,2007.00,disk,0.00028,USD per MB (nominal),USD,0.00027996,250000.0,69.99,"Western Digital | 320GB 7,200 rpm, 8MB | 3.5 | SATA-2",NewEgg.com,Web,http://web.archive.org/web/20250614051021/http://jcmit.net/diskprice.htm,False
2007-03-15,day,2007.17,disk,0.000265,USD per MB (nominal),USD,0.000264825,400000.0,105.93,"Western Digital | 400GB 7,200 rpm, 16MB | 3.5 | SATA-2",NewEgg.com,Web,http://web.archive.org/web/20250614051021/http://jcmit.net/diskprice.htm,False
2007-05-07,day,2007.33,disk,0.00025,USD per MB (nominal),USD,0.00024996875,320000.0,79.99,"Seagate | 320GB 7,200 rpm, 16MB | 3.5 | SATA-2",NewEgg.com,Web,http://web.archive.org/web/20250614051021/http://jcmit.net/diskprice.htm,False
2007-07-09,day,2007.50,disk,0.000212,USD per MB (nominal),USD,0.00021247499999999997,400000.0,84.99,"Samsung | 400GB 7,200 rpm, 16MB | 3.5 | SATA-2",NewEgg.com,Web,http://web.archive.org/web/20250614051021/http://jcmit.net/diskprice.htm,False
2007-09-30,day,2007.67,disk,0.00021,USD per MB (nominal),USD,0.00020998,500000.0,104.99,"Western Digital | 500GB 7,200 rpm, 8MB | 3.5 | SATA-2",NewEgg.com,Web,http://web.archive.org/web/20250614051021/http://jcmit.net/diskprice.htm,False
2007-10-16,day,2007.75,disk,0.00021,USD per MB (nominal),USD,0.00020998,500000.0,104.99,"Western Digital | 500GB 7,200 rpm, 8MB | 3.5 | SATA-2",NewEgg.com,Web,http://web.archive.org/web/20250614051021/http://jcmit.net/diskprice.htm,False
2007-11-10,day,2007.83,disk,0.0002,USD per MB (nominal),USD,0.00019998,500000.0,99.99,"Western Digital | 500GB 7,200 rpm, 8MB | 3.5 | SATA-2",NewEgg.com,Web,http://web.archive.org/web/20250614051021/http://jcmit.net/diskprice.htm,False
2007-12-05,day,2007.92,disk,0.00021,USD per MB (nominal),USD,0.00020998,500000.0,104.99,"Western Digital | 500GB 7,200 rpm, 16MB | 3.5 | SATA-2",NewEgg.com,Web,http://web.archive.org/web/20250614051021/http://jcmit.net/diskprice.htm,False
2008-01-18,day,2008.00,disk,0.0002,USD per MB (nominal),USD,0.00019998,500000.0,99.99,"Western Digital | 500GB 7,200 rpm, 8MB | 3.5 | SATA-2",NewEgg.com,Web,http://web.archive.org/web/20250614051021/http://jcmit.net/diskprice.htm,False
2008-02-20,day,2008.08,disk,0.0002,USD per MB (nominal),USD,0.00019998,500000.0,99.99,"Western Digital | 500GB 7,200 rpm, 16MB | 3.5 | SATA-2",NewEgg.com,Web,http://web.archive.org/web/20250614051021/http://jcmit.net/diskprice.htm,False
2008-05-18,day,2008.33,disk,0.00018,USD per MB (nominal),USD,0.00017998,500000.0,89.99,"Samsung | 500GB 7,200 rpm, 16MB | 3.5 | SATA-2",NewEgg.com,Web,http://web.archive.org/web/20250614051021/http://jcmit.net/diskprice.htm,False
2008-07-07,day,2008.50,disk,0.00015,USD per MB (nominal),USD,0.00014998,500000.0,74.99,"Western Digital | 500GB 7,200 rpm, 16MB | 3.5 | SATA-2",NewEgg.com,Web,http://web.archive.org/web/20250614051021/http://jcmit.net/diskprice.htm,False
2008-08-21,day,2008.58,disk,0.000133,USD per MB (nominal),USD,0.000132796875,640000.0,84.99,"Western Digital | 640GB 7,200 rpm, 16MB | 3.5 | SATA-2",NewEgg.com,Web,http://web.archive.org/web/20250614051021/http://jcmit.net/diskprice.htm,False
2008-09-25,day,2008.67,disk,0.000133,USD per MB (nominal),USD,0.000132796875,640000.0,84.99,"Western Digital | 640GB 7,200 rpm, 16MB | 3.5 | SATA-2",NewEgg.com,Web,http://web.archive.org/web/20250614051021/http://jcmit.net/diskprice.htm,False
2008-11-14,day,2008.83,disk,0.000117,USD per MB (nominal),USD,0.000117171875,640000.0,74.99,"Western Digital | 640GB 7,200 rpm, 16MB | 3.5 | SATA-2",NewEgg.com,Web,http://web.archive.org/web/20250614051021/http://jcmit.net/diskprice.htm,False
2008-12-14,day,2008.92,disk,0.0001,USD per MB (nominal),USD,9.999e-05,1000000.0,99.99,"Western Digital | 1TB 7,200 rpm, 16MB | 3.5 | SATA-2",NewEgg.com,Web,http://web.archive.org/web/20250614051021/http://jcmit.net/diskprice.htm,False
2009-01-19,day,2009.00,disk,9.33e-05,USD per MB (nominal),USD,9.332e-05,750000.0,69.99,"Western Digital | 750GB 7,200 rpm*, 16MB | 3.5 | SATA-2",NewEgg.com,Web,http://web.archive.org/web/20250614051021/http://jcmit.net/diskprice.htm,False
2009-02-14,day,2009.08,disk,8.8e-05,USD per MB (nominal),USD,8.798999999999999e-05,1000000.0,87.99,"Hitachi | 1TB 7,200 rpm, 16MB | 3.5 | SATA-2",NewEgg.com,Web,http://web.archive.org/web/20250614051021/http://jcmit.net/diskprice.htm,False
2009-06-03,day,2009.42,disk,8.67e-05,USD per MB (nominal),USD,8.666e-05,1500000.0,129.99,"Seagate | 1.5TB 7,200 rpm, 32MB | 3.5 | SATA-2",NewEgg.com,Web,http://web.archive.org/web/20250614051021/http://jcmit.net/diskprice.htm,False
2009-07-02,day,2009.50,disk,9e-05,USD per MB (nominal),USD,8.999e-05,1000000.0,89.99,"Seagate | 1TB 7,200 rpm, 32MB | 3.5 | SATA-2",NewEgg.com,Web,http://web.archive.org/web/20250614051021/http://jcmit.net/diskprice.htm,False
2009-07-07,day,2009.25,disk,9e-05,USD per MB (nominal),USD,8.999e-05,1000000.0,89.99,"Seagate | 1TB 7,200 rpm, 32MB | 3.5 | SATA-2",NewEgg.com,Web,http://web.archive.org/web/20250614051021/http://jcmit.net/diskprice.htm,False
2009-08-20,day,2009.58,disk,7.5e-05,USD per MB (nominal),USD,7.499e-05,1000000.0,74.99,"Hitachi | 1TB 7,200 rpm, 16MB | 3.5 | SATA-2",NewEgg.com,Web,http://web.archive.org/web/20250614051021/http://jcmit.net/diskprice.htm,False
2009-10-07,day,2009.75,disk,8e-05,USD per MB (nominal),USD,7.999e-05,1000000.0,79.99,"Hitachi | 1TB 7,200 rpm, 16MB | 3.5 | SATA-2",NewEgg.com,Web,http://web.archive.org/web/20250614051021/http://jcmit.net/diskprice.htm,False
2009-12-12,day,2009.92,disk,7e-05,USD per MB (nominal),USD,6.999e-05,1000000.0,69.99,"Hitachi | 1TB 7,200 rpm, 32MB | 3.5 | SATA-2",NewEgg.com,Web,http://web.archive.org/web/20250614051021/http://jcmit.net/diskprice.htm,False
2010-01-15,day,2010.00,disk,7.33e-05,USD per MB (nominal),USD,7.332666666666666e-05,1500000.0,109.99,"Seagate | 1.5TB 5,900 rpm, 32MB | 3.5 | SATA-2",NewEgg.com,Web,http://web.archive.org/web/20250614051021/http://jcmit.net/diskprice.htm,False
2010-02-11,day,2010.08,disk,7.33e-05,USD per MB (nominal),USD,7.332666666666666e-05,1500000.0,109.99,"Western Digital | 1.5TB green rpm, 64MB | 3.5 | SATA-2",NewEgg.com,Web,http://web.archive.org/web/20250614051021/http://jcmit.net/diskprice.htm,False
2010-03-10,day,2010.17,disk,8e-05,USD per MB (nominal),USD,7.999e-05,1000000.0,79.99,"Hitachi | 1TB 7,200 rpm, 32MB | 3.5 | SATA-2",NewEgg.com,Web,http://web.archive.org/web/20250614051021/http://jcmit.net/diskprice.htm,False
2010-05-09,day,2010.33,disk,7.5e-05,USD per MB (nominal),USD,7.499e-05,1000000.0,74.99,"Hitachi | 1TB 7,200 rpm, 32MB | 3.5 | SATA-2",NewEgg.com,Web,http://web.archive.org/web/20250614051021/http://jcmit.net/diskprice.htm,False
2010-07-25,day,2010.50,disk,5.5e-05,USD per MB (nominal),USD,5.4995e-05,2000000.0,109.99,"Seagate | 2TB 5,900 rpm, 32MB | 3.5 | SATA-2",NewEgg.com,Web,http://web.archive.org/web/20250614051021/http://jcmit.net/diskprice.htm,False
2010-08-26,day,2010.58,disk,5.5e-05,USD per MB (nominal),USD,5.4995e-05,2000000.0,109.99,"Seagate | 2TB 5,900 rpm, 32MB | 3.5 | SATA-2",NewEgg.com,Web,http://web.archive.org/web/20250614051021/http://jcmit.net/diskprice.htm,False
2010-10-07,day,2010.75,disk,5e-05,USD per MB (nominal),USD,4.9995e-05,2000000.0,99.99,"Western Digital | 2TB green rpm, 64MB | 3.5 | SATA-2",NewEgg.com,Web,http://web.archive.org/web/20250614051021/http://jcmit.net/diskprice.htm,False
2010-11-16,day,2010.83,disk,5e-05,USD per MB (nominal),USD,4.9995e-05,2000000.0,99.99,"Seagate | 2TB 5,900 rpm, 32MB | 3.5 | SATA-2",NewEgg.com,Web,http://web.archive.org/web/20250614051021/http://jcmit.net/diskprice.htm,False
2010-12-10,day,2010.92,disk,4.5e-05,USD per MB (nominal),USD,4.4995e-05,2000000.0,89.99,"Seagate | 2TB 5,900 rpm, 32MB | 3.5 | SATA-2",NewEgg.com,Web,http://web.archive.org/web/20250614051021/http://jcmit.net/diskprice.htm,False
2011-01-21,day,2011.00,disk,4e-05,USD per MB (nominal),USD,3.9995e-05,2000000.0,79.99,"Seagate | 2TB 5,900 rpm, 32MB | 3.5 | SATA-2",NewEgg.com,Web,http://web.archive.org/web/20250614051021/http://jcmit.net/diskprice.htm,False
2011-02-12,day,2011.08,disk,4e-05,USD per MB (nominal),USD,3.9995e-05,2000000.0,79.99,"Seagate | 2TB 5,900 rpm, 32MB | 3.5 | SATA-2",NewEgg.com,Web,http://web.archive.org/web/20250614051021/http://jcmit.net/diskprice.htm,False
2011-05-06,day,2011.33,disk,4e-05,USD per MB (nominal),USD,3.9995e-05,2000000.0,79.99,"Western Digital | 2TB 5,900 rpm, 64MB | 3.5 | SATA-2",NewEgg.com,Web,http://web.archive.org/web/20250614051021/http://jcmit.net/diskprice.htm,False
2011-06-22,day,2011.42,disk,3.67e-05,USD per MB (nominal),USD,3.666e-05,1500000.0,54.99,"Western Digital | 1.5TB 5,900 rpm, 64MB | 3.5 | SATA-2",NewEgg.com,Web,http://web.archive.org/web/20250614051021/http://jcmit.net/diskprice.htm,False
2011-09-02,day,2011.67,disk,4e-05,USD per MB (nominal),USD,3.9993333333333336e-05,1500000.0,59.99,"Western Digital | 1.5TB 5,900 rpm, 64MB | 3.5 | SATA-2",NewEgg.com,Web,http://web.archive.org/web/20250614051021/http://jcmit.net/diskprice.htm,False
2011-10-17,day,2011.75,disk,4e-05,USD per MB (nominal),USD,3.9995e-05,2000000.0,79.99,"Samsung | 2TB 5,400 rpm, 32MB | 3.5 | SATA-2",NewEgg.com,Web,http://web.archive.org/web/20250614051021/http://jcmit.net/diskprice.htm,False
2012-01-12,day,2012.00,disk,7.86e-05,USD per MB (nominal),USD,7.863500000000001e-05,2000000.0,157.27,"Seagate | 2TB 5,900 rpm, 64MB | 3.5 | SATA-3",NewEgg.com,Web,http://web.archive.org/web/20250614051021/http://jcmit.net/diskprice.htm,False
2012-02-13,day,2012.08,disk,7.01e-05,USD per MB (nominal),USD,7.909e-05,3000000.0,237.27,"Hitachi | 3TB 5,400 rpm, 32MB | 3.5 | SATA-3",NewEgg.com,Web,http://web.archive.org/web/20250614051021/http://jcmit.net/diskprice.htm,False
2012-04-08,day,2012.25,disk,6.46e-05,USD per MB (nominal),USD,6.461666666666666e-05,3000000.0,193.85,"Western Digital | 3TB, green, 64MB | 3.5 | SATA-3",NewEgg.com,Web,http://web.archive.org/web/20250614051021/http://jcmit.net/diskprice.htm,False
2012-05-24,day,2012.33,disk,6e-05,USD per MB (nominal),USD,5.9995e-05,2000000.0,119.99,"Western Digital | 2TB, green, 64MB | 3.5 | SATA-3",NewEgg.com,Web,http://web.archive.org/web/20250614051021/http://jcmit.net/diskprice.htm,False
2012-08-20,day,2012.58,disk,5.31e-05,USD per MB (nominal),USD,5.309e-05,3000000.0,159.27,"Seagate | 3TB 7,200 rpm, 64MB | 3.5 | SATA-3",NewEgg.com,Web,http://web.archive.org/web/20250614051021/http://jcmit.net/diskprice.htm,False
2012-09-21,day,2012.62,disk,5e-05,USD per MB (nominal),USD,4.999666666666667e-05,3000000.0,149.99,"Seagate | 3TB 7,200 rpm, 64MB | 3.5 | SATA-3",NewEgg.com,Web,http://web.archive.org/web/20250614051021/http://jcmit.net/diskprice.htm,False
2013-01-17,day,2013.00,disk,5.5e-05,USD per MB (nominal),USD,5.4995e-05,2000000.0,109.99,"Toshiba | 2TB 7,200 rpm, 64MB | 3.5 | SATA-3",NewEgg.com,Web,http://web.archive.org/web/20250614051021/http://jcmit.net/diskprice.htm,False
2013-02-23,day,2013.08,disk,4.67e-05,USD per MB (nominal),USD,4.666333333333334e-05,3000000.0,139.99,"Seagate | 3TB 7,200 rpm, 64MB | 3.5 | SATA-3",NewEgg.com,Web,http://web.archive.org/web/20250614051021/http://jcmit.net/diskprice.htm,False
2013-05-18,day,2013.33,disk,4.33e-05,USD per MB (nominal),USD,4.333e-05,3000000.0,129.99,"Toshiba | 3TB 7,200 rpm, 64MB | 3.5 | SATA-3",NewEgg.com,Web,http://web.archive.org/web/20250614051021/http://jcmit.net/diskprice.htm,False
2013-06-30,day,2013.42,disk,4.5e-05,USD per MB (nominal),USD,4.4997500000000004e-05,4000000.0,179.99,"Seagate | 4TB 7,200 rpm, 64MB | 3.5 | SATA-3",NewEgg.com,Web,http://web.archive.org/web/20250614051021/http://jcmit.net/diskprice.htm,False
2013-08-09,day,2013.58,disk,4.5e-05,USD per MB (nominal),USD,4.499666666666667e-05,3000000.0,134.99,"Seagate | 3TB 7,200 rpm, 64MB | 3.5 | SATA-3",NewEgg.com,Web,http://web.archive.org/web/20250614051021/http://jcmit.net/diskprice.htm,False
2013-09-07,day,2013.62,disk,4.33e-05,USD per MB (nominal),USD,4.333e-05,3000000.0,129.99,"Toshiba | 3TB 7,200 rpm, 64MB | 3.5 | SATA-3",NewEgg.com,Web,http://web.archive.org/web/20250614051021/http://jcmit.net/diskprice.htm,False
2013-10-16,day,2013.75,disk,4.3e-05,USD per MB (nominal),USD,4.299666666666667e-05,3000000.0,128.99,"Western Digital | 3TB Green, 64MB | 3.5 | SATA-3",NewEgg.com,Web,http://web.archive.org/web/20250614051021/http://jcmit.net/diskprice.htm,False
2013-11-10,day,2013.83,disk,4e-05,USD per MB (nominal),USD,3.999666666666666e-05,3000000.0,119.99,"Seagate | 3TB 7,200 rpm, 64MB | 3.5 | SATA-3",NewEgg.com,Web,http://web.archive.org/web/20250614051021/http://jcmit.net/diskprice.htm,False
2013-12-23,day,2013.92,disk,4e-05,USD per MB (nominal),USD,3.999666666666666e-05,3000000.0,119.99,"Seagate | 3TB 7,200 rpm, 64MB | 3.5 | SATA-3",NewEgg.com,Web,http://web.archive.org/web/20250614051021/http://jcmit.net/diskprice.htm,False
2014-02-08,day,2014.08,disk,3.67e-05,USD per MB (nominal),USD,3.666333333333333e-05,3000000.0,109.99,"Toshiba | 3TB 7,200 rpm, 64MB | 3.5 | SATA-3",NewEgg.com,Web,http://web.archive.org/web/20250614051021/http://jcmit.net/diskprice.htm,False
2014-03-13,day,2014.17,disk,3.67e-05,USD per MB (nominal),USD,3.666333333333333e-05,3000000.0,109.99,"Seagate | 3TB 7,200 rpm, 64MB | 3.5 | SATA-3",NewEgg.com,Web,http://web.archive.org/web/20250614051021/http://jcmit.net/diskprice.htm,False
2014-04-10,day,2014.25,disk,3.67e-05,USD per MB (nominal),USD,3.666333333333333e-05,3000000.0,109.99,"Seagate | 3TB 7,200 rpm, 64MB | 3.5 | SATA-3",NewEgg.com,Web,http://web.archive.org/web/20250614051021/http://jcmit.net/diskprice.htm,False
2014-06-19,day,2014.42,disk,3.5e-05,USD per MB (nominal),USD,3.499666666666666e-05,3000000.0,104.99,"Seagate | 3TB 7,200 rpm, 64MB | 3.5 | SATA-3",NewEgg.com,Web,http://web.archive.org/web/20250614051021/http://jcmit.net/diskprice.htm,False
2014-08-02,day,2014.58,disk,3.5e-05,USD per MB (nominal),USD,3.499666666666666e-05,3000000.0,104.99,"Western Digital | 3TB Green, 64MB | 3.5 | SATA-3",NewEgg.com,Web,http://web.archive.org/web/20250614051021/http://jcmit.net/diskprice.htm,False
2014-09-13,day,2014.67,disk,3.5e-05,USD per MB (nominal),USD,3.499666666666666e-05,3000000.0,104.99,"Seagate | 3TB 7,200 rpm, 64MB | 3.5 | SATA-3",NewEgg.com,Web,http://web.archive.org/web/20250614051021/http://jcmit.net/diskprice.htm,False
2014-11-11,day,2014.83,disk,3.62e-05,USD per MB (nominal),USD,3.62475e-05,4000000.0,144.99,"Seagate | 4TB 5,900 rpm, 64MB | 3.5 | SATA-3",NewEgg.com,Web,http://web.archive.org/web/20250614051021/http://jcmit.net/diskprice.htm,False
2015-01-22,day,2015.00,disk,3.33e-05,USD per MB (nominal),USD,3.333e-05,3000000.0,99.99,"Toshiba | 3TB 7,200 rpm, 64MB | 3.5 | SATA-3",NewEgg.com,Web,http://web.archive.org/web/20250614051021/http://jcmit.net/diskprice.htm,False
2015-02-15,day,2015.08,disk,3.27e-05,USD per MB (nominal),USD,3.266333333333333e-05,3000000.0,97.99,"Toshiba | 3TB 7,200 rpm, 64MB | 3.5 | SATA-3",NewEgg.com,Web,http://web.archive.org/web/20250614051021/http://jcmit.net/diskprice.htm,False
2015-04-11,day,2015.25,disk,2.83e-05,USD per MB (nominal),USD,2.8329999999999998e-05,3000000.0,84.99,"Seagate | 3TB 7,200 rpm, 64MB | 3.5 | SATA-3",NewEgg.com,Web,http://web.archive.org/web/20250614051021/http://jcmit.net/diskprice.htm,False
2015-05-15,day,2015.33,disk,3.17e-05,USD per MB (nominal),USD,3.166333333333333e-05,3000000.0,94.99,"Toshiba | 3TB 7,200 rpm, 64MB | 3.5 | SATA-3",NewEgg.com,Web,http://web.archive.org/web/20250614051021/http://jcmit.net/diskprice.htm,False
2015-07-10,day,2015.50,disk,3e-05,USD per MB (nominal),USD,2.9996666666666664e-05,3000000.0,89.99,"Seagate | 3TB 7,200 rpm, 64MB | 3.5 | SATA-3",NewEgg.com,Web,http://web.archive.org/web/20250614051021/http://jcmit.net/diskprice.htm,False
2015-08-23,day,2015.58,disk,2.9e-05,USD per MB (nominal),USD,2.9998000000000003e-05,5000000.0,149.99,"Toshiba | 5TB 7,200 rpm, 128MB | 3.5 | SATA-3",NewEgg.com,Web,http://web.archive.org/web/20250614051021/http://jcmit.net/diskprice.htm,False
2015-09-22,day,2015.67,disk,3e-05,USD per MB (nominal),USD,2.9996666666666664e-05,3000000.0,89.99,"Seagate | 3TB 7,200 rpm, 64MB | 3.5 | SATA-3",NewEgg.com,Web,http://web.archive.org/web/20250614051021/http://jcmit.net/diskprice.htm,False
2015-10-24,day,2015.75,disk,3e-05,USD per MB (nominal),USD,2.9996666666666664e-05,3000000.0,89.99,"Seagate | 3TB 7,200 rpm, 64MB | 3.5 | SATA-3",NewEgg.com,Web,http://web.archive.org/web/20250614051021/http://jcmit.net/diskprice.htm,False
2015-11-21,day,2015.83,disk,3.25e-05,USD per MB (nominal),USD,3.2497500000000005e-05,4000000.0,129.99,"Western Digital | 4TB,WD Green 64MB | 3.5 | SATA-3",NewEgg.com,Web,http://web.archive.org/web/20250614051021/http://jcmit.net/diskprice.htm,False
2015-12-18,day,2015.92,disk,2.83e-05,USD per MB (nominal),USD,2.8329999999999998e-05,3000000.0,84.99,"Seagate | 3TB 7,200 rpm, 64MB | 3.5 | SATA-3",NewEgg.com,Web,http://web.archive.org/web/20250614051021/http://jcmit.net/diskprice.htm,False
2016-02-14,day,2016.08,disk,3.12e-05,USD per MB (nominal),USD,3.12475e-05,4000000.0,124.99,"Seagate | 4TB 5,900 rpm, 64MB | 3.5 | SATA-3",NewEgg.com,Web,http://web.archive.org/web/20250614051021/http://jcmit.net/diskprice.htm,False
2016-04-11,day,2016.25,disk,2.77e-05,USD per MB (nominal),USD,2.770375e-05,8000000.0,221.63,"Seagate | 8TB Archive, 128B | 3.5 | SATA-3",NewEgg.com,Web,http://web.archive.org/web/20250614051021/http://jcmit.net/diskprice.htm,False
2016-05-18,day,2016.33,disk,3e-05,USD per MB (nominal),USD,2.99875e-05,4000000.0,119.95,"Seagate | 4TB 5,900 rpm, 64MB | 3.5 | SATA-3",NewEgg.com,Web,http://web.archive.org/web/20250614051021/http://jcmit.net/diskprice.htm,False
2016-06-20,day,2016.42,disk,2.83e-05,USD per MB (nominal),USD,2.8329999999999998e-05,3000000.0,84.99,"Seagate | 3TB 7,200 rpm, 64MB | 3.5 | SATA-3",NewEgg.com,Web,http://web.archive.org/web/20250614051021/http://jcmit.net/diskprice.htm,False
2016-07-22,day,2016.50,disk,3.12e-05,USD per MB (nominal),USD,3.12475e-05,4000000.0,124.99,"Seagate | 4TB 5,900 rpm, 64MB | 3.5 | SATA-3",NewEgg.com,Web,http://web.archive.org/web/20250614051021/http://jcmit.net/diskprice.htm,False
2016-08-22,day,2016.58,disk,3e-05,USD per MB (nominal),USD,2.99875e-05,4000000.0,119.95,"Seagate | 4TB 5,900 rpm, 64MB | 3.5 | SATA-3",NewEgg.com,Web,http://web.archive.org/web/20250614051021/http://jcmit.net/diskprice.htm,False
2016-10-15,day,2016.75,disk,2.93e-05,USD per MB (nominal),USD,2.9319999999999997e-05,3000000.0,87.96,"Toshiba | 3TB 7,200 rpm, 64MB | 3.5 | SATA-3",NewEgg.com,Web,http://web.archive.org/web/20250614051021/http://jcmit.net/diskprice.htm,False
2016-11-15,day,2016.83,disk,3.17e-05,USD per MB (nominal),USD,3.166333333333333e-05,3000000.0,94.99,"Western Digital | 3TB WD Blue 5,400 rpm, 64MB | 3.5 | SATA-3",NewEgg.com,Web,http://web.archive.org/web/20250614051021/http://jcmit.net/diskprice.htm,False
2016-12-21,day,2016.92,disk,2.97e-05,USD per MB (nominal),USD,2.966333333333333e-05,3000000.0,88.99,"Toshiba | 3TB 7,200 rpm, 64MB | 3.5 | SATA-3",NewEgg.com,Web,http://web.archive.org/web/20250614051021/http://jcmit.net/diskprice.htm,False
2017-01-15,day,2017.00,disk,2.9e-05,USD per MB (nominal),USD,2.8996666666666666e-05,3000000.0,86.99,"Toshiba | 3TB 7,200 rpm, 64MB | 3.5 | SATA-3",NewEgg.com,Web,http://web.archive.org/web/20250614051021/http://jcmit.net/diskprice.htm,False
2017-03-12,day,2017.17,disk,2.7e-05,USD per MB (nominal),USD,2.6996666666666665e-05,3000000.0,80.99,"Toshiba | 3TB 7,200 rpm, 64MB | 3.5 | SATA-3",NewEgg.com,Web,http://web.archive.org/web/20250614051021/http://jcmit.net/diskprice.htm,False
2017-05-05,day,2017.33,disk,3e-05,USD per MB (nominal),USD,2.9998000000000003e-05,5000000.0,149.99,"Toshiba | 5TB 7,200 rpm, 128MB | 3.5 | SATA-3",NewEgg.com,Web,http://web.archive.org/web/20250614051021/http://jcmit.net/diskprice.htm,False
2017-06-22,day,2017.42,disk,2.5e-05,USD per MB (nominal),USD,2.4996666666666664e-05,3000000.0,74.99,"Seagate | 3TB 7,200 rpm, 64MB | 3.5 | SATA-3",NewEgg.com,Web,http://web.archive.org/web/20250614051021/http://jcmit.net/diskprice.htm,False
2017-07-22,day,2017.50,disk,2.6e-05,USD per MB (nominal),USD,2.5996666666666665e-05,3000000.0,77.99,"Toshiba | 3TB 7,200 rpm, 64MB | 3.5 | SATA-3",NewEgg.com,Web,http://web.archive.org/web/20250614051021/http://jcmit.net/diskprice.htm,False
2017-09-19,day,2017.67,disk,2.75e-05,USD per MB (nominal),USD,2.74975e-05,4000000.0,109.99,"Western Digital | 4TB 5,400 rpm, 64MB | 3.5 | SATA-3",NewEgg.com,Web,http://web.archive.org/web/20250614051021/http://jcmit.net/diskprice.htm,False
2017-10-27,day,2017.75,disk,2.6e-05,USD per MB (nominal),USD,2.5996666666666665e-05,3000000.0,77.99,"Toshiba | 3TB 7,200 rpm, 64MB | 3.5 | SATA-3",NewEgg.com,Web,http://web.archive.org/web/20250614051021/http://jcmit.net/diskprice.htm,False
2017-12-12,day,2017.92,disk,2.5e-05,USD per MB (nominal),USD,2.49975e-05,4000000.0,99.99,"Seagate | 4TB, 256MB | 3.5 | SATA-3",NewEgg.com,Web,http://web.archive.org/web/20250614051021/http://jcmit.net/diskprice.htm,False
2018-02-14,day,2018.08,disk,2.49e-05,USD per MB (nominal),USD,2.48725e-05,4000000.0,99.49,"Seagate | 4TB, 64MB | 3.5 | SATA-3",NewEgg.com,Web,http://web.archive.org/web/20250614051021/http://jcmit.net/diskprice.htm,False
2018-03-23,day,2018.17,disk,2.47e-05,USD per MB (nominal),USD,2.47475e-05,4000000.0,98.99,"Weatern Digital | 4TB, 7200 rpm, 64MB | 3.5 | SATA-3",NewEgg.com,Web,http://web.archive.org/web/20250614051021/http://jcmit.net/diskprice.htm,False
2018-05-11,day,2018.33,disk,2.35e-05,USD per MB (nominal),USD,2.35025e-05,4000000.0,94.01,"Seagate | 4TB, 256MB | 3.5 | SATA-3",NewEgg.com,Web,http://web.archive.org/web/20250614051021/http://jcmit.net/diskprice.htm,False
2018-06-19,day,2018.42,disk,2.34e-05,USD per MB (nominal),USD,2.33725e-05,4000000.0,93.49,"Toshiba | 4TB, 7200rpm, 128MB | 3.5 | SATA-3",NewEgg.com,Web,http://web.archive.org/web/20250614051021/http://jcmit.net/diskprice.htm,False
2018-07-08,day,2018.50,disk,2.34e-05,USD per MB (nominal),USD,2.33725e-05,4000000.0,93.49,"Toshiba | 4TB, 7200rpm, 128MB | 3.5 | SATA-3",NewEgg.com,Web,http://web.archive.org/web/20250614051021/http://jcmit.net/diskprice.htm,False
2018-08-24,day,2018.58,disk,2.5e-05,USD per MB (nominal),USD,2.4992499999999998e-05,4000000.0,99.97,"Seagate | 4TB, 5400rpm, 256MB | 3.5 | SATA-3",NewEgg.com,Web,http://web.archive.org/web/20250614051021/http://jcmit.net/diskprice.htm,False
2018-09-20,day,2018.67,disk,2.45e-05,USD per MB (nominal),USD,2.4497499999999997e-05,4000000.0,97.99,"Western Digital | 4TB, 5400rpm, 64MB | 3.5 | SATA-3",NewEgg.com,Web,http://web.archive.org/web/20250614051021/http://jcmit.net/diskprice.htm,False
2018-11-11,day,2018.83,disk,2.45e-05,USD per MB (nominal),USD,2.45275e-05,4000000.0,98.11,"Seagate | 4TB, 5400rpm, 256MB | 3.5 | SATA-3",NewEgg.com,Web,http://web.archive.org/web/20250614051021/http://jcmit.net/diskprice.htm,False
2018-12-16,day,2018.92,disk,2.45e-05,USD per MB (nominal),USD,2.45375e-05,4000000.0,98.15,"Seagate | 4TB, 5400rpm, 256MB | 3.5 | SATA-3",NewEgg.com,Web,http://web.archive.org/web/20250614051021/http://jcmit.net/diskprice.htm,False
2019-01-17,day,2019.00,disk,2.44e-05,USD per MB (nominal),USD,2.4429999999999998e-05,8000000.0,195.44,"Seagate | 8TB, 5400rpm, 256MB | 3.5 | SATA-3",NewEgg.com,Web,http://web.archive.org/web/20250614051021/http://jcmit.net/diskprice.htm,False
2019-02-11,day,2019.08,disk,2.47e-05,USD per MB (nominal),USD,2.47475e-05,4000000.0,98.99,"Seagate | 4TB, 5400rpm, 256MB | 3.5 | SATA-3",NewEgg.com,Web,http://web.archive.org/web/20250614051021/http://jcmit.net/diskprice.htm,False
2019-03-17,day,2019.17,disk,2.37e-05,USD per MB (nominal),USD,2.3748750000000002e-05,8000000.0,189.99,"Seagate | 8TB, 5400rpm, 256MB | 3.5 | SATA-3",NewEgg.com,Web,http://web.archive.org/web/20250614051021/http://jcmit.net/diskprice.htm,False
2019-04-21,day,2019.25,disk,1.87e-05,USD per MB (nominal),USD,1.8748750000000002e-05,8000000.0,149.99,"Seagate | 8TB, 5400rpm, 256MB | 3.5 | SATA-3",NewEgg.com,Web,http://web.archive.org/web/20250614051021/http://jcmit.net/diskprice.htm,False
2019-05-20,day,2019.33,disk,1.87e-05,USD per MB (nominal),USD,1.8748750000000002e-05,8000000.0,149.99,"Seagate | 8TB, 5400rpm, 256MB | 3.5 | SATA-3",NewEgg.com,Web,http://web.archive.org/web/20250614051021/http://jcmit.net/diskprice.htm,False
2019-06-19,day,2019.42,disk,1.87e-05,USD per MB (nominal),USD,1.8748750000000002e-05,8000000.0,149.99,"Seagate | 8TB, 5400rpm, 256MB | 3.5 | SATA-3",NewEgg.com,Web,http://web.archive.org/web/20250614051021/http://jcmit.net/diskprice.htm,False
2019-07-18,day,2019.50,disk,1.87e-05,USD per MB (nominal),USD,1.8748750000000002e-05,8000000.0,149.99,"Seagate | 8TB, 5400rpm, 256MB | 3.5 | SATA-3",NewEgg.com,Web,http://web.archive.org/web/20250614051021/http://jcmit.net/diskprice.htm,False
2019-08-17,day,2019.58,disk,1.87e-05,USD per MB (nominal),USD,1.8748750000000002e-05,8000000.0,149.99,"Seagate | 8TB, 5400rpm, 256MB | 3.5 | SATA-3",NewEgg.com,Web,http://web.archive.org/web/20250614051021/http://jcmit.net/diskprice.htm,False
2019-09-16,day,2019.67,disk,2.26e-05,USD per MB (nominal),USD,2.2623750000000002e-05,8000000.0,180.99,"Seagate | 8TB, 5400rpm, 256MB | 3.5 | SATA-3",NewEgg.com,Web,http://web.archive.org/web/20250614051021/http://jcmit.net/diskprice.htm,False
2019-10-18,day,2019.75,disk,1.87e-05,USD per MB (nominal),USD,1.8748750000000002e-05,8000000.0,149.99,"Seagate | 8TB, 5400rpm, 256MB | 3.5 | SATA-3",NewEgg.com,Web,http://web.archive.org/web/20250614051021/http://jcmit.net/diskprice.htm,False
2019-11-14,day,2019.83,disk,1.87e-05,USD per MB (nominal),USD,1.8748750000000002e-05,8000000.0,149.99,"Seagate | 8TB, 5400rpm, 256MB | 3.5 | SATA-3",NewEgg.com,Web,http://web.archive.org/web/20250614051021/http://jcmit.net/diskprice.htm,False
2019-12-17,day,2019.92,disk,1.87e-05,USD per MB (nominal),USD,1.8748750000000002e-05,8000000.0,149.99,"Seagate | 8TB, 5400rpm, 256MB | 3.5 | SATA-3",NewEgg.com,Web,http://web.archive.org/web/20250614051021/http://jcmit.net/diskprice.htm,False
2020-01-20,day,2020.00,disk,1.62e-05,USD per MB (nominal),USD,1.6248750000000003e-05,8000000.0,129.99,"Seagate | 8TB, 5400rpm, 256MB | 3.5 | SATA-3",NewEgg.com,Web,http://web.archive.org/web/20250614051021/http://jcmit.net/diskprice.htm,False
2020-02-17,day,2020.08,disk,1.85e-05,USD per MB (nominal),USD,1.849875e-05,8000000.0,147.99,"Seagate | 8TB, 5400rpm, 256MB | 3.5 | SATA-3",NewEgg.com,Web,http://web.archive.org/web/20250614051021/http://jcmit.net/diskprice.htm,False
2020-03-23,day,2020.17,disk,1.9e-05,USD per MB (nominal),USD,1.899875e-05,8000000.0,151.99,"Seagate | 8TB, 5400rpm, 256MB | 3.5 | SATA-3",NewEgg.com,Web,http://web.archive.org/web/20250614051021/http://jcmit.net/diskprice.htm,False
2020-04-23,day,2020.25,disk,1.91e-05,USD per MB (nominal),USD,1.912375e-05,8000000.0,152.99,"Seagate | 8TB, 5400rpm, 256MB | 3.5 | SATA-3",NewEgg.com,Web,http://web.archive.org/web/20250614051021/http://jcmit.net/diskprice.htm,False
2020-05-23,day,2020.33,disk,1.94e-05,USD per MB (nominal),USD,1.937375e-05,8000000.0,154.99,"Seagate | 8TB, 5400rpm, 256MB | 3.5 | SATA-3",NewEgg.com,Web,http://web.archive.org/web/20250614051021/http://jcmit.net/diskprice.htm,False
2020-06-21,day,2020.42,disk,1.94e-05,USD per MB (nominal),USD,1.937375e-05,8000000.0,154.99,"Seagate | 8TB, 5400rpm, 256MB | 3.5 | SATA-3",NewEgg.com,Web,http://web.archive.org/web/20250614051021/http://jcmit.net/diskprice.htm,False
2020-07-18,day,2020.50,disk,1.94e-05,USD per MB (nominal),USD,1.937375e-05,8000000.0,154.99,"Seagate | 8TB, 5400rpm, 256MB | 3.5 | SATA-3",NewEgg.com,Web,http://web.archive.org/web/20250614051021/http://jcmit.net/diskprice.htm,False
2020-08-19,day,2020.58,disk,1.94e-05,USD per MB (nominal),USD,1.937375e-05,8000000.0,154.99,"Seagate | 8TB, 5400rpm, 256MB | 3.5 | SATA-3",NewEgg.com,Web,http://web.archive.org/web/20250614051021/http://jcmit.net/diskprice.htm,False
2020-09-20,day,2020.67,disk,1.94e-05,USD per MB (nominal),USD,1.937375e-05,8000000.0,154.99,"Seagate | 8TB, 5400rpm, 256MB | 3.5 | SATA-3",NewEgg.com,Web,http://web.archive.org/web/20250614051021/http://jcmit.net/diskprice.htm,False
2020-10-17,day,2020.75,disk,1.94e-05,USD per MB (nominal),USD,1.937375e-05,8000000.0,154.99,"Seagate | 8TB, 5400rpm, 256MB | 3.5 | SATA-3",NewEgg.com,Web,http://web.archive.org/web/20250614051021/http://jcmit.net/diskprice.htm,False
2020-11-19,day,2020.83,disk,1.94e-05,USD per MB (nominal),USD,1.937375e-05,8000000.0,154.99,"Seagate | 8TB, 5400rpm, 256MB | 3.5 | SATA-3",NewEgg.com,Web,http://web.archive.org/web/20250614051021/http://jcmit.net/diskprice.htm,False
2020-12-21,day,2020.92,disk,1.94e-05,USD per MB (nominal),USD,1.937375e-05,8000000.0,154.99,"Seagate | 8TB, 5400rpm, 256MB | 3.5 | SATA-3",NewEgg.com,Web,http://web.archive.org/web/20250614051021/http://jcmit.net/diskprice.htm,False
2021-02-14,day,2021.08,disk,1.94e-05,USD per MB (nominal),USD,1.937375e-05,8000000.0,154.99,"Seagate | 8TB, 5400rpm, 256MB | 3.5 | SATA-3",NewEgg.com,Web,http://web.archive.org/web/20250614051021/http://jcmit.net/diskprice.htm,False
2021-04-17,day,2021.25,disk,1.87e-05,USD per MB (nominal),USD,1.87475e-05,4000000.0,74.99,"Seagate | 4TB, 5400rpm, 256MB | 3.5 | SATA-3",NewEgg.com,Web,http://web.archive.org/web/20250614051021/http://jcmit.net/diskprice.htm,False
2021-05-17,day,2021.33,disk,2.12e-05,USD per MB (nominal),USD,2.12475e-05,4000000.0,84.99,"Western Digital | 4TB, 5400rpm, 256MB | 3.5 | SATA-3",NewEgg.com,Web,http://web.archive.org/web/20250614051021/http://jcmit.net/diskprice.htm,False
2021-07-11,day,2021.50,disk,2e-05,USD per MB (nominal),USD,1.99975e-05,4000000.0,79.99,"Western Digital | 4TB, 5400rpm, 256MB | 3.5 | SATA-3",NewEgg.com,Web,http://web.archive.org/web/20250614051021/http://jcmit.net/diskprice.htm,False
2021-08-16,day,2021.58,disk,2.33e-05,USD per MB (nominal),USD,2.33325e-05,12000000.0,279.99,"Toshiba | 12TB, 7200rpm, 256MB | 3.5 | SATA-3",NewEgg.com,Web,http://web.archive.org/web/20250614051021/http://jcmit.net/diskprice.htm,False
2021-09-18,day,2021.67,disk,1.82e-05,USD per MB (nominal),USD,1.8247499999999998e-05,4000000.0,72.99,"Western Digital | 4TB, 5400rpm, 256MB | 3.5 | SATA-3",NewEgg.com,Web,http://web.archive.org/web/20250614051021/http://jcmit.net/diskprice.htm,False
2021-10-20,day,2021.75,disk,1.75e-05,USD per MB (nominal),USD,1.74975e-05,4000000.0,69.99,"Western Digital | 4TB, 5400rpm, 256MB | 3.5 | SATA-3",NewEgg.com,Web,http://web.archive.org/web/20250614051021/http://jcmit.net/diskprice.htm,False
2021-12-15,day,2021.92,disk,1.62e-05,USD per MB (nominal),USD,1.62475e-05,4000000.0,64.99,"Western Digital | 4TB, 5400rpm, 256MB | 3.5 | SATA-3",NewEgg.com,Web,http://web.archive.org/web/20250614051021/http://jcmit.net/diskprice.htm,False
2022-01-19,day,2022.00,disk,1.62e-05,USD per MB (nominal),USD,1.62475e-05,4000000.0,64.99,"Western Digital | 4TB, 5400rpm, 256MB | 3.5 | SATA-3",NewEgg.com,Web,http://web.archive.org/web/20250614051021/http://jcmit.net/diskprice.htm,False
2022-02-17,day,2022.08,disk,1.62e-05,USD per MB (nominal),USD,1.62475e-05,4000000.0,64.99,"Western Digital | 4TB, 5400rpm, 256MB | 3.5 | SATA-3",NewEgg.com,Web,http://web.archive.org/web/20250614051021/http://jcmit.net/diskprice.htm,False
2022-03-18,day,2022.17,disk,1.5e-05,USD per MB (nominal),USD,1.49975e-05,4000000.0,59.99,"Western Digital | 4TB, 5400rpm, 256MB | 3.5 | SATA-3",NewEgg.com,Web,http://web.archive.org/web/20250614051021/http://jcmit.net/diskprice.htm,False
2022-04-23,day,2022.25,disk,1.62e-05,USD per MB (nominal),USD,1.6248750000000003e-05,8000000.0,129.99,"Western Digital | 8TB, 5640rpm, 128MB | 3.5 | SATA-3",NewEgg.com,Web,http://web.archive.org/web/20250614051021/http://jcmit.net/diskprice.htm,False
2022-05-15,day,2022.33,disk,1.62e-05,USD per MB (nominal),USD,1.6248750000000003e-05,8000000.0,129.99,"Western Digital | 8TB, 5640rpm, 128MB | 3.5 | SATA-3",NewEgg.com,Web,http://web.archive.org/web/20250614051021/http://jcmit.net/diskprice.htm,False
2022-06-18,day,2022.42,disk,1.62e-05,USD per MB (nominal),USD,1.62475e-05,4000000.0,64.99,"Western Digital | 4TB, 5400rpm, 256MB | 3.5 | SATA-3",NewEgg.com,Web,http://web.archive.org/web/20250614051021/http://jcmit.net/diskprice.htm,False
2022-08-20,day,2022.58,disk,1.43e-05,USD per MB (nominal),USD,1.4285000000000001e-05,14000000.0,199.99,"Seagate | 14TB, 7200rpm, 256MB | 3.5 | SATA-3",NewEgg.com,Web,http://web.archive.org/web/20250614051021/http://jcmit.net/diskprice.htm,False
2022-09-16,day,2022.67,disk,1.5e-05,USD per MB (nominal),USD,1.499875e-05,8000000.0,119.99,"Western Digital | 8TB, 5640rpm, 128MB | 3.5 | SATA-3",NewEgg.com,Web,http://web.archive.org/web/20250614051021/http://jcmit.net/diskprice.htm,False
2022-10-18,day,2022.75,disk,1.5e-05,USD per MB (nominal),USD,1.499875e-05,8000000.0,119.99,"Western Digital | 8TB, 5640rpm, 128MB | 3.5 | SATA-3",NewEgg.com,Web,http://web.archive.org/web/20250614051021/http://jcmit.net/diskprice.htm,False
2022-11-05,day,2022.83,disk,1.5e-05,USD per MB (nominal),USD,1.4998333333333332e-05,6000000.0,89.99,"Western Digital | 6TB, 5400rpm, 256MB | 3.5 | SATA-3",NewEgg.com,Web,http://web.archive.org/web/20250614051021/http://jcmit.net/diskprice.htm,False
2022-12-18,day,2022.92,disk,1.5e-05,USD per MB (nominal),USD,1.4998333333333332e-05,6000000.0,89.99,"Western Digital | 6TB, 5400rpm, 256MB | 3.5 | SATA-3",NewEgg.com,Web,http://web.archive.org/web/20250614051021/http://jcmit.net/diskprice.htm,False
2023-01-18,day,2023.00,disk,1.5e-05,USD per MB (nominal),USD,1.499875e-05,8000000.0,119.99,"Seagate | 8TB, 5400rpm, 256MB | 3.5 | SATA-3",NewEgg.com,Web,http://web.archive.org/web/20250614051021/http://jcmit.net/diskprice.htm,False
2023-02-18,day,2023.08,disk,1.5e-05,USD per MB (nominal),USD,1.499875e-05,8000000.0,119.99,"Seagate | 8TB, 7200rpm, 256MB | 3.5 | SATA-3",NewEgg.com,Web,http://web.archive.org/web/20250614051021/http://jcmit.net/diskprice.htm,False
2023-03-18,day,2023.17,disk,1.44e-05,USD per MB (nominal),USD,1.437375e-05,8000000.0,114.99,"Seagate | 8TB, 7200rpm, 256MB | 3.5 | SATA-3",NewEgg.com,Web,http://web.archive.org/web/20250614051021/http://jcmit.net/diskprice.htm,False
2023-05-06,day,2023.33,disk,1.25e-05,USD per MB (nominal),USD,1.249875e-05,8000000.0,99.99,"Western Digital | 8TB, 5640rpm, 128MB | 3.5 | SATA-3",NewEgg.com,Web,http://web.archive.org/web/20250614051021/http://jcmit.net/diskprice.htm,False
2023-06-17,day,2023.42,disk,1.4e-05,USD per MB (nominal),USD,1.3997500000000001e-05,8000000.0,111.98,"Western Digital | 8TB, 5640rpm, 128MB | 3.5 | SATA-3",NewEgg.com,Web,http://web.archive.org/web/20250614051021/http://jcmit.net/diskprice.htm,False
2023-07-18,day,2023.50,disk,1.5e-05,USD per MB (nominal),USD,1.499875e-05,8000000.0,119.99,"Seagate | 8TB, 5400rpm, 256MB | 3.5 | SATA-3",NewEgg.com,Web,http://web.archive.org/web/20250614051021/http://jcmit.net/diskprice.htm,False
2023-09-19,day,2023.67,disk,1.5e-05,USD per MB (nominal),USD,1.499875e-05,8000000.0,119.99,"Seagate | 8TB, 5400rpm, 256MB | 3.5 | SATA-3",NewEgg.com,Web,http://web.archive.org/web/20250614051021/http://jcmit.net/diskprice.htm,False
2023-10-20,day,2023.75,disk,1.37e-05,USD per MB (nominal),USD,1.374875e-05,8000000.0,109.99,"Seagate | 8TB, 5400rpm, 256MB | 3.5 | SATA-3",NewEgg.com,Web,http://web.archive.org/web/20250614051021/http://jcmit.net/diskprice.htm,False
2023-11-16,day,2023.83,disk,1.37e-05,USD per MB (nominal),USD,1.374875e-05,8000000.0,109.99,"Seagate | 8TB, 5400rpm, 256MB | 3.5 | SATA-3",NewEgg.com,Web,http://web.archive.org/web/20250614051021/http://jcmit.net/diskprice.htm,False
2024-01-14,day,2024.00,disk,1.37e-05,USD per MB (nominal),USD,1.374875e-05,8000000.0,109.99,"Seagate | 8TB, 5400rpm, 256MB | 3.5 | SATA-3",NewEgg.com,Web,http://web.archive.org/web/20250614051021/http://jcmit.net/diskprice.htm,False
2024-02-21,day,2024..8,disk,1.5e-05,USD per MB (nominal),USD,1.49975e-05,8000000.0,119.98,"Seagate | 8TB, 5400rpm, 256MB | 3.5 | SATA-3",NewEgg.com,Web,http://web.archive.org/web/20250614051021/http://jcmit.net/diskprice.htm,False
2024-03-21,day,2024.17,disk,1.66e-05,USD per MB (nominal),USD,1.66225e-05,8000000.0,132.98,"Weatern Digital | 8TB, 5640rpm, 256MB | 3.5 | SATA-3",NewEgg.com,Web,http://web.archive.org/web/20250614051021/http://jcmit.net/diskprice.htm,False
2024-05-16,day,2024.33,disk,1.62e-05,USD per MB (nominal),USD,1.6248750000000003e-05,8000000.0,129.99,"Western Digital | 8TB, 5640rpm, 128MB | 3.5 | SATA-3",NewEgg.com,Web,http://web.archive.org/web/20250614051021/http://jcmit.net/diskprice.htm,False
2024-07-28,day,2024.50,disk,1.4e-05,USD per MB (nominal),USD,1.3997500000000001e-05,8000000.0,111.98,"Seagate | 8TB, 5400rpm, 256MB | 3.5 | SATA-3",NewEgg.com,Web,http://web.archive.org/web/20250614051021/http://jcmit.net/diskprice.htm,False
2003-03-25,day,2003.17,flash,0.258,USD per MB (nominal),USD,0.2578125,128.0,33.0,Samsung | 128MB Flash | Smart Media,NewEgg.com,Pcmag 95,http://web.archive.org/web/20250614035024/http://jcmit.net/flashprice.htm,False
2003-08-19,day,2003.58,flash,0.191,USD per MB (nominal),USD,0.19140625,256.0,49.0,Dana-Elec | DA-CF256 | 256MB Flash | Compact Flash,NewEgg.com,Pcmag 118,http://web.archive.org/web/20250614035024/http://jcmit.net/flashprice.htm,False
2003-10-01,day,2003.75,flash,0.219,USD per MB (nominal),USD,0.21875,256.0,56.0,Delkin | eFilm-256MB | 256MB Flash | Compact Flash,NewEgg.com,Pcmag 114,http://web.archive.org/web/20250614035024/http://jcmit.net/flashprice.htm,False
2004-01-01,month,2004.00,flash,0.191,USD per MB (nominal),USD,0.19140625,256.0,49.0,Simpletech | 256MB Flash | Compact Flash,pcclub.com,Pcmag 146,http://web.archive.org/web/20250614035024/http://jcmit.net/flashprice.htm,False
2004-03-16,day,2004.17,flash,0.238,USD per MB (nominal),USD,0.23828125,256.0,61.0,SanDisk | 256MB Flash | Compact Flash ultra II,NewEgg.com,Pcmag 115,http://web.archive.org/web/20250614035024/http://jcmit.net/flashprice.htm,False
2004-05-04,day,2004.33,flash,0.266,USD per MB (nominal),USD,0.265625,256.0,68.0,SanDisk | 256MB Flash | Compact Flash ultra II,NewEgg.com,Pcmag 43,http://web.archive.org/web/20250614035024/http://jcmit.net/flashprice.htm,False
2004-06-08,day,2004.42,flash,0.223,USD per MB (nominal),USD,0.22265625,256.0,57.0,SanDisk | 256MB Flash | Compact Flash ultra II,NewEgg.com,Pcmag 37,http://web.archive.org/web/20250614035024/http://jcmit.net/flashprice.htm,False
2005-07-01,month,2005.50,flash,0.0762,USD per MB (nominal),USD,0.07615234375,512.0,38.99,Crucial | 512MB Flash | Compact Flash,Crucial.com,Pcmag 55,http://web.archive.org/web/20250614035024/http://jcmit.net/flashprice.htm,False
2006-05-25,day,2006.33,flash,0.0219,USD per MB (nominal),USD,0.021474609375,2048.0,43.98,Transcend | TS2GSDC | 2GB Flash | Secure Digital,NewEgg.com,Web,http://web.archive.org/web/20250614035024/http://jcmit.net/flashprice.htm,False
2006-09-01,day,2006.67,flash,0.0156,USD per MB (nominal),USD,0.01562255859375,4096.0,63.99,Patriot | 4GB Flash | USB Flash Drive,NewEgg.com,Web,http://web.archive.org/web/20250614035024/http://jcmit.net/flashprice.htm,False
2006-11-25,day,2006.83,flash,0.0146,USD per MB (nominal),USD,0.014638671875,2048.0,29.98,PNY | Attache | 2GB Flash | USB Flash Drive,NewEgg.com,Web,http://web.archive.org/web/20250614035024/http://jcmit.net/flashprice.htm,False
2007-01-28,day,2007.00,flash,0.0122,USD per MB (nominal),USD,0.0122021484375,4096.0,49.98,Wintec | Filemate | 4GB Flash | USB Flash Drive,NewEgg.com,Web,http://web.archive.org/web/20250614035024/http://jcmit.net/flashprice.htm,False
2007-03-15,day,2007.17,flash,0.0104,USD per MB (nominal),USD,0.01037353515625,8192.0,84.98,Transcend | TS8GCF120 | 8GB Flash | Compact Flash,NewEgg.com,Web,http://web.archive.org/web/20250614035024/http://jcmit.net/flashprice.htm,False
2007-05-07,day,2007.33,flash,0.0105,USD per MB (nominal),USD,0.010537109375,2048.0,21.58,Kingston | 2GBKR | 2GB Flash | Secure Data,NewEgg.com,Web,http://web.archive.org/web/20250614035024/http://jcmit.net/flashprice.htm,False
2007-07-09,day,2007.50,flash,0.00976,USD per MB (nominal),USD,0.0097607421875,4096.0,39.98,R-Data | 4GB SDHCR4G-LIG | 4GB Flash | Secure Data,NewEgg.com,Web,http://web.archive.org/web/20250614035024/http://jcmit.net/flashprice.htm,False
2007-09-30,day,2007.67,flash,0.00805,USD per MB (nominal),USD,0.0080517578125,4096.0,32.98,ADATA | 4GB SDHC | 4GB Flash | Secure Data HC,NewEgg.com,Web,http://web.archive.org/web/20250614035024/http://jcmit.net/flashprice.htm,False
2007-10-16,day,2007.75,flash,0.00763,USD per MB (nominal),USD,0.007628173828125,16384.0,124.98,ADATA | 16GB Flash | Compact Flash,NewEgg.com,Web,http://web.archive.org/web/20250614035024/http://jcmit.net/flashprice.htm,False
2007-11-10,day,2007.83,flash,0.00732,USD per MB (nominal),USD,0.00732177734375,4096.0,29.99,Corsair | 4GB Voyager CMFUSB | 8GB Flash | USB 2.0,NewEgg.com,Web,http://web.archive.org/web/20250614035024/http://jcmit.net/flashprice.htm,False
2007-12-05,day,2007.92,flash,0.00763,USD per MB (nominal),USD,0.0076287841796875,16384.0,124.99,Corsair | 16GB CMFUSB2.0 | 16GB Flash | USB2.0,NewEgg.com,Web,http://web.archive.org/web/20250614035024/http://jcmit.net/flashprice.htm,False
2008-01-18,day,2008.00,flash,0.00458,USD per MB (nominal),USD,0.004576416015625,16384.0,74.98,ADATA | 16GB Flash | Secure Data,NewEgg.com,Web,http://web.archive.org/web/20250614035024/http://jcmit.net/flashprice.htm,False
2008-02-20,day,2008.08,flash,0.00463,USD per MB (nominal),USD,0.0046337890625,4096.0,18.98,PQi | BK02-4033R0131 | 4GB Flash | USB 2.0,NewEgg.com,Web,http://web.archive.org/web/20250614035024/http://jcmit.net/flashprice.htm,False
2008-05-18,day,2008.33,flash,0.00415,USD per MB (nominal),USD,0.004149169921875,16384.0,67.98,ADATA | 16GB Turbo SDHC | 16GB Flash | Secure Data HC,NewEgg.com,Web,http://web.archive.org/web/20250614035024/http://jcmit.net/flashprice.htm,False
2008-07-07,day,2008.50,flash,0.00354,USD per MB (nominal),USD,0.003538818359375,16384.0,57.98,ADATA | 16GB Turbo SDHC | 16GB Flash | Secure Data HC,NewEgg.com,Web,http://web.archive.org/web/20250614035024/http://jcmit.net/flashprice.htm,False
2008-08-21,day,2008.58,flash,0.00305,USD per MB (nominal),USD,0.003050537109375,16384.0,49.98,ADATA | 16GB SDHC | 16GB Flash | Secure Data HC,NewEgg.com,Web,http://web.archive.org/web/20250614035024/http://jcmit.net/flashprice.htm,False
2008-09-25,day,2008.67,flash,0.00311,USD per MB (nominal),USD,0.003111572265625,16384.0,50.98,Transcend | TS16GCF | 16GB Flash | Secure Data HC,NewEgg.com,Web,http://web.archive.org/web/20250614035024/http://jcmit.net/flashprice.htm,False
2008-11-14,day,2008.83,flash,0.00183,USD per MB (nominal),USD,0.00183074951171875,32768.0,59.99,ADATA | 32GB Flash Drive | 32GB Flash | USB 2.0,NewEgg.com,Web,http://web.archive.org/web/20250614035024/http://jcmit.net/flashprice.htm,False
2008-12-14,day,2008.92,flash,0.00214,USD per MB (nominal),USD,0.00213592529296875,32768.0,69.99,Corsair | 32GB Flash Voyager | 32GB Flash | USB 2.0,NewEgg.com,Web,http://web.archive.org/web/20250614035024/http://jcmit.net/flashprice.htm,False
2009-01-19,day,2009.00,flash,0.00162,USD per MB (nominal),USD,0.0016168212890625,16384.0,26.49,OCZ | OCZUSBDSL16GB | 16GB Flash | USB 2.0,NewEgg.com,Web,http://web.archive.org/web/20250614035024/http://jcmit.net/flashprice.htm,False
2009-02-14,day,2009.08,flash,0.00168,USD per MB (nominal),USD,0.001678466796875,8192.0,13.75,HP | 8GB SDHC Q6276A | 8GB Flash | Secure Data HC,NewEgg.com,Web,http://web.archive.org/web/20250614035024/http://jcmit.net/flashprice.htm,False
2009-04-03,day,2009.25,flash,0.00204,USD per MB (nominal),USD,0.002044525146484375,65536.0,133.99,Patriot | 64GB Xporter Magnum | 64GB Flash | USB 2.0,NewEgg.com,Web,http://web.archive.org/web/20250614035024/http://jcmit.net/flashprice.htm,False
2009-06-03,day,2009.42,flash,0.00214,USD per MB (nominal),USD,0.0021356201171875,16384.0,34.99,ADATA | 16GB USB RB19-16G | 16GB Flash | USB 2.0,NewEgg.com,Web,http://web.archive.org/web/20250614035024/http://jcmit.net/flashprice.htm,False
2009-07-02,day,2009.50,flash,0.00195,USD per MB (nominal),USD,0.0019525146484375,16384.0,31.99,ADATA | 16GB C801 White | 16GB Flash | USB 2.0,NewEgg.com,Web,http://web.archive.org/web/20250614035024/http://jcmit.net/flashprice.htm,False
2009-08-20,day,2009.58,flash,0.00177,USD per MB (nominal),USD,0.00176971435546875,32768.0,57.99,ADATA | 32GB Sport Series | 32GB Flash | USB 2.0,NewEgg.com,Web,http://web.archive.org/web/20250614035024/http://jcmit.net/flashprice.htm,False
2009-10-07,day,2009.75,flash,0.00214,USD per MB (nominal),USD,0.0021356201171875,16384.0,34.99,Corsair | 16GB Flash Voyager | 16GB Flash | USB 2.0,NewEgg.com,Web,http://web.archive.org/web/20250614035024/http://jcmit.net/flashprice.htm,False
2009-12-12,day,2009.92,flash,0.00226,USD per MB (nominal),USD,0.0022576904296875,16384.0,36.99,ADATA | 16GB SDHC Flash | 16GB Flash | Secure Data HC,NewEgg.com,Web,http://web.archive.org/web/20250614035024/http://jcmit.net/flashprice.htm,False
2010-01-15,day,2010.00,flash,0.00244,USD per MB (nominal),USD,0.00244110107421875,32768.0,79.99,Corsair | 32GB Flash Voyager | 32GB Flash | USB 2.0,NewEgg.com,Web,http://web.archive.org/web/20250614035024/http://jcmit.net/flashprice.htm,False
2010-02-11,day,2010.08,flash,0.00226,USD per MB (nominal),USD,0.0022576904296875,16384.0,36.99,Lexar | 16GB Jump Drive | 16GB Flash | USB 2.0,NewEgg.com,Web,http://web.archive.org/web/20250614035024/http://jcmit.net/flashprice.htm,False
2010-03-10,day,2010.17,flash,0.00244,USD per MB (nominal),USD,0.002440185546875,8192.0,19.99,HP | 8GB 115 Series | 8GB Flash | USB 2.0,NewEgg.com,Web,http://web.archive.org/web/20250614035024/http://jcmit.net/flashprice.htm,False
2010-05-09,day,2010.33,flash,0.00201,USD per MB (nominal),USD,0.0020135498046875,16384.0,32.99,PNY | 16GB Mini Attache | 16GB Flash | USB 2.0,NewEgg.com,Web,http://web.archive.org/web/20250614035024/http://jcmit.net/flashprice.htm,False
2010-07-25,day,2010.50,flash,0.00193,USD per MB (nominal),USD,0.001934814453125,8192.0,15.85,Kingston | 8GB Micro SDHC | 8GB Flash | Secure Data HC,NewEgg.com,Web,http://web.archive.org/web/20250614035024/http://jcmit.net/flashprice.htm,False
2010-08-26,day,2010.58,flash,0.00176,USD per MB (nominal),USD,0.0017608642578125,16384.0,28.85,Lexar | 16GB Jump Drive | 16GB Flash | USB 2.0,NewEgg.com,Web,http://web.archive.org/web/20250614035024/http://jcmit.net/flashprice.htm,False
2010-10-07,day,2010.75,flash,0.00177,USD per MB (nominal),USD,0.0017694091796875,16384.0,28.99,Kingston | 16GB Data Traveller | 16GB Flash | USB 2.0,NewEgg.com,Web,http://web.archive.org/web/20250614035024/http://jcmit.net/flashprice.htm,False
2010-11-16,day,2010.83,flash,0.00146,USD per MB (nominal),USD,0.0014642333984375,16384.0,23.99,OCZ | 16GB Diesel | 16GB Flash | USB 2.0,NewEgg.com,Web,http://web.archive.org/web/20250614035024/http://jcmit.net/flashprice.htm,False
2010-12-10,day,2010.92,flash,0.00119,USD per MB (nominal),USD,0.00118988037109375,32768.0,38.99,Patriot | 32GB Transporter | 32GB Flash | USB 2.0,NewEgg.com,Web,http://web.archive.org/web/20250614035024/http://jcmit.net/flashprice.htm,False
2011-01-21,day,2011.00,flash,0.001403,USD per MB (nominal),USD,0.0014031982421875,16384.0,22.99,Transcend | 16GB JetFlash | 16GB Flash | USB 2.0,NewEgg.com,Web,http://web.archive.org/web/20250614035024/http://jcmit.net/flashprice.htm,False
2011-02-12,day,2011.08,flash,0.001251,USD per MB (nominal),USD,0.0012506103515625,32768.0,40.98,Verbatim | 32GB 97408 | 32GB Flash | USB 2.0,NewEgg.com,Web,http://web.archive.org/web/20250614035024/http://jcmit.net/flashprice.htm,False
2011-05-06,day,2011.33,flash,0.001342,USD per MB (nominal),USD,0.0013421630859375,16384.0,21.99,Patriot | 16GB Transporter | 16GB Flash | USB 2.0,NewEgg.com,Web,http://web.archive.org/web/20250614035024/http://jcmit.net/flashprice.htm,False
2011-06-22,day,2011.42,flash,0.001219,USD per MB (nominal),USD,0.001219482421875,16384.0,19.98,Transcend | 16GB JetFlash | 16GB Flash | USB 2.0,NewEgg.com,Web,http://web.archive.org/web/20250614035024/http://jcmit.net/flashprice.htm,False
2011-09-02,day,2011.67,flash,0.001007,USD per MB (nominal),USD,0.00100677490234375,32768.0,32.99,Team | 32GB Color Turn | 32GB Flash | USB 2.0,NewEgg.com,Web,http://web.archive.org/web/20250614035024/http://jcmit.net/flashprice.htm,False
2011-10-17,day,2011.75,flash,0.001037,USD per MB (nominal),USD,0.0010369873046875,16384.0,16.99,Verbatim | 16GB 97275 | 16GB Flash | USB 2.0,NewEgg.com,Web,http://web.archive.org/web/20250614035024/http://jcmit.net/flashprice.htm,False
2012-01-12,day,2012.00,flash,0.000824,USD per MB (nominal),USD,0.00082366943359375,32768.0,26.99,Corsair | 32GB Voyager | 32GB Flash | USB 2.0,NewEgg.com,Web,http://web.archive.org/web/20250614035024/http://jcmit.net/flashprice.htm,False
2012-02-13,day,2012.08,flash,0.000824,USD per MB (nominal),USD,0.00082366943359375,32768.0,26.99,Team | 32GB Color Turn | 32GB Flash | USB 2.0,NewEgg.com,Web,http://web.archive.org/web/20250614035024/http://jcmit.net/flashprice.htm,False
2012-04-08,day,2012.25,flash,0.000793,USD per MB (nominal),USD,0.00079315185546875,32768.0,25.99,Team | 32GB TG032GC101PX | 32GB Flash | USB 2.0,NewEgg.com,Web,http://web.archive.org/web/20250614035024/http://jcmit.net/flashprice.htm,False
2012-05-24,day,2012.33,flash,0.000702,USD per MB (nominal),USD,0.00070159912109375,32768.0,22.99,HP | 32GB P-FD32GHP165-EF | 32GB Flash | USB 2.0,NewEgg.com,Web,http://web.archive.org/web/20250614035024/http://jcmit.net/flashprice.htm,False
2012-08-20,day,2012.58,flash,0.00058,USD per MB (nominal),USD,0.00057952880859375,32768.0,18.99,Transcend | 32GB Jetflash 530 | 32GB Flash | USB 2.0,NewEgg.com,Web,http://web.archive.org/web/20250614035024/http://jcmit.net/flashprice.htm,False
2012-09-21,day,2012.62,flash,0.00061,USD per MB (nominal),USD,0.0006097412109375,16384.0,9.99,Kingston | 16GB DT1G3/16GBZ | 16GB Flash | USB 2.0,NewEgg.com,Web,http://web.archive.org/web/20250614035024/http://jcmit.net/flashprice.htm,False
2012-11-17,day,2012.83,flash,0.00061,USD per MB (nominal),USD,0.0006097412109375,16384.0,9.99,Kingston | 16GB DTSE9H/16GBZ | 16GB Flash | USB 2.0,NewEgg.com,Web,http://web.archive.org/web/20250614035024/http://jcmit.net/flashprice.htm,False
2013-01-17,day,2013.00,flash,0.000458,USD per MB (nominal),USD,0.000411834716796875,65536.0,26.99,DNY | 64GB P-FD64GATT2-GE | 64GB Flash | USB 2.0,NewEgg.com,Web,http://web.archive.org/web/20250614035024/http://jcmit.net/flashprice.htm,False
2013-02-23,day,2013.08,flash,0.000518,USD per MB (nominal),USD,0.00051849365234375,32768.0,16.99,Lexar | 32GB LEHZX32GBSBNA | 32GB Flash | USB 2.0,NewEgg.com,Web,http://web.archive.org/web/20250614035024/http://jcmit.net/flashprice.htm,False
2013-05-18,day,2013.33,flash,0.00058,USD per MB (nominal),USD,0.00057952880859375,65536.0,37.98,Transcend | 64GB JetFlash 760 | 64GB Flash | USB 3.0,NewEgg.com,Web,http://web.archive.org/web/20250614035024/http://jcmit.net/flashprice.htm,False
2013-06-30,day,2013.42,flash,0.000564,USD per MB (nominal),USD,0.00056427001953125,65536.0,36.98,Transcend | 64GB JetFlash 760 | 64GB Flash | USB 3.0,NewEgg.com,Web,http://web.archive.org/web/20250614035024/http://jcmit.net/flashprice.htm,False
2013-08-09,day,2013.58,flash,0.000564,USD per MB (nominal),USD,0.00056427001953125,65536.0,36.98,Transcend | 64GB JetFlash 760 | 64GB Flash | USB 3.0,NewEgg.com,Web,http://web.archive.org/web/20250614035024/http://jcmit.net/flashprice.htm,False
2013-09-07,day,2013.62,flash,0.000564,USD per MB (nominal),USD,0.00056427001953125,65536.0,36.98,Transcend | 64GB JetFlash 760 | 64GB Flash | USB 3.0,NewEgg.com,Web,http://web.archive.org/web/20250614035024/http://jcmit.net/flashprice.htm,False
2013-10-16,day,2013.75,flash,0.000534,USD per MB (nominal),USD,0.00053375244140625,65536.0,34.98,Centon | 64GB S1-U2W1-64G | 64GB Flash | USB 2.0,NewEgg.com,Web,http://web.archive.org/web/20250614035024/http://jcmit.net/flashprice.htm,False
2013-11-10,day,2013.83,flash,0.000542,USD per MB (nominal),USD,0.000541534423828125,131072.0,70.98,Centon | 128GB | 128GB Flash | USB 2.0,NewEgg.com,Web,http://web.archive.org/web/20250614035024/http://jcmit.net/flashprice.htm,False
2013-12-23,day,2013.92,flash,0.000548,USD per MB (nominal),USD,0.000548095703125,16384.0,8.98,ADATA | 16GB | 16GB Flash | USB 2.0,NewEgg.com,Web,http://web.archive.org/web/20250614035024/http://jcmit.net/flashprice.htm,False
2014-02-08,day,2014.08,flash,0.000457,USD per MB (nominal),USD,0.0004571533203125,32768.0,14.98,Transcend | 32GB | 32GB Flash | USB 2.0,NewEgg.com,Web,http://web.archive.org/web/20250614035024/http://jcmit.net/flashprice.htm,False
2014-03-13,day,2014.17,flash,0.000473,USD per MB (nominal),USD,0.00047271728515625,65536.0,30.98,Team | 64GB | 64GB Flash | USB 2.0,NewEgg.com,Web,http://web.archive.org/web/20250614035024/http://jcmit.net/flashprice.htm,False
2014-04-10,day,2014.25,flash,0.000366,USD per MB (nominal),USD,0.00036590576171875,32768.0,11.99,Silicon Power | 32GB | 32GB Flash | USB 2.0,NewEgg.com,Web,http://web.archive.org/web/20250614035024/http://jcmit.net/flashprice.htm,False
2014-06-19,day,2014.42,flash,0.000389,USD per MB (nominal),USD,0.000388946533203125,131072.0,50.98,PNY | 128GB Turbo | 128GB | USB 3.0,NewEgg.com,Web,http://web.archive.org/web/20250614035024/http://jcmit.net/flashprice.htm,False
2014-08-02,day,2014.58,flash,0.000335,USD per MB (nominal),USD,0.0003350830078125,32768.0,10.98,ADATA | 32GB Dash Drive | 32GB Flash | USB 2.0,NewEgg.com,Web,http://web.archive.org/web/20250614035024/http://jcmit.net/flashprice.htm,False
2014-09-13,day,2014.67,flash,0.000345,USD per MB (nominal),USD,0.00034454345703125,65536.0,22.58,Silicon Power | 64GB Ultima | 64GB Flash | USB 2.0,NewEgg.com,Web,http://web.archive.org/web/20250614035024/http://jcmit.net/flashprice.htm,False
2014-11-11,day,2014.83,flash,0.000335,USD per MB (nominal),USD,0.000334930419921875,65536.0,21.95,Lexar | 64GB JumpDrive S50 | 64GB Flash | USB 2.0,NewEgg.com,Web,http://web.archive.org/web/20250614035024/http://jcmit.net/flashprice.htm,False
2015-01-22,day,2015.00,flash,0.000396,USD per MB (nominal),USD,0.00039642333984375,65536.0,25.98,ADATA | 64GB DashDrive UV128 | 64GB Flash | USB 3.0,NewEgg.com,Web,http://web.archive.org/web/20250614035024/http://jcmit.net/flashprice.htm,False
2015-02-15,day,2015.08,flash,0.000396,USD per MB (nominal),USD,0.00039642333984375,65536.0,25.98,ADATA | 64GB DashDrive UV128 | 64GB Flash | USB 3.0,NewEgg.com,Web,http://web.archive.org/web/20250614035024/http://jcmit.net/flashprice.htm,False
2015-04-11,day,2015.25,flash,0.000368,USD per MB (nominal),USD,0.000366058349609375,131072.0,47.98,PNY | 128GB Attache 2 | 128GB Flash | USB 3.0,NewEgg.com,Web,http://web.archive.org/web/20250614035024/http://jcmit.net/flashprice.htm,False
2015-05-15,day,2015.33,flash,0.000275,USD per MB (nominal),USD,0.000274505615234375,131072.0,35.98,PNY | 128GB Attache 2 | 128GB Flash | USB 3.0,NewEgg.com,Web,http://web.archive.org/web/20250614035024/http://jcmit.net/flashprice.htm,False
2015-07-10,day,2015.50,flash,0.000145,USD per MB (nominal),USD,0.000144805908203125,65536.0,9.49,Smack Tom | 64GB | 64GB Flash | USB 2.0,NewEgg.com,Web,http://web.archive.org/web/20250614035024/http://jcmit.net/flashprice.htm,False
2015-08-23,day,2015.58,flash,0.000236,USD per MB (nominal),USD,0.000236358642578125,131072.0,30.98,SanDisk | 128GB Cruzer | 128GB Flash | USB 2.0,NewEgg.com,Web,http://web.archive.org/web/20250614035024/http://jcmit.net/flashprice.htm,False
2015-09-22,day,2015.67,flash,0.000274,USD per MB (nominal),USD,0.00027435302734375,65536.0,17.98,Team | 64GB TC15164GS01 | 64GB Flash | USB 2.0,NewEgg.com,Web,http://web.archive.org/web/20250614035024/http://jcmit.net/flashprice.htm,False
2015-10-24,day,2015.75,flash,0.000229,USD per MB (nominal),USD,0.000228729248046875,131072.0,29.98,ADATA | 128GB | 128GB Flash | USB 3.0,NewEgg.com,Web,http://web.archive.org/web/20250614035024/http://jcmit.net/flashprice.htm,False
2015-11-21,day,2015.83,flash,0.000221,USD per MB (nominal),USD,0.000221099853515625,131072.0,28.98,Patriot | 128GB Slate 3 | 128GB Flash | USB 3.0,NewEgg.com,Web,http://web.archive.org/web/20250614035024/http://jcmit.net/flashprice.htm,False
2015-12-18,day,2015.92,flash,0.000214,USD per MB (nominal),USD,0.0002135467529296875,131072.0,27.99,ADATA | 128GB USA UV128-128G-RBE | 128GB Flash | USB 3.0,NewEgg.com,Web,http://web.archive.org/web/20250614035024/http://jcmit.net/flashprice.htm,False
2016-02-14,day,2016.08,flash,0.000228,USD per MB (nominal),USD,0.000227813720703125,65536.0,14.93,Silicon Power | 64GB Blaze B05 | 64GB Flash | USB 3.0,NewEgg.com,Web,http://web.archive.org/web/20250614035024/http://jcmit.net/flashprice.htm,False
2016-04-11,day,2016.25,flash,0.000214,USD per MB (nominal),USD,0.0002135467529296875,131072.0,27.99,ADATA | 128GB USA UV128-128G-RBE | 128GB Flash | USB 3.0,NewEgg.com,Web,http://web.archive.org/web/20250614035024/http://jcmit.net/flashprice.htm,False
2016-05-18,day,2016.33,flash,0.000214,USD per MB (nominal),USD,0.0002135467529296875,131072.0,27.99,SanDisk | 128GB CruzerCZ36 | 128GB Flash | USB 2.0,NewEgg.com,Web,http://web.archive.org/web/20250614035024/http://jcmit.net/flashprice.htm,False
2016-06-20,day,2016.42,flash,0.000191,USD per MB (nominal),USD,0.0001906585693359375,131072.0,24.99,PNY | 128GB HP V150w | 128GB Flash | USB 2.0,NewEgg.com,Web,http://web.archive.org/web/20250614035024/http://jcmit.net/flashprice.htm,False
2016-07-22,day,2016.50,flash,0.000194,USD per MB (nominal),USD,0.0001982879638671875,131072.0,25.99,SanDisk | 128GB Cruzer CZ36 | 128GB Flash | USB 2.0,NewEgg.com,Web,http://web.archive.org/web/20250614035024/http://jcmit.net/flashprice.htm,False
2016-08-22,day,2016.58,flash,0.000198,USD per MB (nominal),USD,0.0001982879638671875,131072.0,25.99,SanDisk | 128GB Ultraflair CZ36 | 128GB Flash | USB 3.0,NewEgg.com,Web,http://web.archive.org/web/20250614035024/http://jcmit.net/flashprice.htm,False
2016-10-15,day,2016.75,flash,0.000153,USD per MB (nominal),USD,0.0001525115966796875,131072.0,19.99,PNY | 128GB Attache | 128GB Flash | USB 2.0,NewEgg.com,Web,http://web.archive.org/web/20250614035024/http://jcmit.net/flashprice.htm,False
2016-11-15,day,2016.83,flash,0.000183,USD per MB (nominal),USD,0.00018306732177734376,262144.0,47.99,PNY | 256GB Turbo | 256GB Flash | USB 3.0,NewEgg.com,Web,http://web.archive.org/web/20250614035024/http://jcmit.net/flashprice.htm,False
2016-12-21,day,2016.92,flash,0.00016,USD per MB (nominal),USD,0.000160064697265625,131072.0,20.98,SanDisk | 128GB Cruzer CZ36 | 128GB Flash | USB 2.0,NewEgg.com,Web,http://web.archive.org/web/20250614035024/http://jcmit.net/flashprice.htm,False
2017-01-15,day,2017.00,flash,0.000183,USD per MB (nominal),USD,0.000182952880859375,131072.0,23.98,SanDisk | 128GB Cruzer CZ36 | 128GB Flash | USB 2.0,NewEgg.com,Web,http://web.archive.org/web/20250614035024/http://jcmit.net/flashprice.htm,False
2017-03-12,day,2017.17,flash,0.00021,USD per MB (nominal),USD,0.00020961761474609376,262144.0,54.95,Lexar | 256GB Jump Drive S75 | 256GB Flash | USB 3.0,NewEgg.com,Web,http://web.archive.org/web/20250614035024/http://jcmit.net/flashprice.htm,False
2017-05-05,day,2017.33,flash,0.000214,USD per MB (nominal),USD,0.0002135467529296875,131072.0,27.99,Team | 128GB Group C155 | 128GB Flash | USB 3.0,NewEgg.com,Web,http://web.archive.org/web/20250614035024/http://jcmit.net/flashprice.htm,False
2017-06-22,day,2017.42,flash,0.000236,USD per MB (nominal),USD,0.000236358642578125,131072.0,30.98,SanDisk | 128GB Cruzer CZ36 | 128GB Flash | USB 2.0,NewEgg.com,Web,http://web.archive.org/web/20250614035024/http://jcmit.net/flashprice.htm,False
2017-07-22,day,2017.50,flash,0.000233,USD per MB (nominal),USD,0.0002326202392578125,262144.0,60.98,SanDisk | 256GB Cruzer CZ36 | 256GB Flash | USB 2.0,NewEgg.com,Web,http://web.archive.org/web/20250614035024/http://jcmit.net/flashprice.htm,False
2017-09-19,day,2017.67,flash,0.000233,USD per MB (nominal),USD,0.0002326202392578125,262144.0,60.98,SanDisk | 256GB Cruzer CZ36 | 256GB Flash | USB 2.0,NewEgg.com,Web,http://web.archive.org/web/20250614035024/http://jcmit.net/flashprice.htm,False
2017-10-27,day,2017.75,flash,0.000233,USD per MB (nominal),USD,0.0002326202392578125,262144.0,60.98,SanDisk | 256GB Cruzer CZ36 | 256GB Flash | USB 2.0,NewEgg.com,Web,http://web.archive.org/web/20250614035024/http://jcmit.net/flashprice.htm,False
2017-12-12,day,2017.92,flash,0.000214,USD per MB (nominal),USD,0.0002135467529296875,131072.0,27.99,SanDisk | 128GB Cruzer CZ36 | 128GB Flash | USB 2.0,NewEgg.com,Web,http://web.archive.org/web/20250614035024/http://jcmit.net/flashprice.htm,False
1957-01-01,year,1957.00,memory,411041792.0,USD per MB (nominal),USD,409600000.0,9.5703125e-07,392.0,transistor Flip-Flop,C.C.C.,Phister 366,http://web.archive.org/web/20250716092935/http://jcmit.net/memoryprice.htm,False
1959-01-01,year,1959.00,memory,67947725.0,USD per MB (nominal),USD,67709387.75510204,9.5703125e-07,64.8,vacuum tube Flip-Flop,E.E.Co.,Phister 366,http://web.archive.org/web/20250716092935/http://jcmit.net/memoryprice.htm,False
1960-01-01,year,1960.00,memory,5242880.0,USD per MB (nominal),USD,5224489.795918368,9.5703125e-07,5.0,IBM 1401 core memory,IBM,Phister 367,http://web.archive.org/web/20250716092935/http://jcmit.net/memoryprice.htm,False
1965-01-01,year,1965.00,memory,2642412.0,USD per MB (nominal),USD,2633142.8571428573,9.5703125e-07,2.52,IBM 360/30 core memory,IBM,Phister 367,http://web.archive.org/web/20250716092935/http://jcmit.net/memoryprice.htm,False
1970-01-01,year,1970.00,memory,734003.0,USD per MB (nominal),USD,731428.5714285714,9.5703125e-07,0.7,IBM 370/135 core memory,IBM,Phister 367,http://web.archive.org/web/20250716092935/http://jcmit.net/memoryprice.htm,False
1973-01-01,month,1973.00,memory,399360.0,USD per MB (nominal),USD,399360.0,0.01171875,4680.0,Core memory 8KwordX12 bit,DEC,PDP8/e User Price List,http://web.archive.org/web/20250716092935/http://jcmit.net/memoryprice.htm,False
1974-01-01,year,1974.00,memory,314573.0,USD per MB (nominal),USD,313469.387755102,9.5703125e-07,0.3,IC Memory for IBM 370/125,IBM,Phister 367,http://web.archive.org/web/20250716092935/http://jcmit.net/memoryprice.htm,False
1975-01-01,month,1975.00,memory,421888.0,USD per MB (nominal),USD,421888.0,0.000244140625,103.0,Altair 8800 256 Byte Static Board,MITS,Radio-Electronics,http://web.archive.org/web/20250716092935/http://jcmit.net/memoryprice.htm,False
1975-02-01,month,1975.08,memory,180224.0,USD per MB (nominal),USD,180224.0,0.0009765625,176.0,Altair 1K Static Board,MITS,,http://web.archive.org/web/20250716092935/http://jcmit.net/memoryprice.htm,False
1975-04-01,month,1975.25,memory,67584.0,USD per MB (nominal),USD,67584.0,0.00390625,264.0,Altair 4K DRAM Board,MITS,,http://web.archive.org/web/20250716092935/http://jcmit.net/memoryprice.htm,False
1975-10-01,month,1975.75,memory,49920.0,USD per MB (nominal),USD,49920.0,0.00390625,195.0,Altair 4K Static(2102) RAM Board,MITS,,http://web.archive.org/web/20250716092935/http://jcmit.net/memoryprice.htm,False
1976-01-01,month,1976.00,memory,40704.0,USD per MB (nominal),USD,40704.0,0.00390625,159.0,Altair 4K Static(2102) RAM Board,MITS,,http://web.archive.org/web/20250716092935/http://jcmit.net/memoryprice.htm,False
1976-03-01,month,1976.17,memory,48960.0,USD per MB (nominal),USD,48960.0,0.015625,765.0,Altair 16K Static RAM Board,MITS,,http://web.archive.org/web/20250716092935/http://jcmit.net/memoryprice.htm,False
1976-06-01,month,1976.42,memory,23040.0,USD per MB (nominal),USD,23040.0,0.00390625,90.0,SD Sales 4K Static Board,SD Sales,,http://web.archive.org/web/20250716092935/http://jcmit.net/memoryprice.htm,False
1976-08-01,month,1976.58,memory,32000.0,USD per MB (nominal),USD,32000.0,0.0078125,250.0,8K Static RAM Board,,,http://web.archive.org/web/20250716092935/http://jcmit.net/memoryprice.htm,False
1977-02-01,month,1977.08,memory,36800.0,USD per MB (nominal),USD,36800.0,0.015625,575.0,S-100 16K,TDL,,http://web.archive.org/web/20250716092935/http://jcmit.net/memoryprice.htm,False
1978-03-01,month,1978.17,memory,28000.0,USD per MB (nominal),USD,28000.0,0.0625,1750.0,S-100 64K,,,http://web.archive.org/web/20250716092935/http://jcmit.net/memoryprice.htm,False
1978-04-01,month,1978.25,memory,29440.0,USD per MB (nominal),USD,29440.0,0.015625,460.0,,,,http://web.archive.org/web/20250716092935/http://jcmit.net/memoryprice.htm,False
1978-05-01,month,1978.33,memory,19200.0,USD per MB (nominal),USD,19200.0,0.015625,300.0,,,,http://web.archive.org/web/20250716092935/http://jcmit.net/memoryprice.htm,False
1978-07-01,month,1978.50,memory,24000.0,USD per MB (nominal),USD,24000.0,0.0625,1500.0,,Extensis,,http://web.archive.org/web/20250716092935/http://jcmit.net/memoryprice.htm,False
1978-08-01,month,1978.58,memory,16000.0,USD per MB (nominal),USD,16000.0,0.0078125,125.0,,,,http://web.archive.org/web/20250716092935/http://jcmit.net/memoryprice.htm,False
1978-10-01,month,1978.75,memory,15200.0,USD per MB (nominal),USD,15200.0,0.03125,475.0,,,,http://web.archive.org/web/20250716092935/http://jcmit.net/memoryprice.htm,False
1979-01-01,month,1979.00,memory,10528.0,USD per MB (nominal),USD,10528.0,0.03125,329.0,,,Interface Age 124,http://web.archive.org/web/20250716092935/http://jcmit.net/memoryprice.htm,False
1979-10-01,month,1979.75,memory,6704.0,USD per MB (nominal),USD,6704.0,0.0625,419.0,"S-100, SD Sales/Jade 64K Kit",SD Sales - Jade,,http://web.archive.org/web/20250716092935/http://jcmit.net/memoryprice.htm,False
1980-01-01,month,1980.00,memory,6480.0,USD per MB (nominal),USD,6480.0,0.0625,405.0,,,Interface Age 121,http://web.archive.org/web/20250716092935/http://jcmit.net/memoryprice.htm,False
1981-01-01,month,1981.00,memory,8800.0,USD per MB (nominal),USD,8800.0,0.0625,550.0,,,Interface Age 141,http://web.archive.org/web/20250716092935/http://jcmit.net/memoryprice.htm,False
1981-08-01,month,1981.58,memory,4479.0,USD per MB (nominal),USD,4479.2,0.0625,279.95,,Jade,,http://web.archive.org/web/20250716092935/http://jcmit.net/memoryprice.htm,False
1982-01-01,month,1982.00,memory,3520.0,USD per MB (nominal),USD,3520.0,0.25,880.0,,,Interface Age 135,http://web.archive.org/web/20250716092935/http://jcmit.net/memoryprice.htm,False
1982-03-01,month,1982.17,memory,4464.0,USD per MB (nominal),USD,4464.0,0.0625,279.0,,,Microsystems,http://web.archive.org/web/20250716092935/http://jcmit.net/memoryprice.htm,False
1982-09-01,month,1982.67,memory,1980.0,USD per MB (nominal),USD,1980.0,0.25,495.0,,California Digital,BYTE,http://web.archive.org/web/20250716092935/http://jcmit.net/memoryprice.htm,False
1983-01-01,month,1983.00,memory,2396.0,USD per MB (nominal),USD,2396.0,0.25,599.0,,,Interface Age 153,http://web.archive.org/web/20250716092935/http://jcmit.net/memoryprice.htm,False
1983-09-01,month,1983.67,memory,1980.0,USD per MB (nominal),USD,1980.0,0.25,495.0,,California Digital,BYTE,http://web.archive.org/web/20250716092935/http://jcmit.net/memoryprice.htm,False
1984-01-01,month,1984.00,memory,1379.0,USD per MB (nominal),USD,1378.6666666666667,0.375,517.0,,,BYTE 64,http://web.archive.org/web/20250716092935/http://jcmit.net/memoryprice.htm,False
1984-08-01,month,1984.58,memory,1331.0,USD per MB (nominal),USD,1330.6666666666667,0.375,499.0,"IBM PC Board, 384K, $199+6*50 | 256",Advanced Computer Products,BYTE 467,http://web.archive.org/web/20250716092935/http://jcmit.net/memoryprice.htm,False
1985-01-01,month,1985.00,memory,880.0,USD per MB (nominal),USD,880.0,0.5,440.0,IBM 512K $199.95+8*29.97,Do Kay,BYTE 470,http://web.archive.org/web/20250716092935/http://jcmit.net/memoryprice.htm,False
1985-05-01,month,1985.33,memory,720.0,USD per MB (nominal),USD,720.0,0.5,360.0,IBM 512K $199.95+8*19.98,Do Kay,BYTE 507,http://web.archive.org/web/20250716092935/http://jcmit.net/memoryprice.htm,False
1985-06-01,month,1985.42,memory,550.0,USD per MB (nominal),USD,550.0,0.5,275.0,IBM 512K $149+8*15.75,Do Kay,BYTE 505,http://web.archive.org/web/20250716092935/http://jcmit.net/memoryprice.htm,False
1985-07-01,month,1985.50,memory,420.0,USD per MB (nominal),USD,420.0,0.5,210.0,IBM 512K $119+7*13,Fortron,BYTE 435,http://web.archive.org/web/20250716092935/http://jcmit.net/memoryprice.htm,False
1985-08-01,month,1985.58,memory,350.0,USD per MB (nominal),USD,349.5,2.0,699.0,2MB J-RAM-2 A&T $699 | 256,Jade,BYTE 418,http://web.archive.org/web/20250716092935/http://jcmit.net/memoryprice.htm,False
1985-09-01,month,1985.67,memory,300.0,USD per MB (nominal),USD,299.5,2.0,599.0,2MB J-RAM-2 A&T $599 | 256,Jade,BYTE 444,http://web.archive.org/web/20250716092935/http://jcmit.net/memoryprice.htm,False
1985-11-01,month,1985.83,memory,300.0,USD per MB (nominal),USD,299.5,2.0,599.0,2MB J-RAM-2 A&T $599 | 256,Jade,BYTE,http://web.archive.org/web/20250716092935/http://jcmit.net/memoryprice.htm,False
1985-12-01,month,1985.92,memory,300.0,USD per MB (nominal),USD,299.5,2.0,599.0,2MB J-RAM-2 A&T $599 | 256,Jade,BYTE,http://web.archive.org/web/20250716092935/http://jcmit.net/memoryprice.htm,False
1986-01-01,month,1986.00,memory,300.0,USD per MB (nominal),USD,299.5,2.0,599.0,2MB J-RAM-2 A&T $599 | 256,Jade,BYTE,http://web.archive.org/web/20250716092935/http://jcmit.net/memoryprice.htm,False
1986-02-01,month,1986.08,memory,300.0,USD per MB (nominal),USD,299.5,2.0,599.0,2MB J-RAM-2 A&T $599 | 256,Jade,BYTE,http://web.archive.org/web/20250716092935/http://jcmit.net/memoryprice.htm,False
1986-03-01,month,1986.17,memory,300.0,USD per MB (nominal),USD,299.5,2.0,599.0,2MB J-RAM-2 A&T $599 | 256,Jade,BYTE,http://web.archive.org/web/20250716092935/http://jcmit.net/memoryprice.htm,False
1986-04-01,month,1986.25,memory,300.0,USD per MB (nominal),USD,299.5,2.0,599.0,2MB J-RAM-2 A&T $599 | 256,Jade,BYTE,http://web.archive.org/web/20250716092935/http://jcmit.net/memoryprice.htm,False
1986-05-01,month,1986.33,memory,190.0,USD per MB (nominal),USD,189.5,3.0,568.5,JDR AT Multifuntion $199.95+49.95+318.60 | 256,JDR,BYTE,http://web.archive.org/web/20250716092935/http://jcmit.net/memoryprice.htm,False
1986-06-01,month,1986.42,memory,190.0,USD per MB (nominal),USD,189.5,3.0,568.5,JDR AT Multifuntion $199.95+49.95+318.60 | 256,JDR,BYTE,http://web.archive.org/web/20250716092935/http://jcmit.net/memoryprice.htm,False
1986-07-01,month,1986.50,memory,190.0,USD per MB (nominal),USD,189.5,3.0,568.5,JDR AT Multifuntion $199.95+49.95+318.60 | 256,JDR,BYTE,http://web.archive.org/web/20250716092935/http://jcmit.net/memoryprice.htm,False
1986-08-01,month,1986.58,memory,190.0,USD per MB (nominal),USD,189.5,3.0,568.5,JDR AT Multifuntion $199.95+49.95+318.60 | 256,JDR,BYTE,http://web.archive.org/web/20250716092935/http://jcmit.net/memoryprice.htm,False
1986-09-01,month,1986.67,memory,190.0,USD per MB (nominal),USD,189.5,3.0,568.5,JDR AT Multifuntion $199.95+49.95+318.60 | 256,JDR,BYTE,http://web.archive.org/web/20250716092935/http://jcmit.net/memoryprice.htm,False
1986-10-01,month,1986.75,memory,190.0,USD per MB (nominal),USD,189.5,3.0,568.5,JDR AT Multifuntion $199.95+49.95+318.60 | 256,JDR,BYTE,http://web.archive.org/web/20250716092935/http://jcmit.net/memoryprice.htm,False
1986-12-01,month,1986.92,memory,190.0,USD per MB (nominal),USD,189.5,3.0,568.5,JDR AT Multifuntion $199.95+49.95+318.60 | 256,JDR,BYTE,http://web.archive.org/web/20250716092935/http://jcmit.net/memoryprice.htm,False
1987-01-01,month,1987.00,memory,176.0,USD per MB (nominal),USD,176.16666666666666,3.0,528.5,JDR AT Multifuntion $139.95+49.95+3*36*2.95 | 256,JDR,BYTE 477,http://web.archive.org/web/20250716092935/http://jcmit.net/memoryprice.htm,False
1987-02-01,month,1987.08,memory,176.0,USD per MB (nominal),USD,176.16666666666666,3.0,528.5,JDR AT Multifuntion $139.95+49.95+3*36*2.95 | 256,JDR,BYTE,http://web.archive.org/web/20250716092935/http://jcmit.net/memoryprice.htm,False
1987-03-01,month,1987.17,memory,157.0,USD per MB (nominal),USD,157.0,3.0,471.0,Pine 3MB Multifunction $147+108*3 | 256,Pine,BYTE 383,http://web.archive.org/web/20250716092935/http://jcmit.net/memoryprice.htm,False
1987-04-01,month,1987.25,memory,154.0,USD per MB (nominal),USD,153.675,4.0,614.7,JDR MCT-ATRAM 4MB $149.95+39.95+4*36*2.95 | 256,JDR,BYTE,http://web.archive.org/web/20250716092935/http://jcmit.net/memoryprice.htm,False
1987-05-01,month,1987.33,memory,154.0,USD per MB (nominal),USD,153.675,4.0,614.7,JDR MCT-ATRAM 4MB $149.95+39.95+4*36*2.95 | 256,JDR,BYTE,http://web.archive.org/web/20250716092935/http://jcmit.net/memoryprice.htm,False
1987-06-01,month,1987.42,memory,154.0,USD per MB (nominal),USD,153.675,4.0,614.7,JDR MCT-ATRAM 4MB $149.95+39.95+4*36*2.95 | 256,JDR,BYTE,http://web.archive.org/web/20250716092935/http://jcmit.net/memoryprice.htm,False
1987-07-01,month,1987.50,memory,154.0,USD per MB (nominal),USD,153.675,4.0,614.7,JDR MCT-ATRAM 4MB $149.95+39.95+4*36*2.95 | 256,JDR,BYTE,http://web.archive.org/web/20250716092935/http://jcmit.net/memoryprice.htm,False
1987-08-01,month,1987.58,memory,154.0,USD per MB (nominal),USD,153.675,4.0,614.7,JDR MCT-ATRAM 4MB $149.95+39.95+4*36*2.95 | 256,JDR,BYTE,http://web.archive.org/web/20250716092935/http://jcmit.net/memoryprice.htm,False
1987-09-01,month,1987.67,memory,163.0,USD per MB (nominal),USD,162.82333333333335,3.0,488.47,JDR MCT-ATMF 3MB Multifunction | 256,JDR,BYTE,http://web.archive.org/web/20250716092935/http://jcmit.net/memoryprice.htm,False
1987-10-01,month,1987.75,memory,133.0,USD per MB (nominal),USD,133.0,3.0,399.0,AST Advantage AT w/3MB | 256,Advanced Computer Products,BYTE 322,http://web.archive.org/web/20250716092935/http://jcmit.net/memoryprice.htm,False
1987-11-01,month,1987.83,memory,163.0,USD per MB (nominal),USD,162.82333333333335,3.0,488.47,JDR MCT-ATMF 3MB Multifunction | 256,JDR,BYTE,http://web.archive.org/web/20250716092935/http://jcmit.net/memoryprice.htm,False
1987-12-01,month,1987.92,memory,163.0,USD per MB (nominal),USD,162.82333333333335,3.0,488.47,JDR MCT-ATMF 3MB Multifunction | 256,JDR,BYTE,http://web.archive.org/web/20250716092935/http://jcmit.net/memoryprice.htm,False
1988-01-01,month,1988.00,memory,163.0,USD per MB (nominal),USD,162.82333333333335,3.0,488.47,JDR MCT-ATMF 3MB Multifunction | 256,JDR,BYTE,http://web.archive.org/web/20250716092935/http://jcmit.net/memoryprice.htm,False
1988-02-01,month,1988.08,memory,182.0,USD per MB (nominal),USD,182.27333333333334,3.0,546.82,JDR MCT-ATMF 3MB Multifunc $169.90+3*36*3.49 | 256,JDR,BYTE,http://web.archive.org/web/20250716092935/http://jcmit.net/memoryprice.htm,False
1988-03-01,month,1988.17,memory,199.0,USD per MB (nominal),USD,198.83333333333334,3.0,596.5,JDR MCT-ATMF 3MB Multifunc $169.90+426.60 | 256,JDR,BYTE,http://web.archive.org/web/20250716092935/http://jcmit.net/memoryprice.htm,False
1988-05-01,month,1988.33,memory,199.0,USD per MB (nominal),USD,198.83333333333334,3.0,596.5,JDR MCT-ATMF 3MB Multifunc $169.90+426.60 | 256,JDR,BYTE,http://web.archive.org/web/20250716092935/http://jcmit.net/memoryprice.htm,False
1988-06-01,month,1988.42,memory,199.0,USD per MB (nominal),USD,198.83333333333334,3.0,596.5,JDR MCT-ATMF 3MB Multifunc $169.90+426.60 | 256,JDR,BYTE,http://web.archive.org/web/20250716092935/http://jcmit.net/memoryprice.htm,False
1988-07-01,month,1988.50,memory,505.0,USD per MB (nominal),USD,504.8333333333333,3.0,1514.5,JDR MCT-ATMF 3MB Multifunc $169.90+3*36*12.45 | 256,JDR,BYTE,http://web.archive.org/web/20250716092935/http://jcmit.net/memoryprice.htm,False
1988-08-01,month,1988.58,memory,505.0,USD per MB (nominal),USD,504.8333333333333,3.0,1514.5,JDR MCT-ATMF 3MB Multifunc $169.90+3*36*12.45 | 256,JDR,BYTE,http://web.archive.org/web/20250716092935/http://jcmit.net/memoryprice.htm,False
1988-09-01,month,1988.67,memory,505.0,USD per MB (nominal),USD,504.8333333333333,3.0,1514.5,JDR MCT-ATMF 3MB Multifunc $169.90+3*36*12.45 | 256,JDR,BYTE,http://web.archive.org/web/20250716092935/http://jcmit.net/memoryprice.htm,False
1988-10-01,month,1988.75,memory,505.0,USD per MB (nominal),USD,504.8333333333333,3.0,1514.5,JDR MCT-ATMF 3MB Multifunc $169.90+3*36*12.45 | 256,JDR,BYTE,http://web.archive.org/web/20250716092935/http://jcmit.net/memoryprice.htm,False
1988-11-01,month,1988.83,memory,505.0,USD per MB (nominal),USD,504.8333333333333,3.0,1514.5,JDR MCT-ATMF 3MB Multifunc $169.90+3*36*12.45 | 256,JDR,BYTE,http://web.archive.org/web/20250716092935/http://jcmit.net/memoryprice.htm,False
1989-01-01,month,1989.00,memory,505.0,USD per MB (nominal),USD,504.8333333333333,3.0,1514.5,JDR MCT-ATMF 3MB Multifunc $169.90+3*36*12.45 | 256,JDR,BYTE,http://web.archive.org/web/20250716092935/http://jcmit.net/memoryprice.htm,False
1989-02-01,month,1989.08,memory,505.0,USD per MB (nominal),USD,504.8333333333333,3.0,1514.5,JDR MCT-ATMF 3MB Multifunc $169.90+3*36*12.45 | 256,JDR,BYTE,http://web.archive.org/web/20250716092935/http://jcmit.net/memoryprice.htm,False
1989-03-01,month,1989.17,memory,505.0,USD per MB (nominal),USD,504.8333333333333,3.0,1514.5,JDR MCT-ATMF 3MB Multifunc $169.90+3*36*12.45 | 256,JDR,BYTE,http://web.archive.org/web/20250716092935/http://jcmit.net/memoryprice.htm,False
1989-04-01,month,1989.25,memory,505.0,USD per MB (nominal),USD,504.8333333333333,3.0,1514.5,JDR MCT-ATMF 3MB Multifunc $169.90+3*36*12.45 | 256,JDR,BYTE,http://web.archive.org/web/20250716092935/http://jcmit.net/memoryprice.htm,False
1989-06-01,month,1989.42,memory,344.0,USD per MB (nominal),USD,344.2733333333333,3.0,1032.82,JDR MCT-ATMF 3MB Multifunc $169.90+3*36*7.99 | 1024,JDR,BYTE,http://web.archive.org/web/20250716092935/http://jcmit.net/memoryprice.htm,False
1989-07-01,month,1989.50,memory,197.0,USD per MB (nominal),USD,197.25,4.0,789.0,Unitex RAMII-EMS - 4MB $249+36*15.00 | 1024,Unitex,BYTE 316,http://web.archive.org/web/20250716092935/http://jcmit.net/memoryprice.htm,False
1989-08-01,month,1989.58,memory,188.0,USD per MB (nominal),USD,188.25,4.0,753.0,Everex RAM II 4M-EMS $249+36*14. | 1024,Unitex,BYTE 302,http://web.archive.org/web/20250716092935/http://jcmit.net/memoryprice.htm,False
1989-09-01,month,1989.67,memory,188.0,USD per MB (nominal),USD,188.25,4.0,753.0,Everex RAM II 4M-EMS $249+36*14. | 1024,Unitex,BYTE,http://web.archive.org/web/20250716092935/http://jcmit.net/memoryprice.htm,False
1989-10-01,month,1989.75,memory,128.0,USD per MB (nominal),USD,127.875,8.0,1023.0,Bocaram AT 8MB - $159+72*12 | 1024,Unitex,BYTE 340,http://web.archive.org/web/20250716092935/http://jcmit.net/memoryprice.htm,False
1989-11-01,month,1989.83,memory,117.0,USD per MB (nominal),USD,116.9,10.0,1169.0,"Everex RAM 10,000 10MB $179+90*11. | 1024",Unitex,BYTE,http://web.archive.org/web/20250716092935/http://jcmit.net/memoryprice.htm,False
1989-12-01,month,1988.92,memory,505.0,USD per MB (nominal),USD,504.8333333333333,3.0,1514.5,JDR MCT-ATMF 3MB Multifunc $169.90+3*36*12.45 | 256,JDR,BYTE,http://web.archive.org/web/20250716092935/http://jcmit.net/memoryprice.htm,False
1989-12-01,month,1989.92,memory,113.0,USD per MB (nominal),USD,113.125,8.0,905.0,Bocaram AT 8MB - $149+72*10.50 | 1024,Unitex,BYTE,http://web.archive.org/web/20250716092935/http://jcmit.net/memoryprice.htm,False
1990-01-01,month,1990.00,memory,106.0,USD per MB (nominal),USD,106.375,8.0,851.0,Bocaram AT 8MB - $149+72*9.75 | 1024,Unitex,BYTE,http://web.archive.org/web/20250716092935/http://jcmit.net/memoryprice.htm,False
1990-03-01,month,1990.17,memory,98.0,USD per MB (nominal),USD,98.25,8.0,786.0,Bocaram AT 8MB - $149+72*8.50 | 1024,Unitex,BYTE,http://web.archive.org/web/20250716092935/http://jcmit.net/memoryprice.htm,False
1990-05-01,month,1990.33,memory,98.0,USD per MB (nominal),USD,98.25,8.0,786.0,Bocaram AT 8MB - $149+72*8.50 | 1024,Unitex,BYTE,http://web.archive.org/web/20250716092935/http://jcmit.net/memoryprice.htm,False
1990-06-01,month,1990.42,memory,90.0,USD per MB (nominal),USD,89.5,8.0,716.0,Bocaram AT 8MB - $140+72*8.00 | 1024,Unitex,BYTE,http://web.archive.org/web/20250716092935/http://jcmit.net/memoryprice.htm,False
1990-07-01,month,1990.50,memory,83.0,USD per MB (nominal),USD,82.75,8.0,662.0,Bocaram AT 8MB - $140+72*7.25 | 1024,Unitex,BYTE,http://web.archive.org/web/20250716092935/http://jcmit.net/memoryprice.htm,False
1990-08-01,month,1990.58,memory,81.0,USD per MB (nominal),USD,81.125,8.0,649.0,Bocaram AT Plus 8MB - $649 | 1024,Nevada,BYTE,http://web.archive.org/web/20250716092935/http://jcmit.net/memoryprice.htm,False
1990-09-01,month,1990.67,memory,72.0,USD per MB (nominal),USD,71.5,8.0,572.0,Bocaram AT Plus 8MB - $140+72*6.00 | 1024,,BYTE 488,http://web.archive.org/web/20250716092935/http://jcmit.net/memoryprice.htm,False
1990-10-01,month,1990.75,memory,59.0,USD per MB (nominal),USD,59.0,1.0,59.0,1Mx9-80 SIMM @ $59 | 1024,IC Express,BYTE 343,http://web.archive.org/web/20250716092935/http://jcmit.net/memoryprice.htm,False
1990-11-01,month,1990.83,memory,51.0,USD per MB (nominal),USD,51.0,1.0,51.0,1Mx9-80 SIMM @ $51 | 1024,IC Express,BYTE 453,http://web.archive.org/web/20250716092935/http://jcmit.net/memoryprice.htm,False
1990-12-01,month,1990.92,memory,46.0,USD per MB (nominal),USD,45.5,1.0,45.5,1Mx9-80 SIMM @ $45.50 | 1024,IC Express,BYTE 388,http://web.archive.org/web/20250716092935/http://jcmit.net/memoryprice.htm,False
1991-01-01,month,1991.00,memory,45.0,USD per MB (nominal),USD,44.5,1.0,44.5,1Mx9-80 SIMM @ $44.50 | 1024,IC Express,BYTE 393,http://web.archive.org/web/20250716092935/http://jcmit.net/memoryprice.htm,False
1991-02-01,month,1991.08,memory,45.0,USD per MB (nominal),USD,44.5,1.0,44.5,1Mx9-80 SIMM @ $44.50 | 1024,IC Express,BYTE 335,http://web.archive.org/web/20250716092935/http://jcmit.net/memoryprice.htm,False
1991-03-01,month,1991.17,memory,45.0,USD per MB (nominal),USD,45.0,1.0,45.0,1Mx9-100 SIMM @ $45 | 1024,AMT International,BYTE 374,http://web.archive.org/web/20250716092935/http://jcmit.net/memoryprice.htm,False
1991-04-01,month,1991.25,memory,45.0,USD per MB (nominal),USD,45.0,1.0,45.0,1Mx9-100 SIMM @ $45 | 1024,AMT International,BYTE 373,http://web.archive.org/web/20250716092935/http://jcmit.net/memoryprice.htm,False
1991-05-01,month,1991.33,memory,45.0,USD per MB (nominal),USD,45.0,1.0,45.0,1Mx9-100 SIMM @ $45 | 1024,AMT International,BYTE 356,http://web.archive.org/web/20250716092935/http://jcmit.net/memoryprice.htm,False
1991-06-01,month,1991.42,memory,44.0,USD per MB (nominal),USD,43.75,4.0,175.0,4Mx9-80 SIMM @ $175 | 1024,IC Express,BYTE 398,http://web.archive.org/web/20250716092935/http://jcmit.net/memoryprice.htm,False
1991-07-01,month,1991.50,memory,44.0,USD per MB (nominal),USD,43.75,4.0,175.0,4Mx9-80 SIMM @ $175 | 1024,IC Express,BYTE 333,http://web.archive.org/web/20250716092935/http://jcmit.net/memoryprice.htm,False
1991-08-01,month,1991.58,memory,41.0,USD per MB (nominal),USD,41.25,4.0,165.0,4Mx9-80 SIMM @ $165 | 1024,IC Express,BYTE 321,http://web.archive.org/web/20250716092935/http://jcmit.net/memoryprice.htm,False
1991-09-01,month,1991.67,memory,46.0,USD per MB (nominal),USD,46.25,4.0,185.0,4Mx9-80 SIMM @ $185 | 1024,Microprocessors Internatinal,BYTE 375,http://web.archive.org/web/20250716092935/http://jcmit.net/memoryprice.htm,False
1991-10-01,month,1991.75,memory,45.0,USD per MB (nominal),USD,45.0,4.0,180.0,4Mx9-80 SIMM @ $180 | 1024,Microprocessors Internatinal,BYTE 306,http://web.archive.org/web/20250716092935/http://jcmit.net/memoryprice.htm,False
1991-11-01,month,1991.83,memory,40.0,USD per MB (nominal),USD,39.75,4.0,159.0,4Mx9-80 SIMM @ $159 | 1024,Nevada,BYTE 401,http://web.archive.org/web/20250716092935/http://jcmit.net/memoryprice.htm,False
1991-12-01,month,1991.92,memory,40.0,USD per MB (nominal),USD,39.75,4.0,159.0,4Mx9-80 SIMM @ $159 | 1024,Nevada,BYTE 316,http://web.archive.org/web/20250716092935/http://jcmit.net/memoryprice.htm,False
1992-01-01,month,1992.00,memory,36.0,USD per MB (nominal),USD,36.25,4.0,145.0,4Mx9-80 SIMM @ $145 | 1024,AMT International,BYTE 380,http://web.archive.org/web/20250716092935/http://jcmit.net/memoryprice.htm,False
1992-02-01,month,1992.08,memory,36.0,USD per MB (nominal),USD,36.25,4.0,145.0,4Mx9-80 SIMM @ $145 | 1024,AMT International,BYTE 316,http://web.archive.org/web/20250716092935/http://jcmit.net/memoryprice.htm,False
1992-03-01,month,1992.17,memory,36.0,USD per MB (nominal),USD,36.25,4.0,145.0,4Mx9-80 SIMM @ $145 | 36864,AMT International,BYTE 332,http://web.archive.org/web/20250716092935/http://jcmit.net/memoryprice.htm,False
1992-04-01,month,1992.25,memory,35.0,USD per MB (nominal),USD,34.75,4.0,139.0,4Mx9-?? SIMM @ $139 | 36864,Sii Micros,BYTE 318,http://web.archive.org/web/20250716092935/http://jcmit.net/memoryprice.htm,False
1992-05-01,month,1992.33,memory,30.0,USD per MB (nominal),USD,30.0,4.0,120.0,4Mx9-80 SIMM @ $120 | 36864,AMT International,BYTE 342,http://web.archive.org/web/20250716092935/http://jcmit.net/memoryprice.htm,False
1992-06-01,month,1992.42,memory,33.0,USD per MB (nominal),USD,32.5,4.0,130.0,4Mx9-80 SIMM @ $130 | 36864,AmRam,BYTE 406,http://web.archive.org/web/20250716092935/http://jcmit.net/memoryprice.htm,False
1992-07-01,month,1992.50,memory,34.0,USD per MB (nominal),USD,33.5,4.0,134.0,4Mx9-80 SIMM @ $134 | 36864,AmRam,BYTE 351,http://web.archive.org/web/20250716092935/http://jcmit.net/memoryprice.htm,False
1992-08-01,month,1992.58,memory,31.0,USD per MB (nominal),USD,31.0,4.0,124.0,4Mx9-70 SIMM @ $124 | 9216,Worldwide,BYTE 324,http://web.archive.org/web/20250716092935/http://jcmit.net/memoryprice.htm,False
1992-09-01,month,1992.67,memory,27.5,USD per MB (nominal),USD,27.5,4.0,110.0,4Mx9-80 SIMM @ $110 | 9216,AMT International,BYTE 350,http://web.archive.org/web/20250716092935/http://jcmit.net/memoryprice.htm,False
1992-10-01,month,1992.75,memory,26.3,USD per MB (nominal),USD,26.25,4.0,105.0,4Mx9-80 SIMM @ $105 | 36864,AMT International,BYTE 321,http://web.archive.org/web/20250716092935/http://jcmit.net/memoryprice.htm,False
1992-11-01,month,1992.83,memory,26.3,USD per MB (nominal),USD,26.25,4.0,105.0,4Mx9-80 SIMM @ $105 | 36864,AMT International,BYTE 346,http://web.archive.org/web/20250716092935/http://jcmit.net/memoryprice.htm,False
1992-12-01,month,1992.92,memory,26.3,USD per MB (nominal),USD,26.25,4.0,105.0,4Mx9-80 SIMM @ $105 | 36864,AMT International,BYTE 302,http://web.archive.org/web/20250716092935/http://jcmit.net/memoryprice.htm,False
1993-01-01,month,1993.00,memory,33.1,USD per MB (nominal),USD,33.0625,16.0,529.0,4Mx36-?? SIMM @ $526 | 36864,Cititronics,BYTE 307,http://web.archive.org/web/20250716092935/http://jcmit.net/memoryprice.htm,False
1993-02-01,month,1993.08,memory,27.5,USD per MB (nominal),USD,27.5,4.0,110.0,4Mx9-70 SIMM @ $110 | 36864,Memory Superstore,BYTE 269,http://web.archive.org/web/20250716092935/http://jcmit.net/memoryprice.htm,False
1993-03-01,month,1993.17,memory,27.5,USD per MB (nominal),USD,27.5,4.0,110.0,4Mx9-70 SIMM @ $110 | 36864,Memory Superstore,BYTE 239,http://web.archive.org/web/20250716092935/http://jcmit.net/memoryprice.htm,False
1993-04-01,month,1993.25,memory,27.5,USD per MB (nominal),USD,27.5,4.0,110.0,4Mx9-70 SIMM @ $110 | 36864,Memory Superstore,BYTE 245,http://web.archive.org/web/20250716092935/http://jcmit.net/memoryprice.htm,False
1993-05-01,month,1993.33,memory,27.5,USD per MB (nominal),USD,27.5,4.0,110.0,4Mx9-70 SIMM @ $110 | 36864,Memory Superstore,BYTE 263,http://web.archive.org/web/20250716092935/http://jcmit.net/memoryprice.htm,False
1993-06-01,month,1993.42,memory,30.0,USD per MB (nominal),USD,30.0,1.0,30.0,1Mx9-100 SIMM @ $30 | 36864,AMT International,BYTE 249,http://web.archive.org/web/20250716092935/http://jcmit.net/memoryprice.htm,False
1993-07-01,month,1993.50,memory,30.0,USD per MB (nominal),USD,30.0,1.0,30.0,1Mx9-100 SIMM @ $30 | 36864,AMT International,BYTE 266,http://web.archive.org/web/20250716092935/http://jcmit.net/memoryprice.htm,False
1993-08-01,month,1993.58,memory,30.0,USD per MB (nominal),USD,30.0,1.0,30.0,1Mx9-100 SIMM @ $30 | 36864,AMT International,BYTE 245,http://web.archive.org/web/20250716092935/http://jcmit.net/memoryprice.htm,False
1993-09-01,month,1993.67,memory,30.0,USD per MB (nominal),USD,30.0,1.0,30.0,1Mx9-100 SIMM @ $30 | 36864,AMT International,BYTE 267,http://web.archive.org/web/20250716092935/http://jcmit.net/memoryprice.htm,False
1993-10-01,month,1993.75,memory,36.0,USD per MB (nominal),USD,36.0,4.0,144.0,4Mx9-80 SIMM @ $144 | 36864,LA Trade,BYTE 260,http://web.archive.org/web/20250716092935/http://jcmit.net/memoryprice.htm,False
1993-11-01,month,1993.83,memory,39.8,USD per MB (nominal),USD,39.75,4.0,159.0,4Mx9-70 SIMM @ $159 | 36864,First Source International,BYTE 360,http://web.archive.org/web/20250716092935/http://jcmit.net/memoryprice.htm,False
1993-12-01,month,1993.92,memory,35.8,USD per MB (nominal),USD,35.75,4.0,143.0,4Mx3x3-70 SIMM @ $143 | 36864,West Coast Micro,BYTE 280,http://web.archive.org/web/20250716092935/http://jcmit.net/memoryprice.htm,False
1994-01-01,month,1994.00,memory,35.8,USD per MB (nominal),USD,35.75,4.0,143.0,4Mx3x3-70 SIMM @ $143 | 36864,West Coast Micro,BYTE 290,http://web.archive.org/web/20250716092935/http://jcmit.net/memoryprice.htm,False
1994-02-01,month,1994.08,memory,35.8,USD per MB (nominal),USD,35.75,4.0,143.0,4Mx3x3-70 SIMM @ $143 | 36864,West Coast Micro,BYTE 250,http://web.archive.org/web/20250716092935/http://jcmit.net/memoryprice.htm,False
1994-03-01,month,1994.17,memory,36.0,USD per MB (nominal),USD,36.0,4.0,144.0,4Mx9-80 SIMM @ $144 | 36864,Nevada,BYTE 251,http://web.archive.org/web/20250716092935/http://jcmit.net/memoryprice.htm,False
1994-04-01,month,1994.25,memory,37.3,USD per MB (nominal),USD,37.25,4.0,149.0,4Mx9-80 SIMM @ $149 | 36864,La Trade,BYTE 270,http://web.archive.org/web/20250716092935/http://jcmit.net/memoryprice.htm,False
1994-05-01,month,1994.33,memory,37.3,USD per MB (nominal),USD,37.25,4.0,149.0,4Mx9-80 SIMM @ $149 | 36864,La Trade,BYTE 238,http://web.archive.org/web/20250716092935/http://jcmit.net/memoryprice.htm,False
1994-06-01,month,1994.42,memory,37.3,USD per MB (nominal),USD,37.25,4.0,149.0,4Mx9-80 SIMM @ $149 | 36864,La Trade,BYTE 320,http://web.archive.org/web/20250716092935/http://jcmit.net/memoryprice.htm,False
1994-07-01,month,1994.50,memory,38.5,USD per MB (nominal),USD,38.5,4.0,154.0,4Mx9-80 SIMM @ $154 | 36864,Nevada,BYTE 239,http://web.archive.org/web/20250716092935/http://jcmit.net/memoryprice.htm,False
1994-08-01,month,1994.58,memory,37.0,USD per MB (nominal),USD,37.0,1.0,37.0,1Mx9-100 SIMM @ $37 | 36864,Nevada,BYTE 226,http://web.archive.org/web/20250716092935/http://jcmit.net/memoryprice.htm,False
1994-09-01,month,1994.67,memory,34.0,USD per MB (nominal),USD,34.0,4.0,136.0,4Mx9-70 SIMM @ $136 | 36864,Pacific Coast Micro,BYTE 244,http://web.archive.org/web/20250716092935/http://jcmit.net/memoryprice.htm,False
1994-10-01,month,1994.75,memory,33.5,USD per MB (nominal),USD,33.5,4.0,134.0,4Mx9-70 SIMM @ $134 | 36864,Pacific Coast Micro,BYTE 259,http://web.archive.org/web/20250716092935/http://jcmit.net/memoryprice.htm,False
1994-11-01,month,1994.83,memory,32.3,USD per MB (nominal),USD,32.25,4.0,129.0,4Mx9-70 SIMM @ $129 | 36864,Pacific Coast Micro,BYTE 324,http://web.archive.org/web/20250716092935/http://jcmit.net/memoryprice.htm,False
1994-12-01,month,1994.92,memory,32.3,USD per MB (nominal),USD,32.25,4.0,129.0,4Mx9-70 SIMM @ $129 | 36864,Pacific Coast Micro,BYTE 264,http://web.archive.org/web/20250716092935/http://jcmit.net/memoryprice.htm,False
1995-01-01,month,1995.00,memory,32.3,USD per MB (nominal),USD,32.25,4.0,129.0,4Mx9-80 SIMM @ $129 | 36864,Nevada,BYTE 256,http://web.archive.org/web/20250716092935/http://jcmit.net/memoryprice.htm,False
1995-02-01,month,1995.08,memory,32.0,USD per MB (nominal),USD,32.0,4.0,128.0,4Mx9-70 SIMM @ $129 | 36864,First Source International,BYTE 202,http://web.archive.org/web/20250716092935/http://jcmit.net/memoryprice.htm,False
1995-03-01,month,1995.17,memory,32.0,USD per MB (nominal),USD,32.0,4.0,128.0,4Mx9-70 SIMM @ $129 | 36864,First Source International,BYTE 212,http://web.archive.org/web/20250716092935/http://jcmit.net/memoryprice.htm,False
1995-04-01,month,1995.25,memory,31.2,USD per MB (nominal),USD,31.1875,16.0,499.0,4Mx36-70 SIMM [72 pin] @ $499 | 9216,Pacific Coast Micro,BYTE 254,http://web.archive.org/web/20250716092935/http://jcmit.net/memoryprice.htm,False
1995-05-01,month,1995.33,memory,31.2,USD per MB (nominal),USD,31.1875,16.0,499.0,4Mx36-70 SIMM [72 pin] @ $499 | 9216,Pacific Coast Micro,BYTE 222,http://web.archive.org/web/20250716092935/http://jcmit.net/memoryprice.htm,False
1995-06-01,month,1995.42,memory,31.1,USD per MB (nominal),USD,31.125,16.0,498.0,4Mx36-70 SIMM [72 pin] @ $498 | 36864,First Source International,BYTE 286,http://web.archive.org/web/20250716092935/http://jcmit.net/memoryprice.htm,False
1995-07-01,month,1995.50,memory,31.2,USD per MB (nominal),USD,31.1875,16.0,499.0,4Mx36-70 SIMM [72 pin] @ $499 | 1E+05,Pacific Coast Micro,BYTE 213,http://web.archive.org/web/20250716092935/http://jcmit.net/memoryprice.htm,False
1995-08-01,month,1995.58,memory,30.6,USD per MB (nominal),USD,30.5625,16.0,489.0,4Mx36-70 SIMM [72 pin] @ $489 | 1E+05,Pacific Coast Micro,BYTE 190,http://web.archive.org/web/20250716092935/http://jcmit.net/memoryprice.htm,False
1995-09-01,month,1995.67,memory,33.1,USD per MB (nominal),USD,33.0625,16.0,529.0,4Mx36-70 SIMM [72 pin] @ $529 | 1E+05,Future Micro,BYTE 306,http://web.archive.org/web/20250716092935/http://jcmit.net/memoryprice.htm,False
1995-10-01,month,1995.75,memory,33.1,USD per MB (nominal),USD,33.0625,16.0,529.0,4Mx36-70 SIMM [72 pin] @ $529 | 3E+05,Future Micro,BYTE 214,http://web.archive.org/web/20250716092935/http://jcmit.net/memoryprice.htm,False
1995-11-01,month,1995.83,memory,30.9,USD per MB (nominal),USD,30.875,16.0,494.0,4Mx36-70 SIMM [72 pin] @ $494 | 3E+05,First Source International,BYTE 286,http://web.archive.org/web/20250716092935/http://jcmit.net/memoryprice.htm,False
1995-12-01,month,1995.92,memory,30.9,USD per MB (nominal),USD,30.875,16.0,494.0,4Mx36-70 SIMM [72 pin] @ $494 | 1E+05,First Source International,BYTE 244,http://web.archive.org/web/20250716092935/http://jcmit.net/memoryprice.htm,False
1996-01-01,month,1996.00,memory,29.9,USD per MB (nominal),USD,29.875,16.0,478.0,4Mx36-70 SIMM [72 pin] @ $478 | 1E+05,First Source International,BYTE 186,http://web.archive.org/web/20250716092935/http://jcmit.net/memoryprice.htm,False
1996-02-01,month,1996.08,memory,28.8,USD per MB (nominal),USD,28.75,16.0,460.0,4Mx36-70 SIMM [72 pin] @ $460 | 1E+05,Worldwide,BYTE 217,http://web.archive.org/web/20250716092935/http://jcmit.net/memoryprice.htm,False
1996-03-01,month,1996.17,memory,26.1,USD per MB (nominal),USD,26.125,8.0,209.0,2Mx36-70 SIMM [72 pin] @ $209 | 36864,First Source International,BYTE 170,http://web.archive.org/web/20250716092935/http://jcmit.net/memoryprice.htm,False
1996-04-01,month,1996.25,memory,24.7,USD per MB (nominal),USD,24.6875,16.0,395.0,4Mx36-70 SIMM [72 pin] @ $395 | 36864,Worldwide,BYTE 196,http://web.archive.org/web/20250716092935/http://jcmit.net/memoryprice.htm,False
1996-05-01,month,1996.33,memory,17.19,USD per MB (nominal),USD,17.1875,32.0,550.0,8Mx36-60 SIMM [72 pin] @ $550 | no JDR ads anymore,Worldwide,BYTE 195,http://web.archive.org/web/20250716092935/http://jcmit.net/memoryprice.htm,False
1996-06-01,month,1996.42,memory,14.88,USD per MB (nominal),USD,14.875,8.0,119.0,2Mx36-70 SIMM [72 pin] @ $119 | Byte appears to be,First Source International,BYTE 186,http://web.archive.org/web/20250716092935/http://jcmit.net/memoryprice.htm,False
1996-07-01,month,1996.50,memory,11.25,USD per MB (nominal),USD,11.25,16.0,180.0,4Mx32-60 SIMM [72 pin] @ $180 | going downhill in,Worldwide,BYTE 180,http://web.archive.org/web/20250716092935/http://jcmit.net/memoryprice.htm,False
1996-08-01,month,1996.58,memory,9.06,USD per MB (nominal),USD,9.0625,16.0,145.0,"4Mx36-60 SIMM [72 pin] @ $145 | subscriptions, etc.",Worldwide,BYTE 164,http://web.archive.org/web/20250716092935/http://jcmit.net/memoryprice.htm,False
1996-09-01,month,1996.67,memory,8.44,USD per MB (nominal),USD,8.4375,16.0,135.0,4Mx36-60 SIMM [72 pin] @ $135,Worldwide,BYTE 192,http://web.archive.org/web/20250716092935/http://jcmit.net/memoryprice.htm,False
1996-10-01,month,1996.75,memory,8.0,USD per MB (nominal),USD,8.0,16.0,128.0,4Mx36-70 SIMM [72 pin] @ $128,First Source International,BYTE 181,http://web.archive.org/web/20250716092935/http://jcmit.net/memoryprice.htm,False
1996-11-01,month,1996.83,memory,5.25,USD per MB (nominal),USD,5.25,8.0,42.0,2Mx32-70 SIMM [72 pin] @ $42,First Source International,BYTE 210,http://web.archive.org/web/20250716092935/http://jcmit.net/memoryprice.htm,False
1996-12-01,month,1996.92,memory,5.25,USD per MB (nominal),USD,5.25,8.0,42.0,2Mx32-70 SIMM [72 pin] @ $42,First Source International,BYTE 177,http://web.archive.org/web/20250716092935/http://jcmit.net/memoryprice.htm,False
1997-01-01,month,1997.00,memory,4.63,USD per MB (nominal),USD,4.625,8.0,37.0,2Mx32-60 SIMM EDO [72 pin] @ $37,First Source International,BYTE 153,http://web.archive.org/web/20250716092935/http://jcmit.net/memoryprice.htm,False
1997-02-01,month,1997.08,memory,3.63,USD per MB (nominal),USD,3.625,8.0,29.0,2Mx32-60 SIMM EDO [72 pin] @ $29,Memory On-Line,BYTE 169,http://web.archive.org/web/20250716092935/http://jcmit.net/memoryprice.htm,False
1997-03-01,month,1997.17,memory,3.0,USD per MB (nominal),USD,3.0,8.0,24.0,2Mx32-60 SIMM EDO [72 pin] @ $24,Memory On-Line,BYTE 167,http://web.archive.org/web/20250716092935/http://jcmit.net/memoryprice.htm,False
1997-04-01,month,1997.25,memory,3.0,USD per MB (nominal),USD,3.0,8.0,24.0,2Mx32-60 SIMM EDO [72 pin] @ $24,Memory On-Line,BYTE 166,http://web.archive.org/web/20250716092935/http://jcmit.net/memoryprice.htm,False
1997-05-01,month,1997.33,memory,3.0,USD per MB (nominal),USD,3.0,8.0,24.0,2Mx32-60 SIMM EDO [72 pin] @ $24,Memory On-Line,BYTE 147,http://web.archive.org/web/20250716092935/http://jcmit.net/memoryprice.htm,False
1997-06-01,month,1997.42,memory,3.69,USD per MB (nominal),USD,3.6875,16.0,59.0,4Mx32-60 SIMM EDO [72 pin] @ $59,Memory On-Line,BYTE 163,http://web.archive.org/web/20250716092935/http://jcmit.net/memoryprice.htm,False
1997-07-01,month,1997.50,memory,4.0,USD per MB (nominal),USD,4.0,8.0,32.0,2Mx32-? SIMM EDO [72 pin] @ $32 | last Byte,Miami Int'l,Pcmag 401,http://web.archive.org/web/20250716092935/http://jcmit.net/memoryprice.htm,False
1997-08-01,month,1997.58,memory,4.13,USD per MB (nominal),USD,4.125,8.0,33.0,2Mx32-? SIMM FPM [72 pin] @ $33,Bason Memory Warehouse,Pcmag 416,http://web.archive.org/web/20250716092935/http://jcmit.net/memoryprice.htm,False
1997-09-23,day,1997.67,memory,3.63,USD per MB (nominal),USD,3.625,16.0,58.0,???,Miami Int'l,Pcmag 306,http://web.archive.org/web/20250716092935/http://jcmit.net/memoryprice.htm,False
1997-10-21,day,1997.75,memory,3.41,USD per MB (nominal),USD,3.40625,32.0,109.0,???,Miami Int'l,Pcmag 339,http://web.archive.org/web/20250716092935/http://jcmit.net/memoryprice.htm,False
1997-11-18,day,1997.83,memory,3.25,USD per MB (nominal),USD,3.25,32.0,104.0,8Mx32-? SIMM EDO [72 pin] @ $104,LA Trade,Pcmag 315,http://web.archive.org/web/20250716092935/http://jcmit.net/memoryprice.htm,False
1997-12-16,day,1997.92,memory,2.16,USD per MB (nominal),USD,2.15625,32.0,69.0,8Mx32-? SIMM EDO [72 pin] @ $69,Computer America Inc,Pcmag 329,http://web.archive.org/web/20250716092935/http://jcmit.net/memoryprice.htm,False
1998-01-20,day,1998.00,memory,2.16,USD per MB (nominal),USD,2.15625,32.0,69.0,8Mx32-? SIMM EDO [72 pin] @ $69,Computer America Inc,Pcmag 277,http://web.archive.org/web/20250716092935/http://jcmit.net/memoryprice.htm,False
1998-02-24,day,1998.08,memory,0.91,USD per MB (nominal),USD,0.90625,32.0,29.0,8Mx32-? SIMM EDO [72 pin] @ $29,Computer America Inc,Pcmag 261,http://web.archive.org/web/20250716092935/http://jcmit.net/memoryprice.htm,False
1998-03-10,day,1998.17,memory,0.97,USD per MB (nominal),USD,0.96875,32.0,31.0,8Mx32-? SIMM EDO [72 pin] @ $31,Computer America Inc,Pcmag 302,http://web.archive.org/web/20250716092935/http://jcmit.net/memoryprice.htm,False
1998-04-21,day,1998.25,memory,1.22,USD per MB (nominal),USD,1.21875,32.0,39.0,8Mx32-? SIMM EDO [72 pin] @ $39,Computer America Inc,Pcmag 258,http://web.archive.org/web/20250716092935/http://jcmit.net/memoryprice.htm,False
1998-05-26,day,1998.33,memory,1.19,USD per MB (nominal),USD,1.1875,32.0,38.0,8Mx32-? SIMM EDO [72 pin] @ $38,Computer America Inc,Pcmag 294,http://web.archive.org/web/20250716092935/http://jcmit.net/memoryprice.htm,False
1998-06-30,day,1998.42,memory,0.97,USD per MB (nominal),USD,0.96875,32.0,31.0,8Mx32-? SIMM EDO [72 pin] @ $31,Computer America Inc,Pcmag 296,http://web.archive.org/web/20250716092935/http://jcmit.net/memoryprice.htm,False
1998-08-01,month,1998.58,memory,1.03,USD per MB (nominal),USD,1.03125,32.0,33.0,4Mx64-? DIMM SDRAM @ $33,Computer Services,Pcmag 388,http://web.archive.org/web/20250716092935/http://jcmit.net/memoryprice.htm,False
1998-09-22,day,1998.67,memory,0.97,USD per MB (nominal),USD,0.96875,32.0,31.0,8Mx32-? SIMM EDO [72 pin] @ $31,Computer Services,Pcmag 279,http://web.archive.org/web/20250716092935/http://jcmit.net/memoryprice.htm,False
1998-10-20,day,1998.75,memory,1.16,USD per MB (nominal),USD,1.15625,32.0,37.0,8Mx32-? SIMM EDO [72 pin] @ $37,Computer Services,Pcmag 293,http://web.archive.org/web/20250716092935/http://jcmit.net/memoryprice.htm,False
1998-11-17,day,1998.83,memory,0.84,USD per MB (nominal),USD,0.84375,32.0,27.0,8Mx32-? SIMM FPM [72 pin] @ $27,Discount Memory,Pcmag 286,http://web.archive.org/web/20250716092935/http://jcmit.net/memoryprice.htm,False
1998-12-01,day,1998.92,memory,0.84,USD per MB (nominal),USD,0.84375,32.0,27.0,8Mx32-? SIMM FPM [72 pin] @ $27,Discount Memory,Pcmag 390,http://web.archive.org/web/20250716092935/http://jcmit.net/memoryprice.htm,False
1999-02-09,day,1999.08,memory,1.44,USD per MB (nominal),USD,1.4375,32.0,46.0,8Mx32-? SIMM FPM [72 pin] @ $46,Memory Liquidators,Pcmag 263,http://web.archive.org/web/20250716092935/http://jcmit.net/memoryprice.htm,False
1999-02-23,day,1999.13,memory,0.84,USD per MB (nominal),USD,0.84375,32.0,27.0,8Mx32-? SIMM FPM [72 pin] @ $27,Discount Memory,Pcmag 226,http://web.archive.org/web/20250716092935/http://jcmit.net/memoryprice.htm,False
1999-03-23,day,1999.17,memory,1.25,USD per MB (nominal),USD,1.24984375,64.0,79.99,64 MB DIMM PC-100 @ $79.99,Tiger Systems,Pcmag 261,http://web.archive.org/web/20250716092935/http://jcmit.net/memoryprice.htm,False
1999-04-20,day,1999.25,memory,1.25,USD per MB (nominal),USD,1.24984375,64.0,79.99,64 MB DIMM PC-100 @ $79.99,TigerDirect.com,Pcmag 277,http://web.archive.org/web/20250716092935/http://jcmit.net/memoryprice.htm,False
1999-05-25,day,1999.33,memory,0.86,USD per MB (nominal),USD,0.85921875,64.0,54.99,64 MB DIMM PC-100 @ $54.99,TigerDirect.com,Pcmag 273,http://web.archive.org/web/20250716092935/http://jcmit.net/memoryprice.htm,False
1999-07-01,month,1999.50,memory,0.78,USD per MB (nominal),USD,0.781171875,128.0,99.99,128 MB DIMM PC-100 @ $99.99,TigerDirect.com,Pcmag 323,http://web.archive.org/web/20250716092935/http://jcmit.net/memoryprice.htm,False
1999-09-21,day,1999.67,memory,0.87,USD per MB (nominal),USD,0.86828125,128.0,111.14,128 MB DIMM PC-100 @ $111.14,www.crucial.com,Pcmag 222,http://web.archive.org/web/20250716092935/http://jcmit.net/memoryprice.htm,False
1999-10-19,day,1999.75,memory,1.04,USD per MB (nominal),USD,1.03890625,64.0,66.49,64 MB DIMM PC-100 @ $66.49,www.crucial.com,Pcmag 219,http://web.archive.org/web/20250716092935/http://jcmit.net/memoryprice.htm,False
1999-11-16,day,1999.83,memory,1.34,USD per MB (nominal),USD,1.335859375,128.0,170.99,128 MB DIMM PC-100 @ $170.99,www.crucial.com,Pcmag 247,http://web.archive.org/web/20250716092935/http://jcmit.net/memoryprice.htm,False
1999-12-01,day,1999.92,memory,2.35,USD per MB (nominal),USD,2.348359375,128.0,300.59,128 MB DIMM PC-100 @ $300.59,www.crucial.com,Pcmag 287,http://web.archive.org/web/20250716092935/http://jcmit.net/memoryprice.htm,False
2000-01-18,day,2000.00,memory,1.56,USD per MB (nominal),USD,1.56078125,64.0,99.89,64 MB DIMM PC-100 @ $99.89,Crucial Technology,Pcmag 14,http://web.archive.org/web/20250716092935/http://jcmit.net/memoryprice.htm,False
2000-02-18,day,2000.08,memory,1.48,USD per MB (nominal),USD,1.47640625,64.0,94.49,64 MB DIMM PC-100 @ $94.49,Crucial Technology,Pcmag 18,http://web.archive.org/web/20250716092935/http://jcmit.net/memoryprice.htm,False
2000-03-21,day,2000.17,memory,1.08,USD per MB (nominal),USD,1.078125,64.0,69.0,64 MB DIMM PC-100 @ $69,StarSurplus.com,Pcmag 214,http://web.archive.org/web/20250716092935/http://jcmit.net/memoryprice.htm,False
2000-04-18,day,2000.25,memory,0.84,USD per MB (nominal),USD,0.84359375,64.0,53.99,64 MB DIMM PC-100 @ $53.99,Crucial Technology,Pcmag 16,http://web.archive.org/web/20250716092935/http://jcmit.net/memoryprice.htm,False
2000-05-09,day,2000.33,memory,0.7,USD per MB (nominal),USD,0.6953125,128.0,89.0,128 MB DIMM PC-100 @ $89,StarSurplus.com,Pcmag 254,http://web.archive.org/web/20250716092935/http://jcmit.net/memoryprice.htm,False
2000-06-27,day,2000.42,memory,0.9,USD per MB (nominal),USD,0.89984375,64.0,57.59,64 MB DIMM PC-100 @ $57.59,Crucial,Pcmag 18,http://web.archive.org/web/20250716092935/http://jcmit.net/memoryprice.htm,False
2000-07-01,month,2000.50,memory,0.77,USD per MB (nominal),USD,0.7734375,128.0,99.0,128 MB DIMM PC-133 @ $99,StarSurplus.com,Pcmag 228,http://web.archive.org/web/20250716092935/http://jcmit.net/memoryprice.htm,False
2000-08-01,month,2000.58,memory,0.84,USD per MB (nominal),USD,0.84359375,64.0,53.99,64 MB DIMM PC-100 @ $53.99,Crucial,Pcmag 18,http://web.archive.org/web/20250716092935/http://jcmit.net/memoryprice.htm,False
2000-09-01,day,2000.67,memory,1.07,USD per MB (nominal),USD,1.06859375,64.0,68.39,64 MB DIMM PC-133 @ $68.39,Crucial,Pcmag 18,http://web.archive.org/web/20250716092935/http://jcmit.net/memoryprice.htm,False
2000-10-03,day,2000.75,memory,1.12,USD per MB (nominal),USD,1.12484375,64.0,71.99,64 MB DIMM PC-133 @ $71.99,Crucial,Pcmag 18,http://web.archive.org/web/20250716092935/http://jcmit.net/memoryprice.htm,False
2000-11-07,day,2000.83,memory,1.12,USD per MB (nominal),USD,1.12484375,64.0,71.99,64 MB DIMM PC-133 @ $71.99,Crucial,Pcmag 18,http://web.archive.org/web/20250716092935/http://jcmit.net/memoryprice.htm,False
2000-12-05,day,2000.92,memory,0.9,USD per MB (nominal),USD,0.89984375,64.0,57.59,64 MB DIMM PC-133 @ $57.59,Crucial,Pcmag 19,http://web.archive.org/web/20250716092935/http://jcmit.net/memoryprice.htm,False
2001-01-02,day,2001.00,memory,0.75,USD per MB (nominal),USD,0.74515625,64.0,47.69,64 MB DIMM PC-133 @ $47.69,Crucial,Pcmag 19,http://web.archive.org/web/20250716092935/http://jcmit.net/memoryprice.htm,False
2001-02-06,day,2001.08,memory,0.46,USD per MB (nominal),USD,0.463984375,128.0,59.39,128 MB DIMM PC-133 @ $59.39,Crucial,Pcmag 90,http://web.archive.org/web/20250716092935/http://jcmit.net/memoryprice.htm,False
2001-03-06,day,2001.17,memory,0.46,USD per MB (nominal),USD,0.463984375,128.0,59.39,128 MB DIMM PC-133 @ $59.39,Crucial,Pcmag 99,http://web.archive.org/web/20250716092935/http://jcmit.net/memoryprice.htm,False
2001-04-03,day,2001.25,memory,0.38,USD per MB (nominal),USD,0.3828125,128.0,49.0,128 MB DIMM PC-133 @ $49,StarSurplus.com,Pcmag 178,http://web.archive.org/web/20250716092935/http://jcmit.net/memoryprice.htm,False
2001-05-08,day,2001.33,memory,0.39,USD per MB (nominal),USD,0.386640625,128.0,49.49,128 MB DIMM PC-100 @ $49.49,Crucial,Pcmag 85,http://web.archive.org/web/20250716092935/http://jcmit.net/memoryprice.htm,False
2001-06-12,day,2001.42,memory,0.3,USD per MB (nominal),USD,0.3046875,128.0,39.0,128 MB DIMM PC-133 @ $39,StarSurplus.com,Pcmag 207,http://web.archive.org/web/20250716092935/http://jcmit.net/memoryprice.htm,False
2001-07-01,month,2001.50,memory,0.35,USD per MB (nominal),USD,0.3515234375,256.0,89.99,256 MB DDR PC2100 @ $89.99,Crucial,Pcmag 143,http://web.archive.org/web/20250716092935/http://jcmit.net/memoryprice.htm,False
2001-07-01,month,2001.50,memory,0.27,USD per MB (nominal),USD,0.26953125,256.0,69.0,256 MB DIMM PC-133 @ $69,iMemoryM,Pcmag 196,http://web.archive.org/web/20250716092935/http://jcmit.net/memoryprice.htm,False
2001-08-01,month,2001.58,memory,0.19,USD per MB (nominal),USD,0.19140625,256.0,49.0,256 MB DIMM PC-133 @ $49,StarSurplus.com,Pcmag 169,http://web.archive.org/web/20250716092935/http://jcmit.net/memoryprice.htm,False
2001-09-04,day,2001.67,memory,0.19,USD per MB (nominal),USD,0.19140625,256.0,49.0,256 MB DIMM PC-133 @ $49,StarSurplus.com,Pcmag 215,http://web.archive.org/web/20250716092935/http://jcmit.net/memoryprice.htm,False
2001-10-16,day,2001.75,memory,0.17,USD per MB (nominal),USD,0.168671875,128.0,21.59,128 MB DIMM PC-133 @ $21.59,Crucial,Pcmag 60,http://web.archive.org/web/20250716092935/http://jcmit.net/memoryprice.htm,False
2001-10-30,day,2001.77,memory,0.15,USD per MB (nominal),USD,0.147578125,128.0,18.89,128 MB DIMM PC-133 @ $18.89,Crucial,Pcmag 161,http://web.archive.org/web/20250716092935/http://jcmit.net/memoryprice.htm,False
2002-02-12,day,2002.08,memory,0.13,USD per MB (nominal),USD,0.1335546875,256.0,34.19,256 MB DIMM PC-133 @ $34.19,Crucial,Pcmag 47,http://web.archive.org/web/20250716092935/http://jcmit.net/memoryprice.htm,False
2002-02-12,day,2002.08,memory,0.21,USD per MB (nominal),USD,0.2073828125,256.0,53.09,256 MB DDR PC2100 @ $53.09,Crucial,Pcmag 47,http://web.archive.org/web/20250716092935/http://jcmit.net/memoryprice.htm,False
2002-04-09,day,2002.25,memory,0.19,USD per MB (nominal),USD,0.193359375,512.0,99.0,512 MB DIMM PC-133 @ $99,StarSurplus.com,Pcmag 133,http://web.archive.org/web/20250716092935/http://jcmit.net/memoryprice.htm,False
2002-05-07,day,2002.33,memory,0.193,USD per MB (nominal),USD,0.193359375,512.0,99.0,512 MB DIMM PC-133 @ $99,StarSurplus.com,Pcmag 132,http://web.archive.org/web/20250716092935/http://jcmit.net/memoryprice.htm,False
2002-06-30,day,2002.42,memory,0.33,USD per MB (nominal),USD,0.330390625,128.0,42.29,128 MB DIMM PC-133 @ $42.29,Crucial,Pcmag 68,http://web.archive.org/web/20250716092935/http://jcmit.net/memoryprice.htm,False
2002-08-02,day,2002.58,memory,0.193,USD per MB (nominal),USD,0.1933203125,256.0,49.49,256 MB DIMM PC-133 @ $49.49,Crucial,Pcmag 49,http://web.archive.org/web/20250716092935/http://jcmit.net/memoryprice.htm,False
2002-10-01,day,2002.75,memory,0.193,USD per MB (nominal),USD,0.1933203125,256.0,49.49,256 MB DIMM PC-133 @ $49.49,Crucial,Pcmag 115,http://web.archive.org/web/20250716092935/http://jcmit.net/memoryprice.htm,False
2003-03-25,day,2003.17,memory,0.176,USD per MB (nominal),USD,0.17578125,256.0,45.0,256MB DIMM DDR-2100 @ $45,NewEgg.com,Pcmag 95,http://web.archive.org/web/20250716092935/http://jcmit.net/memoryprice.htm,False
2003-04-22,day,2003.25,memory,0.076,USD per MB (nominal),USD,0.076171875,512.0,39.0,512MB DIMM PC-133 @ $39,StarSurplus,Pcmag 133,http://web.archive.org/web/20250716092935/http://jcmit.net/memoryprice.htm,False
2003-08-19,day,2003.58,memory,0.129,USD per MB (nominal),USD,0.12888671875,512.0,65.99,512MB DIMM SDRAM @ $65.99,Crucial,Pcmag 54,http://web.archive.org/web/20250716092935/http://jcmit.net/memoryprice.htm,False
2003-09-01,month(from decimal year),2003.67,memory,0.143,USD per MB (nominal),USD,0.14255859375,512.0,72.99,512MB DIMM SDRAM @ $72.99,Crucial,Pcmag 64,http://web.archive.org/web/20250716092935/http://jcmit.net/memoryprice.htm,False
2003-10-01,day,2003.75,memory,0.148,USD per MB (nominal),USD,0.14841796875,512.0,75.99,512MB DIMM SDRAM @ $75.99,Crucial,Pcmag 54,http://web.archive.org/web/20250716092935/http://jcmit.net/memoryprice.htm,False
2003-11-25,day,2003.83,memory,0.16,USD per MB (nominal),USD,0.16013671875,512.0,81.99,512MB DIMM PC-133 @ $81.99,Crucial,Pcmag 82,http://web.archive.org/web/20250716092935/http://jcmit.net/memoryprice.htm,False
2003-12-30,day,2003.99,memory,0.166,USD per MB (nominal),USD,0.16599609375,512.0,84.99,512MB DIMM PC-133 @ $84.99,Crucial,Pcmag 37,http://web.archive.org/web/20250716092935/http://jcmit.net/memoryprice.htm,False
2004-01-01,month,2004.00,memory,0.174,USD per MB (nominal),USD,0.173828125,512.0,89.0,512MB DIMM DDR-3200 @ $89,NewEgg.com,Pcmag 143,http://web.archive.org/web/20250716092935/http://jcmit.net/memoryprice.htm,False
2004-02-17,day,2004.08,memory,0.148,USD per MB (nominal),USD,0.1484375,512.0,76.0,512MB DIMM DDR-3200 @ $76,NewEgg.com,Pcmag 78,http://web.archive.org/web/20250716092935/http://jcmit.net/memoryprice.htm,False
2004-03-16,day,2004.17,memory,0.146,USD per MB (nominal),USD,0.146484375,512.0,75.0,512MB DIMM DDR-3200 @ $75,NewEgg.com,Pcmag 115,http://web.archive.org/web/20250716092935/http://jcmit.net/memoryprice.htm,False
2004-05-04,day,2004.33,memory,0.156,USD per MB (nominal),USD,0.15625,512.0,80.0,512MB DIMM DDR-3200 @ $80,NewEgg.com,Pcmag 19,http://web.archive.org/web/20250716092935/http://jcmit.net/memoryprice.htm,False
2004-06-08,day,2004.42,memory,0.203,USD per MB (nominal),USD,0.203125,512.0,104.0,512MB DIMM DDR-3200 @ $104,NewEgg.com,Pcmag 19,http://web.archive.org/web/20250716092935/http://jcmit.net/memoryprice.htm,False
2004-07-01,month,2004.50,memory,0.176,USD per MB (nominal),USD,0.17578125,512.0,90.0,512MB DIMM DDR-3200 @ $90,NewEgg.com,Pcmag 19,http://web.archive.org/web/20250716092935/http://jcmit.net/memoryprice.htm,False
2005-04-12,day,2005.25,memory,0.185,USD per MB (nominal),USD,0.1845703125,1024.0,189.0,2x 512MB DIMM DDR-3200 @ $189,NewEgg.com,Pcmag 24,http://web.archive.org/web/20250716092935/http://jcmit.net/memoryprice.htm,False
2005-06-07,day,2005.42,memory,0.149,USD per MB (nominal),USD,0.1494140625,1024.0,153.0,1GB DIMM DDR PC-3200Pro,NewEgg.com,Pcmag 20,http://web.archive.org/web/20250716092935/http://jcmit.net/memoryprice.htm,False
2005-11-08,day,2005.83,memory,0.116,USD per MB (nominal),USD,0.1162109375,1024.0,119.0,1GB DIMM DDR2 -533 @ $119,NewEgg.com,Pcmag 67,http://web.archive.org/web/20250716092935/http://jcmit.net/memoryprice.htm,False
2005-12-06,day,2005.92,memory,0.185,USD per MB (nominal),USD,0.1845703125,1024.0,189.0,2x 512MB DIMM DDR-4800 @ $189,NewEgg.com,Pcmag 139,http://web.archive.org/web/20250716092935/http://jcmit.net/memoryprice.htm,False
2006-03-21,day,2006.17,memory,0.112,USD per MB (nominal),USD,0.1122119140625,2048.0,229.81,2x 1GB DIMM DDR-500 PC4000 @ $229.81 | OCZ Gold,NewEgg.com,Pcmag 66,http://web.archive.org/web/20250716092935/http://jcmit.net/memoryprice.htm,False
2006-05-25,day,2006.33,memory,0.073,USD per MB (nominal),USD,0.0727490234375,2048.0,148.99,2x 1GB DIMM DDR2-667 @ $148.99 incl shipping | OCZ Gold,NewEgg.com,Web,http://web.archive.org/web/20250716092935/http://jcmit.net/memoryprice.htm,False
2006-07-23,day,2006.50,memory,0.082,USD per MB (nominal),USD,0.082021484375,1024.0,83.99,1GB DIMM DDR2-667 @ $83.99 | Kingston,NewEgg.com,Web,http://web.archive.org/web/20250716092935/http://jcmit.net/memoryprice.htm,False
2006-09-01,day,2006.67,memory,0.073,USD per MB (nominal),USD,0.0732373046875,2048.0,149.99,2x 1GB DIMM DDR2-667 @ $179.99-rebate+shipping | OCZ Gold,NewEgg.com,Web,http://web.archive.org/web/20250716092935/http://jcmit.net/memoryprice.htm,False
2006-10-05,day,2006.75,memory,0.088,USD per MB (nominal),USD,0.087880859375,2048.0,179.98,2x 1GB DIMM DDR2-667 @ $214.99-rebate+shipping | PQi,NewEgg.com,Web,http://web.archive.org/web/20250716092935/http://jcmit.net/memoryprice.htm,False
2006-11-25,day,2006.83,memory,0.093,USD per MB (nominal),USD,0.0976513671875,2048.0,199.99,2x 1GB DIMM DDR2-800 @ $199.99 incl shipping | G Skill,NewEgg.com,Web,http://web.archive.org/web/20250716092935/http://jcmit.net/memoryprice.htm,False
2006-12-21,day,2006.99,memory,0.092,USD per MB (nominal),USD,0.09177734375,1024.0,93.98,1GB DIMM DDR-400 @ $88.99 + 4.99 shipping | Wintec,NewEgg.com,Web,http://web.archive.org/web/20250716092935/http://jcmit.net/memoryprice.htm,False
2007-01-28,day,2007.00,memory,0.082,USD per MB (nominal),USD,0.08201171875,1024.0,83.98,1GB DIMM DDR-400 @ $78.99 + 4.99 shipping | PQi,NewEgg.com,Web,http://web.archive.org/web/20250716092935/http://jcmit.net/memoryprice.htm,False
2007-02-28,day,2007.08,memory,0.078,USD per MB (nominal),USD,0.07810546875,1024.0,79.98,1GB DIMM DDR2-800 @ $74.99 + 4.99 shipping | Patriot,NewEgg.com,Web,http://web.archive.org/web/20250716092935/http://jcmit.net/memoryprice.htm,False
2007-03-15,day,2007.17,memory,0.066,USD per MB (nominal),USD,0.065908203125,2048.0,134.98,2x 1GB DIMM DDR2-667 @ $129.99 + 4.99 shipping | Wintec,NewEgg.com,Web,http://web.archive.org/web/20250716092935/http://jcmit.net/memoryprice.htm,False
2007-05-07,day,2007.33,memory,0.046,USD per MB (nominal),USD,0.0463818359375,2048.0,94.99,2x 1GB DIMM DDR2-800 @ $94.99 free shipping | A-Data,NewEgg.com,Web,http://web.archive.org/web/20250716092935/http://jcmit.net/memoryprice.htm,False
2007-07-09,day,2007.50,memory,0.039,USD per MB (nominal),USD,0.038564453125,2048.0,78.98,2x 1GB DIMM DDR2-667 @ $73.99 + 4.99 shipping | Super Talent,NewEgg.com,Web,http://web.archive.org/web/20250716092935/http://jcmit.net/memoryprice.htm,False
2007-09-30,day,2007.67,memory,0.035,USD per MB (nominal),USD,0.035146484375,2048.0,71.98,2x 1GB DIMM DDR2-800 @ $66.99 + 4.99 shipping | Mushkin,NewEgg.com,Web,http://web.archive.org/web/20250716092935/http://jcmit.net/memoryprice.htm,False
2007-10-16,day,2007.75,memory,0.032,USD per MB (nominal),USD,0.032216796875,2048.0,65.98,2x 1GB DIMM DDR2-800 @ $60.99 + 4.99 shipping | A-Data,NewEgg.com,Web,http://web.archive.org/web/20250716092935/http://jcmit.net/memoryprice.htm,False
2007-11-10,day,2007.83,memory,0.024,USD per MB (nominal),USD,0.024404296875,2048.0,49.98,2x 1GB DIMM DDR2-667 @ $44.99 + 4.99 shipping | Kingston,NewEgg.com,Web,http://web.archive.org/web/20250716092935/http://jcmit.net/memoryprice.htm,False
2007-12-05,day,2007.92,memory,0.024,USD per MB (nominal),USD,0.0243896484375,2048.0,49.95,2x 1GB DIMM DDR2-800 @ $49.95 free shipping | G. Skill,NewEgg.com,Web,http://web.archive.org/web/20250716092935/http://jcmit.net/memoryprice.htm,False
2008-01-18,day,2008.00,memory,0.023,USD per MB (nominal),USD,0.02319091796875,4096.0,94.99,2x 2GB DIMM DDR2-800 @ $94.99 free shipping | G. Skill,NewEgg.com,Web,http://web.archive.org/web/20250716092935/http://jcmit.net/memoryprice.htm,False
2008-02-20,day,2008.08,memory,0.022,USD per MB (nominal),USD,0.0219677734375,2048.0,44.99,2x 1GB DIMM DDR2-800 @ $44.99 free shipping | G. Skill,NewEgg.com,Web,http://web.archive.org/web/20250716092935/http://jcmit.net/memoryprice.htm,False
2008-05-18,day,2008.33,memory,0.022,USD per MB (nominal),USD,0.0219677734375,2048.0,44.99,2x 1GB DIMM DDR2-800 @ $44.99 free shipping | G. Skill,NewEgg.com,Web,http://web.archive.org/web/20250716092935/http://jcmit.net/memoryprice.htm,False
2008-07-07,day,2008.50,memory,0.021,USD per MB (nominal),USD,0.0207470703125,4096.0,84.98,2x 2GB DIMM DDR2-800 @ $77.99 + 6.99 shipping | A-Data,NewEgg.com,Web,http://web.archive.org/web/20250716092935/http://jcmit.net/memoryprice.htm,False
2008-08-21,day,2008.58,memory,0.018,USD per MB (nominal),USD,0.0175732421875,2048.0,35.99,2x 1GB DIMM DDR2-667 @ $35.99 free shipping | Crucial,NewEgg.com,Web,http://web.archive.org/web/20250716092935/http://jcmit.net/memoryprice.htm,False
2008-09-25,day,2008.67,memory,0.015,USD per MB (nominal),USD,0.0146435546875,2048.0,29.99,2x 1GB DIMM DDR2-667 @ $29.99 free shipping | Crucial,NewEgg.com,Web,http://web.archive.org/web/20250716092935/http://jcmit.net/memoryprice.htm,False
2008-11-14,day,2008.83,memory,0.011,USD per MB (nominal),USD,0.01098388671875,4096.0,44.99,2x 2GB DIMM DDR2-800 @ $49.99 + free shipping | G.Skill,NewEgg.com,Web,http://web.archive.org/web/20250716092935/http://jcmit.net/memoryprice.htm,False
2008-12-14,day,2008.92,memory,0.01,USD per MB (nominal),USD,0.00976318359375,4096.0,39.99,2x 2GB DIMM DDR2-800 @ $39.99 + free shipping | G.Skill,NewEgg.com,Web,http://web.archive.org/web/20250716092935/http://jcmit.net/memoryprice.htm,False
2009-01-19,day,2009.00,memory,0.01,USD per MB (nominal),USD,0.00976318359375,4096.0,39.99,2x 2GB DIMM DDR2-800 @ $39.99 + free shipping | G.Skill,NewEgg.com,Web,http://web.archive.org/web/20250716092935/http://jcmit.net/memoryprice.htm,False
2009-02-14,day,2009.08,memory,0.0107,USD per MB (nominal),USD,0.0107373046875,2048.0,21.99,2x 1GB DIMM DDR2-800 @ $21.99 + free shipping | Kingston,NewEgg.com,Web,http://web.archive.org/web/20250716092935/http://jcmit.net/memoryprice.htm,False
2009-04-03,day,2009.25,memory,0.0105,USD per MB (nominal),USD,0.01049560546875,4096.0,42.99,2x 2GB DIMM DDR2-800 @ $42.99 + free shipping | G.Skill,NewEgg.com,Web,http://web.archive.org/web/20250716092935/http://jcmit.net/memoryprice.htm,False
2009-06-03,day,2009.42,memory,0.0115,USD per MB (nominal),USD,0.01147216796875,4096.0,46.99,2x 2GB DIMM DDR2-800 @ $46.99 + free shipping | Corsair,NewEgg.com,Web,http://web.archive.org/web/20250716092935/http://jcmit.net/memoryprice.htm,False
2009-07-03,day,2009.50,memory,0.011,USD per MB (nominal),USD,0.01098388671875,4096.0,44.99,2x 2GB DIMM DDR2-800 @ $44.99 + free shipping | Corsair,NewEgg.com,Web,http://web.archive.org/web/20250716092935/http://jcmit.net/memoryprice.htm,False
2009-08-20,day,2009.58,memory,0.0127,USD per MB (nominal),USD,0.01269287109375,4096.0,51.99,2x 2GB DIMM DDR2-800 @ $51.99 + free shipping | G.Skill,NewEgg.com,Web,http://web.archive.org/web/20250716092935/http://jcmit.net/memoryprice.htm,False
2009-10-07,day,2009.75,memory,0.0183,USD per MB (nominal),USD,0.01830810546875,4096.0,74.99,2x 2GB DIMM DDR2-1066 @ $74.99 + free shipping | Patriot,NewEgg.com,Web,http://web.archive.org/web/20250716092935/http://jcmit.net/memoryprice.htm,False
2009-12-12,day,2009.92,memory,0.0205,USD per MB (nominal),USD,0.0205029296875,2048.0,41.99,2GB DIMM DDR2-800 @ $41.99 + free shipping | Crucial,NewEgg.com,Web,http://web.archive.org/web/20250716092935/http://jcmit.net/memoryprice.htm,False
2010-01-15,day,2010.00,memory,0.019,USD per MB (nominal),USD,0.01904052734375,4096.0,77.99,2x 2GB DIMM DDR2-800 @ $41.99 + free shipping | Wintek,NewEgg.com,Web,http://web.archive.org/web/20250716092935/http://jcmit.net/memoryprice.htm,False
2010-02-11,day,2010.08,memory,0.0202,USD per MB (nominal),USD,0.0202099609375,4096.0,82.78,2x 2GB DIMM DDR2-667 @ $79.99 + 2.99 shipping | Patriot,NewEgg.com,Web,http://web.archive.org/web/20250716092935/http://jcmit.net/memoryprice.htm,False
2010-03-10,day,2010.17,memory,0.0195,USD per MB (nominal),USD,0.0195263671875,2048.0,39.99,2x 1GB DIMM DDR2-800 @ $39.99 + free shipping | Wintec,NewEgg.com,Web,http://web.archive.org/web/20250716092935/http://jcmit.net/memoryprice.htm,False
2010-05-09,day,2010.33,memory,0.0242,USD per MB (nominal),USD,0.0241650390625,4096.0,98.98,2x 2GB DIMM DDR2-800 @ $92.99 + 5.99 shipping | PQi,NewEgg.com,Web,http://web.archive.org/web/20250716092935/http://jcmit.net/memoryprice.htm,False
2010-07-25,day,2010.50,memory,0.021,USD per MB (nominal),USD,0.0209912109375,4096.0,85.98,2x 2GB DIMM DDR3-1333 @ $84.99 + 0.99 shipping,NewEgg.com,Web,http://web.archive.org/web/20250716092935/http://jcmit.net/memoryprice.htm,False
2010-08-26,day,2010.58,memory,0.022,USD per MB (nominal),USD,0.02197021484375,4096.0,89.99,2x 2GB DIMM DDR3-1333 @ $89.99 + free shipping | Patriot,NewEgg.com,Web,http://web.archive.org/web/20250716092935/http://jcmit.net/memoryprice.htm,False
2010-10-07,day,2010.75,memory,0.0171,USD per MB (nominal),USD,0.01708740234375,4096.0,69.99,2x 2GB DIMM DDR3-1066 @ $69.99 + free shipping | OCZ Gold,NewEgg.com,Web,http://web.archive.org/web/20250716092935/http://jcmit.net/memoryprice.htm,False
2010-11-16,day,2010.83,memory,0.0146,USD per MB (nominal),USD,0.01464599609375,4096.0,59.99,2x 2GB DIMM DDR3-1333 @ $59.99 + free shipping | Mushkin,NewEgg.com,Web,http://web.archive.org/web/20250716092935/http://jcmit.net/memoryprice.htm,False
2010-12-10,day,2010.92,memory,0.0122,USD per MB (nominal),USD,0.012205810546875,8192.0,99.99,2x 4GB DIMM DDR3-1333 @ $99.99 + free shipping | Mushkin,NewEgg.com,Web,http://web.archive.org/web/20250716092935/http://jcmit.net/memoryprice.htm,False
2011-01-21,day,2011.00,memory,0.01,USD per MB (nominal),USD,0.0100048828125,4096.0,40.98,2x 2GB DIMM DDR3-1333 @ $40.98 + free shipping | A-Data,NewEgg.com,Web,http://web.archive.org/web/20250716092935/http://jcmit.net/memoryprice.htm,False
2011-02-12,day,2011.08,memory,0.0103,USD per MB (nominal),USD,0.01025146484375,4096.0,41.99,1x 4GB DIMM DDR3-1333 @ $41.99 + free shipping | Kingston,NewEgg.com,Web,http://web.archive.org/web/20250716092935/http://jcmit.net/memoryprice.htm,False
2011-05-06,day,2011.33,memory,0.01,USD per MB (nominal),USD,0.010008544921875,8192.0,81.99,2x 4GB DIMM DDR3-1333 @ $81.99 + free shipping | GEIL,NewEgg.com,Web,http://web.archive.org/web/20250716092935/http://jcmit.net/memoryprice.htm,False
2011-06-22,day,2011.42,memory,0.0085,USD per MB (nominal),USD,0.008543701171875,8192.0,69.99,2x 4GB DIMM DDR3-1333 @ $69.99 + free shipping | Kingston,NewEgg.com,Web,http://web.archive.org/web/20250716092935/http://jcmit.net/memoryprice.htm,False
2011-09-02,day,2011.67,memory,0.0054,USD per MB (nominal),USD,0.00536865234375,4096.0,21.99,1x 4GB DIMM DDR3-1333 @ $21.99 + free shipping | Crucial,NewEgg.com,Web,http://web.archive.org/web/20250716092935/http://jcmit.net/memoryprice.htm,False
2011-10-17,day,2011.75,memory,0.0051,USD per MB (nominal),USD,0.005125732421875,8192.0,41.99,2x 4GB DIMM DDR3-1333 @ $41.99 + free shipping | PNY Optima,NewEgg.com,Web,http://web.archive.org/web/20250716092935/http://jcmit.net/memoryprice.htm,False
2012-01-12,day,2012.00,memory,0.0049,USD per MB (nominal),USD,0.004881591796875,8192.0,39.99,2x 4GB DIMM DDR3-1600 @ $39.99 + free shipping | Corsair,NewEgg.com,Web,http://web.archive.org/web/20250716092935/http://jcmit.net/memoryprice.htm,False
2012-02-13,day,2012.08,memory,0.0049,USD per MB (nominal),USD,0.004881591796875,8192.0,39.99,2x 4GB DIMM DDR3-1600 @ $39.99 + free shipping | Kingston,NewEgg.com,Web,http://web.archive.org/web/20250716092935/http://jcmit.net/memoryprice.htm,False
2012-04-08,day,2012.25,memory,0.005,USD per MB (nominal),USD,0.005003662109375,8192.0,40.99,2x 4GB DIMM DDR3-1333 @ $40.99 + free shipping | Patriot,NewEgg.com,Web,http://web.archive.org/web/20250716092935/http://jcmit.net/memoryprice.htm,False
2012-05-24,day,2012.33,memory,0.0049,USD per MB (nominal),USD,0.004881591796875,8192.0,39.99,2x 4GB DIMM DDR3-1333 @ $39.99 + free shipping | Team Elite,NewEgg.com,Web,http://web.archive.org/web/20250716092935/http://jcmit.net/memoryprice.htm,False
2012-08-20,day,2012.58,memory,0.0048,USD per MB (nominal),USD,0.0047601318359375,16384.0,77.99,2x 8GB DIMM DDR3-1333 @ $77.99 + free shipping | Kingston,NewEgg.com,Web,http://web.archive.org/web/20250716092935/http://jcmit.net/memoryprice.htm,False
2012-09-21,day,2012.67,memory,0.004,USD per MB (nominal),USD,0.0039544677734375,16384.0,64.79,2x 8GB DIMM DDR3-1600 @ $64.79 + free shipping | GEIL EVO Corsa,NewEgg.com,Web,http://web.archive.org/web/20250716092935/http://jcmit.net/memoryprice.htm,False
2012-11-17,day,2012.83,memory,0.0037,USD per MB (nominal),USD,0.003660888671875,8192.0,29.99,2x 4GB DIMM DDR3-1333 @ $29.99 + free shipping | Crucial Ballistix Sport,NewEgg.com,Web,http://web.archive.org/web/20250716092935/http://jcmit.net/memoryprice.htm,False
2013-01-17,day,2013.00,memory,0.0043,USD per MB (nominal),USD,0.004271240234375,8192.0,34.99,2x 4GB DIMM DDR3-1600 @ $34.99 + free shipping | Wintec One,NewEgg.com,Web,http://web.archive.org/web/20250716092935/http://jcmit.net/memoryprice.htm,False
2013-02-23,day,2013.08,memory,0.0054,USD per MB (nominal),USD,0.0054315185546875,16384.0,88.99,2x 8GB DIMM DDR3-1600 @ $88.99 + free shipping | GEIL EVO Corsa,NewEgg.com,Web,http://web.archive.org/web/20250716092935/http://jcmit.net/memoryprice.htm,False
2013-05-18,day,2013.33,memory,0.0067,USD per MB (nominal),USD,0.0067132568359375,16384.0,109.99,2x 8GB DIMM DDR3-1866 @ $109.99 + free shipping | GEIL,NewEgg.com,Web,http://web.archive.org/web/20250716092935/http://jcmit.net/memoryprice.htm,False
2013-06-30,day,2013.42,memory,0.0061,USD per MB (nominal),USD,0.006102294921875,8192.0,49.99,2x 4GB DIMM DDR3-1333 @ $49.99 + free shipping | Crucial,NewEgg.com,Web,http://web.archive.org/web/20250716092935/http://jcmit.net/memoryprice.htm,False
2013-08-09,day,2013.58,memory,0.0073,USD per MB (nominal),USD,0.007322998046875,8192.0,59.99,2x 4GB DIMM DDR3-1333 @ $59.99 + free shipping | WINTEC value,NewEgg.com,Web,http://web.archive.org/web/20250716092935/http://jcmit.net/memoryprice.htm,False
2013-09-07,day,2013.67,memory,0.0065,USD per MB (nominal),USD,0.006468505859375,8192.0,52.99,1x 8GB DIMM DDR3-1600 @ $52.99 + free shipping | Kingston HyperX,NewEgg.com,Web,http://web.archive.org/web/20250716092935/http://jcmit.net/memoryprice.htm,False
2013-10-16,day,2013.75,memory,0.0082,USD per MB (nominal),USD,0.0081781005859375,16384.0,133.99,2x 8GB DIMM DDR3-1866 @ $133.99 + free shipping | Patriot Intel ExMLE,NewEgg.com,Web,http://web.archive.org/web/20250716092935/http://jcmit.net/memoryprice.htm,False
2013-11-10,day,2013.83,memory,0.0085,USD per MB (nominal),USD,0.008543701171875,8192.0,69.99,1x 8GB DIMM DDR3-1600 @ $69.99 + free shipping | Crucial Ballistix Sport,NewEgg.com,Web,http://web.archive.org/web/20250716092935/http://jcmit.net/memoryprice.htm,False
2013-12-23,day,2013.92,memory,0.0079,USD per MB (nominal),USD,0.0079339599609375,16384.0,129.99,2x 8GB DIMM DDR3-1600 @ $129.99 + free shipping | Silicon Power,NewEgg.com,Web,http://web.archive.org/web/20250716092935/http://jcmit.net/memoryprice.htm,False
2014-02-08,day,2014.08,memory,0.0095,USD per MB (nominal),USD,0.00951904296875,4096.0,38.99,1x 4GB DIMM DDR3-1600 @ $38.99 + free shipping | Patriot Viper 3,NewEgg.com,Web,http://web.archive.org/web/20250716092935/http://jcmit.net/memoryprice.htm,False
2014-03-13,day,2014.17,memory,0.0079,USD per MB (nominal),USD,0.007933349609375,8192.0,64.99,2x 4GB DIMM DDR3-1600 @ $64.99 + free shipping | HyperX XMP,NewEgg.com,Web,http://web.archive.org/web/20250716092935/http://jcmit.net/memoryprice.htm,False
2014-04-10,day,2014.25,memory,0.0073,USD per MB (nominal),USD,0.00732177734375,4096.0,29.99,1x 4GB DIMM DDR3-1600 @ $29.99 + free shipping | Team,NewEgg.com,Web,http://web.archive.org/web/20250716092935/http://jcmit.net/memoryprice.htm,False
2014-06-19,day,2014.42,memory,0.0079,USD per MB (nominal),USD,0.007933349609375,8192.0,64.99,2x 4GB DIMM DDR3-1333 @ $64.99 + free shipping | Team Elite,NewEgg.com,Web,http://web.archive.org/web/20250716092935/http://jcmit.net/memoryprice.htm,False
2014-08-02,day,2014.58,memory,0.0085,USD per MB (nominal),USD,0.008543701171875,8192.0,69.99,2x 4GB DIMM DDR3-1600 @ $69.99 + free shipping | Team Vulcan,NewEgg.com,Web,http://web.archive.org/web/20250716092935/http://jcmit.net/memoryprice.htm,False
2014-09-13,day,2014.67,memory,0.0085,USD per MB (nominal),USD,0.008543701171875,8192.0,69.99,2x 4GB DIMM DDR3-1600 @ $69.99 + free shipping | Team Vulcan,NewEgg.com,Web,http://web.archive.org/web/20250716092935/http://jcmit.net/memoryprice.htm,False
2014-11-11,day,2014.83,memory,0.0085,USD per MB (nominal),USD,0.00854248046875,4096.0,34.99,1x 4GB DIMM DDR3-1600 @ $34.99 + free shipping | pareema,NewEgg.com,Web,http://web.archive.org/web/20250716092935/http://jcmit.net/memoryprice.htm,False
2015-01-22,day,2015.00,memory,0.0078,USD per MB (nominal),USD,0.007811279296875,8192.0,63.99,1x 8GB DIMM DDR3-1866 @ $63.99 + free shipping | Hupexx Fury,NewEgg.com,Web,http://web.archive.org/web/20250716092935/http://jcmit.net/memoryprice.htm,False
2015-02-15,day,2015.08,memory,0.0073,USD per MB (nominal),USD,0.007322998046875,8192.0,59.99,2x 4GB DIMM DDR3-1600 @ $59.99 + free shipping | Crucial,NewEgg.com,Web,http://web.archive.org/web/20250716092935/http://jcmit.net/memoryprice.htm,False
2015-04-11,day,2015.25,memory,0.0061,USD per MB (nominal),USD,0.006102294921875,8192.0,49.99,2x 4GB DIMM DDR3-1600 @ $49.99 + free shipping | Avexir,NewEgg.com,Web,http://web.archive.org/web/20250716092935/http://jcmit.net/memoryprice.htm,False
2015-05-15,day,2015.33,memory,0.0056,USD per MB (nominal),USD,0.0056146240234375,16384.0,91.99,2x 8GB DIMM DDR3-1600 @ $91.99 + free shipping | Team Vulcan,NewEgg.com,Web,http://web.archive.org/web/20250716092935/http://jcmit.net/memoryprice.htm,False
2015-07-10,day,2015.50,memory,0.0049,USD per MB (nominal),USD,0.004881591796875,8192.0,39.99,1x 8GB DIMM DDR3-1600 @ $39.99 + free shipping | Team Elite,NewEgg.com,Web,http://web.archive.org/web/20250716092935/http://jcmit.net/memoryprice.htm,False
2015-08-23,day,2015.58,memory,0.0045,USD per MB (nominal),USD,0.0045159912109375,16384.0,73.99,2x 8GB DIMM DDR3L-1600 @ $73.99 + free shipping | Mushkin Enhanced ECO2,NewEgg.com,Web,http://web.archive.org/web/20250716092935/http://jcmit.net/memoryprice.htm,False
2015-09-22,day,2015.67,memory,0.0043,USD per MB (nominal),USD,0.004271240234375,8192.0,34.99,2x 4GB DIMM DDR3-1333 @ $34.99 + free shipping | Team Elite,NewEgg.com,Web,http://web.archive.org/web/20250716092935/http://jcmit.net/memoryprice.htm,False
2015-10-24,day,2015.75,memory,0.0042,USD per MB (nominal),USD,0.0042108154296875,16384.0,68.99,2x 8GB DIMM DDR3-1600 @ $68.99 + free shipping | Team Dark,NewEgg.com,Web,http://web.archive.org/web/20250716092935/http://jcmit.net/memoryprice.htm,False
2015-11-21,day,2015.83,memory,0.0038,USD per MB (nominal),USD,0.0038446044921875,16384.0,62.99,2x 8GB DIMM DDR3-1600 @ $62.99 + free shipping | V-Color OC,NewEgg.com,Web,http://web.archive.org/web/20250716092935/http://jcmit.net/memoryprice.htm,False
2015-12-18,day,2015.92,memory,0.0037,USD per MB (nominal),USD,0.0036614990234375,16384.0,59.99,2x 8GB DIMM DDR3-1600 @ $59.99 + free shipping | Team Vulcan,NewEgg.com,Web,http://web.archive.org/web/20250716092935/http://jcmit.net/memoryprice.htm,False
2016-02-14,day,2016.08,memory,0.0036,USD per MB (nominal),USD,0.0036004638671875,16384.0,58.99,2x 8GB DIMM DDR3L-1600 @ $58.99 + free shipping | Mushkin Enhanced Essentials,NewEgg.com,Web,http://web.archive.org/web/20250716092935/http://jcmit.net/memoryprice.htm,False
2016-04-11,day,2016.25,memory,0.0031,USD per MB (nominal),USD,0.0030511474609375,16384.0,49.99,2x 8GB DIMM DDR3L-1600 @ $49.99 + free shipping | Mushkin Enhanced Essentials,NewEgg.com,Web,http://web.archive.org/web/20250716092935/http://jcmit.net/memoryprice.htm,False
2016-05-18,day,2016.33,memory,0.003,USD per MB (nominal),USD,0.0029901123046875,16384.0,48.99,2x 8GB DIMM DDR4-2133 @ $48.99 + free shipping | Team Elite Plus,NewEgg.com,Web,http://web.archive.org/web/20250716092935/http://jcmit.net/memoryprice.htm,False
2016-06-20,day,2016.42,memory,0.0027,USD per MB (nominal),USD,0.0027459716796875,16384.0,44.99,2x 8GB DIMM DDR3-1866 @ $44.99 + free shipping | V-Color OC Series,NewEgg.com,Web,http://web.archive.org/web/20250716092935/http://jcmit.net/memoryprice.htm,False
2016-07-22,day,2016.50,memory,0.0031,USD per MB (nominal),USD,0.0030511474609375,16384.0,49.99,2x 8GB DIMM DDR3-1600 @ $49.99 + free shipping | Team Vulcan,NewEgg.com,Web,http://web.archive.org/web/20250716092935/http://jcmit.net/memoryprice.htm,False
2016-08-22,day,2016.58,memory,0.0035,USD per MB (nominal),USD,0.0035394287109375,16384.0,57.99,2x 8GB DIMM DDR3-1600 @ $57.99 + free shipping | Team Vulcan,NewEgg.com,Web,http://web.archive.org/web/20250716092935/http://jcmit.net/memoryprice.htm,False
2016-10-15,day,2016.75,memory,0.0035,USD per MB (nominal),USD,0.00350921630859375,32768.0,114.99,2x 16GB DIMM DDR4-2133 @ $114.99 + free shipping | G. Skill Aegis,NewEgg.com,Web,http://web.archive.org/web/20250716092935/http://jcmit.net/memoryprice.htm,False
2016-11-15,day,2016.83,memory,0.0041,USD per MB (nominal),USD,0.0041497802734375,16384.0,67.99,2x 8GB DIMM DDR4-2133 @ $67.99 + free shipping | GEIL EVO Potenza,NewEgg.com,Web,http://web.archive.org/web/20250716092935/http://jcmit.net/memoryprice.htm,False
2016-12-21,day,2016.92,memory,0.0046,USD per MB (nominal),USD,0.0045770263671875,16384.0,74.99,2x 8GB DIMM DDR4-3000 @ $74.99 + free shipping | Team Dark,NewEgg.com,Web,http://web.archive.org/web/20250716092935/http://jcmit.net/memoryprice.htm,False
2017-01-15,day,2017.00,memory,0.0049,USD per MB (nominal),USD,0.0048822021484375,16384.0,79.99,2x 8GB DIMM DDR4-3000 @ $79.99 + free shipping | Team Vulcan,NewEgg.com,Web,http://web.archive.org/web/20250716092935/http://jcmit.net/memoryprice.htm,False
2017-03-12,day,2017.17,memory,0.0055,USD per MB (nominal),USD,0.0054925537109375,16384.0,89.99,2x 8GB DIMM DDR3-2133 @ $89.99 + free shipping | Ballistic Elite,NewEgg.com,Web,http://web.archive.org/web/20250716092935/http://jcmit.net/memoryprice.htm,False
2017-05-05,day,2017.33,memory,0.0057,USD per MB (nominal),USD,0.00244110107421875,32768.0,79.99,2x 16GB DIMM DDR4-2133 @ $185.99 + free shipping | GEIL Forze,NewEgg.com,Web,http://web.archive.org/web/20250716092935/http://jcmit.net/memoryprice.htm,True
2017-06-22,day,2017.42,memory,0.0055,USD per MB (nominal),USD,0.0054925537109375,16384.0,89.99,2x 8GB DIMM DDR3-1600 @ $89.99 + free shipping | Team Dark,NewEgg.com,Web,http://web.archive.org/web/20250716092935/http://jcmit.net/memoryprice.htm,False
2017-07-22,day,2017.50,memory,0.0059,USD per MB (nominal),USD,0.0058587646484375,16384.0,95.99,2x 8GB DIMM DDR3-1600 @ $95.99 + free shipping | Adata XPG V1.0,NewEgg.com,Web,http://web.archive.org/web/20250716092935/http://jcmit.net/memoryprice.htm,False
2017-09-19,day,2017.67,memory,0.0061,USD per MB (nominal),USD,0.009764404296875,8192.0,79.99,2x 4GB DIMM DDR3-1600 @ $49.99 + free shipping | Team Vulcan,NewEgg.com,Web,http://web.archive.org/web/20250716092935/http://jcmit.net/memoryprice.htm,True
2017-10-27,day,2017.75,memory,0.0067,USD per MB (nominal),USD,0.0067132568359375,16384.0,109.99,2x 8GB DIMM DDR3-1600 @ $109.99 + free shipping | Team Elite Plus,NewEgg.com,Web,http://web.archive.org/web/20250716092935/http://jcmit.net/memoryprice.htm,False
2017-12-12,day,2017.92,memory,0.0071,USD per MB (nominal),USD,0.0070794677734375,16384.0,115.99,2x 8GB DIMM DDR3-1600 @ $115.99 + free shipping | Silicon Power,NewEgg.com,Web,http://web.archive.org/web/20250716092935/http://jcmit.net/memoryprice.htm,False
2018-02-14,day,2018.08,memory,0.0067,USD per MB (nominal),USD,0.0066522216796875,16384.0,108.99,2x 8GB DIMM DDR3-1600 @ $108.99 + free shipping | Silicon Power,NewEgg.com,Web,http://web.archive.org/web/20250716092935/http://jcmit.net/memoryprice.htm,False
2018-03-23,day,2018.17,memory,0.007,USD per MB (nominal),USD,0.0069573974609375,16384.0,113.99,2x 8GB DIMM DDR3-1600 @ $113.99 + free shipping | Team Dark,NewEgg.com,Web,http://web.archive.org/web/20250716092935/http://jcmit.net/memoryprice.htm,False
2018-05-11,day,2018.33,memory,0.0068,USD per MB (nominal),USD,0.006834716796875,16384.0,111.98,2x 8GB DIMM DDR3-1600 @ $110.99 + $0.99 shipping | Team Dark,NewEgg.com,Web,http://web.archive.org/web/20250716092935/http://jcmit.net/memoryprice.htm,False
2018-06-19,day,2018.42,memory,0.0064,USD per MB (nominal),USD,0.0064080810546875,16384.0,104.99,2x 8GB DIMM DDR3-1600 @ $104.99 + free shipping | Adata XPG V1.0,NewEgg.com,Web,http://web.archive.org/web/20250716092935/http://jcmit.net/memoryprice.htm,False
2018-07-08,day,2018.50,memory,0.0068,USD per MB (nominal),USD,0.0067742919921875,16384.0,110.99,2x 8GB DIMM DDR3-1600 @ $109.99 + $0.99 shipping | Team Vulcan,NewEgg.com,Web,http://web.archive.org/web/20250716092935/http://jcmit.net/memoryprice.htm,False
2018-08-24,day,2018.58,memory,0.0062,USD per MB (nominal),USD,0.006163330078125,16384.0,100.98,2x 8GB DIMM DDR3-1600 @ $99.99 + $0.99 shipping | Team Dark,NewEgg.com,Web,http://web.archive.org/web/20250716092935/http://jcmit.net/memoryprice.htm,False
2018-09-20,day,2018.67,memory,0.0055,USD per MB (nominal),USD,0.0054925537109375,16384.0,89.99,2x 8GB DIMM DDR3-1600 @ $89.99 + free shipping | G. Skill,NewEgg.com,Web,http://web.archive.org/web/20250716092935/http://jcmit.net/memoryprice.htm,False
2018-11-11,day,2018.83,memory,0.0051,USD per MB (nominal),USD,0.0050653076171875,16384.0,82.99,2x 8GB DIMM DDR3L-1600 @ $82.99 + free shipping | Mushkin Enhanced Essentials,NewEgg.com,Web,http://web.archive.org/web/20250716092935/http://jcmit.net/memoryprice.htm,False
2018-12-16,day,2018.92,memory,0.0046,USD per MB (nominal),USD,0.0067742919921875,16384.0,110.99,1x 8GB DIMM DDR3-1333 @ $37.99 + free shipping | G. Skill Value Series,NewEgg.com,Web,http://web.archive.org/web/20250716092935/http://jcmit.net/memoryprice.htm,True
2019-01-17,day,2019.00,memory,0.0043,USD per MB (nominal),USD,0.0042718505859375,16384.0,69.99,2x 8GB DIMM DDR3L-1600 @ $69.99 + free shipping | Mushkin Enhanced Essentials,NewEgg.com,Web,http://web.archive.org/web/20250716092935/http://jcmit.net/memoryprice.htm,False
2019-02-11,day,2019.08,memory,0.0043,USD per MB (nominal),USD,0.0042718505859375,16384.0,69.99,2x 8GB DIMM DDR3L-1600 @ $69.99 + free shipping | Mushkin Enhanced Essentials,NewEgg.com,Web,http://web.archive.org/web/20250716092935/http://jcmit.net/memoryprice.htm,False
2019-03-11,day,2019.17,memory,0.0042,USD per MB (nominal),USD,0.0042108154296875,16384.0,68.99,2x 8GB DIMM DDR3L-1600 @ $68.99 + free shipping | Mushkin Enhanced Essentials,NewEgg.com,Web,http://web.archive.org/web/20250716092935/http://jcmit.net/memoryprice.htm,False
2019-04-21,day,2019.25,memory,0.0037,USD per MB (nominal),USD,0.003721923828125,16384.0,60.98,2x 8GB DIMM DDR3-1600 @ $59.99 + $0.99 shipping | G. Skill Value,NewEgg.com,Web,http://web.archive.org/web/20250716092935/http://jcmit.net/memoryprice.htm,False
2019-05-20,day,2019.33,memory,0.0034,USD per MB (nominal),USD,0.003416748046875,8192.0,27.99,1x 8GB DIMM DDR3-1600 @ $27.99 + free shipping | Patriot Signature Line,NewEgg.com,Web,http://web.archive.org/web/20250716092935/http://jcmit.net/memoryprice.htm,False
2019-06-19,day,2019.42,memory,0.0032,USD per MB (nominal),USD,0.003172607421875,8192.0,25.99,1x 8GB DIMM DDR4-2400 @ $25.99 + free shipping | OLOy,NewEgg.com,Web,http://web.archive.org/web/20250716092935/http://jcmit.net/memoryprice.htm,False
2019-07-18,day,2019.50,memory,0.0027,USD per MB (nominal),USD,0.0027459716796875,16384.0,44.99,2x 8GB DIMM DDR4-2400 @ $44.99 + free shipping | OLOy,NewEgg.com,Web,http://web.archive.org/web/20250716092935/http://jcmit.net/memoryprice.htm,False
2019-08-17,day,2019.58,memory,0.0027,USD per MB (nominal),USD,0.0027459716796875,16384.0,44.99,2x 8GB DIMM DDR4-2400 @ $44.99 + free shipping | OLOy,NewEgg.com,Web,http://web.archive.org/web/20250716092935/http://jcmit.net/memoryprice.htm,False
2019-09-16,day,2019.67,memory,0.0033,USD per MB (nominal),USD,0.0032952880859375,16384.0,53.99,2x 8GB DIMM DDR4-2666 @ $53.99 + free shipping | OLOy,NewEgg.com,Web,http://web.archive.org/web/20250716092935/http://jcmit.net/memoryprice.htm,False
2019-10-18,day,2019.75,memory,0.0031,USD per MB (nominal),USD,0.00305145263671875,32768.0,99.99,2x 16GB DIMM DDR4-2666 @ $99.99 + free shipping | G. Skill Aegis,NewEgg.com,Web,http://web.archive.org/web/20250716092935/http://jcmit.net/memoryprice.htm,False
2019-11-14,day,2019.83,memory,0.0029,USD per MB (nominal),USD,0.00289886474609375,32768.0,94.99,2x 16GB DIMM DDR4-3000 @ $94.99 + free shipping | Geil EVO Potenza,NewEgg.com,Web,http://web.archive.org/web/20250716092935/http://jcmit.net/memoryprice.htm,False
2019-12-17,day,2019.92,memory,0.0028,USD per MB (nominal),USD,0.00283782958984375,32768.0,92.99,2x 16GB DIMM DDR4-3000 @ $92.99 + free shipping | OLOy,NewEgg.com,Web,http://web.archive.org/web/20250716092935/http://jcmit.net/memoryprice.htm,False
2020-01-20,day,2020.00,memory,0.0029,USD per MB (nominal),USD,0.0029290771484375,16384.0,47.99,2x 8GB DIMM DDR4-2400 @ $47.99 + free shipping | OLOy,NewEgg.com,Web,http://web.archive.org/web/20250716092935/http://jcmit.net/memoryprice.htm,False
2020-02-17,day,2020.08,memory,0.0031,USD per MB (nominal),USD,0.00305145263671875,32768.0,99.99,2x 16GB DIMM DDR4-2400 @ $99.99 + free shipping | OLOy,NewEgg.com,Web,http://web.archive.org/web/20250716092935/http://jcmit.net/memoryprice.htm,False
2020-03-23,day,2020.17,memory,0.0035,USD per MB (nominal),USD,0.00350921630859375,32768.0,114.99,2x 16GB DIMM DDR4-2400 @ $114.99 + free shipping | OLOy,NewEgg.com,Web,http://web.archive.org/web/20250716092935/http://jcmit.net/memoryprice.htm,False
2020-04-23,day,2020.25,memory,0.0035,USD per MB (nominal),USD,0.0035394287109375,16384.0,57.99,1x 16GB DIMM DDR4-3000 @ $57.99 + free shipping | OLOy,NewEgg.com,Web,http://web.archive.org/web/20250716092935/http://jcmit.net/memoryprice.htm,False
2020-05-23,day,2020.33,memory,0.0035,USD per MB (nominal),USD,0.00350921630859375,32768.0,114.99,2x 16GB DIMM DDR4-2666 @ $114.99 + free shipping | G. Skill,NewEgg.com,Web,http://web.archive.org/web/20250716092935/http://jcmit.net/memoryprice.htm,False
2020-06-21,day,2020.42,memory,0.0032,USD per MB (nominal),USD,0.00320404052734375,32768.0,104.99,2x 16GB DIMM DDR4-2400 @ $104.99 + free shipping | G. Skill X series,NewEgg.com,Web,http://web.archive.org/web/20250716092935/http://jcmit.net/memoryprice.htm,False
2020-07-18,day,2020.50,memory,0.0029,USD per MB (nominal),USD,0.00289886474609375,32768.0,94.99,2x 16GB DIMM DDR4-2666 @ $94.99 + free shipping | G. Skill Aegis,NewEgg.com,Web,http://web.archive.org/web/20250716092935/http://jcmit.net/memoryprice.htm,False
2020-08-19,day,2020.58,memory,0.0027,USD per MB (nominal),USD,0.00274627685546875,32768.0,89.99,1x 32GB DIMM DDR4-3200 @ $89.99 + free shipping | Team Elite,NewEgg.com,Web,http://web.archive.org/web/20250716092935/http://jcmit.net/memoryprice.htm,False
2020-09-20,day,2020.67,memory,0.0028,USD per MB (nominal),USD,0.00280731201171875,32768.0,91.99,2x 16GB DIMM DDR4-2666 @ $91.99 + free shipping | OLOy,NewEgg.com,Web,http://web.archive.org/web/20250716092935/http://jcmit.net/memoryprice.htm,False
2020-10-17,day,2020.75,memory,0.0027,USD per MB (nominal),USD,0.00274627685546875,32768.0,89.99,2x 16GB DIMM DDR4-3000 @ $89.99 + free shipping | GEIL Evo Potenza,NewEgg.com,Web,http://web.archive.org/web/20250716092935/http://jcmit.net/memoryprice.htm,False
2020-11-19,day,2020.83,memory,0.0029,USD per MB (nominal),USD,0.00289886474609375,32768.0,94.99,2x 16GB DIMM DDR4-3200 @ $94.99 + free shipping | Team T-Force,NewEgg.com,Web,http://web.archive.org/web/20250716092935/http://jcmit.net/memoryprice.htm,False
2020-12-21,day,2020.92,memory,0.003,USD per MB (nominal),USD,0.00299041748046875,32768.0,97.99,2x 16GB DIMM DDR4-3000 @ $97.99 + free shipping | OLOy,NewEgg.com,Web,http://web.archive.org/web/20250716092935/http://jcmit.net/memoryprice.htm,False
2021-02-14,day,2021.08,memory,0.0034,USD per MB (nominal),USD,0.00335662841796875,32768.0,109.99,2x 16GB DIMM DDR4-3000 @ $109.99 + free shipping | G.Skill Aegis,NewEgg.com,Web,http://web.archive.org/web/20250716092935/http://jcmit.net/memoryprice.htm,False
2021-04-17,day,2021.25,memory,0.004,USD per MB (nominal),USD,0.003967132568359375,65536.0,259.99,2x 32GB DIMM DDR4-2666 @ $259.99 + free shipping | G.Skill Value Series,NewEgg.com,Web,http://web.archive.org/web/20250716092935/http://jcmit.net/memoryprice.htm,False
2021-05-17,day,2021.33,memory,0.0035,USD per MB (nominal),USD,0.003509368896484375,65536.0,229.99,2x 32GB DIMM DDR4-2666 @ $229.99 + free shipping | G.Skill Value Series,NewEgg.com,Web,http://web.archive.org/web/20250716092935/http://jcmit.net/memoryprice.htm,False
2021-07-11,day,2021.50,memory,0.0039,USD per MB (nominal),USD,0.003905029296875,8192.0,31.99,1x 8GB DIMM DDR3-1600 @ $31.99 + free shipping | Patriot Signature Line,NewEgg.com,Web,http://web.archive.org/web/20250716092935/http://jcmit.net/memoryprice.htm,False
2021-08-16,day,2021.58,memory,0.0037,USD per MB (nominal),USD,0.00366180419921875,32768.0,119.99,2x 16GB DIMM DDR4-2133 @ $119.99 + free shipping | G.Skill Ripjaws V,NewEgg.com,Web,http://web.archive.org/web/20250716092935/http://jcmit.net/memoryprice.htm,False
2021-09-18,day,2021.67,memory,0.0032,USD per MB (nominal),USD,0.0031732177734375,16384.0,51.99,1x 16GB DIMM DDR4-2666 @ $51.99 + free shipping | G.Skill Aegis,NewEgg.com,Web,http://web.archive.org/web/20250716092935/http://jcmit.net/memoryprice.htm,False
2021-10-20,day,2021.75,memory,0.003,USD per MB (nominal),USD,0.0029901123046875,16384.0,48.99,1x 16GB DIMM DDR4-2400 @ $48.99 + free shipping | G.Skill Aegis,NewEgg.com,Web,http://web.archive.org/web/20250716092935/http://jcmit.net/memoryprice.htm,False
2021-12-15,day,2021.92,memory,0.0026,USD per MB (nominal),USD,0.00259368896484375,32768.0,84.99,2x 16GB DIMM DDR4-2666 @ $84.99 + free shipping | G.Skill Aegis,NewEgg.com,Web,http://web.archive.org/web/20250716092935/http://jcmit.net/memoryprice.htm,False
2022-01-19,day,2022.00,memory,0.0028,USD per MB (nominal),USD,0.00283782958984375,32768.0,92.99,2x 16GB DIMM DDR4-2666 @ $92.99 + free shipping | G.Skill Aegis,NewEgg.com,Web,http://web.archive.org/web/20250716092935/http://jcmit.net/memoryprice.htm,False
2022-02-17,day,2022.08,memory,0.0029,USD per MB (nominal),USD,0.00286834716796875,32768.0,93.99,2x 16GB DIMM DDR4-2666 @ $93.99 + free shipping | G.Skill Aegis,NewEgg.com,Web,http://web.archive.org/web/20250716092935/http://jcmit.net/memoryprice.htm,False
2022-03-18,day,2022.17,memory,0.0031,USD per MB (nominal),USD,0.00305145263671875,32768.0,99.99,2x 16GB DIMM DDR4-3200 @ $99.99 + free shipping | Team T-Force Vulcan TUF G.A.,NewEgg.com,Web,http://web.archive.org/web/20250716092935/http://jcmit.net/memoryprice.htm,False
2022-04-23,day,2022.25,memory,0.0031,USD per MB (nominal),USD,0.003111572265625,16384.0,50.98,1x 16GB DIMM DDR4-2400 @ $49.99 + $0.99 shipping | G.Skill Aegis,NewEgg.com,Web,http://web.archive.org/web/20250716092935/http://jcmit.net/memoryprice.htm,False
2022-05-15,day,2022.33,memory,0.0027,USD per MB (nominal),USD,0.00268524169921875,32768.0,87.99,1x 32GB SO-DIMM DDR4-3200 @ $87.99 + free shipping | G.Skill Ripjaws,NewEgg.com,Web,http://web.archive.org/web/20250716092935/http://jcmit.net/memoryprice.htm,False
2022-06-18,day,2022.42,memory,0.0026,USD per MB (nominal),USD,0.00259307861328125,32768.0,84.97,2x 16GB SO-DIMM DDR4-3200 @ $84.97 + free shipping | Silicon Power,NewEgg.com,Web,http://web.archive.org/web/20250716092935/http://jcmit.net/memoryprice.htm,False
2022-08-20,day,2022.58,memory,0.0023,USD per MB (nominal),USD,0.00228851318359375,32768.0,74.99,1x 32GB SO-DIMM DDR4-3200 @ $74.99 + free shipping | OLOy,NewEgg.com,Web,http://web.archive.org/web/20250716092935/http://jcmit.net/memoryprice.htm,False
2022-09-16,day,2022.67,memory,0.0022,USD per MB (nominal),USD,0.00222747802734375,32768.0,72.99,1x 32GB SO-DIMM DDR4-2666 @ $72.99 + free shipping | Silicon Power,NewEgg.com,Web,http://web.archive.org/web/20250716092935/http://jcmit.net/memoryprice.htm,False
2022-10-18,day,2022.75,memory,0.0022,USD per MB (nominal),USD,0.00222747802734375,32768.0,72.99,2x 16GB SO-DIMM DDR4-2666 @ $72.99 + free shipping | Silicon Power,NewEgg.com,Web,http://web.archive.org/web/20250716092935/http://jcmit.net/memoryprice.htm,False
2022-11-05,day,2022.83,memory,0.0021,USD per MB (nominal),USD,0.00213592529296875,32768.0,69.99,1x 32GB SO-DIMM DDR4-2666 @ $69.99 + free shipping | Silicon Power,NewEgg.com,Web,http://web.archive.org/web/20250716092935/http://jcmit.net/memoryprice.htm,False
2022-12-18,day,2022.92,memory,0.0021,USD per MB (nominal),USD,0.00210540771484375,32768.0,68.99,2x 16GB DIMM DDR4-2400 @ $68.99 + free shipping | G.Skill Aegis,NewEgg.com,Web,http://web.archive.org/web/20250716092935/http://jcmit.net/memoryprice.htm,False
2023-01-18,day,2023.00,memory,0.002,USD per MB (nominal),USD,0.0019525146484375,32768.0,63.98,1x 32GB SO-DIMM DDR4-2666 @ $61.99 + $1.99 shipping | G.Skill Ripjaws,NewEgg.com,Web,http://web.archive.org/web/20250716092935/http://jcmit.net/memoryprice.htm,False
2023-02-18,day,2023.08,memory,0.0018,USD per MB (nominal),USD,0.001754608154296875,65536.0,114.99,2x 32GB SO-DIMM DDR4-3200 @ $114.99 + free shipping | Mushkin Enhanced Essentials,NewEgg.com,Web,http://web.archive.org/web/20250716092935/http://jcmit.net/memoryprice.htm,False
2023-03-18,day,2023.17,memory,0.0018,USD per MB (nominal),USD,0.001754608154296875,65536.0,114.99,2x 32GB SO-DIMM DDR4-3200 @ $114.99 + free shipping | Mushkin Enhanced Essentials,NewEgg.com,Web,http://web.archive.org/web/20250716092935/http://jcmit.net/memoryprice.htm,False
2023-05-06,day,2023.33,memory,0.0015,USD per MB (nominal),USD,0.001495208740234375,65536.0,97.99,2x 32GB SO-DIMM DDR4-3200 @ $97.99 + free shipping | Team Elite,NewEgg.com,Web,http://web.archive.org/web/20250716092935/http://jcmit.net/memoryprice.htm,False
2023-06-17,day,2023.42,memory,0.00143,USD per MB (nominal),USD,0.001434173583984375,65536.0,93.99,2x 32GB DIMM DDR4-2666 @ $93.99 + free shipping | Mushkin Enhanced Essentials,NewEgg.com,Web,http://web.archive.org/web/20250716092935/http://jcmit.net/memoryprice.htm,False
2023-07-18,day,2023.50,memory,0.0014,USD per MB (nominal),USD,0.00140350341796875,32768.0,45.99,2x 16GB SO-DIMM DDR4-3200 @ $45.99 + free shipping | Team T-Create Classic,NewEgg.com,Web,http://web.archive.org/web/20250716092935/http://jcmit.net/memoryprice.htm,False
2023-09-19,day,2023.67,memory,0.00142,USD per MB (nominal),USD,0.001418914794921875,65536.0,92.99,2x 32GB DIMM DDR4-3200 @ $92.99 + free shipping | Mushkin Enhanced Redline Stiletto,NewEgg.com,Web,http://web.archive.org/web/20250716092935/http://jcmit.net/memoryprice.htm,False
2023-10-20,day,2023.75,memory,0.00137,USD per MB (nominal),USD,0.001373138427734375,65536.0,89.99,2x 32GB SO-DIMM DDR4-3200 @ $89.99 + free shipping | Team T-Create Classic,NewEgg.com,Web,http://web.archive.org/web/20250716092935/http://jcmit.net/memoryprice.htm,False
2023-11-16,day,2023.83,memory,0.00128,USD per MB (nominal),USD,0.00128143310546875,32768.0,41.99,2x 16GB SO-DIMM DDR4-2666 @ $41.99 + free shipping | Mushkin Enhanced Redline,NewEgg.com,Web,http://web.archive.org/web/20250716092935/http://jcmit.net/memoryprice.htm,False
2024-01-14,day,2024.00,memory,0.00157,USD per MB (nominal),USD,0.001571502685546875,65536.0,102.99,2x 32GB SO-DIMM DDR4-3200 @ $102.99 + free shipping | Team Elite,NewEgg.com,Web,http://web.archive.org/web/20250716092935/http://jcmit.net/memoryprice.htm,False
2024-02-21,day,2024.08,memory,0.00168,USD per MB (nominal),USD,0.001678314208984375,65536.0,109.99,2x 32GB SO-DIMM DDR4-3200 @ $109.99 + free shipping | Mushkin Enhanced Essentials,NewEgg.com,Web,http://web.archive.org/web/20250716092935/http://jcmit.net/memoryprice.htm,False
2024-03-21,day,2024.17,memory,0.00153,USD per MB (nominal),USD,0.001525726318359375,65536.0,99.99,2x 32GB DIMM DDR4-2666 @ $99.99 + free shipping | Corsair Vengence LPX,NewEgg.com,Web,http://web.archive.org/web/20250716092935/http://jcmit.net/memoryprice.htm,False
2024-05-16,day,2024.33,memory,0.00162,USD per MB (nominal),USD,0.00161712646484375,32768.0,52.99,2x 16GB DIMM DDR4-3200 @ $52.99 + free shipping | Team Elite,NewEgg.com,Web,http://web.archive.org/web/20250716092935/http://jcmit.net/memoryprice.htm,False
2024-07-28,day,2024.50,memory,0.00153,USD per MB (nominal),USD,0.001525726318359375,65536.0,99.99,2x 32GB DIMM DDR4-3600 @ $99.99 + free shipping | Patriot Viper Elite,NewEgg.com,Web,http://web.archive.org/web/20250716092935/http://jcmit.net/memoryprice.htm,False
2013-08-09,day,2013.58,ssd,0.000719,USD per MB (nominal),USD,0.000701751708984375,131072.0,91.98,Toshiba | Q-series | HDTS212XZSTA | 128 GB | SATA-3 | MLC,NewEgg.com,Web,http://web.archive.org/web/20250614035024/http://jcmit.net/flashprice.htm,False
2013-09-07,day,2013.62,ssd,0.000687,USD per MB (nominal),USD,0.0006713460286458334,245760.0,164.99,Mushkin | Enhanced Chronos | MKNSSDCR240GB | 240 GB | SATA-3 | MLC,NewEgg.com,Web,http://web.archive.org/web/20250614035024/http://jcmit.net/flashprice.htm,False
2013-10-16,day,2013.75,ssd,0.0007,USD per MB (nominal),USD,0.0006833984375,256000.0,174.95,Samsung | 840 EVO | MZ-7TE250BW | 250 GB | SATA-3 | TLC,NewEgg.com,Web,http://web.archive.org/web/20250614035024/http://jcmit.net/flashprice.htm,False
2013-11-10,day,2013.83,ssd,0.000625,USD per MB (nominal),USD,0.0006103134155273438,262144.0,159.99,ADATA | Premier Pro SP900 | ASP900-S3-256GB | 256 GB | SATA-3 | MLC,NewEgg.com,Web,http://web.archive.org/web/20250614035024/http://jcmit.net/flashprice.htm,False
2013-12-23,day,2013.92,ssd,0.000629,USD per MB (nominal),USD,0.0006143391927083333,245760.0,150.98,Crucial | M500 | CT240M500SSD1 | 240 GB | SATA-3 | MLC,NewEgg.com,Web,http://web.archive.org/web/20250614035024/http://jcmit.net/flashprice.htm,False
2014-02-08,day,2014.08,ssd,0.000587,USD per MB (nominal),USD,0.0005736490885416666,245760.0,140.98,Crucial | M500 | CT240M500SSD1 | 240 GB | SATA-3 | MLC,NewEgg.com,Web,http://web.archive.org/web/20250614035024/http://jcmit.net/flashprice.htm,False
2014-03-13,day,2014.17,ssd,0.000504,USD per MB (nominal),USD,0.0004922688802083333,245760.0,120.98,Crucial | M500 | CT240M500SSD1 | 240 GB | SATA-3 | MLC,NewEgg.com,Web,http://web.archive.org/web/20250614035024/http://jcmit.net/flashprice.htm,False
2014-04-10,day,2014.25,ssd,0.0005,USD per MB (nominal),USD,0.0004882609049479167,491520.0,239.99,Kingston | SSDNow V300 | SV300S37A/480G | 480 GB | SATA-3 | MLC,NewEgg.com,Web,http://web.archive.org/web/20250614035024/http://jcmit.net/flashprice.htm,False
2014-06-19,day,2014.42,ssd,0.00043,USD per MB (nominal),USD,0.0004195404052734375,262144.0,109.98,Crucial | MX100 | CT256MX100SSD1 | 256 GB | SATA-3 | MLC,NewEgg.com,Web,http://web.archive.org/web/20250614035024/http://jcmit.net/flashprice.htm,False
2014-08-02,day,2014.58,ssd,0.000417,USD per MB (nominal),USD,0.00040686035156249997,245760.0,99.99,Mushkin | Enhanced Chronos | MKNSSDCR240GB-7 | 240 GB | SATA-3 | MLC,NewEgg.com,Web,http://web.archive.org/web/20250614035024/http://jcmit.net/flashprice.htm,False
2014-09-13,day,2014.67,ssd,0.000375,USD per MB (nominal),USD,0.0003661905924479167,491520.0,179.99,Mushkin | Enhanced Chronos | MKNSSDCR480GB-7 | 480 GB | SATA-3 | MLC,NewEgg.com,Web,http://web.archive.org/web/20250614035024/http://jcmit.net/flashprice.htm,False
2014-11-11,day,2014.83,ssd,0.000391,USD per MB (nominal),USD,0.00038143157958984373,262144.0,99.99,ADATA | Premier Pro SP60 | ASP60033-256GM-C | 256 GB | SATA-3 | MLC,NewEgg.com,Web,http://web.archive.org/web/20250614035024/http://jcmit.net/flashprice.htm,False
2015-01-22,day,2015.00,ssd,0.000385,USD per MB (nominal),USD,0.000376373291015625,983040.0,369.99,SanDisk | Ultra II | SDS SDH11-960G-G | 960 GB | SATA-3 | TLC,NewEgg.com,Web,http://web.archive.org/web/20250614035024/http://jcmit.net/flashprice.htm,False
2015-02-15,day,2015.08,ssd,0.000375,USD per MB (nominal),USD,0.00036617024739583334,245760.0,89.99,PNY | Optima | SSD7SC240GOPT-RB | 240 GB | SATA-3 | any,NewEgg.com,Web,http://web.archive.org/web/20250614035024/http://jcmit.net/flashprice.htm,False
2015-04-11,day,2015.25,ssd,0.000354,USD per MB (nominal),USD,0.0003458455403645833,491520.0,169.99,PNY | CS1111 | SSD7CS1111-480-RB | 480 GB | SATA-3 | MLC,NewEgg.com,Web,http://web.archive.org/web/20250614035024/http://jcmit.net/flashprice.htm,False
2015-05-15,day,2015.33,ssd,0.000346,USD per MB (nominal),USD,0.00033768717447916666,245760.0,82.99,Silicon Power | S60 | S60-240GB | 240 GB | SATA-3 | MLC,NewEgg.com,Web,http://web.archive.org/web/20250614035024/http://jcmit.net/flashprice.htm,False
2015-07-10,day,2015.50,ssd,0.000332,USD per MB (nominal),USD,0.00032421112060546873,262144.0,84.99,ADATA | Premier SP600 | ASP600S3-256GM-C | 256 GB | SATA-3 | MLC,NewEgg.com,Web,http://web.archive.org/web/20250614035024/http://jcmit.net/flashprice.htm,False
2015-08-23,day,2015.58,ssd,0.000312,USD per MB (nominal),USD,0.0003051554361979167,491520.0,149.99,PNY | CS1211 | S60-24SSD7CS1211-480-RB0GB | 480 GB | SATA-3 | MLC,NewEgg.com,Web,http://web.archive.org/web/20250614035024/http://jcmit.net/flashprice.htm,False
2015-09-22,day,2015.67,ssd,0.000292,USD per MB (nominal),USD,0.00028479003906249997,245760.0,69.99,Mushkin | Enhanced ECO2 | MKNSSDEC240GB | 240 GB | SATA-3 | MLC,NewEgg.com,Web,http://web.archive.org/web/20250614035024/http://jcmit.net/flashprice.htm,False
2015-10-24,day,2015.75,ssd,0.000296,USD per MB (nominal),USD,0.000288818359375,245760.0,70.98,Team | Ultra L5 | Ultra-L5-240GB | 240 GB | SATA-3 | MLC,NewEgg.com,Web,http://web.archive.org/web/20250614035024/http://jcmit.net/flashprice.htm,False
2015-11-21,day,2015.83,ssd,0.000271,USD per MB (nominal),USD,0.00026444498697916665,245760.0,64.99,Team | Ultra L5 | Ultra-L5-240GB | 240 GB | SATA-3 | MLC,NewEgg.com,Web,http://web.archive.org/web/20250614035024/http://jcmit.net/flashprice.htm,False
2015-12-18,day,2015.92,ssd,0.00025,USD per MB (nominal),USD,0.00024409993489583334,245760.0,59.99,ADATA | Premier SP550 | ASP550SS3-240GM-C | 240 GB | SATA-3 | MLC,NewEgg.com,Web,http://web.archive.org/web/20250614035024/http://jcmit.net/flashprice.htm,False
2016-02-14,day,2016.08,ssd,0.000246,USD per MB (nominal),USD,0.00024007161458333332,245760.0,59.0,PNY | CS1211 | SSD7CS1211-240-RB | 240 GB | SATA-3 | MLC,NewEgg.com,Web,http://web.archive.org/web/20250614035024/http://jcmit.net/flashprice.htm,False
2016-04-11,day,2016.25,ssd,0.000215,USD per MB (nominal),USD,0.00020953369140625,491520.0,102.99,Silicon Power | S55 | SP480GBSS3S55S25 | 480 GB | SATA-3 | TLC,NewEgg.com,Web,http://web.archive.org/web/20250614035024/http://jcmit.net/flashprice.htm,False
2016-05-18,day,2016.33,ssd,0.00022,USD per MB (nominal),USD,0.00021461995442708333,983040.0,210.98,Silicon Power | S55 | SP960GBSS3S55S25 | 960 GB | SATA-3 | TLC,NewEgg.com,Web,http://web.archive.org/web/20250614035024/http://jcmit.net/flashprice.htm,False
2016-06-20,day,2016.42,ssd,0.000203,USD per MB (nominal),USD,0.00019835408528645835,983040.0,194.99,ADATA | Premier SP550 | ASP550SS3-960GM-C | 960 GB | SATA-3 | TLC,NewEgg.com,Web,http://web.archive.org/web/20250614035024/http://jcmit.net/flashprice.htm,False
2016-07-22,day,2016.50,ssd,0.000208,USD per MB (nominal),USD,0.00020343017578124998,491520.0,99.99,Silicon Power | S55 | SP480GBSS3S55S25 | 480 GB | SATA-3 | TLC,NewEgg.com,Web,http://web.archive.org/web/20250614035024/http://jcmit.net/flashprice.htm,False
2016-08-22,day,2016.58,ssd,0.000208,USD per MB (nominal),USD,0.00020343017578124998,491520.0,99.99,Silicon Power | S55 | SP480GBSS3S55S25 | 480 GB | SATA-3 | TLC,NewEgg.com,Web,http://web.archive.org/web/20250614035024/http://jcmit.net/flashprice.htm,False
2016-10-15,day,2016.75,ssd,0.000229,USD per MB (nominal),USD,0.000223785400390625,983040.0,219.99,PNY | CS1311 | SSD7CS1311-960-RB | 960 GB | SATA-3 | TLC,NewEgg.com,Web,http://web.archive.org/web/20250614035024/http://jcmit.net/flashprice.htm,False
2016-11-15,day,2016.83,ssd,0.000234,USD per MB (nominal),USD,0.00022887166341145835,983040.0,224.99,AData | Premier SP550 | ASP550SS3-960GM-C | 960 GB | SATA-3 | TLC,NewEgg.com,Web,http://web.archive.org/web/20250614035024/http://jcmit.net/flashprice.htm,False
2016-12-21,day,2016.92,ssd,0.000229,USD per MB (nominal),USD,0.00022377522786458333,491520.0,109.99,Mushkin | Enhanced EC03 | MKNSSDE3480GB | 480 GB | SATA-3 | TLC,NewEgg.com,Web,http://web.archive.org/web/20250614035024/http://jcmit.net/flashprice.htm,False
2017-01-15,day,2017.00,ssd,0.00025,USD per MB (nominal),USD,0.00024412027994791667,491520.0,119.99,Toshiba | OCZ Trion 150 | TRN150-25SAT3- | 480 GB | SATA-3 | TLC,NewEgg.com,Web,http://web.archive.org/web/20250614035024/http://jcmit.net/flashprice.htm,False
2017-03-12,day,2017.17,ssd,0.00025,USD per MB (nominal),USD,0.00024413045247395835,983040.0,239.99,Mushkin | Enhanced Reactor | MKNSSDRE960GB | 960 GB | SATA-3 | MLC,NewEgg.com,Web,http://web.archive.org/web/20250614035024/http://jcmit.net/flashprice.htm,False
2017-05-05,day,2017.33,ssd,0.000253,USD per MB (nominal),USD,0.0002412700653076172,1048576.0,252.99,Mushkin | Enhanced EC02 | MKNSSDEC1TB | 1 TB | SATA-3 | MLC,NewEgg.com,Web,http://web.archive.org/web/20250614035024/http://jcmit.net/flashprice.htm,False
2017-06-22,day,2017.42,ssd,0.000271,USD per MB (nominal),USD,0.0002644755045572917,983040.0,259.99,Mushkin | Enhanced Reactor | MKNSSDRE960GB | 960 GB | SATA-3 | MLC,NewEgg.com,Web,http://web.archive.org/web/20250614035024/http://jcmit.net/flashprice.htm,False
2017-07-22,day,2017.50,ssd,0.00026,USD per MB (nominal),USD,0.00024794578552246095,1048576.0,259.99,Mushkin | Enhanced Reactor | MKNSSDRE1TB | 1 TB | SATA-3 | MLC,NewEgg.com,Web,http://web.archive.org/web/20250614035024/http://jcmit.net/flashprice.htm,False
2017-09-19,day,2017.67,ssd,0.000271,USD per MB (nominal),USD,0.0002644755045572917,983040.0,259.99,Mushkin | Enhanced Reactor | MKNSSDRE960GB | 960 GB | SATA-3 | MLC,NewEgg.com,Web,http://web.archive.org/web/20250614035024/http://jcmit.net/flashprice.htm,False
2017-10-27,day,2017.75,ssd,0.000271,USD per MB (nominal),USD,0.0002644755045572917,983040.0,259.99,Mushkin | Enhanced Reactor | MKNSSDRE960GB | 960 GB | SATA-3 | MLC,NewEgg.com,Web,http://web.archive.org/web/20250614035024/http://jcmit.net/flashprice.htm,False
2017-12-12,day,2017.92,ssd,0.00026,USD per MB (nominal),USD,0.0002542928059895833,491520.0,124.99,Patriot | Ignite | PI480GS25SSDR | 480 GB | SATA-3 | MLC,NewEgg.com,Web,http://web.archive.org/web/20250614035024/http://jcmit.net/flashprice.htm,False
2018-02-14,day,2018.08,ssd,0.000233,USD per MB (nominal),USD,0.00022218704223632812,1048576.0,232.98,Team Group | LS Lite 3D | T253TD001T3C101 | 1 TB | SATA-3 | TLC,NewEgg.com,Web,http://web.archive.org/web/20250614035024/http://jcmit.net/flashprice.htm,False
2018-03-23,day,2018.17,ssd,0.00021,USD per MB (nominal),USD,0.00020026206970214845,1048576.0,209.99,Team Group | LS Lite 3D | T253TD001T3C101 | 1 TB | SATA-3 | TLC,NewEgg.com,Web,http://web.archive.org/web/20250614035024/http://jcmit.net/flashprice.htm,False
2018-05-11,day,2018.33,ssd,0.000205,USD per MB (nominal),USD,0.00019548416137695312,1048576.0,204.98,Silicon Power | Ace A55 | SU001TBSS3A55S25NE | 1 TB | SATA-3 | TLC,NewEgg.com,Web,http://web.archive.org/web/20250614035024/http://jcmit.net/flashprice.htm,False
2018-06-19,day,2018.42,ssd,0.000179,USD per MB (nominal),USD,0.0001749267578125,491520.0,85.98,Silicon Power | Slim S55 | SP480GBSS3S55S25AE | 480 GB | SATA-3 | TLC,NewEgg.com,Web,http://web.archive.org/web/20250614035024/http://jcmit.net/flashprice.htm,False
2018-07-08,day,2018.50,ssd,0.000178,USD per MB (nominal),USD,0.00016974449157714845,1048576.0,177.99,Team Group | LS Lite 3D | T253TD001T3C101 | 1 TB | SATA-3 | TLC,NewEgg.com,Web,http://web.archive.org/web/20250614035024/http://jcmit.net/flashprice.htm,False
2018-08-24,day,2018.58,ssd,0.00015,USD per MB (nominal),USD,0.00014304161071777345,1048576.0,149.99,Team Group | L5 Lite | T253TD001T3C101 | 1 TB | SATA-3 | TLC 3D,NewEgg.com,Web,http://web.archive.org/web/20250614035024/http://jcmit.net/flashprice.htm,False
2018-09-20,day,2018.67,ssd,0.00014,USD per MB (nominal),USD,0.00014239501953124998,491520.0,69.99,Patriot | Burst | PBU480GS25SSDR | 480 GB | SATA-3 | TLC 3D,NewEgg.com,Web,http://web.archive.org/web/20250614035024/http://jcmit.net/flashprice.htm,False
2018-11-11,day,2018.83,ssd,0.000125,USD per MB (nominal),USD,0.00012204996744791667,491520.0,59.99,Team Group | L5 Lite | T253T480G0C101 | 480 GB | SATA-3 | TLC,NewEgg.com,Web,http://web.archive.org/web/20250614035024/http://jcmit.net/flashprice.htm,False
2018-12-16,day,2018.92,ssd,0.000104,USD per MB (nominal),USD,0.00010170491536458334,491520.0,49.99,Team Group | L5 Lite | T253T480G0C101 | 480 GB | SATA-3 | TLC,NewEgg.com,Web,http://web.archive.org/web/20250614035024/http://jcmit.net/flashprice.htm,False
2019-01-17,day,2019.00,ssd,0.000104,USD per MB (nominal),USD,0.00010170491536458334,491520.0,49.99,Patriot | Burst | PBU480GS25SSDR | 480 GB | SATA-3 | TLC,NewEgg.com,Web,http://web.archive.org/web/20250614035024/http://jcmit.net/flashprice.htm,False
2019-02-11,day,2019.08,ssd,0.000104,USD per MB (nominal),USD,0.00010170491536458334,491520.0,49.99,Patriot | Burst | PBU480GS25SSDR | 480 GB | SATA-3 | TLC,NewEgg.com,Web,http://web.archive.org/web/20250614035024/http://jcmit.net/flashprice.htm,False
2019-03-17,day,2019.17,ssd,0.000104,USD per MB (nominal),USD,0.00010171508789062499,983040.0,99.99,AData | Ultimate SU650 | ASU650SS-960GT-R | 960 GB | SATA-3 | TLC,NewEgg.com,Web,http://web.archive.org/web/20250614035024/http://jcmit.net/flashprice.htm,False
2019-04-21,day,2019.25,ssd,0.000103,USD per MB (nominal),USD,0.00010069783528645833,983040.0,98.99,Patriot | Burst | PBU960GS25SSDR | 960 GB | SATA-3 | TLC,NewEgg.com,Web,http://web.archive.org/web/20250614035024/http://jcmit.net/flashprice.htm,False
2019-05-20,day,2019.33,ssd,8.96e-05,USD per MB (nominal),USD,8.747355143229166e-05,983040.0,85.99,AData | Ultimate SU650 | ASU650SS-960GT-R | 960 GB | SATA-3 | TLC,NewEgg.com,Web,http://web.archive.org/web/20250614035024/http://jcmit.net/flashprice.htm,False
2019-06-19,day,2019.42,ssd,8.6e-05,USD per MB (nominal),USD,8.200645446777343e-05,1048576.0,85.99,Team Group | L5 Lite 3D | T253TD001T3C101 | 1 TB | SATA-3 | TLC,NewEgg.com,Web,http://web.archive.org/web/20250614035024/http://jcmit.net/flashprice.htm,False
2019-07-18,day,2019.50,ssd,7.92e-05,USD per MB (nominal),USD,7.7301025390625e-05,983040.0,75.99,Patriot | Burst | PBU960GS25SSDR | 960 GB | SATA-3 | TLC,NewEgg.com,Web,http://web.archive.org/web/20250614035024/http://jcmit.net/flashprice.htm,False
2019-08-17,day,2019.58,ssd,8.96e-05,USD per MB (nominal),USD,8.747355143229166e-05,983040.0,85.99,Patriot | Burst | PBU960GS25SSDR | 960 GB | SATA-3 | TLC,NewEgg.com,Web,http://web.archive.org/web/20250614035024/http://jcmit.net/flashprice.htm,False
2019-09-16,day,2019.67,ssd,9e-05,USD per MB (nominal),USD,8.582115173339843e-05,1048576.0,89.99,Team Group | L5 Lite | T2535T00TT0C101 | 1 TB | SATA-3 | TLC,NewEgg.com,Web,http://web.archive.org/web/20250614035024/http://jcmit.net/flashprice.htm,False
2019-10-18,day,2019.75,ssd,8.5e-05,USD per MB (nominal),USD,8.105278015136718e-05,1048576.0,84.99,Team Group | L5 Lite 3D | T253TD001T3C101 | 1 TB | SATA-3 | TLC,NewEgg.com,Web,http://web.archive.org/web/20250614035024/http://jcmit.net/flashprice.htm,False
2019-11-14,day,2019.83,ssd,8e-05,USD per MB (nominal),USD,7.628440856933593e-05,1048576.0,79.99,Team Group | L5 Lite 3D | T253TD001T3C101 | 1 TB | SATA-3 | TLC,NewEgg.com,Web,http://web.archive.org/web/20250614035024/http://jcmit.net/flashprice.htm,False
2019-12-17,day,2019.92,ssd,9e-05,USD per MB (nominal),USD,8.582115173339843e-05,1048576.0,89.99,HP | S700 | 6MC15AA#ABC | 1 TB | SATA-3 | TLC,NewEgg.com,Web,http://web.archive.org/web/20250614035024/http://jcmit.net/flashprice.htm,False
2020-01-20,day,2020.00,ssd,8.5e-05,USD per MB (nominal),USD,9.058952331542968e-05,1048576.0,94.99,HP | S700 | 6MC15AA#ABC | 1 TB | SATA-3 | TLC,NewEgg.com,Web,http://web.archive.org/web/20250614035024/http://jcmit.net/flashprice.htm,False
2020-02-17,day,2020.08,ssd,9.9e-05,USD per MB (nominal),USD,9.440422058105468e-05,1048576.0,98.99,Silion Power | Ace A55 | SU001TBSS3A55S25NE | 1 TB | SATA-3 | TLC,NewEgg.com,Web,http://web.archive.org/web/20250614035024/http://jcmit.net/flashprice.htm,False
2020-03-23,day,2020.17,ssd,9.5e-05,USD per MB (nominal),USD,9.058952331542968e-05,1048576.0,94.99,Team Group | GX2 | TX253X2001T0C101 | 1 TB | SATA-3,NewEgg.com,Web,http://web.archive.org/web/20250614035024/http://jcmit.net/flashprice.htm,False
2020-04-23,day,2020.25,ssd,0.0001,USD per MB (nominal),USD,9.535789489746093e-05,1048576.0,99.99,Crucial | BX500 | CT1000BX500SSD1 | 1 TB | SATA-3 | TLC,NewEgg.com,Web,http://web.archive.org/web/20250614035024/http://jcmit.net/flashprice.htm,False
2020-05-23,day,2020.33,ssd,9.6e-05,USD per MB (nominal),USD,9.154796600341797e-05,2097152.0,191.99,Team Group | GX2 | TX253X2002T0C101 | 2 TB | SATA-3,NewEgg.com,Web,http://web.archive.org/web/20250614035024/http://jcmit.net/flashprice.htm,False
2020-06-21,day,2020.42,ssd,9.2e-05,USD per MB (nominal),USD,8.772850036621093e-05,1048576.0,91.99,Team Group | GX2 | TX253X2001T0C101 | 1 TB | SATA-3,NewEgg.com,Web,http://web.archive.org/web/20250614035024/http://jcmit.net/flashprice.htm,False
2020-07-18,day,2020.50,ssd,9e-05,USD per MB (nominal),USD,8.582115173339843e-05,1048576.0,89.99,Silicon Power | Ace A55 | SU001TBSS3A55SS25NE | 1 TB | SATA-3 | TLC,NewEgg.com,Web,http://web.archive.org/web/20250614035024/http://jcmit.net/flashprice.htm,False
2020-08-19,day,2020.58,ssd,8.33e-05,USD per MB (nominal),USD,8.137003580729166e-05,983040.0,79.99,Team Group | GX1 | TX253X1960G0C101 | 960 GB | SATA-3 | TLC,NewEgg.com,Web,http://web.archive.org/web/20250614035024/http://jcmit.net/flashprice.htm,False
2020-09-20,day,2020.67,ssd,8e-05,USD per MB (nominal),USD,7.628440856933593e-05,1048576.0,79.99,Team Group | GX2 | TX253X2001T0C101 | 1 TB | SATA-3,NewEgg.com,Web,http://web.archive.org/web/20250614035024/http://jcmit.net/flashprice.htm,False
2020-10-17,day,2020.75,ssd,7.8e-05,USD per MB (nominal),USD,7.437705993652343e-05,1048576.0,77.99,Team Group | T-Force Vulcan G | TX253TG001T3C301 | 1 TB | SATA-3 | TLC,NewEgg.com,Web,http://web.archive.org/web/20250614035024/http://jcmit.net/flashprice.htm,False
2020-11-19,day,2020.83,ssd,7.5e-05,USD per MB (nominal),USD,7.323201497395833e-05,983040.0,71.99,Mushkin | Enhanced Raw | MKNSSDRW960GB | 960 GB | SATA-3 | TLC,NewEgg.com,Web,http://web.archive.org/web/20250614035024/http://jcmit.net/flashprice.htm,False
2020-12-21,day,2020.92,ssd,7.9e-05,USD per MB (nominal),USD,7.533073425292968e-05,1048576.0,78.99,Team Group | CX2 | TX253X6001T0C101 | 1 TB | SATA-3 | TLC,NewEgg.com,Web,http://web.archive.org/web/20250614035024/http://jcmit.net/flashprice.htm,False
2021-02-14,day,2021.08,ssd,8.2e-05,USD per MB (nominal),USD,7.819175720214843e-05,1048576.0,81.99,Mushkin | Enhanced RAW | MKNSSDRW1TB | 1 TB | SATA-3 | TLC,NewEgg.com,Web,http://web.archive.org/web/20250614035024/http://jcmit.net/flashprice.htm,False
2021-04-17,day,2021.25,ssd,8.4e-05,USD per MB (nominal),USD,8.009910583496093e-05,1048576.0,83.99,Team Group | CX2 | T253X6001T0C101 | 1 TB | SATA-3 | TLC,NewEgg.com,Web,http://web.archive.org/web/20250614035024/http://jcmit.net/flashprice.htm,False
2021-05-17,day,2021.33,ssd,8.64e-05,USD per MB (nominal),USD,8.442179361979167e-05,983040.0,82.99,Team Group | CX1 | T253X5960G0C101 | 960 GB | SATA-3,NewEgg.com,Web,http://web.archive.org/web/20250614035024/http://jcmit.net/flashprice.htm,False
2021-07-11,day,2021.50,ssd,8e-05,USD per MB (nominal),USD,7.628440856933593e-05,1048576.0,79.99,Team Group | CX2 | T253X6001T0C101 | 1 TB | SATA-3 | TLC,NewEgg.com,Web,http://web.archive.org/web/20250614035024/http://jcmit.net/flashprice.htm,False
2021-08-16,day,2021.58,ssd,8.4e-05,USD per MB (nominal),USD,8.009910583496093e-05,1048576.0,83.99,Team Group | GX2 | T2532001T0C101 | 1 TB | SATA-3,NewEgg.com,Web,http://web.archive.org/web/20250614035024/http://jcmit.net/flashprice.htm,False
2021-09-18,day,2021.67,ssd,7.6e-05,USD per MB (nominal),USD,7.246971130371093e-05,1048576.0,75.99,Mushkin | Enhanced RAW | MKNSSDRW1TB | 1 TB | SATA-3 | TLC,NewEgg.com,Web,http://web.archive.org/web/20250614035024/http://jcmit.net/flashprice.htm,False
2021-10-20,day,2021.75,ssd,7.8e-05,USD per MB (nominal),USD,7.437705993652343e-05,1048576.0,77.99,Team Group | T-Force Vulcan G | T253TG001T3C301 | 1 TB | SATA-3 | TLC,NewEgg.com,Web,http://web.archive.org/web/20250614035024/http://jcmit.net/flashprice.htm,False
2021-12-15,day,2021.92,ssd,7.81e-05,USD per MB (nominal),USD,7.628377278645833e-05,983040.0,74.99,Western Digital | SN350 M.2-2280 NVMe | WDS960G2G0C | 960 GB | PCIe 3.0x4 | QLC,NewEgg.com,Web,http://web.archive.org/web/20250614035024/http://jcmit.net/flashprice.htm,False
2022-01-19,day,2022.00,ssd,7.6e-05,USD per MB (nominal),USD,7.246971130371093e-05,1048576.0,75.99,Team Group | EX2 | T253E2001T0C101 | 1 TB | SATA-3,NewEgg.com,Web,http://web.archive.org/web/20250614035024/http://jcmit.net/flashprice.htm,False
2022-02-17,day,2022.08,ssd,7.6e-05,USD per MB (nominal),USD,7.246971130371093e-05,1048576.0,75.99,Team Group | MP33 NVMe1.3 | TM8FP6001T0C105 | 1 TB | PCIe3.0x4 | TLC,NewEgg.com,Web,http://web.archive.org/web/20250614035024/http://jcmit.net/flashprice.htm,False
2022-03-18,day,2022.17,ssd,7.65e-05,USD per MB (nominal),USD,7.29513168334961e-05,2097152.0,152.99,Team Group | CX2 | T253X6002T0C101 | 2 TB | SATA-3 | TLC,NewEgg.com,Web,http://web.archive.org/web/20250614035024/http://jcmit.net/flashprice.htm,False
2022-04-23,day,2022.25,ssd,7.5e-05,USD per MB (nominal),USD,7.151603698730468e-05,1048576.0,74.99,Team Group | MP33 NVMe 1.3 | TM8FP6001T0C105 | 1 TB | PCIe 3.0x4 | TLC,NewEgg.com,Web,http://web.archive.org/web/20250614035024/http://jcmit.net/flashprice.htm,False
2022-05-15,day,2022.33,ssd,7.3e-05,USD per MB (nominal),USD,6.960868835449218e-05,1048576.0,72.99,Team Group | CX2 | T253X6001T0C101 | 1 TB | SATA-3 | TLC,NewEgg.com,Web,http://web.archive.org/web/20250614035024/http://jcmit.net/flashprice.htm,False
2022-06-18,day,2022.42,ssd,6.3e-05,USD per MB (nominal),USD,6.007194519042969e-05,1048576.0,62.99,Team Group | CX2 | T253X6001T0C101 | 1 TB | SATA-3 | TLC,NewEgg.com,Web,http://web.archive.org/web/20250614035024/http://jcmit.net/flashprice.htm,False
2022-08-20,day,2022.58,ssd,5.5e-05,USD per MB (nominal),USD,5.2447319030761716e-05,2097152.0,109.99,Silicon Power | Ace A55 | SP002TBSS3A55S25 | 2 TB | SATA-3 | TLC,NewEgg.com,Web,http://web.archive.org/web/20250614035024/http://jcmit.net/flashprice.htm,False
2022-09-16,day,2022.67,ssd,5.24e-05,USD per MB (nominal),USD,5.006313323974609e-05,2097152.0,104.99,Team Group | CX2 | T253X6002T0C101 | 2 TB | SATA-3 | TLC,NewEgg.com,Web,http://web.archive.org/web/20250614035024/http://jcmit.net/flashprice.htm,False
2022-10-18,day,2022.75,ssd,4.95e-05,USD per MB (nominal),USD,4.720211029052734e-05,2097152.0,98.99,Team Group | CX2 | T253X6002T0C101 | 2 TB | SATA-3 | TLC,NewEgg.com,Web,http://web.archive.org/web/20250614035024/http://jcmit.net/flashprice.htm,False
2022-11-08,day,2022.83,ssd,5e-05,USD per MB (nominal),USD,4.7678947448730466e-05,2097152.0,99.99,Team Group | EX2 | T253E2002T0C101 | 2 TB | SATA-3 | TLC,NewEgg.com,Web,http://web.archive.org/web/20250614035024/http://jcmit.net/flashprice.htm,False
2022-12-18,day,2022.92,ssd,4.5e-05,USD per MB (nominal),USD,4.2910575866699216e-05,2097152.0,89.99,Team Group | CX2 | T253X6002T0C101 | 2 TB | SATA-3 | TLC,NewEgg.com,Web,http://web.archive.org/web/20250614035024/http://jcmit.net/flashprice.htm,False
2023-01-18,day,2023.00,ssd,4.25e-05,USD per MB (nominal),USD,4.052639007568359e-05,2097152.0,84.99,Team Group | CX2 | T253X6002T0C101 | 2 TB | SATA-3 | TLC,NewEgg.com,Web,http://web.archive.org/web/20250614035024/http://jcmit.net/flashprice.htm,False
2023-02-18,day,2023.08,ssd,4.5e-05,USD per MB (nominal),USD,4.290580749511719e-05,1048576.0,44.99,Team Group | EX2 | T253E2001T0C101 | 1 TB | SATA-3 | TLC,NewEgg.com,Web,http://web.archive.org/web/20250614035024/http://jcmit.net/flashprice.htm,False
2023-03-18,day,2023.17,ssd,4e-05,USD per MB (nominal),USD,3.8142204284667966e-05,2097152.0,79.99,Intel | 670p Series M.2-2280 | SSDPEKNU020TZX1 | 2 TB | PCIe3.0x4 | 3D4QLC,NewEgg.com,Web,http://web.archive.org/web/20250614035024/http://jcmit.net/flashprice.htm,False
2023-05-06,day,2023.33,ssd,3.65e-05,USD per MB (nominal),USD,3.480434417724609e-05,2097152.0,72.99,PNY | CS900 | SSD7CS900-2TB-RB | 2 TB | SATA-3 | 3D NAND,NewEgg.com,Web,http://web.archive.org/web/20250614035024/http://jcmit.net/flashprice.htm,False
2023-06-17,day,2023.42,ssd,3.3e-05,USD per MB (nominal),USD,3.1466484069824216e-05,2097152.0,65.99,Team Group | CX2 | T253X6002T0C101 | 2 TB | SATA-3 | TLC,NewEgg.com,Web,http://web.archive.org/web/20250614035024/http://jcmit.net/flashprice.htm,False
2023-07-18,day,2023.50,ssd,3.1e-05,USD per MB (nominal),USD,2.955913543701172e-05,2097152.0,61.99,PNY | CS900 | SSD7CS900-2TB-RB | 2 TB | SATA-3 | TLC,NewEgg.com,Web,http://web.archive.org/web/20250614035024/http://jcmit.net/flashprice.htm,False
2023-09-19,day,2023.67,ssd,3.05e-05,USD per MB (nominal),USD,2.9082298278808595e-05,2097152.0,60.99,Team Group | QX | T253X7002T0C101 | 2 TB | SATA-3 | QLC,NewEgg.com,Web,http://web.archive.org/web/20250614035024/http://jcmit.net/flashprice.htm,False
2023-10-20,day,2023.75,ssd,3.3e-05,USD per MB (nominal),USD,3.1466484069824216e-05,2097152.0,65.99,Team Group | T-Force Vulcan-Z | T253TY002T0C101 | 2 TB | SATA-3 | QLC,NewEgg.com,Web,http://web.archive.org/web/20250614035024/http://jcmit.net/flashprice.htm,False
2023-11-16,day,2023.83,ssd,3.65e-05,USD per MB (nominal),USD,3.480434417724609e-05,2097152.0,72.99,Mushkin | Element | MKNSSDEL2TB | 2 TB | SATA-3 | 3D TLC NAND,NewEgg.com,Web,http://web.archive.org/web/20250614035024/http://jcmit.net/flashprice.htm,False
2024-01-14,day,2024.00,ssd,4.3e-05,USD per MB (nominal),USD,4.1003227233886716e-05,2097152.0,85.99,Team Group | GX2 | T253X2002T0C101 | 2 TB | SATA-3,NewEgg.com,Web,http://web.archive.org/web/20250614035024/http://jcmit.net/flashprice.htm,False
2024-02-21,day,2024.08,ssd,5e-05,USD per MB (nominal),USD,4.7678947448730466e-05,2097152.0,99.99,Mushkin | Enhanced Helix-L | MKNSSDHL2TB-D8 | 2 TB | M.2 2280 PCIe 3.0x4 | 3D TLC NAND,NewEgg.com,Web,http://web.archive.org/web/20250614035024/http://jcmit.net/flashprice.htm,False
2024-03-21,day,2024.17,ssd,4.82e-05,USD per MB (nominal),USD,4.601240158081055e-05,4194304.0,192.99,Team Group | QX | T253X7004T0C101 | 4 TB | SATA-3,NewEgg.com,Web,http://web.archive.org/web/20250614035024/http://jcmit.net/flashprice.htm,False
2024-05-16,day,2024.33,ssd,4.85e-05,USD per MB (nominal),USD,4.624843597412109e-05,2097152.0,96.99,Team Group | T-Force Vulcan-Z | T253TZ002T0C101 | 2 TB | SATA-3 | TLC,NewEgg.com,Web,http://web.archive.org/web/20250614035024/http://jcmit.net/flashprice.htm,False
2024-07-28,day,2024.50,ssd,4.5e-05,USD per MB (nominal),USD,4.2910575866699216e-05,2097152.0,89.99,Team Group | T-Force Vulcan-Z | T253TZ002T0C101 | 2 TB | SATA-3,NewEgg.com,Web,http://web.archive.org/web/20250614035024/http://jcmit.net/flashprice.htm,False
