date,category,product,pcpp_id,price,price_basis,min_any_listing,median_listing,n_listings,n_in_stock,currency,status,url_of_snapshot
2025-01-09,gpu,Asus TUF Gaming OC GeForce RTX 5090 32GB,2Ftkcf,,no in-stock listing,,,0,0,USD,ok,http://web.archive.org/web/20250109141852/https://pcpartpicker.com/product/2Ftkcf/asus-tuf-gaming-oc-geforce-rtx-5090-32-gb-video-card-tuf-rtx5090-o32g-gaming
2025-02-14,gpu,Asus TUF Gaming OC GeForce RTX 5090 32GB,2Ftkcf,,no in-stock listing,2749.99,2749.99,1,0,USD,ok,http://web.archive.org/web/20250214145947/https://pcpartpicker.com/product/2Ftkcf/asus-tuf-gaming-oc-geforce-rtx-5090-32-gb-video-card-tuf-rtx5090-o32g-gaming
2025-03-11,gpu,Asus TUF Gaming OC GeForce RTX 5090 32GB,2Ftkcf,,no in-stock listing,,,0,0,USD,ok,http://web.archive.org/web/20250311234103/https://pcpartpicker.com/product/2Ftkcf/asus-tuf-gaming-oc-geforce-rtx-5090-32-gb-video-card-tuf-rtx5090-o32g-gaming
2025-04-05,gpu,Asus TUF Gaming OC GeForce RTX 5090 32GB,2Ftkcf,,no in-stock listing,2999.99,2999.99,1,0,USD,ok,http://web.archive.org/web/20250405061240/https://pcpartpicker.com/product/2Ftkcf/asus-tuf-gaming-oc-geforce-rtx-5090-32-gb-video-card-tuf-rtx5090-o32g-gaming
2025-08-06,gpu,Asus TUF Gaming OC GeForce RTX 5090 32GB,2Ftkcf,2799.99,lowest in-stock retailer price,2799.99,2999.99,6,6,USD,ok,http://web.archive.org/web/20250806012058/https://pcpartpicker.com/product/2Ftkcf/asus-tuf-gaming-oc-geforce-rtx-5090-32-gb-video-card-tuf-rtx5090-o32g-gaming
2025-09-03,gpu,Asus TUF Gaming OC GeForce RTX 5090 32GB,2Ftkcf,2722.55,lowest in-stock retailer price,2722.55,2999.99,6,6,USD,ok,http://web.archive.org/web/20250903115000/https://pcpartpicker.com/product/2Ftkcf/asus-tuf-gaming-oc-geforce-rtx-5090-32-gb-video-card-tuf-rtx5090-o32g-gaming
2025-10-06,gpu,Asus TUF Gaming OC GeForce RTX 5090 32GB,2Ftkcf,2849.99,lowest in-stock retailer price,2849.99,2999.99,5,5,USD,ok,http://web.archive.org/web/20251006014344/https://pcpartpicker.com/product/2Ftkcf/asus-tuf-gaming-oc-geforce-rtx-5090-32-gb-video-card-tuf-rtx5090-o32g-gaming
2025-12-14,gpu,Asus TUF Gaming OC GeForce RTX 5090 32GB,2Ftkcf,2999.99,lowest in-stock retailer price,2899.99,2999.99,4,2,USD,ok,http://web.archive.org/web/20251214043847/https://pcpartpicker.com/product/2Ftkcf/asus-tuf-gaming-oc-geforce-rtx-5090-32-gb-video-card-tuf-rtx5090-o32g-gaming
2026-02-19,gpu,Asus TUF Gaming OC GeForce RTX 5090 32GB,2Ftkcf,3799.93,lowest in-stock retailer price,3149.99,3399.99,5,2,USD,ok,http://web.archive.org/web/20260219205038/https://pcpartpicker.com/product/2Ftkcf/asus-tuf-gaming-oc-geforce-rtx-5090-32-gb-video-card-tuf-rtx5090-o32g-gaming
2026-04-28,gpu,Asus TUF Gaming OC GeForce RTX 5090 32GB,2Ftkcf,3349.99,lowest in-stock retailer price,3349.95,3439.99,5,4,USD,ok,http://web.archive.org/web/20260428004237/https://pcpartpicker.com/product/2Ftkcf/asus-tuf-gaming-oc-geforce-rtx-5090-32-gb-video-card-tuf-rtx5090-o32g-gaming
2026-05-19,gpu,Asus TUF Gaming OC GeForce RTX 5090 32GB,2Ftkcf,4166.24,lowest in-stock retailer price,3349.95,3394.99,4,1,USD,ok,http://web.archive.org/web/20260519002658/https://pcpartpicker.com/product/2Ftkcf/asus-tuf-gaming-oc-geforce-rtx-5090-32-gb-video-card-tuf-rtx5090-o32g-gaming
2022-11-02,ssd,Samsung 990 Pro 2TB NVMe PCIe 4.0 MZ-V9P2T0B,34ytt6,,no in-stock listing,,,0,0,USD,ok,http://web.archive.org/web/20221102005522/https://pcpartpicker.com/product/34ytt6/samsung-990-pro-2-tb-m2-2280-pcie-40-x4-nvme-solid-state-drive-mz-v9p2t0bw
2023-02-01,ssd,Samsung 990 Pro 2TB NVMe PCIe 4.0 MZ-V9P2T0B,34ytt6,269.87,lowest in-stock retailer price,269.87,289.99,6,5,USD,ok,http://web.archive.org/web/20230201162752/https://pcpartpicker.com/product/34ytt6/
2023-03-15,ssd,Samsung 990 Pro 2TB NVMe PCIe 4.0 MZ-V9P2T0B,34ytt6,249.99,lowest in-stock retailer price,249.99,249.99,6,5,USD,ok,http://web.archive.org/web/20230315042102/https://pcpartpicker.com/product/34ytt6/samsung-990-pro-2-tb-m2-2280-pcie-40-x4-nvme-solid-state-drive-mz-v9p2t0bw
2023-05-11,ssd,Samsung 990 Pro 2TB NVMe PCIe 4.0 MZ-V9P2T0B,34ytt6,189.99,lowest in-stock retailer price,189.99,189.99,8,6,USD,ok,http://web.archive.org/web/20230511005227/https://pcpartpicker.com/product/34ytt6/
2023-06-24,ssd,Samsung 990 Pro 2TB NVMe PCIe 4.0 MZ-V9P2T0B,34ytt6,159.99,lowest in-stock retailer price,159.99,159.99,8,6,USD,ok,http://web.archive.org/web/20230624193143/https://pcpartpicker.com/product/34ytt6/samsung-990-pro-2-tb-m2-2280-pcie-40-x4-nvme-solid-state-drive-mz-v9p2t0bw
2023-07-20,ssd,Samsung 990 Pro 2TB NVMe PCIe 4.0 MZ-V9P2T0B,34ytt6,149.99,lowest in-stock retailer price,149.99,162.735,8,6,USD,ok,http://web.archive.org/web/20230720061943/https://pcpartpicker.com/product/34ytt6/samsung-990-pro-2-tb-m2-2280-pcie-40-x4-nvme-solid-state-drive-mz-v9p2t0bw
2023-09-27,ssd,Samsung 990 Pro 2TB NVMe PCIe 4.0 MZ-V9P2T0B,34ytt6,134.99,lowest in-stock retailer price,134.99,137.735,8,6,USD,ok,http://web.archive.org/web/20230927024710/https://pcpartpicker.com/product/34ytt6/
2023-10-05,ssd,Samsung 990 Pro 2TB NVMe PCIe 4.0 MZ-V9P2T0B,34ytt6,139.99,lowest in-stock retailer price,139.99,139.99,8,6,USD,ok,http://web.archive.org/web/20231005205857/https://pcpartpicker.com/product/34ytt6/samsung-990-pro-2-tb-m2-2280-pcie-40-x4-nvme-solid-state-drive-mz-v9p2t0bw
2024-01-11,ssd,Samsung 990 Pro 2TB NVMe PCIe 4.0 MZ-V9P2T0B,34ytt6,149.99,lowest in-stock retailer price,149.99,187.735,8,7,USD,ok,http://web.archive.org/web/20240111224150/https://pcpartpicker.com/product/34ytt6/samsung-990-pro-2-tb-m2-2280-pcie-40-x4-nvme-solid-state-drive-mz-v9p2t0bw
2024-02-18,ssd,Samsung 990 Pro 2TB NVMe PCIe 4.0 MZ-V9P2T0B,34ytt6,162.91,lowest in-stock retailer price,162.91,169.99,7,6,USD,ok,http://web.archive.org/web/20240218082145/https://pcpartpicker.com/product/34ytt6/samsung-990-pro-2-tb-m2-2280-pcie-40-x4-nvme-solid-state-drive-mz-v9p2t0bw
2024-03-14,ssd,Samsung 990 Pro 2TB NVMe PCIe 4.0 MZ-V9P2T0B,34ytt6,170.98,lowest in-stock retailer price,170.98,189.99,8,7,USD,ok,http://web.archive.org/web/20240314021209/https://pcpartpicker.com/product/34ytt6/samsung-990-pro-2-tb-m2-2280-pcie-40-x4-nvme-solid-state-drive-mz-v9p2t0bw
2024-05-11,ssd,Samsung 990 Pro 2TB NVMe PCIe 4.0 MZ-V9P2T0B,34ytt6,169.99,lowest in-stock retailer price,169.99,189.99,7,6,USD,ok,http://web.archive.org/web/20240511005554/https://pcpartpicker.com/product/34ytt6/samsung-990-pro-2-tb-m2-2280-pcie-40-x4-nvme-solid-state-drive-mz-v9p2t0bw
2024-08-23,ssd,Samsung 990 Pro 2TB NVMe PCIe 4.0 MZ-V9P2T0B,34ytt6,169.99,lowest in-stock retailer price,169.99,169.99,8,7,USD,ok,http://web.archive.org/web/20240823212134/https://pcpartpicker.com/product/34ytt6/samsung-990-pro-2-tb-m2-2280-pcie-40-x4-nvme-solid-state-drive-mz-v9p2t0bw
2024-09-15,ssd,Samsung 990 Pro 2TB NVMe PCIe 4.0 MZ-V9P2T0B,34ytt6,169.0,lowest in-stock retailer price,169.0,169.99,9,8,USD,ok,http://web.archive.org/web/20240915015325/https://pcpartpicker.com/product/34ytt6/samsung-990-pro-2-tb-m2-2280-pcie-40-x4-nvme-solid-state-drive-mz-v9p2t0bw
2024-10-03,ssd,Samsung 990 Pro 2TB NVMe PCIe 4.0 MZ-V9P2T0B,34ytt6,169.99,lowest in-stock retailer price,169.99,169.99,7,6,USD,ok,http://web.archive.org/web/20241003083920/https://pcpartpicker.com/product/34ytt6/samsung-990-pro-2-tb-m2-2280-pcie-40-x4-nvme-solid-state-drive-mz-v9p2t0bw
2024-11-15,ssd,Samsung 990 Pro 2TB NVMe PCIe 4.0 MZ-V9P2T0B,34ytt6,159.0,lowest in-stock retailer price,159.0,159.99,9,8,USD,ok,http://web.archive.org/web/20241115121433/https://pcpartpicker.com/product/34ytt6/samsung-990-pro-2-tb-m2-2280-pcie-40-x4-nvme-solid-state-drive-mz-v9p2t0bw
2024-12-17,ssd,Samsung 990 Pro 2TB NVMe PCIe 4.0 MZ-V9P2T0B,34ytt6,169.49,lowest in-stock retailer price,169.49,179.99,9,6,USD,ok,http://web.archive.org/web/20241217012051/https://pcpartpicker.com/product/34ytt6/samsung-990-pro-2-tb-m2-2280-pcie-40-x4-nvme-solid-state-drive-mz-v9p2t0bw
2025-01-12,ssd,Samsung 990 Pro 2TB NVMe PCIe 4.0 MZ-V9P2T0B,34ytt6,174.99,lowest in-stock retailer price,174.99,179.99,9,8,USD,ok,http://web.archive.org/web/20250112204524/https://pcpartpicker.com/product/34ytt6/samsung-990-pro-2-tb-m2-2280-pcie-40-x4-nvme-solid-state-drive-mz-v9p2t0bw
2025-02-21,ssd,Samsung 990 Pro 2TB NVMe PCIe 4.0 MZ-V9P2T0B,34ytt6,167.0,lowest in-stock retailer price,167.0,167.99,8,8,USD,ok,http://web.archive.org/web/20250221175141/https://pcpartpicker.com/product/34ytt6/samsung-990-pro-2-tb-m2-2280-pcie-40-x4-nvme-solid-state-drive-mz-v9p2t0bw
2025-03-20,ssd,Samsung 990 Pro 2TB NVMe PCIe 4.0 MZ-V9P2T0B,34ytt6,168.47,lowest in-stock retailer price,168.47,169.99,7,7,USD,ok,http://web.archive.org/web/20250320033113/https://pcpartpicker.com/product/34ytt6/samsung-990-pro-2-tb-m2-2280-pcie-40-x4-nvme-solid-state-drive-mz-v9p2t0bw
2025-04-27,ssd,Samsung 990 Pro 2TB NVMe PCIe 4.0 MZ-V9P2T0B,34ytt6,169.99,lowest in-stock retailer price,169.99,169.99,6,6,USD,ok,http://web.archive.org/web/20250427002841/https://pcpartpicker.com/product/34ytt6/samsung-990-pro-2-tb-m2-2280-pcie-40-x4-nvme-solid-state-drive-mz-v9p2t0bw
2025-05-13,ssd,Samsung 990 Pro 2TB NVMe PCIe 4.0 MZ-V9P2T0B,34ytt6,169.99,lowest in-stock retailer price,169.99,169.99,7,7,USD,ok,http://web.archive.org/web/20250513200609/https://pcpartpicker.com/product/34ytt6/samsung-990-pro-2-tb-m2-2280-pcie-40-x4-nvme-solid-state-drive-mz-v9p2t0bw
2025-06-14,ssd,Samsung 990 Pro 2TB NVMe PCIe 4.0 MZ-V9P2T0B,34ytt6,169.99,lowest in-stock retailer price,169.99,169.99,8,8,USD,ok,http://web.archive.org/web/20250614213442/https://pcpartpicker.com/product/34ytt6/samsung-990-pro-2-tb-m2-2280-pcie-40-x4-nvme-solid-state-drive-mz-v9p2t0bw
2025-07-16,ssd,Samsung 990 Pro 2TB NVMe PCIe 4.0 MZ-V9P2T0B,34ytt6,169.99,lowest in-stock retailer price,169.99,169.99,8,8,USD,ok,http://web.archive.org/web/20250716174217/https://pcpartpicker.com/product/34ytt6/samsung-990-pro-2-tb-m2-2280-pcie-40-x4-nvme-solid-state-drive-mz-v9p2t0bw
2025-08-16,ssd,Samsung 990 Pro 2TB NVMe PCIe 4.0 MZ-V9P2T0B,34ytt6,149.99,lowest in-stock retailer price,149.99,149.99,8,8,USD,ok,http://web.archive.org/web/20250816123535/https://pcpartpicker.com/product/34ytt6/samsung-990-pro-2-tb-m2-2280-pcie-40-x4-nvme-solid-state-drive-mz-v9p2t0bw
2025-09-19,ssd,Samsung 990 Pro 2TB NVMe PCIe 4.0 MZ-V9P2T0B,34ytt6,156.99,lowest in-stock retailer price,156.99,159.99,7,7,USD,ok,http://web.archive.org/web/20250919042319/https://pcpartpicker.com/product/34ytt6/samsung-990-pro-2-tb-m2-2280-pcie-40-x4-nvme-solid-state-drive-mz-v9p2t0bw
2025-10-29,ssd,Samsung 990 Pro 2TB NVMe PCIe 4.0 MZ-V9P2T0B,34ytt6,174.99,lowest in-stock retailer price,174.99,189.99,7,7,USD,ok,http://web.archive.org/web/20251029210618/https://pcpartpicker.com/product/34ytt6/samsung-990-pro-2-tb-m2-2280-pcie-40-x4-nvme-solid-state-drive-mz-v9p2t0bw
2025-11-14,ssd,Samsung 990 Pro 2TB NVMe PCIe 4.0 MZ-V9P2T0B,34ytt6,179.27,lowest in-stock retailer price,179.27,189.99,8,8,USD,ok,http://web.archive.org/web/20251114224001/https://pcpartpicker.com/product/34ytt6/samsung-990-pro-2-tb-m2-2280-pcie-40-x4-nvme-solid-state-drive-mz-v9p2t0bw
2025-12-16,ssd,Samsung 990 Pro 2TB NVMe PCIe 4.0 MZ-V9P2T0B,34ytt6,208.99,lowest in-stock retailer price,208.99,229.99,7,7,USD,ok,http://web.archive.org/web/20251216044430/https://pcpartpicker.com/product/34ytt6/samsung-990-pro-2-tb-m2-2280-pcie-40-x4-nvme-solid-state-drive-mz-v9p2t0bw
2026-01-20,ssd,Samsung 990 Pro 2TB NVMe PCIe 4.0 MZ-V9P2T0B,34ytt6,389.95,lowest in-stock retailer price,299.99,299.99,5,1,USD,ok,http://web.archive.org/web/20260120131015/https://pcpartpicker.com/product/34ytt6/samsung-990-pro-2-tb-m2-2280-pcie-40-x4-nvme-solid-state-drive-mz-v9p2t0bw?history_days=730
2026-02-26,ssd,Samsung 990 Pro 2TB NVMe PCIe 4.0 MZ-V9P2T0B,34ytt6,394.99,lowest in-stock retailer price,394.99,399.99,6,5,USD,ok,http://web.archive.org/web/20260226071644/https://pcpartpicker.com/product/34ytt6/samsung-990-pro-2-tb-m2-2280-pcie-40-x4-nvme-solid-state-drive-mz-v9p2t0bw
2026-03-09,ssd,Samsung 990 Pro 2TB NVMe PCIe 4.0 MZ-V9P2T0B,34ytt6,384.99,lowest in-stock retailer price,384.99,399.99,7,7,USD,ok,http://web.archive.org/web/20260309082643/https://pcpartpicker.com/product/34ytt6/samsung-990-pro-2-tb-m2-2280-pcie-40-x4-nvme-solid-state-drive-mz-v9p2t0bw
2026-04-13,ssd,Samsung 990 Pro 2TB NVMe PCIe 4.0 MZ-V9P2T0B,34ytt6,499.99,lowest in-stock retailer price,499.99,639.99,9,8,USD,ok,http://web.archive.org/web/20260413171629/https://pcpartpicker.com/product/34ytt6/samsung-990-pro-2-tb-m2-2280-pcie-40-x4-nvme-solid-state-drive-mz-v9p2t0bw
2026-05-14,ssd,Samsung 990 Pro 2TB NVMe PCIe 4.0 MZ-V9P2T0B,34ytt6,429.99,lowest in-stock retailer price,429.99,429.99,9,9,USD,ok,http://web.archive.org/web/20260514050956/https://pcpartpicker.com/product/34ytt6/samsung-990-pro-2-tb-m2-2280-pcie-40-x4-nvme-solid-state-drive-mz-v9p2t0bw
2026-06-19,ssd,Samsung 990 Pro 2TB NVMe PCIe 4.0 MZ-V9P2T0B,34ytt6,369.99,lowest in-stock retailer price,369.99,369.99,6,6,USD,ok,http://web.archive.org/web/20260619034257/https://pcpartpicker.com/product/34ytt6/samsung-990-pro-2-tb-m2-2280-pcie-40-x4-nvme-solid-state-drive-mz-v9p2t0bw
2026-07-11,ssd,Samsung 990 Pro 2TB NVMe PCIe 4.0 MZ-V9P2T0B,34ytt6,389.99,lowest in-stock retailer price,389.99,389.99,6,6,USD,ok,http://web.archive.org/web/20260711003341/https://pcpartpicker.com/product/34ytt6/samsung-990-pro-2-tb-m2-2280-pcie-40-x4-nvme-solid-state-drive-mz-v9p2t0bw
2026-08-10,ssd,Samsung 990 Pro 2TB NVMe PCIe 4.0 MZ-V9P2T0B,34ytt6,388.0,lowest in-stock retailer price,388.0,389.99,6,6,USD,ok,http://web.archive.org/web/20260810222342/https://pcpartpicker.com/product/34ytt6/samsung-990-pro-2-tb-m2-2280-pcie-40-x4-nvme-solid-state-drive-mz-v9p2t0bw
2023-03-20,cpu,AMD Ryzen 7 7800X3D,3hyH99,,no in-stock listing,,,0,0,USD,ok,http://web.archive.org/web/20230320021852/https://pcpartpicker.com/product/3hyH99/amd-ryzen-7-7800x3d-42-ghz-8-core-processor-100-100000910wof
2023-05-25,cpu,AMD Ryzen 7 7800X3D,3hyH99,440.0,lowest in-stock retailer price,440.0,449.0,6,6,USD,ok,http://web.archive.org/web/20230525130620/https://pcpartpicker.com/product/3hyH99/
2023-06-12,cpu,AMD Ryzen 7 7800X3D,3hyH99,439.0,lowest in-stock retailer price,439.0,444.0,6,6,USD,ok,http://web.archive.org/web/20230612231132/https://pcpartpicker.com/product/3hyH99/amd-ryzen-7-7800x3d-42-ghz-8-core-processor-100-100000910wof
2023-07-10,cpu,AMD Ryzen 7 7800X3D,3hyH99,439.0,lowest in-stock retailer price,439.0,449.0,6,5,USD,ok,http://web.archive.org/web/20230710215544/https://pcpartpicker.com/product/3hyH99/amd-ryzen-7-7800x3d-42-ghz-8-core-processor-100-100000910wof
2023-08-29,cpu,AMD Ryzen 7 7800X3D,3hyH99,384.0,lowest in-stock retailer price,384.0,391.995,6,6,USD,ok,http://web.archive.org/web/20230829220100/https://pcpartpicker.com/product/3hyH99/amd-ryzen-7-7800x3d-42-ghz-8-core-processor-100-100000910wof
2023-09-06,cpu,AMD Ryzen 7 7800X3D,3hyH99,399.0,lowest in-stock retailer price,399.0,399.0,6,6,USD,ok,http://web.archive.org/web/20230906012155/https://pcpartpicker.com/product/3hyH99/amd-ryzen-7-7800x3d-42-ghz-8-core-processor-100-100000910wof
2023-12-08,cpu,AMD Ryzen 7 7800X3D,3hyH99,358.14,lowest in-stock retailer price,358.14,363.57,6,6,USD,ok,http://web.archive.org/web/20231208114515/https://pcpartpicker.com/product/3hyH99/amd-ryzen-7-7800x3d-42-ghz-8-core-processor-100-100000910wof
2024-01-20,cpu,AMD Ryzen 7 7800X3D,3hyH99,394.0,lowest in-stock retailer price,394.0,399.0,6,6,USD,ok,http://web.archive.org/web/20240120210528/https://pcpartpicker.com/product/3hyH99/amd-ryzen-7-7800x3d-42-ghz-8-core-processor-100-100000910wof
2024-02-16,cpu,AMD Ryzen 7 7800X3D,3hyH99,366.92,lowest in-stock retailer price,366.92,369.0,5,4,USD,ok,http://web.archive.org/web/20240216032458/https://pcpartpicker.com/product/3hyH99/amd-ryzen-7-7800x3d-42-ghz-8-core-processor-100-100000910wof
2024-03-14,cpu,AMD Ryzen 7 7800X3D,3hyH99,356.0,lowest in-stock retailer price,356.0,369.0,6,5,USD,ok,http://web.archive.org/web/20240314020605/https://pcpartpicker.com/product/3hyH99/amd-ryzen-7-7800x3d-42-ghz-8-core-processor-100-100000910wof
2024-04-07,cpu,AMD Ryzen 7 7800X3D,3hyH99,389.99,lowest in-stock retailer price,389.99,396.475,6,4,USD,ok,http://web.archive.org/web/20240407000752/https://pcpartpicker.com/product/3hyH99/amd-ryzen-7-7800x3d-42-ghz-8-core-processor-100-100000910wof
2024-05-15,cpu,AMD Ryzen 7 7800X3D,3hyH99,339.0,lowest in-stock retailer price,339.0,357.0,6,5,USD,ok,http://web.archive.org/web/20240515034747/https://pcpartpicker.com/product/3hyH99/amd-ryzen-7-7800x3d-42-ghz-8-core-processor-100-100000910wof
2024-07-16,cpu,AMD Ryzen 7 7800X3D,3hyH99,384.46,lowest in-stock retailer price,384.46,387.77,5,5,USD,ok,http://web.archive.org/web/20240716124104/https://pcpartpicker.com/product/3hyH99/amd-ryzen-7-7800x3d-42-ghz-8-core-processor-100-100000910wof
2024-08-22,cpu,AMD Ryzen 7 7800X3D,3hyH99,362.83,lowest in-stock retailer price,362.83,398.0,5,5,USD,ok,http://web.archive.org/web/20240822220732/https://pcpartpicker.com/product/3hyH99/amd-ryzen-7-7800x3d-42-ghz-8-core-processor-100-100000910wof
2024-09-17,cpu,AMD Ryzen 7 7800X3D,3hyH99,489.0,lowest in-stock retailer price,419.0,434.0,4,1,USD,ok,http://web.archive.org/web/20240917173148/https://pcpartpicker.com/product/3hyH99/amd-ryzen-7-7800x3d-42-ghz-8-core-processor-100-100000910wof
2024-10-08,cpu,AMD Ryzen 7 7800X3D,3hyH99,619.96,lowest in-stock retailer price,419.0,444.495,4,1,USD,ok,http://web.archive.org/web/20241008051958/https://pcpartpicker.com/product/3hyH99/amd-ryzen-7-7800x3d-42-ghz-8-core-processor-100-100000910wof
2024-11-14,cpu,AMD Ryzen 7 7800X3D,3hyH99,459.0,lowest in-stock retailer price,449.0,459.0,5,3,USD,ok,http://web.archive.org/web/20241114012112/https://pcpartpicker.com/product/3hyH99/amd-ryzen-7-7800x3d-42-ghz-8-core-processor-100-100000910wof
2024-12-17,cpu,AMD Ryzen 7 7800X3D,3hyH99,475.94,lowest in-stock retailer price,449.0,475.95500000000004,4,3,USD,ok,http://web.archive.org/web/20241217205243/https://pcpartpicker.com/product/3hyH99/amd-ryzen-7-7800x3d-42-ghz-8-core-processor-100-100000910wof
2025-01-14,cpu,AMD Ryzen 7 7800X3D,3hyH99,449.0,lowest in-stock retailer price,449.0,449.0,4,4,USD,ok,http://web.archive.org/web/20250114172900/https://pcpartpicker.com/product/3hyH99/amd-ryzen-7-7800x3d-42-ghz-8-core-processor-100-100000910wof
2025-02-02,cpu,AMD Ryzen 7 7800X3D,3hyH99,478.87,lowest in-stock retailer price,449.0,479.43,4,2,USD,ok,http://web.archive.org/web/20250202172240/https://pcpartpicker.com/product/3hyH99/amd-ryzen-7-7800x3d-42-ghz-8-core-processor-100-100000910wof
2025-03-11,cpu,AMD Ryzen 7 7800X3D,3hyH99,399.0,lowest in-stock retailer price,399.0,449.0,5,4,USD,ok,http://web.archive.org/web/20250311135634/https://pcpartpicker.com/product/3hyH99/amd-ryzen-7-7800x3d-42-ghz-8-core-processor-100-100000910wof
2025-04-18,cpu,AMD Ryzen 7 7800X3D,3hyH99,399.0,lowest in-stock retailer price,399.0,409.0,5,5,USD,ok,http://web.archive.org/web/20250418200231/https://pcpartpicker.com/product/3hyH99/amd-ryzen-7-7800x3d-42-ghz-8-core-processor-100-100000910wof
2025-05-20,cpu,AMD Ryzen 7 7800X3D,3hyH99,385.38,lowest in-stock retailer price,385.38,385.38,5,5,USD,ok,http://web.archive.org/web/20250520010159/https://pcpartpicker.com/product/3hyH99/amd-ryzen-7-7800x3d-42-ghz-8-core-processor-100-100000910wof
2025-06-07,cpu,AMD Ryzen 7 7800X3D,3hyH99,384.99,lowest in-stock retailer price,384.99,384.99,5,5,USD,ok,http://web.archive.org/web/20250607070246/https://pcpartpicker.com/product/3hyH99/amd-ryzen-7-7800x3d-42-ghz-8-core-processor-100-100000910wof?history_days=120
2025-07-14,cpu,AMD Ryzen 7 7800X3D,3hyH99,341.0,lowest in-stock retailer price,341.0,414.0,5,5,USD,ok,http://web.archive.org/web/20250714003042/https://pcpartpicker.com/product/3hyH99/amd-ryzen-7-7800x3d-42-ghz-8-core-processor-100-100000910wof
2025-08-08,cpu,AMD Ryzen 7 7800X3D,3hyH99,376.09,lowest in-stock retailer price,376.09,379.0,5,5,USD,ok,http://web.archive.org/web/20250808211527/https://pcpartpicker.com/product/3hyH99/amd-ryzen-7-7800x3d-42-ghz-8-core-processor-100-100000910wof
2025-09-12,cpu,AMD Ryzen 7 7800X3D,3hyH99,359.0,lowest in-stock retailer price,359.0,371.5,6,6,USD,ok,http://web.archive.org/web/20250912020911/https://pcpartpicker.com/product/3hyH99/amd-ryzen-7-7800x3d-42-ghz-8-core-processor-100-100000910wof
2025-10-12,cpu,AMD Ryzen 7 7800X3D,3hyH99,319.99,lowest in-stock retailer price,319.99,404.0,6,6,USD,ok,http://web.archive.org/web/20251012063305/https://pcpartpicker.com/product/3hyH99/amd-ryzen-7-7800x3d-42-ghz-8-core-processor-100-100000910wof
2025-11-11,cpu,AMD Ryzen 7 7800X3D,3hyH99,394.45,lowest in-stock retailer price,394.45,406.5,6,6,USD,ok,http://web.archive.org/web/20251111220343/https://pcpartpicker.com/product/3hyH99/amd-ryzen-7-7800x3d-42-ghz-8-core-processor-100-100000910wof
2025-12-13,cpu,AMD Ryzen 7 7800X3D,3hyH99,367.99,lowest in-stock retailer price,367.99,406.5,6,6,USD,ok,http://web.archive.org/web/20251213051733/https://pcpartpicker.com/product/3hyH99/amd-ryzen-7-7800x3d-42-ghz-8-core-processor-100-100000910wof
2026-01-09,cpu,AMD Ryzen 7 7800X3D,3hyH99,379.0,lowest in-stock retailer price,379.0,399.0,6,6,USD,ok,http://web.archive.org/web/20260109165959/https://pcpartpicker.com/product/3hyH99/amd-ryzen-7-7800x3d-42-ghz-8-core-processor-100-100000910wof
2026-03-09,cpu,AMD Ryzen 7 7800X3D,3hyH99,368.99,lowest in-stock retailer price,368.99,399.0,6,6,USD,ok,http://web.archive.org/web/20260309052737/https://pcpartpicker.com/product/3hyH99/amd-ryzen-7-7800x3d-42-ghz-8-core-processor-100-100000910wof
2026-04-11,cpu,AMD Ryzen 7 7800X3D,3hyH99,368.99,lowest in-stock retailer price,368.99,394.0,6,6,USD,ok,http://web.archive.org/web/20260411031343/https://pcpartpicker.com/product/3hyH99/amd-ryzen-7-7800x3d-42-ghz-8-core-processor-100-100000910wof
2026-05-09,cpu,AMD Ryzen 7 7800X3D,3hyH99,376.99,lowest in-stock retailer price,376.99,376.99,5,5,USD,ok,http://web.archive.org/web/20260509160801/https://pcpartpicker.com/product/3hyH99/amd-ryzen-7-7800x3d-42-ghz-8-core-processor-100-100000910wof
2026-06-11,cpu,AMD Ryzen 7 7800X3D,3hyH99,369.0,lowest in-stock retailer price,369.0,376.99,5,5,USD,ok,http://web.archive.org/web/20260611030240/https://pcpartpicker.com/product/3hyH99/amd-ryzen-7-7800x3d-42-ghz-8-core-processor-100-100000910wof
2026-07-11,cpu,AMD Ryzen 7 7800X3D,3hyH99,365.99,lowest in-stock retailer price,365.99,416.0,5,5,USD,ok,http://web.archive.org/web/20260711122145/https://pcpartpicker.com/product/3hyH99/amd-ryzen-7-7800x3d-42-ghz-8-core-processor-100-100000910wof
2026-08-15,cpu,AMD Ryzen 7 7800X3D,3hyH99,333.99,lowest in-stock retailer price,333.99,389.0,5,5,USD,ok,http://web.archive.org/web/20260815134830/https://pcpartpicker.com/product/3hyH99/amd-ryzen-7-7800x3d-42-ghz-8-core-processor-100-100000910wof
2023-12-10,cpu,Intel Core i7-14700K,BmWJ7P,401.6,lowest in-stock retailer price,401.6,401.6,4,4,USD,ok,http://web.archive.org/web/20231210123921/https://pcpartpicker.com/product/BmWJ7P/intel-core-i7-14700k-34-ghz-20-core-processor-bx8071514700k
2024-01-25,cpu,Intel Core i7-14700K,BmWJ7P,389.99,lowest in-stock retailer price,389.99,401.27,4,4,USD,ok,http://web.archive.org/web/20240125001103/https://pcpartpicker.com/product/BmWJ7P/intel-core-i7-14700k-34-ghz-20-core-processor-bx8071514700k
2024-02-19,cpu,Intel Core i7-14700K,BmWJ7P,399.99,lowest in-stock retailer price,399.99,399.99,5,5,USD,ok,http://web.archive.org/web/20240219151529/https://pcpartpicker.com/product/BmWJ7P/intel-core-i7-14700k-34-ghz-20-core-processor-bx8071514700k
2024-03-26,cpu,Intel Core i7-14700K,BmWJ7P,389.99,lowest in-stock retailer price,389.99,399.99,5,5,USD,ok,http://web.archive.org/web/20240326005903/https://pcpartpicker.com/product/BmWJ7P/intel-core-i7-14700k-34-ghz-20-core-processor-bx8071514700k
2024-06-14,cpu,Intel Core i7-14700K,BmWJ7P,381.98,lowest in-stock retailer price,381.98,381.99,4,4,USD,ok,http://web.archive.org/web/20240614200920/https://pcpartpicker.com/product/BmWJ7P/intel-core-i7-14700k-34-ghz-20-core-processor-bx8071514700k
2024-07-09,cpu,Intel Core i7-14700K,BmWJ7P,369.99,lowest in-stock retailer price,369.99,399.195,4,4,USD,ok,http://web.archive.org/web/20240709034614/https://pcpartpicker.com/product/BmWJ7P/intel-core-i7-14700k-34-ghz-20-core-processor-bx8071514700k
2024-10-03,cpu,Intel Core i7-14700K,BmWJ7P,373.0,lowest in-stock retailer price,373.0,373.0,4,4,USD,ok,http://web.archive.org/web/20241003070410/https://pcpartpicker.com/product/BmWJ7P/intel-core-i7-14700k-34-ghz-20-core-processor-bx8071514700k
2024-11-12,cpu,Intel Core i7-14700K,BmWJ7P,347.12,lowest in-stock retailer price,347.12,348.42,4,4,USD,ok,http://web.archive.org/web/20241112202715/https://pcpartpicker.com/product/BmWJ7P/intel-core-i7-14700k-34-ghz-20-core-processor-bx8071514700k
2024-12-19,cpu,Intel Core i7-14700K,BmWJ7P,349.72,lowest in-stock retailer price,349.72,350.12,4,4,USD,ok,http://web.archive.org/web/20241219083825/https://pcpartpicker.com/product/BmWJ7P/intel-core-i7-14700k-34-ghz-20-core-processor-bx8071514700k
2025-01-24,cpu,Intel Core i7-14700K,BmWJ7P,332.61,lowest in-stock retailer price,332.61,346.3,4,4,USD,ok,http://web.archive.org/web/20250124122420/https://pcpartpicker.com/product/BmWJ7P/intel-core-i7-14700k-34-ghz-20-core-processor-bx8071514700k
2025-02-22,cpu,Intel Core i7-14700K,BmWJ7P,332.4,lowest in-stock retailer price,332.4,346.20500000000004,4,3,USD,ok,http://web.archive.org/web/20250222213328/https://pcpartpicker.com/product/BmWJ7P/intel-core-i7-14700k-34-ghz-20-core-processor-bx8071514700k
2025-03-14,cpu,Intel Core i7-14700K,BmWJ7P,332.44,lowest in-stock retailer price,332.44,336.21500000000003,4,4,USD,ok,http://web.archive.org/web/20250314134933/https://pcpartpicker.com/product/BmWJ7P/intel-core-i7-14700k-34-ghz-20-core-processor-bx8071514700k
2025-05-24,cpu,Intel Core i7-14700K,BmWJ7P,328.99,lowest in-stock retailer price,328.99,342.99,5,5,USD,ok,http://web.archive.org/web/20250524205120/https://pcpartpicker.com/product/BmWJ7P/intel-core-i7-14700k-34-ghz-20-core-processor-bx8071514700k
2025-06-15,cpu,Intel Core i7-14700K,BmWJ7P,303.61,lowest in-stock retailer price,303.61,329.95,5,5,USD,ok,http://web.archive.org/web/20250615235500/https://pcpartpicker.com/product/BmWJ7P/intel-core-i7-14700k-34-ghz-20-core-processor-bx8071514700k
2025-07-11,cpu,Intel Core i7-14700K,BmWJ7P,272.0,lowest in-stock retailer price,272.0,341.99,5,5,USD,ok,http://web.archive.org/web/20250711004821/https://pcpartpicker.com/product/BmWJ7P/intel-core-i7-14700k-34-ghz-20-core-processor-bx8071514700k
2025-08-09,cpu,Intel Core i7-14700K,BmWJ7P,324.99,lowest in-stock retailer price,324.99,349.99,5,5,USD,ok,http://web.archive.org/web/20250809044549/https://pcpartpicker.com/product/BmWJ7P/intel-core-i7-14700k-34-ghz-20-core-processor-bx8071514700k
2025-09-17,cpu,Intel Core i7-14700K,BmWJ7P,319.99,lowest in-stock retailer price,319.99,339.99,5,5,USD,ok,http://web.archive.org/web/20250917192415/https://pcpartpicker.com/product/BmWJ7P/intel-core-i7-14700k-34-ghz-20-core-processor-bx8071514700k
2025-11-12,cpu,Intel Core i7-14700K,BmWJ7P,334.97,lowest in-stock retailer price,334.97,334.99,4,4,USD,ok,http://web.archive.org/web/20251112215045/https://pcpartpicker.com/product/BmWJ7P/intel-core-i7-14700k-34-ghz-20-core-processor-bx8071514700k
2025-12-15,cpu,Intel Core i7-14700K,BmWJ7P,356.95,lowest in-stock retailer price,356.95,357.99,4,4,USD,ok,http://web.archive.org/web/20251215063943/https://pcpartpicker.com/product/BmWJ7P/intel-core-i7-14700k-34-ghz-20-core-processor-bx8071514700k
2026-01-31,cpu,Intel Core i7-14700K,BmWJ7P,354.99,lowest in-stock retailer price,354.99,368.0,4,4,USD,ok,http://web.archive.org/web/20260131021907/https://pcpartpicker.com/product/BmWJ7P/intel-core-i7-14700k-34-ghz-20-core-processor-bx8071514700k
2026-03-11,cpu,Intel Core i7-14700K,BmWJ7P,334.57,lowest in-stock retailer price,334.57,344.78,4,4,USD,ok,http://web.archive.org/web/20260311013348/https://pcpartpicker.com/product/BmWJ7P/intel-core-i7-14700k-34-ghz-20-core-processor-bx8071514700k
2026-05-19,cpu,Intel Core i7-14700K,BmWJ7P,368.0,lowest in-stock retailer price,368.0,377.99,3,2,USD,ok,http://web.archive.org/web/20260519003758/https://pcpartpicker.com/product/BmWJ7P/intel-core-i7-14700k-34-ghz-20-core-processor-bx8071514700k
2026-06-17,cpu,Intel Core i7-14700K,BmWJ7P,374.0,lowest in-stock retailer price,374.0,377.99,5,4,USD,ok,http://web.archive.org/web/20260617184510/https://pcpartpicker.com/product/BmWJ7P/intel-core-i7-14700k-34-ghz-20-core-processor-bx8071514700k
2026-08-03,cpu,Intel Core i7-14700K,BmWJ7P,365.99,lowest in-stock retailer price,365.99,370.99,4,4,USD,ok,http://web.archive.org/web/20260803230017/https://pcpartpicker.com/product/BmWJ7P/intel-core-i7-14700k-34-ghz-20-core-processor-bx8071514700k
2026-09-05,cpu,Intel Core i7-14700K,BmWJ7P,365.99,lowest in-stock retailer price,365.99,377.495,4,4,USD,ok,http://web.archive.org/web/20260905182649/https://pcpartpicker.com/product/BmWJ7P/intel-core-i7-14700k-34-ghz-20-core-processor-bx8071514700k
2025-03-13,gpu,Sapphire Pulse Radeon RX 9070 XT 16GB,Bvjv6h,939.99,lowest in-stock retailer price,742.98,841.485,2,1,USD,ok,http://web.archive.org/web/20250313044221/https://pcpartpicker.com/product/Bvjv6h/sapphire-pulse-radeon-rx-9070-xt-16-gb-video-card-11348-03-20g
2025-04-17,gpu,Sapphire Pulse Radeon RX 9070 XT 16GB,Bvjv6h,892.98,lowest in-stock retailer price,892.98,946.485,2,2,USD,ok,http://web.archive.org/web/20250417080738/https://pcpartpicker.com/product/Bvjv6h/sapphire-pulse-radeon-rx-9070-xt-16-gb-video-card-11348-03-20g
2025-05-07,gpu,Sapphire Pulse Radeon RX 9070 XT 16GB,Bvjv6h,891.95,lowest in-stock retailer price,879.99,885.97,2,1,USD,ok,http://web.archive.org/web/20250507172213/https://pcpartpicker.com/product/Bvjv6h/sapphire-pulse-radeon-rx-9070-xt-16-gb-video-card-11348-03-20g
2025-06-10,gpu,Sapphire Pulse Radeon RX 9070 XT 16GB,Bvjv6h,799.99,lowest in-stock retailer price,799.99,824.99,3,3,USD,ok,http://web.archive.org/web/20250610082440/https://pcpartpicker.com/product/Bvjv6h/sapphire-pulse-radeon-rx-9070-xt-16-gb-video-card-11348-03-20g
2025-07-10,gpu,Sapphire Pulse Radeon RX 9070 XT 16GB,Bvjv6h,719.99,lowest in-stock retailer price,719.99,729.99,2,2,USD,ok,http://web.archive.org/web/20250710002724/https://pcpartpicker.com/product/Bvjv6h/sapphire-pulse-radeon-rx-9070-xt-16-gb-video-card-11348-03-20g
2025-11-16,gpu,Sapphire Pulse Radeon RX 9070 XT 16GB,Bvjv6h,649.99,lowest in-stock retailer price,649.99,669.99,3,3,USD,ok,http://web.archive.org/web/20251116193628/https://pcpartpicker.com/product/Bvjv6h/sapphire-pulse-radeon-rx-9070-xt-16-gb-video-card-11348-03-20g
2025-12-12,gpu,Sapphire Pulse Radeon RX 9070 XT 16GB,Bvjv6h,649.99,lowest in-stock retailer price,649.99,649.99,3,3,USD,ok,http://web.archive.org/web/20251212143222/https://pcpartpicker.com/product/Bvjv6h/sapphire-pulse-radeon-rx-9070-xt-16-gb-video-card-11348-03-20g
2026-03-28,gpu,Sapphire Pulse Radeon RX 9070 XT 16GB,Bvjv6h,699.99,lowest in-stock retailer price,699.99,769.99,3,3,USD,ok,http://web.archive.org/web/20260328132251/https://pcpartpicker.com/product/Bvjv6h/sapphire-pulse-radeon-rx-9070-xt-16-gb-video-card-11348-03-20g
2026-04-14,gpu,Sapphire Pulse Radeon RX 9070 XT 16GB,Bvjv6h,769.99,lowest in-stock retailer price,769.99,769.99,3,3,USD,ok,http://web.archive.org/web/20260414030331/https://pcpartpicker.com/product/Bvjv6h/sapphire-pulse-radeon-rx-9070-xt-16-gb-video-card-11348-03-20g
2026-05-11,gpu,Sapphire Pulse Radeon RX 9070 XT 16GB,Bvjv6h,769.99,lowest in-stock retailer price,769.99,769.99,3,3,USD,ok,http://web.archive.org/web/20260511033642/https://pcpartpicker.com/product/Bvjv6h/sapphire-pulse-radeon-rx-9070-xt-16-gb-video-card-11348-03-20g?history_days=365
2022-10-23,ram,G.Skill Trident Z5 Neo RGB 32GB (2x16GB) DDR5-6000 CL30 F5-6000J3038F16GX2-TZ5NR,CXKKHx,267.99,lowest in-stock retailer price,267.99,273.99,2,1,USD,ok,http://web.archive.org/web/20221023043256/https://pcpartpicker.com/product/CXKKHx/gskill-trident-z5-neo-rgb-32-gb-2-x-16-gb-ddr5-6000-cl30-memory-f5-6000j3038f16gx2-tz5nr
2022-12-12,ram,G.Skill Trident Z5 Neo RGB 32GB (2x16GB) DDR5-6000 CL30 F5-6000J3038F16GX2-TZ5NR,CXKKHx,209.99,lowest in-stock retailer price,209.99,212.49,2,2,USD,ok,http://web.archive.org/web/20221212171916/https://pcpartpicker.com/product/CXKKHx/
2023-03-15,ram,G.Skill Trident Z5 Neo RGB 32GB (2x16GB) DDR5-6000 CL30 F5-6000J3038F16GX2-TZ5NR,CXKKHx,159.99,lowest in-stock retailer price,159.99,162.49,2,2,USD,ok,http://web.archive.org/web/20230315042104/https://pcpartpicker.com/product/CXKKHx/gskill-trident-z5-neo-rgb-32-gb-2-x-16-gb-ddr5-6000-cl30-memory-f5-6000j3038f16gx2-tz5nr
2023-04-21,ram,G.Skill Trident Z5 Neo RGB 32GB (2x16GB) DDR5-6000 CL30 F5-6000J3038F16GX2-TZ5NR,CXKKHx,149.99,lowest in-stock retailer price,149.99,165.335,2,2,USD,ok,"http://web.archive.org/web/20230421135309/https://pcpartpicker.com/product/CXKKHx/gskill-trident-z5-neo-rgb-32-gb-2-x-16-gb-ddr5-6000-cl30-memory-f5-6000j3038f16gx2-tz5nr%22,"
2023-06-13,ram,G.Skill Trident Z5 Neo RGB 32GB (2x16GB) DDR5-6000 CL30 F5-6000J3038F16GX2-TZ5NR,CXKKHx,129.99,lowest in-stock retailer price,129.99,129.99,2,2,USD,ok,http://web.archive.org/web/20230613160153/https://pcpartpicker.com/product/CXKKHx/gskill-trident-z5-neo-rgb-32-gb-2-x-16-gb-ddr5-6000-cl30-memory-f5-6000j3038f16gx2-tz5nr%5Cu00a0%5Cn
2023-07-12,ram,G.Skill Trident Z5 Neo RGB 32GB (2x16GB) DDR5-6000 CL30 F5-6000J3038F16GX2-TZ5NR,CXKKHx,109.99,lowest in-stock retailer price,109.99,109.99,3,3,USD,ok,http://web.archive.org/web/20230712114108/https://pcpartpicker.com/product/CXKKHx/gskill-trident-z5-neo-rgb-32-gb-2-x-16-gb-ddr5-6000-cl30-memory-f5-6000j3038f16gx2-tz5nr%22
2023-09-29,ram,G.Skill Trident Z5 Neo RGB 32GB (2x16GB) DDR5-6000 CL30 F5-6000J3038F16GX2-TZ5NR,CXKKHx,109.99,lowest in-stock retailer price,109.99,112.49,2,2,USD,ok,http://web.archive.org/web/20230929135357/https://pcpartpicker.com/product/CXKKHx/gskill-trident-z5-neo-rgb-32-gb-2-x-16-gb-ddr5-6000-cl30-memory-f5-6000j3038f16gx2-tz5nr
2023-11-27,ram,G.Skill Trident Z5 Neo RGB 32GB (2x16GB) DDR5-6000 CL30 F5-6000J3038F16GX2-TZ5NR,CXKKHx,117.99,lowest in-stock retailer price,117.99,117.99,2,2,USD,ok,http://web.archive.org/web/20231127145036/https://pcpartpicker.com/product/CXKKHx/gskill-trident-z5-neo-rgb-32-gb-2-x-16-gb-ddr5-6000-cl30-memory-f5-60
2024-05-13,ram,G.Skill Trident Z5 Neo RGB 32GB (2x16GB) DDR5-6000 CL30 F5-6000J3038F16GX2-TZ5NR,CXKKHx,112.99,lowest in-stock retailer price,112.99,112.99,3,3,USD,ok,http://web.archive.org/web/20240513222422/https://pcpartpicker.com/product/CXKKHx/gskill-trident-z5-neo-rgb-32-gb-2-x-16-gb-ddr5-6000-cl30-memory-f5-6000j3038f16gx2-tz5nr
2024-08-26,ram,G.Skill Trident Z5 Neo RGB 32GB (2x16GB) DDR5-6000 CL30 F5-6000J3038F16GX2-TZ5NR,CXKKHx,109.99,lowest in-stock retailer price,109.99,111.49,2,2,USD,ok,http://web.archive.org/web/20240826234418/https://pcpartpicker.com/product/CXKKHx/gskill-trident-z5-neo-rgb-32-gb-2-x-16-gb-ddr5-6000-cl30-memory-f5-6000j3038f16gx2-tz5nr
2024-09-26,ram,G.Skill Trident Z5 Neo RGB 32GB (2x16GB) DDR5-6000 CL30 F5-6000J3038F16GX2-TZ5NR,CXKKHx,112.99,lowest in-stock retailer price,112.99,112.99,3,3,USD,ok,http://web.archive.org/web/20240926152633/https://pcpartpicker.com/product/CXKKHx/gskill-trident-z5-neo-rgb-32-gb-2-x-16-gb-ddr5-6000-cl30-memory-f5-6000j3038f16gx2-tz5nr
2024-10-02,ram,G.Skill Trident Z5 Neo RGB 32GB (2x16GB) DDR5-6000 CL30 F5-6000J3038F16GX2-TZ5NR,CXKKHx,109.99,lowest in-stock retailer price,109.99,112.99,3,3,USD,ok,http://web.archive.org/web/20241002223030/https://pcpartpicker.com/product/CXKKHx/gskill-trident-z5-neo-rgb-32-gb-2-x-16-gb-ddr5-6000-cl30-memory-f5-6000j3038f16gx2-tz5nr
2024-11-13,ram,G.Skill Trident Z5 Neo RGB 32GB (2x16GB) DDR5-6000 CL30 F5-6000J3038F16GX2-TZ5NR,CXKKHx,104.99,lowest in-stock retailer price,104.99,109.99,3,3,USD,ok,http://web.archive.org/web/20241113170821/https://pcpartpicker.com/product/CXKKHx/gskill-trident-z5-neo-rgb-32-gb-2-x-16-gb-ddr5-6000-cl30-memory-f5-6000j3038f16gx2-tz5nr
2024-12-15,ram,G.Skill Trident Z5 Neo RGB 32GB (2x16GB) DDR5-6000 CL30 F5-6000J3038F16GX2-TZ5NR,CXKKHx,109.99,lowest in-stock retailer price,109.99,109.99,2,2,USD,ok,http://web.archive.org/web/20241215190343/https://pcpartpicker.com/product/CXKKHx/gskill-trident-z5-neo-rgb-32-gb-2-x-16-gb-ddr5-6000-cl30-memory-f5-6000j3038f16gx2-tz5nr
2025-01-17,ram,G.Skill Trident Z5 Neo RGB 32GB (2x16GB) DDR5-6000 CL30 F5-6000J3038F16GX2-TZ5NR,CXKKHx,109.99,lowest in-stock retailer price,109.99,109.99,2,2,USD,ok,http://web.archive.org/web/20250117185448/https://pcpartpicker.com/product/CXKKHx/gskill-trident-z5-neo-rgb-32-gb-2-x-16-gb-ddr5-6000-cl30-memory-f5-6000j3038f16gx2-tz5nr
2025-02-07,ram,G.Skill Trident Z5 Neo RGB 32GB (2x16GB) DDR5-6000 CL30 F5-6000J3038F16GX2-TZ5NR,CXKKHx,109.99,lowest in-stock retailer price,109.99,109.99,2,2,USD,ok,http://web.archive.org/web/20250207051357/https://pcpartpicker.com/product/CXKKHx/gskill-trident-z5-neo-rgb-32-gb-2-x-16-gb-ddr5-6000-cl30-memory-f5-6000j3038f16gx2-tz5nr
2025-03-13,ram,G.Skill Trident Z5 Neo RGB 32GB (2x16GB) DDR5-6000 CL30 F5-6000J3038F16GX2-TZ5NR,CXKKHx,109.99,lowest in-stock retailer price,109.99,109.99,3,3,USD,ok,http://web.archive.org/web/20250313105849/https://pcpartpicker.com/product/CXKKHx/gskill-trident-z5-neo-rgb-32-gb-2-x-16-gb-ddr5-6000-cl30-memory-f5-6000j3038f16gx2-tz5nr%3E%3Cdiv
2025-05-30,ram,G.Skill Trident Z5 Neo RGB 32GB (2x16GB) DDR5-6000 CL30 F5-6000J3038F16GX2-TZ5NR,CXKKHx,114.99,lowest in-stock retailer price,114.99,116.49,2,2,USD,ok,http://web.archive.org/web/20250530212006/https://pcpartpicker.com/product/CXKKHx/gskill-trident-z5-neo-rgb-32-gb-2-x-16-gb-ddr5-6000-cl30-memory-f5-6000j3038f16gx2-tz5nr
2025-06-21,ram,G.Skill Trident Z5 Neo RGB 32GB (2x16GB) DDR5-6000 CL30 F5-6000J3038F16GX2-TZ5NR,CXKKHx,119.99,lowest in-stock retailer price,119.99,119.99,3,3,USD,ok,http://web.archive.org/web/20250621062147/https://pcpartpicker.com/product/CXKKHx/gskill-trident-z5-neo-rgb-32-gb-2-x-16-gb-ddr5-6000-cl30-memory-f5-6000j3038f16gx2-tz5nr
2025-07-13,ram,G.Skill Trident Z5 Neo RGB 32GB (2x16GB) DDR5-6000 CL30 F5-6000J3038F16GX2-TZ5NR,CXKKHx,119.99,lowest in-stock retailer price,119.99,119.99,2,2,USD,ok,http://web.archive.org/web/20250713050846/https://pcpartpicker.com/product/CXKKHx/gskill-trident-z5-neo-rgb-32-gb-2-x-16-gb-ddr5-6000-cl30-memory-f5-6000j3038f16gx2-tz5nr
2025-09-20,ram,G.Skill Trident Z5 Neo RGB 32GB (2x16GB) DDR5-6000 CL30 F5-6000J3038F16GX2-TZ5NR,CXKKHx,124.99,lowest in-stock retailer price,124.99,124.99,2,2,USD,ok,http://web.archive.org/web/20250920023601/https://pcpartpicker.com/product/CXKKHx/gskill-trident-z5-neo-rgb-32-gb-2-x-16-gb-ddr5-6000-cl30-memory-f5-6000j3038f16gx2-tz5nr
2025-11-16,ram,G.Skill Trident Z5 Neo RGB 32GB (2x16GB) DDR5-6000 CL30 F5-6000J3038F16GX2-TZ5NR,CXKKHx,259.99,lowest in-stock retailer price,259.99,264.99,2,2,USD,ok,http://web.archive.org/web/20251116033007/https://pcpartpicker.com/product/CXKKHx/gskill-trident-z5-neo-rgb-32-gb-2-x-16-gb-ddr5-6000-cl30-memory-f5-6000j3038f16gx2-tz5nr
2025-12-09,ram,G.Skill Trident Z5 Neo RGB 32GB (2x16GB) DDR5-6000 CL30 F5-6000J3038F16GX2-TZ5NR,CXKKHx,389.99,lowest in-stock retailer price,389.99,409.99,2,2,USD,ok,http://web.archive.org/web/20251209115357/https://pcpartpicker.com/product/CXKKHx/gskill-trident-z5-neo-rgb-32-gb-2-x-16-gb-ddr5-6000-cl30-memory-f5-6000j3038f16gx2-tz5nr
2026-01-23,ram,G.Skill Trident Z5 Neo RGB 32GB (2x16GB) DDR5-6000 CL30 F5-6000J3038F16GX2-TZ5NR,CXKKHx,494.99,lowest in-stock retailer price,494.99,507.49,2,2,USD,ok,http://web.archive.org/web/20260123015414/https://pcpartpicker.com/product/CXKKHx/gskill-trident-z5-neo-rgb-32-gb-2-x-16-gb-ddr5-6000-cl30-memory-f5-6000j3038f16gx2-tz5nr
2026-03-11,ram,G.Skill Trident Z5 Neo RGB 32GB (2x16GB) DDR5-6000 CL30 F5-6000J3038F16GX2-TZ5NR,CXKKHx,519.99,lowest in-stock retailer price,519.99,519.99,1,1,USD,ok,http://web.archive.org/web/20260311030421/https://pcpartpicker.com/product/CXKKHx/gskill-trident-z5-neo-rgb-32-gb-2-x-16-gb-ddr5-6000-cl30-memory-f5-6000j3038f16gx2-tz5nr
2026-04-19,ram,G.Skill Trident Z5 Neo RGB 32GB (2x16GB) DDR5-6000 CL30 F5-6000J3038F16GX2-TZ5NR,CXKKHx,494.95,lowest in-stock retailer price,494.95,580.1,2,2,USD,ok,http://web.archive.org/web/20260419003715/https://pcpartpicker.com/product/CXKKHx/gskill-trident-z5-neo-rgb-32-gb-2-x-16-gb-ddr5-6000-cl30-memory-f5-6000j3038f16gx2-tz5nr
2026-05-21,ram,G.Skill Trident Z5 Neo RGB 32GB (2x16GB) DDR5-6000 CL30 F5-6000J3038F16GX2-TZ5NR,CXKKHx,489.99,lowest in-stock retailer price,489.99,609.99,3,3,USD,ok,http://web.archive.org/web/20260521170359/https://pcpartpicker.com/product/CXKKHx/gskill-trident-z5-neo-rgb-32-gb-2-x-16-gb-ddr5-6000-cl30-memory-f5-6000j3038f16gx2-tz5nr
2026-06-24,ram,G.Skill Trident Z5 Neo RGB 32GB (2x16GB) DDR5-6000 CL30 F5-6000J3038F16GX2-TZ5NR,CXKKHx,519.99,lowest in-stock retailer price,519.99,569.99,2,2,USD,ok,http://web.archive.org/web/20260624154829/https://pcpartpicker.com/product/CXKKHx/gskill-trident-z5-neo-rgb-32-gb-2-x-16-gb-ddr5-6000-cl30-memory-f5-6000j3038f16gx2-tz5nr
2026-07-30,ram,G.Skill Trident Z5 Neo RGB 32GB (2x16GB) DDR5-6000 CL30 F5-6000J3038F16GX2-TZ5NR,CXKKHx,606.98,lowest in-stock retailer price,606.98,606.98,1,1,USD,ok,http://web.archive.org/web/20260730033730/https://pcpartpicker.com/product/CXKKHx/gskill-trident-z5-neo-rgb-32-gb-2-x-16-gb-ddr5-6000-cl30-memory-f5-6000j3038f16gx2-tz5nr
2026-08-03,ram,G.Skill Trident Z5 Neo RGB 32GB (2x16GB) DDR5-6000 CL30 F5-6000J3038F16GX2-TZ5NR,CXKKHx,606.98,lowest in-stock retailer price,606.98,606.98,1,1,USD,ok,http://web.archive.org/web/20260803164546/https://pcpartpicker.com/product/CXKKHx/gskill-trident-z5-neo-rgb-32-gb-2-x-16-gb-ddr5-6000-cl30-memory-f5-6000j3038f16gx2-tz5nr
2023-07-15,ram,Corsair Vengeance 32GB (2x16GB) DDR5-6000 CL30 CMK32GX5M2B6000C30,JkfxFT,99.99,lowest in-stock retailer price,99.99,99.99,2,1,USD,ok,http://web.archive.org/web/20230715085913/https://pcpartpicker.com/product/JkfxFT/corsair-vengeance-32-gb-2-x-16-gb-ddr5-6000-cl30-memory-cmk32gx5m2b6000c30
2024-01-31,ram,Corsair Vengeance 32GB (2x16GB) DDR5-6000 CL30 CMK32GX5M2B6000C30,JkfxFT,114.99,lowest in-stock retailer price,114.99,114.99,3,3,USD,ok,http://web.archive.org/web/20240131034515/https://pcpartpicker.com/product/JkfxFT/corsair-vengeance-32-gb-2-x-16-gb-ddr5-6000-cl30-memory-cmk32gx5m2b6000c30
2024-05-02,ram,Corsair Vengeance 32GB (2x16GB) DDR5-6000 CL30 CMK32GX5M2B6000C30,JkfxFT,114.99,lowest in-stock retailer price,114.99,114.99,3,3,USD,ok,http://web.archive.org/web/20240502065705/https://pcpartpicker.com/product/JkfxFT/corsair-vengeance-32-gb-2-x-16-gb-ddr5-6000-cl30-memory-cmk32gx5m2b6000c30
2024-08-22,ram,Corsair Vengeance 32GB (2x16GB) DDR5-6000 CL30 CMK32GX5M2B6000C30,JkfxFT,114.99,lowest in-stock retailer price,114.99,124.99,3,3,USD,ok,http://web.archive.org/web/20240822171156/https://pcpartpicker.com/product/JkfxFT/corsair-vengeance-32-gb-2-x-16-gb-ddr5-6000-cl30-memory-cmk32gx5m2b6000c30
2024-10-02,ram,Corsair Vengeance 32GB (2x16GB) DDR5-6000 CL30 CMK32GX5M2B6000C30,JkfxFT,124.99,lowest in-stock retailer price,124.99,124.99,3,3,USD,ok,http://web.archive.org/web/20241002160406/https://pcpartpicker.com/product/JkfxFT/corsair-vengeance-32-gb-2-x-16-gb-ddr5-6000-cl30-memory-cmk32gx5m2b6000c30
2024-11-13,ram,Corsair Vengeance 32GB (2x16GB) DDR5-6000 CL30 CMK32GX5M2B6000C30,JkfxFT,119.99,lowest in-stock retailer price,119.99,120.98,3,3,USD,ok,http://web.archive.org/web/20241113180530/https://pcpartpicker.com/product/JkfxFT
2024-12-11,ram,Corsair Vengeance 32GB (2x16GB) DDR5-6000 CL30 CMK32GX5M2B6000C30,JkfxFT,119.99,lowest in-stock retailer price,119.99,119.99,3,3,USD,ok,http://web.archive.org/web/20241211194631/https://pcpartpicker.com/product/JkfxFT/corsair-vengeance-32-gb-2-x-16-gb-ddr5-6000-cl30-memory-cmk32gx5m2b6000c30
2025-01-17,ram,Corsair Vengeance 32GB (2x16GB) DDR5-6000 CL30 CMK32GX5M2B6000C30,JkfxFT,119.99,lowest in-stock retailer price,119.99,119.99,3,3,USD,ok,http://web.archive.org/web/20250117162705/https://pcpartpicker.com/product/JkfxFT/corsair-vengeance-32-gb-2-x-16-gb-ddr5-6000-cl30-memory-cmk32gx5m2b6000c30
2025-02-21,ram,Corsair Vengeance 32GB (2x16GB) DDR5-6000 CL30 CMK32GX5M2B6000C30,JkfxFT,112.99,lowest in-stock retailer price,112.99,117.99,3,3,USD,ok,http://web.archive.org/web/20250221171119/https://pcpartpicker.com/product/JkfxFT/corsair-vengeance-32-gb-2-x-16-gb-ddr5-6000-cl30-memory-cmk32gx5m2b6000c30
2025-03-19,ram,Corsair Vengeance 32GB (2x16GB) DDR5-6000 CL30 CMK32GX5M2B6000C30,JkfxFT,117.99,lowest in-stock retailer price,117.99,117.99,3,3,USD,ok,http://web.archive.org/web/20250319232813/https://pcpartpicker.com/product/JkfxFT/corsair-vengeance-32-gb-2-x-16-gb-ddr5-6000-cl30-memory-cmk32gx5m2b6000c30
2025-04-03,ram,Corsair Vengeance 32GB (2x16GB) DDR5-6000 CL30 CMK32GX5M2B6000C30,JkfxFT,117.99,lowest in-stock retailer price,117.99,117.99,3,3,USD,ok,http://web.archive.org/web/20250403061040/https://pcpartpicker.com/product/JkfxFT/corsair-vengeance-32-gb-2-x-16-gb-ddr5-6000-cl30-memory-cmk32gx5m2b6000c30
2025-05-28,ram,Corsair Vengeance 32GB (2x16GB) DDR5-6000 CL30 CMK32GX5M2B6000C30,JkfxFT,124.99,lowest in-stock retailer price,124.99,124.99,3,3,USD,ok,http://web.archive.org/web/20250528205247/https://pcpartpicker.com/product/JkfxFT/corsair-vengeance-32-gb-2-x-16-gb-ddr5-6000-cl30-memory-cmk32gx5m2b6000c30
2025-06-01,ram,Corsair Vengeance 32GB (2x16GB) DDR5-6000 CL30 CMK32GX5M2B6000C30,JkfxFT,124.99,lowest in-stock retailer price,124.99,124.99,3,3,USD,ok,http://web.archive.org/web/20250601044134/https://pcpartpicker.com/product/JkfxFT/corsair-vengeance-32-gb-2-x-16-gb-ddr5-6000-cl30-memory-cmk32gx5m2b6000c30
2025-07-05,ram,Corsair Vengeance 32GB (2x16GB) DDR5-6000 CL30 CMK32GX5M2B6000C30,JkfxFT,129.99,lowest in-stock retailer price,129.99,129.99,3,3,USD,ok,http://web.archive.org/web/20250705214727/https://pcpartpicker.com/product/JkfxFT/corsair-vengeance-32-gb-2-x-16-gb-ddr5-6000-cl30-memory-cmk32gx5m2b6000c30
2025-08-20,ram,Corsair Vengeance 32GB (2x16GB) DDR5-6000 CL30 CMK32GX5M2B6000C30,JkfxFT,129.99,lowest in-stock retailer price,129.99,129.99,3,3,USD,ok,http://web.archive.org/web/20250820220548/https://pcpartpicker.com/product/JkfxFT
2025-12-20,ram,Corsair Vengeance 32GB (2x16GB) DDR5-6000 CL30 CMK32GX5M2B6000C30,JkfxFT,427.99,lowest in-stock retailer price,427.99,427.99,2,2,USD,ok,http://web.archive.org/web/20251220115628/https://pcpartpicker.com/product/JkfxFT/corsair-vengeance-32-gb-2-x-16-gb-ddr5-6000-cl30-memory-cmk32gx5m2b6000c30
2026-01-23,ram,Corsair Vengeance 32GB (2x16GB) DDR5-6000 CL30 CMK32GX5M2B6000C30,JkfxFT,539.99,lowest in-stock retailer price,539.99,542.99,3,3,USD,ok,http://web.archive.org/web/20260123015825/https://pcpartpicker.com/product/JkfxFT/corsair-vengeance-32-gb-2-x-16-gb-ddr5-6000-cl30-memory-cmk32gx5m2b6000c30
2026-02-08,ram,Corsair Vengeance 32GB (2x16GB) DDR5-6000 CL30 CMK32GX5M2B6000C30,JkfxFT,539.99,lowest in-stock retailer price,539.99,541.49,2,2,USD,ok,http://web.archive.org/web/20260208030637/https://pcpartpicker.com/product/JkfxFT/corsair-vengeance-32-gb-2-x-16-gb-ddr5-6000-cl30-memory-cmk32gx5m2b6000c30
2026-03-20,ram,Corsair Vengeance 32GB (2x16GB) DDR5-6000 CL30 CMK32GX5M2B6000C30,JkfxFT,539.99,lowest in-stock retailer price,539.99,541.49,2,2,USD,ok,http://web.archive.org/web/20260320215754/https://pcpartpicker.com/product/JkfxFT/corsair-vengeance-32-gb-2-x-16-gb-ddr5-6000-cl30-memory-cmk32gx5m2b6000c30
2026-04-14,ram,Corsair Vengeance 32GB (2x16GB) DDR5-6000 CL30 CMK32GX5M2B6000C30,JkfxFT,539.99,lowest in-stock retailer price,539.99,552.99,2,2,USD,ok,http://web.archive.org/web/20260414025246/https://pcpartpicker.com/product/JkfxFT/corsair-vengeance-32-gb-2-x-16-gb-ddr5-6000-cl30-memory-cmk32gx5m2b6000c30
2026-05-08,ram,Corsair Vengeance 32GB (2x16GB) DDR5-6000 CL30 CMK32GX5M2B6000C30,JkfxFT,439.99,lowest in-stock retailer price,439.99,542.99,3,3,USD,ok,http://web.archive.org/web/20260508033614/https://pcpartpicker.com/product/JkfxFT/corsair-vengeance-32-gb-2-x-16-gb-ddr5-6000-cl30-memory-cmk32gx5m2b6000c30
2026-06-20,ram,Corsair Vengeance 32GB (2x16GB) DDR5-6000 CL30 CMK32GX5M2B6000C30,JkfxFT,519.99,lowest in-stock retailer price,519.99,554.49,2,2,USD,ok,http://web.archive.org/web/20260620111055/https://pcpartpicker.com/product/JkfxFT/
2026-07-15,ram,Corsair Vengeance 32GB (2x16GB) DDR5-6000 CL30 CMK32GX5M2B6000C30,JkfxFT,579.99,lowest in-stock retailer price,579.99,584.49,2,2,USD,ok,http://web.archive.org/web/20260715113757/https://pcpartpicker.com/product/JkfxFT/
2026-08-11,ram,Corsair Vengeance 32GB (2x16GB) DDR5-6000 CL30 CMK32GX5M2B6000C30,JkfxFT,509.99,lowest in-stock retailer price,509.99,539.99,3,3,USD,ok,http://web.archive.org/web/20260811063110/https://pcpartpicker.com/product/JkfxFT/
2026-09-14,ram,Corsair Vengeance 32GB (2x16GB) DDR5-6000 CL30 CMK32GX5M2B6000C30,JkfxFT,539.99,lowest in-stock retailer price,539.99,582.99,2,2,USD,ok,http://web.archive.org/web/20260914003832/https://pcpartpicker.com/product/JkfxFT/corsair-vengeance-32-gb-2-x-16-gb-ddr5-6000-cl30-memory-cmk32gx5m2b6000c30
2022-12-20,ram,G.Skill Flare X5 32GB (2x16GB) DDR5-6000 CL30 F5-6000J3038F16GX2-FX5,LBstt6,,no in-stock listing,,,0,0,USD,ok,http://web.archive.org/web/20221220064150/https://pcpartpicker.com/product/LBstt6/
2023-01-05,ram,G.Skill Flare X5 32GB (2x16GB) DDR5-6000 CL30 F5-6000J3038F16GX2-FX5,LBstt6,,no in-stock listing,,,0,0,USD,ok,http://web.archive.org/web/20230105222059/https://pcpartpicker.com/product/LBstt6/gskill-flare-x5-32-gb-2-x-16-gb-ddr5-6000-cl30-memory-f5-6000j3038f16gx2-fx5
2023-06-27,ram,G.Skill Flare X5 32GB (2x16GB) DDR5-6000 CL30 F5-6000J3038F16GX2-FX5,LBstt6,108.99,lowest in-stock retailer price,108.99,109.49,2,1,USD,ok,http://web.archive.org/web/20230627191002/https://pcpartpicker.com/product/LBstt6/gskill-flare-x5-32-gb-2-x-16-gb-ddr5-6000-cl30-memory-f5-6000j3038f16gx2-fx5
2023-08-01,ram,G.Skill Flare X5 32GB (2x16GB) DDR5-6000 CL30 F5-6000J3038F16GX2-FX5,LBstt6,99.99,lowest in-stock retailer price,99.99,102.49,2,2,USD,ok,http://web.archive.org/web/20230801003016/https://pcpartpicker.com/product/LBstt6/gskill-flare-x5-32-gb-2-x-16-gb-ddr5-6000-cl30-memory-f5-6000j3038f16gx2-fx5
2023-09-29,ram,G.Skill Flare X5 32GB (2x16GB) DDR5-6000 CL30 F5-6000J3038F16GX2-FX5,LBstt6,96.99,lowest in-stock retailer price,96.99,98.49,2,2,USD,ok,http://web.archive.org/web/20230929135621/https://pcpartpicker.com/product/LBstt6/gskill-flare-x5-32-gb-2-x-16-gb-ddr5-6000-cl30-memory-f5-6000j3038f16gx2-fx5
2023-11-27,ram,G.Skill Flare X5 32GB (2x16GB) DDR5-6000 CL30 F5-6000J3038F16GX2-FX5,LBstt6,99.99,lowest in-stock retailer price,99.99,102.49,2,2,USD,ok,http://web.archive.org/web/20231127155711/https://pcpartpicker.com/product/LBstt6/gskill-flare-x5-32-gb-2-x-16-gb-ddr5-6000-cl30-memory-f5-6000j3038f16gx2-fx5
2023-12-19,ram,G.Skill Flare X5 32GB (2x16GB) DDR5-6000 CL30 F5-6000J3038F16GX2-FX5,LBstt6,104.99,lowest in-stock retailer price,104.99,104.99,2,2,USD,ok,http://web.archive.org/web/20231219132206/https://pcpartpicker.com/product/LBstt6/gskill-flare-x5-32-gb-2-x-16-gb-ddr5-6000-cl30-memory-f5-6000j3038f16gx2-fx5
2024-01-31,ram,G.Skill Flare X5 32GB (2x16GB) DDR5-6000 CL30 F5-6000J3038F16GX2-FX5,LBstt6,104.99,lowest in-stock retailer price,104.99,104.99,3,3,USD,ok,http://web.archive.org/web/20240131034450/https://pcpartpicker.com/product/LBstt6/gskill-flare-x5-32-gb-2-x-16-gb-ddr5-6000-cl30-memory-f5-6000j3038f16gx2-fx5
2024-02-15,ram,G.Skill Flare X5 32GB (2x16GB) DDR5-6000 CL30 F5-6000J3038F16GX2-FX5,LBstt6,106.99,lowest in-stock retailer price,106.99,108.49,2,2,USD,ok,http://web.archive.org/web/20240215202829/https://pcpartpicker.com/product/LBstt6/gskill-flare-x5-32-gb-2-x-16-gb-ddr5-6000-cl30-memory-f5-6000j3038f16gx2-fx5
2024-08-29,ram,G.Skill Flare X5 32GB (2x16GB) DDR5-6000 CL30 F5-6000J3038F16GX2-FX5,LBstt6,104.99,lowest in-stock retailer price,104.99,104.99,2,2,USD,ok,http://web.archive.org/web/20240829034941/https://pcpartpicker.com/product/LBstt6/gskill-flare-x5-32-gb-2-x-16-gb-ddr5-6000-cl30-memory-f5-6000j3038f16gx2-fx5
2024-09-20,ram,G.Skill Flare X5 32GB (2x16GB) DDR5-6000 CL30 F5-6000J3038F16GX2-FX5,LBstt6,99.99,lowest in-stock retailer price,99.99,99.99,2,2,USD,ok,http://web.archive.org/web/20240920010414/https://pcpartpicker.com/product/LBstt6/gskill-flare-x5-32-gb-2-x-16-gb-ddr5-6000-cl30-memory-f5-6000j3038f16gx2-fx5
2024-10-02,ram,G.Skill Flare X5 32GB (2x16GB) DDR5-6000 CL30 F5-6000J3038F16GX2-FX5,LBstt6,96.99,lowest in-stock retailer price,96.99,99.99,3,3,USD,ok,http://web.archive.org/web/20241002160108/https://pcpartpicker.com/product/LBstt6/gskill-flare-x5-32-gb-2-x-16-gb-ddr5-6000-cl30-memory-f5-6000j3038f16gx2-fx5
2024-11-15,ram,G.Skill Flare X5 32GB (2x16GB) DDR5-6000 CL30 F5-6000J3038F16GX2-FX5,LBstt6,99.99,lowest in-stock retailer price,99.99,99.99,3,3,USD,ok,http://web.archive.org/web/20241115042356/https://pcpartpicker.com/product/LBstt6/gskill-flare-x5-32-gb-2-x-16-gb-ddr5-6000-cl30-memory-f5-6000j3038f16gx2-fx5
2024-12-25,ram,G.Skill Flare X5 32GB (2x16GB) DDR5-6000 CL30 F5-6000J3038F16GX2-FX5,LBstt6,95.99,lowest in-stock retailer price,95.99,99.99,3,3,USD,ok,http://web.archive.org/web/20241225035109/https://pcpartpicker.com/product/LBstt6/gskill-flare-x5-32-gb-2-x-16-gb-ddr5-6000-cl30-memory-f5-6000j3038f16gx2-fx5
2025-01-14,ram,G.Skill Flare X5 32GB (2x16GB) DDR5-6000 CL30 F5-6000J3038F16GX2-FX5,LBstt6,96.99,lowest in-stock retailer price,96.99,98.49,2,2,USD,ok,http://web.archive.org/web/20250114233005/https://pcpartpicker.com/product/LBstt6/gskill-flare-x5-32-gb-2-x-16-gb-ddr5-6000-cl30-memory-f5-6000j3038f16gx2-fx5
2025-02-28,ram,G.Skill Flare X5 32GB (2x16GB) DDR5-6000 CL30 F5-6000J3038F16GX2-FX5,LBstt6,99.99,lowest in-stock retailer price,99.99,99.99,2,2,USD,ok,http://web.archive.org/web/20250228102526/https://pcpartpicker.com/product/LBstt6/gskill-flare-x5-32-gb-2-x-16-gb-ddr5-6000-cl30-memory-f5-6000j3038f16gx2-fx5
2025-03-20,ram,G.Skill Flare X5 32GB (2x16GB) DDR5-6000 CL30 F5-6000J3038F16GX2-FX5,LBstt6,99.94,lowest in-stock retailer price,99.94,99.965,2,2,USD,ok,http://web.archive.org/web/20250320043118/https://pcpartpicker.com/product/LBstt6/gskill-flare-x5-32-gb-2-x-16-gb-ddr5-6000-cl30-memory-f5-6000j3038f16gx2-fx5
2025-06-07,ram,G.Skill Flare X5 32GB (2x16GB) DDR5-6000 CL30 F5-6000J3038F16GX2-FX5,LBstt6,99.99,lowest in-stock retailer price,99.99,104.99,2,2,USD,ok,http://web.archive.org/web/20250607093011/https://pcpartpicker.com/product/LBstt6/gskill-flare-x5-32-gb-2-x-16-gb-ddr5-6000-cl30-memory-f5-6000j3038f16gx2-fx5
2025-07-16,ram,G.Skill Flare X5 32GB (2x16GB) DDR5-6000 CL30 F5-6000J3038F16GX2-FX5,LBstt6,104.99,lowest in-stock retailer price,104.99,104.99,2,2,USD,ok,http://web.archive.org/web/20250716065127/https://pcpartpicker.com/product/LBstt6/gskill-flare-x5-32-gb-2-x-16-gb-ddr5-6000-cl30-memory-f5-6000j3038f16gx2-fx5
2025-11-13,ram,G.Skill Flare X5 32GB (2x16GB) DDR5-6000 CL30 F5-6000J3038F16GX2-FX5,LBstt6,259.99,lowest in-stock retailer price,259.99,269.99,2,2,USD,ok,http://web.archive.org/web/20251113071117/https://pcpartpicker.com/product/LBstt6/gskill-flare-x5-32-gb-2-x-16-gb-ddr5-6000-cl30-memory-f5-6000j3038f16gx2-fx5
2025-12-22,ram,G.Skill Flare X5 32GB (2x16GB) DDR5-6000 CL30 F5-6000J3038F16GX2-FX5,LBstt6,419.99,lowest in-stock retailer price,419.99,424.99,2,2,USD,ok,http://web.archive.org/web/20251222011233/https://pcpartpicker.com/product/LBstt6/gskill-flare-x5-32-gb-2-x-16-gb-ddr5-6000-cl30-memory-f5-6000j3038f16gx2-fx5
2026-01-22,ram,G.Skill Flare X5 32GB (2x16GB) DDR5-6000 CL30 F5-6000J3038F16GX2-FX5,LBstt6,479.99,lowest in-stock retailer price,479.99,482.49,2,2,USD,ok,http://web.archive.org/web/20260122192024/https://pcpartpicker.com/product/LBstt6/gskill-flare-x5-32-gb-2-x-16-gb-ddr5-6000-cl30-memory-f5-6000j3038f16gx2-fx5
2026-02-11,ram,G.Skill Flare X5 32GB (2x16GB) DDR5-6000 CL30 F5-6000J3038F16GX2-FX5,LBstt6,479.99,lowest in-stock retailer price,479.99,482.49,2,2,USD,ok,http://web.archive.org/web/20260211030816/https://pcpartpicker.com/product/LBstt6/gskill-flare-x5-32-gb-2-x-16-gb-ddr5-6000-cl30-memory-f5-6000j3038f16gx2-fx5
2026-03-01,ram,G.Skill Flare X5 32GB (2x16GB) DDR5-6000 CL30 F5-6000J3038F16GX2-FX5,LBstt6,509.99,lowest in-stock retailer price,399.99,509.99,3,2,USD,ok,http://web.archive.org/web/20260301161052/https://pcpartpicker.com/product/LBstt6/
2026-04-10,ram,G.Skill Flare X5 32GB (2x16GB) DDR5-6000 CL30 F5-6000J3038F16GX2-FX5,LBstt6,509.99,lowest in-stock retailer price,509.99,576.5350000000001,2,2,USD,ok,http://web.archive.org/web/20260410161530/https://pcpartpicker.com/product/LBstt6/gskill-flare-x5-32-gb-2-x-16-gb-ddr5-6000-cl30-memory-f5-6000j3038f16gx2-fx5
2026-05-05,ram,G.Skill Flare X5 32GB (2x16GB) DDR5-6000 CL30 F5-6000J3038F16GX2-FX5,LBstt6,509.99,lowest in-stock retailer price,509.99,509.99,1,1,USD,ok,http://web.archive.org/web/20260505053128/https://pcpartpicker.com/product/LBstt6/gskill-flare-x5-32-gb-2-x-16-gb-ddr5-6000-cl30-memory-f5-6000j3038f16gx2-fx5
2026-06-20,ram,G.Skill Flare X5 32GB (2x16GB) DDR5-6000 CL30 F5-6000J3038F16GX2-FX5,LBstt6,499.0,lowest in-stock retailer price,499.0,599.99,3,3,USD,ok,http://web.archive.org/web/20260620121511/https://pcpartpicker.com/product/LBstt6/
2026-07-10,ram,G.Skill Flare X5 32GB (2x16GB) DDR5-6000 CL30 F5-6000J3038F16GX2-FX5,LBstt6,569.99,lowest in-stock retailer price,569.99,599.99,3,3,USD,ok,http://web.archive.org/web/20260710062110/https://pcpartpicker.com/product/LBstt6/gskill-flare-x5-32-gb-2-x-16-gb-ddr5-6000-cl30-memory-f5-6000j3038f16gx2-fx5
2026-08-09,ram,G.Skill Flare X5 32GB (2x16GB) DDR5-6000 CL30 F5-6000J3038F16GX2-FX5,LBstt6,599.99,lowest in-stock retailer price,599.99,599.99,2,1,USD,ok,http://web.archive.org/web/20260809062653/https://pcpartpicker.com/product/LBstt6/gskill-flare-x5-32-gb-2-x-16-gb-ddr5-6000-cl30-memory-f5-6000j3038f16gx2-fx5
2023-05-12,gpu,MSI Ventus 2X OC GeForce RTX 4070 12GB,NHzXsY,,no in-stock listing,,,0,0,USD,ok,http://web.archive.org/web/20230512072757/https://pcpartpicker.com/product/NHzXsY/msi-ventus-2x-oc-geforce-rtx-4070-12-gb-video-card-rtx-4070-ventus-2x-12g-oc
2023-12-09,gpu,MSI Ventus 2X OC GeForce RTX 4070 12GB,NHzXsY,559.99,lowest in-stock retailer price,559.99,559.99,1,1,USD,ok,http://web.archive.org/web/20231209223954/https://pcpartpicker.com/product/NHzXsY/msi-ventus-2x-oc-geforce-rtx-4070-12-gb-video-card-rtx-4070-ventus-2x-12g-oc
2024-09-06,gpu,MSI Ventus 2X OC GeForce RTX 4070 12GB,NHzXsY,519.99,lowest in-stock retailer price,519.99,554.99,4,3,USD,ok,http://web.archive.org/web/20240906181524/https://pcpartpicker.com/product/NHzXsY/msi-ventus-2x-oc-geforce-rtx-4070-12-gb-video-card-rtx-4070-ventus-2x-12g-oc
2024-10-03,gpu,MSI Ventus 2X OC GeForce RTX 4070 12GB,NHzXsY,544.89,lowest in-stock retailer price,529.99,557.44,4,3,USD,ok,http://web.archive.org/web/20241003073756/https://pcpartpicker.com/product/NHzXsY/msi-ventus-2x-oc-geforce-rtx-4070-12-gb-video-card-rtx-4070-ventus-2x-12g-oc
2024-11-17,gpu,MSI Ventus 2X OC GeForce RTX 4070 12GB,NHzXsY,519.97,lowest in-stock retailer price,519.97,549.99,5,4,USD,ok,http://web.archive.org/web/20241117165837/https://pcpartpicker.com/product/NHzXsY/msi-ventus-2x-oc-geforce-rtx-4070-12-gb-video-card-rtx-4070-ventus-2x-12g-oc
2024-12-16,gpu,MSI Ventus 2X OC GeForce RTX 4070 12GB,NHzXsY,509.99,lowest in-stock retailer price,509.99,529.99,5,3,USD,ok,http://web.archive.org/web/20241216004933/https://pcpartpicker.com/product/NHzXsY/msi-ventus-2x-oc-geforce-rtx-4070-12-gb-video-card-rtx-4070-ventus-2x-12g-oc
2025-01-26,gpu,MSI Ventus 2X OC GeForce RTX 4070 12GB,NHzXsY,549.99,lowest in-stock retailer price,549.99,569.99,5,3,USD,ok,http://web.archive.org/web/20250126131244/https://pcpartpicker.com/product/NHzXsY/msi-ventus-2x-oc-geforce-rtx-4070-12-gb-video-card-rtx-4070-ventus-2x-12g-oc
2025-02-23,gpu,MSI Ventus 2X OC GeForce RTX 4070 12GB,NHzXsY,949.99,lowest in-stock retailer price,569.99,759.99,2,1,USD,ok,http://web.archive.org/web/20250223211034/https://pcpartpicker.com/product/NHzXsY/msi-ventus-2x-oc-geforce-rtx-4070-12-gb-video-card-rtx-4070-ventus-2x-12g-oc
2025-03-09,gpu,MSI Ventus 2X OC GeForce RTX 4070 12GB,NHzXsY,899.99,lowest in-stock retailer price,569.99,734.99,2,1,USD,ok,http://web.archive.org/web/20250309195403/https://pcpartpicker.com/product/NHzXsY/msi-ventus-2x-oc-geforce-rtx-4070-12-gb-video-card-rtx-4070-ventus-2x-12g-oc
2025-04-17,gpu,MSI Ventus 2X OC GeForce RTX 4070 12GB,NHzXsY,834.99,lowest in-stock retailer price,549.99,569.99,3,1,USD,ok,http://web.archive.org/web/20250417083147/https://pcpartpicker.com/product/NHzXsY/msi-ventus-2x-oc-geforce-rtx-4070-12-gb-video-card-rtx-4070-ventus-2x-12g-oc
2025-07-26,gpu,MSI Ventus 2X OC GeForce RTX 4070 12GB,NHzXsY,899.0,lowest in-stock retailer price,899.0,899.0,1,1,USD,ok,http://web.archive.org/web/20250726013319/https://pcpartpicker.com/product/NHzXsY/msi-ventus-2x-oc-geforce-rtx-4070-12-gb-video-card-rtx-4070-ventus-2x-12g-oc
2025-11-21,gpu,MSI Ventus 2X OC GeForce RTX 4070 12GB,NHzXsY,809.99,lowest in-stock retailer price,809.99,809.99,1,1,USD,ok,http://web.archive.org/web/20251121174055/https://pcpartpicker.com/product/NHzXsY/msi-ventus-2x-oc-geforce-rtx-4070-12-gb-video-card-rtx-4070-ventus-2x-12g-oc
2026-06-20,gpu,MSI Ventus 2X OC GeForce RTX 4070 12GB,NHzXsY,,no in-stock listing,549.99,549.99,1,0,USD,ok,http://web.archive.org/web/20260620120440/https://pcpartpicker.com/product/NHzXsY/msi-ventus-2x-oc-geforce-rtx-4070-12-gb-video-card-rtx-4070-ventus-2x-12g-oc
2026-07-23,gpu,MSI Ventus 2X OC GeForce RTX 4070 12GB,NHzXsY,,no in-stock listing,549.99,549.99,1,0,USD,ok,http://web.archive.org/web/20260723225521/https://pcpartpicker.com/product/NHzXsY/
2025-03-23,gpu,Gigabyte Windforce OC SFF GeForce RTX 5070 12GB,PxG2FT,889.99,lowest in-stock retailer price,609.99,619.99,3,1,USD,ok,http://web.archive.org/web/20250323222903/https://pcpartpicker.com/product/PxG2FT/gigabyte-windforce-oc-sff-geforce-rtx-5070-12-gb-video-card-gv-n5070wf3oc-12gd
2025-04-27,gpu,Gigabyte Windforce OC SFF GeForce RTX 5070 12GB,PxG2FT,619.98,lowest in-stock retailer price,619.98,619.99,3,2,USD,ok,http://web.archive.org/web/20250427125428/https://pcpartpicker.com/product/PxG2FT/gigabyte-windforce-oc-sff-geforce-rtx-5070-12-gb-video-card-gv-n5070wf3oc-12gd
2025-05-13,gpu,Gigabyte Windforce OC SFF GeForce RTX 5070 12GB,PxG2FT,619.98,lowest in-stock retailer price,619.98,619.99,3,2,USD,ok,http://web.archive.org/web/20250513143335/https://pcpartpicker.com/product/PxG2FT/gigabyte-windforce-oc-sff-geforce-rtx-5070-12-gb-video-card-gv-n5070wf3oc-12gd
2025-06-10,gpu,Gigabyte Windforce OC SFF GeForce RTX 5070 12GB,PxG2FT,609.99,lowest in-stock retailer price,609.99,609.99,5,5,USD,ok,http://web.archive.org/web/20250610082440/https://pcpartpicker.com/product/PxG2FT/gigabyte-windforce-oc-sff-geforce-rtx-5070-12-gb-video-card-gv-n5070wf3oc-12gd
2025-07-11,gpu,Gigabyte Windforce OC SFF GeForce RTX 5070 12GB,PxG2FT,549.99,lowest in-stock retailer price,549.99,609.99,5,5,USD,ok,http://web.archive.org/web/20250711005127/https://pcpartpicker.com/product/PxG2FT/gigabyte-windforce-oc-sff-geforce-rtx-5070-12-gb-video-card-gv-n5070wf3oc-12gd
2025-08-10,gpu,Gigabyte Windforce OC SFF GeForce RTX 5070 12GB,PxG2FT,599.99,lowest in-stock retailer price,599.99,599.99,5,5,USD,ok,http://web.archive.org/web/20250810213553/https://pcpartpicker.com/product/PxG2FT/gigabyte-windforce-oc-sff-geforce-rtx-5070-12-gb-video-card-gv-n5070wf3oc-12gd
2025-09-18,gpu,Gigabyte Windforce OC SFF GeForce RTX 5070 12GB,PxG2FT,559.99,lowest in-stock retailer price,559.99,559.99,5,5,USD,ok,http://web.archive.org/web/20250918213817/https://pcpartpicker.com/product/PxG2FT/gigabyte-windforce-oc-sff-geforce-rtx-5070-12-gb-video-card-gv-n5070wf3oc-12gd
2025-11-21,gpu,Gigabyte Windforce OC SFF GeForce RTX 5070 12GB,PxG2FT,499.99,lowest in-stock retailer price,499.99,549.99,5,5,USD,ok,http://web.archive.org/web/20251121083822/https://pcpartpicker.com/product/PxG2FT/gigabyte-windforce-oc-sff-geforce-rtx-5070-12-gb-video-card-gv-n5070wf3oc-12gd
2026-01-31,gpu,Gigabyte Windforce OC SFF GeForce RTX 5070 12GB,PxG2FT,649.95,lowest in-stock retailer price,649.95,649.99,5,5,USD,ok,http://web.archive.org/web/20260131131530/https://pcpartpicker.com/product/PxG2FT/gigabyte-windforce-oc-sff-geforce-rtx-5070-12-gb-video-card-gv-n5070wf3oc-12gd
2026-03-18,gpu,Gigabyte Windforce OC SFF GeForce RTX 5070 12GB,PxG2FT,649.99,lowest in-stock retailer price,649.95,649.99,5,4,USD,ok,http://web.archive.org/web/20260318003105/https://pcpartpicker.com/product/PxG2FT/gigabyte-windforce-oc-sff-geforce-rtx-5070-12-gb-video-card-gv-n5070wf3oc-12gd
2026-05-18,gpu,Gigabyte Windforce OC SFF GeForce RTX 5070 12GB,PxG2FT,649.99,lowest in-stock retailer price,649.95,649.99,5,4,USD,ok,http://web.archive.org/web/20260518065244/https://pcpartpicker.com/product/PxG2FT/gigabyte-windforce-oc-sff-geforce-rtx-5070-12-gb-video-card-gv-n5070wf3oc-12gd
2026-06-06,gpu,Gigabyte Windforce OC SFF GeForce RTX 5070 12GB,PxG2FT,649.99,lowest in-stock retailer price,649.95,649.99,5,4,USD,ok,http://web.archive.org/web/20260606131812/https://pcpartpicker.com/product/PxG2FT/gigabyte-windforce-oc-sff-geforce-rtx-5070-12-gb-video-card-gv-n5070wf3oc-12gd
2026-07-08,gpu,Gigabyte Windforce OC SFF GeForce RTX 5070 12GB,PxG2FT,635.99,lowest in-stock retailer price,635.99,635.99,4,4,USD,ok,http://web.archive.org/web/20260708130921/https://pcpartpicker.com/product/PxG2FT/gigabyte-windforce-oc-sff-geforce-rtx-5070-12-gb-video-card-gv-n5070wf3oc-12gd
2026-08-12,gpu,Gigabyte Windforce OC SFF GeForce RTX 5070 12GB,PxG2FT,799.99,lowest in-stock retailer price,799.99,799.99,3,3,USD,ok,http://web.archive.org/web/20260812025909/https://pcpartpicker.com/product/PxG2FT/gigabyte-windforce-oc-sff-geforce-rtx-5070-12-gb-video-card-gv-n5070wf3oc-12gd
2026-10-01,gpu,Gigabyte Windforce OC SFF GeForce RTX 5070 12GB,PxG2FT,925.95,lowest in-stock retailer price,799.99,925.95,3,2,USD,ok,http://web.archive.org/web/20261001001702/https://pcpartpicker.com/product/PxG2FT/gigabyte-windforce-oc-sff-geforce-rtx-5070-12-gb-video-card-gv-n5070wf3oc-12gd
2019-10-18,ram,Corsair Vengeance LPX 32GB (2x16GB) DDR4-3200 CL16 CMK32GX4M2E3200C16,W6ndnQ,157.99,lowest in-stock retailer price,157.99,161.05,3,3,USD,ok,http://web.archive.org/web/20191018055239/https://pcpartpicker.com/product/W6ndnQ/corsair-vengeance-lpx-32-gb-2-x-16-gb-ddr4-3200-memory-cmk32gx4m2e3200c16
2021-08-26,ram,Corsair Vengeance LPX 32GB (2x16GB) DDR4-3200 CL16 CMK32GX4M2E3200C16,W6ndnQ,144.99,lowest in-stock retailer price,144.99,154.99,5,4,USD,ok,http://web.archive.org/web/20210826081518/https://pcpartpicker.com/product/W6ndnQ/corsair-vengeance-lpx-32-gb-2-x-16-gb-ddr4-3200-memory-cmk32gx4m2e3200c16
2021-10-06,ram,Corsair Vengeance LPX 32GB (2x16GB) DDR4-3200 CL16 CMK32GX4M2E3200C16,W6ndnQ,134.99,lowest in-stock retailer price,134.99,134.99,5,4,USD,ok,http://web.archive.org/web/20211006101809/https://pcpartpicker.com/product/W6ndnQ/corsair-vengeance-lpx-32-gb-2-x-16-gb-ddr4-3200-memory-cmk32gx4m2e3200c16
2022-06-05,ram,Corsair Vengeance LPX 32GB (2x16GB) DDR4-3200 CL16 CMK32GX4M2E3200C16,W6ndnQ,119.99,lowest in-stock retailer price,119.99,124.99,5,4,USD,ok,http://web.archive.org/web/20220605185914/https://pcpartpicker.com/product/W6ndnQ/corsair-vengeance-lpx-32-gb-2-x-16-gb-ddr4-3200-memory-cmk32gx4m2e3200c16
2022-10-31,ram,Corsair Vengeance LPX 32GB (2x16GB) DDR4-3200 CL16 CMK32GX4M2E3200C16,W6ndnQ,89.99,lowest in-stock retailer price,89.99,93.99,4,4,USD,ok,http://web.archive.org/web/20221031180252/https://pcpartpicker.com/product/W6ndnQ/
2022-11-16,ram,Corsair Vengeance LPX 32GB (2x16GB) DDR4-3200 CL16 CMK32GX4M2E3200C16,W6ndnQ,97.99,lowest in-stock retailer price,97.99,98.99,4,4,USD,ok,http://web.archive.org/web/20221116085403/https://pcpartpicker.com/product/W6ndnQ/corsair-vengeance-lpx-32-gb-2-x-16-gb-ddr4-3200-memory-cmk32gx4m2e3200c16
2023-03-15,ram,Corsair Vengeance LPX 32GB (2x16GB) DDR4-3200 CL16 CMK32GX4M2E3200C16,W6ndnQ,74.98,lowest in-stock retailer price,74.98,74.99,4,4,USD,ok,http://web.archive.org/web/20230315042107/https://pcpartpicker.com/product/W6ndnQ/corsair-vengeance-lpx-32-gb-2-x-16-gb-ddr4-3200-memory-cmk32gx4m2e3200c16
2023-11-20,ram,Corsair Vengeance LPX 32GB (2x16GB) DDR4-3200 CL16 CMK32GX4M2E3200C16,W6ndnQ,67.98,lowest in-stock retailer price,67.98,67.99,4,4,USD,ok,http://web.archive.org/web/20231120140854/https://pcpartpicker.com/product/W6ndnQ/corsair-vengeance-lpx-32-gb-2-x-16-gb-ddr4-3200-memory-cmk32gx4m2e3200c16
2023-12-25,ram,Corsair Vengeance LPX 32GB (2x16GB) DDR4-3200 CL16 CMK32GX4M2E3200C16,W6ndnQ,67.99,lowest in-stock retailer price,67.99,69.985,4,4,USD,ok,http://web.archive.org/web/20231225165450/https://pcpartpicker.com/product/W6ndnQ/corsair-vengeance-lpx-32-gb-2-x-16-gb-ddr4-3200-memory-cmk32gx4m2e3200c16
2024-01-22,ram,Corsair Vengeance LPX 32GB (2x16GB) DDR4-3200 CL16 CMK32GX4M2E3200C16,W6ndnQ,67.98,lowest in-stock retailer price,67.98,78.99,4,4,USD,ok,http://web.archive.org/web/20240122113301/https://pcpartpicker.com/product/W6ndnQ/corsair-vengeance-lpx-32-gb-2-x-16-gb-ddr4-3200-memory-cmk32gx4m2e3200c16
2024-03-30,ram,Corsair Vengeance LPX 32GB (2x16GB) DDR4-3200 CL16 CMK32GX4M2E3200C16,W6ndnQ,74.98,lowest in-stock retailer price,74.98,74.99,4,4,USD,ok,http://web.archive.org/web/20240330034825/https://pcpartpicker.com/product/W6ndnQ/corsair-vengeance-lpx-32-gb-2-x-16-gb-ddr4-3200-memory-cmk32gx4m2e3200c16?history_days=365
2024-08-22,ram,Corsair Vengeance LPX 32GB (2x16GB) DDR4-3200 CL16 CMK32GX4M2E3200C16,W6ndnQ,55.99,lowest in-stock retailer price,55.99,57.99,5,5,USD,ok,http://web.archive.org/web/20240822225549/https://pcpartpicker.com/product/W6ndnQ/corsair-vengeance-lpx-32-gb-2-x-16-gb-ddr4-3200-memory-cmk32gx4m2e3200c16
2024-09-28,ram,Corsair Vengeance LPX 32GB (2x16GB) DDR4-3200 CL16 CMK32GX4M2E3200C16,W6ndnQ,54.99,lowest in-stock retailer price,54.99,54.99,5,5,USD,ok,http://web.archive.org/web/20240928173417/https://pcpartpicker.com/product/W6ndnQ/corsair-vengeance-lpx-32-gb-2-x-16-gb-ddr4-3200-memory-cmk32gx4m2e3200c16
2024-10-08,ram,Corsair Vengeance LPX 32GB (2x16GB) DDR4-3200 CL16 CMK32GX4M2E3200C16,W6ndnQ,53.99,lowest in-stock retailer price,53.99,53.99,5,4,USD,ok,http://web.archive.org/web/20241008230545/https://pcpartpicker.com/product/W6ndnQ/corsair-vengeance-lpx-32-gb-2-x-16-gb-ddr4-3200-memory-cmk32gx4m2e3200c16
2024-11-15,ram,Corsair Vengeance LPX 32GB (2x16GB) DDR4-3200 CL16 CMK32GX4M2E3200C16,W6ndnQ,51.95,lowest in-stock retailer price,51.95,51.99,5,5,USD,ok,http://web.archive.org/web/20241115111654/https://pcpartpicker.com/product/W6ndnQ/corsair-vengeance-lpx-32-gb-2-x-16-gb-ddr4-3200-memory-cmk32gx4m2e3200c16
2024-12-17,ram,Corsair Vengeance LPX 32GB (2x16GB) DDR4-3200 CL16 CMK32GX4M2E3200C16,W6ndnQ,50.0,lowest in-stock retailer price,50.0,51.99,5,5,USD,ok,http://web.archive.org/web/20241217035402/https://pcpartpicker.com/product/W6ndnQ/corsair-vengeance-lpx-32-gb-2-x-16-gb-ddr4-3200-memory-cmk32gx4m2e3200c16
2025-01-24,ram,Corsair Vengeance LPX 32GB (2x16GB) DDR4-3200 CL16 CMK32GX4M2E3200C16,W6ndnQ,50.99,lowest in-stock retailer price,50.99,50.99,5,5,USD,ok,http://web.archive.org/web/20250124114255/https://pcpartpicker.com/product/W6ndnQ/corsair-vengeance-lpx-32-gb-2-x-16-gb-ddr4-3200-memory-cmk32gx4m2e3200c16
2025-03-21,ram,Corsair Vengeance LPX 32GB (2x16GB) DDR4-3200 CL16 CMK32GX4M2E3200C16,W6ndnQ,48.99,lowest in-stock retailer price,48.99,48.99,5,5,USD,ok,http://web.archive.org/web/20250321111156/https://pcpartpicker.com/product/W6ndnQ/corsair-vengeance-lpx-32-gb-2-x-16-gb-ddr4-3200-memory-cmk32gx4m2e3200c16
2025-06-28,ram,Corsair Vengeance LPX 32GB (2x16GB) DDR4-3200 CL16 CMK32GX4M2E3200C16,W6ndnQ,74.98,lowest in-stock retailer price,74.98,77.99,5,5,USD,ok,http://web.archive.org/web/20250628083424/https://pcpartpicker.com/product/W6ndnQ/corsair-vengeance-lpx-32-gb-2-x-16-gb-ddr4-3200-memory-cmk32gx4m2e3200c16
2025-07-15,ram,Corsair Vengeance LPX 32GB (2x16GB) DDR4-3200 CL16 CMK32GX4M2E3200C16,W6ndnQ,67.98,lowest in-stock retailer price,67.98,72.985,4,4,USD,ok,http://web.archive.org/web/20250715214617/https://pcpartpicker.com/product/W6ndnQ/corsair-vengeance-lpx-32-gb-2-x-16-gb-ddr4-3200-memory-cmk32gx4m2e3200c16
2025-08-18,ram,Corsair Vengeance LPX 32GB (2x16GB) DDR4-3200 CL16 CMK32GX4M2E3200C16,W6ndnQ,78.98,lowest in-stock retailer price,78.98,84.99,4,3,USD,ok,http://web.archive.org/web/20250818151947/https://pcpartpicker.com/product/W6ndnQ/corsair-vengeance-lpx-32-gb-2-x-16-gb-ddr4-3200-memory-cmk32gx4m2e3200c16
2025-09-27,ram,Corsair Vengeance LPX 32GB (2x16GB) DDR4-3200 CL16 CMK32GX4M2E3200C16,W6ndnQ,82.99,lowest in-stock retailer price,82.99,122.49,4,4,USD,ok,http://web.archive.org/web/20250927232416/https://pcpartpicker.com/product/W6ndnQ/corsair-vengeance-lpx-32-gb-2-x-16-gb-ddr4-3200-memory-cmk32gx4m2e3200c16
2025-11-14,ram,Corsair Vengeance LPX 32GB (2x16GB) DDR4-3200 CL16 CMK32GX4M2E3200C16,W6ndnQ,149.99,lowest in-stock retailer price,149.99,150.99,4,4,USD,ok,http://web.archive.org/web/20251114035032/https://pcpartpicker.com/product/W6ndnQ/corsair-vengeance-lpx-32-gb-2-x-16-gb-ddr4-3200-memory-cmk32gx4m2e3200c16
2025-12-15,ram,Corsair Vengeance LPX 32GB (2x16GB) DDR4-3200 CL16 CMK32GX4M2E3200C16,W6ndnQ,170.99,lowest in-stock retailer price,170.99,170.99,3,2,USD,ok,http://web.archive.org/web/20251215031124/https://pcpartpicker.com/product/W6ndnQ/corsair-vengeance-lpx-32-gb-2-x-16-gb-ddr4-3200-memory-cmk32gx4m2e3200c16
2026-01-10,ram,Corsair Vengeance LPX 32GB (2x16GB) DDR4-3200 CL16 CMK32GX4M2E3200C16,W6ndnQ,179.99,lowest in-stock retailer price,179.99,188.49,4,4,USD,ok,http://web.archive.org/web/20260110183150/https://pcpartpicker.com/product/W6ndnQ/corsair-vengeance-lpx-32-gb-2-x-16-gb-ddr4-3200-memory-cmk32gx4m2e3200c16?history_days=180
2026-02-22,ram,Corsair Vengeance LPX 32GB (2x16GB) DDR4-3200 CL16 CMK32GX4M2E3200C16,W6ndnQ,229.95,lowest in-stock retailer price,229.95,257.99,4,4,USD,ok,http://web.archive.org/web/20260222102624/https://pcpartpicker.com/product/W6ndnQ/corsair-vengeance-lpx-32-gb-2-x-16-gb-ddr4-3200-memory-cmk32gx4m2e3200c16
2026-03-05,ram,Corsair Vengeance LPX 32GB (2x16GB) DDR4-3200 CL16 CMK32GX4M2E3200C16,W6ndnQ,242.99,lowest in-stock retailer price,242.99,252.99,4,4,USD,ok,http://web.archive.org/web/20260305054615/https://pcpartpicker.com/product/W6ndnQ/corsair-vengeance-lpx-32-gb-2-x-16-gb-ddr4-3200-memory-cmk32gx4m2e3200c16
2026-04-24,ram,Corsair Vengeance LPX 32GB (2x16GB) DDR4-3200 CL16 CMK32GX4M2E3200C16,W6ndnQ,219.99,lowest in-stock retailer price,199.99,231.49,4,3,USD,ok,http://web.archive.org/web/20260424135800/https://pcpartpicker.com/product/W6ndnQ/corsair-vengeance-lpx-32-gb-2-x-16-gb-ddr4-3200-memory-cmk32gx4m2e3200c16
2026-05-30,ram,Corsair Vengeance LPX 32GB (2x16GB) DDR4-3200 CL16 CMK32GX4M2E3200C16,W6ndnQ,229.27,lowest in-stock retailer price,229.27,242.99,5,5,USD,ok,http://web.archive.org/web/20260530160816/https://pcpartpicker.com/product/W6ndnQ/corsair-vengeance-lpx-32-gb-2-x-16-gb-ddr4-3200-memory-cmk32gx4m2e3200c16
2026-07-01,ram,Corsair Vengeance LPX 32GB (2x16GB) DDR4-3200 CL16 CMK32GX4M2E3200C16,W6ndnQ,229.99,lowest in-stock retailer price,229.99,229.99,5,5,USD,ok,http://web.archive.org/web/20260701022140/https://pcpartpicker.com/product/W6ndnQ/corsair-vengeance-lpx-32-gb-2-x-16-gb-ddr4-3200-memory-cmk32gx4m2e3200c16
2026-08-09,ram,Corsair Vengeance LPX 32GB (2x16GB) DDR4-3200 CL16 CMK32GX4M2E3200C16,W6ndnQ,224.0,lowest in-stock retailer price,224.0,249.99,5,5,USD,ok,http://web.archive.org/web/20260809110009/https://pcpartpicker.com/product/W6ndnQ/
2019-07-18,ssd,Samsung 970 Evo Plus 1TB NVMe PCIe 3.0 MZ-V7S1T0B,Zxw7YJ,217.89,lowest in-stock retailer price,217.89,219.99,8,5,USD,ok,http://web.archive.org/web/20190718144023/https://pcpartpicker.com/product/Zxw7YJ/samsung-970-evo-plus-1-tb-m2-2280-solid-state-drive-mz-v7s1t0bw
2019-08-12,ssd,Samsung 970 Evo Plus 1TB NVMe PCIe 3.0 MZ-V7S1T0B,Zxw7YJ,227.85,lowest in-stock retailer price,227.85,229.99,9,5,USD,ok,http://web.archive.org/web/20190812004212/https://pcpartpicker.com/product/Zxw7YJ/samsung-970-evo-plus-1-tb-m2-2280-solid-state-drive-mz-v7s1t0bw
2020-03-14,ssd,Samsung 970 Evo Plus 1TB NVMe PCIe 3.0 MZ-V7S1T0B,Zxw7YJ,199.99,lowest in-stock retailer price,199.99,219.99,5,3,USD,ok,http://web.archive.org/web/20200314002324/https://pcpartpicker.com/product/Zxw7YJ/samsung-970-evo-plus-1-tb-m2-2280-solid-state-drive-mz-v7s1t0bw
2020-05-05,ssd,Samsung 970 Evo Plus 1TB NVMe PCIe 3.0 MZ-V7S1T0B,Zxw7YJ,229.99,lowest in-stock retailer price,229.99,229.99,8,5,USD,ok,http://web.archive.org/web/20200505092604/https://pcpartpicker.com/product/Zxw7YJ/samsung-970-evo-plus-1-tb-m2-2280-solid-state-drive-mz-v7s1t0bw
2020-09-13,ssd,Samsung 970 Evo Plus 1TB NVMe PCIe 3.0 MZ-V7S1T0B,Zxw7YJ,179.99,lowest in-stock retailer price,179.99,179.99,7,6,USD,ok,http://web.archive.org/web/20200913173155/https://pcpartpicker.com/product/Zxw7YJ/samsung-970-evo-plus-1-tb-m2-2280-nvme-solid-state-drive-mz-v7s1t0bam
2020-11-25,ssd,Samsung 970 Evo Plus 1TB NVMe PCIe 3.0 MZ-V7S1T0B,Zxw7YJ,149.99,lowest in-stock retailer price,149.99,149.99,8,5,USD,ok,http://web.archive.org/web/20201125061739/https://pcpartpicker.com/product/Zxw7YJ/samsung-970-evo-plus-1-tb-m2-2280-solid-state-drive-mz-v7s1t0bw?history_days=730
2021-01-14,ssd,Samsung 970 Evo Plus 1TB NVMe PCIe 3.0 MZ-V7S1T0B,Zxw7YJ,159.99,lowest in-stock retailer price,159.99,159.99,7,5,USD,ok,http://web.archive.org/web/20210114220537/https://pcpartpicker.com/product/Zxw7YJ/samsung-970-evo-plus-1-tb-m2-2280-nvme-solid-state-drive-mz-v7s1t0bam
2021-02-21,ssd,Samsung 970 Evo Plus 1TB NVMe PCIe 3.0 MZ-V7S1T0B,Zxw7YJ,164.99,lowest in-stock retailer price,164.99,164.99,8,5,USD,ok,http://web.archive.org/web/20210221165046/https://pcpartpicker.com/product/Zxw7YJ/
2021-08-26,ssd,Samsung 970 Evo Plus 1TB NVMe PCIe 3.0 MZ-V7S1T0B,Zxw7YJ,144.99,lowest in-stock retailer price,144.99,144.99,8,5,USD,ok,http://web.archive.org/web/20210826081808/https://pcpartpicker.com/product/Zxw7YJ/
2021-10-06,ssd,Samsung 970 Evo Plus 1TB NVMe PCIe 3.0 MZ-V7S1T0B,Zxw7YJ,143.15,lowest in-stock retailer price,143.15,149.99,8,5,USD,ok,http://web.archive.org/web/20211006110540/https://pcpartpicker.com/product/Zxw7YJ/samsung-970-evo-plus-1-tb-m2-2280-nvme-solid-state-drive-mz-v7s1t0bam
2022-04-23,ssd,Samsung 970 Evo Plus 1TB NVMe PCIe 3.0 MZ-V7S1T0B,Zxw7YJ,102.64,lowest in-stock retailer price,102.64,114.99,8,6,USD,ok,http://web.archive.org/web/20220423120039/https://pcpartpicker.com/product/Zxw7YJ/samsung-970-evo-plus-1-tb-m2-2280-nvme-solid-state-drive-mz-v7s1t0bam
2022-05-15,ssd,Samsung 970 Evo Plus 1TB NVMe PCIe 3.0 MZ-V7S1T0B,Zxw7YJ,114.99,lowest in-stock retailer price,114.7,114.99,10,8,USD,ok,http://web.archive.org/web/20220515213756/https://pcpartpicker.com/product/Zxw7YJ/samsung-970-evo-plus-1-tb-m2-2280-nvme-solid-state-drive-mz-v7s1t0bam
2022-07-27,ssd,Samsung 970 Evo Plus 1TB NVMe PCIe 3.0 MZ-V7S1T0B,Zxw7YJ,99.99,lowest in-stock retailer price,99.99,109.99,9,8,USD,ok,http://web.archive.org/web/20220727200941/https://pcpartpicker.com/product/Zxw7YJ/samsung-970-evo-plus-1-tb-m2-2280-nvme-solid-state-drive-mz-v7s1t0bam
2022-08-29,ssd,Samsung 970 Evo Plus 1TB NVMe PCIe 3.0 MZ-V7S1T0B,Zxw7YJ,99.99,lowest in-stock retailer price,99.99,99.99,9,9,USD,ok,http://web.archive.org/web/20220829112905/https://pcpartpicker.com/product/Zxw7YJ/samsung-970-evo-plus-1-tb-m2-2280-nvme-solid-state-drive-mz-v7s1t0bam
2022-09-07,ssd,Samsung 970 Evo Plus 1TB NVMe PCIe 3.0 MZ-V7S1T0B,Zxw7YJ,99.99,lowest in-stock retailer price,99.99,99.99,8,8,USD,ok,http://web.archive.org/web/20220907015003/https://pcpartpicker.com/product/Zxw7YJ/samsung-970-evo-plus-1-tb-m2-2280-nvme-solid-state-drive-mz-v7s1t0bam
2022-10-15,ssd,Samsung 970 Evo Plus 1TB NVMe PCIe 3.0 MZ-V7S1T0B,Zxw7YJ,99.99,lowest in-stock retailer price,99.99,99.99,9,8,USD,ok,http://web.archive.org/web/20221015002106/https://pcpartpicker.com/product/Zxw7YJ/samsung-970-evo-plus-1-tb-m2-2280-nvme-solid-state-drive-mz-v7s1t0bam
2022-11-19,ssd,Samsung 970 Evo Plus 1TB NVMe PCIe 3.0 MZ-V7S1T0B,Zxw7YJ,99.99,lowest in-stock retailer price,99.99,99.99,9,7,USD,ok,http://web.archive.org/web/20221119155053/https://pcpartpicker.com/product/Zxw7YJ/samsung-970-evo-plus-1-tb-m2-2280-nvme-solid-state-drive-mz-v7s1t0bam
2022-12-20,ssd,Samsung 970 Evo Plus 1TB NVMe PCIe 3.0 MZ-V7S1T0B,Zxw7YJ,89.99,lowest in-stock retailer price,89.99,89.99,9,6,USD,ok,http://web.archive.org/web/20221220064552/https://pcpartpicker.com/product/Zxw7YJ/samsung-970-evo-plus-1-tb-m2-2280-nvme-solid-state-drive-mz-v7s1t0bam
2023-01-31,ssd,Samsung 970 Evo Plus 1TB NVMe PCIe 3.0 MZ-V7S1T0B,Zxw7YJ,99.89,lowest in-stock retailer price,99.89,104.99,9,6,USD,ok,http://web.archive.org/web/20230131042329/https://pcpartpicker.com/product/Zxw7YJ/samsung-970-evo-plus-1-tb-m2-2280-nvme-solid-state-drive-mz-v7s1t0bam
2023-02-19,ssd,Samsung 970 Evo Plus 1TB NVMe PCIe 3.0 MZ-V7S1T0B,Zxw7YJ,79.98,lowest in-stock retailer price,79.98,89.99,8,6,USD,ok,http://web.archive.org/web/20230219204733/https://pcpartpicker.com/product/Zxw7YJ/samsung-970-evo-plus-1-tb-m2-2280-nvme-solid-state-drive-mz-v7s1t0bam
2023-03-15,ssd,Samsung 970 Evo Plus 1TB NVMe PCIe 3.0 MZ-V7S1T0B,Zxw7YJ,69.98,lowest in-stock retailer price,69.98,99.715,8,6,USD,ok,http://web.archive.org/web/20230315042105/https://pcpartpicker.com/product/Zxw7YJ/samsung-970-evo-plus-1-tb-m2-2280-nvme-solid-state-drive-mz-v7s1t0bam
2023-04-15,ssd,Samsung 970 Evo Plus 1TB NVMe PCIe 3.0 MZ-V7S1T0B,Zxw7YJ,69.98,lowest in-stock retailer price,69.98,69.99,9,7,USD,ok,http://web.archive.org/web/20230415124312/https://pcpartpicker.com/product/Zxw7YJ/samsung-970-evo-plus-1-tb-m2-2280-nvme-solid-state-drive-mz-v7s1t0bam
2023-05-22,ssd,Samsung 970 Evo Plus 1TB NVMe PCIe 3.0 MZ-V7S1T0B,Zxw7YJ,59.99,lowest in-stock retailer price,59.99,69.99,9,7,USD,ok,http://web.archive.org/web/20230522132735/https://pcpartpicker.com/product/Zxw7YJ/samsung-970-evo-plus-1-tb-m2-2280-nvme-solid-state-drive-mz-v7s1t0bam
2023-07-16,ssd,Samsung 970 Evo Plus 1TB NVMe PCIe 3.0 MZ-V7S1T0B,Zxw7YJ,54.99,lowest in-stock retailer price,54.99,54.99,9,7,USD,ok,http://web.archive.org/web/20230716201952/https://pcpartpicker.com/product/Zxw7YJ/samsung-970-evo-plus-1-tb-m2-2280-nvme-solid-state-drive-mz-v7s1t0bam
2023-09-24,ssd,Samsung 970 Evo Plus 1TB NVMe PCIe 3.0 MZ-V7S1T0B,Zxw7YJ,49.99,lowest in-stock retailer price,49.99,49.99,9,7,USD,ok,http://web.archive.org/web/20230924223856/https://pcpartpicker.com/product/Zxw7YJ/samsung-970-evo-plus-1-tb-m2-2280-nvme-solid-state-drive-mz-v7s1t0bam?history_days=365
2023-10-02,ssd,Samsung 970 Evo Plus 1TB NVMe PCIe 3.0 MZ-V7S1T0B,Zxw7YJ,69.0,lowest in-stock retailer price,69.0,69.99,8,6,USD,ok,http://web.archive.org/web/20231002203617/https://pcpartpicker.com/product/Zxw7YJ/samsung-970-evo-plus-1-tb-m2-2280-nvme-solid-state-drive-mz-v7s1t0bam
2023-11-27,ssd,Samsung 970 Evo Plus 1TB NVMe PCIe 3.0 MZ-V7S1T0B,Zxw7YJ,86.99,lowest in-stock retailer price,86.99,89.99,7,6,USD,ok,http://web.archive.org/web/20231127170136/https://pcpartpicker.com/product/Zxw7YJ/samsung-970-evo-plus-1-tb-m2-2280-nvme-solid-state-drive-mz-v7s1t0bam
2024-01-08,ssd,Samsung 970 Evo Plus 1TB NVMe PCIe 3.0 MZ-V7S1T0B,Zxw7YJ,94.99,lowest in-stock retailer price,49.99,94.99,8,7,USD,ok,http://web.archive.org/web/20240108030638/https://pcpartpicker.com/product/Zxw7YJ/samsung-970-evo-plus-1-tb-m2-2280-nvme-solid-state-drive-mz-v7s1t0bam
2024-04-04,ssd,Samsung 970 Evo Plus 1TB NVMe PCIe 3.0 MZ-V7S1T0B,Zxw7YJ,94.29,lowest in-stock retailer price,94.29,99.99,5,5,USD,ok,http://web.archive.org/web/20240404172610/https://pcpartpicker.com/product/Zxw7YJ/samsung-970-evo-plus-1-tb-m2-2280-nvme-solid-state-drive-mz-v7s1t0bam
2024-08-09,ssd,Samsung 970 Evo Plus 1TB NVMe PCIe 3.0 MZ-V7S1T0B,Zxw7YJ,99.44,lowest in-stock retailer price,99.44,139.99,3,3,USD,ok,http://web.archive.org/web/20240809020217/https://pcpartpicker.com/product/Zxw7YJ/samsung-970-evo-plus-1-tb-m2-2280-nvme-solid-state-drive-mz-v7s1t0bam
2024-09-18,ssd,Samsung 970 Evo Plus 1TB NVMe PCIe 3.0 MZ-V7S1T0B,Zxw7YJ,97.48,lowest in-stock retailer price,97.48,139.99,3,2,USD,ok,http://web.archive.org/web/20240918021941/https://pcpartpicker.com/product/Zxw7YJ/samsung-970-evo-plus-1-tb-m2-2280-nvme-solid-state-drive-mz-v7s1t0bam
2024-10-09,ssd,Samsung 970 Evo Plus 1TB NVMe PCIe 3.0 MZ-V7S1T0B,Zxw7YJ,97.99,lowest in-stock retailer price,97.99,139.99,3,2,USD,ok,http://web.archive.org/web/20241009092849/https://pcpartpicker.com/product/Zxw7YJ/samsung-970-evo-plus-1-tb-m2-2280-nvme-solid-state-drive-mz-v7s1t0bam
2024-11-14,ssd,Samsung 970 Evo Plus 1TB NVMe PCIe 3.0 MZ-V7S1T0B,Zxw7YJ,116.99,lowest in-stock retailer price,116.99,128.49,2,2,USD,ok,http://web.archive.org/web/20241114062610/https://pcpartpicker.com/product/Zxw7YJ/samsung-970-evo-plus-1-tb-m2-2280-nvme-solid-state-drive-mz-v7s1t0bam
2024-12-22,ssd,Samsung 970 Evo Plus 1TB NVMe PCIe 3.0 MZ-V7S1T0B,Zxw7YJ,114.29,lowest in-stock retailer price,114.29,127.14000000000001,2,1,USD,ok,http://web.archive.org/web/20241222152451/https://pcpartpicker.com/product/Zxw7YJ/samsung-970-evo-plus-1-tb-m2-2280-nvme-solid-state-drive-mz-v7s1t0bam
2025-01-13,ssd,Samsung 970 Evo Plus 1TB NVMe PCIe 3.0 MZ-V7S1T0B,Zxw7YJ,112.9,lowest in-stock retailer price,112.9,126.44500000000001,2,1,USD,ok,http://web.archive.org/web/20250113024010/https://pcpartpicker.com/product/Zxw7YJ/samsung-970-evo-plus-1-tb-m2-2280-solid-state-drive-mz-v7s1t0bw
2025-02-21,ssd,Samsung 970 Evo Plus 1TB NVMe PCIe 3.0 MZ-V7S1T0B,Zxw7YJ,109.09,lowest in-stock retailer price,109.09,124.54,2,1,USD,ok,http://web.archive.org/web/20250221161208/https://pcpartpicker.com/product/Zxw7YJ/samsung-970-evo-plus-1-tb-m2-2280-nvme-solid-state-drive-mz-v7s1t0bam
2025-03-20,ssd,Samsung 970 Evo Plus 1TB NVMe PCIe 3.0 MZ-V7S1T0B,Zxw7YJ,108.95,lowest in-stock retailer price,108.95,108.95,1,1,USD,ok,http://web.archive.org/web/20250320115157/https://pcpartpicker.com/product/Zxw7YJ/samsung-970-evo-plus-1-tb-m2-2280-nvme-solid-state-drive-mz-v7s1t0bam
2025-06-20,ssd,Samsung 970 Evo Plus 1TB NVMe PCIe 3.0 MZ-V7S1T0B,Zxw7YJ,133.4,lowest in-stock retailer price,133.4,133.4,1,1,USD,ok,http://web.archive.org/web/20250620202404/https://pcpartpicker.com/product/Zxw7YJ/samsung-970-evo-plus-1-tb-m2-2280-nvme-solid-state-drive-mz-v7s1t0bam
2025-07-25,ssd,Samsung 970 Evo Plus 1TB NVMe PCIe 3.0 MZ-V7S1T0B,Zxw7YJ,133.75,lowest in-stock retailer price,133.75,133.75,1,1,USD,ok,http://web.archive.org/web/20250725022831/https://pcpartpicker.com/product/Zxw7YJ/samsung-970-evo-plus-1-tb-m2-2280-nvme-solid-state-drive-mz-v7s1t0bam
2025-11-25,ssd,Samsung 970 Evo Plus 1TB NVMe PCIe 3.0 MZ-V7S1T0B,Zxw7YJ,195.0,lowest in-stock retailer price,195.0,195.0,1,1,USD,ok,http://web.archive.org/web/20251125085411/https://pcpartpicker.com/product/Zxw7YJ/samsung-970-evo-plus-1-tb-m2-2280-nvme-solid-state-drive-mz-v7s1t0bam%3E
2025-12-18,ssd,Samsung 970 Evo Plus 1TB NVMe PCIe 3.0 MZ-V7S1T0B,Zxw7YJ,194.0,lowest in-stock retailer price,194.0,194.0,1,1,USD,ok,http://web.archive.org/web/20251218005140/https://pcpartpicker.com/product/Zxw7YJ/samsung-970-evo-plus-1-tb-m2-2280-nvme-solid-state-drive-mz-v7s1t0bam
2026-02-01,ssd,Samsung 970 Evo Plus 1TB NVMe PCIe 3.0 MZ-V7S1T0B,Zxw7YJ,,no in-stock listing,,,0,0,USD,ok,http://web.archive.org/web/20260201000030/https://pcpartpicker.com/product/Zxw7YJ/samsung-970-evo-plus-1-tb-m2-2280-nvme-solid-state-drive-mz-v7s1t0bam
2026-03-25,ssd,Samsung 970 Evo Plus 1TB NVMe PCIe 3.0 MZ-V7S1T0B,Zxw7YJ,,no in-stock listing,,,0,0,USD,ok,http://web.archive.org/web/20260325233354/https://pcpartpicker.com/product/Zxw7YJ/samsung-970-evo-plus-1-tb-m2-2280-nvme-solid-state-drive-mz-v7s1t0bam
2026-04-25,ssd,Samsung 970 Evo Plus 1TB NVMe PCIe 3.0 MZ-V7S1T0B,Zxw7YJ,,no in-stock listing,,,0,0,USD,ok,http://web.archive.org/web/20260425223507/https://pcpartpicker.com/product/Zxw7YJ/samsung-970-evo-plus-1-tb-m2-2280-nvme-solid-state-drive-mz-v7s1t0bam
2026-06-22,ssd,Samsung 970 Evo Plus 1TB NVMe PCIe 3.0 MZ-V7S1T0B,Zxw7YJ,,no in-stock listing,82.98,168.04500000000002,2,0,USD,ok,http://web.archive.org/web/20260622224841/https://pcpartpicker.com/product/Zxw7YJ/samsung-970-evo-plus-1-tb-m2-2280-nvme-solid-state-drive-mz-v7s1t0bam
2026-08-02,ssd,Samsung 970 Evo Plus 1TB NVMe PCIe 3.0 MZ-V7S1T0B,Zxw7YJ,,no in-stock listing,82.98,82.98,1,0,USD,ok,http://web.archive.org/web/20260802170312/https://pcpartpicker.com/product/Zxw7YJ/samsung-970-evo-plus-1-tb-m2-2280-nvme-solid-state-drive-mz-v7s1t0bam
2026-09-06,ssd,Samsung 970 Evo Plus 1TB NVMe PCIe 3.0 MZ-V7S1T0B,Zxw7YJ,,no in-stock listing,82.98,82.98,1,0,USD,ok,http://web.archive.org/web/20260906220538/https://pcpartpicker.com/product/Zxw7YJ/samsung-970-evo-plus-1-tb-m2-2280-nvme-solid-state-drive-mz-v7s1t0bam
2022-12-27,ssd,WD_Black SN850X 2TB NVMe PCIe 4.0 WDS200T2X0E,crKKHx,169.99,lowest in-stock retailer price,169.99,223.0,3,3,USD,ok,http://web.archive.org/web/20221227192715/https://pcpartpicker.com/product/crKKHx/
2023-03-15,ssd,WD_Black SN850X 2TB NVMe PCIe 4.0 WDS200T2X0E,crKKHx,159.99,lowest in-stock retailer price,159.99,159.99,3,2,USD,ok,http://web.archive.org/web/20230315042102/https://pcpartpicker.com/product/crKKHx/western-digital-black-sn850x-2-tb-m2-2280-nvme-solid-state-drive-wds200t2x0e
2023-04-01,ssd,WD_Black SN850X 2TB NVMe PCIe 4.0 WDS200T2X0E,crKKHx,159.99,lowest in-stock retailer price,159.99,197.155,6,6,USD,ok,http://web.archive.org/web/20230401204731/https://pcpartpicker.com/product/crKKHx/
2023-07-20,ssd,WD_Black SN850X 2TB NVMe PCIe 4.0 WDS200T2X0E,crKKHx,99.99,lowest in-stock retailer price,99.99,99.99,5,4,USD,ok,http://web.archive.org/web/20230720024323/https://pcpartpicker.com/product/crKKHx/w..
2023-09-29,ssd,WD_Black SN850X 2TB NVMe PCIe 4.0 WDS200T2X0E,crKKHx,120.56,lowest in-stock retailer price,120.56,124.99,6,6,USD,ok,http://web.archive.org/web/20230929205012/https://pcpartpicker.com/product/crKKHx/western-digital-black-sn850x-2-tb-m2-2280-pcie-40-x4-nvme-solid-state-drive-wds200t2x0e
2023-11-22,ssd,WD_Black SN850X 2TB NVMe PCIe 4.0 WDS200T2X0E,crKKHx,114.99,lowest in-stock retailer price,114.99,114.99,6,5,USD,ok,http://web.archive.org/web/20231122052626/https://pcpartpicker.com/product/crKKHx/western-digital-black-sn850x-2-tb-m2-2280-pcie-40-x4-nvme-solid-state-drive-wds200t2x0e
2024-01-15,ssd,WD_Black SN850X 2TB NVMe PCIe 4.0 WDS200T2X0E,crKKHx,134.99,lowest in-stock retailer price,134.99,137.465,6,4,USD,ok,http://web.archive.org/web/20240115012213/https://pcpartpicker.com/product/crKKHx/western-digital-black-sn850x-2-tb-m2-2280-pcie-40-x4-nvme-solid-state-drive-wds200t2x0e
2024-02-08,ssd,WD_Black SN850X 2TB NVMe PCIe 4.0 WDS200T2X0E,crKKHx,159.99,lowest in-stock retailer price,159.99,169.99,6,6,USD,ok,http://web.archive.org/web/20240208084142/https://pcpartpicker.com/product/crKKHx/western-digital-black-sn850x-2-tb-m2-2280-pcie-40-x4-nvme-solid-state-drive-wds200t2x0e
2024-04-17,ssd,WD_Black SN850X 2TB NVMe PCIe 4.0 WDS200T2X0E,crKKHx,154.99,lowest in-stock retailer price,154.99,169.99,7,7,USD,ok,http://web.archive.org/web/20240417042433/https://pcpartpicker.com/product/crKKHx/western-digital-black-sn850x-2-tb-m2-2280-pcie-40-x4-nvme-solid-state-drive-wds200t2x0e
2024-07-31,ssd,WD_Black SN850X 2TB NVMe PCIe 4.0 WDS200T2X0E,crKKHx,155.99,lowest in-stock retailer price,155.99,164.99,6,6,USD,ok,http://web.archive.org/web/20240731000026/https://pcpartpicker.com/product/crKKHx/western-digital-black-sn850x-2-tb-m2-2280-pcie-40-x4-nvme-solid-state-drive-wds200t2x0e
2024-08-24,ssd,WD_Black SN850X 2TB NVMe PCIe 4.0 WDS200T2X0E,crKKHx,149.99,lowest in-stock retailer price,149.99,159.99,7,7,USD,ok,http://web.archive.org/web/20240824061016/https://pcpartpicker.com/product/crKKHx/western-digital-black-sn850x-2-tb-m2-2280-pcie-40-x4-nvme-solid-state-drive-wds200t2x0e
2024-09-17,ssd,WD_Black SN850X 2TB NVMe PCIe 4.0 WDS200T2X0E,crKKHx,154.0,lowest in-stock retailer price,154.0,154.99,6,6,USD,ok,http://web.archive.org/web/20240917105753/https://pcpartpicker.com/product/crKKHx/western-digital-black-sn850x-2-tb-m2-2280-pcie-40-x4-nvme-solid-state-drive-wds200t2x0e
2024-10-02,ssd,WD_Black SN850X 2TB NVMe PCIe 4.0 WDS200T2X0E,crKKHx,154.52,lowest in-stock retailer price,154.52,160.49,6,6,USD,ok,http://web.archive.org/web/20241002164208/https://pcpartpicker.com/product/crKKHx/western-digital-black-sn850x-2-tb-m2-2280-pcie-40-x4-nvme-solid-state-drive-wds200t2x0e
2024-11-15,ssd,WD_Black SN850X 2TB NVMe PCIe 4.0 WDS200T2X0E,crKKHx,139.99,lowest in-stock retailer price,139.99,142.99,6,6,USD,ok,http://web.archive.org/web/20241115054358/https://pcpartpicker.com/product/crKKHx/western-digital-black-sn850x-2-tb-m2-2280-pcie-40-x4-nvme-solid-state-drive-wds200t2x0e
2024-12-17,ssd,WD_Black SN850X 2TB NVMe PCIe 4.0 WDS200T2X0E,crKKHx,144.0,lowest in-stock retailer price,144.0,149.99,8,7,USD,ok,http://web.archive.org/web/20241217021827/https://pcpartpicker.com/product/crKKHx/western-digital-wd_black-sn850x-2-tb-m2-2280-pcie-40-x4-nvme-solid-state-drive-wds200t2x0e
2025-01-13,ssd,WD_Black SN850X 2TB NVMe PCIe 4.0 WDS200T2X0E,crKKHx,139.99,lowest in-stock retailer price,139.0,149.99,8,4,USD,ok,http://web.archive.org/web/20250113150937/https://pcpartpicker.com/product/crKKHx/western-digital-black-sn850x-2-tb-m2-2280-pcie-40-x4-nvme-solid-state-drive-wds200t2x0e
2025-02-12,ssd,WD_Black SN850X 2TB NVMe PCIe 4.0 WDS200T2X0E,crKKHx,148.21,lowest in-stock retailer price,139.0,159.99,7,6,USD,ok,http://web.archive.org/web/20250212035718/https://pcpartpicker.com/product/crKKHx/western-digital-black-sn850x-2-tb-m2-2280-nvme-solid-state-drive-wds200t2x0e
2025-03-19,ssd,WD_Black SN850X 2TB NVMe PCIe 4.0 WDS200T2X0E,crKKHx,145.88,lowest in-stock retailer price,145.88,159.99,7,7,USD,ok,http://web.archive.org/web/20250319233259/https://pcpartpicker.com/product/crKKHx/western-digital-wd_black-sn850x-2-tb-m2-2280-pcie-40-x4-nvme-solid-state-drive-wds200t2x0e
2025-04-09,ssd,WD_Black SN850X 2TB NVMe PCIe 4.0 WDS200T2X0E,crKKHx,148.0,lowest in-stock retailer price,148.0,154.99,7,7,USD,ok,http://web.archive.org/web/20250409234857/https://pcpartpicker.com/product/crKKHx/western-digital-wd%5C_black-sn850x-2-tb-m2-2280-pcie-40-x4-nvme-solid-state-drive-wds200t2x0e
2025-05-15,ssd,WD_Black SN850X 2TB NVMe PCIe 4.0 WDS200T2X0E,crKKHx,147.94,lowest in-stock retailer price,147.94,164.99,7,7,USD,ok,http://web.archive.org/web/20250515112014/https://pcpartpicker.com/product/crKKHx/western-digital-wd_black-sn850x-2-tb-m2-2280-pcie-40-x4-nvme-solid-state-drive-wds200t2x0e
2025-06-10,ssd,WD_Black SN850X 2TB NVMe PCIe 4.0 WDS200T2X0E,crKKHx,159.95,lowest in-stock retailer price,159.95,159.99,7,7,USD,ok,http://web.archive.org/web/20250610101042/https://pcpartpicker.com/product/crKKHx/western-digital-black-sn850x-2-tb-m2-2280-pcie-40-x4-nvme-solid-state-drive-wds200t2x0e?history_days=365
2025-07-11,ssd,WD_Black SN850X 2TB NVMe PCIe 4.0 WDS200T2X0E,crKKHx,135.36,lowest in-stock retailer price,135.36,149.99,7,6,USD,ok,http://web.archive.org/web/20250711061635/https://pcpartpicker.com/product/crKKHx/western-digital-wd_black-sn850x-2-tb-m2-2280-pcie-40-x4-nvme-solid-state-drive-wds200t2x0e
2025-08-02,ssd,WD_Black SN850X 2TB NVMe PCIe 4.0 WDS200T2X0E,crKKHx,159.95,lowest in-stock retailer price,159.95,159.99,7,7,USD,ok,http://web.archive.org/web/20250802060445/https://pcpartpicker.com/product/crKKHx/western-digital-wd%5C_black-sn850x-2-tb-m2-2280-pcie-40-x4-nvme-solid-state-drive-wds200t2x0e
2025-10-12,ssd,WD_Black SN850X 2TB NVMe PCIe 4.0 WDS200T2X0E,crKKHx,142.49,lowest in-stock retailer price,142.49,149.99,7,7,USD,ok,http://web.archive.org/web/20251012032247/https://pcpartpicker.com/product/crKKHx/western-digital-wd_black-sn850x-2-tb-m2-2280-pcie-40-x4-nvme-solid-state-drive-wds200t2x0e
2025-11-13,ssd,WD_Black SN850X 2TB NVMe PCIe 4.0 WDS200T2X0E,crKKHx,159.95,lowest in-stock retailer price,159.95,189.99,6,6,USD,ok,http://web.archive.org/web/20251113095956/https://pcpartpicker.com/product/crKKHx/western-digital-wd_black-sn850x-2-tb-m2-2280-pcie-40-x4-nvme-solid-state-drive-wds200t2x0e
2025-12-16,ssd,WD_Black SN850X 2TB NVMe PCIe 4.0 WDS200T2X0E,crKKHx,217.95,lowest in-stock retailer price,217.95,239.99,7,7,USD,ok,http://web.archive.org/web/20251216044318/https://pcpartpicker.com/product/crKKHx/western-digital-wd_black-sn850x-2-tb-m2-2280-pcie-40-x4-nvme-solid-state-drive-wds200t2x0e
2026-02-21,ssd,WD_Black SN850X 2TB NVMe PCIe 4.0 WDS200T2X0E,crKKHx,399.99,lowest in-stock retailer price,399.99,559.99,6,6,USD,ok,http://web.archive.org/web/20260221161202/https://pcpartpicker.com/product/crKKHx/western-digital-wd_black-sn850x-2-tb-m2-2280-pcie-40-x4-nvme-solid-state-drive-wds200t2x0e
2026-03-28,ssd,WD_Black SN850X 2TB NVMe PCIe 4.0 WDS200T2X0E,crKKHx,349.75,lowest in-stock retailer price,349.75,594.99,6,6,USD,ok,http://web.archive.org/web/20260328172322/https://pcpartpicker.com/product/crKKHx/western-digital-wd_black-sn850x-2-tb-m2-2280-pcie-40-x4-nvme-solid-state-drive-wds200t2x0e
2026-04-14,ssd,WD_Black SN850X 2TB NVMe PCIe 4.0 WDS200T2X0E,crKKHx,369.99,lowest in-stock retailer price,369.99,594.99,6,6,USD,ok,http://web.archive.org/web/20260414002709/https://pcpartpicker.com/product/crKKHx/western-digital-wd_black-sn850x-2-tb-m2-2280-pcie-40-x4-nvme-solid-state-drive-wds200t2x0e
2026-05-12,ssd,WD_Black SN850X 2TB NVMe PCIe 4.0 WDS200T2X0E,crKKHx,358.0,lowest in-stock retailer price,358.0,389.99,5,4,USD,ok,http://web.archive.org/web/20260512101422/https://pcpartpicker.com/product/crKKHx/western-digital-wd_black-sn850x-2-tb-m2-2280-pcie-40-x4-nvme-solid-state-drive-wds200t2x0e
2026-06-18,ssd,WD_Black SN850X 2TB NVMe PCIe 4.0 WDS200T2X0E,crKKHx,348.0,lowest in-stock retailer price,348.0,349.99,3,2,USD,ok,http://web.archive.org/web/20260618153631/https://pcpartpicker.com/product/crKKHx/western-digital-wd_black-sn850x-2-tb-m2-2280-pcie-40-x4-nvme-solid-state-drive-wds200t2x0e
2026-07-28,ssd,WD_Black SN850X 2TB NVMe PCIe 4.0 WDS200T2X0E,crKKHx,349.95,lowest in-stock retailer price,349.95,349.99,3,2,USD,ok,http://web.archive.org/web/20260728035615/https://pcpartpicker.com/product/crKKHx/western-digital-wd_black-sn850x-2-tb-m2-2280-pcie-40-x4-nvme-solid-state-drive-wds200t2x0e
2026-09-29,ssd,WD_Black SN850X 2TB NVMe PCIe 4.0 WDS200T2X0E,crKKHx,429.99,lowest in-stock retailer price,429.99,447.49,2,2,USD,ok,http://web.archive.org/web/20260929214202/https://pcpartpicker.com/product/crKKHx/western-digital-wd_black-sn850x-2-tb-m2-2280-pcie-40-x4-nvme-solid-state-drive-wds200t2x0e
2024-11-15,cpu,AMD Ryzen 7 9800X3D,fPyH99,479.0,lowest in-stock retailer price,479.0,479.0,2,1,USD,ok,http://web.archive.org/web/20241115121431/https://pcpartpicker.com/product/fPyH99/amd-ryzen-7-9800x3d-47-ghz-8-core-processor-100-1000001084wof
2024-12-16,cpu,AMD Ryzen 7 9800X3D,fPyH99,715.0,lowest in-stock retailer price,479.99,597.495,2,1,USD,ok,http://web.archive.org/web/20241216144700/https://pcpartpicker.com/product/fPyH99/amd-ryzen-7-9800x3d-47-ghz-8-core-processor-100-1000001084wof
2025-01-13,cpu,AMD Ryzen 7 9800X3D,fPyH99,647.02,lowest in-stock retailer price,479.0,479.99,3,1,USD,ok,http://web.archive.org/web/20250113092902/https://pcpartpicker.com/product/fPyH99/amd-ryzen-7-9800x3d-47-ghz-8-core-processor-100-1000001084wof
2025-02-17,cpu,AMD Ryzen 7 9800X3D,fPyH99,479.0,lowest in-stock retailer price,479.0,479.0,4,1,USD,ok,http://web.archive.org/web/20250217051400/https://pcpartpicker.com/product/fPyH99/
2025-03-12,cpu,AMD Ryzen 7 9800X3D,fPyH99,479.0,lowest in-stock retailer price,479.0,479.0,4,2,USD,ok,http://web.archive.org/web/20250312211343/https://pcpartpicker.com/product/fPyH99/amd-ryzen-7-9800x3d-47-ghz-8-core-processor-100-1000001084wof
2025-04-19,cpu,AMD Ryzen 7 9800X3D,fPyH99,479.0,lowest in-stock retailer price,479.0,479.0,4,3,USD,ok,http://web.archive.org/web/20250419203259/https://pcpartpicker.com/product/fPyH99/amd-ryzen-7-9800x3d-47-ghz-8-core-processor-100-1000001084wof
2025-05-16,cpu,AMD Ryzen 7 9800X3D,fPyH99,489.0,lowest in-stock retailer price,479.0,489.0,4,3,USD,ok,http://web.archive.org/web/20250516025918/https://pcpartpicker.com/product/fPyH99/amd-ryzen-7-9800x3d-47-ghz-8-core-processor-100-1000001084wof
2025-06-06,cpu,AMD Ryzen 7 9800X3D,fPyH99,299.0,lowest in-stock retailer price,299.0,472.02,5,5,USD,ok,http://web.archive.org/web/20250606024714/https://pcpartpicker.com/product/fPyH99/amd-ryzen-7-9800x3d-47-ghz-8-core-processor-100-1000001084wof
2025-07-11,cpu,AMD Ryzen 7 9800X3D,fPyH99,459.99,lowest in-stock retailer price,459.99,479.0,5,4,USD,ok,http://web.archive.org/web/20250711062920/https://pcpartpicker.com/product/fPyH99/amd-ryzen-7-9800x3d-47-ghz-8-core-processor-100-1000001084wof
2025-08-11,cpu,AMD Ryzen 7 9800X3D,fPyH99,449.99,lowest in-stock retailer price,449.99,474.0,5,5,USD,ok,http://web.archive.org/web/20250811152119/https://pcpartpicker.com/product/fPyH99/amd-ryzen-7-9800x3d-47-ghz-8-core-processor-100-1000001084wof
2025-09-13,cpu,AMD Ryzen 7 9800X3D,fPyH99,469.0,lowest in-stock retailer price,469.0,479.0,6,6,USD,ok,http://web.archive.org/web/20250913231124/https://pcpartpicker.com/product/fPyH99/amd-ryzen-7-9800x3d-47-ghz-8-core-processor-100-1000001084wof
2025-10-09,cpu,AMD Ryzen 7 9800X3D,fPyH99,476.99,lowest in-stock retailer price,476.99,479.0,6,6,USD,ok,http://web.archive.org/web/20251009224006/https://pcpartpicker.com/product/fPyH99/amd-ryzen-7-9800x3d-47-ghz-8-core-processor-100-1000001084wof
2025-11-16,cpu,AMD Ryzen 7 9800X3D,fPyH99,467.15,lowest in-stock retailer price,467.15,479.0,7,7,USD,ok,http://web.archive.org/web/20251116222803/https://pcpartpicker.com/product/fPyH99/amd-ryzen-7-9800x3d-47-ghz-8-core-processor-100-1000001084wof
2025-12-13,cpu,AMD Ryzen 7 9800X3D,fPyH99,454.99,lowest in-stock retailer price,454.99,479.0,7,7,USD,ok,http://web.archive.org/web/20251213021321/https://pcpartpicker.com/product/fPyH99/amd-ryzen-7-9800x3d-47-ghz-8-core-processor-100-1000001084wof
2026-01-21,cpu,AMD Ryzen 7 9800X3D,fPyH99,459.0,lowest in-stock retailer price,459.0,469.99,7,7,USD,ok,http://web.archive.org/web/20260121005856/https://pcpartpicker.com/product/fPyH99/amd-ryzen-7-9800x3d-47-ghz-8-core-processor-100-1000001084wof
2026-02-28,cpu,AMD Ryzen 7 9800X3D,fPyH99,439.95,lowest in-stock retailer price,439.95,479.0,7,7,USD,ok,http://web.archive.org/web/20260228114450/https://pcpartpicker.com/product/fPyH99/amd-ryzen-7-9800x3d-47-ghz-8-core-processor-100-1000001084wof
2026-03-30,cpu,AMD Ryzen 7 9800X3D,fPyH99,419.95,lowest in-stock retailer price,419.95,469.0,7,7,USD,ok,http://web.archive.org/web/20260330014120/https://pcpartpicker.com/product/fPyH99/amd-ryzen-7-9800x3d-47-ghz-8-core-processor-100-1000001084wof
2026-04-16,cpu,AMD Ryzen 7 9800X3D,fPyH99,464.0,lowest in-stock retailer price,464.0,474.0,6,6,USD,ok,http://web.archive.org/web/20260416042824/https://pcpartpicker.com/product/fPyH99/amd-ryzen-7-9800x3d-47-ghz-8-core-processor-100-1000001084wof
2026-05-16,cpu,AMD Ryzen 7 9800X3D,fPyH99,419.99,lowest in-stock retailer price,419.99,459.495,6,6,USD,ok,http://web.archive.org/web/20260516210559/https://pcpartpicker.com/product/fPyH99/amd-ryzen-7-9800x3d-47-ghz-8-core-processor-100-1000001084wof
2026-06-08,cpu,AMD Ryzen 7 9800X3D,fPyH99,433.0,lowest in-stock retailer price,433.0,459.0,6,6,USD,ok,http://web.archive.org/web/20260608072757/https://pcpartpicker.com/product/fPyH99/
2026-07-11,cpu,AMD Ryzen 7 9800X3D,fPyH99,444.99,lowest in-stock retailer price,444.99,479.0,5,5,USD,ok,http://web.archive.org/web/20260711220948/https://pcpartpicker.com/product/fPyH99/amd-ryzen-7-9800x3d-47-ghz-8-core-processor-100-1000001084wof
2026-08-11,cpu,AMD Ryzen 7 9800X3D,fPyH99,414.99,lowest in-stock retailer price,414.99,454.0,6,6,USD,ok,http://web.archive.org/web/20260811062700/https://pcpartpicker.com/product/fPyH99/amd-ryzen-7-9800x3d-47-ghz-8-core-processor
2026-09-09,cpu,AMD Ryzen 7 9800X3D,fPyH99,449.0,lowest in-stock retailer price,449.0,464.0,6,6,USD,ok,http://web.archive.org/web/20260909011913/https://pcpartpicker.com/product/fPyH99/amd-ryzen-7-9800x3d-47-ghz-8-core-processor-100-1000001084wof
2023-09-07,gpu,Sapphire Pulse Radeon RX 7800 XT 16GB,fcBzK8,,no in-stock listing,519.99,519.99,1,0,USD,ok,http://web.archive.org/web/20230907045348/https://pcpartpicker.com/product/fcBzK8/
2023-11-27,gpu,Sapphire Pulse Radeon RX 7800 XT 16GB,fcBzK8,499.99,lowest in-stock retailer price,499.99,499.99,2,1,USD,ok,http://web.archive.org/web/20231127170555/https://pcpartpicker.com/product/fcBzK8/sapphire-pulse-radeon-rx-7800-xt-16-gb-video-card-11330-02-20g
2024-01-27,gpu,Sapphire Pulse Radeon RX 7800 XT 16GB,fcBzK8,519.99,lowest in-stock retailer price,519.99,519.99,2,2,USD,ok,http://web.archive.org/web/20240127104417/https://pcpartpicker.com/product/fcBzK8/sapphire-pulse-radeon-rx-7800-xt-16-gb-video-card-11330-02-20g
2024-02-07,gpu,Sapphire Pulse Radeon RX 7800 XT 16GB,fcBzK8,519.99,lowest in-stock retailer price,519.99,519.99,3,3,USD,ok,http://web.archive.org/web/20240207090359/https://pcpartpicker.com/product/fcBzK8/sapphire-pulse-radeon-rx-7800-xt-16-gb-video-card-11330-02-20g
2024-03-13,gpu,Sapphire Pulse Radeon RX 7800 XT 16GB,fcBzK8,499.99,lowest in-stock retailer price,499.99,499.99,3,2,USD,ok,http://web.archive.org/web/20240313221402/https://pcpartpicker.com/product/fcBzK8/sapphire-pulse-radeon-rx-7800-xt-16-gb-video-card-11330-02-20g
2024-04-13,gpu,Sapphire Pulse Radeon RX 7800 XT 16GB,fcBzK8,499.99,lowest in-stock retailer price,499.99,499.99,3,2,USD,ok,http://web.archive.org/web/20240413005805/https://pcpartpicker.com/product/fcBzK8/sapphire-pulse-radeon-rx-7800-xt-16-gb-video-card-11330-02-20g
2024-08-24,gpu,Sapphire Pulse Radeon RX 7800 XT 16GB,fcBzK8,494.97,lowest in-stock retailer price,494.97,509.99,3,3,USD,ok,http://web.archive.org/web/20240824225306/https://pcpartpicker.com/product/fcBzK8/sapphire-pulse-radeon-rx-7800-xt-16-gb-video-card-11330-02-20g
2024-09-28,gpu,Sapphire Pulse Radeon RX 7800 XT 16GB,fcBzK8,494.99,lowest in-stock retailer price,494.99,502.49,2,2,USD,ok,http://web.archive.org/web/20240928060957/https://pcpartpicker.com/product/fcBzK8/sapphire-pulse-radeon-rx-7800-xt-16-gb-video-card-11330-02-20g
2024-11-19,gpu,Sapphire Pulse Radeon RX 7800 XT 16GB,fcBzK8,519.99,lowest in-stock retailer price,469.99,494.99,2,1,USD,ok,http://web.archive.org/web/20241119064339/https://pcpartpicker.com/product/fcBzK8/sapphire-pulse-radeon-rx-7800-xt-16-gb-video-card-11330-02-20g
2024-12-13,gpu,Sapphire Pulse Radeon RX 7800 XT 16GB,fcBzK8,,no in-stock listing,469.99,469.99,1,0,USD,ok,http://web.archive.org/web/20241213005309/https://pcpartpicker.com/product/fcBzK8/sapphire-pulse-radeon-rx-7800-xt-16-gb-video-card-11330-02-20g
2025-01-24,gpu,Sapphire Pulse Radeon RX 7800 XT 16GB,fcBzK8,479.99,lowest in-stock retailer price,479.99,479.99,2,1,USD,ok,http://web.archive.org/web/20250124084142/https://pcpartpicker.com/product/fcBzK8/sapphire-pulse-radeon-rx-7800-xt-16-gb-video-card-11330-02-20g
2025-02-24,gpu,Sapphire Pulse Radeon RX 7800 XT 16GB,fcBzK8,880.0,lowest in-stock retailer price,880.0,880.0,1,1,USD,ok,http://web.archive.org/web/20250224151848/https://pcpartpicker.com/product/fcBzK8/sapphire-pulse-radeon-rx-7800-xt-16-gb-video-card-11330-02-20g
2025-03-20,gpu,Sapphire Pulse Radeon RX 7800 XT 16GB,fcBzK8,612.09,lowest in-stock retailer price,612.09,612.09,1,1,USD,ok,http://web.archive.org/web/20250320045229/https://pcpartpicker.com/product/fcBzK8/sapphire-pulse-radeon-rx-7800-xt-16-gb-video-card-11330-02-20g
2025-04-28,gpu,Sapphire Pulse Radeon RX 7800 XT 16GB,fcBzK8,589.98,lowest in-stock retailer price,589.98,619.485,2,2,USD,ok,http://web.archive.org/web/20250428215302/https://pcpartpicker.com/product/fcBzK8/sapphire-pulse-radeon-rx-7800-xt-16-gb-video-card-11330-02-20g
2025-05-20,gpu,Sapphire Pulse Radeon RX 7800 XT 16GB,fcBzK8,790.0,lowest in-stock retailer price,589.98,689.99,2,1,USD,ok,http://web.archive.org/web/20250520003201/https://pcpartpicker.com/product/fcBzK8/sapphire-pulse-radeon-rx-7800-xt-16-gb-video-card-11330-02-20g
2025-06-06,gpu,Sapphire Pulse Radeon RX 7800 XT 16GB,fcBzK8,699.0,lowest in-stock retailer price,589.98,644.49,2,1,USD,ok,http://web.archive.org/web/20250606025510/https://pcpartpicker.com/product/fcBzK8/sapphire-pulse-radeon-rx-7800-xt-16-gb-video-card-11330-02-20g
2025-07-07,gpu,Sapphire Pulse Radeon RX 7800 XT 16GB,fcBzK8,694.99,lowest in-stock retailer price,694.99,694.99,1,1,USD,ok,http://web.archive.org/web/20250707184203/https://pcpartpicker.com/product/fcBzK8/sapphire-pulse-radeon-rx-7800-xt-16-gb-video-card-11330-02-20g
2025-08-26,gpu,Sapphire Pulse Radeon RX 7800 XT 16GB,fcBzK8,737.62,lowest in-stock retailer price,737.62,737.62,1,1,USD,ok,http://web.archive.org/web/20250826102852/https://pcpartpicker.com/product/fcBzK8/sapphire-pulse-radeon-rx-7800-xt-16-gb-video-card-11330-02-20g
2025-09-25,gpu,Sapphire Pulse Radeon RX 7800 XT 16GB,fcBzK8,796.72,lowest in-stock retailer price,796.72,796.72,1,1,USD,ok,http://web.archive.org/web/20250925161703/https://pcpartpicker.com/product/fcBzK8/sapphire-pulse-radeon-rx-7800-xt-16-gb-video-card-11330-02-20g
2020-11-19,cpu,AMD Ryzen 5 5600X,g94BD3,,no in-stock listing,299.0,299.0,1,0,USD,ok,http://web.archive.org/web/20201119205128/https://pcpartpicker.com/product/g94BD3/amd-ryzen-5-5600x-37-ghz-6-core-processor-100-100000065box
2020-12-16,cpu,AMD Ryzen 5 5600X,g94BD3,,no in-stock listing,299.0,299.495,2,0,USD,ok,http://web.archive.org/web/20201216011829/https://pcpartpicker.com/product/g94BD3/amd-ryzen-5-5600x-37-ghz-6-core-processor-100-100000065box
2021-01-15,cpu,AMD Ryzen 5 5600X,g94BD3,,no in-stock listing,299.0,309.98,3,0,USD,ok,http://web.archive.org/web/20210115085641/https://pcpartpicker.com/product/g94BD3/amd-ryzen-5-5600x-37-ghz-6-core-processor-100-100000065box
2021-02-09,cpu,AMD Ryzen 5 5600X,g94BD3,,no in-stock listing,299.0,309.98,3,0,USD,ok,http://web.archive.org/web/20210209023357/https://pcpartpicker.com/product/g94BD3/amd-ryzen-5-5600x-37-ghz-6-core-processor-100-100000065box
2021-03-12,cpu,AMD Ryzen 5 5600X,g94BD3,299.0,lowest in-stock retailer price,299.0,314.495,4,4,USD,ok,http://web.archive.org/web/20210312215910/https://pcpartpicker.com/product/g94BD3/amd-ryzen-5-5600x-37-ghz-6-core-processor-100-100000065box
2021-04-16,cpu,AMD Ryzen 5 5600X,g94BD3,,no in-stock listing,299.0,319.49,4,0,USD,ok,http://web.archive.org/web/20210416213603/https://pcpartpicker.com/product/g94BD3/amd-ryzen-5-5600x-37-ghz-6-core-processor-100-100000065box
2021-05-10,cpu,AMD Ryzen 5 5600X,g94BD3,,no in-stock listing,299.0,319.985,4,0,USD,ok,http://web.archive.org/web/20210510133641/https://pcpartpicker.com/product/g94BD3/amd-ryzen-5-5600x-37-ghz-6-core-processor-100-100000065box%20Love%20the%205600x%20such%20a%20great%20quick%20cpu%20for%20a..
2021-06-30,cpu,AMD Ryzen 5 5600X,g94BD3,289.99,lowest in-stock retailer price,289.99,299.0,7,4,USD,ok,http://web.archive.org/web/20210630142409/https://pcpartpicker.com/product/g94BD3/amd-ryzen-5-5600x-37-ghz-6-core-processor-100-100000065box
2021-07-21,cpu,AMD Ryzen 5 5600X,g94BD3,269.99,lowest in-stock retailer price,269.99,289.99,6,3,USD,ok,http://web.archive.org/web/20210721041503/https://pcpartpicker.com/product/g94BD3/amd-ryzen-5-5600x-37-ghz-6-core-processor-100-100000065box
2021-08-03,cpu,AMD Ryzen 5 5600X,g94BD3,289.99,lowest in-stock retailer price,279.99,289.99,6,3,USD,ok,http://web.archive.org/web/20210803124348/https://pcpartpicker.com/product/g94BD3/amd-ryzen-5-5600x-37-ghz-6-core-processor-100-100000065box
2021-09-15,cpu,AMD Ryzen 5 5600X,g94BD3,272.99,lowest in-stock retailer price,272.99,279.99,6,4,USD,ok,http://web.archive.org/web/20210915042159/https://pcpartpicker.com/product/g94BD3/amd-ryzen-5-5600x-37-ghz-6-core-processor-100-100000065box
2021-10-06,cpu,AMD Ryzen 5 5600X,g94BD3,289.99,lowest in-stock retailer price,289.99,299.0,6,2,USD,ok,http://web.archive.org/web/20211006135543/https://pcpartpicker.com/product/g94BD3/amd-ryzen-5-5600x-37-ghz-6-core-processor-100-100000065box
2021-11-17,cpu,AMD Ryzen 5 5600X,g94BD3,294.0,lowest in-stock retailer price,294.0,309.495,6,3,USD,ok,http://web.archive.org/web/20211117010150/https://pcpartpicker.com/product/g94BD3/amd-ryzen-5-5600x-37-ghz-6-core-processor-100-100000065box
2021-12-12,cpu,AMD Ryzen 5 5600X,g94BD3,294.0,lowest in-stock retailer price,294.0,304.495,6,3,USD,ok,http://web.archive.org/web/20211212165943/https://pcpartpicker.com/product/g94BD3/amd-ryzen-5-5600x-37-ghz-6-core-processor-100-100000065box
2022-01-24,cpu,AMD Ryzen 5 5600X,g94BD3,295.98,lowest in-stock retailer price,295.98,310.67,6,4,USD,ok,http://web.archive.org/web/20220124192435/https://pcpartpicker.com/product/g94BD3/amd-ryzen-5-5600x-37-ghz-6-core-processor-100-100000065box
2022-03-07,cpu,AMD Ryzen 5 5600X,g94BD3,224.99,lowest in-stock retailer price,224.99,229.0,6,2,USD,ok,http://web.archive.org/web/20220307003826/https://pcpartpicker.com/product/g94BD3/amd-ryzen-5-5600x-37-ghz-6-core-processor-100-100000065box
2022-04-18,cpu,AMD Ryzen 5 5600X,g94BD3,209.99,lowest in-stock retailer price,209.99,229.0,7,5,USD,ok,http://web.archive.org/web/20220418053617/https://pcpartpicker.com/product/g94BD3/amd-ryzen-5-5600x-37-ghz-6-core-processor-100-100000065box
2022-05-09,cpu,AMD Ryzen 5 5600X,g94BD3,216.99,lowest in-stock retailer price,216.99,234.0,6,4,USD,ok,http://web.archive.org/web/20220509070600/https://pcpartpicker.com/product/g94BD3/amd-ryzen-5-5600x-37-ghz-6-core-processor-100-100000065box
2022-06-22,cpu,AMD Ryzen 5 5600X,g94BD3,198.88,lowest in-stock retailer price,198.88,203.945,6,4,USD,ok,http://web.archive.org/web/20220622091610/https://pcpartpicker.com/product/g94BD3/amd-ryzen-5-5600x-37-ghz-6-core-processor-100-100000065box
2022-07-13,cpu,AMD Ryzen 5 5600X,g94BD3,174.99,lowest in-stock retailer price,174.99,199.99,7,5,USD,ok,http://web.archive.org/web/20220713045112/https://pcpartpicker.com/product/g94BD3/amd-ryzen-5-5600x-37-ghz-6-core-processor-100-100000065box
2022-08-16,cpu,AMD Ryzen 5 5600X,g94BD3,199.98,lowest in-stock retailer price,199.98,204.495,6,5,USD,ok,http://web.archive.org/web/20220816151235/https://pcpartpicker.com/product/g94BD3/amd-ryzen-5-5600x-37-ghz-6-core-processor-100-100000065box
2022-09-16,cpu,AMD Ryzen 5 5600X,g94BD3,194.0,lowest in-stock retailer price,194.0,194.99,7,7,USD,ok,http://web.archive.org/web/20220916022452/https://pcpartpicker.com/product/g94BD3/amd-ryzen-5-5600x-37-ghz-6-core-processor-100-100000065box
2022-10-14,cpu,AMD Ryzen 5 5600X,g94BD3,189.0,lowest in-stock retailer price,189.0,194.0,7,6,USD,ok,http://web.archive.org/web/20221014084004/https://pcpartpicker.com/product/g94BD3/amd-ryzen-5-5600x-37-ghz-6-core-processor-100-100000065box
2022-11-12,cpu,AMD Ryzen 5 5600X,g94BD3,158.0,lowest in-stock retailer price,158.0,159.0,7,4,USD,ok,http://web.archive.org/web/20221112215215/https://pcpartpicker.com/product/g94BD3/amd-ryzen-5-5600x-37-ghz-6-core-processor-100-100000065box
2022-12-10,cpu,AMD Ryzen 5 5600X,g94BD3,205.31,lowest in-stock retailer price,159.0,179.99,7,3,USD,ok,http://web.archive.org/web/20221210092640/https://pcpartpicker.com/product/g94BD3/
2023-03-15,cpu,AMD Ryzen 5 5600X,g94BD3,156.63,lowest in-stock retailer price,156.63,167.99,7,6,USD,ok,http://web.archive.org/web/20230315042107/https://pcpartpicker.com/product/g94BD3/amd-ryzen-5-5600x-37-ghz-6-core-processor-100-100000065box
2023-04-13,cpu,AMD Ryzen 5 5600X,g94BD3,162.36,lowest in-stock retailer price,162.36,184.515,6,5,USD,ok,http://web.archive.org/web/20230413071650/https://pcpartpicker.com/product/g94BD3/amd-ryzen-5-5600x-37-ghz-6-core-processor-100-100000065box
2023-05-27,cpu,AMD Ryzen 5 5600X,g94BD3,149.34,lowest in-stock retailer price,149.34,169.0,7,6,USD,ok,"http://web.archive.org/web/20230527063420/https://pcpartpicker.com/product/g94BD3/amd-ryzen-5-5600x-37-ghz-6-core-processor-100-100000065boxcrid=2N8IQ1MKT75BK%5Cu0026keywords=5600X%5Cu0026qid=1680348426%5Cu0026s=electronics%5Cu0026sprefix=5600x,electronics,82%5Cu0026sr=1-3%5CnRAM"
2023-06-15,cpu,AMD Ryzen 5 5600X,g94BD3,148.99,lowest in-stock retailer price,148.99,149.0,6,5,USD,ok,http://web.archive.org/web/20230615180710/https://pcpartpicker.com/product/g94BD3/amd-ryzen-5-5600x-37-ghz-6-core-processor-100-100000065box
2023-07-17,cpu,AMD Ryzen 5 5600X,g94BD3,162.66,lowest in-stock retailer price,162.66,168.99,7,6,USD,ok,http://web.archive.org/web/20230717125332/https://pcpartpicker.com/product/g94BD3/amd-ryzen-5-5600x-37-ghz-6-core-processor-100-100000065box
2023-09-30,cpu,AMD Ryzen 5 5600X,g94BD3,155.21,lowest in-stock retailer price,155.21,165.61,7,6,USD,ok,http://web.archive.org/web/20230930221510/https://pcpartpicker.com/product/g94BD3/amd-ryzen-5-5600x-37-ghz-6-core-processor-100-100000065box
2023-11-20,cpu,AMD Ryzen 5 5600X,g94BD3,157.41,lowest in-stock retailer price,157.41,169.0,5,4,USD,ok,http://web.archive.org/web/20231120133946/https://pcpartpicker.com/product/g94BD3/amd-ryzen-5-5600x-37-ghz-6-core-processor-100-100000065box
2024-01-14,cpu,AMD Ryzen 5 5600X,g94BD3,160.99,lowest in-stock retailer price,160.99,172.495,6,5,USD,ok,http://web.archive.org/web/20240114195547/https://pcpartpicker.com/product/g94BD3/amd-ryzen-5-5600x-37-ghz-6-core-processor-100-100000065box
2024-03-14,cpu,AMD Ryzen 5 5600X,g94BD3,148.15,lowest in-stock retailer price,148.15,154.16,5,4,USD,ok,http://web.archive.org/web/20240314011244/https://pcpartpicker.com/product/g94BD3/amd-ryzen-5-5600x-37-ghz-6-core-processor-100-100000065box
2024-04-11,cpu,AMD Ryzen 5 5600X,g94BD3,159.19,lowest in-stock retailer price,159.19,159.195,4,3,USD,ok,http://web.archive.org/web/20240411163452/https://pcpartpicker.com/product/g94BD3/amd-ryzen-5-5600x-37-ghz-6-core-processor-100-100000065box
2024-06-27,cpu,AMD Ryzen 5 5600X,g94BD3,134.84,lowest in-stock retailer price,134.84,134.85,5,4,USD,ok,http://web.archive.org/web/20240627171553/https://pcpartpicker.com/product/g94BD3/amd-ryzen-5-5600x-37-ghz-6-core-processor-100-100000065box
2024-07-31,cpu,AMD Ryzen 5 5600X,g94BD3,135.75,lowest in-stock retailer price,135.75,135.78,5,4,USD,ok,http://web.archive.org/web/20240731233237/https://pcpartpicker.com/product/g94BD3/amd-ryzen-5-5600x-37-ghz-6-core-processor-100-100000065box
2024-08-24,cpu,AMD Ryzen 5 5600X,g94BD3,135.37,lowest in-stock retailer price,135.37,137.375,6,4,USD,ok,http://web.archive.org/web/20240824224136/https://pcpartpicker.com/product/g94BD3/amd-ryzen-5-5600x-37-ghz-6-core-processor-100-100000065box
2024-09-11,cpu,AMD Ryzen 5 5600X,g94BD3,124.0,lowest in-stock retailer price,124.0,124.0,5,4,USD,ok,http://web.archive.org/web/20240911061617/https://pcpartpicker.com/product/g94BD3/amd-ryzen-5-5600x-37-ghz-6-core-processor-100-100000065box
2024-11-12,cpu,AMD Ryzen 5 5600X,g94BD3,130.58,lowest in-stock retailer price,130.58,139.0,6,5,USD,ok,http://web.archive.org/web/20241112134302/https://pcpartpicker.com/product/g94BD3/amd-ryzen-5-5600x-37-ghz-6-core-processor-100-100000065box
2024-12-18,cpu,AMD Ryzen 5 5600X,g94BD3,112.99,lowest in-stock retailer price,112.99,138.15,5,2,USD,ok,http://web.archive.org/web/20241218115908/https://pcpartpicker.com/product/g94BD3/amd-ryzen-5-5600x-37-ghz-6-core-processor-100-100000065box
2025-01-12,cpu,AMD Ryzen 5 5600X,g94BD3,119.89,lowest in-stock retailer price,119.89,165.98,5,2,USD,ok,http://web.archive.org/web/20250112123312/https://pcpartpicker.com/product/g94BD3/amd-ryzen-5-5600x-37-ghz-6-core-processor-100-100000065box
2025-02-16,cpu,AMD Ryzen 5 5600X,g94BD3,119.89,lowest in-stock retailer price,119.89,141.995,6,4,USD,ok,http://web.archive.org/web/20250216025305/https://pcpartpicker.com/product/g94BD3/amd-ryzen-5-5600x-37-ghz-6-core-processor-100-100000065box
2025-03-18,cpu,AMD Ryzen 5 5600X,g94BD3,121.99,lowest in-stock retailer price,121.99,148.0,5,3,USD,ok,http://web.archive.org/web/20250318031025/https://pcpartpicker.com/product/g94BD3/amd-ryzen-5-5600x-37-ghz-6-core-processor-100-100000065box
2025-05-25,cpu,AMD Ryzen 5 5600X,g94BD3,135.0,lowest in-stock retailer price,135.0,165.98,5,3,USD,ok,http://web.archive.org/web/20250525115139/https://pcpartpicker.com/product/g94BD3/amd-ryzen-5-5600x-37-ghz-6-core-processor-100-100000065box
2025-06-28,cpu,AMD Ryzen 5 5600X,g94BD3,149.0,lowest in-stock retailer price,149.0,165.98,5,4,USD,ok,http://web.archive.org/web/20250628191641/https://pcpartpicker.com/product/g94BD3/amd-ryzen-5-5600x-37-ghz-6-core-processor-100-100000065box
2025-07-16,cpu,AMD Ryzen 5 5600X,g94BD3,160.0,lowest in-stock retailer price,158.99,165.98,5,3,USD,ok,http://web.archive.org/web/20250716110756/https://pcpartpicker.com/product/g94BD3/amd-ryzen-5-5600x-37-ghz-6-core-processor-100-100000065box
2025-08-27,cpu,AMD Ryzen 5 5600X,g94BD3,158.99,lowest in-stock retailer price,158.99,171.64499999999998,6,5,USD,ok,http://web.archive.org/web/20250827030241/https://pcpartpicker.com/product/g94BD3/amd-ryzen-5-5600x-37-ghz-6-core-processor-100-100000065box
2025-09-18,cpu,AMD Ryzen 5 5600X,g94BD3,159.99,lowest in-stock retailer price,159.99,174.99,5,4,USD,ok,http://web.archive.org/web/20250918042230/https://pcpartpicker.com/product/g94BD3/amd-ryzen-5-5600x-37-ghz-6-core-processor-100-100000065box
2025-11-29,cpu,AMD Ryzen 5 5600X,g94BD3,194.34,lowest in-stock retailer price,165.98,195.5,4,3,USD,ok,http://web.archive.org/web/20251129205932/https://pcpartpicker.com/product/g94BD3/amd-ryzen-5-5600x-37-ghz-6-core-processor-100-100000065box
2026-01-02,cpu,AMD Ryzen 5 5600X,g94BD3,219.99,lowest in-stock retailer price,165.98,221.60500000000002,4,3,USD,ok,http://web.archive.org/web/20260102215557/https://pcpartpicker.com/product/g94BD3/amd-ryzen-5-5600x-37-ghz-6-core-processor-100-100000065box
2026-02-17,cpu,AMD Ryzen 5 5600X,g94BD3,217.49,lowest in-stock retailer price,165.98,191.735,2,1,USD,ok,http://web.archive.org/web/20260217123459/https://pcpartpicker.com/product/g94BD3/amd-ryzen-5-5600x-37-ghz-6-core-processor-100-100000065box
2026-03-16,cpu,AMD Ryzen 5 5600X,g94BD3,181.5,lowest in-stock retailer price,165.98,173.74,2,1,USD,ok,http://web.archive.org/web/20260316164043/https://pcpartpicker.com/product/g94BD3/amd-ryzen-5-5600x-37-ghz-6-core-processor-100-100000065box
2026-04-14,cpu,AMD Ryzen 5 5600X,g94BD3,178.9,lowest in-stock retailer price,165.98,172.44,2,1,USD,ok,http://web.archive.org/web/20260414081013/https://pcpartpicker.com/product/g94BD3/amd-ryzen-5-5600x-37-ghz-6-core-processor-100-100000065box
2026-05-19,cpu,AMD Ryzen 5 5600X,g94BD3,179.98,lowest in-stock retailer price,165.98,179.98,3,2,USD,ok,http://web.archive.org/web/20260519060142/https://pcpartpicker.com/product/g94BD3/amd-ryzen-5-5600x-37-ghz-6-core-processor-100-100000065box
2026-06-21,cpu,AMD Ryzen 5 5600X,g94BD3,176.0,lowest in-stock retailer price,165.98,176.0,3,2,USD,ok,http://web.archive.org/web/20260621032045/https://pcpartpicker.com/product/g94BD3/amd-ryzen-5-5600x-37-ghz-6-core-processor-100-100000065box
2026-07-25,cpu,AMD Ryzen 5 5600X,g94BD3,179.8,lowest in-stock retailer price,165.98,179.8,3,2,USD,ok,http://web.archive.org/web/20260725013322/https://pcpartpicker.com/product/g94BD3/amd-ryzen-5-5600x-37-ghz-6-core-processor-100-100000065box
2026-08-13,cpu,AMD Ryzen 5 5600X,g94BD3,178.98,lowest in-stock retailer price,165.98,178.99,4,3,USD,ok,http://web.archive.org/web/20260813145837/https://pcpartpicker.com/product/g94BD3/amd-ryzen-5-5600x-37-ghz-6-core-processor-100-100000065box
2026-09-14,cpu,AMD Ryzen 5 5600X,g94BD3,176.05,lowest in-stock retailer price,165.98,177.525,4,3,USD,ok,http://web.archive.org/web/20260914082311/https://pcpartpicker.com/product/g94BD3/amd-ryzen-5-5600x-37-ghz-6-core-processor-100-100000065box
2019-07-18,ssd,Crucial MX500 1TB 2.5in SATA CT1000MX500SSD1,h3tQzy,107.4,lowest in-stock retailer price,107.4,108.745,8,7,USD,ok,http://web.archive.org/web/20190718144022/https://pcpartpicker.com/product/h3tQzy/crucial-mx500-1tb-25-solid-state-drive-ct1000mx500ssd1
2019-08-12,ssd,Crucial MX500 1TB 2.5in SATA CT1000MX500SSD1,h3tQzy,107.89,lowest in-stock retailer price,107.89,107.99,8,6,USD,ok,http://web.archive.org/web/20190812004111/https://pcpartpicker.com/product/h3tQzy/crucial-mx500-1tb-25-solid-state-drive-ct1000mx500ssd1
2019-10-12,ssd,Crucial MX500 1TB 2.5in SATA CT1000MX500SSD1,h3tQzy,107.4,lowest in-stock retailer price,107.4,107.99,7,6,USD,ok,http://web.archive.org/web/20191012174043/https://pcpartpicker.com/product/h3tQzy/crucial-mx500-1tb-25-solid-state-drive-ct1000mx500ssd1
2020-02-27,ssd,Crucial MX500 1TB 2.5in SATA CT1000MX500SSD1,h3tQzy,114.99,lowest in-stock retailer price,114.99,122.79499999999999,6,6,USD,ok,http://web.archive.org/web/20200227025027/https://pcpartpicker.com/product/h3tQzy/crucial-mx500-1tb-25-solid-state-drive-ct1000mx500ssd1
2020-05-13,ssd,Crucial MX500 1TB 2.5in SATA CT1000MX500SSD1,h3tQzy,114.99,lowest in-stock retailer price,114.99,114.99,5,5,USD,ok,http://web.archive.org/web/20200513144654/https://pcpartpicker.com/product/h3tQzy/crucial-mx500-1tb-25-solid-state-drive-ct1000mx500ssd1
2020-06-17,ssd,Crucial MX500 1TB 2.5in SATA CT1000MX500SSD1,h3tQzy,109.25,lowest in-stock retailer price,109.25,114.99,6,6,USD,ok,http://web.archive.org/web/20200617172658/https://pcpartpicker.com/product/h3tQzy/crucial-mx500-1tb-25-solid-state-drive-ct1000mx500ssd1
2020-07-27,ssd,Crucial MX500 1TB 2.5in SATA CT1000MX500SSD1,h3tQzy,114.99,lowest in-stock retailer price,114.99,114.99,6,6,USD,ok,http://web.archive.org/web/20200727090309/https://pcpartpicker.com/product/h3tQzy/crucial-mx500-1tb-25-solid-state-drive-ct1000mx500ssd1
2020-08-18,ssd,Crucial MX500 1TB 2.5in SATA CT1000MX500SSD1,h3tQzy,103.49,lowest in-stock retailer price,103.49,104.88,6,5,USD,ok,http://web.archive.org/web/20200818113358/https://pcpartpicker.com/product/h3tQzy/crucial-mx500-1tb-25-solid-state-drive-ct1000mx500ssd1
2020-09-14,ssd,Crucial MX500 1TB 2.5in SATA CT1000MX500SSD1,h3tQzy,98.99,lowest in-stock retailer price,98.99,114.99,7,6,USD,ok,http://web.archive.org/web/20200914081827/https://pcpartpicker.com/product/h3tQzy/crucial-mx500-1tb-25-solid-state-drive-ct1000mx500ssd1
2020-10-10,ssd,Crucial MX500 1TB 2.5in SATA CT1000MX500SSD1,h3tQzy,114.99,lowest in-stock retailer price,114.99,114.99,6,5,USD,ok,http://web.archive.org/web/20201010231129/https://pcpartpicker.com/product/h3tQzy/crucial-mx500-1tb-25-solid-state-drive-ct1000mx500ssd1
2020-11-15,ssd,Crucial MX500 1TB 2.5in SATA CT1000MX500SSD1,h3tQzy,114.99,lowest in-stock retailer price,114.99,114.99,7,6,USD,ok,http://web.archive.org/web/20201115122722/https://pcpartpicker.com/product/h3tQzy/crucial-mx500-1tb-25-solid-state-drive-ct1000mx500ssd1
2020-12-19,ssd,Crucial MX500 1TB 2.5in SATA CT1000MX500SSD1,h3tQzy,89.0,lowest in-stock retailer price,89.0,89.99,7,6,USD,ok,http://web.archive.org/web/20201219083429/https://pcpartpicker.com/product/h3tQzy/crucial-mx500-1tb-25-solid-state-drive-ct1000mx500ssd1
2021-01-15,ssd,Crucial MX500 1TB 2.5in SATA CT1000MX500SSD1,h3tQzy,84.99,lowest in-stock retailer price,84.99,84.99,6,4,USD,ok,http://web.archive.org/web/20210115090034/https://pcpartpicker.com/product/h3tQzy/crucial-mx500-1tb-25-solid-state-drive-ct1000mx500ssd1
2021-02-15,ssd,Crucial MX500 1TB 2.5in SATA CT1000MX500SSD1,h3tQzy,104.99,lowest in-stock retailer price,104.99,106.27,7,5,USD,ok,http://web.archive.org/web/20210215010005/https://pcpartpicker.com/product/h3tQzy/crucial-mx500-1tb-25-solid-state-drive-ct1000mx500ssd1
2021-03-15,ssd,Crucial MX500 1TB 2.5in SATA CT1000MX500SSD1,h3tQzy,104.99,lowest in-stock retailer price,104.99,104.99,6,6,USD,ok,http://web.archive.org/web/20210315202413/https://pcpartpicker.com/product/h3tQzy/crucial-mx500-1tb-25-solid-state-drive-ct1000mx500ssd1
2021-04-15,ssd,Crucial MX500 1TB 2.5in SATA CT1000MX500SSD1,h3tQzy,104.99,lowest in-stock retailer price,104.99,104.99,6,5,USD,ok,http://web.archive.org/web/20210415035857/https://pcpartpicker.com/product/h3tQzy/crucial-mx500-1tb-25-solid-state-drive-ct1000mx500ssd1
2021-05-15,ssd,Crucial MX500 1TB 2.5in SATA CT1000MX500SSD1,h3tQzy,97.99,lowest in-stock retailer price,97.99,97.99,6,6,USD,ok,http://web.archive.org/web/20210515004628/https://pcpartpicker.com/product/h3tQzy/crucial-mx500-1tb-25-solid-state-drive-ct1000mx500ssd1
2021-06-15,ssd,Crucial MX500 1TB 2.5in SATA CT1000MX500SSD1,h3tQzy,95.5,lowest in-stock retailer price,95.5,99.99,6,6,USD,ok,http://web.archive.org/web/20210615031940/https://pcpartpicker.com/product/h3tQzy/crucial-mx500-1tb-25-solid-state-drive-ct1000mx500ssd1
2021-07-06,ssd,Crucial MX500 1TB 2.5in SATA CT1000MX500SSD1,h3tQzy,95.55,lowest in-stock retailer price,95.55,114.99,6,6,USD,ok,http://web.archive.org/web/20210706030724/https://pcpartpicker.com/product/h3tQzy/crucial-mx500-1tb-25-solid-state-drive-ct1000mx500ssd1
2021-08-25,ssd,Crucial MX500 1TB 2.5in SATA CT1000MX500SSD1,h3tQzy,99.99,lowest in-stock retailer price,99.99,99.99,6,4,USD,ok,http://web.archive.org/web/20210825213008/https://pcpartpicker.com/product/h3tQzy/crucial-mx500-1tb-25-solid-state-drive-ct1000mx500ssd1
2021-09-15,ssd,Crucial MX500 1TB 2.5in SATA CT1000MX500SSD1,h3tQzy,99.99,lowest in-stock retailer price,99.99,99.99,7,6,USD,ok,http://web.archive.org/web/20210915042830/https://pcpartpicker.com/product/h3tQzy/crucial-mx500-1tb-25-solid-state-drive-ct1000mx500ssd1
2021-10-21,ssd,Crucial MX500 1TB 2.5in SATA CT1000MX500SSD1,h3tQzy,90.81,lowest in-stock retailer price,90.81,99.99,7,6,USD,ok,http://web.archive.org/web/20211021105517/https://pcpartpicker.com/product/h3tQzy/crucial-mx500-1tb-25-solid-state-drive-ct1000mx500ssd1
2021-11-27,ssd,Crucial MX500 1TB 2.5in SATA CT1000MX500SSD1,h3tQzy,84.99,lowest in-stock retailer price,84.99,84.99,6,5,USD,ok,http://web.archive.org/web/20211127175920/https://pcpartpicker.com/product/h3tQzy/crucial-mx500-1tb-25-solid-state-drive-ct1000mx500ssd1
2022-04-18,ssd,Crucial MX500 1TB 2.5in SATA CT1000MX500SSD1,h3tQzy,94.99,lowest in-stock retailer price,94.99,94.99,6,6,USD,ok,http://web.archive.org/web/20220418053637/https://pcpartpicker.com/product/h3tQzy/crucial-mx500-1tb-25-solid-state-drive-ct1000mx500ssd1
2022-08-02,ssd,Crucial MX500 1TB 2.5in SATA CT1000MX500SSD1,h3tQzy,84.99,lowest in-stock retailer price,84.99,92.235,6,6,USD,ok,http://web.archive.org/web/20220802043851/https://pcpartpicker.com/product/h3tQzy/
2023-03-15,ssd,Crucial MX500 1TB 2.5in SATA CT1000MX500SSD1,h3tQzy,51.99,lowest in-stock retailer price,51.99,51.99,6,6,USD,ok,http://web.archive.org/web/20230315042102/https://pcpartpicker.com/product/h3tQzy/crucial-mx500-1tb-25-solid-state-drive-ct1000mx500ssd1
2024-02-28,ssd,Crucial MX500 1TB 2.5in SATA CT1000MX500SSD1,h3tQzy,79.98,lowest in-stock retailer price,79.98,79.99,6,5,USD,ok,http://web.archive.org/web/20240228193819/https://pcpartpicker.com/product/h3tQzy/crucial-mx500-1tb-25-solid-state-drive-ct1000mx500ssd1
2024-04-29,ssd,Crucial MX500 1TB 2.5in SATA CT1000MX500SSD1,h3tQzy,88.99,lowest in-stock retailer price,88.99,91.985,6,5,USD,ok,http://web.archive.org/web/20240429021034/https://pcpartpicker.com/product/h3tQzy/crucial-mx500-1tb-25-solid-state-drive-ct1000mx500ssd1
2024-05-03,ssd,Crucial MX500 1TB 2.5in SATA CT1000MX500SSD1,h3tQzy,87.74,lowest in-stock retailer price,87.74,89.99,6,5,USD,ok,http://web.archive.org/web/20240503212530/https://pcpartpicker.com/product/h3tQzy/crucial-mx500-1tb-25-solid-state-drive-ct1000mx500ssd1
2024-08-22,ssd,Crucial MX500 1TB 2.5in SATA CT1000MX500SSD1,h3tQzy,82.8,lowest in-stock retailer price,82.8,86.99,6,6,USD,ok,http://web.archive.org/web/20240822211324/https://pcpartpicker.com/product/h3tQzy/crucial-mx500-1tb-25-solid-state-drive-ct1000mx500ssd1
2024-09-06,ssd,Crucial MX500 1TB 2.5in SATA CT1000MX500SSD1,h3tQzy,82.49,lowest in-stock retailer price,82.49,86.99,6,5,USD,ok,http://web.archive.org/web/20240906005039/https://pcpartpicker.com/product/h3tQzy/crucial-mx500-1tb-25-solid-state-drive-ct1000mx500ssd1
2024-11-17,ssd,Crucial MX500 1TB 2.5in SATA CT1000MX500SSD1,h3tQzy,79.74,lowest in-stock retailer price,79.74,86.99,5,4,USD,ok,http://web.archive.org/web/20241117114542/https://pcpartpicker.com/product/h3tQzy/crucial-mx500-1tb-25-solid-state-drive-ct1000mx500ssd1
2024-12-17,ssd,Crucial MX500 1TB 2.5in SATA CT1000MX500SSD1,h3tQzy,77.98,lowest in-stock retailer price,77.98,86.99,5,3,USD,ok,http://web.archive.org/web/20241217205115/https://pcpartpicker.com/product/h3tQzy/crucial-mx500-1tb-25-solid-state-drive-ct1000mx500ssd1
2025-01-24,ssd,Crucial MX500 1TB 2.5in SATA CT1000MX500SSD1,h3tQzy,77.98,lowest in-stock retailer price,77.98,86.99,5,3,USD,ok,http://web.archive.org/web/20250124114307/https://pcpartpicker.com/product/h3tQzy/crucial-mx500-1tb-25-solid-state-drive-ct1000mx500ssd1
2025-02-23,ssd,Crucial MX500 1TB 2.5in SATA CT1000MX500SSD1,h3tQzy,83.9,lowest in-stock retailer price,83.9,86.99,3,2,USD,ok,http://web.archive.org/web/20250223011201/https://pcpartpicker.com/product/h3tQzy/crucial-mx500-1tb-25-solid-state-drive-ct1000mx500ssd1
2025-03-19,ssd,Crucial MX500 1TB 2.5in SATA CT1000MX500SSD1,h3tQzy,78.7,lowest in-stock retailer price,78.7,86.99,3,2,USD,ok,http://web.archive.org/web/20250319143411/https://pcpartpicker.com/product/h3tQzy/crucial-mx500-1tb-25-solid-state-drive-ct1000mx500ssd1
2025-07-27,ssd,Crucial MX500 1TB 2.5in SATA CT1000MX500SSD1,h3tQzy,149.99,lowest in-stock retailer price,149.99,149.99,1,1,USD,ok,http://web.archive.org/web/20250727074936/https://pcpartpicker.com/product/h3tQzy/crucial-mx500-1tb-25-solid-state-drive-ct1000mx500ssd1
2025-08-24,ssd,Crucial MX500 1TB 2.5in SATA CT1000MX500SSD1,h3tQzy,144.99,lowest in-stock retailer price,144.99,144.99,1,1,USD,ok,http://web.archive.org/web/20250824020434/https://pcpartpicker.com/product/h3tQzy/crucial-mx500-1tb-25-solid-state-drive-ct1000mx500ssd1
2025-12-21,ssd,Crucial MX500 1TB 2.5in SATA CT1000MX500SSD1,h3tQzy,189.99,lowest in-stock retailer price,189.99,189.99,1,1,USD,ok,http://web.archive.org/web/20251221025558/https://pcpartpicker.com/product/h3tQzy/crucial-mx500-1tb-25-solid-state-drive-ct1000mx500ssd1
2026-03-01,ssd,Crucial MX500 1TB 2.5in SATA CT1000MX500SSD1,h3tQzy,299.99,lowest in-stock retailer price,299.99,299.99,1,1,USD,ok,http://web.archive.org/web/20260301230639/https://pcpartpicker.com/product/h3tQzy/crucial-mx500-1tb-25-solid-state-drive-ct1000mx500ssd1
2020-11-14,ram,G.Skill Ripjaws V 32GB (2x16GB) DDR4-3600 CL18 F4-3600C18D-32GVK,nvjNnQ,129.99,lowest in-stock retailer price,129.99,186.995,2,2,USD,ok,http://web.archive.org/web/20201114005749/https://pcpartpicker.com/product/nvjNnQ/
2021-01-17,ram,G.Skill Ripjaws V 32GB (2x16GB) DDR4-3600 CL18 F4-3600C18D-32GVK,nvjNnQ,144.99,lowest in-stock retailer price,144.99,203.775,2,2,USD,ok,http://web.archive.org/web/20210117234846/https://pcpartpicker.com/product/nvjNnQ/gskill-ripjaws-v-32-gb-2-x-16-gb-ddr4-3600-memory-f4-3600c18d-32gvk
2021-08-30,ram,G.Skill Ripjaws V 32GB (2x16GB) DDR4-3600 CL18 F4-3600C18D-32GVK,nvjNnQ,139.99,lowest in-stock retailer price,139.99,160.99,2,2,USD,ok,http://web.archive.org/web/20210830100335/https://pcpartpicker.com/product/nvjNnQ/gskill-ripjaws-v-32-gb-2-x-16-gb-ddr4-3600-memory-f4-3600c18d-32gvk
2021-09-12,ram,G.Skill Ripjaws V 32GB (2x16GB) DDR4-3600 CL18 F4-3600C18D-32GVK,nvjNnQ,129.99,lowest in-stock retailer price,129.99,152.99,2,2,USD,ok,http://web.archive.org/web/20210912002416/https://pcpartpicker.com/product/nvjNnQ/gskill-ripjaws-v-32-gb-2-x-16-gb-ddr4-3600-memory-f4-3600c18d-32gvk
2021-10-14,ram,G.Skill Ripjaws V 32GB (2x16GB) DDR4-3600 CL18 F4-3600C18D-32GVK,nvjNnQ,119.99,lowest in-stock retailer price,119.99,141.49,2,2,USD,ok,http://web.archive.org/web/20211014122945/https://pcpartpicker.com/product/nvjNnQ/gskill-ripjaws-v-32-gb-2-x-16-gb-ddr4-3600-memory-f4-3600c18d-32gvkZ
2021-12-04,ram,G.Skill Ripjaws V 32GB (2x16GB) DDR4-3600 CL18 F4-3600C18D-32GVK,nvjNnQ,116.99,lowest in-stock retailer price,116.99,138.49,2,2,USD,ok,http://web.archive.org/web/20211204073424/https://pcpartpicker.com/product/nvjNnQ/gskill-ripjaws-v-32-gb-2-x-16-gb-ddr4-3600-memory-f4-3600c18d-32gvk
2022-05-11,ram,G.Skill Ripjaws V 32GB (2x16GB) DDR4-3600 CL18 F4-3600C18D-32GVK,nvjNnQ,114.99,lowest in-stock retailer price,114.99,127.15,2,2,USD,ok,http://web.archive.org/web/20220511043557/https://pcpartpicker.com/product/nvjNnQ/gskill-ripjaws-v-32-gb-2-x-16-gb-ddr4-3600-memory-f4-3600c18d-32gvk
2022-08-02,ram,G.Skill Ripjaws V 32GB (2x16GB) DDR4-3600 CL18 F4-3600C18D-32GVK,nvjNnQ,102.99,lowest in-stock retailer price,102.99,112.03,2,2,USD,ok,http://web.archive.org/web/20220802002750/https://pcpartpicker.com/product/nvjNnQ/
2023-02-19,ram,G.Skill Ripjaws V 32GB (2x16GB) DDR4-3600 CL18 F4-3600C18D-32GVK,nvjNnQ,79.99,lowest in-stock retailer price,79.99,104.495,2,2,USD,ok,http://web.archive.org/web/20230219221549/https://pcpartpicker.com/product/nvjNnQ/gskill-ripjaws-v-32-gb-2-x-16-gb-ddr4-3600-memory-f4-3600c18d-32gvk
2023-03-15,ram,G.Skill Ripjaws V 32GB (2x16GB) DDR4-3600 CL18 F4-3600C18D-32GVK,nvjNnQ,73.99,lowest in-stock retailer price,73.99,87.49,2,2,USD,ok,http://web.archive.org/web/20230315042104/https://pcpartpicker.com/product/nvjNnQ/gskill-ripjaws-v-32-gb-2-x-16-gb-ddr4-3600-memory-f4-3600c18d-32gvk
2023-07-10,ram,G.Skill Ripjaws V 32GB (2x16GB) DDR4-3600 CL18 F4-3600C18D-32GVK,nvjNnQ,64.99,lowest in-stock retailer price,64.99,74.36,3,3,USD,ok,http://web.archive.org/web/20230710234609/https://pcpartpicker.com/product/nvjNnQ/gskill-ripjaws-v-32-gb-2-x-16-gb-ddr4-3600-memory-f4-3600c18d-32gvk%5Cn%5Ct
2023-08-14,ram,G.Skill Ripjaws V 32GB (2x16GB) DDR4-3600 CL18 F4-3600C18D-32GVK,nvjNnQ,57.99,lowest in-stock retailer price,57.99,72.52,3,3,USD,ok,http://web.archive.org/web/20230814052524/https://pcpartpicker.com/product/nvjNnQ/gskill-ripjaws-v-32-gb-2-x-16-gb-ddr4-3600-memory-f4-3600c18d-32gvk
2023-12-19,ram,G.Skill Ripjaws V 32GB (2x16GB) DDR4-3600 CL18 F4-3600C18D-32GVK,nvjNnQ,66.99,lowest in-stock retailer price,66.99,79.29,3,3,USD,ok,http://web.archive.org/web/20231219091148/https://pcpartpicker.com/product/nvjNnQ/gskill-ripjaws-v-32-gb-2-x-16-gb-ddr4-3600-memory-f4-3600c18d-32gvk
2024-03-26,ram,G.Skill Ripjaws V 32GB (2x16GB) DDR4-3600 CL18 F4-3600C18D-32GVK,nvjNnQ,67.99,lowest in-stock retailer price,67.99,81.8,3,3,USD,ok,http://web.archive.org/web/20240326205805/https://pcpartpicker.com/product/nvjNnQ/gskill-ripjaws-v-32-gb-2-x-16-gb-ddr4-3600-memory-f4-3600c18d-32gvk
2024-06-10,ram,G.Skill Ripjaws V 32GB (2x16GB) DDR4-3600 CL18 F4-3600C18D-32GVK,nvjNnQ,67.99,lowest in-stock retailer price,67.99,77.86,3,3,USD,ok,http://web.archive.org/web/20240610053137/https://pcpartpicker.com/product/nvjNnQ/gskill-ripjaws-v-32-gb-2-x-16-gb-ddr4-3600-memory-f4-3600c18d-32gvk
2024-10-07,ram,G.Skill Ripjaws V 32GB (2x16GB) DDR4-3600 CL18 F4-3600C18D-32GVK,nvjNnQ,56.99,lowest in-stock retailer price,56.99,62.925,2,2,USD,ok,http://web.archive.org/web/20241007043939/https://pcpartpicker.com/product/nvjNnQ/gskill-ripjaws-v-32-gb-2-x-16-gb-ddr4-3600-memory-f4-3600c18d-32gvk
2024-11-12,ram,G.Skill Ripjaws V 32GB (2x16GB) DDR4-3600 CL18 F4-3600C18D-32GVK,nvjNnQ,49.99,lowest in-stock retailer price,49.99,64.5,3,3,USD,ok,http://web.archive.org/web/20241112125815/https://pcpartpicker.com/product/nvjNnQ/gskill-ripjaws-v-32-gb-2-x-16-gb-ddr4-3600-memory-f4-3600c18d-32gvk
2024-12-22,ram,G.Skill Ripjaws V 32GB (2x16GB) DDR4-3600 CL18 F4-3600C18D-32GVK,nvjNnQ,56.99,lowest in-stock retailer price,56.99,64.47,2,2,USD,ok,http://web.archive.org/web/20241222152451/https://pcpartpicker.com/product/nvjNnQ/gskill-ripjaws-v-32-gb-2-x-16-gb-ddr4-3600-memory-f4-3600c18d-32gvk
2025-01-14,ram,G.Skill Ripjaws V 32GB (2x16GB) DDR4-3600 CL18 F4-3600C18D-32GVK,nvjNnQ,56.99,lowest in-stock retailer price,56.99,59.44,3,3,USD,ok,http://web.archive.org/web/20250114173552/https://pcpartpicker.com/product/nvjNnQ/gskill-ripjaws-v-32-gb-2-x-16-gb-ddr4-3600-memory-f4-3600c18d-32gvk
2025-02-23,ram,G.Skill Ripjaws V 32GB (2x16GB) DDR4-3600 CL18 F4-3600C18D-32GVK,nvjNnQ,50.98,lowest in-stock retailer price,50.98,52.295,2,2,USD,ok,http://web.archive.org/web/20250223213424/https://pcpartpicker.com/product/nvjNnQ/gskill-ripjaws-v-32-gb-2-x-16-gb-ddr4-3600-memory-f4-3600c18d-32gvk
2025-03-21,ram,G.Skill Ripjaws V 32GB (2x16GB) DDR4-3600 CL18 F4-3600C18D-32GVK,nvjNnQ,52.99,lowest in-stock retailer price,52.99,61.635000000000005,2,2,USD,ok,http://web.archive.org/web/20250321130201/https://pcpartpicker.com/product/nvjNnQ/gskill-ripjaws-v-32-gb-2-x-16-gb-ddr4-3600-memory-f4-3600c18d-32gvk
2025-04-04,ram,G.Skill Ripjaws V 32GB (2x16GB) DDR4-3600 CL18 F4-3600C18D-32GVK,nvjNnQ,47.99,lowest in-stock retailer price,47.99,61.81,3,3,USD,ok,http://web.archive.org/web/20250404132223/https://pcpartpicker.com/product/nvjNnQ/gskill-ripjaws-v-32-gb-2-x-16-gb-ddr4-3600-memory-f4-3600c18d-32gvk
2025-07-26,ram,G.Skill Ripjaws V 32GB (2x16GB) DDR4-3600 CL18 F4-3600C18D-32GVK,nvjNnQ,77.98,lowest in-stock retailer price,77.98,77.985,2,2,USD,ok,http://web.archive.org/web/20250726112017/https://pcpartpicker.com/product/nvjNnQ/gskill-ripjaws-v-32-gb-2-x-16-gb-ddr4-3600-memory-f4-3600c18d-32gvk
2025-09-10,ram,G.Skill Ripjaws V 32GB (2x16GB) DDR4-3600 CL18 F4-3600C18D-32GVK,nvjNnQ,77.98,lowest in-stock retailer price,77.98,77.99,3,3,USD,ok,http://web.archive.org/web/20250910142914/https://pcpartpicker.com/product/nvjNnQ/gskill-ripjaws-v-32-gb-2-x-16-gb-ddr4-3600-memory-f4-3600c18d-32gvk
2025-11-29,ram,G.Skill Ripjaws V 32GB (2x16GB) DDR4-3600 CL18 F4-3600C18D-32GVK,nvjNnQ,189.99,lowest in-stock retailer price,189.99,189.99,1,1,USD,ok,http://web.archive.org/web/20251129211031/https://pcpartpicker.com/product/nvjNnQ/gskill-ripjaws-v-32-gb-2-x-16-gb-ddr4-3600-memory-f4-3600c18d-32gvk
2026-01-02,ram,G.Skill Ripjaws V 32GB (2x16GB) DDR4-3600 CL18 F4-3600C18D-32GVK,nvjNnQ,239.99,lowest in-stock retailer price,239.99,270.22,2,2,USD,ok,http://web.archive.org/web/20260102111239/https://pcpartpicker.com/product/nvjNnQ/gskill-ripjaws-v-32-gb-2-x-16-gb-ddr4-3600-memory-f4-3600c18d-32gvk
2026-02-11,ram,G.Skill Ripjaws V 32GB (2x16GB) DDR4-3600 CL18 F4-3600C18D-32GVK,nvjNnQ,294.99,lowest in-stock retailer price,294.99,294.99,1,1,USD,ok,http://web.archive.org/web/20260211060909/https://pcpartpicker.com/product/nvjNnQ/gskill-ripjaws-v-32-gb-2-x-16-gb-ddr4-3600-memory-f4-3600c18d-32gvk
2026-03-03,ram,G.Skill Ripjaws V 32GB (2x16GB) DDR4-3600 CL18 F4-3600C18D-32GVK,nvjNnQ,309.99,lowest in-stock retailer price,309.99,309.99,3,3,USD,ok,http://web.archive.org/web/20260303182325/https://pcpartpicker.com/product/nvjNnQ/gskill-ripjaws-v-32-gb-2-x-16-gb-ddr4-3600-memory-f4-3600c18d-32gvk
2026-06-21,ram,G.Skill Ripjaws V 32GB (2x16GB) DDR4-3600 CL18 F4-3600C18D-32GVK,nvjNnQ,249.99,lowest in-stock retailer price,249.99,296.03499999999997,2,2,USD,ok,http://web.archive.org/web/20260621233153/https://pcpartpicker.com/product/nvjNnQ/gskill-ripjaws-v-32-gb-2-x-16-gb-ddr4-3600-memory-f4-3600c18d-32gvk
2026-07-29,ram,G.Skill Ripjaws V 32GB (2x16GB) DDR4-3600 CL18 F4-3600C18D-32GVK,nvjNnQ,209.99,lowest in-stock retailer price,209.99,274.57500000000005,2,2,USD,ok,http://web.archive.org/web/20260729182606/https://pcpartpicker.com/product/nvjNnQ/gskill-ripjaws-v-32-gb-2-x-16-gb-ddr4-3600-memory-f4-3600c18d-32gvk
2026-09-07,ram,G.Skill Ripjaws V 32GB (2x16GB) DDR4-3600 CL18 F4-3600C18D-32GVK,nvjNnQ,239.99,lowest in-stock retailer price,239.99,239.99,1,1,USD,ok,http://web.archive.org/web/20260907171540/https://pcpartpicker.com/product/nvjNnQ/gskill-ripjaws-v-32-gb-2-x-16-gb-ddr4-3600-memory-f4-3600c18d-32gvk
2019-03-01,ram,Corsair Vengeance LPX 16GB (2x8GB) DDR4-3200 CL16 CMK16GX4M2B3200C16,p6RFf7,,no in-stock listing,,,0,0,USD,ok,http://web.archive.org/web/20190301182114/https://pcpartpicker.com/product/p6RFf7/corsair-memory-cmk16gx4m2b3200c16
2019-04-16,ram,Corsair Vengeance LPX 16GB (2x8GB) DDR4-3200 CL16 CMK16GX4M2B3200C16,p6RFf7,,no in-stock listing,,,0,0,USD,ok,http://web.archive.org/web/20190416202750/https://pcpartpicker.com/product/p6RFf7/corsair-memory-cmk16gx4m2b3200c16
2019-07-12,ram,Corsair Vengeance LPX 16GB (2x8GB) DDR4-3200 CL16 CMK16GX4M2B3200C16,p6RFf7,64.99,lowest in-stock retailer price,64.99,77.25,5,3,USD,ok,http://web.archive.org/web/20190712171430/https://pcpartpicker.com/product/p6RFf7/corsair-memory-cmk16gx4m2b3200c16
2019-08-17,ram,Corsair Vengeance LPX 16GB (2x8GB) DDR4-3200 CL16 CMK16GX4M2B3200C16,p6RFf7,81.99,lowest in-stock retailer price,81.99,84.99,6,5,USD,ok,http://web.archive.org/web/20190817021224/https://pcpartpicker.com/product/p6RFf7/corsair-memory-cmk16gx4m2b3200c16
2019-09-15,ram,Corsair Vengeance LPX 16GB (2x8GB) DDR4-3200 CL16 CMK16GX4M2B3200C16,p6RFf7,82.98,lowest in-stock retailer price,82.98,84.99,6,4,USD,ok,http://web.archive.org/web/20190915124002/https://pcpartpicker.com/product/p6RFf7/corsair-memory-cmk16gx4m2b3200c16
2019-10-08,ram,Corsair Vengeance LPX 16GB (2x8GB) DDR4-3200 CL16 CMK16GX4M2B3200C16,p6RFf7,82.89,lowest in-stock retailer price,82.89,84.99,7,5,USD,ok,http://web.archive.org/web/20191008222651/https://pcpartpicker.com/product/p6RFf7/corsair-memory-cmk16gx4m2b3200c16
2020-03-30,ram,Corsair Vengeance LPX 16GB (2x8GB) DDR4-3200 CL16 CMK16GX4M2B3200C16,p6RFf7,77.98,lowest in-stock retailer price,77.98,77.99,5,3,USD,ok,http://web.archive.org/web/20200330200532/https://pcpartpicker.com/product/p6RFf7/corsair-memory-cmk16gx4m2b3200c16
2020-04-23,ram,Corsair Vengeance LPX 16GB (2x8GB) DDR4-3200 CL16 CMK16GX4M2B3200C16,p6RFf7,85.99,lowest in-stock retailer price,83.99,85.99,5,3,USD,ok,http://web.archive.org/web/20200423105443/https://pcpartpicker.com/product/p6RFf7/corsair-memory-cmk16gx4m2b3200c16
2020-05-20,ram,Corsair Vengeance LPX 16GB (2x8GB) DDR4-3200 CL16 CMK16GX4M2B3200C16,p6RFf7,74.98,lowest in-stock retailer price,74.98,77.49,6,5,USD,ok,http://web.archive.org/web/20200520180221/https://pcpartpicker.com/product/p6RFf7/corsair-memory-cmk16gx4m2b3200c16
2020-07-21,ram,Corsair Vengeance LPX 16GB (2x8GB) DDR4-3200 CL16 CMK16GX4M2B3200C16,p6RFf7,71.98,lowest in-stock retailer price,71.98,75.99,7,6,USD,ok,http://web.archive.org/web/20200721220306/https://pcpartpicker.com/product/p6RFf7/corsair-memory-cmk16gx4m2b3200c16
2020-09-17,ram,Corsair Vengeance LPX 16GB (2x8GB) DDR4-3200 CL16 CMK16GX4M2B3200C16,p6RFf7,65.98,lowest in-stock retailer price,65.98,69.995,8,7,USD,ok,http://web.archive.org/web/20200917054405/https://pcpartpicker.com/product/p6RFf7/corsair-memory-cmk16gx4m2b3200c16
2020-10-05,ram,Corsair Vengeance LPX 16GB (2x8GB) DDR4-3200 CL16 CMK16GX4M2B3200C16,p6RFf7,62.99,lowest in-stock retailer price,62.99,68.99,7,5,USD,ok,http://web.archive.org/web/20201005125048/https://pcpartpicker.com/product/p6RFf7/corsair-memory-cmk16gx4m2b3200c16
2020-11-09,ram,Corsair Vengeance LPX 16GB (2x8GB) DDR4-3200 CL16 CMK16GX4M2B3200C16,p6RFf7,68.99,lowest in-stock retailer price,59.99,76.775,8,4,USD,ok,http://web.archive.org/web/20201109165627/https://pcpartpicker.com/product/p6RFf7/corsair-memory-cmk16gx4m2b3200c16
2020-12-23,ram,Corsair Vengeance LPX 16GB (2x8GB) DDR4-3200 CL16 CMK16GX4M2B3200C16,p6RFf7,83.99,lowest in-stock retailer price,83.99,83.99,7,4,USD,ok,http://web.archive.org/web/20201223064353/https://pcpartpicker.com/product/p6RFf7/corsair-memory
2021-01-11,ram,Corsair Vengeance LPX 16GB (2x8GB) DDR4-3200 CL16 CMK16GX4M2B3200C16,p6RFf7,83.99,lowest in-stock retailer price,83.99,85.99,7,4,USD,ok,http://web.archive.org/web/20210111002903/https://pcpartpicker.com/product/p6RFf7/corsair-memory-cmk16gx4m2b3200c16
2021-03-10,ram,Corsair Vengeance LPX 16GB (2x8GB) DDR4-3200 CL16 CMK16GX4M2B3200C16,p6RFf7,89.99,lowest in-stock retailer price,89.99,89.99,7,4,USD,ok,http://web.archive.org/web/20210310231728/https://pcpartpicker.com/product/p6RFf7/corsair-memory-cmk16gx4m2b3200c16%E2%80%99
2021-05-02,ram,Corsair Vengeance LPX 16GB (2x8GB) DDR4-3200 CL16 CMK16GX4M2B3200C16,p6RFf7,92.99,lowest in-stock retailer price,92.99,104.99,8,5,USD,ok,http://web.archive.org/web/20210502061946/https://pcpartpicker.com/product/p6RFf7/
2021-07-16,ram,Corsair Vengeance LPX 16GB (2x8GB) DDR4-3200 CL16 CMK16GX4M2B3200C16,p6RFf7,87.99,lowest in-stock retailer price,87.99,87.99,6,5,USD,ok,http://web.archive.org/web/20210716011231/https://pcpartpicker.com/product/p6RFf7/corsair-memory-cmk16gx4m2b3200c16
2021-08-25,ram,Corsair Vengeance LPX 16GB (2x8GB) DDR4-3200 CL16 CMK16GX4M2B3200C16,p6RFf7,74.98,lowest in-stock retailer price,74.98,74.99,6,4,USD,ok,http://web.archive.org/web/20210825212618/https://pcpartpicker.com/product/p6RFf7/corsair-memory-cmk16gx4m2b3200c16
2021-09-13,ram,Corsair Vengeance LPX 16GB (2x8GB) DDR4-3200 CL16 CMK16GX4M2B3200C16,p6RFf7,72.99,lowest in-stock retailer price,72.99,77.99,6,4,USD,ok,http://web.archive.org/web/20210913150738/https://pcpartpicker.com/product/p6RFf7/corsair-memory-cmk16gx4m2b3200c16
2021-10-06,ram,Corsair Vengeance LPX 16GB (2x8GB) DDR4-3200 CL16 CMK16GX4M2B3200C16,p6RFf7,71.98,lowest in-stock retailer price,71.98,71.99,6,4,USD,ok,http://web.archive.org/web/20211006105837/https://pcpartpicker.com/product/p6RFf7/corsair-memory-cmk16gx4m2b3200c16
2021-11-15,ram,Corsair Vengeance LPX 16GB (2x8GB) DDR4-3200 CL16 CMK16GX4M2B3200C16,p6RFf7,67.99,lowest in-stock retailer price,67.99,75.99,5,5,USD,ok,http://web.archive.org/web/20211115095304/https://pcpartpicker.com/product/p6RFf7/corsair-memory-cmk16gx4m2b3200c16
2021-12-15,ram,Corsair Vengeance LPX 16GB (2x8GB) DDR4-3200 CL16 CMK16GX4M2B3200C16,p6RFf7,64.98,lowest in-stock retailer price,64.98,64.99,6,5,USD,ok,http://web.archive.org/web/20211215204743/https://pcpartpicker.com/product/p6RFf7/
2022-02-20,ram,Corsair Vengeance LPX 16GB (2x8GB) DDR4-3200 CL16 CMK16GX4M2B3200C16,p6RFf7,77.98,lowest in-stock retailer price,77.98,77.99,6,5,USD,ok,http://web.archive.org/web/20220220202122/https://pcpartpicker.com/product/p6RFf7/corsair-memory-cmk16gx4m2b3200c16
2022-03-06,ram,Corsair Vengeance LPX 16GB (2x8GB) DDR4-3200 CL16 CMK16GX4M2B3200C16,p6RFf7,77.98,lowest in-stock retailer price,77.98,77.99,6,5,USD,ok,http://web.archive.org/web/20220306084033/https://pcpartpicker.com/product/p6RFf7/corsair-memory-cmk16gx4m2b3200c16
2022-04-22,ram,Corsair Vengeance LPX 16GB (2x8GB) DDR4-3200 CL16 CMK16GX4M2B3200C16,p6RFf7,69.98,lowest in-stock retailer price,69.98,69.99,6,4,USD,ok,http://web.archive.org/web/20220422065457/https://pcpartpicker.com/product/p6RFf7/corsair-memory-cmk16gx4m2b3200c16
2022-05-09,ram,Corsair Vengeance LPX 16GB (2x8GB) DDR4-3200 CL16 CMK16GX4M2B3200C16,p6RFf7,73.99,lowest in-stock retailer price,73.99,74.99,6,5,USD,ok,http://web.archive.org/web/20220509162553/https://pcpartpicker.com/product/p6RFf7/corsair-memory-cmk16gx4m2b3200c16)
2022-08-06,ram,Corsair Vengeance LPX 16GB (2x8GB) DDR4-3200 CL16 CMK16GX4M2B3200C16,p6RFf7,59.99,lowest in-stock retailer price,59.99,59.99,5,5,USD,ok,http://web.archive.org/web/20220806140639/https://pcpartpicker.com/product/p6RFf7/corsair-memory-cmk16gx4m2b3200c16
2022-09-12,ram,Corsair Vengeance LPX 16GB (2x8GB) DDR4-3200 CL16 CMK16GX4M2B3200C16,p6RFf7,54.99,lowest in-stock retailer price,54.99,54.99,5,5,USD,ok,http://web.archive.org/web/20220912044951/https://pcpartpicker.com/product/p6RFf7/corsair-memory-cmk16gx4m2b3200c16
2022-10-15,ram,Corsair Vengeance LPX 16GB (2x8GB) DDR4-3200 CL16 CMK16GX4M2B3200C16,p6RFf7,59.99,lowest in-stock retailer price,59.99,59.99,5,3,USD,ok,http://web.archive.org/web/20221015010020/https://pcpartpicker.com/product/p6RFf7/corsair-memory-cmk16gx4m2b3200c16
2022-11-26,ram,Corsair Vengeance LPX 16GB (2x8GB) DDR4-3200 CL16 CMK16GX4M2B3200C16,p6RFf7,49.99,lowest in-stock retailer price,49.99,49.99,4,4,USD,ok,http://web.archive.org/web/20221126195444/https://pcpartpicker.com/product/p6RFf7/corsair-memory-cmk16gx4m2b3200c16
2022-12-25,ram,Corsair Vengeance LPX 16GB (2x8GB) DDR4-3200 CL16 CMK16GX4M2B3200C16,p6RFf7,52.99,lowest in-stock retailer price,52.99,54.99,5,4,USD,ok,http://web.archive.org/web/20221225215541/https://pcpartpicker.com/product/p6RFf7/corsair-memory-cmk16gx4m2b3200c16
2023-01-06,ram,Corsair Vengeance LPX 16GB (2x8GB) DDR4-3200 CL16 CMK16GX4M2B3200C16,p6RFf7,49.99,lowest in-stock retailer price,49.99,54.99,5,4,USD,ok,http://web.archive.org/web/20230106074242/https://pcpartpicker.com/product/p6RFf7/corsair-memory-cmk16gx4m2b3200c16
2023-02-05,ram,Corsair Vengeance LPX 16GB (2x8GB) DDR4-3200 CL16 CMK16GX4M2B3200C16,p6RFf7,48.99,lowest in-stock retailer price,48.99,49.99,5,4,USD,ok,http://web.archive.org/web/20230205181731/https://pcpartpicker.com/product/p6RFf7/corsair-memory-cmk16gx4m2b3200c16
2023-03-15,ram,Corsair Vengeance LPX 16GB (2x8GB) DDR4-3200 CL16 CMK16GX4M2B3200C16,p6RFf7,47.99,lowest in-stock retailer price,47.99,47.99,5,4,USD,ok,http://web.archive.org/web/20230315042104/https://pcpartpicker.com/product/p6RFf7/corsair-memory-cmk16gx4m2b3200c16
2023-05-24,ram,Corsair Vengeance LPX 16GB (2x8GB) DDR4-3200 CL16 CMK16GX4M2B3200C16,p6RFf7,44.99,lowest in-stock retailer price,44.99,49.99,5,4,USD,ok,http://web.archive.org/web/20230524033908/https://pcpartpicker.com/product/p6RFf7/corsair-memory-cmk16gx4m2b3200c16
2023-07-10,ram,Corsair Vengeance LPX 16GB (2x8GB) DDR4-3200 CL16 CMK16GX4M2B3200C16,p6RFf7,39.99,lowest in-stock retailer price,39.99,39.99,5,4,USD,ok,http://web.archive.org/web/20230710014247/https://pcpartpicker.com/product/p6RFf7/corsair-memory-cmk16gx4m2b3200c16
2023-08-09,ram,Corsair Vengeance LPX 16GB (2x8GB) DDR4-3200 CL16 CMK16GX4M2B3200C16,p6RFf7,39.99,lowest in-stock retailer price,39.99,39.99,5,4,USD,ok,http://web.archive.org/web/20230809215153/https://pcpartpicker.com/product/p6RFf7/corsair-memory-cmk16gx4m2b3200c16
2023-09-07,ram,Corsair Vengeance LPX 16GB (2x8GB) DDR4-3200 CL16 CMK16GX4M2B3200C16,p6RFf7,39.99,lowest in-stock retailer price,39.99,39.99,5,3,USD,ok,http://web.archive.org/web/20230907024225/https://pcpartpicker.com/product/p6RFf7/corsair-memory-cmk16gx4m2b3200c16
2023-10-06,ram,Corsair Vengeance LPX 16GB (2x8GB) DDR4-3200 CL16 CMK16GX4M2B3200C16,p6RFf7,44.99,lowest in-stock retailer price,44.99,44.99,4,4,USD,ok,http://web.archive.org/web/20231006010738/https://pcpartpicker.com/product/p6RFf7/corsair-memory-cmk16gx4m2b3200c16
2023-11-27,ram,Corsair Vengeance LPX 16GB (2x8GB) DDR4-3200 CL16 CMK16GX4M2B3200C16,p6RFf7,41.99,lowest in-stock retailer price,41.99,41.99,4,4,USD,ok,http://web.archive.org/web/20231127155551/https://pcpartpicker.com/product/p6RFf7/corsair-memory-cmk16gx4m2b3200c16
2024-01-14,ram,Corsair Vengeance LPX 16GB (2x8GB) DDR4-3200 CL16 CMK16GX4M2B3200C16,p6RFf7,40.99,lowest in-stock retailer price,40.99,40.99,4,4,USD,ok,http://web.archive.org/web/20240114012846/https://pcpartpicker.com/product/p6RFf7/corsair-memory-cmk16gx4m2b3200c16
2024-02-15,ram,Corsair Vengeance LPX 16GB (2x8GB) DDR4-3200 CL16 CMK16GX4M2B3200C16,p6RFf7,40.99,lowest in-stock retailer price,40.99,44.985,4,4,USD,ok,http://web.archive.org/web/20240215041013/https://pcpartpicker.com/product/p6RFf7/corsair-memory-cmk16gx4m2b3200c16
2024-03-04,ram,Corsair Vengeance LPX 16GB (2x8GB) DDR4-3200 CL16 CMK16GX4M2B3200C16,p6RFf7,45.99,lowest in-stock retailer price,45.99,47.49,4,4,USD,ok,http://web.archive.org/web/20240304024032/https://pcpartpicker.com/product/p6RFf7/corsair-memory-cmk16gx4m2b3200c16
2024-05-06,ram,Corsair Vengeance LPX 16GB (2x8GB) DDR4-3200 CL16 CMK16GX4M2B3200C16,p6RFf7,39.99,lowest in-stock retailer price,39.99,39.99,4,4,USD,ok,http://web.archive.org/web/20240506021505/https://pcpartpicker.com/product/p6RFf7/corsair-memory-cmk16gx4m2b3200c16
2024-07-14,ram,Corsair Vengeance LPX 16GB (2x8GB) DDR4-3200 CL16 CMK16GX4M2B3200C16,p6RFf7,37.99,lowest in-stock retailer price,37.99,37.99,5,5,USD,ok,http://web.archive.org/web/20240714092200/https://pcpartpicker.com/product/p6RFf7/corsair-memory-cmk16gx4m2b3200c16
2024-09-29,ram,Corsair Vengeance LPX 16GB (2x8GB) DDR4-3200 CL16 CMK16GX4M2B3200C16,p6RFf7,41.99,lowest in-stock retailer price,41.99,41.99,5,5,USD,ok,http://web.archive.org/web/20240929203957/https://pcpartpicker.com/product/p6RFf7/corsair-memory-cmk16gx4m2b3200c16
2024-10-09,ram,Corsair Vengeance LPX 16GB (2x8GB) DDR4-3200 CL16 CMK16GX4M2B3200C16,p6RFf7,39.99,lowest in-stock retailer price,39.99,41.98,5,5,USD,ok,http://web.archive.org/web/20241009011105/https://pcpartpicker.com/product/p6RFf7/corsair-memory-cmk16gx4m2b3200c16
2024-11-17,ram,Corsair Vengeance LPX 16GB (2x8GB) DDR4-3200 CL16 CMK16GX4M2B3200C16,p6RFf7,39.99,lowest in-stock retailer price,39.99,39.99,5,5,USD,ok,http://web.archive.org/web/20241117023723/https://pcpartpicker.com/product/p6RFf7/corsair-memory-cmk16gx4m2b3200c16
2024-12-12,ram,Corsair Vengeance LPX 16GB (2x8GB) DDR4-3200 CL16 CMK16GX4M2B3200C16,p6RFf7,39.99,lowest in-stock retailer price,39.99,39.99,5,5,USD,ok,http://web.archive.org/web/20241212145751/https://pcpartpicker.com/product/p6RFf7/corsair-memory-cmk16gx4m2b3200c16
2025-01-20,ram,Corsair Vengeance LPX 16GB (2x8GB) DDR4-3200 CL16 CMK16GX4M2B3200C16,p6RFf7,39.49,lowest in-stock retailer price,39.49,39.99,5,5,USD,ok,http://web.archive.org/web/20250120143152/https://pcpartpicker.com/product/p6RFf7/corsair-memory-cmk16gx4m2b3200c16
2025-02-21,ram,Corsair Vengeance LPX 16GB (2x8GB) DDR4-3200 CL16 CMK16GX4M2B3200C16,p6RFf7,39.99,lowest in-stock retailer price,39.99,39.99,5,5,USD,ok,http://web.archive.org/web/20250221195214/https://pcpartpicker.com/product/p6RFf7/corsair-memory-cmk16gx4m2b3200c16
2025-03-12,ram,Corsair Vengeance LPX 16GB (2x8GB) DDR4-3200 CL16 CMK16GX4M2B3200C16,p6RFf7,31.99,lowest in-stock retailer price,31.99,31.99,5,5,USD,ok,http://web.archive.org/web/20250312001025/https://pcpartpicker.com/product/p6RFf7/corsair-memory-cmk16gx4m2b3200c16
2025-05-08,ram,Corsair Vengeance LPX 16GB (2x8GB) DDR4-3200 CL16 CMK16GX4M2B3200C16,p6RFf7,37.99,lowest in-stock retailer price,37.99,37.99,5,5,USD,ok,http://web.archive.org/web/20250508035440/https://pcpartpicker.com/product/p6RFf7/corsair-memory-cmk16gx4m2b3200c16
2025-06-27,ram,Corsair Vengeance LPX 16GB (2x8GB) DDR4-3200 CL16 CMK16GX4M2B3200C16,p6RFf7,89.99,lowest in-stock retailer price,54.99,89.99,4,3,USD,ok,http://web.archive.org/web/20250627192655/https://pcpartpicker.com/product/p6RFf7/corsair-memory-cmk16gx4m2b3200c16
2025-07-08,ram,Corsair Vengeance LPX 16GB (2x8GB) DDR4-3200 CL16 CMK16GX4M2B3200C16,p6RFf7,89.99,lowest in-stock retailer price,89.99,89.99,5,5,USD,ok,http://web.archive.org/web/20250708125134/https://pcpartpicker.com/product/p6RFf7/corsair-memory-cmk16gx4m2b3200c16
2025-08-17,ram,Corsair Vengeance LPX 16GB (2x8GB) DDR4-3200 CL16 CMK16GX4M2B3200C16,p6RFf7,47.99,lowest in-stock retailer price,47.99,55.48,4,4,USD,ok,http://web.archive.org/web/20250817111351/https://pcpartpicker.com/product/p6RFf7/corsair-memory-cmk16gx4m2b3200c16?history_days=120
2025-11-15,ram,Corsair Vengeance LPX 16GB (2x8GB) DDR4-3200 CL16 CMK16GX4M2B3200C16,p6RFf7,80.99,lowest in-stock retailer price,80.99,103.99,3,2,USD,ok,http://web.archive.org/web/20251115152240/https://pcpartpicker.com/product/p6RFf7/corsair-memory-cmk16gx4m2b3200c16
2025-12-18,ram,Corsair Vengeance LPX 16GB (2x8GB) DDR4-3200 CL16 CMK16GX4M2B3200C16,p6RFf7,112.99,lowest in-stock retailer price,80.99,112.99,3,1,USD,ok,http://web.archive.org/web/20251218074958/https://pcpartpicker.com/product/p6RFf7/corsair-memory-cmk16gx4m2b3200c16
2026-01-16,ram,Corsair Vengeance LPX 16GB (2x8GB) DDR4-3200 CL16 CMK16GX4M2B3200C16,p6RFf7,157.94,lowest in-stock retailer price,157.94,158.465,2,2,USD,ok,http://web.archive.org/web/20260116001942/https://pcpartpicker.com/product/p6RFf7/corsair-memory-cmk16gx4m2b3200c16
2026-02-15,ram,Corsair Vengeance LPX 16GB (2x8GB) DDR4-3200 CL16 CMK16GX4M2B3200C16,p6RFf7,158.99,lowest in-stock retailer price,158.99,159.49,2,2,USD,ok,http://web.archive.org/web/20260215002459/https://pcpartpicker.com/product/p6RFf7/corsair-memory-cmk16gx4m2b3200c16
2026-03-02,ram,Corsair Vengeance LPX 16GB (2x8GB) DDR4-3200 CL16 CMK16GX4M2B3200C16,p6RFf7,158.99,lowest in-stock retailer price,158.99,159.49,2,2,USD,ok,http://web.archive.org/web/20260302062239/https://pcpartpicker.com/product/p6RFf7/corsair-memory-cmk16gx4m2b3200c16
2026-04-04,ram,Corsair Vengeance LPX 16GB (2x8GB) DDR4-3200 CL16 CMK16GX4M2B3200C16,p6RFf7,159.99,lowest in-stock retailer price,159.99,159.99,2,2,USD,ok,http://web.archive.org/web/20260404221251/https://pcpartpicker.com/product/p6RFf7/corsair-memory-cmk16gx4m2b3200c16
2026-05-02,ram,Corsair Vengeance LPX 16GB (2x8GB) DDR4-3200 CL16 CMK16GX4M2B3200C16,p6RFf7,164.99,lowest in-stock retailer price,164.99,164.99,1,1,USD,ok,http://web.archive.org/web/20260502025757/https://pcpartpicker.com/product/p6RFf7/corsair-memory-cmk16gx4m2b3200c16
2026-09-10,ram,Corsair Vengeance LPX 16GB (2x8GB) DDR4-3200 CL16 CMK16GX4M2B3200C16,p6RFf7,,no in-stock listing,,,0,0,USD,ok,http://web.archive.org/web/20260910215215/https://pcpartpicker.com/product/p6RFf7/corsair-memory-cmk16gx4m2b3200c16
2021-08-26,gpu,MSI Ventus 2X 12G OC GeForce RTX 3060 12GB,pD8bt6,747.22,lowest in-stock retailer price,489.99,509.98,3,1,USD,ok,http://web.archive.org/web/20210826105022/https://pcpartpicker.com/product/pD8bt6/msi-geforce-rtx-3060-12-gb-ventus-2x-video-card-rtx3060ventus2x12goc
2021-10-21,gpu,MSI Ventus 2X 12G OC GeForce RTX 3060 12GB,pD8bt6,749.99,lowest in-stock retailer price,509.98,629.985,2,1,USD,ok,http://web.archive.org/web/20211021152550/https://pcpartpicker.com/product/pD8bt6/msi-geforce-rtx-3060-12-gb-ventus-2x-video-card-rtx3060ventus2x12goc
2022-05-07,gpu,MSI Ventus 2X 12G OC GeForce RTX 3060 12GB,pD8bt6,469.49,lowest in-stock retailer price,439.99,474.74,4,1,USD,ok,http://web.archive.org/web/20220507024332/https://pcpartpicker.com/product/pD8bt6/msi-geforce-rtx-3060-12-gb-ventus-2x-video-card-rtx3060ventus2x12goc
2022-06-07,gpu,MSI Ventus 2X 12G OC GeForce RTX 3060 12GB,pD8bt6,439.98,lowest in-stock retailer price,439.98,469.99,5,4,USD,ok,http://web.archive.org/web/20220607041439/https://pcpartpicker.com/product/pD8bt6/msi-geforce-rtx-3060-12-gb-ventus-2x-video-card-rtx3060ventus2x12goc
2022-09-18,gpu,MSI Ventus 2X 12G OC GeForce RTX 3060 12GB,pD8bt6,379.99,lowest in-stock retailer price,379.99,432.38,4,3,USD,ok,http://web.archive.org/web/20220918173844/https://pcpartpicker.com/product/pD8bt6/msi-geforce-rtx-3060-12-gb-ventus-2x-video-card-rtx3060ventus2x12goc
2022-11-16,gpu,MSI Ventus 2X 12G OC GeForce RTX 3060 12GB,pD8bt6,369.39,lowest in-stock retailer price,369.39,379.99,5,2,USD,ok,http://web.archive.org/web/20221116160738/https://pcpartpicker.com/product/pD8bt6/msi-geforce-rtx-3060-12-gb-ventus-2x-video-card-rtx3060ventus2x12goc
2022-12-07,gpu,MSI Ventus 2X 12G OC GeForce RTX 3060 12GB,pD8bt6,369.99,lowest in-stock retailer price,369.99,369.99,5,2,USD,ok,http://web.archive.org/web/20221207224923/https://pcpartpicker.com/product/pD8bt6/msi-geforce-rtx-3060-12-gb-ventus-2x-video-card-rtx3060ventus2x12goc
2023-02-19,gpu,MSI Ventus 2X 12G OC GeForce RTX 3060 12GB,pD8bt6,369.99,lowest in-stock retailer price,359.99,389.99,5,4,USD,ok,http://web.archive.org/web/20230219212906/https://pcpartpicker.com/product/pD8bt6/msi-geforce-rtx-3060-12-gb-ventus-2x-video-card-rtx3060ventus2x12goc
2023-03-15,gpu,MSI Ventus 2X 12G OC GeForce RTX 3060 12GB,pD8bt6,359.99,lowest in-stock retailer price,359.99,364.99,5,5,USD,ok,http://web.archive.org/web/20230315042103/https://pcpartpicker.com/product/pD8bt6/msi-geforce-rtx-3060-12-gb-ventus-2x-video-card-rtx3060ventus2x12goc
2023-05-11,gpu,MSI Ventus 2X 12G OC GeForce RTX 3060 12GB,pD8bt6,354.99,lowest in-stock retailer price,354.99,359.99,5,5,USD,ok,http://web.archive.org/web/20230511125821/https://pcpartpicker.com/product/pD8bt6/msi-geforce-rtx-3060-ventus-2x-12g-geforce-rtx-3060-12gb-12-gb-video-card-rtx3060ventus2x12goc
2023-07-10,gpu,MSI Ventus 2X 12G OC GeForce RTX 3060 12GB,pD8bt6,289.99,lowest in-stock retailer price,289.99,289.99,5,4,USD,ok,http://web.archive.org/web/20230710084510/https://pcpartpicker.com/product/pD8bt6/msi-geforce-rtx-3060-ventus-2x-12g-geforce-rtx-3060-12gb-12-gb-video-card-rtx3060ventus2x12goc
2023-09-06,gpu,MSI Ventus 2X 12G OC GeForce RTX 3060 12GB,pD8bt6,324.8,lowest in-stock retailer price,284.99,289.99,5,2,USD,ok,http://web.archive.org/web/20230906230001/https://pcpartpicker.com/product/pD8bt6/msi-geforce-rtx-3060-ventus-2x-12g-geforce-rtx-3060-12gb-12-gb-video-card-rtx3060ventus2x12goc
2023-10-04,gpu,MSI Ventus 2X 12G OC GeForce RTX 3060 12GB,pD8bt6,289.99,lowest in-stock retailer price,289.99,289.99,5,4,USD,ok,http://web.archive.org/web/20231004004646/https://pcpartpicker.com/product/pD8bt6/msi-geforce-rtx-3060-ventus-2x-12g-geforce-rtx-3060-12gb-12-gb-video-card-rtx3060ventus2x12goc
2023-11-23,gpu,MSI Ventus 2X 12G OC GeForce RTX 3060 12GB,pD8bt6,279.99,lowest in-stock retailer price,279.99,294.39,4,4,USD,ok,http://web.archive.org/web/20231123010447/https://pcpartpicker.com/product/pD8bt6/msi-geforce-rtx-3060-ventus-2x-12g-geforce-rtx-3060-12gb-12-gb-video-card-rtx3060ventus2x12goc?history_days=180
2023-12-15,gpu,MSI Ventus 2X 12G OC GeForce RTX 3060 12GB,pD8bt6,289.39,lowest in-stock retailer price,289.39,289.99,5,4,USD,ok,http://web.archive.org/web/20231215015036/https://pcpartpicker.com/product/pD8bt6/msi-geforce-rtx-3060-ventus-2x-12g-geforce-rtx-3060-12gb-12-gb-video-card-rtx3060ventus2x12goc
2024-03-03,gpu,MSI Ventus 2X 12G OC GeForce RTX 3060 12GB,pD8bt6,309.99,lowest in-stock retailer price,289.99,309.99,5,2,USD,ok,http://web.archive.org/web/20240303211351/https://pcpartpicker.com/product/pD8bt6/msi-geforce-rtx-3060-ventus-2x-12g-geforce-rtx-3060-12gb-12-gb-video-card-rtx3060ventus2x12goc
2024-04-14,gpu,MSI Ventus 2X 12G OC GeForce RTX 3060 12GB,pD8bt6,289.99,lowest in-stock retailer price,289.0,289.99,6,5,USD,ok,http://web.archive.org/web/20240414101515/https://pcpartpicker.com/product/pD8bt6/msi-geforce-rtx-3060-ventus-2x-12g-geforce-rtx-3060-12gb-12-gb-video-card-rtx3060ventus2x12goc
2024-05-13,gpu,MSI Ventus 2X 12G OC GeForce RTX 3060 12GB,pD8bt6,288.0,lowest in-stock retailer price,288.0,289.495,6,6,USD,ok,http://web.archive.org/web/20240513221917/https://pcpartpicker.com/product/pD8bt6/msi-geforce-rtx-3060-ventus-2x-12g-geforce-rtx-3060-12gb-12-gb-video-card-rtx3060ventus2x12goc
2024-06-08,gpu,MSI Ventus 2X 12G OC GeForce RTX 3060 12GB,pD8bt6,285.0,lowest in-stock retailer price,285.0,289.495,6,6,USD,ok,http://web.archive.org/web/20240608112034/https://pcpartpicker.com/product/pD8bt6/msi-geforce-rtx-3060-ventus-2x-12g-geforce-rtx-3060-12gb-12-gb-video-card-rtx3060ventus2x12goc
2024-07-21,gpu,MSI Ventus 2X 12G OC GeForce RTX 3060 12GB,pD8bt6,285.0,lowest in-stock retailer price,285.0,289.99,6,5,USD,ok,http://web.archive.org/web/20240721172248/https://pcpartpicker.com/product/pD8bt6/msi-geforce-rtx-3060-ventus-2x-12g-geforce-rtx-3060-12gb-12-gb-video-card-rtx3060ventus2x12goc
2024-08-16,gpu,MSI Ventus 2X 12G OC GeForce RTX 3060 12GB,pD8bt6,284.99,lowest in-stock retailer price,284.99,287.495,6,6,USD,ok,http://web.archive.org/web/20240816041525/https://pcpartpicker.com/product/pD8bt6/msi-geforce-rtx-3060-ventus-2x-12g-geforce-rtx-3060-12gb-12-gb-video-card-rtx3060ventus2x12goc
2024-09-26,gpu,MSI Ventus 2X 12G OC GeForce RTX 3060 12GB,pD8bt6,260.0,lowest in-stock retailer price,260.0,280.885,6,5,USD,ok,http://web.archive.org/web/20240926035248/https://pcpartpicker.com/product/pD8bt6/msi-geforce-rtx-3060-ventus-2x-12g-geforce-rtx-3060-12gb-12-gb-video-card-rtx3060ventus2x12goc
2024-10-03,gpu,MSI Ventus 2X 12G OC GeForce RTX 3060 12GB,pD8bt6,284.97,lowest in-stock retailer price,284.97,284.995,6,6,USD,ok,http://web.archive.org/web/20241003070410/https://pcpartpicker.com/product/pD8bt6/msi-geforce-rtx-3060-ventus-2x-12g-geforce-rtx-3060-12gb-12-gb-video-card-rtx3060ventus2x12goc
2024-11-15,gpu,MSI Ventus 2X 12G OC GeForce RTX 3060 12GB,pD8bt6,284.99,lowest in-stock retailer price,284.99,284.99,7,6,USD,ok,http://web.archive.org/web/20241115111655/https://pcpartpicker.com/product/pD8bt6/msi-geforce-rtx-3060-ventus-2x-12g-geforce-rtx-3060-12gb-12-gb-video-card-rtx3060ventus2x12goc
2024-12-12,gpu,MSI Ventus 2X 12G OC GeForce RTX 3060 12GB,pD8bt6,279.99,lowest in-stock retailer price,279.99,284.99,7,6,USD,ok,http://web.archive.org/web/20241212132723/https://pcpartpicker.com/product/pD8bt6/msi-geforce-rtx-3060-ventus-2x-12g-geforce-rtx-3060-12gb-12-gb-video-card-rtx3060ventus2x12goc
2025-01-16,gpu,MSI Ventus 2X 12G OC GeForce RTX 3060 12GB,pD8bt6,284.99,lowest in-stock retailer price,284.99,289.99,5,3,USD,ok,http://web.archive.org/web/20250116001446/https://pcpartpicker.com/product/pD8bt6/msi-geforce-rtx-3060-12-gb-ventus-2x-video-card-rtx3060ventus2x12goc
2025-02-26,gpu,MSI Ventus 2X 12G OC GeForce RTX 3060 12GB,pD8bt6,469.15,lowest in-stock retailer price,319.99,399.565,4,2,USD,ok,http://web.archive.org/web/20250226123648/https://pcpartpicker.com/product/pD8bt6/msi-geforce-rtx-3060-ventus-2x-12g-geforce-rtx-3060-12gb-12-gb-video-card-rtx3060ventus2x12goc
2025-03-10,gpu,MSI Ventus 2X 12G OC GeForce RTX 3060 12GB,pD8bt6,433.84,lowest in-stock retailer price,319.99,329.98,3,1,USD,ok,http://web.archive.org/web/20250310172846/https://pcpartpicker.com/product/pD8bt6/msi-geforce-rtx-3060-12-gb-ventus-2x-video-card-rtx3060ventus2x12goc%3E%3Cdiv
2025-04-28,gpu,MSI Ventus 2X 12G OC GeForce RTX 3060 12GB,pD8bt6,329.99,lowest in-stock retailer price,319.99,374.99,5,3,USD,ok,http://web.archive.org/web/20250428152838/https://pcpartpicker.com/product/pD8bt6/msi-geforce-rtx-3060-ventus-2x-12g-geforce-rtx-3060-12gb-12-gb-video-card-rtx3060ventus2x12goc
2025-05-16,gpu,MSI Ventus 2X 12G OC GeForce RTX 3060 12GB,pD8bt6,329.99,lowest in-stock retailer price,319.99,375.0,5,3,USD,ok,http://web.archive.org/web/20250516133837/https://pcpartpicker.com/product/pD8bt6/msi-geforce-rtx-3060-ventus-2x-12g-geforce-rtx-3060-12gb-12-gb-video-card-rtx3060ventus2x12goc
2025-06-17,gpu,MSI Ventus 2X 12G OC GeForce RTX 3060 12GB,pD8bt6,299.97,lowest in-stock retailer price,299.97,299.99,5,4,USD,ok,http://web.archive.org/web/20250617203406/https://pcpartpicker.com/product/pD8bt6/msi-geforce-rtx-3060-ventus-2x-12g-geforce-rtx-3060-12gb-12-gb-video-card-rtx3060ventus2x12goc
2025-07-21,gpu,MSI Ventus 2X 12G OC GeForce RTX 3060 12GB,pD8bt6,299.99,lowest in-stock retailer price,299.99,299.99,4,4,USD,ok,http://web.archive.org/web/20250721122552/https://pcpartpicker.com/product/pD8bt6/msi-geforce-rtx-3060-ventus-2x-12g-geforce-rtx-3060-12gb-12-gb-video-card-rtx3060ventus2x12goc
2025-08-22,gpu,MSI Ventus 2X 12G OC GeForce RTX 3060 12GB,pD8bt6,299.99,lowest in-stock retailer price,299.99,299.99,5,5,USD,ok,http://web.archive.org/web/20250822015430/https://pcpartpicker.com/product/pD8bt6/msi-geforce-rtx-3060-ventus-2x-12g-geforce-rtx-3060-12gb-12-gb-video-card-rtx3060ventus2x12goc
2025-09-14,gpu,MSI Ventus 2X 12G OC GeForce RTX 3060 12GB,pD8bt6,297.89,lowest in-stock retailer price,297.89,299.99,5,5,USD,ok,http://web.archive.org/web/20250914101300/https://pcpartpicker.com/product/pD8bt6/msi-geforce-rtx-3060-ventus-2x-12g-geforce-rtx-3060-12gb-12-gb-video-card-rtx3060ventus2x12goc
2025-10-16,gpu,MSI Ventus 2X 12G OC GeForce RTX 3060 12GB,pD8bt6,279.99,lowest in-stock retailer price,279.99,279.99,6,5,USD,ok,http://web.archive.org/web/20251016070405/https://pcpartpicker.com/product/pD8bt6/msi-geforce-rtx-3060-ventus-2x-12g-geforce-rtx-3060-12gb-12-gb-video-card-rtx3060ventus2x12goc
2025-11-19,gpu,MSI Ventus 2X 12G OC GeForce RTX 3060 12GB,pD8bt6,279.97,lowest in-stock retailer price,279.97,279.99,5,4,USD,ok,http://web.archive.org/web/20251119184724/https://pcpartpicker.com/product/pD8bt6/msi-geforce-rtx-3060-ventus-2x-12g-geforce-rtx-3060-12gb-12-gb-video-card-rtx3060ventus2x12goc
2026-01-29,gpu,MSI Ventus 2X 12G OC GeForce RTX 3060 12GB,pD8bt6,,no in-stock listing,299.99,299.99,2,0,USD,ok,http://web.archive.org/web/20260129043421/https://pcpartpicker.com/product/pD8bt6/msi-geforce-rtx-3060-ventus-2x-12g-geforce-rtx-3060-12gb-12-gb-video-card-rtx3060ventus2x12goc
2026-03-01,gpu,MSI Ventus 2X 12G OC GeForce RTX 3060 12GB,pD8bt6,,no in-stock listing,299.99,299.99,2,0,USD,ok,http://web.archive.org/web/20260301131017/https://pcpartpicker.com/product/pD8bt6/msi-geforce-rtx-3060-12-gb-ventus-2x-video-card-rtx3060ventus2x12goc
2026-04-14,gpu,MSI Ventus 2X 12G OC GeForce RTX 3060 12GB,pD8bt6,,no in-stock listing,299.99,299.99,2,0,USD,ok,http://web.archive.org/web/20260414054837/https://pcpartpicker.com/product/pD8bt6/msi-geforce-rtx-3060-ventus-2x-12g-geforce-rtx-3060-12gb-12-gb-video-card-rtx3060ventus2x12goc
2026-05-14,gpu,MSI Ventus 2X 12G OC GeForce RTX 3060 12GB,pD8bt6,,no in-stock listing,299.99,299.99,1,0,USD,ok,http://web.archive.org/web/20260514043645/https://pcpartpicker.com/product/pD8bt6/msi-geforce-rtx-3060-ventus-2x-12g-geforce-rtx-3060-12gb-12-gb-video-card-rtx3060ventus2x12goc
2026-06-16,gpu,MSI Ventus 2X 12G OC GeForce RTX 3060 12GB,pD8bt6,,no in-stock listing,299.99,299.99,1,0,USD,ok,http://web.archive.org/web/20260616050301/https://pcpartpicker.com/product/pD8bt6/msi-geforce-rtx-3060-ventus-2x-12g-geforce-rtx-3060-12gb-12-gb-video-card-rtx3060ventus2x12goc
2026-07-11,gpu,MSI Ventus 2X 12G OC GeForce RTX 3060 12GB,pD8bt6,329.99,lowest in-stock retailer price,299.99,329.99,3,2,USD,ok,http://web.archive.org/web/20260711011958/https://pcpartpicker.com/product/pD8bt6/msi-geforce-rtx-3060-ventus-2x-12g-oc-geforce-rtx-3060-12gb-12-gb-video-card-rtx3060ventus2x12goc
2026-09-29,gpu,MSI Ventus 2X 12G OC GeForce RTX 3060 12GB,pD8bt6,469.99,lowest in-stock retailer price,469.99,479.99,3,3,USD,ok,http://web.archive.org/web/20260929000108/https://pcpartpicker.com/product/pD8bt6/msi-geforce-rtx-3060-ventus-2x-12g-oc-geforce-rtx-3060-12gb-12-gb-video-card-rtx3060ventus2x12goc
2022-10-17,gpu,Asus TUF Gaming OC GeForce RTX 4090 24GB,rB2WGX,3579.0,lowest in-stock retailer price,1799.99,2689.495,2,1,USD,ok,http://web.archive.org/web/20221017114210/https://pcpartpicker.com/product/rB2WGX/asus-tuf-gaming-oc-geforce-rtx-4090-24-gb-video-card-tuf-rtx4090-o24g-gaming
2022-11-16,gpu,Asus TUF Gaming OC GeForce RTX 4090 24GB,rB2WGX,2499.98,lowest in-stock retailer price,1799.99,1799.99,4,1,USD,ok,http://web.archive.org/web/20221116175918/https://pcpartpicker.com/product/rB2WGX/
2022-12-13,gpu,Asus TUF Gaming OC GeForce RTX 4090 24GB,rB2WGX,1799.99,lowest in-stock retailer price,1799.99,1819.98,3,2,USD,ok,http://web.archive.org/web/20221213222858/https://pcpartpicker.com/product/rB2WGX/asus-tuf-gaming-oc-geforce-rtx-4090-24-gb-video-card-tuf-rtx4090-o24g-gaming
2023-03-15,gpu,Asus TUF Gaming OC GeForce RTX 4090 24GB,rB2WGX,1799.99,lowest in-stock retailer price,1799.99,1799.99,5,2,USD,ok,http://web.archive.org/web/20230315042103/https://pcpartpicker.com/product/rB2WGX/asus-tuf-gaming-oc-geforce-rtx-4090-24-gb-video-card-tuf-rtx4090-o24g-gaming
2023-05-24,gpu,Asus TUF Gaming OC GeForce RTX 4090 24GB,rB2WGX,1739.69,lowest in-stock retailer price,1739.69,1739.99,5,2,USD,ok,http://web.archive.org/web/20230524214612/https://pcpartpicker.com/product/rB2WGX/asus-tuf-gaming-oc-geforce-rtx-4090-24-gb-video-card-tuf-rtx4090-o24g-gaming...%22
2023-06-08,gpu,Asus TUF Gaming OC GeForce RTX 4090 24GB,rB2WGX,1706.99,lowest in-stock retailer price,1706.99,1734.99,5,3,USD,ok,http://web.archive.org/web/20230608065449/https://pcpartpicker.com/product/rB2WGX/asus-tuf-gaming-oc-geforce-rtx-4090-24-gb-video-card-tuf-rtx4090-o24g-gaming%5Cn
2023-12-28,gpu,Asus TUF Gaming OC GeForce RTX 4090 24GB,rB2WGX,2156.69,lowest in-stock retailer price,1819.99,1859.99,4,1,USD,ok,http://web.archive.org/web/20231228213754/https://pcpartpicker.com/product/rB2WGX/asus-tuf-gaming-oc-geforce-rtx-4090-24-gb-video-card-tuf-rtx4090-o24g-gaming
2024-01-23,gpu,Asus TUF Gaming OC GeForce RTX 4090 24GB,rB2WGX,2019.98,lowest in-stock retailer price,1819.99,1959.9850000000001,6,3,USD,ok,http://web.archive.org/web/20240123022552/https://pcpartpicker.com/product/rB2WGX/asus-tuf-gaming-oc-geforce-rtx-4090-24-gb-video-card-tuf-rtx4090-o24g-gaming
2024-03-02,gpu,Asus TUF Gaming OC GeForce RTX 4090 24GB,rB2WGX,1849.99,lowest in-stock retailer price,1819.99,1874.99,6,4,USD,ok,http://web.archive.org/web/20240302081824/https://pcpartpicker.com/product/rB2WGX/asus-tuf-gaming-oc-geforce-rtx-4090-24-gb-video-card-tuf-rtx4090-o24g-gaming
2024-04-13,gpu,Asus TUF Gaming OC GeForce RTX 4090 24GB,rB2WGX,1799.99,lowest in-stock retailer price,1799.99,1819.99,6,4,USD,ok,http://web.archive.org/web/20240413142310/https://pcpartpicker.com/product/rB2WGX/asus-tuf-gaming-oc-geforce-rtx-4090-24-gb-video-card-tuf-rtx4090-o24g-gaming
2024-08-27,gpu,Asus TUF Gaming OC GeForce RTX 4090 24GB,rB2WGX,1741.99,lowest in-stock retailer price,1741.99,1779.0,5,5,USD,ok,http://web.archive.org/web/20240827032928/https://pcpartpicker.com/product/rB2WGX/asus-tuf-gaming-oc-geforce-rtx-4090-24-gb-video-card-tuf-rtx4090-o24g-gaming
2024-09-11,gpu,Asus TUF Gaming OC GeForce RTX 4090 24GB,rB2WGX,1819.99,lowest in-stock retailer price,1819.99,1819.99,6,4,USD,ok,http://web.archive.org/web/20240911005549/https://pcpartpicker.com/product/rB2WGX/asus-tuf-gaming-oc-geforce-rtx-4090-24-gb-video-card-tuf-rtx4090-o24g-gaming
2024-11-18,gpu,Asus TUF Gaming OC GeForce RTX 4090 24GB,rB2WGX,2289.89,lowest in-stock retailer price,1819.99,1959.99,3,1,USD,ok,http://web.archive.org/web/20241118231827/https://pcpartpicker.com/product/rB2WGX/asus-tuf-gaming-oc-geforce-rtx-4090-24-gb-video-card-tuf-rtx4090-o24g-gaming
2024-12-11,gpu,Asus TUF Gaming OC GeForce RTX 4090 24GB,rB2WGX,2399.98,lowest in-stock retailer price,1819.99,1899.99,4,1,USD,ok,http://web.archive.org/web/20241211195107/https://pcpartpicker.com/product/rB2WGX/asus-tuf-gaming-oc-geforce-rtx-4090-24-gb-video-card-tuf-rtx4090-o24g-gaming
2025-01-12,gpu,Asus TUF Gaming OC GeForce RTX 4090 24GB,rB2WGX,2670.0,lowest in-stock retailer price,1819.99,1819.99,3,1,USD,ok,http://web.archive.org/web/20250112131335/https://pcpartpicker.com/product/rB2WGX/asus-tuf-gaming-oc-geforce-rtx-4090-24-gb-video-card-tuf-rtx4090-o24g-gaming
2025-02-23,gpu,Asus TUF Gaming OC GeForce RTX 4090 24GB,rB2WGX,,no in-stock listing,1819.99,1819.99,1,0,USD,ok,http://web.archive.org/web/20250223102035/https://pcpartpicker.com/product/rB2WGX/asus-tuf-gaming-oc-geforce-rtx-4090-24-gb-video-card-tuf-rtx4090-o24g-gaming
2025-03-23,gpu,Asus TUF Gaming OC GeForce RTX 4090 24GB,rB2WGX,3398.0,lowest in-stock retailer price,3398.0,3398.0,1,1,USD,ok,http://web.archive.org/web/20250323014232/https://pcpartpicker.com/product/rB2WGX/asus-tuf-gaming-oc-geforce-rtx-4090-24-gb-video-card-tuf-rtx4090-o24g-gaming
2025-04-06,gpu,Asus TUF Gaming OC GeForce RTX 4090 24GB,rB2WGX,,no in-stock listing,,,0,0,USD,ok,http://web.archive.org/web/20250406103729/https://pcpartpicker.com/product/rB2WGX/asus-tuf-gaming-oc-geforce-rtx-4090-24-gb-video-card-tuf-rtx4090-o24g-gaming
2025-07-03,gpu,Asus TUF Gaming OC GeForce RTX 4090 24GB,rB2WGX,3249.95,lowest in-stock retailer price,3249.95,3249.95,1,1,USD,ok,http://web.archive.org/web/20250703035055/https://pcpartpicker.com/product/rB2WGX/asus-tuf-gaming-oc-geforce-rtx-4090-24-gb-video-card-tuf-rtx4090-o24g-gaming
2025-09-07,gpu,Asus TUF Gaming OC GeForce RTX 4090 24GB,rB2WGX,3275.0,lowest in-stock retailer price,3275.0,3275.0,1,1,USD,ok,http://web.archive.org/web/20250907145332/https://pcpartpicker.com/product/rB2WGX/asus-tuf-gaming-oc-geforce-rtx-4090-24-gb-video-card-tuf-rtx4090-o24g-gaming
2025-12-14,gpu,Asus TUF Gaming OC GeForce RTX 4090 24GB,rB2WGX,,no in-stock listing,,,0,0,USD,ok,http://web.archive.org/web/20251214070105/https://pcpartpicker.com/product/rB2WGX/asus-tuf-gaming-oc-geforce-rtx-4090-24-gb-video-card-tuf-rtx4090-o24g-gaming
2022-07-02,ssd,Crucial P3 Plus 2TB NVMe PCIe 4.0 CT2000P3PSSD8,yGZ9TW,,no in-stock listing,189.99,189.99,4,0,USD,ok,http://web.archive.org/web/20220702220753/https://pcpartpicker.com/product/yGZ9TW/crucial-p3-plus-2-tb-m2-2280-nvme-solid-state-drive-ct2000p3pssd8
2022-11-30,ssd,Crucial P3 Plus 2TB NVMe PCIe 4.0 CT2000P3PSSD8,yGZ9TW,179.99,lowest in-stock retailer price,179.99,179.99,5,4,USD,ok,http://web.archive.org/web/20221130032211/https://pcpartpicker.com/product/yGZ9TW/crucial-p3-plus-2-tb-m2-2280-nvme-solid-state-drive-ct2000p3pssd8
2023-02-19,ssd,Crucial P3 Plus 2TB NVMe PCIe 4.0 CT2000P3PSSD8,yGZ9TW,112.99,lowest in-stock retailer price,112.99,112.99,5,2,USD,ok,http://web.archive.org/web/20230219205131/https://pcpartpicker.com/product/yGZ9TW/
2023-03-15,ssd,Crucial P3 Plus 2TB NVMe PCIe 4.0 CT2000P3PSSD8,yGZ9TW,124.99,lowest in-stock retailer price,124.99,124.99,5,5,USD,ok,http://web.archive.org/web/20230315042105/https://pcpartpicker.com/product/yGZ9TW/crucial-p3-plus-2-tb-m2-2280-nvme-solid-state-drive-ct2000p3pssd8
2023-06-28,ssd,Crucial P3 Plus 2TB NVMe PCIe 4.0 CT2000P3PSSD8,yGZ9TW,91.99,lowest in-stock retailer price,91.99,104.99,5,5,USD,ok,http://web.archive.org/web/20230628174719/https://pcpartpicker.com/product/yGZ9TW/crucial-p3-plus-2-tb-m2-2280-nvme-solid-state-drive-ct2000p3pssd8
2023-09-22,ssd,Crucial P3 Plus 2TB NVMe PCIe 4.0 CT2000P3PSSD8,yGZ9TW,79.98,lowest in-stock retailer price,79.98,79.99,6,4,USD,ok,http://web.archive.org/web/20230922005109/https://pcpartpicker.com/product/yGZ9TW/crucial-p3-plus-2-tb-m2-2280-nvme-solid-state-drive-ct2000p3pssd8
2023-12-20,ssd,Crucial P3 Plus 2TB NVMe PCIe 4.0 CT2000P3PSSD8,yGZ9TW,98.99,lowest in-stock retailer price,98.99,98.99,6,6,USD,ok,http://web.archive.org/web/20231220063652/https://pcpartpicker.com/product/yGZ9TW/crucial-p3-plus-2-tb-m2-2280-nvme-solid-state-drive-ct2000p3pssd8
2024-02-15,ssd,Crucial P3 Plus 2TB NVMe PCIe 4.0 CT2000P3PSSD8,yGZ9TW,122.95,lowest in-stock retailer price,122.95,134.99,5,5,USD,ok,"http://web.archive.org/web/20240215215341/https://pcpartpicker.com/product/yGZ9TW/crucial-p3-plus-2-tb-m2-2280-nvme-solid-state-drive-ct2000p3pssd8%22,"
2024-08-13,ssd,Crucial P3 Plus 2TB NVMe PCIe 4.0 CT2000P3PSSD8,yGZ9TW,117.99,lowest in-stock retailer price,117.99,117.99,7,7,USD,ok,http://web.archive.org/web/20240813105315/https://pcpartpicker.com/product/yGZ9TW/crucial-p3-plus-2-tb-m2-2280-nvme-solid-state-drive-ct2000p3pssd8
2024-09-17,ssd,Crucial P3 Plus 2TB NVMe PCIe 4.0 CT2000P3PSSD8,yGZ9TW,117.99,lowest in-stock retailer price,117.99,117.99,7,7,USD,ok,http://web.archive.org/web/20240917130954/https://pcpartpicker.com/product/yGZ9TW/crucial-p3-plus-2-tb-m2-2280-nvme-solid-state-drive-ct2000p3pssd8
2024-10-03,ssd,Crucial P3 Plus 2TB NVMe PCIe 4.0 CT2000P3PSSD8,yGZ9TW,117.99,lowest in-stock retailer price,117.99,131.975,6,6,USD,ok,http://web.archive.org/web/20241003045200/https://pcpartpicker.com/product/yGZ9TW/crucial-p3-plus-2-tb-m2-2280-nvme-solid-state-drive-ct2000p3pssd8
2024-11-07,ssd,Crucial P3 Plus 2TB NVMe PCIe 4.0 CT2000P3PSSD8,yGZ9TW,113.29,lowest in-stock retailer price,113.29,124.0,7,7,USD,ok,http://web.archive.org/web/20241107175001/https://pcpartpicker.com/product/yGZ9TW/crucial-p3-plus-2-tb-m2-2280-nvme-solid-state-drive-ct2000p3pssd8
2024-12-11,ssd,Crucial P3 Plus 2TB NVMe PCIe 4.0 CT2000P3PSSD8,yGZ9TW,117.0,lowest in-stock retailer price,117.0,117.99,7,7,USD,ok,http://web.archive.org/web/20241211203522/https://pcpartpicker.com/product/yGZ9TW/crucial-p3-plus-2-tb-m2-2280-nvme-solid-state-drive-ct2000p3pssd8
2025-01-18,ssd,Crucial P3 Plus 2TB NVMe PCIe 4.0 CT2000P3PSSD8,yGZ9TW,117.99,lowest in-stock retailer price,117.0,117.99,7,4,USD,ok,http://web.archive.org/web/20250118115611/https://pcpartpicker.com/product/yGZ9TW/crucial-p3-plus-2-tb-m2-2280-nvme-solid-state-drive-ct2000p3pssd8
2025-02-21,ssd,Crucial P3 Plus 2TB NVMe PCIe 4.0 CT2000P3PSSD8,yGZ9TW,117.0,lowest in-stock retailer price,117.0,117.99,7,6,USD,ok,http://web.archive.org/web/20250221143710/https://pcpartpicker.com/product/yGZ9TW/crucial-p3-plus-2-tb-m2-2280-nvme-solid-state-drive-ct2000p3pssd8
2025-03-13,ssd,Crucial P3 Plus 2TB NVMe PCIe 4.0 CT2000P3PSSD8,yGZ9TW,117.0,lowest in-stock retailer price,117.0,117.99,7,6,USD,ok,http://web.archive.org/web/20250313041839/https://pcpartpicker.com/product/yGZ9TW/crucial-p3-plus-2-tb-m2-2280-nvme-solid-state-drive-ct2000p3pssd8
2025-05-28,ssd,Crucial P3 Plus 2TB NVMe PCIe 4.0 CT2000P3PSSD8,yGZ9TW,115.99,lowest in-stock retailer price,115.99,124.99,5,4,USD,ok,http://web.archive.org/web/20250528000124/https://pcpartpicker.com/product/yGZ9TW/crucial-p3-plus-2-tb-m2-2280-nvme-solid-state-drive-ct2000p3pssd8
2025-06-27,ssd,Crucial P3 Plus 2TB NVMe PCIe 4.0 CT2000P3PSSD8,yGZ9TW,113.99,lowest in-stock retailer price,113.99,115.95,5,5,USD,ok,http://web.archive.org/web/20250627184654/https://pcpartpicker.com/product/yGZ9TW/crucial-p3-plus-2-tb-m2-2280-nvme-solid-state-drive-ct2000p3pssd8
2025-07-16,ssd,Crucial P3 Plus 2TB NVMe PCIe 4.0 CT2000P3PSSD8,yGZ9TW,113.95,lowest in-stock retailer price,113.95,124.99,5,4,USD,ok,http://web.archive.org/web/20250716061143/https://pcpartpicker.com/product/yGZ9TW/crucial-p3-plus-2-tb-m2-2280-nvme-solid-state-drive-ct2000p3pssd8)
2025-10-20,ssd,Crucial P3 Plus 2TB NVMe PCIe 4.0 CT2000P3PSSD8,yGZ9TW,117.13,lowest in-stock retailer price,117.13,139.16,2,2,USD,ok,http://web.archive.org/web/20251020223635/https://pcpartpicker.com/product/yGZ9TW/crucial-p3-plus-2-tb-m2-2280-nvme-solid-state-drive-ct2000p3pssd8
2025-11-14,ssd,Crucial P3 Plus 2TB NVMe PCIe 4.0 CT2000P3PSSD8,yGZ9TW,142.99,lowest in-stock retailer price,142.99,162.9,2,2,USD,ok,http://web.archive.org/web/20251114224001/https://pcpartpicker.com/product/yGZ9TW/crucial-p3-plus-2-tb-m2-2280-nvme-solid-state-drive-ct2000p3pssd8
2025-12-17,ssd,Crucial P3 Plus 2TB NVMe PCIe 4.0 CT2000P3PSSD8,yGZ9TW,208.99,lowest in-stock retailer price,208.99,252.62,2,2,USD,ok,http://web.archive.org/web/20251217074704/https://pcpartpicker.com/product/yGZ9TW/crucial-p3-plus-2-tb-m2-2280-nvme-solid-state-drive-ct2000p3pssd8
2026-03-03,ssd,Crucial P3 Plus 2TB NVMe PCIe 4.0 CT2000P3PSSD8,yGZ9TW,326.86,lowest in-stock retailer price,326.86,326.86,1,1,USD,ok,http://web.archive.org/web/20260303000535/https://pcpartpicker.com/product/yGZ9TW/crucial-p3-plus-2-tb-m2-2280-nvme-solid-state-drive-ct2000p3pssd8
2026-04-08,ssd,Crucial P3 Plus 2TB NVMe PCIe 4.0 CT2000P3PSSD8,yGZ9TW,324.02,lowest in-stock retailer price,324.02,324.02,1,1,USD,ok,http://web.archive.org/web/20260408200418/https://pcpartpicker.com/product/yGZ9TW/crucial-p3-plus-2-tb-m2-2280-nvme-solid-state-drive-ct2000p3pssd8
2026-05-10,ssd,Crucial P3 Plus 2TB NVMe PCIe 4.0 CT2000P3PSSD8,yGZ9TW,329.99,lowest in-stock retailer price,329.99,336.18,2,2,USD,ok,http://web.archive.org/web/20260510100919/https://pcpartpicker.com/product/yGZ9TW/crucial-p3-plus-2-tb-m2-2280-nvme-solid-state-drive-ct2000p3pssd8
2026-07-23,ssd,Crucial P3 Plus 2TB NVMe PCIe 4.0 CT2000P3PSSD8,yGZ9TW,322.0,lowest in-stock retailer price,322.0,322.0,1,1,USD,ok,http://web.archive.org/web/20260723143548/https://pcpartpicker.com/product/yGZ9TW/crucial-p3-plus-2-tb-m2-2280-nvme-solid-state-drive-ct2000p3pssd8
2026-10-04,ssd,Crucial P3 Plus 2TB NVMe PCIe 4.0 CT2000P3PSSD8,yGZ9TW,460.55,lowest in-stock retailer price,460.55,460.55,1,1,USD,ok,http://web.archive.org/web/20261004040220/https://pcpartpicker.com/product/yGZ9TW/crucial-p3-plus-2-tb-m2-2280-nvme-solid-state-drive-ct2000p3pssd8
