fiscal_year,fiscal_quarter,period,company,source_type,source_url,technology,metric,comparison,unit,statement,paragraph,direction,low,high,mid,phrase,period_end
2017,Q1,FQ1-FY2017,MU,10-Q MD&A,https://www.sec.gov/Archives/edgar/data/723125/000072312517000005/a2017q1.htm,DRAM,asp_qoq_pct,QoQ,pct (approx range),5% vs prior quarter (DRAM table),DRAM First Quarter 2017 Versus Fourth Quarter First Quarter 2016 2016 (percentage change from period indicated) Net sales 24 % 24 % Average selling prices per gigabit 5 % (21 )% Gigabits sold 18 %,increase,5.0,5.0,5.0,5%,
2017,Q1,FQ1-FY2017,MU,10-Q MD&A,https://www.sec.gov/Archives/edgar/data/723125/000072312517000005/a2017q1.htm,DRAM,bits_qoq_pct,QoQ,pct (approx range),18% vs prior quarter (DRAM table),DRAM First Quarter 2017 Versus Fourth Quarter First Quarter 2016 2016 (percentage change from period indicated) Net sales 24 % 24 % Average selling prices per gigabit 5 % (21 )% Gigabits sold 18 %,increase,18.0,18.0,18.0,18%,
2017,Q1,FQ1-FY2017,MU,10-Q MD&A,https://www.sec.gov/Archives/edgar/data/723125/000072312517000005/a2017q1.htm,NAND,asp_qoq_pct,QoQ,pct (approx range),0% vs prior quarter (Trade Non-Volatile Memory table),Trade Non-Volatile Memory First Quarter 2017 Versus Fourth Quarter First Quarter 2016 2016 (percentage change from period indicated) Sales to trade customers Net sales 26 % 11 % Average selling prices per gigabit 0 % (21 )% Gigabits sold 26 %,flat,0.0,0.0,0.0,0%,
2017,Q1,FQ1-FY2017,MU,10-Q MD&A,https://www.sec.gov/Archives/edgar/data/723125/000072312517000005/a2017q1.htm,NAND,bits_qoq_pct,QoQ,pct (approx range),26% vs prior quarter (Trade Non-Volatile Memory table),Trade Non-Volatile Memory First Quarter 2017 Versus Fourth Quarter First Quarter 2016 2016 (percentage change from period indicated) Sales to trade customers Net sales 26 % 11 % Average selling prices per gigabit 0 % (21 )% Gigabits sold 26 %,increase,26.0,26.0,26.0,26%,
2017,Q2,FQ2-FY2017,MU,10-Q MD&A,https://www.sec.gov/Archives/edgar/data/723125/000072312517000037/a2017q2.htm,DRAM,asp_qoq_pct,QoQ,pct (approx range),21% vs prior quarter (DRAM table),DRAM Second Quarter 2017 Versus First Six Months 2017 Versus First Quarter Second Quarter First Six Months 2017 2016 2016 (percentage change from period indicated) Net sales 22 % 86 % 52 % Average selling prices per gigabit 21 % 7 % (8 )% Gigabits sold 1 %,increase,21.0,21.0,21.0,21%,
2017,Q2,FQ2-FY2017,MU,10-Q MD&A,https://www.sec.gov/Archives/edgar/data/723125/000072312517000037/a2017q2.htm,DRAM,bits_qoq_pct,QoQ,pct (approx range),1% vs prior quarter (DRAM table),DRAM Second Quarter 2017 Versus First Six Months 2017 Versus First Quarter Second Quarter First Six Months 2017 2016 2016 (percentage change from period indicated) Net sales 22 % 86 % 52 % Average selling prices per gigabit 21 % 7 % (8 )% Gigabits sold 1 %,increase,1.0,1.0,1.0,1%,
2017,Q2,FQ2-FY2017,MU,10-Q MD&A,https://www.sec.gov/Archives/edgar/data/723125/000072312517000037/a2017q2.htm,NAND,asp_qoq_pct,QoQ,pct (approx range),(6 )% vs prior quarter (Trade Non-Volatile Memory table),Trade Non-Volatile Memory Second Quarter 2017 Versus First Six Months 2017 Versus First Quarter Second Quarter First Six Months 2017 2016 2016 (percentage change from period indicated) Sales to trade customers Net sales 11 % 31 % 21 % Average selling prices per gigabit (6 )% (12 )% (16 )% Gigabits sold 18 %,decrease,-6.0,-6.0,-6.0,(6 )%,
2017,Q2,FQ2-FY2017,MU,10-Q MD&A,https://www.sec.gov/Archives/edgar/data/723125/000072312517000037/a2017q2.htm,NAND,bits_qoq_pct,QoQ,pct (approx range),18% vs prior quarter (Trade Non-Volatile Memory table),Trade Non-Volatile Memory Second Quarter 2017 Versus First Six Months 2017 Versus First Quarter Second Quarter First Six Months 2017 2016 2016 (percentage change from period indicated) Sales to trade customers Net sales 11 % 31 % 21 % Average selling prices per gigabit (6 )% (12 )% (16 )% Gigabits sold 18 %,increase,18.0,18.0,18.0,18%,
2017,Q3,FQ3-FY2017,MU,10-Q MD&A,https://www.sec.gov/Archives/edgar/data/723125/000072312517000085/a2017q3.htm,DRAM,asp_qoq_pct,QoQ,pct (approx range),14% vs prior quarter (DRAM table),DRAM Third Quarter 2017 Versus First Nine Months 2017 Versus Second Quarter Third Quarter First Nine Months 2017 2016 2016 (percentage change from period indicated) Net sales 20 % 106 % 70 % Average selling prices per gigabit 14 % 37 % 6 % Gigabits sold 5 %,increase,14.0,14.0,14.0,14%,
2017,Q3,FQ3-FY2017,MU,10-Q MD&A,https://www.sec.gov/Archives/edgar/data/723125/000072312517000085/a2017q3.htm,DRAM,bits_qoq_pct,QoQ,pct (approx range),5% vs prior quarter (DRAM table),DRAM Third Quarter 2017 Versus First Nine Months 2017 Versus Second Quarter Third Quarter First Nine Months 2017 2016 2016 (percentage change from period indicated) Net sales 20 % 106 % 70 % Average selling prices per gigabit 14 % 37 % 6 % Gigabits sold 5 %,increase,5.0,5.0,5.0,5%,
2017,Q3,FQ3-FY2017,MU,10-Q MD&A,https://www.sec.gov/Archives/edgar/data/723125/000072312517000085/a2017q3.htm,NAND,asp_qoq_pct,QoQ,pct (approx range),3% vs prior quarter (Trade NAND table),Trade NAND Third Quarter 2017 Versus First Nine Months 2017 Versus Second Quarter Third Quarter First Nine Months 2017 2016 2016 (percentage change from period indicated) Net sales 21 % 88 % 40 % Average selling prices per gigabit 3 % (4 )% (13 )% Gigabits sold 17 %,increase,3.0,3.0,3.0,3%,
2017,Q3,FQ3-FY2017,MU,10-Q MD&A,https://www.sec.gov/Archives/edgar/data/723125/000072312517000085/a2017q3.htm,NAND,bits_qoq_pct,QoQ,pct (approx range),17% vs prior quarter (Trade NAND table),Trade NAND Third Quarter 2017 Versus First Nine Months 2017 Versus Second Quarter Third Quarter First Nine Months 2017 2016 2016 (percentage change from period indicated) Net sales 21 % 88 % 40 % Average selling prices per gigabit 3 % (4 )% (13 )% Gigabits sold 17 %,increase,17.0,17.0,17.0,17%,
2018,Q1,FQ1-FY2018,MU,10-Q MD&A,https://www.sec.gov/Archives/edgar/data/723125/000072312517000166/a2018q1.htm,DRAM,asp_qoq_pct,QoQ,pct (approx range),increased mid single-digit,DRAM First Quarter 2018 Versus Fourth Quarter 2017 First Quarter 2017 (percentage change) Average selling prices per gigabit increased mid single-digit increased upper 50% range Gigabits sold increased upper single-digit increased lower 20% range Increases ,increase,4.0,6.0,5.0,mid single-digit,
2018,Q1,FQ1-FY2018,MU,10-Q MD&A,https://www.sec.gov/Archives/edgar/data/723125/000072312517000166/a2018q1.htm,DRAM,bits_qoq_pct,QoQ,pct (approx range),increased upper single-digit,DRAM First Quarter 2018 Versus Fourth Quarter 2017 First Quarter 2017 (percentage change) Average selling prices per gigabit increased mid single-digit increased upper 50% range Gigabits sold increased upper single-digit increased lower 20% range Increases ,increase,7.0,9.0,8.0,upper single-digit,
2018,Q1,FQ1-FY2018,MU,10-Q MD&A,https://www.sec.gov/Archives/edgar/data/723125/000072312517000166/a2018q1.htm,NAND,asp_qoq_pct,QoQ,pct (approx range),decreased low single-digit,Trade NAND First Quarter 2018 Versus Fourth Quarter 2017 First Quarter 2017 (percentage change) Average selling prices per gigabyte decreased low single-digit relatively unchanged Gigabytes sold increased mid single-digit increased upper 40% range Increases ,decrease,-3.0,-1.0,-2.0,low single-digit,
2018,Q1,FQ1-FY2018,MU,10-Q MD&A,https://www.sec.gov/Archives/edgar/data/723125/000072312517000166/a2018q1.htm,NAND,bits_qoq_pct,QoQ,pct (approx range),increased mid single-digit,Trade NAND First Quarter 2018 Versus Fourth Quarter 2017 First Quarter 2017 (percentage change) Average selling prices per gigabyte decreased low single-digit relatively unchanged Gigabytes sold increased mid single-digit increased upper 40% range Increases ,increase,4.0,6.0,5.0,mid single-digit,
2018,Q2,FQ2-FY2018,MU,10-Q MD&A,https://www.sec.gov/Archives/edgar/data/723125/000072312518000036/a2018q2.htm,DRAM,asp_qoq_pct,QoQ,pct (approx range),increased low double-digit,DRAM Second Quarter 2018 Versus First Six Months 2018 Versus First Quarter 2018 Second Quarter 2017 First Six Months 2017 (percentage change) Average selling prices per gigabit increased low double-digit increased low 40% range increased high 40% range Gigabits sold increased mid single-digit increased low 20% range increased low 20% range Increases ,increase,10.0,13.0,11.5,low double-digit,
2018,Q2,FQ2-FY2018,MU,10-Q MD&A,https://www.sec.gov/Archives/edgar/data/723125/000072312518000036/a2018q2.htm,DRAM,bits_qoq_pct,QoQ,pct (approx range),increased mid single-digit,DRAM Second Quarter 2018 Versus First Six Months 2018 Versus First Quarter 2018 Second Quarter 2017 First Six Months 2017 (percentage change) Average selling prices per gigabit increased low double-digit increased low 40% range increased high 40% range Gigabits sold increased mid single-digit increased low 20% range increased low 20% range Increases ,increase,4.0,6.0,5.0,mid single-digit,
2018,Q2,FQ2-FY2018,MU,10-Q MD&A,https://www.sec.gov/Archives/edgar/data/723125/000072312518000036/a2018q2.htm,NAND,asp_qoq_pct,QoQ,pct (approx range),decreased mid-teens range,Trade NAND Second Quarter 2018 Versus First Six Months 2018 Versus First Quarter 2018 Second Quarter 2017 First Six Months 2017 (percentage change) Average selling prices per gigabyte decreased mid-teens range decreased high single-digit decreased mid single-digit Gigabytes sold increased low double-digit increased low 40% range increased low 40% range Decreases ,decrease,-16.0,-14.0,-15.0,mid-teens,
2018,Q2,FQ2-FY2018,MU,10-Q MD&A,https://www.sec.gov/Archives/edgar/data/723125/000072312518000036/a2018q2.htm,NAND,bits_qoq_pct,QoQ,pct (approx range),increased low double-digit,Trade NAND Second Quarter 2018 Versus First Six Months 2018 Versus First Quarter 2018 Second Quarter 2017 First Six Months 2017 (percentage change) Average selling prices per gigabyte decreased mid-teens range decreased high single-digit decreased mid single-digit Gigabytes sold increased low double-digit increased low 40% range increased low 40% range Decreases ,increase,10.0,13.0,11.5,low double-digit,
2018,Q3,FQ3-FY2018,MU,10-Q MD&A,https://www.sec.gov/Archives/edgar/data/723125/000072312518000065/a2018q3.htm,DRAM,asp_qoq_pct,QoQ,pct (approx range),increased mid-to-upper single-digit,DRAM Third Quarter 2018 Versus First Nine Months 2018 Versus Second Quarter 2018 Third Quarter 2017 First Nine Months 2017 (percentage change) Average selling prices per gigabit increased mid-to-upper single-digit increased mid 30% range increased low 40% range Gigabits sold relatively flat increased mid-teens range increased low 20% range Increases ,increase,4.0,9.0,6.5,mid-to-upper single-digit,
2018,Q3,FQ3-FY2018,MU,10-Q MD&A,https://www.sec.gov/Archives/edgar/data/723125/000072312518000065/a2018q3.htm,DRAM,bits_qoq_pct,QoQ,pct (approx range),relatively flat,DRAM Third Quarter 2018 Versus First Nine Months 2018 Versus Second Quarter 2018 Third Quarter 2017 First Nine Months 2017 (percentage change) Average selling prices per gigabit increased mid-to-upper single-digit increased mid 30% range increased low 40% range Gigabits sold relatively flat increased mid-teens range increased low 20% range Increases ,flat,0.0,0.0,0.0,relatively flat,
2018,Q3,FQ3-FY2018,MU,10-Q MD&A,https://www.sec.gov/Archives/edgar/data/723125/000072312518000065/a2018q3.htm,NAND,asp_qoq_pct,QoQ,pct (approx range),increased mid-to-upper single-digit,Trade NAND Third Quarter 2018 Versus First Nine Months 2018 Versus Second Quarter 2018 Third Quarter 2017 First Nine Months 2017 (percentage change) Average selling prices per gigabyte increased mid-to-upper single-digit decreased mid single-digit decreased mid single-digit Gigabytes sold relatively flat increased low 20% range increased mid 30% range Increases ,increase,4.0,9.0,6.5,mid-to-upper single-digit,
2018,Q3,FQ3-FY2018,MU,10-Q MD&A,https://www.sec.gov/Archives/edgar/data/723125/000072312518000065/a2018q3.htm,NAND,bits_qoq_pct,QoQ,pct (approx range),relatively flat,Trade NAND Third Quarter 2018 Versus First Nine Months 2018 Versus Second Quarter 2018 Third Quarter 2017 First Nine Months 2017 (percentage change) Average selling prices per gigabyte increased mid-to-upper single-digit decreased mid single-digit decreased mid single-digit Gigabytes sold relatively flat increased low 20% range increased mid 30% range Increases ,flat,0.0,0.0,0.0,relatively flat,
2019,Q1,FQ1-FY2019,MU,prepared_remarks,https://s25.q4cdn.com/621799436/files/doc_financials/2019/q1/Micron-Fiscal-Q1-2019-Earnings-Call-Prepared-Remarks.pdf,DRAM,asp_qoq_pct,QoQ,pct (approx range),DRAM ASPs declined high single-digits percent compared to the prior quarter,"DRAM revenue increased 18 percent year-over-year and declined 9 percent from the prior quarter. On a blended basis, DRAM ASPs declined high single-digits percent compared to the prior quarter while shipment quantities were relatively flat. ",decrease,-9.0,-7.0,-8.0,high single-digits,
2019,Q1,FQ1-FY2019,MU,prepared_remarks,https://s25.q4cdn.com/621799436/files/doc_financials/2019/q1/Micron-Fiscal-Q1-2019-Earnings-Call-Prepared-Remarks.pdf,DRAM,bits_qoq_pct,QoQ,pct (approx range),shipment quantities were relatively flat.,"DRAM revenue increased 18 percent year-over-year and declined 9 percent from the prior quarter. On a blended basis, DRAM ASPs declined high single-digits percent compared to the prior quarter while shipment quantities were relatively flat. ",flat,0.0,0.0,0.0,relatively flat,
2019,Q1,FQ1-FY2019,MU,prepared_remarks,https://s25.q4cdn.com/621799436/files/doc_financials/2019/q1/Micron-Fiscal-Q1-2019-Earnings-Call-Prepared-Remarks.pdf,NAND,asp_qoq_pct,QoQ,pct (approx range),Our overall NAND ASP declined in the low-to-mid-teens percent,Trade NAND revenue represented 28 percent of total company revenue in the FQ1. Trade NAND revenue increased 17 percent year -over-year and declined 2 percent quarter -over-quarter. Our overall NAND ASP declined in the low -to-mid-teens percent and shipment quantities increased in the low -to-mid-teens percent compared to the prior quarter. ,decrease,-16.0,-10.0,-13.0,low-to-mid-teens,
2019,Q1,FQ1-FY2019,MU,prepared_remarks,https://s25.q4cdn.com/621799436/files/doc_financials/2019/q1/Micron-Fiscal-Q1-2019-Earnings-Call-Prepared-Remarks.pdf,NAND,bits_qoq_pct,QoQ,pct (approx range),shipment quantities increased in the low-to-mid-teens percent compared to the prior quarter.,Trade NAND revenue represented 28 percent of total company revenue in the FQ1. Trade NAND revenue increased 17 percent year -over-year and declined 2 percent quarter -over-quarter. Our overall NAND ASP declined in the low -to-mid-teens percent and shipment quantities increased in the low -to-mid-teens percent compared to the prior quarter. ,increase,10.0,16.0,13.0,low-to-mid-teens,
2019,Q2,FQ2-FY2019,MU,prepared_remarks,https://s25.q4cdn.com/621799436/files/doc_financials/2019/q2/FQ2-19-Earnings-Prepared-Remarks.pdf,DRAM,asp_qoq_pct,QoQ,pct (approx range),DRAM ASPs declined in the low 20 percent range compared to the prior quarter,"DRAM revenue was down 28 percent year-over-year and 30 percent sequentially from the fiscal first quarter and represented 64 percent of total company revenue in the fiscal Q2. DRAM ASPs declined in the low 20 percent range compared to the prior quarter, while shipment quantities were down in the low double-digits. Year-over-year, DRAM bit shipments were down mid-single digits. ",decrease,-23.0,-20.0,-21.5,low 20 percent,
2019,Q2,FQ2-FY2019,MU,prepared_remarks,https://s25.q4cdn.com/621799436/files/doc_financials/2019/q2/FQ2-19-Earnings-Prepared-Remarks.pdf,DRAM,bits_qoq_pct,QoQ,pct (approx range),shipment quantities were down in the low double-digits,"DRAM revenue was down 28 percent year-over-year and 30 percent sequentially from the fiscal first quarter and represented 64 percent of total company revenue in the fiscal Q2. DRAM ASPs declined in the low 20 percent range compared to the prior quarter, while shipment quantities were down in the low double-digits. Year-over-year, DRAM bit shipments were down mid-single digits. ",decrease,-13.0,-10.0,-11.5,low double-digits,
2019,Q2,FQ2-FY2019,MU,prepared_remarks,https://s25.q4cdn.com/621799436/files/doc_financials/2019/q2/FQ2-19-Earnings-Prepared-Remarks.pdf,NAND,asp_qoq_pct,QoQ,pct (approx range),Our overall NAND ASP declined in the mid-20 percent range,"NAND revenue declined 2 percent year-over-year and 18 percent from the prior quarter. NAND revenue represented 30 percent of total company revenue in the fiscal Q2. Our overall NAND ASP declined in the mid-20 percent range, while shipment quantities increased in the upper single-digit percent range compared to the prior quarter. NAND bit shipments came in stronger than our expectation due to timing of demand from a large customer. ",decrease,-26.0,-24.0,-25.0,mid-20 percent,
2019,Q2,FQ2-FY2019,MU,prepared_remarks,https://s25.q4cdn.com/621799436/files/doc_financials/2019/q2/FQ2-19-Earnings-Prepared-Remarks.pdf,NAND,bits_qoq_pct,QoQ,pct (approx range),shipment quantities increased in the upper single-digit percent range compared to the prior quarter,"NAND revenue declined 2 percent year-over-year and 18 percent from the prior quarter. NAND revenue represented 30 percent of total company revenue in the fiscal Q2. Our overall NAND ASP declined in the mid-20 percent range, while shipment quantities increased in the upper single-digit percent range compared to the prior quarter. NAND bit shipments came in stronger than our expectation due to timing of demand from a large customer. ",increase,7.0,9.0,8.0,upper single-digit,
2019,Q3,FQ3-FY2019,MU,prepared_remarks,https://s25.q4cdn.com/621799436/files/doc_financials/2019/q3/Micron-Fiscal-Q3-2019-Earnings-Call-Prepared-Remarks.pdf,DRAM,asp_qoq_pct,QoQ,pct (approx range),the DRAM ASP decline approached 20%,"DRAM revenue was approximately $3.0 billion , representing 64% percent of total revenue. DRAM revenue declined 45% year-over-year and 19 % sequentially from FQ2. Compared to the prior quarter, the DRAM ASP decline approached 20%, while bit shipments were roughly f lat. If not for the impact of Huawei, bit shipments in DRAM would have increased sequentially as we had guided on our last quarter’s earnings call. ",decrease,-20.0,-20.0,-20.0,approached 20%,2019-05-30
2019,Q3,FQ3-FY2019,MU,prepared_remarks,https://s25.q4cdn.com/621799436/files/doc_financials/2019/q3/Micron-Fiscal-Q3-2019-Earnings-Call-Prepared-Remarks.pdf,DRAM,bits_qoq_pct,QoQ,pct (approx range),bit shipments were roughly flat,"DRAM revenue was approximately $3.0 billion , representing 64% percent of total revenue. DRAM revenue declined 45% year-over-year and 19 % sequentially from FQ2. Compared to the prior quarter, the DRAM ASP decline approached 20%, while bit shipments were roughly f lat. If not for the impact of Huawei, bit shipments in DRAM would have increased sequentially as we had guided on our last quarter’s earnings call. ",flat,0.0,0.0,0.0,roughly flat,2019-05-30
2019,Q3,FQ3-FY2019,MU,prepared_remarks,https://s25.q4cdn.com/621799436/files/doc_financials/2019/q3/Micron-Fiscal-Q3-2019-Earnings-Call-Prepared-Remarks.pdf,NAND,asp_qoq_pct,QoQ,pct (approx range),Overall NAND ASPs declined in the mid-teens percent range,"NAND revenue was approximately $1.5 billion, representing 31% of total revenue. NAND revenue declined 25% relative to FQ3 2018 and declined 18% sequentially from the FQ2. Overall NAND ASPs declined in the mid-teens percent range, while shipment quantities declined in the mid -single-digit percent range compared to the prior quarter. Adjusting for the Huawei impact, bit shipments came in better than our expectation due to stronger component sales. ",decrease,-16.0,-14.0,-15.0,mid-teens,2019-05-30
2019,Q3,FQ3-FY2019,MU,prepared_remarks,https://s25.q4cdn.com/621799436/files/doc_financials/2019/q3/Micron-Fiscal-Q3-2019-Earnings-Call-Prepared-Remarks.pdf,NAND,bits_qoq_pct,QoQ,pct (approx range),shipment quantities declined in the mid-single-digit percent range compared to the prior quarter,"NAND revenue was approximately $1.5 billion, representing 31% of total revenue. NAND revenue declined 25% relative to FQ3 2018 and declined 18% sequentially from the FQ2. Overall NAND ASPs declined in the mid-teens percent range, while shipment quantities declined in the mid -single-digit percent range compared to the prior quarter. Adjusting for the Huawei impact, bit shipments came in better than our expectation due to stronger component sales. ",decrease,-6.0,-4.0,-5.0,mid-single-digit,2019-05-30
2019,Q4,FQ4-FY2019,MU,prepared_remarks,https://s25.q4cdn.com/621799436/files/doc_financials/2019/q4/Micron-Fiscal-Q4-2019-Earnings-Call-Prepared-Remarks.pdf,DRAM,asp_qoq_pct,QoQ,pct (approx range),ASP declined approximately 20% sequentially,"FQ4 DRAM revenue was $3.1 billion, representing 63 % of total revenue. DRAM revenue increased 1 % sequentially and declined 48% year-on-year. Bit shipments grew approximately 30% sequentially and in the mid-teens percent range year -on-year, as customer inventories improved significantly. ASP declined approximately 20% sequentially. For full FY2019, DRAM revenue was $15.2 billion, down 28% from FY2018 as bits grew in the low-single-digit percent range and ASP declined approximately 30%. Micron Technology, Inc. Fiscal Q4 2019 Earnings Call Prepared Remarks © 2019 Micron Technology, Inc. 7 September 26, 2019 ",decrease,-20.0,-20.0,-20.0,approximately 20%,
2019,Q4,FQ4-FY2019,MU,prepared_remarks,https://s25.q4cdn.com/621799436/files/doc_financials/2019/q4/Micron-Fiscal-Q4-2019-Earnings-Call-Prepared-Remarks.pdf,DRAM,bits_qoq_pct,QoQ,pct (approx range),Bit shipments grew approximately 30% sequentially and in the mid-teens percent range year-on-year,"FQ4 DRAM revenue was $3.1 billion, representing 63 % of total revenue. DRAM revenue increased 1 % sequentially and declined 48% year-on-year. Bit shipments grew approximately 30% sequentially and in the mid-teens percent range year -on-year, as customer inventories improved significantly. ASP declined approximately 20% sequentially. For full FY2019, DRAM revenue was $15.2 billion, down 28% from FY2018 as bits grew in the low-single-digit percent range and ASP declined approximately 30%. Micron Technology, Inc. Fiscal Q4 2019 Earnings Call Prepared Remarks © 2019 Micron Technology, Inc. 7 September 26, 2019 ",increase,30.0,30.0,30.0,approximately 30%,
2019,Q4,FQ4-FY2019,MU,prepared_remarks,https://s25.q4cdn.com/621799436/files/doc_financials/2019/q4/Micron-Fiscal-Q4-2019-Earnings-Call-Prepared-Remarks.pdf,NAND,asp_qoq_pct,QoQ,pct (approx range),ASP declined in the upper-single-digit percent range,"FQ4 NAND revenue was approximately $1.5 billion, or 31 % of total revenue. Revenue was up 5 % sequentially but declined 32 % year-on-year. Bit shipments grew in the low -to-mid-teens percent range sequentially. ASP declined in the upper-single-digit percent range. We are starting to see supply tightness in portions of the NAND market, and prices are beginning to increase. Full FY2019 NAND revenue was $6.9 billion, down 12 % from FY2018, as ASP declines of mid -40% range more than offset strong bit shipment growth. ",decrease,-9.0,-7.0,-8.0,upper-single-digit,
2019,Q4,FQ4-FY2019,MU,prepared_remarks,https://s25.q4cdn.com/621799436/files/doc_financials/2019/q4/Micron-Fiscal-Q4-2019-Earnings-Call-Prepared-Remarks.pdf,NAND,bits_qoq_pct,QoQ,pct (approx range),Bit shipments grew in the low-to-mid-teens percent range sequentially,"FQ4 NAND revenue was approximately $1.5 billion, or 31 % of total revenue. Revenue was up 5 % sequentially but declined 32 % year-on-year. Bit shipments grew in the low -to-mid-teens percent range sequentially. ASP declined in the upper-single-digit percent range. We are starting to see supply tightness in portions of the NAND market, and prices are beginning to increase. Full FY2019 NAND revenue was $6.9 billion, down 12 % from FY2018, as ASP declines of mid -40% range more than offset strong bit shipment growth. ",increase,10.0,16.0,13.0,low-to-mid-teens,
2020,Q1,FQ1-FY2020,MU,prepared_remarks,https://s25.q4cdn.com/621799436/files/doc_financials/2020/q1/Micron-Fiscal-Q1-2020-Earnings-Call-Prepared-Remarks.pdf,DRAM,asp_qoq_pct,QoQ,pct (approx range),ASP declined in the upper-single-digit percent range sequentially,"FQ1 DRAM revenue was $3.5 billion, representing 67% of total revenue. DRAM revenue increased 2% sequentially and declined 41% year-on-year. Bit shipments grew approximately 10% sequentially and on a year-on-year basis were up in the mid -20% range. ASP declined in the upper -single-digit percent range sequentially. DRAM revenues included $435 million of revenues from MCPs and SSDs. ",decrease,-9.0,-7.0,-8.0,upper-single-digit,2019-11-28
2020,Q1,FQ1-FY2020,MU,prepared_remarks,https://s25.q4cdn.com/621799436/files/doc_financials/2020/q1/Micron-Fiscal-Q1-2020-Earnings-Call-Prepared-Remarks.pdf,DRAM,bits_qoq_pct,QoQ,pct (approx range),Bit shipments grew approximately 10% sequentially and on a year-on-year basis were up in the mid-20% range,"FQ1 DRAM revenue was $3.5 billion, representing 67% of total revenue. DRAM revenue increased 2% sequentially and declined 41% year-on-year. Bit shipments grew approximately 10% sequentially and on a year-on-year basis were up in the mid -20% range. ASP declined in the upper -single-digit percent range sequentially. DRAM revenues included $435 million of revenues from MCPs and SSDs. ",increase,10.0,10.0,10.0,approximately 10%,2019-11-28
2020,Q1,FQ1-FY2020,MU,prepared_remarks,https://s25.q4cdn.com/621799436/files/doc_financials/2020/q1/Micron-Fiscal-Q1-2020-Earnings-Call-Prepared-Remarks.pdf,NAND,asp_qoq_pct,QoQ,pct (approx range),ASPs increased in the low single-digits sequentially.,"FQ1 NAND revenue was approximately $1.4 billion, or 28% of total revenue. Revenue was up 18% sequentially and declined 14% year-on-year. Bit shipments grew in the mid-teen percent range sequentially and in the mid-30% range year-on-year. ASPs increased in the low single digits sequentially. ",increase,1.0,3.0,2.0,low single-digits,2019-11-28
2020,Q1,FQ1-FY2020,MU,prepared_remarks,https://s25.q4cdn.com/621799436/files/doc_financials/2020/q1/Micron-Fiscal-Q1-2020-Earnings-Call-Prepared-Remarks.pdf,NAND,bits_qoq_pct,QoQ,pct (approx range),Bit shipments grew in the mid-teen percent range sequentially and in the mid-30% range year-on-year,"FQ1 NAND revenue was approximately $1.4 billion, or 28% of total revenue. Revenue was up 18% sequentially and declined 14% year-on-year. Bit shipments grew in the mid-teen percent range sequentially and in the mid-30% range year-on-year. ASPs increased in the low single digits sequentially. ",increase,14.0,16.0,15.0,mid-teen,2019-11-28
2020,Q2,FQ2-FY2020,MU,prepared_remarks,https://s25.q4cdn.com/621799436/files/doc_financials/2020/q2/Micron-Fiscal-Q2-2020-Earnings-Call-Prepared-Remarks.pdf,DRAM,asp_qoq_pct,QoQ,pct (approx range),ASPs were flat sequentially.,"FQ2 DRAM revenue was $3.1 billion, representing 64% of total revenue. DRAM re venue declined 11% sequentially and 26% year -on-year. Bit shipments were down by approximately 10% sequentially and up more than 20% on a year-on-year basis. ASPs were flat sequentially. ",flat,0.0,0.0,0.0,flat,2020-02-27
2020,Q2,FQ2-FY2020,MU,prepared_remarks,https://s25.q4cdn.com/621799436/files/doc_financials/2020/q2/Micron-Fiscal-Q2-2020-Earnings-Call-Prepared-Remarks.pdf,DRAM,bits_qoq_pct,QoQ,pct (approx range),Bit shipments were down by approximately 10% sequentially and up more than 20% on a year-on-year basis,"FQ2 DRAM revenue was $3.1 billion, representing 64% of total revenue. DRAM re venue declined 11% sequentially and 26% year -on-year. Bit shipments were down by approximately 10% sequentially and up more than 20% on a year-on-year basis. ASPs were flat sequentially. ",decrease,-10.0,-10.0,-10.0,approximately 10%,2020-02-27
2020,Q2,FQ2-FY2020,MU,prepared_remarks,https://s25.q4cdn.com/621799436/files/doc_financials/2020/q2/Micron-Fiscal-Q2-2020-Earnings-Call-Prepared-Remarks.pdf,NAND,asp_qoq_pct,QoQ,pct (approx range),ASPs increased in the upper single-digit percentage range sequentially.,"FQ2 NAND revenue was approximately $1.5 billion, or 32% of total rev enue. Revenue increased 6% sequentially and was up 9% year-on-year. Bit shipments declined in the low single-digit percentage range sequentially and increased approximately 20% year -on-year. ASPs increased in the upper single -digit percentage range sequentially. ",increase,7.0,9.0,8.0,upper single-digit,2020-02-27
2020,Q2,FQ2-FY2020,MU,prepared_remarks,https://s25.q4cdn.com/621799436/files/doc_financials/2020/q2/Micron-Fiscal-Q2-2020-Earnings-Call-Prepared-Remarks.pdf,NAND,bits_qoq_pct,QoQ,pct (approx range),Bit shipments declined in the low single-digit percentage range sequentially and increased approximately 20% year-on-year,"FQ2 NAND revenue was approximately $1.5 billion, or 32% of total rev enue. Revenue increased 6% sequentially and was up 9% year-on-year. Bit shipments declined in the low single-digit percentage range sequentially and increased approximately 20% year -on-year. ASPs increased in the upper single -digit percentage range sequentially. ",decrease,-3.0,-1.0,-2.0,low single-digit,2020-02-27
2020,Q3,FQ3-FY2020,MU,prepared_remarks,https://s25.q4cdn.com/621799436/files/doc_financials/2020/q3/Micron-Q3-2020-Prepared-Remarks.pdf,DRAM,asp_qoq_pct,QoQ,pct (approx range),ASPs were up sequentially in the mid-single-digit percentage range.,"FQ3 DRAM revenue was $3.6 billion, representing 66% o f total revenue. DRAM revenue increased 16% sequentially and 6% year-over-year. Bit shipments were up by approximately 10% sequentially. ASPs were up sequentially in the mid-single-digit percentage range. ",increase,4.0,6.0,5.0,mid-single-digit,2020-05-28
2020,Q3,FQ3-FY2020,MU,prepared_remarks,https://s25.q4cdn.com/621799436/files/doc_financials/2020/q3/Micron-Q3-2020-Prepared-Remarks.pdf,DRAM,bits_qoq_pct,QoQ,pct (approx range),Bit shipments were up by approximately 10% sequentially,"FQ3 DRAM revenue was $3.6 billion, representing 66% o f total revenue. DRAM revenue increased 16% sequentially and 6% year-over-year. Bit shipments were up by approximately 10% sequentially. ASPs were up sequentially in the mid-single-digit percentage range. ",increase,10.0,10.0,10.0,approximately 10%,2020-05-28
2020,Q3,FQ3-FY2020,MU,prepared_remarks,https://s25.q4cdn.com/621799436/files/doc_financials/2020/q3/Micron-Q3-2020-Prepared-Remarks.pdf,NAND,asp_qoq_pct,QoQ,pct (approx range),ASPs increased sequentially in the upper-single-digit percentage range.,"FQ3 NAND revenue was approximately $1.7 billion, re presenting 31% of total revenue. NAND revenue increased 10% sequentially and was up over 50% year -over-year. Bit shipments increased in the lower - single-digit percentage range sequentially. ASPs increased sequentially in the upper -single-digit percentage range. ",increase,7.0,9.0,8.0,upper-single-digit,2020-05-28
2020,Q3,FQ3-FY2020,MU,prepared_remarks,https://s25.q4cdn.com/621799436/files/doc_financials/2020/q3/Micron-Q3-2020-Prepared-Remarks.pdf,NAND,bits_qoq_pct,QoQ,pct (approx range),Bit shipments increased in the lower-single-digit percentage range sequentially,"FQ3 NAND revenue was approximately $1.7 billion, re presenting 31% of total revenue. NAND revenue increased 10% sequentially and was up over 50% year -over-year. Bit shipments increased in the lower - single-digit percentage range sequentially. ASPs increased sequentially in the upper -single-digit percentage range. ",increase,1.0,3.0,2.0,lower-single-digit,2020-05-28
2020,Q4,FQ4-FY2020,MU,prepared_remarks,https://s25.q4cdn.com/621799436/files/doc_financials/2020/q4/Q4-2020-Prepared-Remarks.pdf,DRAM,asp_qoq_pct,QoQ,pct (approx range),ASPs were down in the lower-single-digit percent range quarter-over-quarter,"FQ4 DRAM revenue was $4.4 billion, representing 72% of total revenue. DRAM revenue increased 22% sequentially and 29% year-over-year. Bit shipments were up in the mid-20% range sequentially and ASPs were down in the lower-single-digit percent range quarter-over-quarter. For the fiscal year, DRAM revenue was $14.5 billion, representing 68% of total revenue. DRAM revenue declined 14% from the prior fiscal year. ",decrease,-3.0,-1.0,-2.0,lower-single-digit,
2020,Q4,FQ4-FY2020,MU,prepared_remarks,https://s25.q4cdn.com/621799436/files/doc_financials/2020/q4/Q4-2020-Prepared-Remarks.pdf,DRAM,bits_qoq_pct,QoQ,pct (approx range),Bit shipments were up in the mid-20% range sequentially,"FQ4 DRAM revenue was $4.4 billion, representing 72% of total revenue. DRAM revenue increased 22% sequentially and 29% year-over-year. Bit shipments were up in the mid-20% range sequentially and ASPs were down in the lower-single-digit percent range quarter-over-quarter. For the fiscal year, DRAM revenue was $14.5 billion, representing 68% of total revenue. DRAM revenue declined 14% from the prior fiscal year. ",increase,24.0,26.0,25.0,mid-20%,
2020,Q4,FQ4-FY2020,MU,prepared_remarks,https://s25.q4cdn.com/621799436/files/doc_financials/2020/q4/Q4-2020-Prepared-Remarks.pdf,NAND,asp_qoq_pct,QoQ,pct (approx range),ASPs declined in the upper single-digit percent range quarter-over-quarter,"FQ4 NAND revenue was approximately $1.5 billion, representing 25% of total revenue. NAND revenue declined 8% sequentially and was up 27% year-over-year. Bit shipments were approximately flat sequentially, and ASPs declined in the upper single-digit percent range quarter-over-quarter. For the fiscal year, NAND revenue was $6.1 billion, representing 29% of total revenue. NAND revenue increased 14% from the prior fiscal year. ",decrease,-9.0,-7.0,-8.0,upper single-digit,
2020,Q4,FQ4-FY2020,MU,prepared_remarks,https://s25.q4cdn.com/621799436/files/doc_financials/2020/q4/Q4-2020-Prepared-Remarks.pdf,NAND,bits_qoq_pct,QoQ,pct (approx range),Bit shipments were approximately flat sequentially,"FQ4 NAND revenue was approximately $1.5 billion, representing 25% of total revenue. NAND revenue declined 8% sequentially and was up 27% year-over-year. Bit shipments were approximately flat sequentially, and ASPs declined in the upper single-digit percent range quarter-over-quarter. For the fiscal year, NAND revenue was $6.1 billion, representing 29% of total revenue. NAND revenue increased 14% from the prior fiscal year. ",flat,0.0,0.0,0.0,approximately flat,
2021,Q1,FQ1-FY2021,MU,prepared_remarks,https://s25.q4cdn.com/621799436/files/doc_financials/2021/q1/Q1-2021-Prepared-Remarks-Doc.pdf,DRAM,asp_qoq_pct,QoQ,pct (approx range),ASPs were down in the mid-single-digit percentage range quarter-over-quarter.,"FQ1 DRAM revenue was $4.1 billion, representing 70% of total revenue. DRAM revenue decreased 7% sequentially but was up 17% year -over year. Bit shipments were down in the low -single-digit percentage range sequentially, and ASPs were down in the mid-single-digit percentage range quarter-over-quarter. ",decrease,-6.0,-4.0,-5.0,mid-single-digit,
2021,Q1,FQ1-FY2021,MU,prepared_remarks,https://s25.q4cdn.com/621799436/files/doc_financials/2021/q1/Q1-2021-Prepared-Remarks-Doc.pdf,DRAM,bits_qoq_pct,QoQ,pct (approx range),Bit shipments were down in the low-single-digit percentage range sequentially,"FQ1 DRAM revenue was $4.1 billion, representing 70% of total revenue. DRAM revenue decreased 7% sequentially but was up 17% year -over year. Bit shipments were down in the low -single-digit percentage range sequentially, and ASPs were down in the mid-single-digit percentage range quarter-over-quarter. ",decrease,-3.0,-1.0,-2.0,low-single-digit,
2021,Q1,FQ1-FY2021,MU,prepared_remarks,https://s25.q4cdn.com/621799436/files/doc_financials/2021/q1/Q1-2021-Prepared-Remarks-Doc.pdf,NAND,asp_qoq_pct,QoQ,pct (approx range),ASPs declined in the low-teens percentage range quarter-over-quarter,"FQ1 NAND revenue was approximately $1.6 billion, representing 27% of total revenue. NAND revenue increased 3% sequentially and was up 11% year -over-year. Bit shipments increased in the high -teens percentage range sequentially, while ASPs declined in the low -teens percentage range quarter -over- quarter. Half of the decline was attributable to a change in mix, which included a greater portion of components. Micron Technology, Inc. Fiscal Q1 2021 Earnings Call Prepared Remarks © 2021 Micron Technology, Inc. 7 January 7, 2021 ",decrease,-13.0,-10.0,-11.5,low-teens,
2021,Q1,FQ1-FY2021,MU,prepared_remarks,https://s25.q4cdn.com/621799436/files/doc_financials/2021/q1/Q1-2021-Prepared-Remarks-Doc.pdf,NAND,bits_qoq_pct,QoQ,pct (approx range),Bit shipments increased in the high-teens percentage range sequentially,"FQ1 NAND revenue was approximately $1.6 billion, representing 27% of total revenue. NAND revenue increased 3% sequentially and was up 11% year -over-year. Bit shipments increased in the high -teens percentage range sequentially, while ASPs declined in the low -teens percentage range quarter -over- quarter. Half of the decline was attributable to a change in mix, which included a greater portion of components. Micron Technology, Inc. Fiscal Q1 2021 Earnings Call Prepared Remarks © 2021 Micron Technology, Inc. 7 January 7, 2021 ",increase,17.0,19.0,18.0,high-teens,
2021,Q2,FQ2-FY2021,MU,prepared_remarks,https://s25.q4cdn.com/621799436/files/doc_financials/2021/q2/Q2-2021-Prepared-Remarks.pdf,DRAM,asp_qoq_pct,QoQ,pct (approx range),ASPs were up slightly quarter-over-quarter.,"DRAM revenue increased 10% sequentially and was up 44% year-over-year. Bit shipments grew in the high single -digit percentage range sequentially, and ASPs were up slightly quarter-over-quarter. ",increase,,,,slightly,2021-03-04
2021,Q2,FQ2-FY2021,MU,prepared_remarks,https://s25.q4cdn.com/621799436/files/doc_financials/2021/q2/Q2-2021-Prepared-Remarks.pdf,DRAM,bits_qoq_pct,QoQ,pct (approx range),Bit shipments grew in the high single-digit percentage range sequentially,"DRAM revenue increased 10% sequentially and was up 44% year-over-year. Bit shipments grew in the high single -digit percentage range sequentially, and ASPs were up slightly quarter-over-quarter. ",increase,7.0,9.0,8.0,high single-digit,2021-03-04
2021,Q2,FQ2-FY2021,MU,prepared_remarks,https://s25.q4cdn.com/621799436/files/doc_financials/2021/q2/Q2-2021-Prepared-Remarks.pdf,NAND,asp_qoq_pct,QoQ,pct (approx range),ASPs declined in the low single-digit percentage range quarter-over-quarter,"FQ2 NAND revenue was approximately $1.7 billion, representing 26% of total revenue. NAND revenue increased 5% sequentially and was up 9% year -over-year. Bit shipments increased in the high single -digit percentage range sequentially, while ASPs declined in the low single-digit percentage range quarter-over- quarter, showing an improvement in trajectory in the NAND pricing environment. ",decrease,-3.0,-1.0,-2.0,low single-digit,2021-03-04
2021,Q2,FQ2-FY2021,MU,prepared_remarks,https://s25.q4cdn.com/621799436/files/doc_financials/2021/q2/Q2-2021-Prepared-Remarks.pdf,NAND,bits_qoq_pct,QoQ,pct (approx range),Bit shipments increased in the high single-digit percentage range sequentially,"FQ2 NAND revenue was approximately $1.7 billion, representing 26% of total revenue. NAND revenue increased 5% sequentially and was up 9% year -over-year. Bit shipments increased in the high single -digit percentage range sequentially, while ASPs declined in the low single-digit percentage range quarter-over- quarter, showing an improvement in trajectory in the NAND pricing environment. ",increase,7.0,9.0,8.0,high single-digit,2021-03-04
2021,Q3,FQ3-FY2021,MU,prepared_remarks,https://s25.q4cdn.com/621799436/files/doc_financials/2021/q3/Micron-Q3_2021_Prepared_Remarks_Document.pdf,DRAM,asp_qoq_pct,QoQ,pct (approx range),ASPs were up approximately 20% quarter over quarter.,"FQ3 DRAM revenue was $5.4 billion, representing 73% of total revenue. DRAM revenue increased 23% sequentially and was up 52% year over year. Bit shipments increased in the low single-digit range sequentially, and ASPs were up approximately 20% quarter over quarter. ",increase,20.0,20.0,20.0,approximately 20%,2021-06-03
2021,Q3,FQ3-FY2021,MU,prepared_remarks,https://s25.q4cdn.com/621799436/files/doc_financials/2021/q3/Micron-Q3_2021_Prepared_Remarks_Document.pdf,DRAM,bits_qoq_pct,QoQ,pct (approx range),Bit shipments increased in the low single-digit range sequentially,"FQ3 DRAM revenue was $5.4 billion, representing 73% of total revenue. DRAM revenue increased 23% sequentially and was up 52% year over year. Bit shipments increased in the low single-digit range sequentially, and ASPs were up approximately 20% quarter over quarter. ",increase,1.0,3.0,2.0,low single-digit,2021-06-03
2021,Q3,FQ3-FY2021,MU,prepared_remarks,https://s25.q4cdn.com/621799436/files/doc_financials/2021/q3/Micron-Q3_2021_Prepared_Remarks_Document.pdf,NAND,asp_qoq_pct,QoQ,pct (approx range),ASPs increased in the high single-digit percentage range quarter over quarter,"FQ3 NAND revenue was approximately $1.8 billion, representing 24% of total revenue and an all-time high for the company. NAND revenue increased 10% sequentially and was up 9% year over year. Bit shipments increased by low single digits sequentially while ASPs increased in the high single-digit percentage range quarter over quarter. Micron Technology, Inc. Fiscal Q3 2021 Earnings Call Prepared Remarks © 2021 Micron Technology, Inc. 7 June 30, 2021 ",increase,7.0,9.0,8.0,high single-digit,2021-06-03
2021,Q3,FQ3-FY2021,MU,prepared_remarks,https://s25.q4cdn.com/621799436/files/doc_financials/2021/q3/Micron-Q3_2021_Prepared_Remarks_Document.pdf,NAND,bits_qoq_pct,QoQ,pct (approx range),Bit shipments increased by low single-digits sequentially,"FQ3 NAND revenue was approximately $1.8 billion, representing 24% of total revenue and an all-time high for the company. NAND revenue increased 10% sequentially and was up 9% year over year. Bit shipments increased by low single digits sequentially while ASPs increased in the high single-digit percentage range quarter over quarter. Micron Technology, Inc. Fiscal Q3 2021 Earnings Call Prepared Remarks © 2021 Micron Technology, Inc. 7 June 30, 2021 ",increase,1.0,3.0,2.0,low single-digits,2021-06-03
2021,Q4,FQ4-FY2021,MU,prepared_remarks,https://s25.q4cdn.com/621799436/files/doc_financials/2021/q4/Q4-2021-Prepared-Remarks.pdf,DRAM,asp_qoq_pct,QoQ,pct (approx range),average selling prices (ASPs) increased in the high single-digit percent range quarter over quarter,"FQ4 DRAM revenue was $6.1 billion, representing 74% of total revenue. DRAM revenue increased 12% sequentially and was up 39% year over year. Bit shipments increased in the lower single -digit percentage sequentially, and average selling prices (ASPs) increased in the high single-digit percent range quarter over quarter. For the fiscal year, DRAM revenue increased 38% year over year to $20 billion, representing 72% of total fiscal year revenue. ",increase,7.0,9.0,8.0,high single-digit,
2021,Q4,FQ4-FY2021,MU,prepared_remarks,https://s25.q4cdn.com/621799436/files/doc_financials/2021/q4/Q4-2021-Prepared-Remarks.pdf,DRAM,bits_qoq_pct,QoQ,pct (approx range),Bit shipments increased in the lower single-digit percentage sequentially,"FQ4 DRAM revenue was $6.1 billion, representing 74% of total revenue. DRAM revenue increased 12% sequentially and was up 39% year over year. Bit shipments increased in the lower single -digit percentage sequentially, and average selling prices (ASPs) increased in the high single-digit percent range quarter over quarter. For the fiscal year, DRAM revenue increased 38% year over year to $20 billion, representing 72% of total fiscal year revenue. ",increase,1.0,3.0,2.0,lower single-digit,
2021,Q4,FQ4-FY2021,MU,prepared_remarks,https://s25.q4cdn.com/621799436/files/doc_financials/2021/q4/Q4-2021-Prepared-Remarks.pdf,NAND,asp_qoq_pct,QoQ,pct (approx range),ASPs increased in the mid single-digit percent range quarter over quarter,"FQ4 NAND revenue was approximately $2 billion, an all-time high and representing 24% of the total revenue. NAND revenue increased 9% sequentially and was up 29% year over year. Bit shipments increased by low single-digit percentages sequentially, while ASPs increased in the mid single-digit percent range quarter over quarter. For the fiscal year, we achieved a new company record for NAND revenue of $7 billion, an increase of 14% year over year. NAND revenue represented 25% of our total fiscal year revenue. Micron Technology, Inc. Fiscal Q4 2021 Earnings Call Prepared Remarks © 2021 Micron Technology, Inc. 7 Sept. 28, 2021 ",increase,4.0,6.0,5.0,mid single-digit,
2021,Q4,FQ4-FY2021,MU,prepared_remarks,https://s25.q4cdn.com/621799436/files/doc_financials/2021/q4/Q4-2021-Prepared-Remarks.pdf,NAND,bits_qoq_pct,QoQ,pct (approx range),Bit shipments increased by low single-digit percentages sequentially,"FQ4 NAND revenue was approximately $2 billion, an all-time high and representing 24% of the total revenue. NAND revenue increased 9% sequentially and was up 29% year over year. Bit shipments increased by low single-digit percentages sequentially, while ASPs increased in the mid single-digit percent range quarter over quarter. For the fiscal year, we achieved a new company record for NAND revenue of $7 billion, an increase of 14% year over year. NAND revenue represented 25% of our total fiscal year revenue. Micron Technology, Inc. Fiscal Q4 2021 Earnings Call Prepared Remarks © 2021 Micron Technology, Inc. 7 Sept. 28, 2021 ",increase,1.0,3.0,2.0,low single-digit,
2022,Q1,FQ1-FY2022,MU,prepared_remarks,https://s25.q4cdn.com/621799436/files/doc_financials/2022/q1/Q1-2022-Prepared-Remarks.pdf,DRAM,asp_qoq_pct,QoQ,pct (approx range),average selling prices (ASPs) declined in the lower-single-digit percentage range.,"FQ1 DRAM revenue was $5.6 billion, representing 73% of total revenue. DRAM revenue declined 8% quarter over quarter and was up 38% year over year. Sequentially, bit shipments declined in the mid - single-digit percentage range while average selling prices (ASPs) declined in the lower-single-digit percentage range. ",decrease,-3.0,-1.0,-2.0,lower-single-digit,
2022,Q1,FQ1-FY2022,MU,prepared_remarks,https://s25.q4cdn.com/621799436/files/doc_financials/2022/q1/Q1-2022-Prepared-Remarks.pdf,DRAM,bits_qoq_pct,QoQ,pct (approx range),bit shipments declined in the mid-single-digit percentage range,"FQ1 DRAM revenue was $5.6 billion, representing 73% of total revenue. DRAM revenue declined 8% quarter over quarter and was up 38% year over year. Sequentially, bit shipments declined in the mid - single-digit percentage range while average selling prices (ASPs) declined in the lower-single-digit percentage range. ",decrease,-6.0,-4.0,-5.0,mid-single-digit,
2022,Q1,FQ1-FY2022,MU,prepared_remarks,https://s25.q4cdn.com/621799436/files/doc_financials/2022/q1/Q1-2022-Prepared-Remarks.pdf,NAND,asp_qoq_pct,QoQ,pct (approx range),ASPs declined in the mid-single-digit percentage range.,"FQ1 NAND revenue was approximately $1.9 billion, representing 24% of Micron’s total revenue. NAND revenue declined 5% quarter over quarter and was up 19% year over year. Sequential bit shipments were approximately flat, and ASPs declined in the mid-single-digit percentage range. ",decrease,-6.0,-4.0,-5.0,mid-single-digit,
2022,Q1,FQ1-FY2022,MU,prepared_remarks,https://s25.q4cdn.com/621799436/files/doc_financials/2022/q1/Q1-2022-Prepared-Remarks.pdf,NAND,bits_qoq_pct,QoQ,pct (approx range),Sequential bit shipments were approximately flat,"FQ1 NAND revenue was approximately $1.9 billion, representing 24% of Micron’s total revenue. NAND revenue declined 5% quarter over quarter and was up 19% year over year. Sequential bit shipments were approximately flat, and ASPs declined in the mid-single-digit percentage range. ",flat,0.0,0.0,0.0,approximately flat,
2022,Q2,FQ2-FY2022,MU,prepared_remarks,https://s25.q4cdn.com/621799436/files/doc_financials/2022/q2/Q2-2022-Prepared-Remarks.pdf,DRAM,asp_qoq_pct,QoQ,pct (approx range),ASPs declined in the mid-single-digit percentage range.,"Fiscal Q2 DRAM revenue was $5.7 billion, representing 73% of total revenue. DRAM revenue increased 2% quarter over quarter and was up 29% year over year. Sequentially, bit shipments increased in the high - single-digit percentage range while ASPs declined in the mid-single-digit percentage range. ",decrease,-6.0,-4.0,-5.0,mid-single-digit,2022-03-03
2022,Q2,FQ2-FY2022,MU,prepared_remarks,https://s25.q4cdn.com/621799436/files/doc_financials/2022/q2/Q2-2022-Prepared-Remarks.pdf,DRAM,bits_qoq_pct,QoQ,pct (approx range),bit shipments increased in the high-single-digit percentage range,"Fiscal Q2 DRAM revenue was $5.7 billion, representing 73% of total revenue. DRAM revenue increased 2% quarter over quarter and was up 29% year over year. Sequentially, bit shipments increased in the high - single-digit percentage range while ASPs declined in the mid-single-digit percentage range. ",increase,7.0,9.0,8.0,high-single-digit,2022-03-03
2022,Q2,FQ2-FY2022,MU,prepared_remarks,https://s25.q4cdn.com/621799436/files/doc_financials/2022/q2/Q2-2022-Prepared-Remarks.pdf,NAND,asp_qoq_pct,QoQ,pct (approx range),ASPs increased in the mid-single-digit percentage range due to a stronger mix of SSDs more than offsetting like-for-like price declines,"Fiscal Q2 NAND revenue was $2 billion, representing 25% of Micron’s total revenue. NAND revenue increased 4% quarter over quarter and was up 19% year over year. Sequential bit shipments were flat, and ASPs increased in the mid-single-digit percentage range due to a stronger mix of SSDs more than offsetting like-for-like price declines. Our ongoing portfolio transformation and solid front -end cost reductions drove sequential gains in gross margin in NAND, despite sequential price declines in most products. ",increase,4.0,6.0,5.0,mid-single-digit,2022-03-03
2022,Q2,FQ2-FY2022,MU,prepared_remarks,https://s25.q4cdn.com/621799436/files/doc_financials/2022/q2/Q2-2022-Prepared-Remarks.pdf,NAND,bits_qoq_pct,QoQ,pct (approx range),Sequential bit shipments were flat,"Fiscal Q2 NAND revenue was $2 billion, representing 25% of Micron’s total revenue. NAND revenue increased 4% quarter over quarter and was up 19% year over year. Sequential bit shipments were flat, and ASPs increased in the mid-single-digit percentage range due to a stronger mix of SSDs more than offsetting like-for-like price declines. Our ongoing portfolio transformation and solid front -end cost reductions drove sequential gains in gross margin in NAND, despite sequential price declines in most products. ",flat,0.0,0.0,0.0,flat,2022-03-03
2022,Q2,FQ2-FY2022,MU,10-Q MD&A,https://www.sec.gov/Archives/edgar/data/723125/000072312522000016/mu-20220303.htm,DRAM,asp_qoq_pct,QoQ,pct (approx range),a mid-single-digit percent decline in average selling prices.,Sales of DRAM products increased 2% primarily due to a high-single-digit percent increase in bit shipments partially offset by a mid-single-digit percent decline in average selling prices.,decrease,-6.0,-4.0,-5.0,mid-single-digit,2022-03-03
2022,Q2,FQ2-FY2022,MU,10-Q MD&A,https://www.sec.gov/Archives/edgar/data/723125/000072312522000016/mu-20220303.htm,DRAM,bits_qoq_pct,QoQ,pct (approx range),a high-single-digit percent increase in bit shipments,Sales of DRAM products increased 2% primarily due to a high-single-digit percent increase in bit shipments partially offset by a mid-single-digit percent decline in average selling prices.,increase,7.0,9.0,8.0,high-single-digit,2022-03-03
2022,Q2,FQ2-FY2022,MU,10-Q MD&A,https://www.sec.gov/Archives/edgar/data/723125/000072312522000016/mu-20220303.htm,NAND,asp_qoq_pct,QoQ,pct (approx range),a mid-single-digit percent increase in average selling prices.,Sales of NAND products increased 4% primarily due to a mid-single-digit percent increase in average selling prices.,increase,4.0,6.0,5.0,mid-single-digit,2022-03-03
2022,Q2,FQ2-FY2022,MU,10-Q MD&A,https://www.sec.gov/Archives/edgar/data/723125/000072312522000016/mu-20220303.htm,NAND,bits_qoq_pct,QoQ,pct (approx range),,Sales of NAND products increased 4% primarily due to a mid-single-digit percent increase in average selling prices.,not_stated,,,,,2022-03-03
2022,Q3,FQ3-FY2022,MU,prepared_remarks,https://s25.q4cdn.com/621799436/files/doc_financials/2022/q3/FQ3-22-Prepared-Remarks.pdf,DRAM,asp_qoq_pct,QoQ,pct (approx range),ASPs declined slightly.,"Fiscal Q3 DRAM revenue was $6.3 billion, representing 73% of total revenue. DRAM revenue increased 10% sequentially and was up 15% year over year. Sequentially, bit shipments increased by slightly over 10% while ASPs declined slightly. ",decrease,,,,slightly,2022-06-02
2022,Q3,FQ3-FY2022,MU,prepared_remarks,https://s25.q4cdn.com/621799436/files/doc_financials/2022/q3/FQ3-22-Prepared-Remarks.pdf,DRAM,bits_qoq_pct,QoQ,pct (approx range),bit shipments increased by slightly over 10%,"Fiscal Q3 DRAM revenue was $6.3 billion, representing 73% of total revenue. DRAM revenue increased 10% sequentially and was up 15% year over year. Sequentially, bit shipments increased by slightly over 10% while ASPs declined slightly. ",increase,10.0,,,slightly over 10%,2022-06-02
2022,Q3,FQ3-FY2022,MU,prepared_remarks,https://s25.q4cdn.com/621799436/files/doc_financials/2022/q3/FQ3-22-Prepared-Remarks.pdf,NAND,asp_qoq_pct,QoQ,pct (approx range),ASPs declined slightly.,"Fiscal Q3 NAND revenue was $2.3 billion, representing 26% of Micron’s total revenue. NAND revenue increased 17% sequentially and was up 26% year over year. Sequential bit shipments increased in the high-teens percent, and ASPs declined slightly. ",decrease,,,,slightly,2022-06-02
2022,Q3,FQ3-FY2022,MU,prepared_remarks,https://s25.q4cdn.com/621799436/files/doc_financials/2022/q3/FQ3-22-Prepared-Remarks.pdf,NAND,bits_qoq_pct,QoQ,pct (approx range),Sequential bit shipments increased in the high-teens percent,"Fiscal Q3 NAND revenue was $2.3 billion, representing 26% of Micron’s total revenue. NAND revenue increased 17% sequentially and was up 26% year over year. Sequential bit shipments increased in the high-teens percent, and ASPs declined slightly. ",increase,17.0,19.0,18.0,high-teens,2022-06-02
2022,Q3,FQ3-FY2022,MU,10-Q MD&A,https://www.sec.gov/Archives/edgar/data/723125/000072312522000036/mu-20220602.htm,DRAM,asp_qoq_pct,QoQ,pct (approx range),a slight decline in average selling prices.,"Sales of DRAM products increased 10% primarily due to an increase in bit shipments of slightly over 10%, partially offset by a slight decline in average selling prices.",decrease,,,,slight,2022-06-02
2022,Q3,FQ3-FY2022,MU,10-Q MD&A,https://www.sec.gov/Archives/edgar/data/723125/000072312522000036/mu-20220602.htm,DRAM,bits_qoq_pct,QoQ,pct (approx range),an increase in bit shipments of slightly over 10%,"Sales of DRAM products increased 10% primarily due to an increase in bit shipments of slightly over 10%, partially offset by a slight decline in average selling prices.",increase,10.0,,,slightly over 10%,2022-06-02
2022,Q3,FQ3-FY2022,MU,10-Q MD&A,https://www.sec.gov/Archives/edgar/data/723125/000072312522000036/mu-20220602.htm,NAND,asp_qoq_pct,QoQ,pct (approx range),a slight decline in average selling prices.,"Sales of NAND products increased 17% primarily due to a high-teens percent increase in bit shipments, partially offset by a slight decline in average selling prices.",decrease,,,,slight,2022-06-02
2022,Q3,FQ3-FY2022,MU,10-Q MD&A,https://www.sec.gov/Archives/edgar/data/723125/000072312522000036/mu-20220602.htm,NAND,bits_qoq_pct,QoQ,pct (approx range),a high-teens percent increase in bit shipments,"Sales of NAND products increased 17% primarily due to a high-teens percent increase in bit shipments, partially offset by a slight decline in average selling prices.",increase,17.0,19.0,18.0,high-teens,2022-06-02
2022,Q4,FQ4-FY2022,MU,prepared_remarks,https://s25.q4cdn.com/621799436/files/doc_financials/2022/q4/Q4-2022-Prepared-Remarks.pdf,DRAM,asp_qoq_pct,QoQ,pct (approx range),average selling prices (ASPs) declined in the low-teens percentage range,"Fiscal Q4 DRAM revenue was $4.8 billion, representing 72% of total revenue. DRAM revenue declined 23% sequentially and was down 21% year over year. Sequentially, bit shipments decreased by roughly 10% while average selling prices (ASPs) declined in the low-teens percentage range. For the fiscal year, DRAM revenue increased 12% year over year to $22.4 billion, representing 73% of total fiscal year revenue. ",decrease,-13.0,-10.0,-11.5,low-teens,2022-09-01
2022,Q4,FQ4-FY2022,MU,prepared_remarks,https://s25.q4cdn.com/621799436/files/doc_financials/2022/q4/Q4-2022-Prepared-Remarks.pdf,DRAM,bits_qoq_pct,QoQ,pct (approx range),bit shipments decreased by roughly 10%,"Fiscal Q4 DRAM revenue was $4.8 billion, representing 72% of total revenue. DRAM revenue declined 23% sequentially and was down 21% year over year. Sequentially, bit shipments decreased by roughly 10% while average selling prices (ASPs) declined in the low-teens percentage range. For the fiscal year, DRAM revenue increased 12% year over year to $22.4 billion, representing 73% of total fiscal year revenue. ",decrease,-10.0,-10.0,-10.0,roughly 10%,2022-09-01
2022,Q4,FQ4-FY2022,MU,prepared_remarks,https://s25.q4cdn.com/621799436/files/doc_financials/2022/q4/Q4-2022-Prepared-Remarks.pdf,NAND,asp_qoq_pct,QoQ,pct (approx range),ASPs declined in the mid-to-high single-digit percentage range,"Fiscal Q4 NAND revenue was $1.7 billion, representing 25% of Micron’s total revenue. NAND revenue declined 26% sequentially and was down 14% year over year. Sequential bit shipments declined in the low-20s percentage range, and ASPs declined in the mid-to-high single-digit percentage range. For the fiscal year, NAND revenue increased 11% year over year to a record $7.8 bill ion, representing 25% of total fiscal year revenue. ",decrease,-9.0,-4.0,-6.5,mid-to-high single-digit,2022-09-01
2022,Q4,FQ4-FY2022,MU,prepared_remarks,https://s25.q4cdn.com/621799436/files/doc_financials/2022/q4/Q4-2022-Prepared-Remarks.pdf,NAND,bits_qoq_pct,QoQ,pct (approx range),Sequential bit shipments declined in the low-20s percentage range,"Fiscal Q4 NAND revenue was $1.7 billion, representing 25% of Micron’s total revenue. NAND revenue declined 26% sequentially and was down 14% year over year. Sequential bit shipments declined in the low-20s percentage range, and ASPs declined in the mid-to-high single-digit percentage range. For the fiscal year, NAND revenue increased 11% year over year to a record $7.8 bill ion, representing 25% of total fiscal year revenue. ",decrease,-23.0,-20.0,-21.5,low-20s,2022-09-01
2023,Q1,FQ1-FY2023,MU,prepared_remarks,https://s25.q4cdn.com/621799436/files/doc_financials/2023/q1/Q1-FY23-Prepared-Remarks.pdf,DRAM,asp_qoq_pct,QoQ,pct (approx range),prices declining in the low-20 percentage range.,"Fiscal Q1 DRAM revenue was $2.8 billion, representing 69% of total revenue. DRAM revenue declined 41% sequentially, with bit shipments decreasing in the mid-20 percentage range and prices declining in the low-20 percentage range. ",decrease,-23.0,-20.0,-21.5,low-20 percent,2022-12-01
2023,Q1,FQ1-FY2023,MU,prepared_remarks,https://s25.q4cdn.com/621799436/files/doc_financials/2023/q1/Q1-FY23-Prepared-Remarks.pdf,DRAM,bits_qoq_pct,QoQ,pct (approx range),bit shipments decreasing in the mid-20 percentage range,"Fiscal Q1 DRAM revenue was $2.8 billion, representing 69% of total revenue. DRAM revenue declined 41% sequentially, with bit shipments decreasing in the mid-20 percentage range and prices declining in the low-20 percentage range. ",decrease,-26.0,-24.0,-25.0,mid-20 percent,2022-12-01
2023,Q1,FQ1-FY2023,MU,prepared_remarks,https://s25.q4cdn.com/621799436/files/doc_financials/2023/q1/Q1-FY23-Prepared-Remarks.pdf,NAND,asp_qoq_pct,QoQ,pct (approx range),prices declining in the low-20 percentage range.,"Fiscal Q1 NAND revenue was $1.1 billion, representing 27% of Micron’s total revenue. NAND revenue declined 35% sequentially, with bit shipments declining in the mid-teens percentage range and prices declining in the low-20 percentage range. ",decrease,-23.0,-20.0,-21.5,low-20 percent,2022-12-01
2023,Q1,FQ1-FY2023,MU,prepared_remarks,https://s25.q4cdn.com/621799436/files/doc_financials/2023/q1/Q1-FY23-Prepared-Remarks.pdf,NAND,bits_qoq_pct,QoQ,pct (approx range),bit shipments declining in the mid-teens percentage range,"Fiscal Q1 NAND revenue was $1.1 billion, representing 27% of Micron’s total revenue. NAND revenue declined 35% sequentially, with bit shipments declining in the mid-teens percentage range and prices declining in the low-20 percentage range. ",decrease,-16.0,-14.0,-15.0,mid-teens,2022-12-01
2023,Q1,FQ1-FY2023,MU,10-Q MD&A,https://www.sec.gov/Archives/edgar/data/723125/000072312522000072/mu-20221201.htm,DRAM,asp_qoq_pct,QoQ,pct (approx range),a low-20 percent range decline in average selling prices.,Sales of DRAM products decreased 41% primarily due to decreases in bit shipments in the mid-20 percent range and a low-20 percent range decline in average selling prices.,decrease,-23.0,-20.0,-21.5,low-20 percent,2022-12-01
2023,Q1,FQ1-FY2023,MU,10-Q MD&A,https://www.sec.gov/Archives/edgar/data/723125/000072312522000072/mu-20221201.htm,DRAM,bits_qoq_pct,QoQ,pct (approx range),decreases in bit shipments in the mid-20 percent range,Sales of DRAM products decreased 41% primarily due to decreases in bit shipments in the mid-20 percent range and a low-20 percent range decline in average selling prices.,decrease,-26.0,-24.0,-25.0,mid-20 percent,2022-12-01
2023,Q1,FQ1-FY2023,MU,10-Q MD&A,https://www.sec.gov/Archives/edgar/data/723125/000072312522000072/mu-20221201.htm,NAND,asp_qoq_pct,QoQ,pct (approx range),a low-20 percent range decline in average selling prices,Sales of NAND products decreased 35% primarily due to a low-20 percent range decline in average selling prices and a mid-teens percent range decrease in bit shipments.,decrease,-23.0,-20.0,-21.5,low-20 percent,2022-12-01
2023,Q1,FQ1-FY2023,MU,10-Q MD&A,https://www.sec.gov/Archives/edgar/data/723125/000072312522000072/mu-20221201.htm,NAND,bits_qoq_pct,QoQ,pct (approx range),a mid-teens percent range decrease in bit shipments.,Sales of NAND products decreased 35% primarily due to a low-20 percent range decline in average selling prices and a mid-teens percent range decrease in bit shipments.,decrease,-16.0,-14.0,-15.0,mid-teens,2022-12-01
2023,Q2,FQ2-FY2023,MU,prepared_remarks,https://s25.q4cdn.com/621799436/files/doc_financials/2023/q2/Q2-FY23-Prepared-Remarks.pdf,DRAM,asp_qoq_pct,QoQ,pct (approx range),prices declining by approximately 20%,"Fiscal Q2 DRAM revenue was $2.7 billion, representing 74% of total revenue. DRAM revenue declined 4% sequentially, with bit shipments increasing in the mid-teens percentage range and prices declining by approximately 20%. Fiscal Q2 DRAM bit shipments benefited from the timing of shipments between fiscal Q1 and fiscal Q2. ",decrease,-20.0,-20.0,-20.0,approximately 20%,2023-03-02
2023,Q2,FQ2-FY2023,MU,prepared_remarks,https://s25.q4cdn.com/621799436/files/doc_financials/2023/q2/Q2-FY23-Prepared-Remarks.pdf,DRAM,bits_qoq_pct,QoQ,pct (approx range),bit shipments increasing in the mid-teens percentage range,"Fiscal Q2 DRAM revenue was $2.7 billion, representing 74% of total revenue. DRAM revenue declined 4% sequentially, with bit shipments increasing in the mid-teens percentage range and prices declining by approximately 20%. Fiscal Q2 DRAM bit shipments benefited from the timing of shipments between fiscal Q1 and fiscal Q2. ",increase,14.0,16.0,15.0,mid-teens,2023-03-02
2023,Q2,FQ2-FY2023,MU,prepared_remarks,https://s25.q4cdn.com/621799436/files/doc_financials/2023/q2/Q2-FY23-Prepared-Remarks.pdf,NAND,asp_qoq_pct,QoQ,pct (approx range),prices declining in the mid-20s percentage range,"Fiscal Q2 NAND revenue was $885 million, representing 24% of Micron’s total revenue. NAND revenue declined 20% sequentially with bit shipments increasing in the mid-to-high single-digit percentage range and prices declining in the mid-20s percentage range. Micron Technology, Inc. Fiscal Q2 2023 Earnings Call Prepared Remarks © 2023 Micron Technology, Inc. 7 March 28, 2023 ",decrease,-26.0,-24.0,-25.0,mid-20s,2023-03-02
2023,Q2,FQ2-FY2023,MU,prepared_remarks,https://s25.q4cdn.com/621799436/files/doc_financials/2023/q2/Q2-FY23-Prepared-Remarks.pdf,NAND,bits_qoq_pct,QoQ,pct (approx range),NAND revenue declined 20% sequentially with bit shipments increasing in the mid-to-high single-digit percentage range,"Fiscal Q2 NAND revenue was $885 million, representing 24% of Micron’s total revenue. NAND revenue declined 20% sequentially with bit shipments increasing in the mid-to-high single-digit percentage range and prices declining in the mid-20s percentage range. Micron Technology, Inc. Fiscal Q2 2023 Earnings Call Prepared Remarks © 2023 Micron Technology, Inc. 7 March 28, 2023 ",increase,4.0,9.0,6.5,mid-to-high single-digit,2023-03-02
2023,Q2,FQ2-FY2023,MU,10-Q MD&A,https://www.sec.gov/Archives/edgar/data/723125/000072312523000022/mu-20230302.htm,DRAM,asp_qoq_pct,QoQ,pct (approx range),an approximate 20 percent decline in average selling prices,Sales of DRAM products decreased 4% primarily due to an approximate 20 percent decline in average selling prices partially offset by a mid-teens percent range increase in bit shipments.,decrease,-20.0,-20.0,-20.0,approximate 20 percent,2023-03-02
2023,Q2,FQ2-FY2023,MU,10-Q MD&A,https://www.sec.gov/Archives/edgar/data/723125/000072312523000022/mu-20230302.htm,DRAM,bits_qoq_pct,QoQ,pct (approx range),a mid-teens percent range increase in bit shipments.,Sales of DRAM products decreased 4% primarily due to an approximate 20 percent decline in average selling prices partially offset by a mid-teens percent range increase in bit shipments.,increase,14.0,16.0,15.0,mid-teens,2023-03-02
2023,Q2,FQ2-FY2023,MU,10-Q MD&A,https://www.sec.gov/Archives/edgar/data/723125/000072312523000022/mu-20230302.htm,NAND,asp_qoq_pct,QoQ,pct (approx range),a mid-20s percent range decline in average selling prices,Sales of NAND products decreased 20% primarily due to a mid-20s percent range decline in average selling prices partially offset by a mid-to-high single-digit percent range increase in bit shipments.,decrease,-26.0,-24.0,-25.0,mid-20s,2023-03-02
2023,Q2,FQ2-FY2023,MU,10-Q MD&A,https://www.sec.gov/Archives/edgar/data/723125/000072312523000022/mu-20230302.htm,NAND,bits_qoq_pct,QoQ,pct (approx range),a mid-to-high single-digit percent range increase in bit shipments.,Sales of NAND products decreased 20% primarily due to a mid-20s percent range decline in average selling prices partially offset by a mid-to-high single-digit percent range increase in bit shipments.,increase,4.0,9.0,6.5,mid-to-high single-digit,2023-03-02
2023,Q3,FQ3-FY2023,MU,prepared_remarks,https://s25.q4cdn.com/621799436/files/doc_financials/2023/q3/Q3-FY23-Prepared-Remarks.pdf,DRAM,asp_qoq_pct,QoQ,pct (approx range),prices declining by approximately 10%.,"Fiscal Q3 DRAM revenue was $2.7 billion, representing 71% of total revenue. DRAM revenue declined 2% sequentially, with bit shipments increasing in the 10-percentage range and prices declining by approximately 10%. ",decrease,-10.0,-10.0,-10.0,approximately 10%,2023-06-01
2023,Q3,FQ3-FY2023,MU,prepared_remarks,https://s25.q4cdn.com/621799436/files/doc_financials/2023/q3/Q3-FY23-Prepared-Remarks.pdf,DRAM,bits_qoq_pct,QoQ,pct (approx range),bit shipments increasing in the 10-percentage range,"Fiscal Q3 DRAM revenue was $2.7 billion, representing 71% of total revenue. DRAM revenue declined 2% sequentially, with bit shipments increasing in the 10-percentage range and prices declining by approximately 10%. ",increase,10.0,10.0,10.0,in the 10-percentage range,2023-06-01
2023,Q3,FQ3-FY2023,MU,prepared_remarks,https://s25.q4cdn.com/621799436/files/doc_financials/2023/q3/Q3-FY23-Prepared-Remarks.pdf,NAND,asp_qoq_pct,QoQ,pct (approx range),prices declining in the mid-teens percentage range.,"Fiscal Q3 NAND revenue was $1 billion, representing 27% of Micron’s total revenue. NAND revenue increased 14% sequentially, with bit shipments increasing in the upper 30-percentage range and prices declining in the mid-teens percentage range. ",decrease,-16.0,-14.0,-15.0,mid-teens,2023-06-01
2023,Q3,FQ3-FY2023,MU,prepared_remarks,https://s25.q4cdn.com/621799436/files/doc_financials/2023/q3/Q3-FY23-Prepared-Remarks.pdf,NAND,bits_qoq_pct,QoQ,pct (approx range),bit shipments increasing in the upper 30-percentage range,"Fiscal Q3 NAND revenue was $1 billion, representing 27% of Micron’s total revenue. NAND revenue increased 14% sequentially, with bit shipments increasing in the upper 30-percentage range and prices declining in the mid-teens percentage range. ",increase,37.0,39.0,38.0,upper 30-percent,2023-06-01
2023,Q3,FQ3-FY2023,MU,10-Q MD&A,https://www.sec.gov/Archives/edgar/data/723125/000072312523000041/mu-20230601.htm,DRAM,asp_qoq_pct,QoQ,pct (approx range),an approximate 10 percent decline in average selling prices,Sales of DRAM products decreased 2% primarily due to an approximate 10 percent decline in average selling prices partially offset by an increase in bit shipments in the 10 percent range.,decrease,-10.0,-10.0,-10.0,approximate 10 percent,2023-06-01
2023,Q3,FQ3-FY2023,MU,10-Q MD&A,https://www.sec.gov/Archives/edgar/data/723125/000072312523000041/mu-20230601.htm,DRAM,bits_qoq_pct,QoQ,pct (approx range),an increase in bit shipments in the 10 percent range.,Sales of DRAM products decreased 2% primarily due to an approximate 10 percent decline in average selling prices partially offset by an increase in bit shipments in the 10 percent range.,increase,10.0,10.0,10.0,10 percent,2023-06-01
2023,Q3,FQ3-FY2023,MU,10-Q MD&A,https://www.sec.gov/Archives/edgar/data/723125/000072312523000041/mu-20230601.htm,NAND,asp_qoq_pct,QoQ,pct (approx range),a mid-teens percent range decline in average selling prices.,Sales of NAND products increased 14% primarily due to an upper-30 percent range increase in bit shipments partially offset by a mid-teens percent range decline in average selling prices.,decrease,-16.0,-14.0,-15.0,mid-teens,2023-06-01
2023,Q3,FQ3-FY2023,MU,10-Q MD&A,https://www.sec.gov/Archives/edgar/data/723125/000072312523000041/mu-20230601.htm,NAND,bits_qoq_pct,QoQ,pct (approx range),an upper-30 percent range increase in bit shipments,Sales of NAND products increased 14% primarily due to an upper-30 percent range increase in bit shipments partially offset by a mid-teens percent range decline in average selling prices.,increase,37.0,39.0,38.0,upper-30 percent,2023-06-01
2023,Q4,FQ4-FY2023,MU,prepared_remarks,https://s25.q4cdn.com/621799436/files/doc_financials/2023/q4/Q4-FY23-Prepared-Remarks.pdf,DRAM,asp_qoq_pct,QoQ,pct (approx range),prices declining in the high-single-digit percentage range,"Fiscal Q4 DRAM revenue was $2.8 billion, representing 69% of total revenue. DRAM revenue increased 3% sequentially, with bit shipments increasing in the mid-teens percentage range and prices declining in the high-single-digit percentage range. For the fiscal year, DRAM revenue declined 51% year over year to $11 billion, representing 71% of total revenue. ",decrease,-9.0,-7.0,-8.0,high-single-digit,2023-08-31
2023,Q4,FQ4-FY2023,MU,prepared_remarks,https://s25.q4cdn.com/621799436/files/doc_financials/2023/q4/Q4-FY23-Prepared-Remarks.pdf,DRAM,bits_qoq_pct,QoQ,pct (approx range),bit shipments increasing in the mid-teens percentage range,"Fiscal Q4 DRAM revenue was $2.8 billion, representing 69% of total revenue. DRAM revenue increased 3% sequentially, with bit shipments increasing in the mid-teens percentage range and prices declining in the high-single-digit percentage range. For the fiscal year, DRAM revenue declined 51% year over year to $11 billion, representing 71% of total revenue. ",increase,14.0,16.0,15.0,mid-teens,2023-08-31
2023,Q4,FQ4-FY2023,MU,prepared_remarks,https://s25.q4cdn.com/621799436/files/doc_financials/2023/q4/Q4-FY23-Prepared-Remarks.pdf,NAND,asp_qoq_pct,QoQ,pct (approx range),prices declining in the mid-teens percentage range,"Fiscal Q4 NAND revenue was $1.2 billion, representing around 30% of Micron’s total revenue. NAND revenue increased 19% sequentially, with bit shipments increasing over 40% driven by timing of shipments including strategic purchases and prices declining in the mid-teens percentage range. For the fiscal year, NAND revenue declined 46% year over year to $4.2 billion, representing 27% of total revenue. ",decrease,-16.0,-14.0,-15.0,mid-teens,2023-08-31
2023,Q4,FQ4-FY2023,MU,prepared_remarks,https://s25.q4cdn.com/621799436/files/doc_financials/2023/q4/Q4-FY23-Prepared-Remarks.pdf,NAND,bits_qoq_pct,QoQ,pct (approx range),bit shipments increasing over 40% driven by timing of shipments including strategic purchases,"Fiscal Q4 NAND revenue was $1.2 billion, representing around 30% of Micron’s total revenue. NAND revenue increased 19% sequentially, with bit shipments increasing over 40% driven by timing of shipments including strategic purchases and prices declining in the mid-teens percentage range. For the fiscal year, NAND revenue declined 46% year over year to $4.2 billion, representing 27% of total revenue. ",increase,40.0,,,over 40%,2023-08-31
2024,Q1,FQ1-FY2024,MU,prepared_remarks,https://s25.q4cdn.com/621799436/files/doc_financials/2024/q1/Q1-FY24-Prepared-Remarks.pdf,DRAM,asp_qoq_pct,QoQ,pct (approx range),prices increasing in the low-single-digit percentage range,"Fiscal Q1 DRAM revenue was $3.4 billion, representing 73% of total revenue. DRAM revenue increased 24% sequentially, with bit shipments increasing in the low-20s percentage range and prices increasing in the low-single-digit percentage range. Robust bookings entering the quarter, including customer strategic buys that occurred in prior quarters for FQ1 shipment, limited our reported FQ1 DRAM price increases despite Micron's strong execution on CQ4 pricing. Our strong calendar Q4 price execution contributes to our solid sequential growth in FQ2, even with the effect of seasonality. ",increase,1.0,3.0,2.0,low-single-digit,2023-11-30
2024,Q1,FQ1-FY2024,MU,prepared_remarks,https://s25.q4cdn.com/621799436/files/doc_financials/2024/q1/Q1-FY24-Prepared-Remarks.pdf,DRAM,bits_qoq_pct,QoQ,pct (approx range),bit shipments increasing in the low-20s percentage range,"Fiscal Q1 DRAM revenue was $3.4 billion, representing 73% of total revenue. DRAM revenue increased 24% sequentially, with bit shipments increasing in the low-20s percentage range and prices increasing in the low-single-digit percentage range. Robust bookings entering the quarter, including customer strategic buys that occurred in prior quarters for FQ1 shipment, limited our reported FQ1 DRAM price increases despite Micron's strong execution on CQ4 pricing. Our strong calendar Q4 price execution contributes to our solid sequential growth in FQ2, even with the effect of seasonality. ",increase,20.0,23.0,21.5,low-20s,2023-11-30
2024,Q1,FQ1-FY2024,MU,prepared_remarks,https://s25.q4cdn.com/621799436/files/doc_financials/2024/q1/Q1-FY24-Prepared-Remarks.pdf,NAND,asp_qoq_pct,QoQ,pct (approx range),prices increased by approximately 20%,"Fiscal Q1 NAND revenue was $1.2 billion, representing 26% of Micron’s total revenue. NAND revenue increased 2% sequentially with pricing more than offsetting an expected and communicated decline in volumes. Bit shipments declined in the mid-teens percentage range after record shipments in the prior quarter, and prices increased by approximately 20%. Portfolio mix improvements in NAND contributed to the increase. ",increase,20.0,20.0,20.0,approximately 20%,2023-11-30
2024,Q1,FQ1-FY2024,MU,prepared_remarks,https://s25.q4cdn.com/621799436/files/doc_financials/2024/q1/Q1-FY24-Prepared-Remarks.pdf,NAND,bits_qoq_pct,QoQ,pct (approx range),Bit shipments declined in the mid-teens percentage range after record shipments in the prior quarter,"Fiscal Q1 NAND revenue was $1.2 billion, representing 26% of Micron’s total revenue. NAND revenue increased 2% sequentially with pricing more than offsetting an expected and communicated decline in volumes. Bit shipments declined in the mid-teens percentage range after record shipments in the prior quarter, and prices increased by approximately 20%. Portfolio mix improvements in NAND contributed to the increase. ",decrease,-16.0,-14.0,-15.0,mid-teens,2023-11-30
2024,Q2,FQ2-FY2024,MU,prepared_remarks,https://s25.q4cdn.com/621799436/files/doc_financials/2024/q2/FY24-Q2-Prepared-Remarks.pdf,DRAM,asp_qoq_pct,QoQ,pct (approx range),prices increasing by high teens.,"Fiscal Q2 DRAM revenue was approximately $4.2 billion, representing 71% of total revenue. DRAM revenue increased 21% sequentially, with bit shipments increasing by a low single-digit percentage and prices increasing by high teens. ",increase,17.0,19.0,18.0,high teens,2024-02-29
2024,Q2,FQ2-FY2024,MU,prepared_remarks,https://s25.q4cdn.com/621799436/files/doc_financials/2024/q2/FY24-Q2-Prepared-Remarks.pdf,DRAM,bits_qoq_pct,QoQ,pct (approx range),bit shipments increasing by a low single-digit percentage,"Fiscal Q2 DRAM revenue was approximately $4.2 billion, representing 71% of total revenue. DRAM revenue increased 21% sequentially, with bit shipments increasing by a low single-digit percentage and prices increasing by high teens. ",increase,1.0,3.0,2.0,low single-digit,2024-02-29
2024,Q2,FQ2-FY2024,MU,prepared_remarks,https://s25.q4cdn.com/621799436/files/doc_financials/2024/q2/FY24-Q2-Prepared-Remarks.pdf,NAND,asp_qoq_pct,QoQ,pct (approx range),prices increasing by over 30%.,"Fiscal Q2 NAND revenue was approximately $1.6 billion, representing 27% of Micron’s total revenue. NAND revenue increased 27% sequentially, with bit shipments decreasing by a low single-digit percentage and prices increasing by over 30%. ",increase,30.0,,,over 30%,2024-02-29
2024,Q2,FQ2-FY2024,MU,prepared_remarks,https://s25.q4cdn.com/621799436/files/doc_financials/2024/q2/FY24-Q2-Prepared-Remarks.pdf,NAND,bits_qoq_pct,QoQ,pct (approx range),bit shipments decreasing by a low single-digit percentage,"Fiscal Q2 NAND revenue was approximately $1.6 billion, representing 27% of Micron’s total revenue. NAND revenue increased 27% sequentially, with bit shipments decreasing by a low single-digit percentage and prices increasing by over 30%. ",decrease,-3.0,-1.0,-2.0,low single-digit,2024-02-29
2024,Q3,FQ3-FY2024,MU,prepared_remarks,https://s25.q4cdn.com/621799436/files/doc_financials/2024/q3/FY24-Q3-Prepared-Remarks-FINAL.pdf,DRAM,asp_qoq_pct,QoQ,pct (approx range),prices increasing by approximately 20%.,"Fiscal Q3 DRAM revenue was approximately $4.7 billion, representing 69% of total revenue. DRAM revenue increased 13% sequentially, with bit shipments declining in the mid-single-digit percentage range and prices increasing by approximately 20%. ",increase,20.0,20.0,20.0,approximately 20%,2024-05-30
2024,Q3,FQ3-FY2024,MU,prepared_remarks,https://s25.q4cdn.com/621799436/files/doc_financials/2024/q3/FY24-Q3-Prepared-Remarks-FINAL.pdf,DRAM,bits_qoq_pct,QoQ,pct (approx range),bit shipments declining in the mid-single-digit percentage range,"Fiscal Q3 DRAM revenue was approximately $4.7 billion, representing 69% of total revenue. DRAM revenue increased 13% sequentially, with bit shipments declining in the mid-single-digit percentage range and prices increasing by approximately 20%. ",decrease,-6.0,-4.0,-5.0,mid-single-digit,2024-05-30
2024,Q3,FQ3-FY2024,MU,prepared_remarks,https://s25.q4cdn.com/621799436/files/doc_financials/2024/q3/FY24-Q3-Prepared-Remarks-FINAL.pdf,NAND,asp_qoq_pct,QoQ,pct (approx range),prices increasing by approximately 20%.,"Fiscal Q3 NAND revenue was approximately $2.1 billion, representing 30% of Micron’s total revenue. NAND revenue increased 32% sequentially, with bit shipments increasing in the high -single-digit percentage range and prices increasing by approximately 20%. ",increase,20.0,20.0,20.0,approximately 20%,2024-05-30
2024,Q3,FQ3-FY2024,MU,prepared_remarks,https://s25.q4cdn.com/621799436/files/doc_financials/2024/q3/FY24-Q3-Prepared-Remarks-FINAL.pdf,NAND,bits_qoq_pct,QoQ,pct (approx range),bit shipments increasing in the high-single-digit percentage range,"Fiscal Q3 NAND revenue was approximately $2.1 billion, representing 30% of Micron’s total revenue. NAND revenue increased 32% sequentially, with bit shipments increasing in the high -single-digit percentage range and prices increasing by approximately 20%. ",increase,7.0,9.0,8.0,high-single-digit,2024-05-30
2024,Q4,FQ4-FY2024,MU,prepared_remarks,https://s25.q4cdn.com/621799436/files/doc_financials/2024/q4/FY24-Q4-Prepared-Remarks-3.pdf,DRAM,asp_qoq_pct,QoQ,pct (approx range),prices increasing in the mid-teens percentage range,"Fiscal Q4 DRAM revenue was $5.3 billion, up 93% year over year, and represented 69% of total revenue. Sequentially, DRAM revenue increased 14%, with flattish bit shipments and prices increasing in the mid - teens percentage range. For the fiscal year, DRAM revenue increased 60% year over year to $17.6 billion, representing 70% of total revenue. ",increase,14.0,16.0,15.0,mid-teens,2024-08-29
2024,Q4,FQ4-FY2024,MU,prepared_remarks,https://s25.q4cdn.com/621799436/files/doc_financials/2024/q4/FY24-Q4-Prepared-Remarks-3.pdf,DRAM,bits_qoq_pct,QoQ,pct (approx range),flattish bit shipments,"Fiscal Q4 DRAM revenue was $5.3 billion, up 93% year over year, and represented 69% of total revenue. Sequentially, DRAM revenue increased 14%, with flattish bit shipments and prices increasing in the mid - teens percentage range. For the fiscal year, DRAM revenue increased 60% year over year to $17.6 billion, representing 70% of total revenue. ",flat,0.0,0.0,0.0,flattish,2024-08-29
2024,Q4,FQ4-FY2024,MU,prepared_remarks,https://s25.q4cdn.com/621799436/files/doc_financials/2024/q4/FY24-Q4-Prepared-Remarks-3.pdf,NAND,asp_qoq_pct,QoQ,pct (approx range),prices increasing in the high-single-digit percentage range,"Fiscal Q4 NAND revenue was $2.4 billion, up 96% year over year, and represented 31% of Micron’s total revenue. NAND revenue increased 15% sequentially, with bit shipments increasing in the high -single-digit percentage range and prices increasing in the high-single-digit percentage range. Fiscal Q4 NAND revenue was a new quarterly record for Micron. For the fiscal year, NAND revenue increased 72% year over year to $7.2 billion, representing 29% of total revenue. ",increase,7.0,9.0,8.0,high-single-digit,2024-08-29
2024,Q4,FQ4-FY2024,MU,prepared_remarks,https://s25.q4cdn.com/621799436/files/doc_financials/2024/q4/FY24-Q4-Prepared-Remarks-3.pdf,NAND,bits_qoq_pct,QoQ,pct (approx range),bit shipments increasing in the high-single-digit percentage range,"Fiscal Q4 NAND revenue was $2.4 billion, up 96% year over year, and represented 31% of Micron’s total revenue. NAND revenue increased 15% sequentially, with bit shipments increasing in the high -single-digit percentage range and prices increasing in the high-single-digit percentage range. Fiscal Q4 NAND revenue was a new quarterly record for Micron. For the fiscal year, NAND revenue increased 72% year over year to $7.2 billion, representing 29% of total revenue. ",increase,7.0,9.0,8.0,high-single-digit,2024-08-29
2025,Q1,FQ1-FY2025,MU,prepared_remarks,https://s25.q4cdn.com/621799436/files/doc_financials/2025/q1/FY25-Q1-Prepared-Remarks.pdf,DRAM,asp_qoq_pct,QoQ,pct (approx range),prices increasing in the high-single-digit percentage range,"Fiscal Q1 DRAM revenue was $6.4 billion, up 87% year over year, and represented 73% of total revenue. Sequentially, DRAM revenue increased 20%, with bit shipments up in the low-double-digit percent range and prices increasing in the high-single-digit percentage range. Strong sequential bit shipment growth in DRAM was driven by demand in data center. ",increase,7.0,9.0,8.0,high-single-digit,2024-11-28
2025,Q1,FQ1-FY2025,MU,prepared_remarks,https://s25.q4cdn.com/621799436/files/doc_financials/2025/q1/FY25-Q1-Prepared-Remarks.pdf,DRAM,bits_qoq_pct,QoQ,pct (approx range),bit shipments up in the low-double-digit percent range,"Fiscal Q1 DRAM revenue was $6.4 billion, up 87% year over year, and represented 73% of total revenue. Sequentially, DRAM revenue increased 20%, with bit shipments up in the low-double-digit percent range and prices increasing in the high-single-digit percentage range. Strong sequential bit shipment growth in DRAM was driven by demand in data center. ",increase,10.0,13.0,11.5,low-double-digit,2024-11-28
2025,Q1,FQ1-FY2025,MU,prepared_remarks,https://s25.q4cdn.com/621799436/files/doc_financials/2025/q1/FY25-Q1-Prepared-Remarks.pdf,NAND,asp_qoq_pct,QoQ,pct (approx range),bit shipments and prices both decreasing in the low-single-digit percentage range.,"Fiscal Q1 NAND revenue was $2.2 billion, up 82% year over year, and represented 26% of Micron’s total revenue. Sequentially, NAND revenue decreased 5%, with bit shipments and prices both decreasing in the low-single-digit percentage range. ",decrease,-3.0,-1.0,-2.0,low-single-digit,2024-11-28
2025,Q1,FQ1-FY2025,MU,prepared_remarks,https://s25.q4cdn.com/621799436/files/doc_financials/2025/q1/FY25-Q1-Prepared-Remarks.pdf,NAND,bits_qoq_pct,QoQ,pct (approx range),bit shipments and prices both decreasing in the low-single-digit percentage range.,"Fiscal Q1 NAND revenue was $2.2 billion, up 82% year over year, and represented 26% of Micron’s total revenue. Sequentially, NAND revenue decreased 5%, with bit shipments and prices both decreasing in the low-single-digit percentage range. ",decrease,-3.0,-1.0,-2.0,low-single-digit,2024-11-28
2025,Q1,FQ1-FY2025,MU,10-Q MD&A,https://www.sec.gov/Archives/edgar/data/723125/000072312524000047/mu-20241128.htm,DRAM,asp_qoq_pct,QoQ,pct (approx range),a high-single-digit percent range increase in average selling prices.,Sales of DRAM products increased 20% primarily due to a low-double-digit percent range increase in bit shipments driven by demand in data center markets and a high-single-digit percent range increase in average selling prices.,increase,7.0,9.0,8.0,high-single-digit,2024-11-28
2025,Q1,FQ1-FY2025,MU,10-Q MD&A,https://www.sec.gov/Archives/edgar/data/723125/000072312524000047/mu-20241128.htm,DRAM,bits_qoq_pct,QoQ,pct (approx range),a low-double-digit percent range increase in bit shipments,Sales of DRAM products increased 20% primarily due to a low-double-digit percent range increase in bit shipments driven by demand in data center markets and a high-single-digit percent range increase in average selling prices.,increase,10.0,13.0,11.5,low-double-digit,2024-11-28
2025,Q1,FQ1-FY2025,MU,10-Q MD&A,https://www.sec.gov/Archives/edgar/data/723125/000072312524000047/mu-20241128.htm,NAND,asp_qoq_pct,QoQ,pct (approx range),a low-single-digit percent range decrease in average selling prices.,Sales of NAND products decreased 5% primarily due to a low-single-digit percent range decrease in bit shipments and a low-single-digit percent range decrease in average selling prices.,decrease,-3.0,-1.0,-2.0,low-single-digit,2024-11-28
2025,Q1,FQ1-FY2025,MU,10-Q MD&A,https://www.sec.gov/Archives/edgar/data/723125/000072312524000047/mu-20241128.htm,NAND,bits_qoq_pct,QoQ,pct (approx range),a low-single-digit percent range decrease in bit shipments,Sales of NAND products decreased 5% primarily due to a low-single-digit percent range decrease in bit shipments and a low-single-digit percent range decrease in average selling prices.,decrease,-3.0,-1.0,-2.0,low-single-digit,2024-11-28
2025,Q2,FQ2-FY2025,MU,prepared_remarks,https://s25.q4cdn.com/621799436/files/doc_financials/2025/q2/Micron_FY25_Q2_Prepared_Remarks_2-1.pdf,DRAM,asp_qoq_pct,QoQ,pct (approx range),prices increasing in the mid-single-digit percentage range as a result of improving portfolio mix.,"Fiscal Q2 DRAM revenue was $6.1 billion, up 47% year over year, and represented 76% of total revenue. Sequentially, DRAM revenue decreased 4%, with bit shipments decreasing in the high-single-digit percentage range and prices increasing in the mid-single-digit percentage range as a result of improving portfolio mix. ",increase,4.0,6.0,5.0,mid-single-digit,2025-02-27
2025,Q2,FQ2-FY2025,MU,prepared_remarks,https://s25.q4cdn.com/621799436/files/doc_financials/2025/q2/Micron_FY25_Q2_Prepared_Remarks_2-1.pdf,DRAM,bits_qoq_pct,QoQ,pct (approx range),bit shipments decreasing in the high-single-digit percentage range,"Fiscal Q2 DRAM revenue was $6.1 billion, up 47% year over year, and represented 76% of total revenue. Sequentially, DRAM revenue decreased 4%, with bit shipments decreasing in the high-single-digit percentage range and prices increasing in the mid-single-digit percentage range as a result of improving portfolio mix. ",decrease,-9.0,-7.0,-8.0,high-single-digit,2025-02-27
2025,Q2,FQ2-FY2025,MU,prepared_remarks,https://s25.q4cdn.com/621799436/files/doc_financials/2025/q2/Micron_FY25_Q2_Prepared_Remarks_2-1.pdf,NAND,asp_qoq_pct,QoQ,pct (approx range),prices decreasing in the high-teens percentage range,"Fiscal Q2 NAND revenue was $1.9 billion, up 18% year over year, and represented 23% of Micron’s total revenue. Sequentially, NAND revenue decreased 17%, with bit shipments modestly higher and prices decreasing in the high-teens percentage range. FQ2 NAND bit shipments were above our expectations, driven by higher consumer-oriented shipments. ",decrease,-19.0,-17.0,-18.0,high-teens,2025-02-27
2025,Q2,FQ2-FY2025,MU,prepared_remarks,https://s25.q4cdn.com/621799436/files/doc_financials/2025/q2/Micron_FY25_Q2_Prepared_Remarks_2-1.pdf,NAND,bits_qoq_pct,QoQ,pct (approx range),bit shipments modestly higher,"Fiscal Q2 NAND revenue was $1.9 billion, up 18% year over year, and represented 23% of Micron’s total revenue. Sequentially, NAND revenue decreased 17%, with bit shipments modestly higher and prices decreasing in the high-teens percentage range. FQ2 NAND bit shipments were above our expectations, driven by higher consumer-oriented shipments. ",increase,,,,modestly,2025-02-27
2025,Q2,FQ2-FY2025,MU,10-Q MD&A,https://www.sec.gov/Archives/edgar/data/723125/000072312525000009/mu-20250227.htm,DRAM,asp_qoq_pct,QoQ,pct (approx range),a mid-single-digit percent range increase in average selling prices,"Sales of DRAM products decreased 4% primarily due to a high-single-digit percent range decrease in bit shipments, partially offset by a mid-single-digit percent range increase in average selling prices driven by an increased mix of HBM and other data center products.",increase,4.0,6.0,5.0,mid-single-digit,2025-02-27
2025,Q2,FQ2-FY2025,MU,10-Q MD&A,https://www.sec.gov/Archives/edgar/data/723125/000072312525000009/mu-20250227.htm,DRAM,bits_qoq_pct,QoQ,pct (approx range),a high-single-digit percent range decrease in bit shipments,"Sales of DRAM products decreased 4% primarily due to a high-single-digit percent range decrease in bit shipments, partially offset by a mid-single-digit percent range increase in average selling prices driven by an increased mix of HBM and other data center products.",decrease,-9.0,-7.0,-8.0,high-single-digit,2025-02-27
2025,Q2,FQ2-FY2025,MU,10-Q MD&A,https://www.sec.gov/Archives/edgar/data/723125/000072312525000009/mu-20250227.htm,NAND,asp_qoq_pct,QoQ,pct (approx range),a high-teens percent range decrease in average selling prices due to industry conditions,"Sales of NAND products decreased 17% primarily due to a high-teens percent range decrease in average selling prices due to industry conditions and a mix shift to consumer-oriented products, partially offset by modestly higher bit shipments.",decrease,-19.0,-17.0,-18.0,high-teens,2025-02-27
2025,Q2,FQ2-FY2025,MU,10-Q MD&A,https://www.sec.gov/Archives/edgar/data/723125/000072312525000009/mu-20250227.htm,NAND,bits_qoq_pct,QoQ,pct (approx range),modestly higher bit shipments.,"Sales of NAND products decreased 17% primarily due to a high-teens percent range decrease in average selling prices due to industry conditions and a mix shift to consumer-oriented products, partially offset by modestly higher bit shipments.",increase,,,,modestly,2025-02-27
2025,Q3,FQ3-FY2025,MU,prepared_remarks,https://s25.q4cdn.com/621799436/files/doc_financials/2025/q3/Micron_FY25_Q3_Prepared_Remarks.pdf,DRAM,asp_qoq_pct,QoQ,pct (approx range),prices decreasing in the low single-digit percentage range,"Fiscal Q3 DRAM revenue was $7.1 billion, up 51% year over year, and represented 76% of total revenue. Sequentially, DRAM revenue increased 15%, with bit shipments increasing over 20 % and prices decreasing in the low single-digit percentage range, primarily due to a higher consumer-oriented revenue mix. ",decrease,-3.0,-1.0,-2.0,low single-digit,2025-05-29
2025,Q3,FQ3-FY2025,MU,prepared_remarks,https://s25.q4cdn.com/621799436/files/doc_financials/2025/q3/Micron_FY25_Q3_Prepared_Remarks.pdf,DRAM,bits_qoq_pct,QoQ,pct (approx range),bit shipments increasing over 20 %,"Fiscal Q3 DRAM revenue was $7.1 billion, up 51% year over year, and represented 76% of total revenue. Sequentially, DRAM revenue increased 15%, with bit shipments increasing over 20 % and prices decreasing in the low single-digit percentage range, primarily due to a higher consumer-oriented revenue mix. ",increase,20.0,,,over 20 %,2025-05-29
2025,Q3,FQ3-FY2025,MU,prepared_remarks,https://s25.q4cdn.com/621799436/files/doc_financials/2025/q3/Micron_FY25_Q3_Prepared_Remarks.pdf,NAND,asp_qoq_pct,QoQ,pct (approx range),prices decreasing in the high single-digit percentage range.,"Fiscal Q3 NAND revenue was $2.2 billion, up 4% year over year, and represented 23% of Micron’s total revenue. Sequentially, NAND revenue increased 16%, with bit shipments increasing in the mid -20s percentage range and prices decreasing in the high single-digit percentage range. ",decrease,-9.0,-7.0,-8.0,high single-digit,2025-05-29
2025,Q3,FQ3-FY2025,MU,prepared_remarks,https://s25.q4cdn.com/621799436/files/doc_financials/2025/q3/Micron_FY25_Q3_Prepared_Remarks.pdf,NAND,bits_qoq_pct,QoQ,pct (approx range),bit shipments increasing in the mid-20s percentage range,"Fiscal Q3 NAND revenue was $2.2 billion, up 4% year over year, and represented 23% of Micron’s total revenue. Sequentially, NAND revenue increased 16%, with bit shipments increasing in the mid -20s percentage range and prices decreasing in the high single-digit percentage range. ",increase,24.0,26.0,25.0,mid-20s,2025-05-29
2025,Q3,FQ3-FY2025,MU,10-Q MD&A,https://www.sec.gov/Archives/edgar/data/723125/000072312525000021/mu-20250529.htm,DRAM,asp_qoq_pct,QoQ,pct (approx range),a low-single-digit percent range decrease in average selling prices,"Sales of DRAM products increased 15% primarily due to an over 20% increase in bit shipments, partially offset by a low-single-digit percent range decrease in average selling prices primarily due to a higher consumer-oriented revenue mix.",decrease,-3.0,-1.0,-2.0,low-single-digit,2025-05-29
2025,Q3,FQ3-FY2025,MU,10-Q MD&A,https://www.sec.gov/Archives/edgar/data/723125/000072312525000021/mu-20250529.htm,DRAM,bits_qoq_pct,QoQ,pct (approx range),an over 20% increase in bit shipments,"Sales of DRAM products increased 15% primarily due to an over 20% increase in bit shipments, partially offset by a low-single-digit percent range decrease in average selling prices primarily due to a higher consumer-oriented revenue mix.",increase,20.0,,,over 20%,2025-05-29
2025,Q3,FQ3-FY2025,MU,10-Q MD&A,https://www.sec.gov/Archives/edgar/data/723125/000072312525000021/mu-20250529.htm,NAND,asp_qoq_pct,QoQ,pct (approx range),a high-single-digit percent range decrease in average selling prices.,"Sales of NAND products increased 16% primarily due to a mid-20% range increase in bit shipments, partially offset by a high-single-digit percent range decrease in average selling prices.",decrease,-9.0,-7.0,-8.0,high-single-digit,2025-05-29
2025,Q3,FQ3-FY2025,MU,10-Q MD&A,https://www.sec.gov/Archives/edgar/data/723125/000072312525000021/mu-20250529.htm,NAND,bits_qoq_pct,QoQ,pct (approx range),a mid-20% range increase in bit shipments,"Sales of NAND products increased 16% primarily due to a mid-20% range increase in bit shipments, partially offset by a high-single-digit percent range decrease in average selling prices.",increase,24.0,26.0,25.0,mid-20%,2025-05-29
2025,Q4,FQ4-FY2025,MU,prepared_remarks,https://s25.q4cdn.com/621799436/files/doc_financials/2025/q4/Q4-2025-Prepared-Remarks-1.pdf,DRAM,asp_qoq_pct,QoQ,pct (approx range),Prices increased in the low-double-digit percentage range,"Fiscal Q4 DRAM revenue was a record $9.0 billion, up 69% year over year and represented 79% of total revenue. Sequentially, DRAM revenue increased 27%. Bit shipments increased in the low -teens percent, driven by strong demand across all end markets. Prices increased in the low-double-digit percentage range, driven by tight industry DRAM supply, pricing execution and favorable mix. Fiscal 2025 DRAM revenues were a record $28.6 billion, up 62% year over year. Fiscal 2025 DRAM all-in costs, inclusive of HBM, were down by low single-digit percentage points. ",increase,10.0,13.0,11.5,low-double-digit,2025-08-28
2025,Q4,FQ4-FY2025,MU,prepared_remarks,https://s25.q4cdn.com/621799436/files/doc_financials/2025/q4/Q4-2025-Prepared-Remarks-1.pdf,DRAM,bits_qoq_pct,QoQ,pct (approx range),Bit shipments increased in the low-teens percent,"Fiscal Q4 DRAM revenue was a record $9.0 billion, up 69% year over year and represented 79% of total revenue. Sequentially, DRAM revenue increased 27%. Bit shipments increased in the low -teens percent, driven by strong demand across all end markets. Prices increased in the low-double-digit percentage range, driven by tight industry DRAM supply, pricing execution and favorable mix. Fiscal 2025 DRAM revenues were a record $28.6 billion, up 62% year over year. Fiscal 2025 DRAM all-in costs, inclusive of HBM, were down by low single-digit percentage points. ",increase,10.0,13.0,11.5,low-teens,2025-08-28
2025,Q4,FQ4-FY2025,MU,prepared_remarks,https://s25.q4cdn.com/621799436/files/doc_financials/2025/q4/Q4-2025-Prepared-Remarks-1.pdf,NAND,asp_qoq_pct,QoQ,pct (approx range),prices increased in the high single-digit percentage range due to favorable mix,"Fiscal Q4 NAND revenue was $2.3 billion, down 5% year over year and represented 20% of Micron’s total revenue. Sequentially, NAND revenue increased 5%. NAND bit shipments declined in the mid -single-digit Micron Technology, Inc. Fiscal Q4 2025 Earnings Call Prepared Remarks © 2025 Micron Technology, Inc. Sept. 23, 2025 percentage range, and prices increased in the high single-digit percentage range due to favorable mix. Fiscal 2025 NAND revenues were a record $8.5 billion, up 18% year over year. Fiscal 2025 NAND all-in cost reductions were around low teens percentage. ",increase,7.0,9.0,8.0,high single-digit,2025-08-28
2025,Q4,FQ4-FY2025,MU,prepared_remarks,https://s25.q4cdn.com/621799436/files/doc_financials/2025/q4/Q4-2025-Prepared-Remarks-1.pdf,NAND,bits_qoq_pct,QoQ,pct (approx range),NAND bit shipments declined in the mid-single-digit Micron Technology,"Fiscal Q4 NAND revenue was $2.3 billion, down 5% year over year and represented 20% of Micron’s total revenue. Sequentially, NAND revenue increased 5%. NAND bit shipments declined in the mid -single-digit Micron Technology, Inc. Fiscal Q4 2025 Earnings Call Prepared Remarks © 2025 Micron Technology, Inc. Sept. 23, 2025 percentage range, and prices increased in the high single-digit percentage range due to favorable mix. Fiscal 2025 NAND revenues were a record $8.5 billion, up 18% year over year. Fiscal 2025 NAND all-in cost reductions were around low teens percentage. ",decrease,-6.0,-4.0,-5.0,mid-single-digit,2025-08-28
2026,Q1,FQ1-FY2026,MU,prepared_remarks,https://s25.q4cdn.com/621799436/files/doc_financials/2026/q1/Micron_Q1-2026-Prepared-Remarks.pdf,DRAM,asp_qoq_pct,QoQ,pct (approx range),prices increased approximately 20%,"Fiscal Q1 DRAM revenue was a record $10.8 billion, up 69% year over year, and represented 79% of total revenue. Sequentially, DRAM revenue increased 20%. Bit shipments were up slightly , and prices increased approximately 20%, driven by tight industry DRAM supply, pricing execution and favorable mix. ",increase,20.0,20.0,20.0,approximately 20%,2025-11-27
2026,Q1,FQ1-FY2026,MU,prepared_remarks,https://s25.q4cdn.com/621799436/files/doc_financials/2026/q1/Micron_Q1-2026-Prepared-Remarks.pdf,DRAM,bits_qoq_pct,QoQ,pct (approx range),Bit shipments were up slightly,"Fiscal Q1 DRAM revenue was a record $10.8 billion, up 69% year over year, and represented 79% of total revenue. Sequentially, DRAM revenue increased 20%. Bit shipments were up slightly , and prices increased approximately 20%, driven by tight industry DRAM supply, pricing execution and favorable mix. ",increase,,,,slightly,2025-11-27
2026,Q1,FQ1-FY2026,MU,prepared_remarks,https://s25.q4cdn.com/621799436/files/doc_financials/2026/q1/Micron_Q1-2026-Prepared-Remarks.pdf,NAND,asp_qoq_pct,QoQ,pct (approx range),prices increased in the mid-teens percentage range,"Fiscal Q1 NAND revenue was a record $2.7 billion, up 22% year over year, and represented 20% of Micron’s total revenue. Sequentially, NAND revenue increased 22%. NAND bit shipments increased in the mid- to-high-single-digit percentage range, and prices increased in the mid-teens percentage range, driven by tight NAND industry supply, pricing execution and favorable mix. Micron Technology, Inc. Fiscal Q1 2026 Earnings Call Prepared Remarks © 2025 Micron Technology, Inc. Dec. 17, 2025 ",increase,14.0,16.0,15.0,mid-teens,2025-11-27
2026,Q1,FQ1-FY2026,MU,prepared_remarks,https://s25.q4cdn.com/621799436/files/doc_financials/2026/q1/Micron_Q1-2026-Prepared-Remarks.pdf,NAND,bits_qoq_pct,QoQ,pct (approx range),NAND bit shipments increased in the mid-to-high-single-digit percentage range,"Fiscal Q1 NAND revenue was a record $2.7 billion, up 22% year over year, and represented 20% of Micron’s total revenue. Sequentially, NAND revenue increased 22%. NAND bit shipments increased in the mid- to-high-single-digit percentage range, and prices increased in the mid-teens percentage range, driven by tight NAND industry supply, pricing execution and favorable mix. Micron Technology, Inc. Fiscal Q1 2026 Earnings Call Prepared Remarks © 2025 Micron Technology, Inc. Dec. 17, 2025 ",increase,4.0,9.0,6.5,mid-to-high-single-digit,2025-11-27
2026,Q1,FQ1-FY2026,MU,10-Q MD&A,https://www.sec.gov/Archives/edgar/data/723125/000072312525000046/mu-20251127.htm,DRAM,asp_qoq_pct,QoQ,pct (approx range),an approximate 20% increase in average selling prices.,Sales of DRAM products increased 20% primarily due to an approximate 20% increase in average selling prices.,increase,20.0,20.0,20.0,approximate 20%,2025-11-27
2026,Q1,FQ1-FY2026,MU,10-Q MD&A,https://www.sec.gov/Archives/edgar/data/723125/000072312525000046/mu-20251127.htm,DRAM,bits_qoq_pct,QoQ,pct (approx range),,Sales of DRAM products increased 20% primarily due to an approximate 20% increase in average selling prices.,not_stated,,,,,2025-11-27
2026,Q1,FQ1-FY2026,MU,10-Q MD&A,https://www.sec.gov/Archives/edgar/data/723125/000072312525000046/mu-20251127.htm,NAND,asp_qoq_pct,QoQ,pct (approx range),a mid-teens percentage range increase in average selling prices,Sales of NAND products increased 22% primarily due to a mid-teens percentage range increase in average selling prices and a mid-to-high single-digit percentage range increase in bit shipments.,increase,14.0,16.0,15.0,mid-teens,2025-11-27
2026,Q1,FQ1-FY2026,MU,10-Q MD&A,https://www.sec.gov/Archives/edgar/data/723125/000072312525000046/mu-20251127.htm,NAND,bits_qoq_pct,QoQ,pct (approx range),a mid-to-high single-digit percentage range increase in bit shipments.,Sales of NAND products increased 22% primarily due to a mid-teens percentage range increase in average selling prices and a mid-to-high single-digit percentage range increase in bit shipments.,increase,4.0,9.0,6.5,mid-to-high single-digit,2025-11-27
2026,Q2,FQ2-FY2026,MU,prepared_remarks,https://s25.q4cdn.com/621799436/files/doc_financials/2026/q2/Q2-2026-Prepared-Remarks.pdf,DRAM,asp_qoq_pct,QoQ,pct (approx range),Prices increased in the mid-60s percentage range,"Fiscal Q2 DRAM revenue was a record $18.8 billion, up 207% year-over-year, and represented 79% of total revenue. Sequentially, DRAM revenue increased 74%. Bit shipments were up mid-single digits. Prices increased in the mid-60s percentage range, driven by tight industry conditions and included favorable mix. ",increase,64.0,66.0,65.0,mid-60s,2026-02-26
2026,Q2,FQ2-FY2026,MU,prepared_remarks,https://s25.q4cdn.com/621799436/files/doc_financials/2026/q2/Q2-2026-Prepared-Remarks.pdf,DRAM,bits_qoq_pct,QoQ,pct (approx range),Bit shipments were up mid-single-digits,"Fiscal Q2 DRAM revenue was a record $18.8 billion, up 207% year-over-year, and represented 79% of total revenue. Sequentially, DRAM revenue increased 74%. Bit shipments were up mid-single digits. Prices increased in the mid-60s percentage range, driven by tight industry conditions and included favorable mix. ",increase,4.0,6.0,5.0,mid-single-digits,2026-02-26
2026,Q2,FQ2-FY2026,MU,prepared_remarks,https://s25.q4cdn.com/621799436/files/doc_financials/2026/q2/Q2-2026-Prepared-Remarks.pdf,NAND,asp_qoq_pct,QoQ,pct (approx range),Prices increased in the high-70s percentage range driven by tight NAND industry conditions and included favorable mix.,"Fiscal Q2 NAND revenue was a record $5.0 billion, up 169% year-over-year, and represented 21% of Micron’s total revenue. Sequentially, NAND revenue increased 82%. NAND bit shipments increased in the low-single-digit percentage range. Prices increased in the high-70s percentage range driven by tight NAND industry conditions and included favorable mix. ",increase,77.0,79.0,78.0,high-70s,2026-02-26
2026,Q2,FQ2-FY2026,MU,prepared_remarks,https://s25.q4cdn.com/621799436/files/doc_financials/2026/q2/Q2-2026-Prepared-Remarks.pdf,NAND,bits_qoq_pct,QoQ,pct (approx range),NAND bit shipments increased in the low-single-digit percentage range,"Fiscal Q2 NAND revenue was a record $5.0 billion, up 169% year-over-year, and represented 21% of Micron’s total revenue. Sequentially, NAND revenue increased 82%. NAND bit shipments increased in the low-single-digit percentage range. Prices increased in the high-70s percentage range driven by tight NAND industry conditions and included favorable mix. ",increase,1.0,3.0,2.0,low-single-digit,2026-02-26
2026,Q2,FQ2-FY2026,MU,10-Q MD&A,https://www.sec.gov/Archives/edgar/data/723125/000072312526000006/mu-20260226.htm,DRAM,asp_qoq_pct,QoQ,pct (approx range),a mid-60% range increase in average selling prices,"Sales of DRAM products increased 74%, primarily due to a mid-60% range increase in average selling prices and a mid-single-digit percentage range increase in bit shipments driven by tight industry conditions and favorable mix.",increase,64.0,66.0,65.0,mid-60%,2026-02-26
2026,Q2,FQ2-FY2026,MU,10-Q MD&A,https://www.sec.gov/Archives/edgar/data/723125/000072312526000006/mu-20260226.htm,DRAM,bits_qoq_pct,QoQ,pct (approx range),a mid-single-digit percentage range increase in bit shipments,"Sales of DRAM products increased 74%, primarily due to a mid-60% range increase in average selling prices and a mid-single-digit percentage range increase in bit shipments driven by tight industry conditions and favorable mix.",increase,4.0,6.0,5.0,mid-single-digit,2026-02-26
2026,Q2,FQ2-FY2026,MU,10-Q MD&A,https://www.sec.gov/Archives/edgar/data/723125/000072312526000006/mu-20260226.htm,NAND,asp_qoq_pct,QoQ,pct (approx range),a high-70% range increase in average selling prices,"Sales of NAND products increased 82%, primarily due to a high-70% range increase in average selling prices and a low-single-digit percentage range increase in bit shipments driven by tight industry conditions and favorable mix.",increase,77.0,79.0,78.0,high-70%,2026-02-26
2026,Q2,FQ2-FY2026,MU,10-Q MD&A,https://www.sec.gov/Archives/edgar/data/723125/000072312526000006/mu-20260226.htm,NAND,bits_qoq_pct,QoQ,pct (approx range),a low-single-digit percentage range increase in bit shipments,"Sales of NAND products increased 82%, primarily due to a high-70% range increase in average selling prices and a low-single-digit percentage range increase in bit shipments driven by tight industry conditions and favorable mix.",increase,1.0,3.0,2.0,low-single-digit,2026-02-26
2026,Q3,FQ3-FY2026,MU,prepared_remarks,https://s25.q4cdn.com/621799436/files/doc_financials/2026/q3/Q3-FY26-Prepared-Remarks.pdf,DRAM,asp_qoq_pct,QoQ,pct (approx range),Prices increased in the low-60s percentage range,"Fiscal Q3 DRAM revenue was a record $31.3 billion, up 343% year over year, and represented 76% of total revenue. Sequentially, DRAM revenue increased 67%. Bit shipments were up low-single-digit percentage range. Prices increased in the low-60s percentage range, driven by tight industry conditions and favorable mix. ",increase,60.0,63.0,61.5,low-60s,2026-05-28
2026,Q3,FQ3-FY2026,MU,prepared_remarks,https://s25.q4cdn.com/621799436/files/doc_financials/2026/q3/Q3-FY26-Prepared-Remarks.pdf,DRAM,bits_qoq_pct,QoQ,pct (approx range),Bit shipments were up low-single-digit percentage range,"Fiscal Q3 DRAM revenue was a record $31.3 billion, up 343% year over year, and represented 76% of total revenue. Sequentially, DRAM revenue increased 67%. Bit shipments were up low-single-digit percentage range. Prices increased in the low-60s percentage range, driven by tight industry conditions and favorable mix. ",increase,1.0,3.0,2.0,low-single-digit,2026-05-28
2026,Q3,FQ3-FY2026,MU,prepared_remarks,https://s25.q4cdn.com/621799436/files/doc_financials/2026/q3/Q3-FY26-Prepared-Remarks.pdf,NAND,asp_qoq_pct,QoQ,pct (approx range),Prices increased in the mid-80s percentage range,"Fiscal Q3 NAND revenue was a record $9.9 billion, up 361% year over year, and represented 24% of total revenue. Sequentially, NAND revenue increased 99%. Bit shipments increased in the mid -single-digit percentage range. Prices increased in the mid-80s percentage range, driven by tight NAND industry conditions and a favorable mix. ",increase,84.0,86.0,85.0,mid-80s,2026-05-28
2026,Q3,FQ3-FY2026,MU,prepared_remarks,https://s25.q4cdn.com/621799436/files/doc_financials/2026/q3/Q3-FY26-Prepared-Remarks.pdf,NAND,bits_qoq_pct,QoQ,pct (approx range),Bit shipments increased in the mid-single-digit percentage range,"Fiscal Q3 NAND revenue was a record $9.9 billion, up 361% year over year, and represented 24% of total revenue. Sequentially, NAND revenue increased 99%. Bit shipments increased in the mid -single-digit percentage range. Prices increased in the mid-80s percentage range, driven by tight NAND industry conditions and a favorable mix. ",increase,4.0,6.0,5.0,mid-single-digit,2026-05-28
2026,Q3,FQ3-FY2026,MU,10-Q MD&A,https://www.sec.gov/Archives/edgar/data/723125/000072312526000015/mu-20260528.htm,DRAM,asp_qoq_pct,QoQ,pct (approx range),a low-60% range increase in average selling prices,"Sales of DRAM products increased 67%, primarily due to a low-60% range increase in average selling prices and a low-single-digit percentage range increase in bit shipments.",increase,60.0,63.0,61.5,low-60%,2026-05-28
2026,Q3,FQ3-FY2026,MU,10-Q MD&A,https://www.sec.gov/Archives/edgar/data/723125/000072312526000015/mu-20260528.htm,DRAM,bits_qoq_pct,QoQ,pct (approx range),a low-single-digit percentage range increase in bit shipments.,"Sales of DRAM products increased 67%, primarily due to a low-60% range increase in average selling prices and a low-single-digit percentage range increase in bit shipments.",increase,1.0,3.0,2.0,low-single-digit,2026-05-28
2026,Q3,FQ3-FY2026,MU,10-Q MD&A,https://www.sec.gov/Archives/edgar/data/723125/000072312526000015/mu-20260528.htm,NAND,asp_qoq_pct,QoQ,pct (approx range),a mid-80% range increase in average selling prices,"Sales of NAND products increased 99%, primarily due to a mid-80% range increase in average selling prices and a mid-single-digit percentage range increase in bit shipments.",increase,84.0,86.0,85.0,mid-80%,2026-05-28
2026,Q3,FQ3-FY2026,MU,10-Q MD&A,https://www.sec.gov/Archives/edgar/data/723125/000072312526000015/mu-20260528.htm,NAND,bits_qoq_pct,QoQ,pct (approx range),a mid-single-digit percentage range increase in bit shipments.,"Sales of NAND products increased 99%, primarily due to a mid-80% range increase in average selling prices and a mid-single-digit percentage range increase in bit shipments.",increase,4.0,6.0,5.0,mid-single-digit,2026-05-28
2026,Q4,FQ4-FY2026,MU,prepared_remarks,https://s25.q4cdn.com/621799436/files/doc_financials/2026/q4/Q4-FY26-Prepared-Remarks.pdf,DRAM,asp_qoq_pct,QoQ,pct (approx range),Prices increased high-teens percentage range,"Fiscal Q4 DRAM revenue was a record $39.8 billion, up 343% year over year, and represented 73% of total revenue. Sequentially, DRAM revenue increased 27%. Bit shipments were up mid-single-digit percentage range. Prices increased high-teens percentage range, driven by tight DRAM industry conditions. ",increase,17.0,19.0,18.0,high-teens,2026-09-03
2026,Q4,FQ4-FY2026,MU,prepared_remarks,https://s25.q4cdn.com/621799436/files/doc_financials/2026/q4/Q4-FY26-Prepared-Remarks.pdf,DRAM,bits_qoq_pct,QoQ,pct (approx range),Bit shipments were up mid-single-digit percentage range,"Fiscal Q4 DRAM revenue was a record $39.8 billion, up 343% year over year, and represented 73% of total revenue. Sequentially, DRAM revenue increased 27%. Bit shipments were up mid-single-digit percentage range. Prices increased high-teens percentage range, driven by tight DRAM industry conditions. ",increase,4.0,6.0,5.0,mid-single-digit,2026-09-03
2026,Q4,FQ4-FY2026,MU,prepared_remarks,https://s25.q4cdn.com/621799436/files/doc_financials/2026/q4/Q4-FY26-Prepared-Remarks.pdf,NAND,asp_qoq_pct,QoQ,pct (approx range),Prices increased approximately 30%,"Fiscal Q4 NAND revenue was a record $14.1 billion, up 526% year over year, and represented 26% of total revenue. Sequentially, NAND revenue increased 42%. Bit shipments increased approximately 10%. Prices increased approximately 30%, driven by tight NAND industry conditions. ",increase,30.0,30.0,30.0,approximately 30%,2026-09-03
2026,Q4,FQ4-FY2026,MU,prepared_remarks,https://s25.q4cdn.com/621799436/files/doc_financials/2026/q4/Q4-FY26-Prepared-Remarks.pdf,NAND,bits_qoq_pct,QoQ,pct (approx range),Bit shipments increased approximately 10%,"Fiscal Q4 NAND revenue was a record $14.1 billion, up 526% year over year, and represented 26% of total revenue. Sequentially, NAND revenue increased 42%. Bit shipments increased approximately 10%. Prices increased approximately 30%, driven by tight NAND industry conditions. ",increase,10.0,10.0,10.0,approximately 10%,2026-09-03
