period_start,period_end,fiscal_year,fiscal_quarter,calendar_quarter,company,metric,value,unit,xbrl_tag,derivation,accn,form,filed,source_url,role
2013-12-29,2014-03-29,2014,Q1,2014Q1,AMD,capex,21000000.0,USD,PaymentsToAcquirePropertyPlantAndEquipment,reported,0001193125-15-156842,10-Q,2015-04-29,https://data.sec.gov/api/xbrl/companyfacts/CIK0000002488.json,CPU/GPU
2014-03-30,2014-06-28,2014,Q2,2014Q2,AMD,capex,23000000.0,USD,PaymentsToAcquirePropertyPlantAndEquipment,ytd_diff,0001628280-15-005620,10-Q,2015-07-30,https://data.sec.gov/api/xbrl/companyfacts/CIK0000002488.json,CPU/GPU
2014-06-29,2014-09-27,2014,Q3,2014Q3,AMD,capex,29000000.0,USD,PaymentsToAcquirePropertyPlantAndEquipment,ytd_diff,0000002488-15-000067,10-Q,2015-11-03,https://data.sec.gov/api/xbrl/companyfacts/CIK0000002488.json,CPU/GPU
2014-09-28,2014-12-27,2014,Q4,2014Q4,AMD,capex,22000000.0,USD,PaymentsToAcquirePropertyPlantAndEquipment,ytd_diff,0000002488-17-000043,10-K,2017-02-21,https://data.sec.gov/api/xbrl/companyfacts/CIK0000002488.json,CPU/GPU
2014-12-28,2015-03-28,2015,Q1,2015Q1,AMD,capex,22000000.0,USD,PaymentsToAcquirePropertyPlantAndEquipment,reported,0000002488-16-000124,10-Q,2016-04-28,https://data.sec.gov/api/xbrl/companyfacts/CIK0000002488.json,CPU/GPU
2015-03-29,2015-06-27,2015,Q2,2015Q2,AMD,capex,17000000.0,USD,PaymentsToAcquirePropertyPlantAndEquipment,ytd_diff,0000002488-16-000213,10-Q,2016-07-26,https://data.sec.gov/api/xbrl/companyfacts/CIK0000002488.json,CPU/GPU
2015-06-28,2015-09-26,2015,Q3,2015Q3,AMD,capex,25000000.0,USD,PaymentsToAcquirePropertyPlantAndEquipment,ytd_diff,0000002488-16-000263,10-Q,2016-10-26,https://data.sec.gov/api/xbrl/companyfacts/CIK0000002488.json,CPU/GPU
2015-09-27,2015-12-26,2015,Q4,2015Q4,AMD,capex,32000000.0,USD,PaymentsToAcquirePropertyPlantAndEquipment,ytd_diff,0000002488-18-000042,10-K,2018-02-27,https://data.sec.gov/api/xbrl/companyfacts/CIK0000002488.json,CPU/GPU
2015-12-27,2016-03-26,2016,Q1,2016Q1,AMD,capex,26000000.0,USD,PaymentsToAcquirePropertyPlantAndEquipment,reported,0000002488-17-000107,10-Q,2017-05-08,https://data.sec.gov/api/xbrl/companyfacts/CIK0000002488.json,CPU/GPU
2016-03-27,2016-06-25,2016,Q2,2016Q2,AMD,capex,21000000.0,USD,PaymentsToAcquirePropertyPlantAndEquipment,ytd_diff,0000002488-17-000156,10-Q,2017-08-03,https://data.sec.gov/api/xbrl/companyfacts/CIK0000002488.json,CPU/GPU
2016-06-26,2016-09-24,2016,Q3,2016Q3,AMD,capex,9000000.0,USD,PaymentsToAcquirePropertyPlantAndEquipment,ytd_diff,0000002488-17-000227,10-Q,2017-11-02,https://data.sec.gov/api/xbrl/companyfacts/CIK0000002488.json,CPU/GPU
2016-09-25,2016-12-31,2016,Q4,2016Q4,AMD,capex,21000000.0,USD,PaymentsToAcquirePropertyPlantAndEquipment,ytd_diff,0000002488-19-000011,10-K,2019-02-08,https://data.sec.gov/api/xbrl/companyfacts/CIK0000002488.json,CPU/GPU
2017-01-01,2017-04-01,2017,Q1,2017Q1,AMD,capex,23000000.0,USD,PaymentsToAcquirePropertyPlantAndEquipment,reported,0000002488-18-000068,10-Q,2018-05-03,https://data.sec.gov/api/xbrl/companyfacts/CIK0000002488.json,CPU/GPU
2017-04-02,2017-07-01,2017,Q2,2017Q2,AMD,capex,12000000.0,USD,PaymentsToAcquirePropertyPlantAndEquipment,ytd_diff,0000002488-18-000128,10-Q,2018-08-02,https://data.sec.gov/api/xbrl/companyfacts/CIK0000002488.json,CPU/GPU
2017-07-02,2017-09-30,2017,Q3,2017Q3,AMD,capex,34000000.0,USD,PaymentsToAcquirePropertyPlantAndEquipment,ytd_diff,0000002488-18-000189,10-Q,2018-10-31,https://data.sec.gov/api/xbrl/companyfacts/CIK0000002488.json,CPU/GPU
2017-10-01,2017-12-30,2017,Q4,2017Q4,AMD,capex,44000000.0,USD,PaymentsToAcquirePropertyPlantAndEquipment,ytd_diff,0000002488-20-000008,10-K,2020-02-04,https://data.sec.gov/api/xbrl/companyfacts/CIK0000002488.json,CPU/GPU
2017-12-31,2018-03-31,2018,Q1,2018Q1,AMD,capex,46000000.0,USD,PaymentsToAcquirePropertyPlantAndEquipment,reported,0000002488-19-000045,10-Q,2019-05-01,https://data.sec.gov/api/xbrl/companyfacts/CIK0000002488.json,CPU/GPU
2018-04-01,2018-06-30,2018,Q2,2018Q2,AMD,capex,43000000.0,USD,PaymentsToAcquirePropertyPlantAndEquipment,ytd_diff,0000002488-19-000104,10-Q,2019-07-31,https://data.sec.gov/api/xbrl/companyfacts/CIK0000002488.json,CPU/GPU
2018-07-01,2018-09-29,2018,Q3,2018Q3,AMD,capex,33000000.0,USD,PaymentsToAcquirePropertyPlantAndEquipment,ytd_diff,0000002488-19-000159,10-Q,2019-10-30,https://data.sec.gov/api/xbrl/companyfacts/CIK0000002488.json,CPU/GPU
2018-09-30,2018-12-29,2018,Q4,2018Q4,AMD,capex,41000000.0,USD,PaymentsToAcquirePropertyPlantAndEquipment,ytd_diff,0001628280-21-001185,10-K,2021-01-29,https://data.sec.gov/api/xbrl/companyfacts/CIK0000002488.json,CPU/GPU
2018-12-30,2019-03-30,2019,Q1,2019Q1,AMD,capex,62000000.0,USD,PaymentsToAcquirePropertyPlantAndEquipment,reported,0000002488-20-000051,10-Q,2020-04-29,https://data.sec.gov/api/xbrl/companyfacts/CIK0000002488.json,CPU/GPU
2019-03-31,2019-06-29,2019,Q2,2019Q2,AMD,capex,58000000.0,USD,PaymentsToAcquirePropertyPlantAndEquipment,ytd_diff,0000002488-20-000103,10-Q,2020-07-29,https://data.sec.gov/api/xbrl/companyfacts/CIK0000002488.json,CPU/GPU
2019-06-30,2019-09-28,2019,Q3,2019Q3,AMD,capex,55000000.0,USD,PaymentsToAcquirePropertyPlantAndEquipment,ytd_diff,0000002488-20-000164,10-Q,2020-10-28,https://data.sec.gov/api/xbrl/companyfacts/CIK0000002488.json,CPU/GPU
2019-09-29,2019-12-28,2019,Q4,2019Q4,AMD,capex,42000000.0,USD,PaymentsToAcquirePropertyPlantAndEquipment,ytd_diff,0000002488-22-000016,10-K,2022-02-03,https://data.sec.gov/api/xbrl/companyfacts/CIK0000002488.json,CPU/GPU
2019-12-29,2020-03-28,2020,Q1,2020Q1,AMD,capex,55000000.0,USD,PaymentsToAcquirePropertyPlantAndEquipment,reported,0000002488-21-000056,10-Q,2021-04-28,https://data.sec.gov/api/xbrl/companyfacts/CIK0000002488.json,CPU/GPU
2020-03-29,2020-06-27,2020,Q2,2020Q2,AMD,capex,91000000.0,USD,PaymentsToAcquirePropertyPlantAndEquipment,ytd_diff,0000002488-21-000116,10-Q,2021-07-28,https://data.sec.gov/api/xbrl/companyfacts/CIK0000002488.json,CPU/GPU
2020-06-28,2020-09-26,2020,Q3,2020Q3,AMD,capex,74000000.0,USD,PaymentsToAcquirePropertyPlantAndEquipment,ytd_diff,0000002488-21-000178,10-Q,2021-10-27,https://data.sec.gov/api/xbrl/companyfacts/CIK0000002488.json,CPU/GPU
2020-09-27,2020-12-26,2020,Q4,2020Q4,AMD,capex,74000000.0,USD,PaymentsToAcquirePropertyPlantAndEquipment,ytd_diff,0000002488-23-000047,10-K,2023-02-27,https://data.sec.gov/api/xbrl/companyfacts/CIK0000002488.json,CPU/GPU
2020-12-27,2021-03-27,2021,Q1,2021Q1,AMD,capex,66000000.0,USD,PaymentsToAcquirePropertyPlantAndEquipment,reported,0000002488-22-000078,10-Q,2022-05-04,https://data.sec.gov/api/xbrl/companyfacts/CIK0000002488.json,CPU/GPU
2021-03-28,2021-06-26,2021,Q2,2021Q2,AMD,capex,64000000.0,USD,PaymentsToAcquirePropertyPlantAndEquipment,ytd_diff,0000002488-22-000123,10-Q,2022-08-03,https://data.sec.gov/api/xbrl/companyfacts/CIK0000002488.json,CPU/GPU
2021-06-27,2021-09-25,2021,Q3,2021Q3,AMD,capex,85000000.0,USD,PaymentsToAcquirePropertyPlantAndEquipment,ytd_diff,0000002488-22-000170,10-Q,2022-11-02,https://data.sec.gov/api/xbrl/companyfacts/CIK0000002488.json,CPU/GPU
2021-09-26,2021-12-25,2021,Q4,2021Q4,AMD,capex,86000000.0,USD,PaymentsToAcquirePropertyPlantAndEquipment,ytd_diff,0000002488-24-000012,10-K,2024-01-31,https://data.sec.gov/api/xbrl/companyfacts/CIK0000002488.json,CPU/GPU
2021-12-26,2022-03-26,2022,Q1,2022Q1,AMD,capex,71000000.0,USD,PaymentsToAcquirePropertyPlantAndEquipment,reported,0000002488-23-000076,10-Q,2023-05-03,https://data.sec.gov/api/xbrl/companyfacts/CIK0000002488.json,CPU/GPU
2022-03-27,2022-06-25,2022,Q2,2022Q2,AMD,capex,132000000.0,USD,PaymentsToAcquirePropertyPlantAndEquipment,ytd_diff,0000002488-23-000139,10-Q,2023-08-02,https://data.sec.gov/api/xbrl/companyfacts/CIK0000002488.json,CPU/GPU
2022-06-26,2022-09-24,2022,Q3,2022Q3,AMD,capex,123000000.0,USD,PaymentsToAcquirePropertyPlantAndEquipment,ytd_diff,0000002488-23-000195,10-Q,2023-11-01,https://data.sec.gov/api/xbrl/companyfacts/CIK0000002488.json,CPU/GPU
2022-09-25,2022-12-31,2022,Q4,2022Q4,AMD,capex,124000000.0,USD,PaymentsToAcquirePropertyPlantAndEquipment,ytd_diff,0000002488-25-000012,10-K,2025-02-05,https://data.sec.gov/api/xbrl/companyfacts/CIK0000002488.json,CPU/GPU
2023-01-01,2023-04-01,2023,Q1,2023Q1,AMD,capex,158000000.0,USD,PaymentsToAcquirePropertyPlantAndEquipment,reported,0000002488-24-000056,10-Q,2024-05-01,https://data.sec.gov/api/xbrl/companyfacts/CIK0000002488.json,CPU/GPU
2023-04-02,2023-07-01,2023,Q2,2023Q2,AMD,capex,125000000.0,USD,PaymentsToAcquirePropertyPlantAndEquipment,ytd_diff,0000002488-24-000123,10-Q,2024-07-31,https://data.sec.gov/api/xbrl/companyfacts/CIK0000002488.json,CPU/GPU
2023-07-02,2023-09-30,2023,Q3,2023Q3,AMD,capex,124000000.0,USD,PaymentsToAcquirePropertyPlantAndEquipment,ytd_diff,0000002488-24-000163,10-Q,2024-10-30,https://data.sec.gov/api/xbrl/companyfacts/CIK0000002488.json,CPU/GPU
2023-10-01,2023-12-30,2023,Q4,2023Q4,AMD,capex,139000000.0,USD,PaymentsToAcquirePropertyPlantAndEquipment,ytd_diff,0000002488-26-000018,10-K,2026-02-04,https://data.sec.gov/api/xbrl/companyfacts/CIK0000002488.json,CPU/GPU
2023-12-31,2024-03-30,2024,Q1,2024Q1,AMD,capex,142000000.0,USD,PaymentsToAcquirePropertyPlantAndEquipment,reported,0000002488-25-000047,10-Q,2025-05-07,https://data.sec.gov/api/xbrl/companyfacts/CIK0000002488.json,CPU/GPU
2024-03-31,2024-06-29,2024,Q2,2024Q2,AMD,capex,154000000.0,USD,PaymentsToAcquirePropertyPlantAndEquipment,ytd_diff,0000002488-25-000108,10-Q,2025-08-06,https://data.sec.gov/api/xbrl/companyfacts/CIK0000002488.json,CPU/GPU
2024-06-30,2024-09-28,2024,Q3,2024Q3,AMD,capex,132000000.0,USD,PaymentsToAcquirePropertyPlantAndEquipment,ytd_diff,0000002488-25-000166,10-Q,2025-11-05,https://data.sec.gov/api/xbrl/companyfacts/CIK0000002488.json,CPU/GPU
2024-09-29,2024-12-28,2024,Q4,2024Q4,AMD,capex,208000000.0,USD,PaymentsToAcquirePropertyPlantAndEquipment,ytd_diff,0000002488-26-000018,10-K,2026-02-04,https://data.sec.gov/api/xbrl/companyfacts/CIK0000002488.json,CPU/GPU
2024-12-29,2025-03-29,2025,Q1,2025Q1,AMD,capex,212000000.0,USD,PaymentsToAcquirePropertyPlantAndEquipment,reported,0000002488-26-000076,10-Q,2026-05-06,https://data.sec.gov/api/xbrl/companyfacts/CIK0000002488.json,CPU/GPU
2025-03-30,2025-06-28,2025,Q2,2025Q2,AMD,capex,282000000.0,USD,PaymentsToAcquirePropertyPlantAndEquipment,ytd_diff,0000002488-26-000123,10-Q,2026-08-05,https://data.sec.gov/api/xbrl/companyfacts/CIK0000002488.json,CPU/GPU
2025-06-29,2025-09-27,2025,Q3,2025Q3,AMD,capex,258000000.0,USD,PaymentsToAcquirePropertyPlantAndEquipment,ytd_diff,0000002488-25-000166,10-Q,2025-11-05,https://data.sec.gov/api/xbrl/companyfacts/CIK0000002488.json,CPU/GPU
2025-09-28,2025-12-27,2025,Q4,2025Q4,AMD,capex,222000000.0,USD,PaymentsToAcquirePropertyPlantAndEquipment,ytd_diff,0000002488-26-000018,10-K,2026-02-04,https://data.sec.gov/api/xbrl/companyfacts/CIK0000002488.json,CPU/GPU
2025-12-28,2026-03-28,2026,Q1,2026Q1,AMD,capex,389000000.0,USD,PaymentsToAcquirePropertyPlantAndEquipment,reported,0000002488-26-000076,10-Q,2026-05-06,https://data.sec.gov/api/xbrl/companyfacts/CIK0000002488.json,CPU/GPU
2026-03-29,2026-06-27,2026,Q2,2026Q2,AMD,capex,808000000.0,USD,PaymentsToAcquirePropertyPlantAndEquipment,ytd_diff,0000002488-26-000123,10-Q,2026-08-05,https://data.sec.gov/api/xbrl/companyfacts/CIK0000002488.json,CPU/GPU
2013-12-29,2014-03-29,2014,Q1,2014Q1,AMD,cost_of_revenue,910000000.0,USD,CostOfGoodsSold,reported,0000002488-16-000111,10-K,2016-02-18,https://data.sec.gov/api/xbrl/companyfacts/CIK0000002488.json,CPU/GPU
2014-03-30,2014-06-28,2014,Q2,2014Q2,AMD,cost_of_revenue,943000000.0,USD,CostOfGoodsSold,reported,0000002488-16-000111,10-K,2016-02-18,https://data.sec.gov/api/xbrl/companyfacts/CIK0000002488.json,CPU/GPU
2014-06-29,2014-09-27,2014,Q3,2014Q3,AMD,cost_of_revenue,935000000.0,USD,CostOfGoodsSold,reported,0000002488-16-000111,10-K,2016-02-18,https://data.sec.gov/api/xbrl/companyfacts/CIK0000002488.json,CPU/GPU
2014-09-28,2014-12-27,2014,Q4,2014Q4,AMD,cost_of_revenue,879000000.0,USD,CostOfGoodsSold,reported,0000002488-16-000111,10-K,2016-02-18,https://data.sec.gov/api/xbrl/companyfacts/CIK0000002488.json,CPU/GPU
2014-12-28,2015-03-28,2015,Q1,2015Q1,AMD,cost_of_revenue,704000000.0,USD,CostOfGoodsSold,reported,0000002488-17-000043,10-K,2017-02-21,https://data.sec.gov/api/xbrl/companyfacts/CIK0000002488.json,CPU/GPU
2015-03-29,2015-06-27,2015,Q2,2015Q2,AMD,cost_of_revenue,710000000.0,USD,CostOfGoodsSold,reported,0000002488-17-000043,10-K,2017-02-21,https://data.sec.gov/api/xbrl/companyfacts/CIK0000002488.json,CPU/GPU
2015-06-28,2015-09-26,2015,Q3,2015Q3,AMD,cost_of_revenue,822000000.0,USD,CostOfGoodsSold,reported,0000002488-17-000043,10-K,2017-02-21,https://data.sec.gov/api/xbrl/companyfacts/CIK0000002488.json,CPU/GPU
2015-09-27,2015-12-26,2015,Q4,2015Q4,AMD,cost_of_revenue,675000000.0,USD,CostOfGoodsSold,reported,0000002488-17-000043,10-K,2017-02-21,https://data.sec.gov/api/xbrl/companyfacts/CIK0000002488.json,CPU/GPU
2015-12-27,2016-03-26,2016,Q1,2016Q1,AMD,cost_of_revenue,563000000.0,USD,CostOfGoodsSold,reported,0000002488-18-000042,10-K,2018-02-27,https://data.sec.gov/api/xbrl/companyfacts/CIK0000002488.json,CPU/GPU
2016-03-27,2016-06-25,2016,Q2,2016Q2,AMD,cost_of_revenue,708000000.0,USD,CostOfGoodsSold,reported,0000002488-18-000042,10-K,2018-02-27,https://data.sec.gov/api/xbrl/companyfacts/CIK0000002488.json,CPU/GPU
2016-06-26,2016-09-24,2016,Q3,2016Q3,AMD,cost_of_revenue,1248000000.0,USD,CostOfGoodsSold,reported,0000002488-18-000042,10-K,2018-02-27,https://data.sec.gov/api/xbrl/companyfacts/CIK0000002488.json,CPU/GPU
2016-09-25,2016-12-31,2016,Q4,2016Q4,AMD,cost_of_revenue,755000000.0,USD,CostOfGoodsSold,reported,0000002488-18-000042,10-K,2018-02-27,https://data.sec.gov/api/xbrl/companyfacts/CIK0000002488.json,CPU/GPU
2017-01-01,2017-04-01,2017,Q1,2017Q1,AMD,cost_of_revenue,800000000.0,USD,CostOfGoodsAndServicesSold,reported,0000002488-19-000011,10-K,2019-02-08,https://data.sec.gov/api/xbrl/companyfacts/CIK0000002488.json,CPU/GPU
2017-04-02,2017-07-01,2017,Q2,2017Q2,AMD,cost_of_revenue,765000000.0,USD,CostOfGoodsAndServicesSold,reported,0000002488-19-000011,10-K,2019-02-08,https://data.sec.gov/api/xbrl/companyfacts/CIK0000002488.json,CPU/GPU
2017-07-02,2017-09-30,2017,Q3,2017Q3,AMD,cost_of_revenue,1013000000.0,USD,CostOfGoodsAndServicesSold,reported,0000002488-19-000011,10-K,2019-02-08,https://data.sec.gov/api/xbrl/companyfacts/CIK0000002488.json,CPU/GPU
2017-10-01,2017-12-30,2017,Q4,2017Q4,AMD,cost_of_revenue,888000000.0,USD,CostOfGoodsAndServicesSold,reported,0000002488-19-000011,10-K,2019-02-08,https://data.sec.gov/api/xbrl/companyfacts/CIK0000002488.json,CPU/GPU
2017-12-31,2018-03-31,2018,Q1,2018Q1,AMD,cost_of_revenue,1050000000.0,USD,CostOfGoodsAndServicesSold,reported,0000002488-20-000008,10-K,2020-02-04,https://data.sec.gov/api/xbrl/companyfacts/CIK0000002488.json,CPU/GPU
2018-04-01,2018-06-30,2018,Q2,2018Q2,AMD,cost_of_revenue,1104000000.0,USD,CostOfGoodsAndServicesSold,reported,0000002488-20-000008,10-K,2020-02-04,https://data.sec.gov/api/xbrl/companyfacts/CIK0000002488.json,CPU/GPU
2018-07-01,2018-09-29,2018,Q3,2018Q3,AMD,cost_of_revenue,992000000.0,USD,CostOfGoodsAndServicesSold,reported,0000002488-20-000008,10-K,2020-02-04,https://data.sec.gov/api/xbrl/companyfacts/CIK0000002488.json,CPU/GPU
2018-09-30,2018-12-29,2018,Q4,2018Q4,AMD,cost_of_revenue,882000000.0,USD,CostOfGoodsAndServicesSold,reported,0000002488-20-000008,10-K,2020-02-04,https://data.sec.gov/api/xbrl/companyfacts/CIK0000002488.json,CPU/GPU
2018-12-30,2019-03-30,2019,Q1,2019Q1,AMD,cost_of_revenue,751000000.0,USD,CostOfGoodsAndServicesSold,reported,0001628280-21-001185,10-K,2021-01-29,https://data.sec.gov/api/xbrl/companyfacts/CIK0000002488.json,CPU/GPU
2019-03-31,2019-06-29,2019,Q2,2019Q2,AMD,cost_of_revenue,910000000.0,USD,CostOfGoodsAndServicesSold,reported,0001628280-21-001185,10-K,2021-01-29,https://data.sec.gov/api/xbrl/companyfacts/CIK0000002488.json,CPU/GPU
2019-06-30,2019-09-28,2019,Q3,2019Q3,AMD,cost_of_revenue,1024000000.0,USD,CostOfGoodsAndServicesSold,reported,0001628280-21-001185,10-K,2021-01-29,https://data.sec.gov/api/xbrl/companyfacts/CIK0000002488.json,CPU/GPU
2019-09-29,2019-12-28,2019,Q4,2019Q4,AMD,cost_of_revenue,1178000000.0,USD,CostOfGoodsAndServicesSold,reported,0001628280-21-001185,10-K,2021-01-29,https://data.sec.gov/api/xbrl/companyfacts/CIK0000002488.json,CPU/GPU
2019-12-29,2020-03-28,2020,Q1,2020Q1,AMD,cost_of_revenue,968000000.0,USD,CostOfGoodsAndServicesSold,reported,0000002488-21-000056,10-Q,2021-04-28,https://data.sec.gov/api/xbrl/companyfacts/CIK0000002488.json,CPU/GPU
2020-03-29,2020-06-27,2020,Q2,2020Q2,AMD,cost_of_revenue,1084000000.0,USD,CostOfGoodsAndServicesSold,reported,0000002488-21-000116,10-Q,2021-07-28,https://data.sec.gov/api/xbrl/companyfacts/CIK0000002488.json,CPU/GPU
2020-06-28,2020-09-26,2020,Q3,2020Q3,AMD,cost_of_revenue,1571000000.0,USD,CostOfGoodsAndServicesSold,reported,0000002488-21-000178,10-Q,2021-10-27,https://data.sec.gov/api/xbrl/companyfacts/CIK0000002488.json,CPU/GPU
2020-09-27,2020-12-26,2020,Q4,2020Q4,AMD,cost_of_revenue,1793000000.0,USD,CostOfGoodsAndServicesSold,reported,0001628280-21-001185,10-K,2021-01-29,https://data.sec.gov/api/xbrl/companyfacts/CIK0000002488.json,CPU/GPU
2020-12-27,2021-03-27,2021,Q1,2021Q1,AMD,cost_of_revenue,1858000000.0,USD,CostOfGoodsAndServicesSold,reported,0000002488-22-000078,10-Q,2022-05-04,https://data.sec.gov/api/xbrl/companyfacts/CIK0000002488.json,CPU/GPU
2021-03-28,2021-06-26,2021,Q2,2021Q2,AMD,cost_of_revenue,2020000000.0,USD,CostOfGoodsAndServicesSold,reported,0000002488-22-000123,10-Q,2022-08-03,https://data.sec.gov/api/xbrl/companyfacts/CIK0000002488.json,CPU/GPU
2021-06-27,2021-09-25,2021,Q3,2021Q3,AMD,cost_of_revenue,2227000000.0,USD,CostOfGoodsAndServicesSold,reported,0000002488-22-000170,10-Q,2022-11-02,https://data.sec.gov/api/xbrl/companyfacts/CIK0000002488.json,CPU/GPU
2021-09-26,2021-12-25,2021,Q4,2021Q4,AMD,cost_of_revenue,2400000000.0,USD,CostOfGoodsAndServicesSold,ytd_diff,0000002488-24-000012,10-K,2024-01-31,https://data.sec.gov/api/xbrl/companyfacts/CIK0000002488.json,CPU/GPU
2021-12-26,2022-03-26,2022,Q1,2022Q1,AMD,cost_of_revenue,3069000000.0,USD,CostOfGoodsAndServicesSold,reported,0000002488-23-000076,10-Q,2023-05-03,https://data.sec.gov/api/xbrl/companyfacts/CIK0000002488.json,CPU/GPU
2022-03-27,2022-06-25,2022,Q2,2022Q2,AMD,cost_of_revenue,3522000000.0,USD,CostOfGoodsAndServicesSold,reported,0000002488-23-000139,10-Q,2023-08-02,https://data.sec.gov/api/xbrl/companyfacts/CIK0000002488.json,CPU/GPU
2022-06-26,2022-09-24,2022,Q3,2022Q3,AMD,cost_of_revenue,3211000000.0,USD,CostOfGoodsAndServicesSold,reported,0000002488-23-000195,10-Q,2023-11-01,https://data.sec.gov/api/xbrl/companyfacts/CIK0000002488.json,CPU/GPU
2022-09-25,2022-12-31,2022,Q4,2022Q4,AMD,cost_of_revenue,3196000000.0,USD,CostOfGoodsAndServicesSold,ytd_diff,0000002488-25-000012,10-K,2025-02-05,https://data.sec.gov/api/xbrl/companyfacts/CIK0000002488.json,CPU/GPU
2023-01-01,2023-04-01,2023,Q1,2023Q1,AMD,cost_of_revenue,2994000000.0,USD,CostOfGoodsAndServicesSold,reported,0000002488-24-000056,10-Q,2024-05-01,https://data.sec.gov/api/xbrl/companyfacts/CIK0000002488.json,CPU/GPU
2023-04-02,2023-07-01,2023,Q2,2023Q2,AMD,cost_of_revenue,2916000000.0,USD,CostOfGoodsAndServicesSold,reported,0000002488-24-000123,10-Q,2024-07-31,https://data.sec.gov/api/xbrl/companyfacts/CIK0000002488.json,CPU/GPU
2023-07-02,2023-09-30,2023,Q3,2023Q3,AMD,cost_of_revenue,3053000000.0,USD,CostOfGoodsAndServicesSold,reported,0000002488-24-000163,10-Q,2024-10-30,https://data.sec.gov/api/xbrl/companyfacts/CIK0000002488.json,CPU/GPU
2023-10-01,2023-12-30,2023,Q4,2023Q4,AMD,cost_of_revenue,3257000000.0,USD,CostOfGoodsAndServicesSold,ytd_diff,0000002488-26-000018,10-K,2026-02-04,https://data.sec.gov/api/xbrl/companyfacts/CIK0000002488.json,CPU/GPU
2023-12-31,2024-03-30,2024,Q1,2024Q1,AMD,cost_of_revenue,2913000000.0,USD,CostOfGoodsAndServicesSold,reported,0000002488-25-000047,10-Q,2025-05-07,https://data.sec.gov/api/xbrl/companyfacts/CIK0000002488.json,CPU/GPU
2024-03-31,2024-06-29,2024,Q2,2024Q2,AMD,cost_of_revenue,2971000000.0,USD,CostOfGoodsAndServicesSold,reported,0000002488-25-000108,10-Q,2025-08-06,https://data.sec.gov/api/xbrl/companyfacts/CIK0000002488.json,CPU/GPU
2024-06-30,2024-09-28,2024,Q3,2024Q3,AMD,cost_of_revenue,3400000000.0,USD,CostOfGoodsAndServicesSold,reported,0000002488-25-000166,10-Q,2025-11-05,https://data.sec.gov/api/xbrl/companyfacts/CIK0000002488.json,CPU/GPU
2024-09-29,2024-12-28,2024,Q4,2024Q4,AMD,cost_of_revenue,3776000000.0,USD,CostOfGoodsAndServicesSold,ytd_diff,0000002488-26-000018,10-K,2026-02-04,https://data.sec.gov/api/xbrl/companyfacts/CIK0000002488.json,CPU/GPU
2024-12-29,2025-03-29,2025,Q1,2025Q1,AMD,cost_of_revenue,3702000000.0,USD,CostOfGoodsAndServicesSold,reported,0000002488-26-000076,10-Q,2026-05-06,https://data.sec.gov/api/xbrl/companyfacts/CIK0000002488.json,CPU/GPU
2025-03-30,2025-06-28,2025,Q2,2025Q2,AMD,cost_of_revenue,4626000000.0,USD,CostOfGoodsAndServicesSold,reported,0000002488-26-000123,10-Q,2026-08-05,https://data.sec.gov/api/xbrl/companyfacts/CIK0000002488.json,CPU/GPU
2025-06-29,2025-09-27,2025,Q3,2025Q3,AMD,cost_of_revenue,4466000000.0,USD,CostOfGoodsAndServicesSold,reported,0000002488-25-000166,10-Q,2025-11-05,https://data.sec.gov/api/xbrl/companyfacts/CIK0000002488.json,CPU/GPU
2025-09-28,2025-12-27,2025,Q4,2025Q4,AMD,cost_of_revenue,4693000000.0,USD,CostOfGoodsAndServicesSold,ytd_diff,0000002488-26-000018,10-K,2026-02-04,https://data.sec.gov/api/xbrl/companyfacts/CIK0000002488.json,CPU/GPU
2025-12-28,2026-03-28,2026,Q1,2026Q1,AMD,cost_of_revenue,4837000000.0,USD,CostOfGoodsAndServicesSold,reported,0000002488-26-000076,10-Q,2026-05-06,https://data.sec.gov/api/xbrl/companyfacts/CIK0000002488.json,CPU/GPU
2026-03-29,2026-06-27,2026,Q2,2026Q2,AMD,cost_of_revenue,5333000000.0,USD,CostOfGoodsAndServicesSold,reported,0000002488-26-000123,10-Q,2026-08-05,https://data.sec.gov/api/xbrl/companyfacts/CIK0000002488.json,CPU/GPU
2013-12-29,2014-03-29,2014,Q1,2014Q1,AMD,gross_margin_pct,34.86,pct,,gross_profit/revenue,,,,derived from rows above,CPU/GPU
2014-03-30,2014-06-28,2014,Q2,2014Q2,AMD,gross_margin_pct,34.56,pct,,gross_profit/revenue,,,,derived from rows above,CPU/GPU
2014-06-29,2014-09-27,2014,Q3,2014Q3,AMD,gross_margin_pct,34.57,pct,,gross_profit/revenue,,,,derived from rows above,CPU/GPU
2014-09-28,2014-12-27,2014,Q4,2014Q4,AMD,gross_margin_pct,29.06,pct,,gross_profit/revenue,,,,derived from rows above,CPU/GPU
2014-12-28,2015-03-28,2015,Q1,2015Q1,AMD,gross_margin_pct,31.65,pct,,gross_profit/revenue,,,,derived from rows above,CPU/GPU
2015-03-29,2015-06-27,2015,Q2,2015Q2,AMD,gross_margin_pct,24.63,pct,,gross_profit/revenue,,,,derived from rows above,CPU/GPU
2015-06-28,2015-09-26,2015,Q3,2015Q3,AMD,gross_margin_pct,22.53,pct,,gross_profit/revenue,,,,derived from rows above,CPU/GPU
2015-09-27,2015-12-26,2015,Q4,2015Q4,AMD,gross_margin_pct,29.54,pct,,gross_profit/revenue,,,,derived from rows above,CPU/GPU
2015-12-27,2016-03-26,2016,Q1,2016Q1,AMD,gross_margin_pct,32.33,pct,,gross_profit/revenue,,,,derived from rows above,CPU/GPU
2016-03-27,2016-06-25,2016,Q2,2016Q2,AMD,gross_margin_pct,31.06,pct,,gross_profit/revenue,,,,derived from rows above,CPU/GPU
2016-06-26,2016-09-24,2016,Q3,2016Q3,AMD,gross_margin_pct,4.51,pct,,gross_profit/revenue,,,,derived from rows above,CPU/GPU
2016-09-25,2016-12-31,2016,Q4,2016Q4,AMD,gross_margin_pct,31.74,pct,,gross_profit/revenue,,,,derived from rows above,CPU/GPU
2017-01-01,2017-04-01,2017,Q1,2017Q1,AMD,gross_margin_pct,32.09,pct,,gross_profit/revenue,,,,derived from rows above,CPU/GPU
2017-04-02,2017-07-01,2017,Q2,2017Q2,AMD,gross_margin_pct,33.54,pct,,gross_profit/revenue,,,,derived from rows above,CPU/GPU
2017-07-02,2017-09-30,2017,Q3,2017Q3,AMD,gross_margin_pct,36.05,pct,,gross_profit/revenue,,,,derived from rows above,CPU/GPU
2017-10-01,2017-12-30,2017,Q4,2017Q4,AMD,gross_margin_pct,33.73,pct,,gross_profit/revenue,,,,derived from rows above,CPU/GPU
2017-12-31,2018-03-31,2018,Q1,2018Q1,AMD,gross_margin_pct,36.25,pct,,gross_profit/revenue,,,,derived from rows above,CPU/GPU
2018-04-01,2018-06-30,2018,Q2,2018Q2,AMD,gross_margin_pct,37.13,pct,,gross_profit/revenue,,,,derived from rows above,CPU/GPU
2018-07-01,2018-09-29,2018,Q3,2018Q3,AMD,gross_margin_pct,39.99,pct,,gross_profit/revenue,,,,derived from rows above,CPU/GPU
2018-09-30,2018-12-29,2018,Q4,2018Q4,AMD,gross_margin_pct,37.84,pct,,gross_profit/revenue,,,,derived from rows above,CPU/GPU
2018-12-30,2019-03-30,2019,Q1,2019Q1,AMD,gross_margin_pct,40.96,pct,,gross_profit/revenue,,,,derived from rows above,CPU/GPU
2019-03-31,2019-06-29,2019,Q2,2019Q2,AMD,gross_margin_pct,40.56,pct,,gross_profit/revenue,,,,derived from rows above,CPU/GPU
2019-06-30,2019-09-28,2019,Q3,2019Q3,AMD,gross_margin_pct,43.14,pct,,gross_profit/revenue,,,,derived from rows above,CPU/GPU
2019-09-29,2019-12-28,2019,Q4,2019Q4,AMD,gross_margin_pct,44.62,pct,,gross_profit/revenue,,,,derived from rows above,CPU/GPU
2019-12-29,2020-03-28,2020,Q1,2020Q1,AMD,gross_margin_pct,45.8,pct,,gross_profit/revenue,,,,derived from rows above,CPU/GPU
2020-03-29,2020-06-27,2020,Q2,2020Q2,AMD,gross_margin_pct,43.89,pct,,gross_profit/revenue,,,,derived from rows above,CPU/GPU
2020-06-28,2020-09-26,2020,Q3,2020Q3,AMD,gross_margin_pct,43.91,pct,,gross_profit/revenue,,,,derived from rows above,CPU/GPU
2020-09-27,2020-12-26,2020,Q4,2020Q4,AMD,gross_margin_pct,44.73,pct,,gross_profit/revenue,,,,derived from rows above,CPU/GPU
2020-12-27,2021-03-27,2021,Q1,2021Q1,AMD,gross_margin_pct,46.07,pct,,gross_profit/revenue,,,,derived from rows above,CPU/GPU
2021-03-28,2021-06-26,2021,Q2,2021Q2,AMD,gross_margin_pct,47.53,pct,,gross_profit/revenue,,,,derived from rows above,CPU/GPU
2021-06-27,2021-09-25,2021,Q3,2021Q3,AMD,gross_margin_pct,48.37,pct,,gross_profit/revenue,,,,derived from rows above,CPU/GPU
2021-09-26,2021-12-25,2021,Q4,2021Q4,AMD,gross_margin_pct,50.27,pct,,gross_profit/revenue,,,,derived from rows above,CPU/GPU
2021-12-26,2022-03-26,2022,Q1,2022Q1,AMD,gross_margin_pct,47.87,pct,,gross_profit/revenue,,,,derived from rows above,CPU/GPU
2022-03-27,2022-06-25,2022,Q2,2022Q2,AMD,gross_margin_pct,46.23,pct,,gross_profit/revenue,,,,derived from rows above,CPU/GPU
2022-06-26,2022-09-24,2022,Q3,2022Q3,AMD,gross_margin_pct,42.3,pct,,gross_profit/revenue,,,,derived from rows above,CPU/GPU
2022-09-25,2022-12-31,2022,Q4,2022Q4,AMD,gross_margin_pct,42.92,pct,,gross_profit/revenue,,,,derived from rows above,CPU/GPU
2023-01-01,2023-04-01,2023,Q1,2023Q1,AMD,gross_margin_pct,44.07,pct,,gross_profit/revenue,,,,derived from rows above,CPU/GPU
2023-04-02,2023-07-01,2023,Q2,2023Q2,AMD,gross_margin_pct,45.59,pct,,gross_profit/revenue,,,,derived from rows above,CPU/GPU
2023-07-02,2023-09-30,2023,Q3,2023Q3,AMD,gross_margin_pct,47.36,pct,,gross_profit/revenue,,,,derived from rows above,CPU/GPU
2023-10-01,2023-12-30,2023,Q4,2023Q4,AMD,gross_margin_pct,47.2,pct,,gross_profit/revenue,,,,derived from rows above,CPU/GPU
2023-12-31,2024-03-30,2024,Q1,2024Q1,AMD,gross_margin_pct,46.78,pct,,gross_profit/revenue,,,,derived from rows above,CPU/GPU
2024-03-31,2024-06-29,2024,Q2,2024Q2,AMD,gross_margin_pct,49.08,pct,,gross_profit/revenue,,,,derived from rows above,CPU/GPU
2024-06-30,2024-09-28,2024,Q3,2024Q3,AMD,gross_margin_pct,50.14,pct,,gross_profit/revenue,,,,derived from rows above,CPU/GPU
2024-09-29,2024-12-28,2024,Q4,2024Q4,AMD,gross_margin_pct,50.69,pct,,gross_profit/revenue,,,,derived from rows above,CPU/GPU
2024-12-29,2025-03-29,2025,Q1,2025Q1,AMD,gross_margin_pct,50.23,pct,,gross_profit/revenue,,,,derived from rows above,CPU/GPU
2025-03-30,2025-06-28,2025,Q2,2025Q2,AMD,gross_margin_pct,39.8,pct,,gross_profit/revenue,,,,derived from rows above,CPU/GPU
2025-06-29,2025-09-27,2025,Q3,2025Q3,AMD,gross_margin_pct,51.7,pct,,gross_profit/revenue,,,,derived from rows above,CPU/GPU
2025-09-28,2025-12-27,2025,Q4,2025Q4,AMD,gross_margin_pct,54.3,pct,,gross_profit/revenue,,,,derived from rows above,CPU/GPU
2025-12-28,2026-03-28,2026,Q1,2026Q1,AMD,gross_margin_pct,52.82,pct,,gross_profit/revenue,,,,derived from rows above,CPU/GPU
2026-03-29,2026-06-27,2026,Q2,2026Q2,AMD,gross_margin_pct,53.77,pct,,gross_profit/revenue,,,,derived from rows above,CPU/GPU
2013-12-29,2014-03-29,2014,Q1,2014Q1,AMD,gross_profit,487000000.0,USD,GrossProfit,reported,0000002488-16-000111,10-K,2016-02-18,https://data.sec.gov/api/xbrl/companyfacts/CIK0000002488.json,CPU/GPU
2014-03-30,2014-06-28,2014,Q2,2014Q2,AMD,gross_profit,498000000.0,USD,GrossProfit,reported,0000002488-16-000111,10-K,2016-02-18,https://data.sec.gov/api/xbrl/companyfacts/CIK0000002488.json,CPU/GPU
2014-06-29,2014-09-27,2014,Q3,2014Q3,AMD,gross_profit,494000000.0,USD,GrossProfit,reported,0000002488-16-000111,10-K,2016-02-18,https://data.sec.gov/api/xbrl/companyfacts/CIK0000002488.json,CPU/GPU
2014-09-28,2014-12-27,2014,Q4,2014Q4,AMD,gross_profit,360000000.0,USD,GrossProfit,reported,0000002488-16-000111,10-K,2016-02-18,https://data.sec.gov/api/xbrl/companyfacts/CIK0000002488.json,CPU/GPU
2014-12-28,2015-03-28,2015,Q1,2015Q1,AMD,gross_profit,326000000.0,USD,GrossProfit,reported,0000002488-17-000043,10-K,2017-02-21,https://data.sec.gov/api/xbrl/companyfacts/CIK0000002488.json,CPU/GPU
2015-03-29,2015-06-27,2015,Q2,2015Q2,AMD,gross_profit,232000000.0,USD,GrossProfit,reported,0000002488-17-000043,10-K,2017-02-21,https://data.sec.gov/api/xbrl/companyfacts/CIK0000002488.json,CPU/GPU
2015-06-28,2015-09-26,2015,Q3,2015Q3,AMD,gross_profit,239000000.0,USD,GrossProfit,reported,0000002488-17-000043,10-K,2017-02-21,https://data.sec.gov/api/xbrl/companyfacts/CIK0000002488.json,CPU/GPU
2015-09-27,2015-12-26,2015,Q4,2015Q4,AMD,gross_profit,283000000.0,USD,GrossProfit,reported,0000002488-17-000043,10-K,2017-02-21,https://data.sec.gov/api/xbrl/companyfacts/CIK0000002488.json,CPU/GPU
2015-12-27,2016-03-26,2016,Q1,2016Q1,AMD,gross_profit,269000000.0,USD,GrossProfit,reported,0000002488-18-000042,10-K,2018-02-27,https://data.sec.gov/api/xbrl/companyfacts/CIK0000002488.json,CPU/GPU
2016-03-27,2016-06-25,2016,Q2,2016Q2,AMD,gross_profit,319000000.0,USD,GrossProfit,reported,0000002488-18-000042,10-K,2018-02-27,https://data.sec.gov/api/xbrl/companyfacts/CIK0000002488.json,CPU/GPU
2016-06-26,2016-09-24,2016,Q3,2016Q3,AMD,gross_profit,59000000.0,USD,GrossProfit,reported,0000002488-18-000042,10-K,2018-02-27,https://data.sec.gov/api/xbrl/companyfacts/CIK0000002488.json,CPU/GPU
2016-09-25,2016-12-31,2016,Q4,2016Q4,AMD,gross_profit,351000000.0,USD,GrossProfit,reported,0000002488-18-000042,10-K,2018-02-27,https://data.sec.gov/api/xbrl/companyfacts/CIK0000002488.json,CPU/GPU
2017-01-01,2017-04-01,2017,Q1,2017Q1,AMD,gross_profit,378000000.0,USD,GrossProfit,reported,0000002488-19-000011,10-K,2019-02-08,https://data.sec.gov/api/xbrl/companyfacts/CIK0000002488.json,CPU/GPU
2017-04-02,2017-07-01,2017,Q2,2017Q2,AMD,gross_profit,386000000.0,USD,GrossProfit,reported,0000002488-19-000011,10-K,2019-02-08,https://data.sec.gov/api/xbrl/companyfacts/CIK0000002488.json,CPU/GPU
2017-07-02,2017-09-30,2017,Q3,2017Q3,AMD,gross_profit,571000000.0,USD,GrossProfit,reported,0000002488-19-000011,10-K,2019-02-08,https://data.sec.gov/api/xbrl/companyfacts/CIK0000002488.json,CPU/GPU
2017-10-01,2017-12-30,2017,Q4,2017Q4,AMD,gross_profit,452000000.0,USD,GrossProfit,reported,0000002488-19-000011,10-K,2019-02-08,https://data.sec.gov/api/xbrl/companyfacts/CIK0000002488.json,CPU/GPU
2017-12-31,2018-03-31,2018,Q1,2018Q1,AMD,gross_profit,597000000.0,USD,GrossProfit,reported,0000002488-20-000008,10-K,2020-02-04,https://data.sec.gov/api/xbrl/companyfacts/CIK0000002488.json,CPU/GPU
2018-04-01,2018-06-30,2018,Q2,2018Q2,AMD,gross_profit,652000000.0,USD,GrossProfit,reported,0000002488-20-000008,10-K,2020-02-04,https://data.sec.gov/api/xbrl/companyfacts/CIK0000002488.json,CPU/GPU
2018-07-01,2018-09-29,2018,Q3,2018Q3,AMD,gross_profit,661000000.0,USD,GrossProfit,reported,0000002488-20-000008,10-K,2020-02-04,https://data.sec.gov/api/xbrl/companyfacts/CIK0000002488.json,CPU/GPU
2018-09-30,2018-12-29,2018,Q4,2018Q4,AMD,gross_profit,537000000.0,USD,GrossProfit,reported,0000002488-20-000008,10-K,2020-02-04,https://data.sec.gov/api/xbrl/companyfacts/CIK0000002488.json,CPU/GPU
2018-12-30,2019-03-30,2019,Q1,2019Q1,AMD,gross_profit,521000000.0,USD,GrossProfit,reported,0001628280-21-001185,10-K,2021-01-29,https://data.sec.gov/api/xbrl/companyfacts/CIK0000002488.json,CPU/GPU
2019-03-31,2019-06-29,2019,Q2,2019Q2,AMD,gross_profit,621000000.0,USD,GrossProfit,reported,0001628280-21-001185,10-K,2021-01-29,https://data.sec.gov/api/xbrl/companyfacts/CIK0000002488.json,CPU/GPU
2019-06-30,2019-09-28,2019,Q3,2019Q3,AMD,gross_profit,777000000.0,USD,GrossProfit,reported,0001628280-21-001185,10-K,2021-01-29,https://data.sec.gov/api/xbrl/companyfacts/CIK0000002488.json,CPU/GPU
2019-09-29,2019-12-28,2019,Q4,2019Q4,AMD,gross_profit,949000000.0,USD,GrossProfit,reported,0001628280-21-001185,10-K,2021-01-29,https://data.sec.gov/api/xbrl/companyfacts/CIK0000002488.json,CPU/GPU
2019-12-29,2020-03-28,2020,Q1,2020Q1,AMD,gross_profit,818000000.0,USD,GrossProfit,reported,0000002488-21-000056,10-Q,2021-04-28,https://data.sec.gov/api/xbrl/companyfacts/CIK0000002488.json,CPU/GPU
2020-03-29,2020-06-27,2020,Q2,2020Q2,AMD,gross_profit,848000000.0,USD,GrossProfit,reported,0000002488-21-000116,10-Q,2021-07-28,https://data.sec.gov/api/xbrl/companyfacts/CIK0000002488.json,CPU/GPU
2020-06-28,2020-09-26,2020,Q3,2020Q3,AMD,gross_profit,1230000000.0,USD,GrossProfit,reported,0000002488-21-000178,10-Q,2021-10-27,https://data.sec.gov/api/xbrl/companyfacts/CIK0000002488.json,CPU/GPU
2020-09-27,2020-12-26,2020,Q4,2020Q4,AMD,gross_profit,1451000000.0,USD,GrossProfit,reported,0001628280-21-001185,10-K,2021-01-29,https://data.sec.gov/api/xbrl/companyfacts/CIK0000002488.json,CPU/GPU
2020-12-27,2021-03-27,2021,Q1,2021Q1,AMD,gross_profit,1587000000.0,USD,GrossProfit,reported,0000002488-22-000078,10-Q,2022-05-04,https://data.sec.gov/api/xbrl/companyfacts/CIK0000002488.json,CPU/GPU
2021-03-28,2021-06-26,2021,Q2,2021Q2,AMD,gross_profit,1830000000.0,USD,GrossProfit,reported,0000002488-22-000123,10-Q,2022-08-03,https://data.sec.gov/api/xbrl/companyfacts/CIK0000002488.json,CPU/GPU
2021-06-27,2021-09-25,2021,Q3,2021Q3,AMD,gross_profit,2086000000.0,USD,GrossProfit,reported,0000002488-22-000170,10-Q,2022-11-02,https://data.sec.gov/api/xbrl/companyfacts/CIK0000002488.json,CPU/GPU
2021-09-26,2021-12-25,2021,Q4,2021Q4,AMD,gross_profit,2426000000.0,USD,GrossProfit,ytd_diff,0000002488-24-000012,10-K,2024-01-31,https://data.sec.gov/api/xbrl/companyfacts/CIK0000002488.json,CPU/GPU
2021-12-26,2022-03-26,2022,Q1,2022Q1,AMD,gross_profit,2818000000.0,USD,GrossProfit,reported,0000002488-23-000076,10-Q,2023-05-03,https://data.sec.gov/api/xbrl/companyfacts/CIK0000002488.json,CPU/GPU
2022-03-27,2022-06-25,2022,Q2,2022Q2,AMD,gross_profit,3028000000.0,USD,GrossProfit,reported,0000002488-23-000139,10-Q,2023-08-02,https://data.sec.gov/api/xbrl/companyfacts/CIK0000002488.json,CPU/GPU
2022-06-26,2022-09-24,2022,Q3,2022Q3,AMD,gross_profit,2354000000.0,USD,GrossProfit,reported,0000002488-23-000195,10-Q,2023-11-01,https://data.sec.gov/api/xbrl/companyfacts/CIK0000002488.json,CPU/GPU
2022-09-25,2022-12-31,2022,Q4,2022Q4,AMD,gross_profit,2403000000.0,USD,GrossProfit,ytd_diff,0000002488-25-000012,10-K,2025-02-05,https://data.sec.gov/api/xbrl/companyfacts/CIK0000002488.json,CPU/GPU
2023-01-01,2023-04-01,2023,Q1,2023Q1,AMD,gross_profit,2359000000.0,USD,GrossProfit,reported,0000002488-24-000056,10-Q,2024-05-01,https://data.sec.gov/api/xbrl/companyfacts/CIK0000002488.json,CPU/GPU
2023-04-02,2023-07-01,2023,Q2,2023Q2,AMD,gross_profit,2443000000.0,USD,GrossProfit,reported,0000002488-24-000123,10-Q,2024-07-31,https://data.sec.gov/api/xbrl/companyfacts/CIK0000002488.json,CPU/GPU
2023-07-02,2023-09-30,2023,Q3,2023Q3,AMD,gross_profit,2747000000.0,USD,GrossProfit,reported,0000002488-24-000163,10-Q,2024-10-30,https://data.sec.gov/api/xbrl/companyfacts/CIK0000002488.json,CPU/GPU
2023-10-01,2023-12-30,2023,Q4,2023Q4,AMD,gross_profit,2911000000.0,USD,GrossProfit,ytd_diff,0000002488-26-000018,10-K,2026-02-04,https://data.sec.gov/api/xbrl/companyfacts/CIK0000002488.json,CPU/GPU
2023-12-31,2024-03-30,2024,Q1,2024Q1,AMD,gross_profit,2560000000.0,USD,GrossProfit,reported,0000002488-25-000047,10-Q,2025-05-07,https://data.sec.gov/api/xbrl/companyfacts/CIK0000002488.json,CPU/GPU
2024-03-31,2024-06-29,2024,Q2,2024Q2,AMD,gross_profit,2864000000.0,USD,GrossProfit,reported,0000002488-25-000108,10-Q,2025-08-06,https://data.sec.gov/api/xbrl/companyfacts/CIK0000002488.json,CPU/GPU
2024-06-30,2024-09-28,2024,Q3,2024Q3,AMD,gross_profit,3419000000.0,USD,GrossProfit,reported,0000002488-25-000166,10-Q,2025-11-05,https://data.sec.gov/api/xbrl/companyfacts/CIK0000002488.json,CPU/GPU
2024-09-29,2024-12-28,2024,Q4,2024Q4,AMD,gross_profit,3882000000.0,USD,GrossProfit,ytd_diff,0000002488-26-000018,10-K,2026-02-04,https://data.sec.gov/api/xbrl/companyfacts/CIK0000002488.json,CPU/GPU
2024-12-29,2025-03-29,2025,Q1,2025Q1,AMD,gross_profit,3736000000.0,USD,GrossProfit,reported,0000002488-26-000076,10-Q,2026-05-06,https://data.sec.gov/api/xbrl/companyfacts/CIK0000002488.json,CPU/GPU
2025-03-30,2025-06-28,2025,Q2,2025Q2,AMD,gross_profit,3059000000.0,USD,GrossProfit,reported,0000002488-26-000123,10-Q,2026-08-05,https://data.sec.gov/api/xbrl/companyfacts/CIK0000002488.json,CPU/GPU
2025-06-29,2025-09-27,2025,Q3,2025Q3,AMD,gross_profit,4780000000.0,USD,GrossProfit,reported,0000002488-25-000166,10-Q,2025-11-05,https://data.sec.gov/api/xbrl/companyfacts/CIK0000002488.json,CPU/GPU
2025-09-28,2025-12-27,2025,Q4,2025Q4,AMD,gross_profit,5577000000.0,USD,GrossProfit,ytd_diff,0000002488-26-000018,10-K,2026-02-04,https://data.sec.gov/api/xbrl/companyfacts/CIK0000002488.json,CPU/GPU
2025-12-28,2026-03-28,2026,Q1,2026Q1,AMD,gross_profit,5416000000.0,USD,GrossProfit,reported,0000002488-26-000076,10-Q,2026-05-06,https://data.sec.gov/api/xbrl/companyfacts/CIK0000002488.json,CPU/GPU
2026-03-29,2026-06-27,2026,Q2,2026Q2,AMD,gross_profit,6203000000.0,USD,GrossProfit,reported,0000002488-26-000123,10-Q,2026-08-05,https://data.sec.gov/api/xbrl/companyfacts/CIK0000002488.json,CPU/GPU
2013-12-29,2014-03-29,2014,Q1,2014Q1,AMD,inventory,869000000.0,USD,InventoryNet,reported,0001193125-14-177314,10-Q,2014-05-01,https://data.sec.gov/api/xbrl/companyfacts/CIK0000002488.json,CPU/GPU
2014-03-30,2014-06-28,2014,Q2,2014Q2,AMD,inventory,960000000.0,USD,InventoryNet,reported,0001193125-14-289796,10-Q,2014-07-31,https://data.sec.gov/api/xbrl/companyfacts/CIK0000002488.json,CPU/GPU
2014-06-29,2014-09-27,2014,Q3,2014Q3,AMD,inventory,897000000.0,USD,InventoryNet,reported,0001193125-14-389701,10-Q,2014-10-30,https://data.sec.gov/api/xbrl/companyfacts/CIK0000002488.json,CPU/GPU
2014-09-28,2014-12-27,2014,Q4,2014Q4,AMD,inventory,685000000.0,USD,InventoryNet,reported,0000002488-16-000111,10-K,2016-02-18,https://data.sec.gov/api/xbrl/companyfacts/CIK0000002488.json,CPU/GPU
2014-12-28,2015-03-28,2015,Q1,2015Q1,AMD,inventory,688000000.0,USD,InventoryNet,reported,0001193125-15-156842,10-Q,2015-04-29,https://data.sec.gov/api/xbrl/companyfacts/CIK0000002488.json,CPU/GPU
2015-03-29,2015-06-27,2015,Q2,2015Q2,AMD,inventory,799000000.0,USD,InventoryNet,reported,0001628280-15-005620,10-Q,2015-07-30,https://data.sec.gov/api/xbrl/companyfacts/CIK0000002488.json,CPU/GPU
2015-06-28,2015-09-26,2015,Q3,2015Q3,AMD,inventory,761000000.0,USD,InventoryNet,reported,0000002488-15-000067,10-Q,2015-11-03,https://data.sec.gov/api/xbrl/companyfacts/CIK0000002488.json,CPU/GPU
2015-09-27,2015-12-26,2015,Q4,2015Q4,AMD,inventory,678000000.0,USD,InventoryNet,reported,0000002488-17-000043,10-K,2017-02-21,https://data.sec.gov/api/xbrl/companyfacts/CIK0000002488.json,CPU/GPU
2015-12-27,2016-03-26,2016,Q1,2016Q1,AMD,inventory,675000000.0,USD,InventoryNet,reported,0000002488-16-000124,10-Q,2016-04-28,https://data.sec.gov/api/xbrl/companyfacts/CIK0000002488.json,CPU/GPU
2016-03-27,2016-06-25,2016,Q2,2016Q2,AMD,inventory,743000000.0,USD,InventoryNet,reported,0000002488-16-000213,10-Q,2016-07-26,https://data.sec.gov/api/xbrl/companyfacts/CIK0000002488.json,CPU/GPU
2016-06-26,2016-09-24,2016,Q3,2016Q3,AMD,inventory,772000000.0,USD,InventoryNet,reported,0000002488-16-000263,10-Q,2016-10-26,https://data.sec.gov/api/xbrl/companyfacts/CIK0000002488.json,CPU/GPU
2016-09-25,2016-12-31,2016,Q4,2016Q4,AMD,inventory,691000000.0,USD,InventoryNet,reported,0000002488-19-000011,10-K,2019-02-08,https://data.sec.gov/api/xbrl/companyfacts/CIK0000002488.json,CPU/GPU
2017-01-01,2017-04-01,2017,Q1,2017Q1,AMD,inventory,839000000.0,USD,InventoryNet,reported,0000002488-17-000107,10-Q,2017-05-08,https://data.sec.gov/api/xbrl/companyfacts/CIK0000002488.json,CPU/GPU
2017-04-02,2017-07-01,2017,Q2,2017Q2,AMD,inventory,833000000.0,USD,InventoryNet,reported,0000002488-17-000156,10-Q,2017-08-03,https://data.sec.gov/api/xbrl/companyfacts/CIK0000002488.json,CPU/GPU
2017-07-02,2017-09-30,2017,Q3,2017Q3,AMD,inventory,794000000.0,USD,InventoryNet,reported,0000002488-17-000227,10-Q,2017-11-02,https://data.sec.gov/api/xbrl/companyfacts/CIK0000002488.json,CPU/GPU
2017-10-01,2017-12-30,2017,Q4,2017Q4,AMD,inventory,694000000.0,USD,InventoryNet,reported,0000002488-19-000011,10-K,2019-02-08,https://data.sec.gov/api/xbrl/companyfacts/CIK0000002488.json,CPU/GPU
2017-12-31,2018-03-31,2018,Q1,2018Q1,AMD,inventory,715000000.0,USD,InventoryNet,reported,0000002488-18-000068,10-Q,2018-05-03,https://data.sec.gov/api/xbrl/companyfacts/CIK0000002488.json,CPU/GPU
2018-04-01,2018-06-30,2018,Q2,2018Q2,AMD,inventory,750000000.0,USD,InventoryNet,reported,0000002488-18-000128,10-Q,2018-08-02,https://data.sec.gov/api/xbrl/companyfacts/CIK0000002488.json,CPU/GPU
2018-07-01,2018-09-29,2018,Q3,2018Q3,AMD,inventory,738000000.0,USD,InventoryNet,reported,0000002488-18-000189,10-Q,2018-10-31,https://data.sec.gov/api/xbrl/companyfacts/CIK0000002488.json,CPU/GPU
2018-09-30,2018-12-29,2018,Q4,2018Q4,AMD,inventory,845000000.0,USD,InventoryNet,reported,0000002488-20-000008,10-K,2020-02-04,https://data.sec.gov/api/xbrl/companyfacts/CIK0000002488.json,CPU/GPU
2018-12-30,2019-03-30,2019,Q1,2019Q1,AMD,inventory,955000000.0,USD,InventoryNet,reported,0000002488-19-000045,10-Q,2019-05-01,https://data.sec.gov/api/xbrl/companyfacts/CIK0000002488.json,CPU/GPU
2019-03-31,2019-06-29,2019,Q2,2019Q2,AMD,inventory,1015000000.0,USD,InventoryNet,reported,0000002488-19-000104,10-Q,2019-07-31,https://data.sec.gov/api/xbrl/companyfacts/CIK0000002488.json,CPU/GPU
2019-06-30,2019-09-28,2019,Q3,2019Q3,AMD,inventory,1040000000.0,USD,InventoryNet,reported,0000002488-19-000159,10-Q,2019-10-30,https://data.sec.gov/api/xbrl/companyfacts/CIK0000002488.json,CPU/GPU
2019-09-29,2019-12-28,2019,Q4,2019Q4,AMD,inventory,982000000.0,USD,InventoryNet,reported,0001628280-21-001185,10-K,2021-01-29,https://data.sec.gov/api/xbrl/companyfacts/CIK0000002488.json,CPU/GPU
2019-12-29,2020-03-28,2020,Q1,2020Q1,AMD,inventory,1056000000.0,USD,InventoryNet,reported,0000002488-20-000051,10-Q,2020-04-29,https://data.sec.gov/api/xbrl/companyfacts/CIK0000002488.json,CPU/GPU
2020-03-29,2020-06-27,2020,Q2,2020Q2,AMD,inventory,1324000000.0,USD,InventoryNet,reported,0000002488-20-000103,10-Q,2020-07-29,https://data.sec.gov/api/xbrl/companyfacts/CIK0000002488.json,CPU/GPU
2020-06-28,2020-09-26,2020,Q3,2020Q3,AMD,inventory,1292000000.0,USD,InventoryNet,reported,0000002488-20-000164,10-Q,2020-10-28,https://data.sec.gov/api/xbrl/companyfacts/CIK0000002488.json,CPU/GPU
2020-09-27,2020-12-26,2020,Q4,2020Q4,AMD,inventory,1399000000.0,USD,InventoryNet,reported,0000002488-22-000016,10-K,2022-02-03,https://data.sec.gov/api/xbrl/companyfacts/CIK0000002488.json,CPU/GPU
2020-12-27,2021-03-27,2021,Q1,2021Q1,AMD,inventory,1653000000.0,USD,InventoryNet,reported,0000002488-21-000056,10-Q,2021-04-28,https://data.sec.gov/api/xbrl/companyfacts/CIK0000002488.json,CPU/GPU
2021-03-28,2021-06-26,2021,Q2,2021Q2,AMD,inventory,1765000000.0,USD,InventoryNet,reported,0000002488-21-000116,10-Q,2021-07-28,https://data.sec.gov/api/xbrl/companyfacts/CIK0000002488.json,CPU/GPU
2021-06-27,2021-09-25,2021,Q3,2021Q3,AMD,inventory,1902000000.0,USD,InventoryNet,reported,0000002488-21-000178,10-Q,2021-10-27,https://data.sec.gov/api/xbrl/companyfacts/CIK0000002488.json,CPU/GPU
2021-09-26,2021-12-25,2021,Q4,2021Q4,AMD,inventory,1955000000.0,USD,InventoryNet,reported,0000002488-23-000047,10-K,2023-02-27,https://data.sec.gov/api/xbrl/companyfacts/CIK0000002488.json,CPU/GPU
2021-12-26,2022-03-26,2022,Q1,2022Q1,AMD,inventory,2431000000.0,USD,InventoryNet,reported,0000002488-22-000078,10-Q,2022-05-04,https://data.sec.gov/api/xbrl/companyfacts/CIK0000002488.json,CPU/GPU
2022-03-27,2022-06-25,2022,Q2,2022Q2,AMD,inventory,2648000000.0,USD,InventoryNet,reported,0000002488-22-000123,10-Q,2022-08-03,https://data.sec.gov/api/xbrl/companyfacts/CIK0000002488.json,CPU/GPU
2022-06-26,2022-09-24,2022,Q3,2022Q3,AMD,inventory,3369000000.0,USD,InventoryNet,reported,0000002488-22-000170,10-Q,2022-11-02,https://data.sec.gov/api/xbrl/companyfacts/CIK0000002488.json,CPU/GPU
2022-09-25,2022-12-31,2022,Q4,2022Q4,AMD,inventory,3771000000.0,USD,InventoryNet,reported,0000002488-24-000012,10-K,2024-01-31,https://data.sec.gov/api/xbrl/companyfacts/CIK0000002488.json,CPU/GPU
2023-01-01,2023-04-01,2023,Q1,2023Q1,AMD,inventory,4235000000.0,USD,InventoryNet,reported,0000002488-23-000076,10-Q,2023-05-03,https://data.sec.gov/api/xbrl/companyfacts/CIK0000002488.json,CPU/GPU
2023-04-02,2023-07-01,2023,Q2,2023Q2,AMD,inventory,4567000000.0,USD,InventoryNet,reported,0000002488-23-000139,10-Q,2023-08-02,https://data.sec.gov/api/xbrl/companyfacts/CIK0000002488.json,CPU/GPU
2023-07-02,2023-09-30,2023,Q3,2023Q3,AMD,inventory,4445000000.0,USD,InventoryNet,reported,0000002488-23-000195,10-Q,2023-11-01,https://data.sec.gov/api/xbrl/companyfacts/CIK0000002488.json,CPU/GPU
2023-10-01,2023-12-30,2023,Q4,2023Q4,AMD,inventory,4351000000.0,USD,InventoryNet,reported,0000002488-25-000012,10-K,2025-02-05,https://data.sec.gov/api/xbrl/companyfacts/CIK0000002488.json,CPU/GPU
2023-12-31,2024-03-30,2024,Q1,2024Q1,AMD,inventory,4652000000.0,USD,InventoryNet,reported,0000002488-24-000056,10-Q,2024-05-01,https://data.sec.gov/api/xbrl/companyfacts/CIK0000002488.json,CPU/GPU
2024-03-31,2024-06-29,2024,Q2,2024Q2,AMD,inventory,4991000000.0,USD,InventoryNet,reported,0000002488-24-000123,10-Q,2024-07-31,https://data.sec.gov/api/xbrl/companyfacts/CIK0000002488.json,CPU/GPU
2024-06-30,2024-09-28,2024,Q3,2024Q3,AMD,inventory,5374000000.0,USD,InventoryNet,reported,0000002488-24-000163,10-Q,2024-10-30,https://data.sec.gov/api/xbrl/companyfacts/CIK0000002488.json,CPU/GPU
2024-09-29,2024-12-28,2024,Q4,2024Q4,AMD,inventory,5734000000.0,USD,InventoryNet,reported,0000002488-26-000018,10-K,2026-02-04,https://data.sec.gov/api/xbrl/companyfacts/CIK0000002488.json,CPU/GPU
2024-12-29,2025-03-29,2025,Q1,2025Q1,AMD,inventory,6416000000.0,USD,InventoryNet,reported,0000002488-25-000047,10-Q,2025-05-07,https://data.sec.gov/api/xbrl/companyfacts/CIK0000002488.json,CPU/GPU
2025-03-30,2025-06-28,2025,Q2,2025Q2,AMD,inventory,6677000000.0,USD,InventoryNet,reported,0000002488-25-000108,10-Q,2025-08-06,https://data.sec.gov/api/xbrl/companyfacts/CIK0000002488.json,CPU/GPU
2025-06-29,2025-09-27,2025,Q3,2025Q3,AMD,inventory,7313000000.0,USD,InventoryNet,reported,0000002488-25-000166,10-Q,2025-11-05,https://data.sec.gov/api/xbrl/companyfacts/CIK0000002488.json,CPU/GPU
2025-09-28,2025-12-27,2025,Q4,2025Q4,AMD,inventory,7920000000.0,USD,InventoryNet,reported,0000002488-26-000123,10-Q,2026-08-05,https://data.sec.gov/api/xbrl/companyfacts/CIK0000002488.json,CPU/GPU
2025-12-28,2026-03-28,2026,Q1,2026Q1,AMD,inventory,8045000000.0,USD,InventoryNet,reported,0000002488-26-000076,10-Q,2026-05-06,https://data.sec.gov/api/xbrl/companyfacts/CIK0000002488.json,CPU/GPU
2026-03-29,2026-06-27,2026,Q2,2026Q2,AMD,inventory,8468000000.0,USD,InventoryNet,reported,0000002488-26-000123,10-Q,2026-08-05,https://data.sec.gov/api/xbrl/companyfacts/CIK0000002488.json,CPU/GPU
2013-12-29,2014-03-29,2014,Q1,2014Q1,AMD,inventory_days,86.9,days,,inventory/cost_of_revenue*days_in_quarter,,,,derived from rows above,CPU/GPU
2014-03-30,2014-06-28,2014,Q2,2014Q2,AMD,inventory_days,92.6,days,,inventory/cost_of_revenue*days_in_quarter,,,,derived from rows above,CPU/GPU
2014-06-29,2014-09-27,2014,Q3,2014Q3,AMD,inventory_days,87.3,days,,inventory/cost_of_revenue*days_in_quarter,,,,derived from rows above,CPU/GPU
2014-09-28,2014-12-27,2014,Q4,2014Q4,AMD,inventory_days,70.9,days,,inventory/cost_of_revenue*days_in_quarter,,,,derived from rows above,CPU/GPU
2014-12-28,2015-03-28,2015,Q1,2015Q1,AMD,inventory_days,88.9,days,,inventory/cost_of_revenue*days_in_quarter,,,,derived from rows above,CPU/GPU
2015-03-29,2015-06-27,2015,Q2,2015Q2,AMD,inventory_days,102.4,days,,inventory/cost_of_revenue*days_in_quarter,,,,derived from rows above,CPU/GPU
2015-06-28,2015-09-26,2015,Q3,2015Q3,AMD,inventory_days,84.2,days,,inventory/cost_of_revenue*days_in_quarter,,,,derived from rows above,CPU/GPU
2015-09-27,2015-12-26,2015,Q4,2015Q4,AMD,inventory_days,91.4,days,,inventory/cost_of_revenue*days_in_quarter,,,,derived from rows above,CPU/GPU
2015-12-27,2016-03-26,2016,Q1,2016Q1,AMD,inventory_days,109.1,days,,inventory/cost_of_revenue*days_in_quarter,,,,derived from rows above,CPU/GPU
2016-03-27,2016-06-25,2016,Q2,2016Q2,AMD,inventory_days,95.5,days,,inventory/cost_of_revenue*days_in_quarter,,,,derived from rows above,CPU/GPU
2016-06-26,2016-09-24,2016,Q3,2016Q3,AMD,inventory_days,56.3,days,,inventory/cost_of_revenue*days_in_quarter,,,,derived from rows above,CPU/GPU
2016-09-25,2016-12-31,2016,Q4,2016Q4,AMD,inventory_days,89.7,days,,inventory/cost_of_revenue*days_in_quarter,,,,derived from rows above,CPU/GPU
2017-01-01,2017-04-01,2017,Q1,2017Q1,AMD,inventory_days,95.4,days,,inventory/cost_of_revenue*days_in_quarter,,,,derived from rows above,CPU/GPU
2017-04-02,2017-07-01,2017,Q2,2017Q2,AMD,inventory_days,99.1,days,,inventory/cost_of_revenue*days_in_quarter,,,,derived from rows above,CPU/GPU
2017-07-02,2017-09-30,2017,Q3,2017Q3,AMD,inventory_days,71.3,days,,inventory/cost_of_revenue*days_in_quarter,,,,derived from rows above,CPU/GPU
2017-10-01,2017-12-30,2017,Q4,2017Q4,AMD,inventory_days,71.1,days,,inventory/cost_of_revenue*days_in_quarter,,,,derived from rows above,CPU/GPU
2017-12-31,2018-03-31,2018,Q1,2018Q1,AMD,inventory_days,62.0,days,,inventory/cost_of_revenue*days_in_quarter,,,,derived from rows above,CPU/GPU
2018-04-01,2018-06-30,2018,Q2,2018Q2,AMD,inventory_days,61.8,days,,inventory/cost_of_revenue*days_in_quarter,,,,derived from rows above,CPU/GPU
2018-07-01,2018-09-29,2018,Q3,2018Q3,AMD,inventory_days,67.7,days,,inventory/cost_of_revenue*days_in_quarter,,,,derived from rows above,CPU/GPU
2018-09-30,2018-12-29,2018,Q4,2018Q4,AMD,inventory_days,87.2,days,,inventory/cost_of_revenue*days_in_quarter,,,,derived from rows above,CPU/GPU
2018-12-30,2019-03-30,2019,Q1,2019Q1,AMD,inventory_days,115.7,days,,inventory/cost_of_revenue*days_in_quarter,,,,derived from rows above,CPU/GPU
2019-03-31,2019-06-29,2019,Q2,2019Q2,AMD,inventory_days,101.5,days,,inventory/cost_of_revenue*days_in_quarter,,,,derived from rows above,CPU/GPU
2019-06-30,2019-09-28,2019,Q3,2019Q3,AMD,inventory_days,92.4,days,,inventory/cost_of_revenue*days_in_quarter,,,,derived from rows above,CPU/GPU
2019-09-29,2019-12-28,2019,Q4,2019Q4,AMD,inventory_days,75.9,days,,inventory/cost_of_revenue*days_in_quarter,,,,derived from rows above,CPU/GPU
2019-12-29,2020-03-28,2020,Q1,2020Q1,AMD,inventory_days,99.3,days,,inventory/cost_of_revenue*days_in_quarter,,,,derived from rows above,CPU/GPU
2020-03-29,2020-06-27,2020,Q2,2020Q2,AMD,inventory_days,111.1,days,,inventory/cost_of_revenue*days_in_quarter,,,,derived from rows above,CPU/GPU
2020-06-28,2020-09-26,2020,Q3,2020Q3,AMD,inventory_days,74.8,days,,inventory/cost_of_revenue*days_in_quarter,,,,derived from rows above,CPU/GPU
2020-09-27,2020-12-26,2020,Q4,2020Q4,AMD,inventory_days,71.0,days,,inventory/cost_of_revenue*days_in_quarter,,,,derived from rows above,CPU/GPU
2020-12-27,2021-03-27,2021,Q1,2021Q1,AMD,inventory_days,81.0,days,,inventory/cost_of_revenue*days_in_quarter,,,,derived from rows above,CPU/GPU
2021-03-28,2021-06-26,2021,Q2,2021Q2,AMD,inventory_days,79.5,days,,inventory/cost_of_revenue*days_in_quarter,,,,derived from rows above,CPU/GPU
2021-06-27,2021-09-25,2021,Q3,2021Q3,AMD,inventory_days,77.7,days,,inventory/cost_of_revenue*days_in_quarter,,,,derived from rows above,CPU/GPU
2021-09-26,2021-12-25,2021,Q4,2021Q4,AMD,inventory_days,74.1,days,,inventory/cost_of_revenue*days_in_quarter,,,,derived from rows above,CPU/GPU
2021-12-26,2022-03-26,2022,Q1,2022Q1,AMD,inventory_days,72.1,days,,inventory/cost_of_revenue*days_in_quarter,,,,derived from rows above,CPU/GPU
2022-03-27,2022-06-25,2022,Q2,2022Q2,AMD,inventory_days,68.4,days,,inventory/cost_of_revenue*days_in_quarter,,,,derived from rows above,CPU/GPU
2022-06-26,2022-09-24,2022,Q3,2022Q3,AMD,inventory_days,95.5,days,,inventory/cost_of_revenue*days_in_quarter,,,,derived from rows above,CPU/GPU
2022-09-25,2022-12-31,2022,Q4,2022Q4,AMD,inventory_days,115.6,days,,inventory/cost_of_revenue*days_in_quarter,,,,derived from rows above,CPU/GPU
2023-01-01,2023-04-01,2023,Q1,2023Q1,AMD,inventory_days,128.7,days,,inventory/cost_of_revenue*days_in_quarter,,,,derived from rows above,CPU/GPU
2023-04-02,2023-07-01,2023,Q2,2023Q2,AMD,inventory_days,142.5,days,,inventory/cost_of_revenue*days_in_quarter,,,,derived from rows above,CPU/GPU
2023-07-02,2023-09-30,2023,Q3,2023Q3,AMD,inventory_days,132.5,days,,inventory/cost_of_revenue*days_in_quarter,,,,derived from rows above,CPU/GPU
2023-10-01,2023-12-30,2023,Q4,2023Q4,AMD,inventory_days,121.6,days,,inventory/cost_of_revenue*days_in_quarter,,,,derived from rows above,CPU/GPU
2023-12-31,2024-03-30,2024,Q1,2024Q1,AMD,inventory_days,145.3,days,,inventory/cost_of_revenue*days_in_quarter,,,,derived from rows above,CPU/GPU
2024-03-31,2024-06-29,2024,Q2,2024Q2,AMD,inventory_days,152.9,days,,inventory/cost_of_revenue*days_in_quarter,,,,derived from rows above,CPU/GPU
2024-06-30,2024-09-28,2024,Q3,2024Q3,AMD,inventory_days,143.8,days,,inventory/cost_of_revenue*days_in_quarter,,,,derived from rows above,CPU/GPU
2024-09-29,2024-12-28,2024,Q4,2024Q4,AMD,inventory_days,138.2,days,,inventory/cost_of_revenue*days_in_quarter,,,,derived from rows above,CPU/GPU
2024-12-29,2025-03-29,2025,Q1,2025Q1,AMD,inventory_days,157.7,days,,inventory/cost_of_revenue*days_in_quarter,,,,derived from rows above,CPU/GPU
2025-03-30,2025-06-28,2025,Q2,2025Q2,AMD,inventory_days,131.3,days,,inventory/cost_of_revenue*days_in_quarter,,,,derived from rows above,CPU/GPU
2025-06-29,2025-09-27,2025,Q3,2025Q3,AMD,inventory_days,149.0,days,,inventory/cost_of_revenue*days_in_quarter,,,,derived from rows above,CPU/GPU
2025-09-28,2025-12-27,2025,Q4,2025Q4,AMD,inventory_days,153.6,days,,inventory/cost_of_revenue*days_in_quarter,,,,derived from rows above,CPU/GPU
2025-12-28,2026-03-28,2026,Q1,2026Q1,AMD,inventory_days,151.4,days,,inventory/cost_of_revenue*days_in_quarter,,,,derived from rows above,CPU/GPU
2026-03-29,2026-06-27,2026,Q2,2026Q2,AMD,inventory_days,144.5,days,,inventory/cost_of_revenue*days_in_quarter,,,,derived from rows above,CPU/GPU
2013-12-29,2014-03-29,2014,Q1,2014Q1,AMD,operating_income,49000000.0,USD,OperatingIncomeLoss,reported,0000002488-16-000111,10-K,2016-02-18,https://data.sec.gov/api/xbrl/companyfacts/CIK0000002488.json,CPU/GPU
2014-03-30,2014-06-28,2014,Q2,2014Q2,AMD,operating_income,63000000.0,USD,OperatingIncomeLoss,reported,0000002488-16-000111,10-K,2016-02-18,https://data.sec.gov/api/xbrl/companyfacts/CIK0000002488.json,CPU/GPU
2014-06-29,2014-09-27,2014,Q3,2014Q3,AMD,operating_income,63000000.0,USD,OperatingIncomeLoss,reported,0000002488-16-000111,10-K,2016-02-18,https://data.sec.gov/api/xbrl/companyfacts/CIK0000002488.json,CPU/GPU
2014-09-28,2014-12-27,2014,Q4,2014Q4,AMD,operating_income,-330000000.0,USD,OperatingIncomeLoss,reported,0000002488-16-000111,10-K,2016-02-18,https://data.sec.gov/api/xbrl/companyfacts/CIK0000002488.json,CPU/GPU
2014-12-28,2015-03-28,2015,Q1,2015Q1,AMD,operating_income,-137000000.0,USD,OperatingIncomeLoss,reported,0000002488-17-000043,10-K,2017-02-21,https://data.sec.gov/api/xbrl/companyfacts/CIK0000002488.json,CPU/GPU
2015-03-29,2015-06-27,2015,Q2,2015Q2,AMD,operating_income,-137000000.0,USD,OperatingIncomeLoss,reported,0000002488-17-000043,10-K,2017-02-21,https://data.sec.gov/api/xbrl/companyfacts/CIK0000002488.json,CPU/GPU
2015-06-28,2015-09-26,2015,Q3,2015Q3,AMD,operating_income,-158000000.0,USD,OperatingIncomeLoss,reported,0000002488-17-000043,10-K,2017-02-21,https://data.sec.gov/api/xbrl/companyfacts/CIK0000002488.json,CPU/GPU
2015-09-27,2015-12-26,2015,Q4,2015Q4,AMD,operating_income,-49000000.0,USD,OperatingIncomeLoss,reported,0000002488-17-000043,10-K,2017-02-21,https://data.sec.gov/api/xbrl/companyfacts/CIK0000002488.json,CPU/GPU
2015-12-27,2016-03-26,2016,Q1,2016Q1,AMD,operating_income,-68000000.0,USD,OperatingIncomeLoss,reported,0000002488-18-000042,10-K,2018-02-27,https://data.sec.gov/api/xbrl/companyfacts/CIK0000002488.json,CPU/GPU
2016-03-27,2016-06-25,2016,Q2,2016Q2,AMD,operating_income,-8000000.0,USD,OperatingIncomeLoss,reported,0000002488-18-000042,10-K,2018-02-27,https://data.sec.gov/api/xbrl/companyfacts/CIK0000002488.json,CPU/GPU
2016-06-26,2016-09-24,2016,Q3,2016Q3,AMD,operating_income,-293000000.0,USD,OperatingIncomeLoss,reported,0000002488-18-000042,10-K,2018-02-27,https://data.sec.gov/api/xbrl/companyfacts/CIK0000002488.json,CPU/GPU
2016-09-25,2016-12-31,2016,Q4,2016Q4,AMD,operating_income,-3000000.0,USD,OperatingIncomeLoss,reported,0000002488-18-000042,10-K,2018-02-27,https://data.sec.gov/api/xbrl/companyfacts/CIK0000002488.json,CPU/GPU
2017-01-01,2017-04-01,2017,Q1,2017Q1,AMD,operating_income,11000000.0,USD,OperatingIncomeLoss,reported,0000002488-19-000011,10-K,2019-02-08,https://data.sec.gov/api/xbrl/companyfacts/CIK0000002488.json,CPU/GPU
2017-04-02,2017-07-01,2017,Q2,2017Q2,AMD,operating_income,-1000000.0,USD,OperatingIncomeLoss,reported,0000002488-19-000011,10-K,2019-02-08,https://data.sec.gov/api/xbrl/companyfacts/CIK0000002488.json,CPU/GPU
2017-07-02,2017-09-30,2017,Q3,2017Q3,AMD,operating_income,119000000.0,USD,OperatingIncomeLoss,reported,0000002488-19-000011,10-K,2019-02-08,https://data.sec.gov/api/xbrl/companyfacts/CIK0000002488.json,CPU/GPU
2017-10-01,2017-12-30,2017,Q4,2017Q4,AMD,operating_income,-2000000.0,USD,OperatingIncomeLoss,reported,0000002488-19-000011,10-K,2019-02-08,https://data.sec.gov/api/xbrl/companyfacts/CIK0000002488.json,CPU/GPU
2017-12-31,2018-03-31,2018,Q1,2018Q1,AMD,operating_income,120000000.0,USD,OperatingIncomeLoss,reported,0000002488-20-000008,10-K,2020-02-04,https://data.sec.gov/api/xbrl/companyfacts/CIK0000002488.json,CPU/GPU
2018-04-01,2018-06-30,2018,Q2,2018Q2,AMD,operating_income,153000000.0,USD,OperatingIncomeLoss,reported,0000002488-20-000008,10-K,2020-02-04,https://data.sec.gov/api/xbrl/companyfacts/CIK0000002488.json,CPU/GPU
2018-07-01,2018-09-29,2018,Q3,2018Q3,AMD,operating_income,150000000.0,USD,OperatingIncomeLoss,reported,0000002488-20-000008,10-K,2020-02-04,https://data.sec.gov/api/xbrl/companyfacts/CIK0000002488.json,CPU/GPU
2018-09-30,2018-12-29,2018,Q4,2018Q4,AMD,operating_income,28000000.0,USD,OperatingIncomeLoss,reported,0000002488-20-000008,10-K,2020-02-04,https://data.sec.gov/api/xbrl/companyfacts/CIK0000002488.json,CPU/GPU
2018-12-30,2019-03-30,2019,Q1,2019Q1,AMD,operating_income,38000000.0,USD,OperatingIncomeLoss,reported,0001628280-21-001185,10-K,2021-01-29,https://data.sec.gov/api/xbrl/companyfacts/CIK0000002488.json,CPU/GPU
2019-03-31,2019-06-29,2019,Q2,2019Q2,AMD,operating_income,59000000.0,USD,OperatingIncomeLoss,reported,0001628280-21-001185,10-K,2021-01-29,https://data.sec.gov/api/xbrl/companyfacts/CIK0000002488.json,CPU/GPU
2019-06-30,2019-09-28,2019,Q3,2019Q3,AMD,operating_income,186000000.0,USD,OperatingIncomeLoss,reported,0001628280-21-001185,10-K,2021-01-29,https://data.sec.gov/api/xbrl/companyfacts/CIK0000002488.json,CPU/GPU
2019-09-29,2019-12-28,2019,Q4,2019Q4,AMD,operating_income,348000000.0,USD,OperatingIncomeLoss,reported,0001628280-21-001185,10-K,2021-01-29,https://data.sec.gov/api/xbrl/companyfacts/CIK0000002488.json,CPU/GPU
2019-12-29,2020-03-28,2020,Q1,2020Q1,AMD,operating_income,177000000.0,USD,OperatingIncomeLoss,reported,0000002488-21-000056,10-Q,2021-04-28,https://data.sec.gov/api/xbrl/companyfacts/CIK0000002488.json,CPU/GPU
2020-03-29,2020-06-27,2020,Q2,2020Q2,AMD,operating_income,173000000.0,USD,OperatingIncomeLoss,reported,0000002488-21-000116,10-Q,2021-07-28,https://data.sec.gov/api/xbrl/companyfacts/CIK0000002488.json,CPU/GPU
2020-06-28,2020-09-26,2020,Q3,2020Q3,AMD,operating_income,449000000.0,USD,OperatingIncomeLoss,reported,0000002488-21-000178,10-Q,2021-10-27,https://data.sec.gov/api/xbrl/companyfacts/CIK0000002488.json,CPU/GPU
2020-09-27,2020-12-26,2020,Q4,2020Q4,AMD,operating_income,570000000.0,USD,OperatingIncomeLoss,reported,0001628280-21-001185,10-K,2021-01-29,https://data.sec.gov/api/xbrl/companyfacts/CIK0000002488.json,CPU/GPU
2020-12-27,2021-03-27,2021,Q1,2021Q1,AMD,operating_income,662000000.0,USD,OperatingIncomeLoss,reported,0000002488-22-000078,10-Q,2022-05-04,https://data.sec.gov/api/xbrl/companyfacts/CIK0000002488.json,CPU/GPU
2021-03-28,2021-06-26,2021,Q2,2021Q2,AMD,operating_income,831000000.0,USD,OperatingIncomeLoss,reported,0000002488-22-000123,10-Q,2022-08-03,https://data.sec.gov/api/xbrl/companyfacts/CIK0000002488.json,CPU/GPU
2021-06-27,2021-09-25,2021,Q3,2021Q3,AMD,operating_income,948000000.0,USD,OperatingIncomeLoss,reported,0000002488-22-000170,10-Q,2022-11-02,https://data.sec.gov/api/xbrl/companyfacts/CIK0000002488.json,CPU/GPU
2021-09-26,2021-12-25,2021,Q4,2021Q4,AMD,operating_income,1207000000.0,USD,OperatingIncomeLoss,ytd_diff,0000002488-24-000012,10-K,2024-01-31,https://data.sec.gov/api/xbrl/companyfacts/CIK0000002488.json,CPU/GPU
2021-12-26,2022-03-26,2022,Q1,2022Q1,AMD,operating_income,951000000.0,USD,OperatingIncomeLoss,reported,0000002488-23-000076,10-Q,2023-05-03,https://data.sec.gov/api/xbrl/companyfacts/CIK0000002488.json,CPU/GPU
2022-03-27,2022-06-25,2022,Q2,2022Q2,AMD,operating_income,526000000.0,USD,OperatingIncomeLoss,reported,0000002488-23-000139,10-Q,2023-08-02,https://data.sec.gov/api/xbrl/companyfacts/CIK0000002488.json,CPU/GPU
2022-06-26,2022-09-24,2022,Q3,2022Q3,AMD,operating_income,-64000000.0,USD,OperatingIncomeLoss,reported,0000002488-23-000195,10-Q,2023-11-01,https://data.sec.gov/api/xbrl/companyfacts/CIK0000002488.json,CPU/GPU
2022-09-25,2022-12-31,2022,Q4,2022Q4,AMD,operating_income,-149000000.0,USD,OperatingIncomeLoss,ytd_diff,0000002488-25-000012,10-K,2025-02-05,https://data.sec.gov/api/xbrl/companyfacts/CIK0000002488.json,CPU/GPU
2023-01-01,2023-04-01,2023,Q1,2023Q1,AMD,operating_income,-145000000.0,USD,OperatingIncomeLoss,reported,0000002488-24-000056,10-Q,2024-05-01,https://data.sec.gov/api/xbrl/companyfacts/CIK0000002488.json,CPU/GPU
2023-04-02,2023-07-01,2023,Q2,2023Q2,AMD,operating_income,-20000000.0,USD,OperatingIncomeLoss,reported,0000002488-24-000123,10-Q,2024-07-31,https://data.sec.gov/api/xbrl/companyfacts/CIK0000002488.json,CPU/GPU
2023-07-02,2023-09-30,2023,Q3,2023Q3,AMD,operating_income,224000000.0,USD,OperatingIncomeLoss,reported,0000002488-24-000163,10-Q,2024-10-30,https://data.sec.gov/api/xbrl/companyfacts/CIK0000002488.json,CPU/GPU
2023-10-01,2023-12-30,2023,Q4,2023Q4,AMD,operating_income,342000000.0,USD,OperatingIncomeLoss,ytd_diff,0000002488-26-000018,10-K,2026-02-04,https://data.sec.gov/api/xbrl/companyfacts/CIK0000002488.json,CPU/GPU
2023-12-31,2024-03-30,2024,Q1,2024Q1,AMD,operating_income,36000000.0,USD,OperatingIncomeLoss,reported,0000002488-25-000047,10-Q,2025-05-07,https://data.sec.gov/api/xbrl/companyfacts/CIK0000002488.json,CPU/GPU
2024-03-31,2024-06-29,2024,Q2,2024Q2,AMD,operating_income,269000000.0,USD,OperatingIncomeLoss,reported,0000002488-25-000108,10-Q,2025-08-06,https://data.sec.gov/api/xbrl/companyfacts/CIK0000002488.json,CPU/GPU
2024-06-30,2024-09-28,2024,Q3,2024Q3,AMD,operating_income,724000000.0,USD,OperatingIncomeLoss,reported,0000002488-25-000166,10-Q,2025-11-05,https://data.sec.gov/api/xbrl/companyfacts/CIK0000002488.json,CPU/GPU
2024-09-29,2024-12-28,2024,Q4,2024Q4,AMD,operating_income,871000000.0,USD,OperatingIncomeLoss,ytd_diff,0000002488-26-000018,10-K,2026-02-04,https://data.sec.gov/api/xbrl/companyfacts/CIK0000002488.json,CPU/GPU
2024-12-29,2025-03-29,2025,Q1,2025Q1,AMD,operating_income,806000000.0,USD,OperatingIncomeLoss,reported,0000002488-26-000076,10-Q,2026-05-06,https://data.sec.gov/api/xbrl/companyfacts/CIK0000002488.json,CPU/GPU
2025-03-30,2025-06-28,2025,Q2,2025Q2,AMD,operating_income,-134000000.0,USD,OperatingIncomeLoss,reported,0000002488-26-000123,10-Q,2026-08-05,https://data.sec.gov/api/xbrl/companyfacts/CIK0000002488.json,CPU/GPU
2025-06-29,2025-09-27,2025,Q3,2025Q3,AMD,operating_income,1270000000.0,USD,OperatingIncomeLoss,reported,0000002488-25-000166,10-Q,2025-11-05,https://data.sec.gov/api/xbrl/companyfacts/CIK0000002488.json,CPU/GPU
2025-09-28,2025-12-27,2025,Q4,2025Q4,AMD,operating_income,1752000000.0,USD,OperatingIncomeLoss,ytd_diff,0000002488-26-000018,10-K,2026-02-04,https://data.sec.gov/api/xbrl/companyfacts/CIK0000002488.json,CPU/GPU
2025-12-28,2026-03-28,2026,Q1,2026Q1,AMD,operating_income,1476000000.0,USD,OperatingIncomeLoss,reported,0000002488-26-000076,10-Q,2026-05-06,https://data.sec.gov/api/xbrl/companyfacts/CIK0000002488.json,CPU/GPU
2026-03-29,2026-06-27,2026,Q2,2026Q2,AMD,operating_income,1990000000.0,USD,OperatingIncomeLoss,reported,0000002488-26-000123,10-Q,2026-08-05,https://data.sec.gov/api/xbrl/companyfacts/CIK0000002488.json,CPU/GPU
2013-12-29,2014-03-29,2014,Q1,2014Q1,AMD,revenue,1397000000.0,USD,SalesRevenueNet,reported,0001193125-15-156842,10-Q,2015-04-29,https://data.sec.gov/api/xbrl/companyfacts/CIK0000002488.json,CPU/GPU
2014-03-30,2014-06-28,2014,Q2,2014Q2,AMD,revenue,1441000000.0,USD,SalesRevenueNet,reported,0001628280-15-005620,10-Q,2015-07-30,https://data.sec.gov/api/xbrl/companyfacts/CIK0000002488.json,CPU/GPU
2014-06-29,2014-09-27,2014,Q3,2014Q3,AMD,revenue,1429000000.0,USD,SalesRevenueNet,reported,0000002488-15-000067,10-Q,2015-11-03,https://data.sec.gov/api/xbrl/companyfacts/CIK0000002488.json,CPU/GPU
2014-09-28,2014-12-27,2014,Q4,2014Q4,AMD,revenue,1239000000.0,USD,SalesRevenueNet,ytd_diff,0000002488-17-000043,10-K,2017-02-21,https://data.sec.gov/api/xbrl/companyfacts/CIK0000002488.json,CPU/GPU
2014-12-28,2015-03-28,2015,Q1,2015Q1,AMD,revenue,1030000000.0,USD,SalesRevenueNet,reported,0000002488-16-000124,10-Q,2016-04-28,https://data.sec.gov/api/xbrl/companyfacts/CIK0000002488.json,CPU/GPU
2015-03-29,2015-06-27,2015,Q2,2015Q2,AMD,revenue,942000000.0,USD,SalesRevenueNet,reported,0000002488-16-000213,10-Q,2016-07-26,https://data.sec.gov/api/xbrl/companyfacts/CIK0000002488.json,CPU/GPU
2015-06-28,2015-09-26,2015,Q3,2015Q3,AMD,revenue,1061000000.0,USD,SalesRevenueNet,reported,0000002488-16-000263,10-Q,2016-10-26,https://data.sec.gov/api/xbrl/companyfacts/CIK0000002488.json,CPU/GPU
2015-09-27,2015-12-26,2015,Q4,2015Q4,AMD,revenue,958000000.0,USD,SalesRevenueNet,ytd_diff,0000002488-18-000042,10-K,2018-02-27,https://data.sec.gov/api/xbrl/companyfacts/CIK0000002488.json,CPU/GPU
2015-12-27,2016-03-26,2016,Q1,2016Q1,AMD,revenue,832000000.0,USD,SalesRevenueNet,reported,0000002488-18-000042,10-K,2018-02-27,https://data.sec.gov/api/xbrl/companyfacts/CIK0000002488.json,CPU/GPU
2016-03-27,2016-06-25,2016,Q2,2016Q2,AMD,revenue,1027000000.0,USD,SalesRevenueNet,reported,0000002488-18-000042,10-K,2018-02-27,https://data.sec.gov/api/xbrl/companyfacts/CIK0000002488.json,CPU/GPU
2016-06-26,2016-09-24,2016,Q3,2016Q3,AMD,revenue,1307000000.0,USD,SalesRevenueNet,reported,0000002488-18-000042,10-K,2018-02-27,https://data.sec.gov/api/xbrl/companyfacts/CIK0000002488.json,CPU/GPU
2016-09-25,2016-12-31,2016,Q4,2016Q4,AMD,revenue,1106000000.0,USD,SalesRevenueNet,reported,0000002488-18-000042,10-K,2018-02-27,https://data.sec.gov/api/xbrl/companyfacts/CIK0000002488.json,CPU/GPU
2017-01-01,2017-04-01,2017,Q1,2017Q1,AMD,revenue,1178000000.0,USD,RevenueFromContractWithCustomerExcludingAssessedTax,reported,0000002488-19-000011,10-K,2019-02-08,https://data.sec.gov/api/xbrl/companyfacts/CIK0000002488.json,CPU/GPU
2017-04-02,2017-07-01,2017,Q2,2017Q2,AMD,revenue,1151000000.0,USD,RevenueFromContractWithCustomerExcludingAssessedTax,reported,0000002488-19-000011,10-K,2019-02-08,https://data.sec.gov/api/xbrl/companyfacts/CIK0000002488.json,CPU/GPU
2017-07-02,2017-09-30,2017,Q3,2017Q3,AMD,revenue,1584000000.0,USD,RevenueFromContractWithCustomerExcludingAssessedTax,reported,0000002488-19-000011,10-K,2019-02-08,https://data.sec.gov/api/xbrl/companyfacts/CIK0000002488.json,CPU/GPU
2017-10-01,2017-12-30,2017,Q4,2017Q4,AMD,revenue,1340000000.0,USD,RevenueFromContractWithCustomerExcludingAssessedTax,reported,0000002488-19-000011,10-K,2019-02-08,https://data.sec.gov/api/xbrl/companyfacts/CIK0000002488.json,CPU/GPU
2017-12-31,2018-03-31,2018,Q1,2018Q1,AMD,revenue,1647000000.0,USD,RevenueFromContractWithCustomerExcludingAssessedTax,reported,0000002488-20-000008,10-K,2020-02-04,https://data.sec.gov/api/xbrl/companyfacts/CIK0000002488.json,CPU/GPU
2018-04-01,2018-06-30,2018,Q2,2018Q2,AMD,revenue,1756000000.0,USD,RevenueFromContractWithCustomerExcludingAssessedTax,reported,0000002488-20-000008,10-K,2020-02-04,https://data.sec.gov/api/xbrl/companyfacts/CIK0000002488.json,CPU/GPU
2018-07-01,2018-09-29,2018,Q3,2018Q3,AMD,revenue,1653000000.0,USD,RevenueFromContractWithCustomerExcludingAssessedTax,reported,0000002488-20-000008,10-K,2020-02-04,https://data.sec.gov/api/xbrl/companyfacts/CIK0000002488.json,CPU/GPU
2018-09-30,2018-12-29,2018,Q4,2018Q4,AMD,revenue,1419000000.0,USD,RevenueFromContractWithCustomerExcludingAssessedTax,reported,0000002488-20-000008,10-K,2020-02-04,https://data.sec.gov/api/xbrl/companyfacts/CIK0000002488.json,CPU/GPU
2018-12-30,2019-03-30,2019,Q1,2019Q1,AMD,revenue,1272000000.0,USD,RevenueFromContractWithCustomerExcludingAssessedTax,reported,0001628280-21-001185,10-K,2021-01-29,https://data.sec.gov/api/xbrl/companyfacts/CIK0000002488.json,CPU/GPU
2019-03-31,2019-06-29,2019,Q2,2019Q2,AMD,revenue,1531000000.0,USD,RevenueFromContractWithCustomerExcludingAssessedTax,reported,0001628280-21-001185,10-K,2021-01-29,https://data.sec.gov/api/xbrl/companyfacts/CIK0000002488.json,CPU/GPU
2019-06-30,2019-09-28,2019,Q3,2019Q3,AMD,revenue,1801000000.0,USD,RevenueFromContractWithCustomerExcludingAssessedTax,reported,0001628280-21-001185,10-K,2021-01-29,https://data.sec.gov/api/xbrl/companyfacts/CIK0000002488.json,CPU/GPU
2019-09-29,2019-12-28,2019,Q4,2019Q4,AMD,revenue,2127000000.0,USD,RevenueFromContractWithCustomerExcludingAssessedTax,reported,0001628280-21-001185,10-K,2021-01-29,https://data.sec.gov/api/xbrl/companyfacts/CIK0000002488.json,CPU/GPU
2019-12-29,2020-03-28,2020,Q1,2020Q1,AMD,revenue,1786000000.0,USD,RevenueFromContractWithCustomerExcludingAssessedTax,reported,0000002488-21-000056,10-Q,2021-04-28,https://data.sec.gov/api/xbrl/companyfacts/CIK0000002488.json,CPU/GPU
2020-03-29,2020-06-27,2020,Q2,2020Q2,AMD,revenue,1932000000.0,USD,RevenueFromContractWithCustomerExcludingAssessedTax,reported,0000002488-21-000116,10-Q,2021-07-28,https://data.sec.gov/api/xbrl/companyfacts/CIK0000002488.json,CPU/GPU
2020-06-28,2020-09-26,2020,Q3,2020Q3,AMD,revenue,2801000000.0,USD,RevenueFromContractWithCustomerExcludingAssessedTax,reported,0000002488-21-000178,10-Q,2021-10-27,https://data.sec.gov/api/xbrl/companyfacts/CIK0000002488.json,CPU/GPU
2020-09-27,2020-12-26,2020,Q4,2020Q4,AMD,revenue,3244000000.0,USD,RevenueFromContractWithCustomerExcludingAssessedTax,reported,0001628280-21-001185,10-K,2021-01-29,https://data.sec.gov/api/xbrl/companyfacts/CIK0000002488.json,CPU/GPU
2020-12-27,2021-03-27,2021,Q1,2021Q1,AMD,revenue,3445000000.0,USD,RevenueFromContractWithCustomerExcludingAssessedTax,reported,0000002488-22-000078,10-Q,2022-05-04,https://data.sec.gov/api/xbrl/companyfacts/CIK0000002488.json,CPU/GPU
2021-03-28,2021-06-26,2021,Q2,2021Q2,AMD,revenue,3850000000.0,USD,RevenueFromContractWithCustomerExcludingAssessedTax,reported,0000002488-22-000123,10-Q,2022-08-03,https://data.sec.gov/api/xbrl/companyfacts/CIK0000002488.json,CPU/GPU
2021-06-27,2021-09-25,2021,Q3,2021Q3,AMD,revenue,4313000000.0,USD,RevenueFromContractWithCustomerExcludingAssessedTax,reported,0000002488-22-000170,10-Q,2022-11-02,https://data.sec.gov/api/xbrl/companyfacts/CIK0000002488.json,CPU/GPU
2021-09-26,2021-12-25,2021,Q4,2021Q4,AMD,revenue,4826000000.0,USD,RevenueFromContractWithCustomerExcludingAssessedTax,ytd_diff,0000002488-24-000012,10-K,2024-01-31,https://data.sec.gov/api/xbrl/companyfacts/CIK0000002488.json,CPU/GPU
2021-12-26,2022-03-26,2022,Q1,2022Q1,AMD,revenue,5887000000.0,USD,RevenueFromContractWithCustomerExcludingAssessedTax,reported,0000002488-23-000076,10-Q,2023-05-03,https://data.sec.gov/api/xbrl/companyfacts/CIK0000002488.json,CPU/GPU
2022-03-27,2022-06-25,2022,Q2,2022Q2,AMD,revenue,6550000000.0,USD,RevenueFromContractWithCustomerExcludingAssessedTax,reported,0000002488-23-000139,10-Q,2023-08-02,https://data.sec.gov/api/xbrl/companyfacts/CIK0000002488.json,CPU/GPU
2022-06-26,2022-09-24,2022,Q3,2022Q3,AMD,revenue,5565000000.0,USD,RevenueFromContractWithCustomerExcludingAssessedTax,reported,0000002488-23-000195,10-Q,2023-11-01,https://data.sec.gov/api/xbrl/companyfacts/CIK0000002488.json,CPU/GPU
2022-09-25,2022-12-31,2022,Q4,2022Q4,AMD,revenue,5599000000.0,USD,RevenueFromContractWithCustomerExcludingAssessedTax,ytd_diff,0000002488-25-000012,10-K,2025-02-05,https://data.sec.gov/api/xbrl/companyfacts/CIK0000002488.json,CPU/GPU
2023-01-01,2023-04-01,2023,Q1,2023Q1,AMD,revenue,5353000000.0,USD,RevenueFromContractWithCustomerExcludingAssessedTax,reported,0000002488-24-000056,10-Q,2024-05-01,https://data.sec.gov/api/xbrl/companyfacts/CIK0000002488.json,CPU/GPU
2023-04-02,2023-07-01,2023,Q2,2023Q2,AMD,revenue,5359000000.0,USD,RevenueFromContractWithCustomerExcludingAssessedTax,reported,0000002488-24-000123,10-Q,2024-07-31,https://data.sec.gov/api/xbrl/companyfacts/CIK0000002488.json,CPU/GPU
2023-07-02,2023-09-30,2023,Q3,2023Q3,AMD,revenue,5800000000.0,USD,RevenueFromContractWithCustomerExcludingAssessedTax,reported,0000002488-24-000163,10-Q,2024-10-30,https://data.sec.gov/api/xbrl/companyfacts/CIK0000002488.json,CPU/GPU
2023-10-01,2023-12-30,2023,Q4,2023Q4,AMD,revenue,6168000000.0,USD,RevenueFromContractWithCustomerExcludingAssessedTax,ytd_diff,0000002488-26-000018,10-K,2026-02-04,https://data.sec.gov/api/xbrl/companyfacts/CIK0000002488.json,CPU/GPU
2023-12-31,2024-03-30,2024,Q1,2024Q1,AMD,revenue,5473000000.0,USD,RevenueFromContractWithCustomerExcludingAssessedTax,reported,0000002488-25-000047,10-Q,2025-05-07,https://data.sec.gov/api/xbrl/companyfacts/CIK0000002488.json,CPU/GPU
2024-03-31,2024-06-29,2024,Q2,2024Q2,AMD,revenue,5835000000.0,USD,RevenueFromContractWithCustomerExcludingAssessedTax,reported,0000002488-25-000108,10-Q,2025-08-06,https://data.sec.gov/api/xbrl/companyfacts/CIK0000002488.json,CPU/GPU
2024-06-30,2024-09-28,2024,Q3,2024Q3,AMD,revenue,6819000000.0,USD,RevenueFromContractWithCustomerExcludingAssessedTax,reported,0000002488-25-000166,10-Q,2025-11-05,https://data.sec.gov/api/xbrl/companyfacts/CIK0000002488.json,CPU/GPU
2024-09-29,2024-12-28,2024,Q4,2024Q4,AMD,revenue,7658000000.0,USD,RevenueFromContractWithCustomerExcludingAssessedTax,ytd_diff,0000002488-26-000018,10-K,2026-02-04,https://data.sec.gov/api/xbrl/companyfacts/CIK0000002488.json,CPU/GPU
2024-12-29,2025-03-29,2025,Q1,2025Q1,AMD,revenue,7438000000.0,USD,RevenueFromContractWithCustomerExcludingAssessedTax,reported,0000002488-26-000076,10-Q,2026-05-06,https://data.sec.gov/api/xbrl/companyfacts/CIK0000002488.json,CPU/GPU
2025-03-30,2025-06-28,2025,Q2,2025Q2,AMD,revenue,7685000000.0,USD,RevenueFromContractWithCustomerExcludingAssessedTax,reported,0000002488-26-000123,10-Q,2026-08-05,https://data.sec.gov/api/xbrl/companyfacts/CIK0000002488.json,CPU/GPU
2025-06-29,2025-09-27,2025,Q3,2025Q3,AMD,revenue,9246000000.0,USD,RevenueFromContractWithCustomerExcludingAssessedTax,reported,0000002488-25-000166,10-Q,2025-11-05,https://data.sec.gov/api/xbrl/companyfacts/CIK0000002488.json,CPU/GPU
2025-09-28,2025-12-27,2025,Q4,2025Q4,AMD,revenue,10270000000.0,USD,RevenueFromContractWithCustomerExcludingAssessedTax,ytd_diff,0000002488-26-000018,10-K,2026-02-04,https://data.sec.gov/api/xbrl/companyfacts/CIK0000002488.json,CPU/GPU
2025-12-28,2026-03-28,2026,Q1,2026Q1,AMD,revenue,10253000000.0,USD,RevenueFromContractWithCustomerExcludingAssessedTax,reported,0000002488-26-000076,10-Q,2026-05-06,https://data.sec.gov/api/xbrl/companyfacts/CIK0000002488.json,CPU/GPU
2026-03-29,2026-06-27,2026,Q2,2026Q2,AMD,revenue,11536000000.0,USD,RevenueFromContractWithCustomerExcludingAssessedTax,reported,0000002488-26-000123,10-Q,2026-08-05,https://data.sec.gov/api/xbrl/companyfacts/CIK0000002488.json,CPU/GPU
2014-01-01,2014-03-31,2014,Q1,2014Q1,AMZN,capex,1080000000.0,USD,PaymentsToAcquirePropertyPlantAndEquipment,reported,0001018724-15-000038,10-Q,2015-04-24,https://data.sec.gov/api/xbrl/companyfacts/CIK0001018724.json,hyperscaler
2014-04-01,2014-06-30,2014,Q2,2014Q2,AMZN,capex,1290000000.0,USD,PaymentsToAcquirePropertyPlantAndEquipment,reported,0001018724-15-000087,10-Q,2015-07-24,https://data.sec.gov/api/xbrl/companyfacts/CIK0001018724.json,hyperscaler
2014-07-01,2014-09-30,2014,Q3,2014Q3,AMZN,capex,1378000000.0,USD,PaymentsToAcquirePropertyPlantAndEquipment,reported,0001018724-15-000126,10-Q,2015-10-23,https://data.sec.gov/api/xbrl/companyfacts/CIK0001018724.json,hyperscaler
2014-10-01,2014-12-31,2014,Q4,2014Q4,AMZN,capex,1145000000.0,USD,PaymentsToAcquirePropertyPlantAndEquipment,ytd_diff,0001018724-17-000011,10-K,2017-02-10,https://data.sec.gov/api/xbrl/companyfacts/CIK0001018724.json,hyperscaler
2015-01-01,2015-03-31,2015,Q1,2015Q1,AMZN,capex,871000000.0,USD,PaymentsToAcquirePropertyPlantAndEquipment,reported,0001018724-16-000227,10-Q,2016-04-29,https://data.sec.gov/api/xbrl/companyfacts/CIK0001018724.json,hyperscaler
2015-04-01,2015-06-30,2015,Q2,2015Q2,AMZN,capex,1213000000.0,USD,PaymentsToAcquirePropertyPlantAndEquipment,reported,0001018724-16-000286,10-Q,2016-07-29,https://data.sec.gov/api/xbrl/companyfacts/CIK0001018724.json,hyperscaler
2015-07-01,2015-09-30,2015,Q3,2015Q3,AMZN,capex,1195000000.0,USD,PaymentsToAcquirePropertyPlantAndEquipment,reported,0001018724-16-000324,10-Q,2016-10-28,https://data.sec.gov/api/xbrl/companyfacts/CIK0001018724.json,hyperscaler
2015-10-01,2015-12-31,2015,Q4,2015Q4,AMZN,capex,1309000000.0,USD,PaymentsToAcquirePropertyPlantAndEquipment,ytd_diff,0001018724-17-000011,10-K,2017-02-10,https://data.sec.gov/api/xbrl/companyfacts/CIK0001018724.json,hyperscaler
2016-01-01,2016-03-31,2016,Q1,2016Q1,AMZN,capex,1179000000.0,USD,PaymentsToAcquirePropertyPlantAndEquipment,reported,0001018724-17-000051,10-Q,2017-04-28,https://data.sec.gov/api/xbrl/companyfacts/CIK0001018724.json,hyperscaler
2016-04-01,2016-06-30,2016,Q2,2016Q2,AMZN,capex,1711000000.0,USD,PaymentsToAcquirePropertyPlantAndEquipment,reported,0001018724-16-000286,10-Q,2016-07-29,https://data.sec.gov/api/xbrl/companyfacts/CIK0001018724.json,hyperscaler
2016-07-01,2016-09-30,2016,Q3,2016Q3,AMZN,capex,1841000000.0,USD,PaymentsToAcquirePropertyPlantAndEquipment,reported,0001018724-16-000324,10-Q,2016-10-28,https://data.sec.gov/api/xbrl/companyfacts/CIK0001018724.json,hyperscaler
2016-10-01,2016-12-31,2016,Q4,2016Q4,AMZN,capex,2006000000.0,USD,PaymentsToAcquirePropertyPlantAndEquipment,ytd_diff,0001018724-17-000011,10-K,2017-02-10,https://data.sec.gov/api/xbrl/companyfacts/CIK0001018724.json,hyperscaler
2017-01-01,2017-03-31,2017,Q1,2017Q1,AMZN,capex,1861000000.0,USD,PaymentsToAcquirePropertyPlantAndEquipment,reported,0001018724-17-000051,10-Q,2017-04-28,https://data.sec.gov/api/xbrl/companyfacts/CIK0001018724.json,hyperscaler
2017-07-01,2017-09-30,2017,Q3,2017Q3,AMZN,capex,3074000000.0,USD,PaymentsToAcquireProductiveAssets,reported,0001018724-18-000159,10-Q,2018-10-26,https://data.sec.gov/api/xbrl/companyfacts/CIK0001018724.json,hyperscaler
2017-10-01,2017-12-31,2017,Q4,2017Q4,AMZN,capex,3619000000.0,USD,PaymentsToAcquireProductiveAssets,ytd_diff,0001018724-20-000004,10-K,2020-01-31,https://data.sec.gov/api/xbrl/companyfacts/CIK0001018724.json,hyperscaler
2018-01-01,2018-03-31,2018,Q1,2018Q1,AMZN,capex,3098000000.0,USD,PaymentsToAcquireProductiveAssets,reported,0001018724-19-000043,10-Q,2019-04-26,https://data.sec.gov/api/xbrl/companyfacts/CIK0001018724.json,hyperscaler
2018-04-01,2018-06-30,2018,Q2,2018Q2,AMZN,capex,3243000000.0,USD,PaymentsToAcquireProductiveAssets,reported,0001018724-19-000071,10-Q,2019-07-26,https://data.sec.gov/api/xbrl/companyfacts/CIK0001018724.json,hyperscaler
2018-07-01,2018-09-30,2018,Q3,2018Q3,AMZN,capex,3352000000.0,USD,PaymentsToAcquireProductiveAssets,reported,0001018724-19-000089,10-Q,2019-10-25,https://data.sec.gov/api/xbrl/companyfacts/CIK0001018724.json,hyperscaler
2018-10-01,2018-12-31,2018,Q4,2018Q4,AMZN,capex,3734000000.0,USD,PaymentsToAcquireProductiveAssets,ytd_diff,0001018724-21-000004,10-K,2021-02-03,https://data.sec.gov/api/xbrl/companyfacts/CIK0001018724.json,hyperscaler
2019-01-01,2019-03-31,2019,Q1,2019Q1,AMZN,capex,3290000000.0,USD,PaymentsToAcquireProductiveAssets,reported,0001018724-20-000010,10-Q,2020-05-01,https://data.sec.gov/api/xbrl/companyfacts/CIK0001018724.json,hyperscaler
2019-04-01,2019-06-30,2019,Q2,2019Q2,AMZN,capex,3562000000.0,USD,PaymentsToAcquireProductiveAssets,reported,0001018724-20-000021,10-Q,2020-07-31,https://data.sec.gov/api/xbrl/companyfacts/CIK0001018724.json,hyperscaler
2019-07-01,2019-09-30,2019,Q3,2019Q3,AMZN,capex,4697000000.0,USD,PaymentsToAcquireProductiveAssets,reported,0001018724-20-000030,10-Q,2020-10-30,https://data.sec.gov/api/xbrl/companyfacts/CIK0001018724.json,hyperscaler
2019-10-01,2019-12-31,2019,Q4,2019Q4,AMZN,capex,5312000000.0,USD,PaymentsToAcquireProductiveAssets,ytd_diff,0001018724-22-000005,10-K,2022-02-04,https://data.sec.gov/api/xbrl/companyfacts/CIK0001018724.json,hyperscaler
2020-01-01,2020-03-31,2020,Q1,2020Q1,AMZN,capex,6795000000.0,USD,PaymentsToAcquireProductiveAssets,reported,0001018724-21-000010,10-Q,2021-04-30,https://data.sec.gov/api/xbrl/companyfacts/CIK0001018724.json,hyperscaler
2020-04-01,2020-06-30,2020,Q2,2020Q2,AMZN,capex,7459000000.0,USD,PaymentsToAcquireProductiveAssets,reported,0001018724-21-000020,10-Q,2021-07-30,https://data.sec.gov/api/xbrl/companyfacts/CIK0001018724.json,hyperscaler
2020-07-01,2020-09-30,2020,Q3,2020Q3,AMZN,capex,11063000000.0,USD,PaymentsToAcquireProductiveAssets,reported,0001018724-21-000028,10-Q,2021-10-29,https://data.sec.gov/api/xbrl/companyfacts/CIK0001018724.json,hyperscaler
2020-10-01,2020-12-31,2020,Q4,2020Q4,AMZN,capex,14823000000.0,USD,PaymentsToAcquireProductiveAssets,ytd_diff,0001018724-23-000004,10-K,2023-02-03,https://data.sec.gov/api/xbrl/companyfacts/CIK0001018724.json,hyperscaler
2021-01-01,2021-03-31,2021,Q1,2021Q1,AMZN,capex,12082000000.0,USD,PaymentsToAcquireProductiveAssets,reported,0001018724-22-000013,10-Q,2022-04-29,https://data.sec.gov/api/xbrl/companyfacts/CIK0001018724.json,hyperscaler
2021-04-01,2021-06-30,2021,Q2,2021Q2,AMZN,capex,14288000000.0,USD,PaymentsToAcquireProductiveAssets,reported,0001018724-22-000019,10-Q,2022-07-29,https://data.sec.gov/api/xbrl/companyfacts/CIK0001018724.json,hyperscaler
2021-07-01,2021-09-30,2021,Q3,2021Q3,AMZN,capex,15748000000.0,USD,PaymentsToAcquireProductiveAssets,reported,0001018724-22-000023,10-Q,2022-10-28,https://data.sec.gov/api/xbrl/companyfacts/CIK0001018724.json,hyperscaler
2021-10-01,2021-12-31,2021,Q4,2021Q4,AMZN,capex,18935000000.0,USD,PaymentsToAcquireProductiveAssets,ytd_diff,0001018724-24-000008,10-K,2024-02-02,https://data.sec.gov/api/xbrl/companyfacts/CIK0001018724.json,hyperscaler
2022-01-01,2022-03-31,2022,Q1,2022Q1,AMZN,capex,14951000000.0,USD,PaymentsToAcquireProductiveAssets,reported,0001018724-23-000008,10-Q,2023-04-28,https://data.sec.gov/api/xbrl/companyfacts/CIK0001018724.json,hyperscaler
2022-04-01,2022-06-30,2022,Q2,2022Q2,AMZN,capex,15724000000.0,USD,PaymentsToAcquireProductiveAssets,reported,0001018724-23-000012,10-Q,2023-08-04,https://data.sec.gov/api/xbrl/companyfacts/CIK0001018724.json,hyperscaler
2022-07-01,2022-09-30,2022,Q3,2022Q3,AMZN,capex,16378000000.0,USD,PaymentsToAcquireProductiveAssets,reported,0001018724-23-000018,10-Q,2023-10-27,https://data.sec.gov/api/xbrl/companyfacts/CIK0001018724.json,hyperscaler
2022-10-01,2022-12-31,2022,Q4,2022Q4,AMZN,capex,16592000000.0,USD,PaymentsToAcquireProductiveAssets,ytd_diff,0001018724-25-000004,10-K,2025-02-07,https://data.sec.gov/api/xbrl/companyfacts/CIK0001018724.json,hyperscaler
2023-01-01,2023-03-31,2023,Q1,2023Q1,AMZN,capex,14207000000.0,USD,PaymentsToAcquireProductiveAssets,reported,0001018724-24-000083,10-Q,2024-05-01,https://data.sec.gov/api/xbrl/companyfacts/CIK0001018724.json,hyperscaler
2023-04-01,2023-06-30,2023,Q2,2023Q2,AMZN,capex,11455000000.0,USD,PaymentsToAcquireProductiveAssets,reported,0001018724-24-000130,10-Q,2024-08-02,https://data.sec.gov/api/xbrl/companyfacts/CIK0001018724.json,hyperscaler
2023-07-01,2023-09-30,2023,Q3,2023Q3,AMZN,capex,12479000000.0,USD,PaymentsToAcquireProductiveAssets,reported,0001018724-24-000161,10-Q,2024-11-01,https://data.sec.gov/api/xbrl/companyfacts/CIK0001018724.json,hyperscaler
2023-10-01,2023-12-31,2023,Q4,2023Q4,AMZN,capex,14588000000.0,USD,PaymentsToAcquireProductiveAssets,ytd_diff,0001018724-26-000004,10-K,2026-02-06,https://data.sec.gov/api/xbrl/companyfacts/CIK0001018724.json,hyperscaler
2024-01-01,2024-03-31,2024,Q1,2024Q1,AMZN,capex,14925000000.0,USD,PaymentsToAcquireProductiveAssets,reported,0001018724-25-000036,10-Q,2025-05-02,https://data.sec.gov/api/xbrl/companyfacts/CIK0001018724.json,hyperscaler
2024-04-01,2024-06-30,2024,Q2,2024Q2,AMZN,capex,17620000000.0,USD,PaymentsToAcquireProductiveAssets,reported,0001018724-25-000086,10-Q,2025-08-01,https://data.sec.gov/api/xbrl/companyfacts/CIK0001018724.json,hyperscaler
2024-07-01,2024-09-30,2024,Q3,2024Q3,AMZN,capex,22620000000.0,USD,PaymentsToAcquireProductiveAssets,reported,0001018724-25-000123,10-Q,2025-10-31,https://data.sec.gov/api/xbrl/companyfacts/CIK0001018724.json,hyperscaler
2024-10-01,2024-12-31,2024,Q4,2024Q4,AMZN,capex,27834000000.0,USD,PaymentsToAcquireProductiveAssets,ytd_diff,0001018724-26-000004,10-K,2026-02-06,https://data.sec.gov/api/xbrl/companyfacts/CIK0001018724.json,hyperscaler
2025-01-01,2025-03-31,2025,Q1,2025Q1,AMZN,capex,25019000000.0,USD,PaymentsToAcquireProductiveAssets,reported,0001018724-26-000014,10-Q,2026-04-30,https://data.sec.gov/api/xbrl/companyfacts/CIK0001018724.json,hyperscaler
2025-04-01,2025-06-30,2025,Q2,2025Q2,AMZN,capex,32183000000.0,USD,PaymentsToAcquireProductiveAssets,reported,0001018724-26-000026,10-Q,2026-07-31,https://data.sec.gov/api/xbrl/companyfacts/CIK0001018724.json,hyperscaler
2025-07-01,2025-09-30,2025,Q3,2025Q3,AMZN,capex,35095000000.0,USD,PaymentsToAcquireProductiveAssets,reported,0001018724-25-000123,10-Q,2025-10-31,https://data.sec.gov/api/xbrl/companyfacts/CIK0001018724.json,hyperscaler
2025-10-01,2025-12-31,2025,Q4,2025Q4,AMZN,capex,39522000000.0,USD,PaymentsToAcquireProductiveAssets,ytd_diff,0001018724-26-000004,10-K,2026-02-06,https://data.sec.gov/api/xbrl/companyfacts/CIK0001018724.json,hyperscaler
2026-01-01,2026-03-31,2026,Q1,2026Q1,AMZN,capex,44203000000.0,USD,PaymentsToAcquireProductiveAssets,reported,0001018724-26-000014,10-Q,2026-04-30,https://data.sec.gov/api/xbrl/companyfacts/CIK0001018724.json,hyperscaler
2026-04-01,2026-06-30,2026,Q2,2026Q2,AMZN,capex,54208000000.0,USD,PaymentsToAcquireProductiveAssets,reported,0001018724-26-000026,10-Q,2026-07-31,https://data.sec.gov/api/xbrl/companyfacts/CIK0001018724.json,hyperscaler
2014-01-01,2014-03-31,2014,Q1,2014Q1,AMZN,cost_of_revenue,14055000000.0,USD,CostOfGoodsAndServicesSold,reported,0001018724-15-000038,10-Q,2015-04-24,https://data.sec.gov/api/xbrl/companyfacts/CIK0001018724.json,hyperscaler
2014-04-01,2014-06-30,2014,Q2,2014Q2,AMZN,cost_of_revenue,13399000000.0,USD,CostOfGoodsAndServicesSold,reported,0001018724-15-000087,10-Q,2015-07-24,https://data.sec.gov/api/xbrl/companyfacts/CIK0001018724.json,hyperscaler
2014-07-01,2014-09-30,2014,Q3,2014Q3,AMZN,cost_of_revenue,14627000000.0,USD,CostOfGoodsAndServicesSold,reported,0001018724-15-000126,10-Q,2015-10-23,https://data.sec.gov/api/xbrl/companyfacts/CIK0001018724.json,hyperscaler
2014-10-01,2014-12-31,2014,Q4,2014Q4,AMZN,cost_of_revenue,20672000000.0,USD,CostOfGoodsAndServicesSold,ytd_diff,0001018724-17-000011,10-K,2017-02-10,https://data.sec.gov/api/xbrl/companyfacts/CIK0001018724.json,hyperscaler
2015-01-01,2015-03-31,2015,Q1,2015Q1,AMZN,cost_of_revenue,15395000000.0,USD,CostOfGoodsAndServicesSold,reported,0001018724-16-000227,10-Q,2016-04-29,https://data.sec.gov/api/xbrl/companyfacts/CIK0001018724.json,hyperscaler
2015-04-01,2015-06-30,2015,Q2,2015Q2,AMZN,cost_of_revenue,15160000000.0,USD,CostOfGoodsAndServicesSold,reported,0001018724-16-000286,10-Q,2016-07-29,https://data.sec.gov/api/xbrl/companyfacts/CIK0001018724.json,hyperscaler
2015-07-01,2015-09-30,2015,Q3,2015Q3,AMZN,cost_of_revenue,16755000000.0,USD,CostOfGoodsAndServicesSold,reported,0001018724-16-000324,10-Q,2016-10-28,https://data.sec.gov/api/xbrl/companyfacts/CIK0001018724.json,hyperscaler
2015-10-01,2015-12-31,2015,Q4,2015Q4,AMZN,cost_of_revenue,24341000000.0,USD,CostOfGoodsAndServicesSold,ytd_diff,0001018724-18-000005,10-K,2018-02-02,https://data.sec.gov/api/xbrl/companyfacts/CIK0001018724.json,hyperscaler
2016-01-01,2016-03-31,2016,Q1,2016Q1,AMZN,cost_of_revenue,18866000000.0,USD,CostOfGoodsAndServicesSold,reported,0001018724-17-000051,10-Q,2017-04-28,https://data.sec.gov/api/xbrl/companyfacts/CIK0001018724.json,hyperscaler
2016-04-01,2016-06-30,2016,Q2,2016Q2,AMZN,cost_of_revenue,19180000000.0,USD,CostOfGoodsAndServicesSold,reported,0001018724-17-000100,10-Q,2017-07-28,https://data.sec.gov/api/xbrl/companyfacts/CIK0001018724.json,hyperscaler
2016-07-01,2016-09-30,2016,Q3,2016Q3,AMZN,cost_of_revenue,21260000000.0,USD,CostOfGoodsAndServicesSold,reported,0001018724-17-000135,10-Q,2017-10-27,https://data.sec.gov/api/xbrl/companyfacts/CIK0001018724.json,hyperscaler
2016-10-01,2016-12-31,2016,Q4,2016Q4,AMZN,cost_of_revenue,28959000000.0,USD,CostOfGoodsAndServicesSold,ytd_diff,0001018724-19-000004,10-K,2019-02-01,https://data.sec.gov/api/xbrl/companyfacts/CIK0001018724.json,hyperscaler
2017-01-01,2017-03-31,2017,Q1,2017Q1,AMZN,cost_of_revenue,22440000000.0,USD,CostOfGoodsAndServicesSold,reported,0001018724-18-000072,10-Q,2018-04-27,https://data.sec.gov/api/xbrl/companyfacts/CIK0001018724.json,hyperscaler
2017-04-01,2017-06-30,2017,Q2,2017Q2,AMZN,cost_of_revenue,23451000000.0,USD,CostOfGoodsAndServicesSold,reported,0001018724-18-000108,10-Q,2018-07-27,https://data.sec.gov/api/xbrl/companyfacts/CIK0001018724.json,hyperscaler
2017-07-01,2017-09-30,2017,Q3,2017Q3,AMZN,cost_of_revenue,27549000000.0,USD,CostOfGoodsAndServicesSold,reported,0001018724-18-000159,10-Q,2018-10-26,https://data.sec.gov/api/xbrl/companyfacts/CIK0001018724.json,hyperscaler
2017-10-01,2017-12-31,2017,Q4,2017Q4,AMZN,cost_of_revenue,38495000000.0,USD,CostOfGoodsAndServicesSold,ytd_diff,0001018724-20-000004,10-K,2020-01-31,https://data.sec.gov/api/xbrl/companyfacts/CIK0001018724.json,hyperscaler
2018-01-01,2018-03-31,2018,Q1,2018Q1,AMZN,cost_of_revenue,30735000000.0,USD,CostOfGoodsAndServicesSold,reported,0001018724-19-000043,10-Q,2019-04-26,https://data.sec.gov/api/xbrl/companyfacts/CIK0001018724.json,hyperscaler
2018-04-01,2018-06-30,2018,Q2,2018Q2,AMZN,cost_of_revenue,30632000000.0,USD,CostOfGoodsAndServicesSold,reported,0001018724-19-000071,10-Q,2019-07-26,https://data.sec.gov/api/xbrl/companyfacts/CIK0001018724.json,hyperscaler
2018-07-01,2018-09-30,2018,Q3,2018Q3,AMZN,cost_of_revenue,33003000000.0,USD,CostOfGoodsAndServicesSold,reported,0001018724-19-000089,10-Q,2019-10-25,https://data.sec.gov/api/xbrl/companyfacts/CIK0001018724.json,hyperscaler
2018-10-01,2018-12-31,2018,Q4,2018Q4,AMZN,cost_of_revenue,44786000000.0,USD,CostOfGoodsAndServicesSold,ytd_diff,0001018724-21-000004,10-K,2021-02-03,https://data.sec.gov/api/xbrl/companyfacts/CIK0001018724.json,hyperscaler
2019-01-01,2019-03-31,2019,Q1,2019Q1,AMZN,cost_of_revenue,33920000000.0,USD,CostOfGoodsAndServicesSold,reported,0001018724-20-000010,10-Q,2020-05-01,https://data.sec.gov/api/xbrl/companyfacts/CIK0001018724.json,hyperscaler
2019-04-01,2019-06-30,2019,Q2,2019Q2,AMZN,cost_of_revenue,36337000000.0,USD,CostOfGoodsAndServicesSold,reported,0001018724-20-000021,10-Q,2020-07-31,https://data.sec.gov/api/xbrl/companyfacts/CIK0001018724.json,hyperscaler
2019-07-01,2019-09-30,2019,Q3,2019Q3,AMZN,cost_of_revenue,41302000000.0,USD,CostOfGoodsAndServicesSold,reported,0001018724-20-000030,10-Q,2020-10-30,https://data.sec.gov/api/xbrl/companyfacts/CIK0001018724.json,hyperscaler
2019-10-01,2019-12-31,2019,Q4,2019Q4,AMZN,cost_of_revenue,53977000000.0,USD,CostOfGoodsAndServicesSold,ytd_diff,0001018724-22-000005,10-K,2022-02-04,https://data.sec.gov/api/xbrl/companyfacts/CIK0001018724.json,hyperscaler
2020-01-01,2020-03-31,2020,Q1,2020Q1,AMZN,cost_of_revenue,44257000000.0,USD,CostOfGoodsAndServicesSold,reported,0001018724-21-000010,10-Q,2021-04-30,https://data.sec.gov/api/xbrl/companyfacts/CIK0001018724.json,hyperscaler
2020-04-01,2020-06-30,2020,Q2,2020Q2,AMZN,cost_of_revenue,52660000000.0,USD,CostOfGoodsAndServicesSold,reported,0001018724-21-000020,10-Q,2021-07-30,https://data.sec.gov/api/xbrl/companyfacts/CIK0001018724.json,hyperscaler
2020-07-01,2020-09-30,2020,Q3,2020Q3,AMZN,cost_of_revenue,57106000000.0,USD,CostOfGoodsAndServicesSold,reported,0001018724-21-000028,10-Q,2021-10-29,https://data.sec.gov/api/xbrl/companyfacts/CIK0001018724.json,hyperscaler
2020-10-01,2020-12-31,2020,Q4,2020Q4,AMZN,cost_of_revenue,79284000000.0,USD,CostOfGoodsAndServicesSold,ytd_diff,0001018724-23-000004,10-K,2023-02-03,https://data.sec.gov/api/xbrl/companyfacts/CIK0001018724.json,hyperscaler
2021-01-01,2021-03-31,2021,Q1,2021Q1,AMZN,cost_of_revenue,62403000000.0,USD,CostOfGoodsAndServicesSold,reported,0001018724-22-000013,10-Q,2022-04-29,https://data.sec.gov/api/xbrl/companyfacts/CIK0001018724.json,hyperscaler
2021-04-01,2021-06-30,2021,Q2,2021Q2,AMZN,cost_of_revenue,64176000000.0,USD,CostOfGoodsAndServicesSold,reported,0001018724-22-000019,10-Q,2022-07-29,https://data.sec.gov/api/xbrl/companyfacts/CIK0001018724.json,hyperscaler
2021-07-01,2021-09-30,2021,Q3,2021Q3,AMZN,cost_of_revenue,62930000000.0,USD,CostOfGoodsAndServicesSold,reported,0001018724-22-000023,10-Q,2022-10-28,https://data.sec.gov/api/xbrl/companyfacts/CIK0001018724.json,hyperscaler
2021-10-01,2021-12-31,2021,Q4,2021Q4,AMZN,cost_of_revenue,82835000000.0,USD,CostOfGoodsAndServicesSold,ytd_diff,0001018724-24-000008,10-K,2024-02-02,https://data.sec.gov/api/xbrl/companyfacts/CIK0001018724.json,hyperscaler
2022-01-01,2022-03-31,2022,Q1,2022Q1,AMZN,cost_of_revenue,66499000000.0,USD,CostOfGoodsAndServicesSold,reported,0001018724-23-000008,10-Q,2023-04-28,https://data.sec.gov/api/xbrl/companyfacts/CIK0001018724.json,hyperscaler
2022-04-01,2022-06-30,2022,Q2,2022Q2,AMZN,cost_of_revenue,66424000000.0,USD,CostOfGoodsAndServicesSold,reported,0001018724-23-000012,10-Q,2023-08-04,https://data.sec.gov/api/xbrl/companyfacts/CIK0001018724.json,hyperscaler
2022-07-01,2022-09-30,2022,Q3,2022Q3,AMZN,cost_of_revenue,70268000000.0,USD,CostOfGoodsAndServicesSold,reported,0001018724-23-000018,10-Q,2023-10-27,https://data.sec.gov/api/xbrl/companyfacts/CIK0001018724.json,hyperscaler
2022-10-01,2022-12-31,2022,Q4,2022Q4,AMZN,cost_of_revenue,85640000000.0,USD,CostOfGoodsAndServicesSold,ytd_diff,0001018724-25-000004,10-K,2025-02-07,https://data.sec.gov/api/xbrl/companyfacts/CIK0001018724.json,hyperscaler
2023-01-01,2023-03-31,2023,Q1,2023Q1,AMZN,cost_of_revenue,67791000000.0,USD,CostOfGoodsAndServicesSold,reported,0001018724-24-000083,10-Q,2024-05-01,https://data.sec.gov/api/xbrl/companyfacts/CIK0001018724.json,hyperscaler
2023-04-01,2023-06-30,2023,Q2,2023Q2,AMZN,cost_of_revenue,69373000000.0,USD,CostOfGoodsAndServicesSold,reported,0001018724-24-000130,10-Q,2024-08-02,https://data.sec.gov/api/xbrl/companyfacts/CIK0001018724.json,hyperscaler
2023-07-01,2023-09-30,2023,Q3,2023Q3,AMZN,cost_of_revenue,75022000000.0,USD,CostOfGoodsAndServicesSold,reported,0001018724-24-000161,10-Q,2024-11-01,https://data.sec.gov/api/xbrl/companyfacts/CIK0001018724.json,hyperscaler
2023-10-01,2023-12-31,2023,Q4,2023Q4,AMZN,cost_of_revenue,92553000000.0,USD,CostOfGoodsAndServicesSold,ytd_diff,0001018724-26-000004,10-K,2026-02-06,https://data.sec.gov/api/xbrl/companyfacts/CIK0001018724.json,hyperscaler
2024-01-01,2024-03-31,2024,Q1,2024Q1,AMZN,cost_of_revenue,72633000000.0,USD,CostOfGoodsAndServicesSold,reported,0001018724-25-000036,10-Q,2025-05-02,https://data.sec.gov/api/xbrl/companyfacts/CIK0001018724.json,hyperscaler
2024-04-01,2024-06-30,2024,Q2,2024Q2,AMZN,cost_of_revenue,73785000000.0,USD,CostOfGoodsAndServicesSold,reported,0001018724-25-000086,10-Q,2025-08-01,https://data.sec.gov/api/xbrl/companyfacts/CIK0001018724.json,hyperscaler
2024-07-01,2024-09-30,2024,Q3,2024Q3,AMZN,cost_of_revenue,80977000000.0,USD,CostOfGoodsAndServicesSold,reported,0001018724-25-000123,10-Q,2025-10-31,https://data.sec.gov/api/xbrl/companyfacts/CIK0001018724.json,hyperscaler
2024-10-01,2024-12-31,2024,Q4,2024Q4,AMZN,cost_of_revenue,98893000000.0,USD,CostOfGoodsAndServicesSold,ytd_diff,0001018724-26-000004,10-K,2026-02-06,https://data.sec.gov/api/xbrl/companyfacts/CIK0001018724.json,hyperscaler
2025-01-01,2025-03-31,2025,Q1,2025Q1,AMZN,cost_of_revenue,76976000000.0,USD,CostOfGoodsAndServicesSold,reported,0001018724-26-000014,10-Q,2026-04-30,https://data.sec.gov/api/xbrl/companyfacts/CIK0001018724.json,hyperscaler
2025-04-01,2025-06-30,2025,Q2,2025Q2,AMZN,cost_of_revenue,80809000000.0,USD,CostOfGoodsAndServicesSold,reported,0001018724-26-000026,10-Q,2026-07-31,https://data.sec.gov/api/xbrl/companyfacts/CIK0001018724.json,hyperscaler
2025-07-01,2025-09-30,2025,Q3,2025Q3,AMZN,cost_of_revenue,88670000000.0,USD,CostOfGoodsAndServicesSold,reported,0001018724-25-000123,10-Q,2025-10-31,https://data.sec.gov/api/xbrl/companyfacts/CIK0001018724.json,hyperscaler
2025-10-01,2025-12-31,2025,Q4,2025Q4,AMZN,cost_of_revenue,109959000000.0,USD,CostOfGoodsAndServicesSold,ytd_diff,0001018724-26-000004,10-K,2026-02-06,https://data.sec.gov/api/xbrl/companyfacts/CIK0001018724.json,hyperscaler
2026-01-01,2026-03-31,2026,Q1,2026Q1,AMZN,cost_of_revenue,87463000000.0,USD,CostOfGoodsAndServicesSold,reported,0001018724-26-000014,10-Q,2026-04-30,https://data.sec.gov/api/xbrl/companyfacts/CIK0001018724.json,hyperscaler
2026-04-01,2026-06-30,2026,Q2,2026Q2,AMZN,cost_of_revenue,95778000000.0,USD,CostOfGoodsAndServicesSold,reported,0001018724-26-000026,10-Q,2026-07-31,https://data.sec.gov/api/xbrl/companyfacts/CIK0001018724.json,hyperscaler
2014-01-01,2014-03-31,2014,Q1,2014Q1,AMZN,gross_margin_pct,28.8,pct,,(revenue-cost_of_revenue)/revenue,,,,derived from rows above,hyperscaler
2014-04-01,2014-06-30,2014,Q2,2014Q2,AMZN,gross_margin_pct,30.72,pct,,(revenue-cost_of_revenue)/revenue,,,,derived from rows above,hyperscaler
2014-07-01,2014-09-30,2014,Q3,2014Q3,AMZN,gross_margin_pct,28.92,pct,,(revenue-cost_of_revenue)/revenue,,,,derived from rows above,hyperscaler
2014-10-01,2014-12-31,2014,Q4,2014Q4,AMZN,gross_margin_pct,29.51,pct,,(revenue-cost_of_revenue)/revenue,,,,derived from rows above,hyperscaler
2015-01-01,2015-03-31,2015,Q1,2015Q1,AMZN,gross_margin_pct,32.23,pct,,(revenue-cost_of_revenue)/revenue,,,,derived from rows above,hyperscaler
2015-04-01,2015-06-30,2015,Q2,2015Q2,AMZN,gross_margin_pct,34.61,pct,,(revenue-cost_of_revenue)/revenue,,,,derived from rows above,hyperscaler
2015-07-01,2015-09-30,2015,Q3,2015Q3,AMZN,gross_margin_pct,33.93,pct,,(revenue-cost_of_revenue)/revenue,,,,derived from rows above,hyperscaler
2015-10-01,2015-12-31,2015,Q4,2015Q4,AMZN,gross_margin_pct,31.91,pct,,(revenue-cost_of_revenue)/revenue,,,,derived from rows above,hyperscaler
2016-01-01,2016-03-31,2016,Q1,2016Q1,AMZN,gross_margin_pct,35.23,pct,,(revenue-cost_of_revenue)/revenue,,,,derived from rows above,hyperscaler
2016-04-01,2016-06-30,2016,Q2,2016Q2,AMZN,gross_margin_pct,36.92,pct,,(revenue-cost_of_revenue)/revenue,,,,derived from rows above,hyperscaler
2016-07-01,2016-09-30,2016,Q3,2016Q3,AMZN,gross_margin_pct,35.01,pct,,(revenue-cost_of_revenue)/revenue,,,,derived from rows above,hyperscaler
2016-10-01,2016-12-31,2016,Q4,2016Q4,AMZN,gross_margin_pct,33.79,pct,,(revenue-cost_of_revenue)/revenue,,,,derived from rows above,hyperscaler
2017-01-01,2017-03-31,2017,Q1,2017Q1,AMZN,gross_margin_pct,37.17,pct,,(revenue-cost_of_revenue)/revenue,,,,derived from rows above,hyperscaler
2017-04-01,2017-06-30,2017,Q2,2017Q2,AMZN,gross_margin_pct,38.21,pct,,(revenue-cost_of_revenue)/revenue,,,,derived from rows above,hyperscaler
2017-07-01,2017-09-30,2017,Q3,2017Q3,AMZN,gross_margin_pct,37.02,pct,,(revenue-cost_of_revenue)/revenue,,,,derived from rows above,hyperscaler
2017-10-01,2017-12-31,2017,Q4,2017Q4,AMZN,gross_margin_pct,36.32,pct,,(revenue-cost_of_revenue)/revenue,,,,derived from rows above,hyperscaler
2018-01-01,2018-03-31,2018,Q1,2018Q1,AMZN,gross_margin_pct,39.78,pct,,(revenue-cost_of_revenue)/revenue,,,,derived from rows above,hyperscaler
2018-04-01,2018-06-30,2018,Q2,2018Q2,AMZN,gross_margin_pct,42.08,pct,,(revenue-cost_of_revenue)/revenue,,,,derived from rows above,hyperscaler
2018-07-01,2018-09-30,2018,Q3,2018Q3,AMZN,gross_margin_pct,41.67,pct,,(revenue-cost_of_revenue)/revenue,,,,derived from rows above,hyperscaler
2018-10-01,2018-12-31,2018,Q4,2018Q4,AMZN,gross_margin_pct,38.13,pct,,(revenue-cost_of_revenue)/revenue,,,,derived from rows above,hyperscaler
2019-01-01,2019-03-31,2019,Q1,2019Q1,AMZN,gross_margin_pct,43.18,pct,,(revenue-cost_of_revenue)/revenue,,,,derived from rows above,hyperscaler
2019-04-01,2019-06-30,2019,Q2,2019Q2,AMZN,gross_margin_pct,42.69,pct,,(revenue-cost_of_revenue)/revenue,,,,derived from rows above,hyperscaler
2019-07-01,2019-09-30,2019,Q3,2019Q3,AMZN,gross_margin_pct,40.98,pct,,(revenue-cost_of_revenue)/revenue,,,,derived from rows above,hyperscaler
2019-10-01,2019-12-31,2019,Q4,2019Q4,AMZN,gross_margin_pct,38.27,pct,,(revenue-cost_of_revenue)/revenue,,,,derived from rows above,hyperscaler
2020-01-01,2020-03-31,2020,Q1,2020Q1,AMZN,gross_margin_pct,41.34,pct,,(revenue-cost_of_revenue)/revenue,,,,derived from rows above,hyperscaler
2020-04-01,2020-06-30,2020,Q2,2020Q2,AMZN,gross_margin_pct,40.77,pct,,(revenue-cost_of_revenue)/revenue,,,,derived from rows above,hyperscaler
2020-07-01,2020-09-30,2020,Q3,2020Q3,AMZN,gross_margin_pct,40.6,pct,,(revenue-cost_of_revenue)/revenue,,,,derived from rows above,hyperscaler
2020-10-01,2020-12-31,2020,Q4,2020Q4,AMZN,gross_margin_pct,36.85,pct,,(revenue-cost_of_revenue)/revenue,,,,derived from rows above,hyperscaler
2021-01-01,2021-03-31,2021,Q1,2021Q1,AMZN,gross_margin_pct,42.5,pct,,(revenue-cost_of_revenue)/revenue,,,,derived from rows above,hyperscaler
2021-04-01,2021-06-30,2021,Q2,2021Q2,AMZN,gross_margin_pct,43.25,pct,,(revenue-cost_of_revenue)/revenue,,,,derived from rows above,hyperscaler
2021-07-01,2021-09-30,2021,Q3,2021Q3,AMZN,gross_margin_pct,43.21,pct,,(revenue-cost_of_revenue)/revenue,,,,derived from rows above,hyperscaler
2021-10-01,2021-12-31,2021,Q4,2021Q4,AMZN,gross_margin_pct,39.72,pct,,(revenue-cost_of_revenue)/revenue,,,,derived from rows above,hyperscaler
2022-01-01,2022-03-31,2022,Q1,2022Q1,AMZN,gross_margin_pct,42.89,pct,,(revenue-cost_of_revenue)/revenue,,,,derived from rows above,hyperscaler
2022-04-01,2022-06-30,2022,Q2,2022Q2,AMZN,gross_margin_pct,45.21,pct,,(revenue-cost_of_revenue)/revenue,,,,derived from rows above,hyperscaler
2022-07-01,2022-09-30,2022,Q3,2022Q3,AMZN,gross_margin_pct,44.71,pct,,(revenue-cost_of_revenue)/revenue,,,,derived from rows above,hyperscaler
2022-10-01,2022-12-31,2022,Q4,2022Q4,AMZN,gross_margin_pct,42.6,pct,,(revenue-cost_of_revenue)/revenue,,,,derived from rows above,hyperscaler
2023-01-01,2023-03-31,2023,Q1,2023Q1,AMZN,gross_margin_pct,46.77,pct,,(revenue-cost_of_revenue)/revenue,,,,derived from rows above,hyperscaler
2023-04-01,2023-06-30,2023,Q2,2023Q2,AMZN,gross_margin_pct,48.38,pct,,(revenue-cost_of_revenue)/revenue,,,,derived from rows above,hyperscaler
2023-07-01,2023-09-30,2023,Q3,2023Q3,AMZN,gross_margin_pct,47.57,pct,,(revenue-cost_of_revenue)/revenue,,,,derived from rows above,hyperscaler
2023-10-01,2023-12-31,2023,Q4,2023Q4,AMZN,gross_margin_pct,45.54,pct,,(revenue-cost_of_revenue)/revenue,,,,derived from rows above,hyperscaler
2024-01-01,2024-03-31,2024,Q1,2024Q1,AMZN,gross_margin_pct,49.32,pct,,(revenue-cost_of_revenue)/revenue,,,,derived from rows above,hyperscaler
2024-04-01,2024-06-30,2024,Q2,2024Q2,AMZN,gross_margin_pct,50.14,pct,,(revenue-cost_of_revenue)/revenue,,,,derived from rows above,hyperscaler
2024-07-01,2024-09-30,2024,Q3,2024Q3,AMZN,gross_margin_pct,49.03,pct,,(revenue-cost_of_revenue)/revenue,,,,derived from rows above,hyperscaler
2024-10-01,2024-12-31,2024,Q4,2024Q4,AMZN,gross_margin_pct,47.34,pct,,(revenue-cost_of_revenue)/revenue,,,,derived from rows above,hyperscaler
2025-01-01,2025-03-31,2025,Q1,2025Q1,AMZN,gross_margin_pct,50.55,pct,,(revenue-cost_of_revenue)/revenue,,,,derived from rows above,hyperscaler
2025-04-01,2025-06-30,2025,Q2,2025Q2,AMZN,gross_margin_pct,51.81,pct,,(revenue-cost_of_revenue)/revenue,,,,derived from rows above,hyperscaler
2025-07-01,2025-09-30,2025,Q3,2025Q3,AMZN,gross_margin_pct,50.79,pct,,(revenue-cost_of_revenue)/revenue,,,,derived from rows above,hyperscaler
2025-10-01,2025-12-31,2025,Q4,2025Q4,AMZN,gross_margin_pct,48.47,pct,,(revenue-cost_of_revenue)/revenue,,,,derived from rows above,hyperscaler
2026-01-01,2026-03-31,2026,Q1,2026Q1,AMZN,gross_margin_pct,51.82,pct,,(revenue-cost_of_revenue)/revenue,,,,derived from rows above,hyperscaler
2026-04-01,2026-06-30,2026,Q2,2026Q2,AMZN,gross_margin_pct,52.26,pct,,(revenue-cost_of_revenue)/revenue,,,,derived from rows above,hyperscaler
2014-01-01,2014-03-31,2014,Q1,2014Q1,AMZN,inventory,6716000000.0,USD,InventoryNet,reported,0001018724-14-000014,10-Q,2014-04-25,https://data.sec.gov/api/xbrl/companyfacts/CIK0001018724.json,hyperscaler
2014-04-01,2014-06-30,2014,Q2,2014Q2,AMZN,inventory,6644000000.0,USD,InventoryNet,reported,0001018724-14-000025,10-Q,2014-07-25,https://data.sec.gov/api/xbrl/companyfacts/CIK0001018724.json,hyperscaler
2014-07-01,2014-09-30,2014,Q3,2014Q3,AMZN,inventory,7316000000.0,USD,InventoryNet,reported,0001018724-14-000055,10-Q,2014-10-24,https://data.sec.gov/api/xbrl/companyfacts/CIK0001018724.json,hyperscaler
2014-10-01,2014-12-31,2014,Q4,2014Q4,AMZN,inventory,8299000000.0,USD,InventoryNet,reported,0001018724-16-000172,10-K,2016-01-29,https://data.sec.gov/api/xbrl/companyfacts/CIK0001018724.json,hyperscaler
2015-01-01,2015-03-31,2015,Q1,2015Q1,AMZN,inventory,7369000000.0,USD,InventoryNet,reported,0001018724-15-000038,10-Q,2015-04-24,https://data.sec.gov/api/xbrl/companyfacts/CIK0001018724.json,hyperscaler
2015-04-01,2015-06-30,2015,Q2,2015Q2,AMZN,inventory,7470000000.0,USD,InventoryNet,reported,0001018724-15-000087,10-Q,2015-07-24,https://data.sec.gov/api/xbrl/companyfacts/CIK0001018724.json,hyperscaler
2015-07-01,2015-09-30,2015,Q3,2015Q3,AMZN,inventory,8981000000.0,USD,InventoryNet,reported,0001018724-15-000126,10-Q,2015-10-23,https://data.sec.gov/api/xbrl/companyfacts/CIK0001018724.json,hyperscaler
2015-10-01,2015-12-31,2015,Q4,2015Q4,AMZN,inventory,10243000000.0,USD,InventoryNet,reported,0001018724-17-000011,10-K,2017-02-10,https://data.sec.gov/api/xbrl/companyfacts/CIK0001018724.json,hyperscaler
2016-01-01,2016-03-31,2016,Q1,2016Q1,AMZN,inventory,9582000000.0,USD,InventoryNet,reported,0001018724-16-000227,10-Q,2016-04-29,https://data.sec.gov/api/xbrl/companyfacts/CIK0001018724.json,hyperscaler
2016-04-01,2016-06-30,2016,Q2,2016Q2,AMZN,inventory,9588000000.0,USD,InventoryNet,reported,0001018724-16-000286,10-Q,2016-07-29,https://data.sec.gov/api/xbrl/companyfacts/CIK0001018724.json,hyperscaler
2016-07-01,2016-09-30,2016,Q3,2016Q3,AMZN,inventory,10696000000.0,USD,InventoryNet,reported,0001018724-16-000324,10-Q,2016-10-28,https://data.sec.gov/api/xbrl/companyfacts/CIK0001018724.json,hyperscaler
2016-10-01,2016-12-31,2016,Q4,2016Q4,AMZN,inventory,11461000000.0,USD,InventoryNet,reported,0001018724-18-000005,10-K,2018-02-02,https://data.sec.gov/api/xbrl/companyfacts/CIK0001018724.json,hyperscaler
2017-01-01,2017-03-31,2017,Q1,2017Q1,AMZN,inventory,10600000000.0,USD,InventoryNet,reported,0001018724-17-000051,10-Q,2017-04-28,https://data.sec.gov/api/xbrl/companyfacts/CIK0001018724.json,hyperscaler
2017-04-01,2017-06-30,2017,Q2,2017Q2,AMZN,inventory,11510000000.0,USD,InventoryNet,reported,0001018724-17-000100,10-Q,2017-07-28,https://data.sec.gov/api/xbrl/companyfacts/CIK0001018724.json,hyperscaler
2017-07-01,2017-09-30,2017,Q3,2017Q3,AMZN,inventory,13711000000.0,USD,InventoryNet,reported,0001018724-17-000135,10-Q,2017-10-27,https://data.sec.gov/api/xbrl/companyfacts/CIK0001018724.json,hyperscaler
2017-10-01,2017-12-31,2017,Q4,2017Q4,AMZN,inventory,16047000000.0,USD,InventoryNet,reported,0001018724-19-000004,10-K,2019-02-01,https://data.sec.gov/api/xbrl/companyfacts/CIK0001018724.json,hyperscaler
2018-01-01,2018-03-31,2018,Q1,2018Q1,AMZN,inventory,13840000000.0,USD,InventoryNet,reported,0001018724-18-000072,10-Q,2018-04-27,https://data.sec.gov/api/xbrl/companyfacts/CIK0001018724.json,hyperscaler
2018-04-01,2018-06-30,2018,Q2,2018Q2,AMZN,inventory,14824000000.0,USD,InventoryNet,reported,0001018724-18-000108,10-Q,2018-07-27,https://data.sec.gov/api/xbrl/companyfacts/CIK0001018724.json,hyperscaler
2018-07-01,2018-09-30,2018,Q3,2018Q3,AMZN,inventory,15862000000.0,USD,InventoryNet,reported,0001018724-18-000159,10-Q,2018-10-26,https://data.sec.gov/api/xbrl/companyfacts/CIK0001018724.json,hyperscaler
2018-10-01,2018-12-31,2018,Q4,2018Q4,AMZN,inventory,17174000000.0,USD,InventoryNet,reported,0001018724-20-000004,10-K,2020-01-31,https://data.sec.gov/api/xbrl/companyfacts/CIK0001018724.json,hyperscaler
2019-01-01,2019-03-31,2019,Q1,2019Q1,AMZN,inventory,16432000000.0,USD,InventoryNet,reported,0001018724-19-000043,10-Q,2019-04-26,https://data.sec.gov/api/xbrl/companyfacts/CIK0001018724.json,hyperscaler
2019-04-01,2019-06-30,2019,Q2,2019Q2,AMZN,inventory,18580000000.0,USD,InventoryNet,reported,0001018724-19-000071,10-Q,2019-07-26,https://data.sec.gov/api/xbrl/companyfacts/CIK0001018724.json,hyperscaler
2019-07-01,2019-09-30,2019,Q3,2019Q3,AMZN,inventory,18766000000.0,USD,InventoryNet,reported,0001018724-19-000089,10-Q,2019-10-25,https://data.sec.gov/api/xbrl/companyfacts/CIK0001018724.json,hyperscaler
2019-10-01,2019-12-31,2019,Q4,2019Q4,AMZN,inventory,20497000000.0,USD,InventoryNet,reported,0001018724-21-000004,10-K,2021-02-03,https://data.sec.gov/api/xbrl/companyfacts/CIK0001018724.json,hyperscaler
2020-01-01,2020-03-31,2020,Q1,2020Q1,AMZN,inventory,18857000000.0,USD,InventoryNet,reported,0001018724-20-000010,10-Q,2020-05-01,https://data.sec.gov/api/xbrl/companyfacts/CIK0001018724.json,hyperscaler
2020-04-01,2020-06-30,2020,Q2,2020Q2,AMZN,inventory,19599000000.0,USD,InventoryNet,reported,0001018724-20-000021,10-Q,2020-07-31,https://data.sec.gov/api/xbrl/companyfacts/CIK0001018724.json,hyperscaler
2020-07-01,2020-09-30,2020,Q3,2020Q3,AMZN,inventory,23735000000.0,USD,InventoryNet,reported,0001018724-20-000030,10-Q,2020-10-30,https://data.sec.gov/api/xbrl/companyfacts/CIK0001018724.json,hyperscaler
2020-10-01,2020-12-31,2020,Q4,2020Q4,AMZN,inventory,23795000000.0,USD,InventoryNet,reported,0001018724-22-000005,10-K,2022-02-04,https://data.sec.gov/api/xbrl/companyfacts/CIK0001018724.json,hyperscaler
2021-01-01,2021-03-31,2021,Q1,2021Q1,AMZN,inventory,23849000000.0,USD,InventoryNet,reported,0001018724-21-000010,10-Q,2021-04-30,https://data.sec.gov/api/xbrl/companyfacts/CIK0001018724.json,hyperscaler
2021-04-01,2021-06-30,2021,Q2,2021Q2,AMZN,inventory,24119000000.0,USD,InventoryNet,reported,0001018724-21-000020,10-Q,2021-07-30,https://data.sec.gov/api/xbrl/companyfacts/CIK0001018724.json,hyperscaler
2021-07-01,2021-09-30,2021,Q3,2021Q3,AMZN,inventory,30933000000.0,USD,InventoryNet,reported,0001018724-21-000028,10-Q,2021-10-29,https://data.sec.gov/api/xbrl/companyfacts/CIK0001018724.json,hyperscaler
2021-10-01,2021-12-31,2021,Q4,2021Q4,AMZN,inventory,32640000000.0,USD,InventoryNet,reported,0001018724-23-000004,10-K,2023-02-03,https://data.sec.gov/api/xbrl/companyfacts/CIK0001018724.json,hyperscaler
2022-01-01,2022-03-31,2022,Q1,2022Q1,AMZN,inventory,34987000000.0,USD,InventoryNet,reported,0001018724-22-000013,10-Q,2022-04-29,https://data.sec.gov/api/xbrl/companyfacts/CIK0001018724.json,hyperscaler
2022-04-01,2022-06-30,2022,Q2,2022Q2,AMZN,inventory,38153000000.0,USD,InventoryNet,reported,0001018724-22-000019,10-Q,2022-07-29,https://data.sec.gov/api/xbrl/companyfacts/CIK0001018724.json,hyperscaler
2022-07-01,2022-09-30,2022,Q3,2022Q3,AMZN,inventory,36647000000.0,USD,InventoryNet,reported,0001018724-22-000023,10-Q,2022-10-28,https://data.sec.gov/api/xbrl/companyfacts/CIK0001018724.json,hyperscaler
2022-10-01,2022-12-31,2022,Q4,2022Q4,AMZN,inventory,34405000000.0,USD,InventoryNet,reported,0001018724-24-000008,10-K,2024-02-02,https://data.sec.gov/api/xbrl/companyfacts/CIK0001018724.json,hyperscaler
2023-01-01,2023-03-31,2023,Q1,2023Q1,AMZN,inventory,34170000000.0,USD,InventoryNet,reported,0001018724-23-000008,10-Q,2023-04-28,https://data.sec.gov/api/xbrl/companyfacts/CIK0001018724.json,hyperscaler
2023-04-01,2023-06-30,2023,Q2,2023Q2,AMZN,inventory,36587000000.0,USD,InventoryNet,reported,0001018724-23-000012,10-Q,2023-08-04,https://data.sec.gov/api/xbrl/companyfacts/CIK0001018724.json,hyperscaler
2023-07-01,2023-09-30,2023,Q3,2023Q3,AMZN,inventory,35406000000.0,USD,InventoryNet,reported,0001018724-23-000018,10-Q,2023-10-27,https://data.sec.gov/api/xbrl/companyfacts/CIK0001018724.json,hyperscaler
2023-10-01,2023-12-31,2023,Q4,2023Q4,AMZN,inventory,33318000000.0,USD,InventoryNet,reported,0001018724-25-000004,10-K,2025-02-07,https://data.sec.gov/api/xbrl/companyfacts/CIK0001018724.json,hyperscaler
2024-01-01,2024-03-31,2024,Q1,2024Q1,AMZN,inventory,31147000000.0,USD,InventoryNet,reported,0001018724-24-000083,10-Q,2024-05-01,https://data.sec.gov/api/xbrl/companyfacts/CIK0001018724.json,hyperscaler
2024-04-01,2024-06-30,2024,Q2,2024Q2,AMZN,inventory,34109000000.0,USD,InventoryNet,reported,0001018724-24-000130,10-Q,2024-08-02,https://data.sec.gov/api/xbrl/companyfacts/CIK0001018724.json,hyperscaler
2024-07-01,2024-09-30,2024,Q3,2024Q3,AMZN,inventory,36103000000.0,USD,InventoryNet,reported,0001018724-24-000161,10-Q,2024-11-01,https://data.sec.gov/api/xbrl/companyfacts/CIK0001018724.json,hyperscaler
2024-10-01,2024-12-31,2024,Q4,2024Q4,AMZN,inventory,34214000000.0,USD,InventoryNet,reported,0001018724-26-000004,10-K,2026-02-06,https://data.sec.gov/api/xbrl/companyfacts/CIK0001018724.json,hyperscaler
2025-01-01,2025-03-31,2025,Q1,2025Q1,AMZN,inventory,35864000000.0,USD,InventoryNet,reported,0001018724-25-000036,10-Q,2025-05-02,https://data.sec.gov/api/xbrl/companyfacts/CIK0001018724.json,hyperscaler
2025-04-01,2025-06-30,2025,Q2,2025Q2,AMZN,inventory,40825000000.0,USD,InventoryNet,reported,0001018724-25-000086,10-Q,2025-08-01,https://data.sec.gov/api/xbrl/companyfacts/CIK0001018724.json,hyperscaler
2025-07-01,2025-09-30,2025,Q3,2025Q3,AMZN,inventory,41494000000.0,USD,InventoryNet,reported,0001018724-25-000123,10-Q,2025-10-31,https://data.sec.gov/api/xbrl/companyfacts/CIK0001018724.json,hyperscaler
2025-10-01,2025-12-31,2025,Q4,2025Q4,AMZN,inventory,38325000000.0,USD,InventoryNet,reported,0001018724-26-000026,10-Q,2026-07-31,https://data.sec.gov/api/xbrl/companyfacts/CIK0001018724.json,hyperscaler
2026-01-01,2026-03-31,2026,Q1,2026Q1,AMZN,inventory,36534000000.0,USD,InventoryNet,reported,0001018724-26-000014,10-Q,2026-04-30,https://data.sec.gov/api/xbrl/companyfacts/CIK0001018724.json,hyperscaler
2026-04-01,2026-06-30,2026,Q2,2026Q2,AMZN,inventory,38184000000.0,USD,InventoryNet,reported,0001018724-26-000026,10-Q,2026-07-31,https://data.sec.gov/api/xbrl/companyfacts/CIK0001018724.json,hyperscaler
2014-01-01,2014-03-31,2014,Q1,2014Q1,AMZN,inventory_days,43.0,days,,inventory/cost_of_revenue*days_in_quarter,,,,derived from rows above,hyperscaler
2014-04-01,2014-06-30,2014,Q2,2014Q2,AMZN,inventory_days,45.1,days,,inventory/cost_of_revenue*days_in_quarter,,,,derived from rows above,hyperscaler
2014-07-01,2014-09-30,2014,Q3,2014Q3,AMZN,inventory_days,46.0,days,,inventory/cost_of_revenue*days_in_quarter,,,,derived from rows above,hyperscaler
2014-10-01,2014-12-31,2014,Q4,2014Q4,AMZN,inventory_days,36.9,days,,inventory/cost_of_revenue*days_in_quarter,,,,derived from rows above,hyperscaler
2015-01-01,2015-03-31,2015,Q1,2015Q1,AMZN,inventory_days,43.1,days,,inventory/cost_of_revenue*days_in_quarter,,,,derived from rows above,hyperscaler
2015-04-01,2015-06-30,2015,Q2,2015Q2,AMZN,inventory_days,44.8,days,,inventory/cost_of_revenue*days_in_quarter,,,,derived from rows above,hyperscaler
2015-07-01,2015-09-30,2015,Q3,2015Q3,AMZN,inventory_days,49.3,days,,inventory/cost_of_revenue*days_in_quarter,,,,derived from rows above,hyperscaler
2015-10-01,2015-12-31,2015,Q4,2015Q4,AMZN,inventory_days,38.7,days,,inventory/cost_of_revenue*days_in_quarter,,,,derived from rows above,hyperscaler
2016-01-01,2016-03-31,2016,Q1,2016Q1,AMZN,inventory_days,46.2,days,,inventory/cost_of_revenue*days_in_quarter,,,,derived from rows above,hyperscaler
2016-04-01,2016-06-30,2016,Q2,2016Q2,AMZN,inventory_days,45.5,days,,inventory/cost_of_revenue*days_in_quarter,,,,derived from rows above,hyperscaler
2016-07-01,2016-09-30,2016,Q3,2016Q3,AMZN,inventory_days,46.3,days,,inventory/cost_of_revenue*days_in_quarter,,,,derived from rows above,hyperscaler
2016-10-01,2016-12-31,2016,Q4,2016Q4,AMZN,inventory_days,36.4,days,,inventory/cost_of_revenue*days_in_quarter,,,,derived from rows above,hyperscaler
2017-01-01,2017-03-31,2017,Q1,2017Q1,AMZN,inventory_days,42.5,days,,inventory/cost_of_revenue*days_in_quarter,,,,derived from rows above,hyperscaler
2017-04-01,2017-06-30,2017,Q2,2017Q2,AMZN,inventory_days,44.7,days,,inventory/cost_of_revenue*days_in_quarter,,,,derived from rows above,hyperscaler
2017-07-01,2017-09-30,2017,Q3,2017Q3,AMZN,inventory_days,45.8,days,,inventory/cost_of_revenue*days_in_quarter,,,,derived from rows above,hyperscaler
2017-10-01,2017-12-31,2017,Q4,2017Q4,AMZN,inventory_days,38.4,days,,inventory/cost_of_revenue*days_in_quarter,,,,derived from rows above,hyperscaler
2018-01-01,2018-03-31,2018,Q1,2018Q1,AMZN,inventory_days,40.5,days,,inventory/cost_of_revenue*days_in_quarter,,,,derived from rows above,hyperscaler
2018-04-01,2018-06-30,2018,Q2,2018Q2,AMZN,inventory_days,44.0,days,,inventory/cost_of_revenue*days_in_quarter,,,,derived from rows above,hyperscaler
2018-07-01,2018-09-30,2018,Q3,2018Q3,AMZN,inventory_days,44.2,days,,inventory/cost_of_revenue*days_in_quarter,,,,derived from rows above,hyperscaler
2018-10-01,2018-12-31,2018,Q4,2018Q4,AMZN,inventory_days,35.3,days,,inventory/cost_of_revenue*days_in_quarter,,,,derived from rows above,hyperscaler
2019-01-01,2019-03-31,2019,Q1,2019Q1,AMZN,inventory_days,43.6,days,,inventory/cost_of_revenue*days_in_quarter,,,,derived from rows above,hyperscaler
2019-04-01,2019-06-30,2019,Q2,2019Q2,AMZN,inventory_days,46.5,days,,inventory/cost_of_revenue*days_in_quarter,,,,derived from rows above,hyperscaler
2019-07-01,2019-09-30,2019,Q3,2019Q3,AMZN,inventory_days,41.8,days,,inventory/cost_of_revenue*days_in_quarter,,,,derived from rows above,hyperscaler
2019-10-01,2019-12-31,2019,Q4,2019Q4,AMZN,inventory_days,34.9,days,,inventory/cost_of_revenue*days_in_quarter,,,,derived from rows above,hyperscaler
2020-01-01,2020-03-31,2020,Q1,2020Q1,AMZN,inventory_days,38.8,days,,inventory/cost_of_revenue*days_in_quarter,,,,derived from rows above,hyperscaler
2020-04-01,2020-06-30,2020,Q2,2020Q2,AMZN,inventory_days,33.9,days,,inventory/cost_of_revenue*days_in_quarter,,,,derived from rows above,hyperscaler
2020-07-01,2020-09-30,2020,Q3,2020Q3,AMZN,inventory_days,38.2,days,,inventory/cost_of_revenue*days_in_quarter,,,,derived from rows above,hyperscaler
2020-10-01,2020-12-31,2020,Q4,2020Q4,AMZN,inventory_days,27.6,days,,inventory/cost_of_revenue*days_in_quarter,,,,derived from rows above,hyperscaler
2021-01-01,2021-03-31,2021,Q1,2021Q1,AMZN,inventory_days,34.4,days,,inventory/cost_of_revenue*days_in_quarter,,,,derived from rows above,hyperscaler
2021-04-01,2021-06-30,2021,Q2,2021Q2,AMZN,inventory_days,34.2,days,,inventory/cost_of_revenue*days_in_quarter,,,,derived from rows above,hyperscaler
2021-07-01,2021-09-30,2021,Q3,2021Q3,AMZN,inventory_days,45.2,days,,inventory/cost_of_revenue*days_in_quarter,,,,derived from rows above,hyperscaler
2021-10-01,2021-12-31,2021,Q4,2021Q4,AMZN,inventory_days,36.3,days,,inventory/cost_of_revenue*days_in_quarter,,,,derived from rows above,hyperscaler
2022-01-01,2022-03-31,2022,Q1,2022Q1,AMZN,inventory_days,47.4,days,,inventory/cost_of_revenue*days_in_quarter,,,,derived from rows above,hyperscaler
2022-04-01,2022-06-30,2022,Q2,2022Q2,AMZN,inventory_days,52.3,days,,inventory/cost_of_revenue*days_in_quarter,,,,derived from rows above,hyperscaler
2022-07-01,2022-09-30,2022,Q3,2022Q3,AMZN,inventory_days,48.0,days,,inventory/cost_of_revenue*days_in_quarter,,,,derived from rows above,hyperscaler
2022-10-01,2022-12-31,2022,Q4,2022Q4,AMZN,inventory_days,37.0,days,,inventory/cost_of_revenue*days_in_quarter,,,,derived from rows above,hyperscaler
2023-01-01,2023-03-31,2023,Q1,2023Q1,AMZN,inventory_days,45.4,days,,inventory/cost_of_revenue*days_in_quarter,,,,derived from rows above,hyperscaler
2023-04-01,2023-06-30,2023,Q2,2023Q2,AMZN,inventory_days,48.0,days,,inventory/cost_of_revenue*days_in_quarter,,,,derived from rows above,hyperscaler
2023-07-01,2023-09-30,2023,Q3,2023Q3,AMZN,inventory_days,43.4,days,,inventory/cost_of_revenue*days_in_quarter,,,,derived from rows above,hyperscaler
2023-10-01,2023-12-31,2023,Q4,2023Q4,AMZN,inventory_days,33.1,days,,inventory/cost_of_revenue*days_in_quarter,,,,derived from rows above,hyperscaler
2024-01-01,2024-03-31,2024,Q1,2024Q1,AMZN,inventory_days,39.0,days,,inventory/cost_of_revenue*days_in_quarter,,,,derived from rows above,hyperscaler
2024-04-01,2024-06-30,2024,Q2,2024Q2,AMZN,inventory_days,42.1,days,,inventory/cost_of_revenue*days_in_quarter,,,,derived from rows above,hyperscaler
2024-07-01,2024-09-30,2024,Q3,2024Q3,AMZN,inventory_days,41.0,days,,inventory/cost_of_revenue*days_in_quarter,,,,derived from rows above,hyperscaler
2024-10-01,2024-12-31,2024,Q4,2024Q4,AMZN,inventory_days,31.8,days,,inventory/cost_of_revenue*days_in_quarter,,,,derived from rows above,hyperscaler
2025-01-01,2025-03-31,2025,Q1,2025Q1,AMZN,inventory_days,41.9,days,,inventory/cost_of_revenue*days_in_quarter,,,,derived from rows above,hyperscaler
2025-04-01,2025-06-30,2025,Q2,2025Q2,AMZN,inventory_days,46.0,days,,inventory/cost_of_revenue*days_in_quarter,,,,derived from rows above,hyperscaler
2025-07-01,2025-09-30,2025,Q3,2025Q3,AMZN,inventory_days,43.1,days,,inventory/cost_of_revenue*days_in_quarter,,,,derived from rows above,hyperscaler
2025-10-01,2025-12-31,2025,Q4,2025Q4,AMZN,inventory_days,32.1,days,,inventory/cost_of_revenue*days_in_quarter,,,,derived from rows above,hyperscaler
2026-01-01,2026-03-31,2026,Q1,2026Q1,AMZN,inventory_days,37.6,days,,inventory/cost_of_revenue*days_in_quarter,,,,derived from rows above,hyperscaler
2026-04-01,2026-06-30,2026,Q2,2026Q2,AMZN,inventory_days,36.3,days,,inventory/cost_of_revenue*days_in_quarter,,,,derived from rows above,hyperscaler
2014-01-01,2014-03-31,2014,Q1,2014Q1,AMZN,operating_income,146000000.0,USD,OperatingIncomeLoss,reported,0001018724-16-000172,10-K,2016-01-29,https://data.sec.gov/api/xbrl/companyfacts/CIK0001018724.json,hyperscaler
2014-04-01,2014-06-30,2014,Q2,2014Q2,AMZN,operating_income,-15000000.0,USD,OperatingIncomeLoss,reported,0001018724-16-000172,10-K,2016-01-29,https://data.sec.gov/api/xbrl/companyfacts/CIK0001018724.json,hyperscaler
2014-07-01,2014-09-30,2014,Q3,2014Q3,AMZN,operating_income,-544000000.0,USD,OperatingIncomeLoss,reported,0001018724-16-000172,10-K,2016-01-29,https://data.sec.gov/api/xbrl/companyfacts/CIK0001018724.json,hyperscaler
2014-10-01,2014-12-31,2014,Q4,2014Q4,AMZN,operating_income,591000000.0,USD,OperatingIncomeLoss,reported,0001018724-16-000172,10-K,2016-01-29,https://data.sec.gov/api/xbrl/companyfacts/CIK0001018724.json,hyperscaler
2015-01-01,2015-03-31,2015,Q1,2015Q1,AMZN,operating_income,255000000.0,USD,OperatingIncomeLoss,reported,0001018724-17-000011,10-K,2017-02-10,https://data.sec.gov/api/xbrl/companyfacts/CIK0001018724.json,hyperscaler
2015-04-01,2015-06-30,2015,Q2,2015Q2,AMZN,operating_income,464000000.0,USD,OperatingIncomeLoss,reported,0001018724-17-000011,10-K,2017-02-10,https://data.sec.gov/api/xbrl/companyfacts/CIK0001018724.json,hyperscaler
2015-07-01,2015-09-30,2015,Q3,2015Q3,AMZN,operating_income,406000000.0,USD,OperatingIncomeLoss,reported,0001018724-17-000011,10-K,2017-02-10,https://data.sec.gov/api/xbrl/companyfacts/CIK0001018724.json,hyperscaler
2015-10-01,2015-12-31,2015,Q4,2015Q4,AMZN,operating_income,1108000000.0,USD,OperatingIncomeLoss,reported,0001018724-17-000011,10-K,2017-02-10,https://data.sec.gov/api/xbrl/companyfacts/CIK0001018724.json,hyperscaler
2016-01-01,2016-03-31,2016,Q1,2016Q1,AMZN,operating_income,1071000000.0,USD,OperatingIncomeLoss,reported,0001018724-18-000005,10-K,2018-02-02,https://data.sec.gov/api/xbrl/companyfacts/CIK0001018724.json,hyperscaler
2016-04-01,2016-06-30,2016,Q2,2016Q2,AMZN,operating_income,1285000000.0,USD,OperatingIncomeLoss,reported,0001018724-18-000005,10-K,2018-02-02,https://data.sec.gov/api/xbrl/companyfacts/CIK0001018724.json,hyperscaler
2016-07-01,2016-09-30,2016,Q3,2016Q3,AMZN,operating_income,575000000.0,USD,OperatingIncomeLoss,reported,0001018724-18-000005,10-K,2018-02-02,https://data.sec.gov/api/xbrl/companyfacts/CIK0001018724.json,hyperscaler
2016-10-01,2016-12-31,2016,Q4,2016Q4,AMZN,operating_income,1255000000.0,USD,OperatingIncomeLoss,reported,0001018724-18-000005,10-K,2018-02-02,https://data.sec.gov/api/xbrl/companyfacts/CIK0001018724.json,hyperscaler
2017-01-01,2017-03-31,2017,Q1,2017Q1,AMZN,operating_income,1005000000.0,USD,OperatingIncomeLoss,reported,0001018724-19-000004,10-K,2019-02-01,https://data.sec.gov/api/xbrl/companyfacts/CIK0001018724.json,hyperscaler
2017-04-01,2017-06-30,2017,Q2,2017Q2,AMZN,operating_income,628000000.0,USD,OperatingIncomeLoss,reported,0001018724-19-000004,10-K,2019-02-01,https://data.sec.gov/api/xbrl/companyfacts/CIK0001018724.json,hyperscaler
2017-07-01,2017-09-30,2017,Q3,2017Q3,AMZN,operating_income,347000000.0,USD,OperatingIncomeLoss,reported,0001018724-19-000004,10-K,2019-02-01,https://data.sec.gov/api/xbrl/companyfacts/CIK0001018724.json,hyperscaler
2017-10-01,2017-12-31,2017,Q4,2017Q4,AMZN,operating_income,2127000000.0,USD,OperatingIncomeLoss,reported,0001018724-19-000004,10-K,2019-02-01,https://data.sec.gov/api/xbrl/companyfacts/CIK0001018724.json,hyperscaler
2018-01-01,2018-03-31,2018,Q1,2018Q1,AMZN,operating_income,1927000000.0,USD,OperatingIncomeLoss,reported,0001018724-20-000004,10-K,2020-01-31,https://data.sec.gov/api/xbrl/companyfacts/CIK0001018724.json,hyperscaler
2018-04-01,2018-06-30,2018,Q2,2018Q2,AMZN,operating_income,2983000000.0,USD,OperatingIncomeLoss,reported,0001018724-20-000004,10-K,2020-01-31,https://data.sec.gov/api/xbrl/companyfacts/CIK0001018724.json,hyperscaler
2018-07-01,2018-09-30,2018,Q3,2018Q3,AMZN,operating_income,3724000000.0,USD,OperatingIncomeLoss,reported,0001018724-20-000004,10-K,2020-01-31,https://data.sec.gov/api/xbrl/companyfacts/CIK0001018724.json,hyperscaler
2018-10-01,2018-12-31,2018,Q4,2018Q4,AMZN,operating_income,3786000000.0,USD,OperatingIncomeLoss,reported,0001018724-20-000004,10-K,2020-01-31,https://data.sec.gov/api/xbrl/companyfacts/CIK0001018724.json,hyperscaler
2019-01-01,2019-03-31,2019,Q1,2019Q1,AMZN,operating_income,4420000000.0,USD,OperatingIncomeLoss,reported,0001018724-21-000004,10-K,2021-02-03,https://data.sec.gov/api/xbrl/companyfacts/CIK0001018724.json,hyperscaler
2019-04-01,2019-06-30,2019,Q2,2019Q2,AMZN,operating_income,3084000000.0,USD,OperatingIncomeLoss,reported,0001018724-21-000004,10-K,2021-02-03,https://data.sec.gov/api/xbrl/companyfacts/CIK0001018724.json,hyperscaler
2019-07-01,2019-09-30,2019,Q3,2019Q3,AMZN,operating_income,3157000000.0,USD,OperatingIncomeLoss,reported,0001018724-21-000004,10-K,2021-02-03,https://data.sec.gov/api/xbrl/companyfacts/CIK0001018724.json,hyperscaler
2019-10-01,2019-12-31,2019,Q4,2019Q4,AMZN,operating_income,3879000000.0,USD,OperatingIncomeLoss,reported,0001018724-21-000004,10-K,2021-02-03,https://data.sec.gov/api/xbrl/companyfacts/CIK0001018724.json,hyperscaler
2020-01-01,2020-03-31,2020,Q1,2020Q1,AMZN,operating_income,3989000000.0,USD,OperatingIncomeLoss,reported,0001018724-21-000010,10-Q,2021-04-30,https://data.sec.gov/api/xbrl/companyfacts/CIK0001018724.json,hyperscaler
2020-04-01,2020-06-30,2020,Q2,2020Q2,AMZN,operating_income,5843000000.0,USD,OperatingIncomeLoss,reported,0001018724-21-000020,10-Q,2021-07-30,https://data.sec.gov/api/xbrl/companyfacts/CIK0001018724.json,hyperscaler
2020-07-01,2020-09-30,2020,Q3,2020Q3,AMZN,operating_income,6194000000.0,USD,OperatingIncomeLoss,reported,0001018724-21-000028,10-Q,2021-10-29,https://data.sec.gov/api/xbrl/companyfacts/CIK0001018724.json,hyperscaler
2020-10-01,2020-12-31,2020,Q4,2020Q4,AMZN,operating_income,6873000000.0,USD,OperatingIncomeLoss,reported,0001018724-21-000004,10-K,2021-02-03,https://data.sec.gov/api/xbrl/companyfacts/CIK0001018724.json,hyperscaler
2021-01-01,2021-03-31,2021,Q1,2021Q1,AMZN,operating_income,8865000000.0,USD,OperatingIncomeLoss,reported,0001018724-22-000013,10-Q,2022-04-29,https://data.sec.gov/api/xbrl/companyfacts/CIK0001018724.json,hyperscaler
2021-04-01,2021-06-30,2021,Q2,2021Q2,AMZN,operating_income,7702000000.0,USD,OperatingIncomeLoss,reported,0001018724-22-000019,10-Q,2022-07-29,https://data.sec.gov/api/xbrl/companyfacts/CIK0001018724.json,hyperscaler
2021-07-01,2021-09-30,2021,Q3,2021Q3,AMZN,operating_income,4852000000.0,USD,OperatingIncomeLoss,reported,0001018724-22-000023,10-Q,2022-10-28,https://data.sec.gov/api/xbrl/companyfacts/CIK0001018724.json,hyperscaler
2021-10-01,2021-12-31,2021,Q4,2021Q4,AMZN,operating_income,3460000000.0,USD,OperatingIncomeLoss,ytd_diff,0001018724-24-000008,10-K,2024-02-02,https://data.sec.gov/api/xbrl/companyfacts/CIK0001018724.json,hyperscaler
2022-01-01,2022-03-31,2022,Q1,2022Q1,AMZN,operating_income,3669000000.0,USD,OperatingIncomeLoss,reported,0001018724-23-000008,10-Q,2023-04-28,https://data.sec.gov/api/xbrl/companyfacts/CIK0001018724.json,hyperscaler
2022-04-01,2022-06-30,2022,Q2,2022Q2,AMZN,operating_income,3317000000.0,USD,OperatingIncomeLoss,reported,0001018724-23-000012,10-Q,2023-08-04,https://data.sec.gov/api/xbrl/companyfacts/CIK0001018724.json,hyperscaler
2022-07-01,2022-09-30,2022,Q3,2022Q3,AMZN,operating_income,2525000000.0,USD,OperatingIncomeLoss,reported,0001018724-23-000018,10-Q,2023-10-27,https://data.sec.gov/api/xbrl/companyfacts/CIK0001018724.json,hyperscaler
2022-10-01,2022-12-31,2022,Q4,2022Q4,AMZN,operating_income,2737000000.0,USD,OperatingIncomeLoss,ytd_diff,0001018724-25-000004,10-K,2025-02-07,https://data.sec.gov/api/xbrl/companyfacts/CIK0001018724.json,hyperscaler
2023-01-01,2023-03-31,2023,Q1,2023Q1,AMZN,operating_income,4774000000.0,USD,OperatingIncomeLoss,reported,0001018724-24-000083,10-Q,2024-05-01,https://data.sec.gov/api/xbrl/companyfacts/CIK0001018724.json,hyperscaler
2023-04-01,2023-06-30,2023,Q2,2023Q2,AMZN,operating_income,7681000000.0,USD,OperatingIncomeLoss,reported,0001018724-24-000130,10-Q,2024-08-02,https://data.sec.gov/api/xbrl/companyfacts/CIK0001018724.json,hyperscaler
2023-07-01,2023-09-30,2023,Q3,2023Q3,AMZN,operating_income,11188000000.0,USD,OperatingIncomeLoss,reported,0001018724-24-000161,10-Q,2024-11-01,https://data.sec.gov/api/xbrl/companyfacts/CIK0001018724.json,hyperscaler
2023-10-01,2023-12-31,2023,Q4,2023Q4,AMZN,operating_income,13209000000.0,USD,OperatingIncomeLoss,ytd_diff,0001018724-26-000004,10-K,2026-02-06,https://data.sec.gov/api/xbrl/companyfacts/CIK0001018724.json,hyperscaler
2024-01-01,2024-03-31,2024,Q1,2024Q1,AMZN,operating_income,15307000000.0,USD,OperatingIncomeLoss,reported,0001018724-25-000036,10-Q,2025-05-02,https://data.sec.gov/api/xbrl/companyfacts/CIK0001018724.json,hyperscaler
2024-04-01,2024-06-30,2024,Q2,2024Q2,AMZN,operating_income,14672000000.0,USD,OperatingIncomeLoss,reported,0001018724-25-000086,10-Q,2025-08-01,https://data.sec.gov/api/xbrl/companyfacts/CIK0001018724.json,hyperscaler
2024-07-01,2024-09-30,2024,Q3,2024Q3,AMZN,operating_income,17411000000.0,USD,OperatingIncomeLoss,reported,0001018724-25-000123,10-Q,2025-10-31,https://data.sec.gov/api/xbrl/companyfacts/CIK0001018724.json,hyperscaler
2024-10-01,2024-12-31,2024,Q4,2024Q4,AMZN,operating_income,21203000000.0,USD,OperatingIncomeLoss,ytd_diff,0001018724-26-000004,10-K,2026-02-06,https://data.sec.gov/api/xbrl/companyfacts/CIK0001018724.json,hyperscaler
2025-01-01,2025-03-31,2025,Q1,2025Q1,AMZN,operating_income,18405000000.0,USD,OperatingIncomeLoss,reported,0001018724-26-000014,10-Q,2026-04-30,https://data.sec.gov/api/xbrl/companyfacts/CIK0001018724.json,hyperscaler
2025-04-01,2025-06-30,2025,Q2,2025Q2,AMZN,operating_income,19171000000.0,USD,OperatingIncomeLoss,reported,0001018724-26-000026,10-Q,2026-07-31,https://data.sec.gov/api/xbrl/companyfacts/CIK0001018724.json,hyperscaler
2025-07-01,2025-09-30,2025,Q3,2025Q3,AMZN,operating_income,17422000000.0,USD,OperatingIncomeLoss,reported,0001018724-25-000123,10-Q,2025-10-31,https://data.sec.gov/api/xbrl/companyfacts/CIK0001018724.json,hyperscaler
2025-10-01,2025-12-31,2025,Q4,2025Q4,AMZN,operating_income,24977000000.0,USD,OperatingIncomeLoss,ytd_diff,0001018724-26-000004,10-K,2026-02-06,https://data.sec.gov/api/xbrl/companyfacts/CIK0001018724.json,hyperscaler
2026-01-01,2026-03-31,2026,Q1,2026Q1,AMZN,operating_income,23852000000.0,USD,OperatingIncomeLoss,reported,0001018724-26-000014,10-Q,2026-04-30,https://data.sec.gov/api/xbrl/companyfacts/CIK0001018724.json,hyperscaler
2026-04-01,2026-06-30,2026,Q2,2026Q2,AMZN,operating_income,27461000000.0,USD,OperatingIncomeLoss,reported,0001018724-26-000026,10-Q,2026-07-31,https://data.sec.gov/api/xbrl/companyfacts/CIK0001018724.json,hyperscaler
2014-01-01,2014-03-31,2014,Q1,2014Q1,AMZN,revenue,19741000000.0,USD,SalesRevenueNet,reported,0001018724-16-000172,10-K,2016-01-29,https://data.sec.gov/api/xbrl/companyfacts/CIK0001018724.json,hyperscaler
2014-04-01,2014-06-30,2014,Q2,2014Q2,AMZN,revenue,19340000000.0,USD,SalesRevenueNet,reported,0001018724-16-000172,10-K,2016-01-29,https://data.sec.gov/api/xbrl/companyfacts/CIK0001018724.json,hyperscaler
2014-07-01,2014-09-30,2014,Q3,2014Q3,AMZN,revenue,20579000000.0,USD,SalesRevenueNet,reported,0001018724-16-000172,10-K,2016-01-29,https://data.sec.gov/api/xbrl/companyfacts/CIK0001018724.json,hyperscaler
2014-10-01,2014-12-31,2014,Q4,2014Q4,AMZN,revenue,29328000000.0,USD,SalesRevenueNet,reported,0001018724-16-000172,10-K,2016-01-29,https://data.sec.gov/api/xbrl/companyfacts/CIK0001018724.json,hyperscaler
2015-01-01,2015-03-31,2015,Q1,2015Q1,AMZN,revenue,22717000000.0,USD,SalesRevenueNet,reported,0001018724-17-000011,10-K,2017-02-10,https://data.sec.gov/api/xbrl/companyfacts/CIK0001018724.json,hyperscaler
2015-04-01,2015-06-30,2015,Q2,2015Q2,AMZN,revenue,23185000000.0,USD,SalesRevenueNet,reported,0001018724-17-000011,10-K,2017-02-10,https://data.sec.gov/api/xbrl/companyfacts/CIK0001018724.json,hyperscaler
2015-07-01,2015-09-30,2015,Q3,2015Q3,AMZN,revenue,25358000000.0,USD,SalesRevenueNet,reported,0001018724-17-000011,10-K,2017-02-10,https://data.sec.gov/api/xbrl/companyfacts/CIK0001018724.json,hyperscaler
2015-10-01,2015-12-31,2015,Q4,2015Q4,AMZN,revenue,35747000000.0,USD,SalesRevenueNet,reported,0001018724-17-000011,10-K,2017-02-10,https://data.sec.gov/api/xbrl/companyfacts/CIK0001018724.json,hyperscaler
2016-01-01,2016-03-31,2016,Q1,2016Q1,AMZN,revenue,29128000000.0,USD,SalesRevenueNet,reported,0001018724-18-000005,10-K,2018-02-02,https://data.sec.gov/api/xbrl/companyfacts/CIK0001018724.json,hyperscaler
2016-04-01,2016-06-30,2016,Q2,2016Q2,AMZN,revenue,30404000000.0,USD,SalesRevenueNet,reported,0001018724-18-000005,10-K,2018-02-02,https://data.sec.gov/api/xbrl/companyfacts/CIK0001018724.json,hyperscaler
2016-07-01,2016-09-30,2016,Q3,2016Q3,AMZN,revenue,32714000000.0,USD,SalesRevenueNet,reported,0001018724-18-000005,10-K,2018-02-02,https://data.sec.gov/api/xbrl/companyfacts/CIK0001018724.json,hyperscaler
2016-10-01,2016-12-31,2016,Q4,2016Q4,AMZN,revenue,43741000000.0,USD,SalesRevenueNet,reported,0001018724-18-000005,10-K,2018-02-02,https://data.sec.gov/api/xbrl/companyfacts/CIK0001018724.json,hyperscaler
2017-01-01,2017-03-31,2017,Q1,2017Q1,AMZN,revenue,35714000000.0,USD,RevenueFromContractWithCustomerExcludingAssessedTax,reported,0001018724-19-000004,10-K,2019-02-01,https://data.sec.gov/api/xbrl/companyfacts/CIK0001018724.json,hyperscaler
2017-04-01,2017-06-30,2017,Q2,2017Q2,AMZN,revenue,37955000000.0,USD,RevenueFromContractWithCustomerExcludingAssessedTax,reported,0001018724-19-000004,10-K,2019-02-01,https://data.sec.gov/api/xbrl/companyfacts/CIK0001018724.json,hyperscaler
2017-07-01,2017-09-30,2017,Q3,2017Q3,AMZN,revenue,43744000000.0,USD,RevenueFromContractWithCustomerExcludingAssessedTax,reported,0001018724-19-000004,10-K,2019-02-01,https://data.sec.gov/api/xbrl/companyfacts/CIK0001018724.json,hyperscaler
2017-10-01,2017-12-31,2017,Q4,2017Q4,AMZN,revenue,60453000000.0,USD,RevenueFromContractWithCustomerExcludingAssessedTax,reported,0001018724-19-000004,10-K,2019-02-01,https://data.sec.gov/api/xbrl/companyfacts/CIK0001018724.json,hyperscaler
2018-01-01,2018-03-31,2018,Q1,2018Q1,AMZN,revenue,51042000000.0,USD,RevenueFromContractWithCustomerExcludingAssessedTax,reported,0001018724-20-000004,10-K,2020-01-31,https://data.sec.gov/api/xbrl/companyfacts/CIK0001018724.json,hyperscaler
2018-04-01,2018-06-30,2018,Q2,2018Q2,AMZN,revenue,52886000000.0,USD,RevenueFromContractWithCustomerExcludingAssessedTax,reported,0001018724-20-000004,10-K,2020-01-31,https://data.sec.gov/api/xbrl/companyfacts/CIK0001018724.json,hyperscaler
2018-07-01,2018-09-30,2018,Q3,2018Q3,AMZN,revenue,56576000000.0,USD,RevenueFromContractWithCustomerExcludingAssessedTax,reported,0001018724-20-000004,10-K,2020-01-31,https://data.sec.gov/api/xbrl/companyfacts/CIK0001018724.json,hyperscaler
2018-10-01,2018-12-31,2018,Q4,2018Q4,AMZN,revenue,72383000000.0,USD,RevenueFromContractWithCustomerExcludingAssessedTax,reported,0001018724-20-000004,10-K,2020-01-31,https://data.sec.gov/api/xbrl/companyfacts/CIK0001018724.json,hyperscaler
2019-01-01,2019-03-31,2019,Q1,2019Q1,AMZN,revenue,59700000000.0,USD,RevenueFromContractWithCustomerExcludingAssessedTax,reported,0001018724-21-000004,10-K,2021-02-03,https://data.sec.gov/api/xbrl/companyfacts/CIK0001018724.json,hyperscaler
2019-04-01,2019-06-30,2019,Q2,2019Q2,AMZN,revenue,63404000000.0,USD,RevenueFromContractWithCustomerExcludingAssessedTax,reported,0001018724-21-000004,10-K,2021-02-03,https://data.sec.gov/api/xbrl/companyfacts/CIK0001018724.json,hyperscaler
2019-07-01,2019-09-30,2019,Q3,2019Q3,AMZN,revenue,69981000000.0,USD,RevenueFromContractWithCustomerExcludingAssessedTax,reported,0001018724-21-000004,10-K,2021-02-03,https://data.sec.gov/api/xbrl/companyfacts/CIK0001018724.json,hyperscaler
2019-10-01,2019-12-31,2019,Q4,2019Q4,AMZN,revenue,87437000000.0,USD,RevenueFromContractWithCustomerExcludingAssessedTax,reported,0001018724-21-000004,10-K,2021-02-03,https://data.sec.gov/api/xbrl/companyfacts/CIK0001018724.json,hyperscaler
2020-01-01,2020-03-31,2020,Q1,2020Q1,AMZN,revenue,75452000000.0,USD,RevenueFromContractWithCustomerExcludingAssessedTax,reported,0001018724-21-000010,10-Q,2021-04-30,https://data.sec.gov/api/xbrl/companyfacts/CIK0001018724.json,hyperscaler
2020-04-01,2020-06-30,2020,Q2,2020Q2,AMZN,revenue,88912000000.0,USD,RevenueFromContractWithCustomerExcludingAssessedTax,reported,0001018724-21-000020,10-Q,2021-07-30,https://data.sec.gov/api/xbrl/companyfacts/CIK0001018724.json,hyperscaler
2020-07-01,2020-09-30,2020,Q3,2020Q3,AMZN,revenue,96145000000.0,USD,RevenueFromContractWithCustomerExcludingAssessedTax,reported,0001018724-21-000028,10-Q,2021-10-29,https://data.sec.gov/api/xbrl/companyfacts/CIK0001018724.json,hyperscaler
2020-10-01,2020-12-31,2020,Q4,2020Q4,AMZN,revenue,125555000000.0,USD,RevenueFromContractWithCustomerExcludingAssessedTax,reported,0001018724-21-000004,10-K,2021-02-03,https://data.sec.gov/api/xbrl/companyfacts/CIK0001018724.json,hyperscaler
2021-01-01,2021-03-31,2021,Q1,2021Q1,AMZN,revenue,108518000000.0,USD,RevenueFromContractWithCustomerExcludingAssessedTax,reported,0001018724-22-000013,10-Q,2022-04-29,https://data.sec.gov/api/xbrl/companyfacts/CIK0001018724.json,hyperscaler
2021-04-01,2021-06-30,2021,Q2,2021Q2,AMZN,revenue,113080000000.0,USD,RevenueFromContractWithCustomerExcludingAssessedTax,reported,0001018724-22-000019,10-Q,2022-07-29,https://data.sec.gov/api/xbrl/companyfacts/CIK0001018724.json,hyperscaler
2021-07-01,2021-09-30,2021,Q3,2021Q3,AMZN,revenue,110812000000.0,USD,RevenueFromContractWithCustomerExcludingAssessedTax,reported,0001018724-22-000023,10-Q,2022-10-28,https://data.sec.gov/api/xbrl/companyfacts/CIK0001018724.json,hyperscaler
2021-10-01,2021-12-31,2021,Q4,2021Q4,AMZN,revenue,137412000000.0,USD,RevenueFromContractWithCustomerExcludingAssessedTax,ytd_diff,0001018724-24-000008,10-K,2024-02-02,https://data.sec.gov/api/xbrl/companyfacts/CIK0001018724.json,hyperscaler
2022-01-01,2022-03-31,2022,Q1,2022Q1,AMZN,revenue,116444000000.0,USD,RevenueFromContractWithCustomerExcludingAssessedTax,reported,0001018724-23-000008,10-Q,2023-04-28,https://data.sec.gov/api/xbrl/companyfacts/CIK0001018724.json,hyperscaler
2022-04-01,2022-06-30,2022,Q2,2022Q2,AMZN,revenue,121234000000.0,USD,RevenueFromContractWithCustomerExcludingAssessedTax,reported,0001018724-23-000012,10-Q,2023-08-04,https://data.sec.gov/api/xbrl/companyfacts/CIK0001018724.json,hyperscaler
2022-07-01,2022-09-30,2022,Q3,2022Q3,AMZN,revenue,127101000000.0,USD,RevenueFromContractWithCustomerExcludingAssessedTax,reported,0001018724-23-000018,10-Q,2023-10-27,https://data.sec.gov/api/xbrl/companyfacts/CIK0001018724.json,hyperscaler
2022-10-01,2022-12-31,2022,Q4,2022Q4,AMZN,revenue,149204000000.0,USD,RevenueFromContractWithCustomerExcludingAssessedTax,ytd_diff,0001018724-25-000004,10-K,2025-02-07,https://data.sec.gov/api/xbrl/companyfacts/CIK0001018724.json,hyperscaler
2023-01-01,2023-03-31,2023,Q1,2023Q1,AMZN,revenue,127358000000.0,USD,RevenueFromContractWithCustomerExcludingAssessedTax,reported,0001018724-24-000083,10-Q,2024-05-01,https://data.sec.gov/api/xbrl/companyfacts/CIK0001018724.json,hyperscaler
2023-04-01,2023-06-30,2023,Q2,2023Q2,AMZN,revenue,134383000000.0,USD,RevenueFromContractWithCustomerExcludingAssessedTax,reported,0001018724-24-000130,10-Q,2024-08-02,https://data.sec.gov/api/xbrl/companyfacts/CIK0001018724.json,hyperscaler
2023-07-01,2023-09-30,2023,Q3,2023Q3,AMZN,revenue,143083000000.0,USD,RevenueFromContractWithCustomerExcludingAssessedTax,reported,0001018724-24-000161,10-Q,2024-11-01,https://data.sec.gov/api/xbrl/companyfacts/CIK0001018724.json,hyperscaler
2023-10-01,2023-12-31,2023,Q4,2023Q4,AMZN,revenue,169961000000.0,USD,RevenueFromContractWithCustomerExcludingAssessedTax,ytd_diff,0001018724-26-000004,10-K,2026-02-06,https://data.sec.gov/api/xbrl/companyfacts/CIK0001018724.json,hyperscaler
2024-01-01,2024-03-31,2024,Q1,2024Q1,AMZN,revenue,143313000000.0,USD,RevenueFromContractWithCustomerExcludingAssessedTax,reported,0001018724-25-000036,10-Q,2025-05-02,https://data.sec.gov/api/xbrl/companyfacts/CIK0001018724.json,hyperscaler
2024-04-01,2024-06-30,2024,Q2,2024Q2,AMZN,revenue,147977000000.0,USD,RevenueFromContractWithCustomerExcludingAssessedTax,reported,0001018724-25-000086,10-Q,2025-08-01,https://data.sec.gov/api/xbrl/companyfacts/CIK0001018724.json,hyperscaler
2024-07-01,2024-09-30,2024,Q3,2024Q3,AMZN,revenue,158877000000.0,USD,RevenueFromContractWithCustomerExcludingAssessedTax,reported,0001018724-25-000123,10-Q,2025-10-31,https://data.sec.gov/api/xbrl/companyfacts/CIK0001018724.json,hyperscaler
2024-10-01,2024-12-31,2024,Q4,2024Q4,AMZN,revenue,187792000000.0,USD,RevenueFromContractWithCustomerExcludingAssessedTax,ytd_diff,0001018724-26-000004,10-K,2026-02-06,https://data.sec.gov/api/xbrl/companyfacts/CIK0001018724.json,hyperscaler
2025-01-01,2025-03-31,2025,Q1,2025Q1,AMZN,revenue,155667000000.0,USD,RevenueFromContractWithCustomerExcludingAssessedTax,reported,0001018724-26-000014,10-Q,2026-04-30,https://data.sec.gov/api/xbrl/companyfacts/CIK0001018724.json,hyperscaler
2025-04-01,2025-06-30,2025,Q2,2025Q2,AMZN,revenue,167702000000.0,USD,RevenueFromContractWithCustomerExcludingAssessedTax,reported,0001018724-26-000026,10-Q,2026-07-31,https://data.sec.gov/api/xbrl/companyfacts/CIK0001018724.json,hyperscaler
2025-07-01,2025-09-30,2025,Q3,2025Q3,AMZN,revenue,180169000000.0,USD,RevenueFromContractWithCustomerExcludingAssessedTax,reported,0001018724-25-000123,10-Q,2025-10-31,https://data.sec.gov/api/xbrl/companyfacts/CIK0001018724.json,hyperscaler
2025-10-01,2025-12-31,2025,Q4,2025Q4,AMZN,revenue,213386000000.0,USD,RevenueFromContractWithCustomerExcludingAssessedTax,ytd_diff,0001018724-26-000004,10-K,2026-02-06,https://data.sec.gov/api/xbrl/companyfacts/CIK0001018724.json,hyperscaler
2026-01-01,2026-03-31,2026,Q1,2026Q1,AMZN,revenue,181519000000.0,USD,RevenueFromContractWithCustomerExcludingAssessedTax,reported,0001018724-26-000014,10-Q,2026-04-30,https://data.sec.gov/api/xbrl/companyfacts/CIK0001018724.json,hyperscaler
2026-04-01,2026-06-30,2026,Q2,2026Q2,AMZN,revenue,200606000000.0,USD,RevenueFromContractWithCustomerExcludingAssessedTax,reported,0001018724-26-000026,10-Q,2026-07-31,https://data.sec.gov/api/xbrl/companyfacts/CIK0001018724.json,hyperscaler
2014-10-01,2014-12-31,2014,Q4,2014Q4,GOOGL,capex,3606000000.0,USD,PaymentsToAcquirePropertyPlantAndEquipment,ytd_diff,0001652044-17-000008,10-K,2017-02-03,https://data.sec.gov/api/xbrl/companyfacts/CIK0001652044.json,hyperscaler
2015-01-01,2015-03-31,2015,Q1,2015Q1,GOOGL,capex,2927000000.0,USD,PaymentsToAcquirePropertyPlantAndEquipment,reported,0001652044-16-000021,10-Q,2016-05-03,https://data.sec.gov/api/xbrl/companyfacts/CIK0001652044.json,hyperscaler
2015-04-01,2015-06-30,2015,Q2,2015Q2,GOOGL,capex,2515000000.0,USD,PaymentsToAcquirePropertyPlantAndEquipment,reported,0001652044-16-000032,10-Q,2016-08-04,https://data.sec.gov/api/xbrl/companyfacts/CIK0001652044.json,hyperscaler
2015-07-01,2015-09-30,2015,Q3,2015Q3,GOOGL,capex,2383000000.0,USD,PaymentsToAcquirePropertyPlantAndEquipment,reported,0001652044-16-000038,10-Q,2016-11-03,https://data.sec.gov/api/xbrl/companyfacts/CIK0001652044.json,hyperscaler
2015-10-01,2015-12-31,2015,Q4,2015Q4,GOOGL,capex,2102000000.0,USD,PaymentsToAcquirePropertyPlantAndEquipment,ytd_diff,0001652044-18-000007,10-K,2018-02-06,https://data.sec.gov/api/xbrl/companyfacts/CIK0001652044.json,hyperscaler
2016-01-01,2016-03-31,2016,Q1,2016Q1,GOOGL,capex,2444000000.0,USD,PaymentsToAcquirePropertyPlantAndEquipment,reported,0001652044-17-000014,10-Q,2017-05-02,https://data.sec.gov/api/xbrl/companyfacts/CIK0001652044.json,hyperscaler
2016-04-01,2016-06-30,2016,Q2,2016Q2,GOOGL,capex,2136000000.0,USD,PaymentsToAcquirePropertyPlantAndEquipment,reported,0001652044-17-000026,10-Q,2017-07-25,https://data.sec.gov/api/xbrl/companyfacts/CIK0001652044.json,hyperscaler
2016-07-01,2016-09-30,2016,Q3,2016Q3,GOOGL,capex,2554000000.0,USD,PaymentsToAcquirePropertyPlantAndEquipment,reported,0001652044-17-000042,10-Q,2017-10-27,https://data.sec.gov/api/xbrl/companyfacts/CIK0001652044.json,hyperscaler
2016-10-01,2016-12-31,2016,Q4,2016Q4,GOOGL,capex,3078000000.0,USD,PaymentsToAcquirePropertyPlantAndEquipment,ytd_diff,0001652044-19-000004,10-K,2019-02-05,https://data.sec.gov/api/xbrl/companyfacts/CIK0001652044.json,hyperscaler
2017-01-01,2017-03-31,2017,Q1,2017Q1,GOOGL,capex,2508000000.0,USD,PaymentsToAcquirePropertyPlantAndEquipment,reported,0001652044-18-000016,10-Q,2018-04-24,https://data.sec.gov/api/xbrl/companyfacts/CIK0001652044.json,hyperscaler
2017-04-01,2017-06-30,2017,Q2,2017Q2,GOOGL,capex,2831000000.0,USD,PaymentsToAcquirePropertyPlantAndEquipment,reported,0001652044-18-000027,10-Q,2018-07-24,https://data.sec.gov/api/xbrl/companyfacts/CIK0001652044.json,hyperscaler
2017-07-01,2017-09-30,2017,Q3,2017Q3,GOOGL,capex,3538000000.0,USD,PaymentsToAcquirePropertyPlantAndEquipment,reported,0001652044-18-000035,10-Q,2018-10-26,https://data.sec.gov/api/xbrl/companyfacts/CIK0001652044.json,hyperscaler
2017-10-01,2017-12-31,2017,Q4,2017Q4,GOOGL,capex,4307000000.0,USD,PaymentsToAcquirePropertyPlantAndEquipment,ytd_diff,0001652044-20-000008,10-K,2020-02-04,https://data.sec.gov/api/xbrl/companyfacts/CIK0001652044.json,hyperscaler
2018-01-01,2018-03-31,2018,Q1,2018Q1,GOOGL,capex,7299000000.0,USD,PaymentsToAcquirePropertyPlantAndEquipment,reported,0001652044-19-000015,10-Q,2019-04-30,https://data.sec.gov/api/xbrl/companyfacts/CIK0001652044.json,hyperscaler
2018-04-01,2018-06-30,2018,Q2,2018Q2,GOOGL,capex,5477000000.0,USD,PaymentsToAcquirePropertyPlantAndEquipment,reported,0001652044-19-000023,10-Q,2019-07-26,https://data.sec.gov/api/xbrl/companyfacts/CIK0001652044.json,hyperscaler
2018-07-01,2018-09-30,2018,Q3,2018Q3,GOOGL,capex,5282000000.0,USD,PaymentsToAcquirePropertyPlantAndEquipment,reported,0001652044-19-000032,10-Q,2019-10-29,https://data.sec.gov/api/xbrl/companyfacts/CIK0001652044.json,hyperscaler
2018-10-01,2018-12-31,2018,Q4,2018Q4,GOOGL,capex,7081000000.0,USD,PaymentsToAcquirePropertyPlantAndEquipment,ytd_diff,0001652044-21-000010,10-K,2021-02-03,https://data.sec.gov/api/xbrl/companyfacts/CIK0001652044.json,hyperscaler
2019-01-01,2019-03-31,2019,Q1,2019Q1,GOOGL,capex,4638000000.0,USD,PaymentsToAcquirePropertyPlantAndEquipment,reported,0001652044-20-000021,10-Q,2020-04-29,https://data.sec.gov/api/xbrl/companyfacts/CIK0001652044.json,hyperscaler
2019-04-01,2019-06-30,2019,Q2,2019Q2,GOOGL,capex,6126000000.0,USD,PaymentsToAcquirePropertyPlantAndEquipment,reported,0001652044-20-000032,10-Q,2020-07-31,https://data.sec.gov/api/xbrl/companyfacts/CIK0001652044.json,hyperscaler
2019-07-01,2019-09-30,2019,Q3,2019Q3,GOOGL,capex,6732000000.0,USD,PaymentsToAcquirePropertyPlantAndEquipment,reported,0001652044-20-000050,10-Q,2020-10-30,https://data.sec.gov/api/xbrl/companyfacts/CIK0001652044.json,hyperscaler
2019-10-01,2019-12-31,2019,Q4,2019Q4,GOOGL,capex,6052000000.0,USD,PaymentsToAcquirePropertyPlantAndEquipment,ytd_diff,0001652044-22-000019,10-K,2022-02-02,https://data.sec.gov/api/xbrl/companyfacts/CIK0001652044.json,hyperscaler
2020-01-01,2020-03-31,2020,Q1,2020Q1,GOOGL,capex,6005000000.0,USD,PaymentsToAcquirePropertyPlantAndEquipment,reported,0001652044-21-000020,10-Q,2021-04-28,https://data.sec.gov/api/xbrl/companyfacts/CIK0001652044.json,hyperscaler
2020-04-01,2020-06-30,2020,Q2,2020Q2,GOOGL,capex,5391000000.0,USD,PaymentsToAcquirePropertyPlantAndEquipment,reported,0001652044-20-000032,10-Q,2020-07-31,https://data.sec.gov/api/xbrl/companyfacts/CIK0001652044.json,hyperscaler
2020-07-01,2020-09-30,2020,Q3,2020Q3,GOOGL,capex,5406000000.0,USD,PaymentsToAcquirePropertyPlantAndEquipment,reported,0001652044-20-000050,10-Q,2020-10-30,https://data.sec.gov/api/xbrl/companyfacts/CIK0001652044.json,hyperscaler
2020-10-01,2020-12-31,2020,Q4,2020Q4,GOOGL,capex,5479000000.0,USD,PaymentsToAcquirePropertyPlantAndEquipment,ytd_diff,0001652044-23-000016,10-K,2023-02-03,https://data.sec.gov/api/xbrl/companyfacts/CIK0001652044.json,hyperscaler
2021-01-01,2021-03-31,2021,Q1,2021Q1,GOOGL,capex,5942000000.0,USD,PaymentsToAcquirePropertyPlantAndEquipment,reported,0001652044-22-000029,10-Q,2022-04-27,https://data.sec.gov/api/xbrl/companyfacts/CIK0001652044.json,hyperscaler
2021-04-01,2021-06-30,2021,Q2,2021Q2,GOOGL,capex,5496000000.0,USD,PaymentsToAcquirePropertyPlantAndEquipment,ytd_diff,0001652044-22-000071,10-Q,2022-07-27,https://data.sec.gov/api/xbrl/companyfacts/CIK0001652044.json,hyperscaler
2021-07-01,2021-09-30,2021,Q3,2021Q3,GOOGL,capex,6819000000.0,USD,PaymentsToAcquirePropertyPlantAndEquipment,ytd_diff,0001652044-22-000090,10-Q,2022-10-26,https://data.sec.gov/api/xbrl/companyfacts/CIK0001652044.json,hyperscaler
2021-10-01,2021-12-31,2021,Q4,2021Q4,GOOGL,capex,6383000000.0,USD,PaymentsToAcquirePropertyPlantAndEquipment,ytd_diff,0001652044-24-000022,10-K,2024-01-31,https://data.sec.gov/api/xbrl/companyfacts/CIK0001652044.json,hyperscaler
2022-01-01,2022-03-31,2022,Q1,2022Q1,GOOGL,capex,9786000000.0,USD,PaymentsToAcquirePropertyPlantAndEquipment,reported,0001652044-23-000045,10-Q,2023-04-26,https://data.sec.gov/api/xbrl/companyfacts/CIK0001652044.json,hyperscaler
2022-04-01,2022-06-30,2022,Q2,2022Q2,GOOGL,capex,6828000000.0,USD,PaymentsToAcquirePropertyPlantAndEquipment,ytd_diff,0001652044-23-000070,10-Q,2023-07-26,https://data.sec.gov/api/xbrl/companyfacts/CIK0001652044.json,hyperscaler
2022-07-01,2022-09-30,2022,Q3,2022Q3,GOOGL,capex,7276000000.0,USD,PaymentsToAcquirePropertyPlantAndEquipment,ytd_diff,0001652044-23-000094,10-Q,2023-10-25,https://data.sec.gov/api/xbrl/companyfacts/CIK0001652044.json,hyperscaler
2022-10-01,2022-12-31,2022,Q4,2022Q4,GOOGL,capex,7595000000.0,USD,PaymentsToAcquirePropertyPlantAndEquipment,ytd_diff,0001652044-25-000014,10-K,2025-02-05,https://data.sec.gov/api/xbrl/companyfacts/CIK0001652044.json,hyperscaler
2023-01-01,2023-03-31,2023,Q1,2023Q1,GOOGL,capex,6289000000.0,USD,PaymentsToAcquirePropertyPlantAndEquipment,reported,0001652044-24-000053,10-Q,2024-04-26,https://data.sec.gov/api/xbrl/companyfacts/CIK0001652044.json,hyperscaler
2023-04-01,2023-06-30,2023,Q2,2023Q2,GOOGL,capex,6888000000.0,USD,PaymentsToAcquirePropertyPlantAndEquipment,ytd_diff,0001652044-24-000079,10-Q,2024-07-24,https://data.sec.gov/api/xbrl/companyfacts/CIK0001652044.json,hyperscaler
2023-07-01,2023-09-30,2023,Q3,2023Q3,GOOGL,capex,8055000000.0,USD,PaymentsToAcquirePropertyPlantAndEquipment,ytd_diff,0001652044-24-000118,10-Q,2024-10-30,https://data.sec.gov/api/xbrl/companyfacts/CIK0001652044.json,hyperscaler
2023-10-01,2023-12-31,2023,Q4,2023Q4,GOOGL,capex,11019000000.0,USD,PaymentsToAcquirePropertyPlantAndEquipment,ytd_diff,0001652044-26-000018,10-K,2026-02-05,https://data.sec.gov/api/xbrl/companyfacts/CIK0001652044.json,hyperscaler
2024-01-01,2024-03-31,2024,Q1,2024Q1,GOOGL,capex,12012000000.0,USD,PaymentsToAcquirePropertyPlantAndEquipment,reported,0001652044-25-000043,10-Q,2025-04-25,https://data.sec.gov/api/xbrl/companyfacts/CIK0001652044.json,hyperscaler
2024-04-01,2024-06-30,2024,Q2,2024Q2,GOOGL,capex,13186000000.0,USD,PaymentsToAcquirePropertyPlantAndEquipment,ytd_diff,0001652044-25-000062,10-Q,2025-07-24,https://data.sec.gov/api/xbrl/companyfacts/CIK0001652044.json,hyperscaler
2024-07-01,2024-09-30,2024,Q3,2024Q3,GOOGL,capex,13061000000.0,USD,PaymentsToAcquirePropertyPlantAndEquipment,ytd_diff,0001652044-25-000091,10-Q,2025-10-30,https://data.sec.gov/api/xbrl/companyfacts/CIK0001652044.json,hyperscaler
2024-10-01,2024-12-31,2024,Q4,2024Q4,GOOGL,capex,14276000000.0,USD,PaymentsToAcquirePropertyPlantAndEquipment,ytd_diff,0001652044-26-000018,10-K,2026-02-05,https://data.sec.gov/api/xbrl/companyfacts/CIK0001652044.json,hyperscaler
2025-01-01,2025-03-31,2025,Q1,2025Q1,GOOGL,capex,17197000000.0,USD,PaymentsToAcquirePropertyPlantAndEquipment,reported,0001652044-26-000048,10-Q,2026-04-30,https://data.sec.gov/api/xbrl/companyfacts/CIK0001652044.json,hyperscaler
2025-04-01,2025-06-30,2025,Q2,2025Q2,GOOGL,capex,22446000000.0,USD,PaymentsToAcquirePropertyPlantAndEquipment,ytd_diff,0001652044-26-000071,10-Q,2026-07-23,https://data.sec.gov/api/xbrl/companyfacts/CIK0001652044.json,hyperscaler
2025-07-01,2025-09-30,2025,Q3,2025Q3,GOOGL,capex,23953000000.0,USD,PaymentsToAcquirePropertyPlantAndEquipment,ytd_diff,0001652044-25-000091,10-Q,2025-10-30,https://data.sec.gov/api/xbrl/companyfacts/CIK0001652044.json,hyperscaler
2025-10-01,2025-12-31,2025,Q4,2025Q4,GOOGL,capex,27851000000.0,USD,PaymentsToAcquirePropertyPlantAndEquipment,ytd_diff,0001652044-26-000018,10-K,2026-02-05,https://data.sec.gov/api/xbrl/companyfacts/CIK0001652044.json,hyperscaler
2026-01-01,2026-03-31,2026,Q1,2026Q1,GOOGL,capex,35674000000.0,USD,PaymentsToAcquirePropertyPlantAndEquipment,reported,0001652044-26-000048,10-Q,2026-04-30,https://data.sec.gov/api/xbrl/companyfacts/CIK0001652044.json,hyperscaler
2026-04-01,2026-06-30,2026,Q2,2026Q2,GOOGL,capex,44924000000.0,USD,PaymentsToAcquirePropertyPlantAndEquipment,ytd_diff,0001652044-26-000071,10-Q,2026-07-23,https://data.sec.gov/api/xbrl/companyfacts/CIK0001652044.json,hyperscaler
2014-07-01,2014-09-30,2014,Q3,2014Q3,GOOGL,cost_of_revenue,6695000000.0,USD,CostOfRevenue,reported,0001652044-15-000005,10-Q,2015-10-29,https://data.sec.gov/api/xbrl/companyfacts/CIK0001652044.json,hyperscaler
2014-10-01,2014-12-31,2014,Q4,2014Q4,GOOGL,cost_of_revenue,6921000000.0,USD,CostOfRevenue,ytd_diff,0001652044-17-000008,10-K,2017-02-03,https://data.sec.gov/api/xbrl/companyfacts/CIK0001652044.json,hyperscaler
2015-01-01,2015-03-31,2015,Q1,2015Q1,GOOGL,cost_of_revenue,6356000000.0,USD,CostOfRevenue,reported,0001652044-16-000021,10-Q,2016-05-03,https://data.sec.gov/api/xbrl/companyfacts/CIK0001652044.json,hyperscaler
2015-04-01,2015-06-30,2015,Q2,2015Q2,GOOGL,cost_of_revenue,6583000000.0,USD,CostOfRevenue,reported,0001652044-16-000032,10-Q,2016-08-04,https://data.sec.gov/api/xbrl/companyfacts/CIK0001652044.json,hyperscaler
2015-07-01,2015-09-30,2015,Q3,2015Q3,GOOGL,cost_of_revenue,7037000000.0,USD,CostOfRevenue,reported,0001652044-16-000038,10-Q,2016-11-03,https://data.sec.gov/api/xbrl/companyfacts/CIK0001652044.json,hyperscaler
2015-10-01,2015-12-31,2015,Q4,2015Q4,GOOGL,cost_of_revenue,8188000000.0,USD,CostOfRevenue,ytd_diff,0001652044-18-000007,10-K,2018-02-06,https://data.sec.gov/api/xbrl/companyfacts/CIK0001652044.json,hyperscaler
2016-01-01,2016-03-31,2016,Q1,2016Q1,GOOGL,cost_of_revenue,7648000000.0,USD,CostOfRevenue,reported,0001652044-17-000014,10-Q,2017-05-02,https://data.sec.gov/api/xbrl/companyfacts/CIK0001652044.json,hyperscaler
2016-04-01,2016-06-30,2016,Q2,2016Q2,GOOGL,cost_of_revenue,8130000000.0,USD,CostOfRevenue,reported,0001652044-17-000026,10-Q,2017-07-25,https://data.sec.gov/api/xbrl/companyfacts/CIK0001652044.json,hyperscaler
2016-07-01,2016-09-30,2016,Q3,2016Q3,GOOGL,cost_of_revenue,8699000000.0,USD,CostOfRevenue,reported,0001652044-17-000042,10-Q,2017-10-27,https://data.sec.gov/api/xbrl/companyfacts/CIK0001652044.json,hyperscaler
2016-10-01,2016-12-31,2016,Q4,2016Q4,GOOGL,cost_of_revenue,10661000000.0,USD,CostOfRevenue,ytd_diff,0001652044-19-000004,10-K,2019-02-05,https://data.sec.gov/api/xbrl/companyfacts/CIK0001652044.json,hyperscaler
2017-01-01,2017-03-31,2017,Q1,2017Q1,GOOGL,cost_of_revenue,9795000000.0,USD,CostOfRevenue,reported,0001652044-18-000016,10-Q,2018-04-24,https://data.sec.gov/api/xbrl/companyfacts/CIK0001652044.json,hyperscaler
2017-04-01,2017-06-30,2017,Q2,2017Q2,GOOGL,cost_of_revenue,10373000000.0,USD,CostOfRevenue,reported,0001652044-18-000027,10-Q,2018-07-24,https://data.sec.gov/api/xbrl/companyfacts/CIK0001652044.json,hyperscaler
2017-07-01,2017-09-30,2017,Q3,2017Q3,GOOGL,cost_of_revenue,11148000000.0,USD,CostOfRevenue,reported,0001652044-18-000035,10-Q,2018-10-26,https://data.sec.gov/api/xbrl/companyfacts/CIK0001652044.json,hyperscaler
2017-10-01,2017-12-31,2017,Q4,2017Q4,GOOGL,cost_of_revenue,14267000000.0,USD,CostOfRevenue,ytd_diff,0001652044-20-000008,10-K,2020-02-04,https://data.sec.gov/api/xbrl/companyfacts/CIK0001652044.json,hyperscaler
2018-01-01,2018-03-31,2018,Q1,2018Q1,GOOGL,cost_of_revenue,13467000000.0,USD,CostOfRevenue,reported,0001652044-19-000015,10-Q,2019-04-30,https://data.sec.gov/api/xbrl/companyfacts/CIK0001652044.json,hyperscaler
2018-04-01,2018-06-30,2018,Q2,2018Q2,GOOGL,cost_of_revenue,13883000000.0,USD,CostOfRevenue,reported,0001652044-19-000023,10-Q,2019-07-26,https://data.sec.gov/api/xbrl/companyfacts/CIK0001652044.json,hyperscaler
2018-07-01,2018-09-30,2018,Q3,2018Q3,GOOGL,cost_of_revenue,14281000000.0,USD,CostOfRevenue,reported,0001652044-19-000032,10-Q,2019-10-29,https://data.sec.gov/api/xbrl/companyfacts/CIK0001652044.json,hyperscaler
2018-10-01,2018-12-31,2018,Q4,2018Q4,GOOGL,cost_of_revenue,17918000000.0,USD,CostOfRevenue,ytd_diff,0001652044-21-000010,10-K,2021-02-03,https://data.sec.gov/api/xbrl/companyfacts/CIK0001652044.json,hyperscaler
2019-01-01,2019-03-31,2019,Q1,2019Q1,GOOGL,cost_of_revenue,16012000000.0,USD,CostOfRevenue,reported,0001652044-20-000021,10-Q,2020-04-29,https://data.sec.gov/api/xbrl/companyfacts/CIK0001652044.json,hyperscaler
2019-04-01,2019-06-30,2019,Q2,2019Q2,GOOGL,cost_of_revenue,17296000000.0,USD,CostOfRevenue,reported,0001652044-20-000032,10-Q,2020-07-31,https://data.sec.gov/api/xbrl/companyfacts/CIK0001652044.json,hyperscaler
2019-07-01,2019-09-30,2019,Q3,2019Q3,GOOGL,cost_of_revenue,17568000000.0,USD,CostOfRevenue,reported,0001652044-20-000050,10-Q,2020-10-30,https://data.sec.gov/api/xbrl/companyfacts/CIK0001652044.json,hyperscaler
2019-10-01,2019-12-31,2019,Q4,2019Q4,GOOGL,cost_of_revenue,21020000000.0,USD,CostOfRevenue,ytd_diff,0001652044-22-000019,10-K,2022-02-02,https://data.sec.gov/api/xbrl/companyfacts/CIK0001652044.json,hyperscaler
2020-01-01,2020-03-31,2020,Q1,2020Q1,GOOGL,cost_of_revenue,18982000000.0,USD,CostOfRevenue,reported,0001652044-21-000020,10-Q,2021-04-28,https://data.sec.gov/api/xbrl/companyfacts/CIK0001652044.json,hyperscaler
2020-04-01,2020-06-30,2020,Q2,2020Q2,GOOGL,cost_of_revenue,18553000000.0,USD,CostOfRevenue,reported,0001652044-21-000047,10-Q,2021-07-28,https://data.sec.gov/api/xbrl/companyfacts/CIK0001652044.json,hyperscaler
2020-07-01,2020-09-30,2020,Q3,2020Q3,GOOGL,cost_of_revenue,21117000000.0,USD,CostOfRevenue,reported,0001652044-21-000057,10-Q,2021-10-27,https://data.sec.gov/api/xbrl/companyfacts/CIK0001652044.json,hyperscaler
2020-10-01,2020-12-31,2020,Q4,2020Q4,GOOGL,cost_of_revenue,26080000000.0,USD,CostOfRevenue,ytd_diff,0001652044-23-000016,10-K,2023-02-03,https://data.sec.gov/api/xbrl/companyfacts/CIK0001652044.json,hyperscaler
2021-01-01,2021-03-31,2021,Q1,2021Q1,GOOGL,cost_of_revenue,24103000000.0,USD,CostOfRevenue,reported,0001652044-22-000029,10-Q,2022-04-27,https://data.sec.gov/api/xbrl/companyfacts/CIK0001652044.json,hyperscaler
2021-04-01,2021-06-30,2021,Q2,2021Q2,GOOGL,cost_of_revenue,26227000000.0,USD,CostOfRevenue,reported,0001652044-22-000071,10-Q,2022-07-27,https://data.sec.gov/api/xbrl/companyfacts/CIK0001652044.json,hyperscaler
2021-07-01,2021-09-30,2021,Q3,2021Q3,GOOGL,cost_of_revenue,27621000000.0,USD,CostOfRevenue,reported,0001652044-22-000090,10-Q,2022-10-26,https://data.sec.gov/api/xbrl/companyfacts/CIK0001652044.json,hyperscaler
2021-10-01,2021-12-31,2021,Q4,2021Q4,GOOGL,cost_of_revenue,32988000000.0,USD,CostOfRevenue,ytd_diff,0001652044-24-000022,10-K,2024-01-31,https://data.sec.gov/api/xbrl/companyfacts/CIK0001652044.json,hyperscaler
2022-01-01,2022-03-31,2022,Q1,2022Q1,GOOGL,cost_of_revenue,29599000000.0,USD,CostOfRevenue,reported,0001652044-23-000045,10-Q,2023-04-26,https://data.sec.gov/api/xbrl/companyfacts/CIK0001652044.json,hyperscaler
2022-04-01,2022-06-30,2022,Q2,2022Q2,GOOGL,cost_of_revenue,30104000000.0,USD,CostOfRevenue,reported,0001652044-23-000070,10-Q,2023-07-26,https://data.sec.gov/api/xbrl/companyfacts/CIK0001652044.json,hyperscaler
2022-07-01,2022-09-30,2022,Q3,2022Q3,GOOGL,cost_of_revenue,31158000000.0,USD,CostOfRevenue,reported,0001652044-23-000094,10-Q,2023-10-25,https://data.sec.gov/api/xbrl/companyfacts/CIK0001652044.json,hyperscaler
2022-10-01,2022-12-31,2022,Q4,2022Q4,GOOGL,cost_of_revenue,35342000000.0,USD,CostOfRevenue,ytd_diff,0001652044-25-000014,10-K,2025-02-05,https://data.sec.gov/api/xbrl/companyfacts/CIK0001652044.json,hyperscaler
2023-01-01,2023-03-31,2023,Q1,2023Q1,GOOGL,cost_of_revenue,30612000000.0,USD,CostOfRevenue,reported,0001652044-24-000053,10-Q,2024-04-26,https://data.sec.gov/api/xbrl/companyfacts/CIK0001652044.json,hyperscaler
2023-04-01,2023-06-30,2023,Q2,2023Q2,GOOGL,cost_of_revenue,31916000000.0,USD,CostOfRevenue,reported,0001652044-24-000079,10-Q,2024-07-24,https://data.sec.gov/api/xbrl/companyfacts/CIK0001652044.json,hyperscaler
2023-07-01,2023-09-30,2023,Q3,2023Q3,GOOGL,cost_of_revenue,33229000000.0,USD,CostOfRevenue,reported,0001652044-24-000118,10-Q,2024-10-30,https://data.sec.gov/api/xbrl/companyfacts/CIK0001652044.json,hyperscaler
2023-10-01,2023-12-31,2023,Q4,2023Q4,GOOGL,cost_of_revenue,37575000000.0,USD,CostOfRevenue,ytd_diff,0001652044-26-000018,10-K,2026-02-05,https://data.sec.gov/api/xbrl/companyfacts/CIK0001652044.json,hyperscaler
2024-01-01,2024-03-31,2024,Q1,2024Q1,GOOGL,cost_of_revenue,33712000000.0,USD,CostOfRevenue,reported,0001652044-25-000043,10-Q,2025-04-25,https://data.sec.gov/api/xbrl/companyfacts/CIK0001652044.json,hyperscaler
2024-04-01,2024-06-30,2024,Q2,2024Q2,GOOGL,cost_of_revenue,35507000000.0,USD,CostOfRevenue,reported,0001652044-25-000062,10-Q,2025-07-24,https://data.sec.gov/api/xbrl/companyfacts/CIK0001652044.json,hyperscaler
2024-07-01,2024-09-30,2024,Q3,2024Q3,GOOGL,cost_of_revenue,36474000000.0,USD,CostOfRevenue,reported,0001652044-25-000091,10-Q,2025-10-30,https://data.sec.gov/api/xbrl/companyfacts/CIK0001652044.json,hyperscaler
2024-10-01,2024-12-31,2024,Q4,2024Q4,GOOGL,cost_of_revenue,40613000000.0,USD,CostOfRevenue,ytd_diff,0001652044-26-000018,10-K,2026-02-05,https://data.sec.gov/api/xbrl/companyfacts/CIK0001652044.json,hyperscaler
2025-01-01,2025-03-31,2025,Q1,2025Q1,GOOGL,cost_of_revenue,36361000000.0,USD,CostOfRevenue,reported,0001652044-26-000048,10-Q,2026-04-30,https://data.sec.gov/api/xbrl/companyfacts/CIK0001652044.json,hyperscaler
2025-04-01,2025-06-30,2025,Q2,2025Q2,GOOGL,cost_of_revenue,39039000000.0,USD,CostOfRevenue,reported,0001652044-26-000071,10-Q,2026-07-23,https://data.sec.gov/api/xbrl/companyfacts/CIK0001652044.json,hyperscaler
2025-07-01,2025-09-30,2025,Q3,2025Q3,GOOGL,cost_of_revenue,41369000000.0,USD,CostOfRevenue,reported,0001652044-25-000091,10-Q,2025-10-30,https://data.sec.gov/api/xbrl/companyfacts/CIK0001652044.json,hyperscaler
2025-10-01,2025-12-31,2025,Q4,2025Q4,GOOGL,cost_of_revenue,45767000000.0,USD,CostOfRevenue,ytd_diff,0001652044-26-000018,10-K,2026-02-05,https://data.sec.gov/api/xbrl/companyfacts/CIK0001652044.json,hyperscaler
2026-01-01,2026-03-31,2026,Q1,2026Q1,GOOGL,cost_of_revenue,41271000000.0,USD,CostOfRevenue,reported,0001652044-26-000048,10-Q,2026-04-30,https://data.sec.gov/api/xbrl/companyfacts/CIK0001652044.json,hyperscaler
2026-04-01,2026-06-30,2026,Q2,2026Q2,GOOGL,cost_of_revenue,45943000000.0,USD,CostOfRevenue,reported,0001652044-26-000071,10-Q,2026-07-23,https://data.sec.gov/api/xbrl/companyfacts/CIK0001652044.json,hyperscaler
2014-07-01,2014-09-30,2014,Q3,2014Q3,GOOGL,gross_margin_pct,59.48,pct,,(revenue-cost_of_revenue)/revenue,,,,derived from rows above,hyperscaler
2014-10-01,2014-12-31,2014,Q4,2014Q4,GOOGL,gross_margin_pct,61.77,pct,,(revenue-cost_of_revenue)/revenue,,,,derived from rows above,hyperscaler
2015-01-01,2015-03-31,2015,Q1,2015Q1,GOOGL,gross_margin_pct,63.17,pct,,(revenue-cost_of_revenue)/revenue,,,,derived from rows above,hyperscaler
2015-04-01,2015-06-30,2015,Q2,2015Q2,GOOGL,gross_margin_pct,62.86,pct,,(revenue-cost_of_revenue)/revenue,,,,derived from rows above,hyperscaler
2015-07-01,2015-09-30,2015,Q3,2015Q3,GOOGL,gross_margin_pct,62.32,pct,,(revenue-cost_of_revenue)/revenue,,,,derived from rows above,hyperscaler
2015-10-01,2015-12-31,2015,Q4,2015Q4,GOOGL,gross_margin_pct,61.61,pct,,(revenue-cost_of_revenue)/revenue,,,,derived from rows above,hyperscaler
2016-01-01,2016-03-31,2016,Q1,2016Q1,GOOGL,gross_margin_pct,62.25,pct,,(revenue-cost_of_revenue)/revenue,,,,derived from rows above,hyperscaler
2016-04-01,2016-06-30,2016,Q2,2016Q2,GOOGL,gross_margin_pct,62.19,pct,,(revenue-cost_of_revenue)/revenue,,,,derived from rows above,hyperscaler
2016-07-01,2016-09-30,2016,Q3,2016Q3,GOOGL,gross_margin_pct,61.25,pct,,(revenue-cost_of_revenue)/revenue,,,,derived from rows above,hyperscaler
2016-10-01,2016-12-31,2016,Q4,2016Q4,GOOGL,gross_margin_pct,59.1,pct,,(revenue-cost_of_revenue)/revenue,,,,derived from rows above,hyperscaler
2017-01-01,2017-03-31,2017,Q1,2017Q1,GOOGL,gross_margin_pct,60.42,pct,,(revenue-cost_of_revenue)/revenue,,,,derived from rows above,hyperscaler
2017-04-01,2017-06-30,2017,Q2,2017Q2,GOOGL,gross_margin_pct,60.12,pct,,(revenue-cost_of_revenue)/revenue,,,,derived from rows above,hyperscaler
2017-07-01,2017-09-30,2017,Q3,2017Q3,GOOGL,gross_margin_pct,59.86,pct,,(revenue-cost_of_revenue)/revenue,,,,derived from rows above,hyperscaler
2017-10-01,2017-12-31,2017,Q4,2017Q4,GOOGL,gross_margin_pct,55.86,pct,,(revenue-cost_of_revenue)/revenue,,,,derived from rows above,hyperscaler
2018-01-01,2018-03-31,2018,Q1,2018Q1,GOOGL,gross_margin_pct,56.76,pct,,(revenue-cost_of_revenue)/revenue,,,,derived from rows above,hyperscaler
2018-04-01,2018-06-30,2018,Q2,2018Q2,GOOGL,gross_margin_pct,57.49,pct,,(revenue-cost_of_revenue)/revenue,,,,derived from rows above,hyperscaler
2018-07-01,2018-09-30,2018,Q3,2018Q3,GOOGL,gross_margin_pct,57.67,pct,,(revenue-cost_of_revenue)/revenue,,,,derived from rows above,hyperscaler
2018-10-01,2018-12-31,2018,Q4,2018Q4,GOOGL,gross_margin_pct,54.38,pct,,(revenue-cost_of_revenue)/revenue,,,,derived from rows above,hyperscaler
2019-01-01,2019-03-31,2019,Q1,2019Q1,GOOGL,gross_margin_pct,55.94,pct,,(revenue-cost_of_revenue)/revenue,,,,derived from rows above,hyperscaler
2019-04-01,2019-06-30,2019,Q2,2019Q2,GOOGL,gross_margin_pct,55.59,pct,,(revenue-cost_of_revenue)/revenue,,,,derived from rows above,hyperscaler
2019-07-01,2019-09-30,2019,Q3,2019Q3,GOOGL,gross_margin_pct,56.62,pct,,(revenue-cost_of_revenue)/revenue,,,,derived from rows above,hyperscaler
2019-10-01,2019-12-31,2019,Q4,2019Q4,GOOGL,gross_margin_pct,54.38,pct,,(revenue-cost_of_revenue)/revenue,,,,derived from rows above,hyperscaler
2020-01-01,2020-03-31,2020,Q1,2020Q1,GOOGL,gross_margin_pct,53.88,pct,,(revenue-cost_of_revenue)/revenue,,,,derived from rows above,hyperscaler
2020-04-01,2020-06-30,2020,Q2,2020Q2,GOOGL,gross_margin_pct,51.55,pct,,(revenue-cost_of_revenue)/revenue,,,,derived from rows above,hyperscaler
2020-07-01,2020-09-30,2020,Q3,2020Q3,GOOGL,gross_margin_pct,54.27,pct,,(revenue-cost_of_revenue)/revenue,,,,derived from rows above,hyperscaler
2020-10-01,2020-12-31,2020,Q4,2020Q4,GOOGL,gross_margin_pct,54.16,pct,,(revenue-cost_of_revenue)/revenue,,,,derived from rows above,hyperscaler
2021-01-01,2021-03-31,2021,Q1,2021Q1,GOOGL,gross_margin_pct,56.43,pct,,(revenue-cost_of_revenue)/revenue,,,,derived from rows above,hyperscaler
2021-04-01,2021-06-30,2021,Q2,2021Q2,GOOGL,gross_margin_pct,57.62,pct,,(revenue-cost_of_revenue)/revenue,,,,derived from rows above,hyperscaler
2021-07-01,2021-09-30,2021,Q3,2021Q3,GOOGL,gross_margin_pct,57.58,pct,,(revenue-cost_of_revenue)/revenue,,,,derived from rows above,hyperscaler
2021-10-01,2021-12-31,2021,Q4,2021Q4,GOOGL,gross_margin_pct,56.21,pct,,(revenue-cost_of_revenue)/revenue,,,,derived from rows above,hyperscaler
2022-01-01,2022-03-31,2022,Q1,2022Q1,GOOGL,gross_margin_pct,56.48,pct,,(revenue-cost_of_revenue)/revenue,,,,derived from rows above,hyperscaler
2022-04-01,2022-06-30,2022,Q2,2022Q2,GOOGL,gross_margin_pct,56.8,pct,,(revenue-cost_of_revenue)/revenue,,,,derived from rows above,hyperscaler
2022-07-01,2022-09-30,2022,Q3,2022Q3,GOOGL,gross_margin_pct,54.9,pct,,(revenue-cost_of_revenue)/revenue,,,,derived from rows above,hyperscaler
2022-10-01,2022-12-31,2022,Q4,2022Q4,GOOGL,gross_margin_pct,53.53,pct,,(revenue-cost_of_revenue)/revenue,,,,derived from rows above,hyperscaler
2023-01-01,2023-03-31,2023,Q1,2023Q1,GOOGL,gross_margin_pct,56.14,pct,,(revenue-cost_of_revenue)/revenue,,,,derived from rows above,hyperscaler
2023-04-01,2023-06-30,2023,Q2,2023Q2,GOOGL,gross_margin_pct,57.22,pct,,(revenue-cost_of_revenue)/revenue,,,,derived from rows above,hyperscaler
2023-07-01,2023-09-30,2023,Q3,2023Q3,GOOGL,gross_margin_pct,56.67,pct,,(revenue-cost_of_revenue)/revenue,,,,derived from rows above,hyperscaler
2023-10-01,2023-12-31,2023,Q4,2023Q4,GOOGL,gross_margin_pct,56.47,pct,,(revenue-cost_of_revenue)/revenue,,,,derived from rows above,hyperscaler
2024-01-01,2024-03-31,2024,Q1,2024Q1,GOOGL,gross_margin_pct,58.14,pct,,(revenue-cost_of_revenue)/revenue,,,,derived from rows above,hyperscaler
2024-04-01,2024-06-30,2024,Q2,2024Q2,GOOGL,gross_margin_pct,58.1,pct,,(revenue-cost_of_revenue)/revenue,,,,derived from rows above,hyperscaler
2024-07-01,2024-09-30,2024,Q3,2024Q3,GOOGL,gross_margin_pct,58.68,pct,,(revenue-cost_of_revenue)/revenue,,,,derived from rows above,hyperscaler
2024-10-01,2024-12-31,2024,Q4,2024Q4,GOOGL,gross_margin_pct,57.9,pct,,(revenue-cost_of_revenue)/revenue,,,,derived from rows above,hyperscaler
2025-01-01,2025-03-31,2025,Q1,2025Q1,GOOGL,gross_margin_pct,59.7,pct,,(revenue-cost_of_revenue)/revenue,,,,derived from rows above,hyperscaler
2025-04-01,2025-06-30,2025,Q2,2025Q2,GOOGL,gross_margin_pct,59.51,pct,,(revenue-cost_of_revenue)/revenue,,,,derived from rows above,hyperscaler
2025-07-01,2025-09-30,2025,Q3,2025Q3,GOOGL,gross_margin_pct,59.58,pct,,(revenue-cost_of_revenue)/revenue,,,,derived from rows above,hyperscaler
2025-10-01,2025-12-31,2025,Q4,2025Q4,GOOGL,gross_margin_pct,59.79,pct,,(revenue-cost_of_revenue)/revenue,,,,derived from rows above,hyperscaler
2026-01-01,2026-03-31,2026,Q1,2026Q1,GOOGL,gross_margin_pct,62.45,pct,,(revenue-cost_of_revenue)/revenue,,,,derived from rows above,hyperscaler
2026-04-01,2026-06-30,2026,Q2,2026Q2,GOOGL,gross_margin_pct,61.65,pct,,(revenue-cost_of_revenue)/revenue,,,,derived from rows above,hyperscaler
2015-10-01,2015-12-31,2015,Q4,2015Q4,GOOGL,inventory,491000000.0,USD,InventoryNet,reported,0001652044-17-000008,10-K,2017-02-03,https://data.sec.gov/api/xbrl/companyfacts/CIK0001652044.json,hyperscaler
2016-07-01,2016-09-30,2016,Q3,2016Q3,GOOGL,inventory,559000000.0,USD,InventoryNet,reported,0001652044-16-000038,10-Q,2016-11-03,https://data.sec.gov/api/xbrl/companyfacts/CIK0001652044.json,hyperscaler
2016-10-01,2016-12-31,2016,Q4,2016Q4,GOOGL,inventory,268000000.0,USD,InventoryNet,reported,0001652044-18-000007,10-K,2018-02-06,https://data.sec.gov/api/xbrl/companyfacts/CIK0001652044.json,hyperscaler
2017-01-01,2017-03-31,2017,Q1,2017Q1,GOOGL,inventory,280000000.0,USD,InventoryNet,reported,0001652044-17-000014,10-Q,2017-05-02,https://data.sec.gov/api/xbrl/companyfacts/CIK0001652044.json,hyperscaler
2017-04-01,2017-06-30,2017,Q2,2017Q2,GOOGL,inventory,398000000.0,USD,InventoryNet,reported,0001652044-17-000026,10-Q,2017-07-25,https://data.sec.gov/api/xbrl/companyfacts/CIK0001652044.json,hyperscaler
2017-07-01,2017-09-30,2017,Q3,2017Q3,GOOGL,inventory,765000000.0,USD,InventoryNet,reported,0001652044-17-000042,10-Q,2017-10-27,https://data.sec.gov/api/xbrl/companyfacts/CIK0001652044.json,hyperscaler
2017-10-01,2017-12-31,2017,Q4,2017Q4,GOOGL,inventory,749000000.0,USD,InventoryNet,reported,0001652044-19-000004,10-K,2019-02-05,https://data.sec.gov/api/xbrl/companyfacts/CIK0001652044.json,hyperscaler
2018-01-01,2018-03-31,2018,Q1,2018Q1,GOOGL,inventory,636000000.0,USD,InventoryNet,reported,0001652044-18-000016,10-Q,2018-04-24,https://data.sec.gov/api/xbrl/companyfacts/CIK0001652044.json,hyperscaler
2018-04-01,2018-06-30,2018,Q2,2018Q2,GOOGL,inventory,698000000.0,USD,InventoryNet,reported,0001652044-18-000027,10-Q,2018-07-24,https://data.sec.gov/api/xbrl/companyfacts/CIK0001652044.json,hyperscaler
2018-07-01,2018-09-30,2018,Q3,2018Q3,GOOGL,inventory,1212000000.0,USD,InventoryNet,reported,0001652044-18-000035,10-Q,2018-10-26,https://data.sec.gov/api/xbrl/companyfacts/CIK0001652044.json,hyperscaler
2018-10-01,2018-12-31,2018,Q4,2018Q4,GOOGL,inventory,1107000000.0,USD,InventoryNet,reported,0001652044-20-000008,10-K,2020-02-04,https://data.sec.gov/api/xbrl/companyfacts/CIK0001652044.json,hyperscaler
2019-01-01,2019-03-31,2019,Q1,2019Q1,GOOGL,inventory,1053000000.0,USD,InventoryNet,reported,0001652044-19-000015,10-Q,2019-04-30,https://data.sec.gov/api/xbrl/companyfacts/CIK0001652044.json,hyperscaler
2019-04-01,2019-06-30,2019,Q2,2019Q2,GOOGL,inventory,964000000.0,USD,InventoryNet,reported,0001652044-19-000023,10-Q,2019-07-26,https://data.sec.gov/api/xbrl/companyfacts/CIK0001652044.json,hyperscaler
2019-07-01,2019-09-30,2019,Q3,2019Q3,GOOGL,inventory,1401000000.0,USD,InventoryNet,reported,0001652044-19-000032,10-Q,2019-10-29,https://data.sec.gov/api/xbrl/companyfacts/CIK0001652044.json,hyperscaler
2019-10-01,2019-12-31,2019,Q4,2019Q4,GOOGL,inventory,999000000.0,USD,InventoryNet,reported,0001652044-21-000010,10-K,2021-02-03,https://data.sec.gov/api/xbrl/companyfacts/CIK0001652044.json,hyperscaler
2020-01-01,2020-03-31,2020,Q1,2020Q1,GOOGL,inventory,889000000.0,USD,InventoryNet,reported,0001652044-20-000021,10-Q,2020-04-29,https://data.sec.gov/api/xbrl/companyfacts/CIK0001652044.json,hyperscaler
2020-04-01,2020-06-30,2020,Q2,2020Q2,GOOGL,inventory,815000000.0,USD,InventoryNet,reported,0001652044-20-000032,10-Q,2020-07-31,https://data.sec.gov/api/xbrl/companyfacts/CIK0001652044.json,hyperscaler
2020-07-01,2020-09-30,2020,Q3,2020Q3,GOOGL,inventory,835000000.0,USD,InventoryNet,reported,0001652044-20-000050,10-Q,2020-10-30,https://data.sec.gov/api/xbrl/companyfacts/CIK0001652044.json,hyperscaler
2020-10-01,2020-12-31,2020,Q4,2020Q4,GOOGL,inventory,728000000.0,USD,InventoryNet,reported,0001652044-22-000019,10-K,2022-02-02,https://data.sec.gov/api/xbrl/companyfacts/CIK0001652044.json,hyperscaler
2021-01-01,2021-03-31,2021,Q1,2021Q1,GOOGL,inventory,888000000.0,USD,InventoryNet,reported,0001652044-21-000020,10-Q,2021-04-28,https://data.sec.gov/api/xbrl/companyfacts/CIK0001652044.json,hyperscaler
2021-04-01,2021-06-30,2021,Q2,2021Q2,GOOGL,inventory,907000000.0,USD,InventoryNet,reported,0001652044-21-000047,10-Q,2021-07-28,https://data.sec.gov/api/xbrl/companyfacts/CIK0001652044.json,hyperscaler
2021-07-01,2021-09-30,2021,Q3,2021Q3,GOOGL,inventory,1278000000.0,USD,InventoryNet,reported,0001652044-21-000057,10-Q,2021-10-27,https://data.sec.gov/api/xbrl/companyfacts/CIK0001652044.json,hyperscaler
2021-10-01,2021-12-31,2021,Q4,2021Q4,GOOGL,inventory,1170000000.0,USD,InventoryNet,reported,0001652044-23-000016,10-K,2023-02-03,https://data.sec.gov/api/xbrl/companyfacts/CIK0001652044.json,hyperscaler
2022-01-01,2022-03-31,2022,Q1,2022Q1,GOOGL,inventory,1369000000.0,USD,InventoryNet,reported,0001652044-22-000029,10-Q,2022-04-27,https://data.sec.gov/api/xbrl/companyfacts/CIK0001652044.json,hyperscaler
2022-04-01,2022-06-30,2022,Q2,2022Q2,GOOGL,inventory,1980000000.0,USD,InventoryNet,reported,0001652044-22-000071,10-Q,2022-07-27,https://data.sec.gov/api/xbrl/companyfacts/CIK0001652044.json,hyperscaler
2022-07-01,2022-09-30,2022,Q3,2022Q3,GOOGL,inventory,3156000000.0,USD,InventoryNet,reported,0001652044-22-000090,10-Q,2022-10-26,https://data.sec.gov/api/xbrl/companyfacts/CIK0001652044.json,hyperscaler
2022-10-01,2022-12-31,2022,Q4,2022Q4,GOOGL,inventory,2670000000.0,USD,InventoryNet,reported,0001652044-23-000094,10-Q,2023-10-25,https://data.sec.gov/api/xbrl/companyfacts/CIK0001652044.json,hyperscaler
2023-01-01,2023-03-31,2023,Q1,2023Q1,GOOGL,inventory,2315000000.0,USD,InventoryNet,reported,0001652044-23-000045,10-Q,2023-04-26,https://data.sec.gov/api/xbrl/companyfacts/CIK0001652044.json,hyperscaler
2023-04-01,2023-06-30,2023,Q2,2023Q2,GOOGL,inventory,2231000000.0,USD,InventoryNet,reported,0001652044-23-000070,10-Q,2023-07-26,https://data.sec.gov/api/xbrl/companyfacts/CIK0001652044.json,hyperscaler
2023-07-01,2023-09-30,2023,Q3,2023Q3,GOOGL,inventory,2957000000.0,USD,InventoryNet,reported,0001652044-23-000094,10-Q,2023-10-25,https://data.sec.gov/api/xbrl/companyfacts/CIK0001652044.json,hyperscaler
2025-10-01,2025-12-31,2025,Q4,2025Q4,GOOGL,inventory,2439000000.0,USD,InventoryNet,reported,0001652044-26-000071,10-Q,2026-07-23,https://data.sec.gov/api/xbrl/companyfacts/CIK0001652044.json,hyperscaler
2026-04-01,2026-06-30,2026,Q2,2026Q2,GOOGL,inventory,9991000000.0,USD,InventoryNet,reported,0001652044-26-000071,10-Q,2026-07-23,https://data.sec.gov/api/xbrl/companyfacts/CIK0001652044.json,hyperscaler
2015-10-01,2015-12-31,2015,Q4,2015Q4,GOOGL,inventory_days,5.5,days,,inventory/cost_of_revenue*days_in_quarter,,,,derived from rows above,hyperscaler
2016-07-01,2016-09-30,2016,Q3,2016Q3,GOOGL,inventory_days,5.9,days,,inventory/cost_of_revenue*days_in_quarter,,,,derived from rows above,hyperscaler
2016-10-01,2016-12-31,2016,Q4,2016Q4,GOOGL,inventory_days,2.3,days,,inventory/cost_of_revenue*days_in_quarter,,,,derived from rows above,hyperscaler
2017-01-01,2017-03-31,2017,Q1,2017Q1,GOOGL,inventory_days,2.6,days,,inventory/cost_of_revenue*days_in_quarter,,,,derived from rows above,hyperscaler
2017-04-01,2017-06-30,2017,Q2,2017Q2,GOOGL,inventory_days,3.5,days,,inventory/cost_of_revenue*days_in_quarter,,,,derived from rows above,hyperscaler
2017-07-01,2017-09-30,2017,Q3,2017Q3,GOOGL,inventory_days,6.3,days,,inventory/cost_of_revenue*days_in_quarter,,,,derived from rows above,hyperscaler
2017-10-01,2017-12-31,2017,Q4,2017Q4,GOOGL,inventory_days,4.8,days,,inventory/cost_of_revenue*days_in_quarter,,,,derived from rows above,hyperscaler
2018-01-01,2018-03-31,2018,Q1,2018Q1,GOOGL,inventory_days,4.3,days,,inventory/cost_of_revenue*days_in_quarter,,,,derived from rows above,hyperscaler
2018-04-01,2018-06-30,2018,Q2,2018Q2,GOOGL,inventory_days,4.6,days,,inventory/cost_of_revenue*days_in_quarter,,,,derived from rows above,hyperscaler
2018-07-01,2018-09-30,2018,Q3,2018Q3,GOOGL,inventory_days,7.8,days,,inventory/cost_of_revenue*days_in_quarter,,,,derived from rows above,hyperscaler
2018-10-01,2018-12-31,2018,Q4,2018Q4,GOOGL,inventory_days,5.7,days,,inventory/cost_of_revenue*days_in_quarter,,,,derived from rows above,hyperscaler
2019-01-01,2019-03-31,2019,Q1,2019Q1,GOOGL,inventory_days,5.9,days,,inventory/cost_of_revenue*days_in_quarter,,,,derived from rows above,hyperscaler
2019-04-01,2019-06-30,2019,Q2,2019Q2,GOOGL,inventory_days,5.1,days,,inventory/cost_of_revenue*days_in_quarter,,,,derived from rows above,hyperscaler
2019-07-01,2019-09-30,2019,Q3,2019Q3,GOOGL,inventory_days,7.3,days,,inventory/cost_of_revenue*days_in_quarter,,,,derived from rows above,hyperscaler
2019-10-01,2019-12-31,2019,Q4,2019Q4,GOOGL,inventory_days,4.4,days,,inventory/cost_of_revenue*days_in_quarter,,,,derived from rows above,hyperscaler
2020-01-01,2020-03-31,2020,Q1,2020Q1,GOOGL,inventory_days,4.3,days,,inventory/cost_of_revenue*days_in_quarter,,,,derived from rows above,hyperscaler
2020-04-01,2020-06-30,2020,Q2,2020Q2,GOOGL,inventory_days,4.0,days,,inventory/cost_of_revenue*days_in_quarter,,,,derived from rows above,hyperscaler
2020-07-01,2020-09-30,2020,Q3,2020Q3,GOOGL,inventory_days,3.6,days,,inventory/cost_of_revenue*days_in_quarter,,,,derived from rows above,hyperscaler
2020-10-01,2020-12-31,2020,Q4,2020Q4,GOOGL,inventory_days,2.6,days,,inventory/cost_of_revenue*days_in_quarter,,,,derived from rows above,hyperscaler
2021-01-01,2021-03-31,2021,Q1,2021Q1,GOOGL,inventory_days,3.3,days,,inventory/cost_of_revenue*days_in_quarter,,,,derived from rows above,hyperscaler
2021-04-01,2021-06-30,2021,Q2,2021Q2,GOOGL,inventory_days,3.1,days,,inventory/cost_of_revenue*days_in_quarter,,,,derived from rows above,hyperscaler
2021-07-01,2021-09-30,2021,Q3,2021Q3,GOOGL,inventory_days,4.3,days,,inventory/cost_of_revenue*days_in_quarter,,,,derived from rows above,hyperscaler
2021-10-01,2021-12-31,2021,Q4,2021Q4,GOOGL,inventory_days,3.3,days,,inventory/cost_of_revenue*days_in_quarter,,,,derived from rows above,hyperscaler
2022-01-01,2022-03-31,2022,Q1,2022Q1,GOOGL,inventory_days,4.2,days,,inventory/cost_of_revenue*days_in_quarter,,,,derived from rows above,hyperscaler
2022-04-01,2022-06-30,2022,Q2,2022Q2,GOOGL,inventory_days,6.0,days,,inventory/cost_of_revenue*days_in_quarter,,,,derived from rows above,hyperscaler
2022-07-01,2022-09-30,2022,Q3,2022Q3,GOOGL,inventory_days,9.3,days,,inventory/cost_of_revenue*days_in_quarter,,,,derived from rows above,hyperscaler
2022-10-01,2022-12-31,2022,Q4,2022Q4,GOOGL,inventory_days,7.0,days,,inventory/cost_of_revenue*days_in_quarter,,,,derived from rows above,hyperscaler
2023-01-01,2023-03-31,2023,Q1,2023Q1,GOOGL,inventory_days,6.8,days,,inventory/cost_of_revenue*days_in_quarter,,,,derived from rows above,hyperscaler
2023-04-01,2023-06-30,2023,Q2,2023Q2,GOOGL,inventory_days,6.4,days,,inventory/cost_of_revenue*days_in_quarter,,,,derived from rows above,hyperscaler
2023-07-01,2023-09-30,2023,Q3,2023Q3,GOOGL,inventory_days,8.2,days,,inventory/cost_of_revenue*days_in_quarter,,,,derived from rows above,hyperscaler
2025-10-01,2025-12-31,2025,Q4,2025Q4,GOOGL,inventory_days,4.9,days,,inventory/cost_of_revenue*days_in_quarter,,,,derived from rows above,hyperscaler
2026-04-01,2026-06-30,2026,Q2,2026Q2,GOOGL,inventory_days,19.8,days,,inventory/cost_of_revenue*days_in_quarter,,,,derived from rows above,hyperscaler
2014-07-01,2014-09-30,2014,Q3,2014Q3,GOOGL,operating_income,3724000000.0,USD,OperatingIncomeLoss,reported,0001652044-15-000005,10-Q,2015-10-29,https://data.sec.gov/api/xbrl/companyfacts/CIK0001652044.json,hyperscaler
2014-10-01,2014-12-31,2014,Q4,2014Q4,GOOGL,operating_income,4399000000.0,USD,OperatingIncomeLoss,ytd_diff,0001652044-17-000008,10-K,2017-02-03,https://data.sec.gov/api/xbrl/companyfacts/CIK0001652044.json,hyperscaler
2015-01-01,2015-03-31,2015,Q1,2015Q1,GOOGL,operating_income,4447000000.0,USD,OperatingIncomeLoss,reported,0001652044-16-000021,10-Q,2016-05-03,https://data.sec.gov/api/xbrl/companyfacts/CIK0001652044.json,hyperscaler
2015-04-01,2015-06-30,2015,Q2,2015Q2,GOOGL,operating_income,4825000000.0,USD,OperatingIncomeLoss,reported,0001652044-16-000032,10-Q,2016-08-04,https://data.sec.gov/api/xbrl/companyfacts/CIK0001652044.json,hyperscaler
2015-07-01,2015-09-30,2015,Q3,2015Q3,GOOGL,operating_income,4708000000.0,USD,OperatingIncomeLoss,reported,0001652044-16-000038,10-Q,2016-11-03,https://data.sec.gov/api/xbrl/companyfacts/CIK0001652044.json,hyperscaler
2015-10-01,2015-12-31,2015,Q4,2015Q4,GOOGL,operating_income,5380000000.0,USD,OperatingIncomeLoss,ytd_diff,0001652044-18-000007,10-K,2018-02-06,https://data.sec.gov/api/xbrl/companyfacts/CIK0001652044.json,hyperscaler
2016-01-01,2016-03-31,2016,Q1,2016Q1,GOOGL,operating_income,5342000000.0,USD,OperatingIncomeLoss,reported,0001652044-17-000014,10-Q,2017-05-02,https://data.sec.gov/api/xbrl/companyfacts/CIK0001652044.json,hyperscaler
2016-04-01,2016-06-30,2016,Q2,2016Q2,GOOGL,operating_income,5968000000.0,USD,OperatingIncomeLoss,reported,0001652044-17-000026,10-Q,2017-07-25,https://data.sec.gov/api/xbrl/companyfacts/CIK0001652044.json,hyperscaler
2016-07-01,2016-09-30,2016,Q3,2016Q3,GOOGL,operating_income,5767000000.0,USD,OperatingIncomeLoss,reported,0001652044-17-000042,10-Q,2017-10-27,https://data.sec.gov/api/xbrl/companyfacts/CIK0001652044.json,hyperscaler
2016-10-01,2016-12-31,2016,Q4,2016Q4,GOOGL,operating_income,6639000000.0,USD,OperatingIncomeLoss,ytd_diff,0001652044-19-000004,10-K,2019-02-05,https://data.sec.gov/api/xbrl/companyfacts/CIK0001652044.json,hyperscaler
2017-01-01,2017-03-31,2017,Q1,2017Q1,GOOGL,operating_income,6568000000.0,USD,OperatingIncomeLoss,reported,0001652044-18-000016,10-Q,2018-04-24,https://data.sec.gov/api/xbrl/companyfacts/CIK0001652044.json,hyperscaler
2017-04-01,2017-06-30,2017,Q2,2017Q2,GOOGL,operating_income,4132000000.0,USD,OperatingIncomeLoss,reported,0001652044-18-000027,10-Q,2018-07-24,https://data.sec.gov/api/xbrl/companyfacts/CIK0001652044.json,hyperscaler
2017-07-01,2017-09-30,2017,Q3,2017Q3,GOOGL,operating_income,7782000000.0,USD,OperatingIncomeLoss,reported,0001652044-18-000035,10-Q,2018-10-26,https://data.sec.gov/api/xbrl/companyfacts/CIK0001652044.json,hyperscaler
2017-10-01,2017-12-31,2017,Q4,2017Q4,GOOGL,operating_income,7696000000.0,USD,OperatingIncomeLoss,ytd_diff,0001652044-20-000008,10-K,2020-02-04,https://data.sec.gov/api/xbrl/companyfacts/CIK0001652044.json,hyperscaler
2018-01-01,2018-03-31,2018,Q1,2018Q1,GOOGL,operating_income,7633000000.0,USD,OperatingIncomeLoss,reported,0001652044-19-000015,10-Q,2019-04-30,https://data.sec.gov/api/xbrl/companyfacts/CIK0001652044.json,hyperscaler
2018-04-01,2018-06-30,2018,Q2,2018Q2,GOOGL,operating_income,3045000000.0,USD,OperatingIncomeLoss,reported,0001652044-19-000023,10-Q,2019-07-26,https://data.sec.gov/api/xbrl/companyfacts/CIK0001652044.json,hyperscaler
2018-07-01,2018-09-30,2018,Q3,2018Q3,GOOGL,operating_income,8625000000.0,USD,OperatingIncomeLoss,reported,0001652044-19-000032,10-Q,2019-10-29,https://data.sec.gov/api/xbrl/companyfacts/CIK0001652044.json,hyperscaler
2018-10-01,2018-12-31,2018,Q4,2018Q4,GOOGL,operating_income,8221000000.0,USD,OperatingIncomeLoss,ytd_diff,0001652044-21-000010,10-K,2021-02-03,https://data.sec.gov/api/xbrl/companyfacts/CIK0001652044.json,hyperscaler
2019-01-01,2019-03-31,2019,Q1,2019Q1,GOOGL,operating_income,6608000000.0,USD,OperatingIncomeLoss,reported,0001652044-20-000021,10-Q,2020-04-29,https://data.sec.gov/api/xbrl/companyfacts/CIK0001652044.json,hyperscaler
2019-04-01,2019-06-30,2019,Q2,2019Q2,GOOGL,operating_income,9180000000.0,USD,OperatingIncomeLoss,reported,0001652044-20-000032,10-Q,2020-07-31,https://data.sec.gov/api/xbrl/companyfacts/CIK0001652044.json,hyperscaler
2019-07-01,2019-09-30,2019,Q3,2019Q3,GOOGL,operating_income,9177000000.0,USD,OperatingIncomeLoss,reported,0001652044-20-000050,10-Q,2020-10-30,https://data.sec.gov/api/xbrl/companyfacts/CIK0001652044.json,hyperscaler
2019-10-01,2019-12-31,2019,Q4,2019Q4,GOOGL,operating_income,9266000000.0,USD,OperatingIncomeLoss,ytd_diff,0001652044-22-000019,10-K,2022-02-02,https://data.sec.gov/api/xbrl/companyfacts/CIK0001652044.json,hyperscaler
2020-01-01,2020-03-31,2020,Q1,2020Q1,GOOGL,operating_income,7977000000.0,USD,OperatingIncomeLoss,reported,0001652044-21-000020,10-Q,2021-04-28,https://data.sec.gov/api/xbrl/companyfacts/CIK0001652044.json,hyperscaler
2020-04-01,2020-06-30,2020,Q2,2020Q2,GOOGL,operating_income,6383000000.0,USD,OperatingIncomeLoss,reported,0001652044-21-000047,10-Q,2021-07-28,https://data.sec.gov/api/xbrl/companyfacts/CIK0001652044.json,hyperscaler
2020-07-01,2020-09-30,2020,Q3,2020Q3,GOOGL,operating_income,11213000000.0,USD,OperatingIncomeLoss,reported,0001652044-21-000057,10-Q,2021-10-27,https://data.sec.gov/api/xbrl/companyfacts/CIK0001652044.json,hyperscaler
2020-10-01,2020-12-31,2020,Q4,2020Q4,GOOGL,operating_income,15651000000.0,USD,OperatingIncomeLoss,ytd_diff,0001652044-23-000016,10-K,2023-02-03,https://data.sec.gov/api/xbrl/companyfacts/CIK0001652044.json,hyperscaler
2021-01-01,2021-03-31,2021,Q1,2021Q1,GOOGL,operating_income,16437000000.0,USD,OperatingIncomeLoss,reported,0001652044-22-000029,10-Q,2022-04-27,https://data.sec.gov/api/xbrl/companyfacts/CIK0001652044.json,hyperscaler
2021-04-01,2021-06-30,2021,Q2,2021Q2,GOOGL,operating_income,19361000000.0,USD,OperatingIncomeLoss,reported,0001652044-22-000071,10-Q,2022-07-27,https://data.sec.gov/api/xbrl/companyfacts/CIK0001652044.json,hyperscaler
2021-07-01,2021-09-30,2021,Q3,2021Q3,GOOGL,operating_income,21031000000.0,USD,OperatingIncomeLoss,reported,0001652044-22-000090,10-Q,2022-10-26,https://data.sec.gov/api/xbrl/companyfacts/CIK0001652044.json,hyperscaler
2021-10-01,2021-12-31,2021,Q4,2021Q4,GOOGL,operating_income,21885000000.0,USD,OperatingIncomeLoss,ytd_diff,0001652044-24-000022,10-K,2024-01-31,https://data.sec.gov/api/xbrl/companyfacts/CIK0001652044.json,hyperscaler
2022-01-01,2022-03-31,2022,Q1,2022Q1,GOOGL,operating_income,20094000000.0,USD,OperatingIncomeLoss,reported,0001652044-23-000045,10-Q,2023-04-26,https://data.sec.gov/api/xbrl/companyfacts/CIK0001652044.json,hyperscaler
2022-04-01,2022-06-30,2022,Q2,2022Q2,GOOGL,operating_income,19453000000.0,USD,OperatingIncomeLoss,reported,0001652044-23-000070,10-Q,2023-07-26,https://data.sec.gov/api/xbrl/companyfacts/CIK0001652044.json,hyperscaler
2022-07-01,2022-09-30,2022,Q3,2022Q3,GOOGL,operating_income,17135000000.0,USD,OperatingIncomeLoss,reported,0001652044-23-000094,10-Q,2023-10-25,https://data.sec.gov/api/xbrl/companyfacts/CIK0001652044.json,hyperscaler
2022-10-01,2022-12-31,2022,Q4,2022Q4,GOOGL,operating_income,18160000000.0,USD,OperatingIncomeLoss,ytd_diff,0001652044-25-000014,10-K,2025-02-05,https://data.sec.gov/api/xbrl/companyfacts/CIK0001652044.json,hyperscaler
2023-01-01,2023-03-31,2023,Q1,2023Q1,GOOGL,operating_income,17415000000.0,USD,OperatingIncomeLoss,reported,0001652044-24-000053,10-Q,2024-04-26,https://data.sec.gov/api/xbrl/companyfacts/CIK0001652044.json,hyperscaler
2023-04-01,2023-06-30,2023,Q2,2023Q2,GOOGL,operating_income,21838000000.0,USD,OperatingIncomeLoss,reported,0001652044-24-000079,10-Q,2024-07-24,https://data.sec.gov/api/xbrl/companyfacts/CIK0001652044.json,hyperscaler
2023-07-01,2023-09-30,2023,Q3,2023Q3,GOOGL,operating_income,21343000000.0,USD,OperatingIncomeLoss,reported,0001652044-24-000118,10-Q,2024-10-30,https://data.sec.gov/api/xbrl/companyfacts/CIK0001652044.json,hyperscaler
2023-10-01,2023-12-31,2023,Q4,2023Q4,GOOGL,operating_income,23697000000.0,USD,OperatingIncomeLoss,ytd_diff,0001652044-26-000018,10-K,2026-02-05,https://data.sec.gov/api/xbrl/companyfacts/CIK0001652044.json,hyperscaler
2024-01-01,2024-03-31,2024,Q1,2024Q1,GOOGL,operating_income,25472000000.0,USD,OperatingIncomeLoss,reported,0001652044-25-000043,10-Q,2025-04-25,https://data.sec.gov/api/xbrl/companyfacts/CIK0001652044.json,hyperscaler
2024-04-01,2024-06-30,2024,Q2,2024Q2,GOOGL,operating_income,27425000000.0,USD,OperatingIncomeLoss,reported,0001652044-25-000062,10-Q,2025-07-24,https://data.sec.gov/api/xbrl/companyfacts/CIK0001652044.json,hyperscaler
2024-07-01,2024-09-30,2024,Q3,2024Q3,GOOGL,operating_income,28521000000.0,USD,OperatingIncomeLoss,reported,0001652044-25-000091,10-Q,2025-10-30,https://data.sec.gov/api/xbrl/companyfacts/CIK0001652044.json,hyperscaler
2024-10-01,2024-12-31,2024,Q4,2024Q4,GOOGL,operating_income,30972000000.0,USD,OperatingIncomeLoss,ytd_diff,0001652044-26-000018,10-K,2026-02-05,https://data.sec.gov/api/xbrl/companyfacts/CIK0001652044.json,hyperscaler
2025-01-01,2025-03-31,2025,Q1,2025Q1,GOOGL,operating_income,30606000000.0,USD,OperatingIncomeLoss,reported,0001652044-26-000048,10-Q,2026-04-30,https://data.sec.gov/api/xbrl/companyfacts/CIK0001652044.json,hyperscaler
2025-04-01,2025-06-30,2025,Q2,2025Q2,GOOGL,operating_income,31271000000.0,USD,OperatingIncomeLoss,reported,0001652044-26-000071,10-Q,2026-07-23,https://data.sec.gov/api/xbrl/companyfacts/CIK0001652044.json,hyperscaler
2025-07-01,2025-09-30,2025,Q3,2025Q3,GOOGL,operating_income,31228000000.0,USD,OperatingIncomeLoss,reported,0001652044-25-000091,10-Q,2025-10-30,https://data.sec.gov/api/xbrl/companyfacts/CIK0001652044.json,hyperscaler
2025-10-01,2025-12-31,2025,Q4,2025Q4,GOOGL,operating_income,35934000000.0,USD,OperatingIncomeLoss,ytd_diff,0001652044-26-000018,10-K,2026-02-05,https://data.sec.gov/api/xbrl/companyfacts/CIK0001652044.json,hyperscaler
2026-01-01,2026-03-31,2026,Q1,2026Q1,GOOGL,operating_income,39696000000.0,USD,OperatingIncomeLoss,reported,0001652044-26-000048,10-Q,2026-04-30,https://data.sec.gov/api/xbrl/companyfacts/CIK0001652044.json,hyperscaler
2026-04-01,2026-06-30,2026,Q2,2026Q2,GOOGL,operating_income,40770000000.0,USD,OperatingIncomeLoss,reported,0001652044-26-000071,10-Q,2026-07-23,https://data.sec.gov/api/xbrl/companyfacts/CIK0001652044.json,hyperscaler
2014-07-01,2014-09-30,2014,Q3,2014Q3,GOOGL,revenue,16523000000.0,USD,Revenues,reported,0001652044-15-000005,10-Q,2015-10-29,https://data.sec.gov/api/xbrl/companyfacts/CIK0001652044.json,hyperscaler
2014-10-01,2014-12-31,2014,Q4,2014Q4,GOOGL,revenue,18103000000.0,USD,Revenues,ytd_diff,0001652044-17-000008,10-K,2017-02-03,https://data.sec.gov/api/xbrl/companyfacts/CIK0001652044.json,hyperscaler
2015-01-01,2015-03-31,2015,Q1,2015Q1,GOOGL,revenue,17258000000.0,USD,Revenues,reported,0001652044-16-000021,10-Q,2016-05-03,https://data.sec.gov/api/xbrl/companyfacts/CIK0001652044.json,hyperscaler
2015-04-01,2015-06-30,2015,Q2,2015Q2,GOOGL,revenue,17727000000.0,USD,Revenues,reported,0001652044-16-000032,10-Q,2016-08-04,https://data.sec.gov/api/xbrl/companyfacts/CIK0001652044.json,hyperscaler
2015-07-01,2015-09-30,2015,Q3,2015Q3,GOOGL,revenue,18675000000.0,USD,Revenues,reported,0001652044-16-000038,10-Q,2016-11-03,https://data.sec.gov/api/xbrl/companyfacts/CIK0001652044.json,hyperscaler
2015-10-01,2015-12-31,2015,Q4,2015Q4,GOOGL,revenue,21329000000.0,USD,Revenues,ytd_diff,0001652044-18-000007,10-K,2018-02-06,https://data.sec.gov/api/xbrl/companyfacts/CIK0001652044.json,hyperscaler
2016-01-01,2016-03-31,2016,Q1,2016Q1,GOOGL,revenue,20257000000.0,USD,Revenues,reported,0001652044-17-000014,10-Q,2017-05-02,https://data.sec.gov/api/xbrl/companyfacts/CIK0001652044.json,hyperscaler
2016-04-01,2016-06-30,2016,Q2,2016Q2,GOOGL,revenue,21500000000.0,USD,Revenues,reported,0001652044-17-000026,10-Q,2017-07-25,https://data.sec.gov/api/xbrl/companyfacts/CIK0001652044.json,hyperscaler
2016-07-01,2016-09-30,2016,Q3,2016Q3,GOOGL,revenue,22451000000.0,USD,Revenues,reported,0001652044-17-000042,10-Q,2017-10-27,https://data.sec.gov/api/xbrl/companyfacts/CIK0001652044.json,hyperscaler
2016-10-01,2016-12-31,2016,Q4,2016Q4,GOOGL,revenue,26064000000.0,USD,Revenues,ytd_diff,0001652044-18-000007,10-K,2018-02-06,https://data.sec.gov/api/xbrl/companyfacts/CIK0001652044.json,hyperscaler
2017-01-01,2017-03-31,2017,Q1,2017Q1,GOOGL,revenue,24750000000.0,USD,Revenues,reported,0001652044-18-000016,10-Q,2018-04-24,https://data.sec.gov/api/xbrl/companyfacts/CIK0001652044.json,hyperscaler
2017-04-01,2017-06-30,2017,Q2,2017Q2,GOOGL,revenue,26010000000.0,USD,Revenues,reported,0001652044-18-000027,10-Q,2018-07-24,https://data.sec.gov/api/xbrl/companyfacts/CIK0001652044.json,hyperscaler
2017-07-01,2017-09-30,2017,Q3,2017Q3,GOOGL,revenue,27772000000.0,USD,Revenues,reported,0001652044-18-000035,10-Q,2018-10-26,https://data.sec.gov/api/xbrl/companyfacts/CIK0001652044.json,hyperscaler
2017-10-01,2017-12-31,2017,Q4,2017Q4,GOOGL,revenue,32323000000.0,USD,RevenueFromContractWithCustomerExcludingAssessedTax,ytd_diff,0001652044-20-000008,10-K,2020-02-04,https://data.sec.gov/api/xbrl/companyfacts/CIK0001652044.json,hyperscaler
2018-01-01,2018-03-31,2018,Q1,2018Q1,GOOGL,revenue,31146000000.0,USD,Revenues,reported,0001652044-19-000015,10-Q,2019-04-30,https://data.sec.gov/api/xbrl/companyfacts/CIK0001652044.json,hyperscaler
2018-04-01,2018-06-30,2018,Q2,2018Q2,GOOGL,revenue,32657000000.0,USD,RevenueFromContractWithCustomerExcludingAssessedTax,reported,0001652044-19-000023,10-Q,2019-07-26,https://data.sec.gov/api/xbrl/companyfacts/CIK0001652044.json,hyperscaler
2018-07-01,2018-09-30,2018,Q3,2018Q3,GOOGL,revenue,33740000000.0,USD,RevenueFromContractWithCustomerExcludingAssessedTax,reported,0001652044-19-000032,10-Q,2019-10-29,https://data.sec.gov/api/xbrl/companyfacts/CIK0001652044.json,hyperscaler
2018-10-01,2018-12-31,2018,Q4,2018Q4,GOOGL,revenue,39276000000.0,USD,Revenues,ytd_diff,0001652044-21-000010,10-K,2021-02-03,https://data.sec.gov/api/xbrl/companyfacts/CIK0001652044.json,hyperscaler
2019-01-01,2019-03-31,2019,Q1,2019Q1,GOOGL,revenue,36339000000.0,USD,RevenueFromContractWithCustomerExcludingAssessedTax,reported,0001652044-20-000021,10-Q,2020-04-29,https://data.sec.gov/api/xbrl/companyfacts/CIK0001652044.json,hyperscaler
2019-04-01,2019-06-30,2019,Q2,2019Q2,GOOGL,revenue,38944000000.0,USD,RevenueFromContractWithCustomerExcludingAssessedTax,reported,0001652044-20-000032,10-Q,2020-07-31,https://data.sec.gov/api/xbrl/companyfacts/CIK0001652044.json,hyperscaler
2019-07-01,2019-09-30,2019,Q3,2019Q3,GOOGL,revenue,40499000000.0,USD,RevenueFromContractWithCustomerExcludingAssessedTax,reported,0001652044-20-000050,10-Q,2020-10-30,https://data.sec.gov/api/xbrl/companyfacts/CIK0001652044.json,hyperscaler
2019-10-01,2019-12-31,2019,Q4,2019Q4,GOOGL,revenue,46075000000.0,USD,RevenueFromContractWithCustomerExcludingAssessedTax,ytd_diff,0001652044-20-000008,10-K,2020-02-04,https://data.sec.gov/api/xbrl/companyfacts/CIK0001652044.json,hyperscaler
2020-01-01,2020-03-31,2020,Q1,2020Q1,GOOGL,revenue,41159000000.0,USD,Revenues,reported,0001652044-21-000020,10-Q,2021-04-28,https://data.sec.gov/api/xbrl/companyfacts/CIK0001652044.json,hyperscaler
2020-04-01,2020-06-30,2020,Q2,2020Q2,GOOGL,revenue,38297000000.0,USD,Revenues,reported,0001652044-21-000047,10-Q,2021-07-28,https://data.sec.gov/api/xbrl/companyfacts/CIK0001652044.json,hyperscaler
2020-07-01,2020-09-30,2020,Q3,2020Q3,GOOGL,revenue,46173000000.0,USD,RevenueFromContractWithCustomerExcludingAssessedTax,reported,0001652044-21-000057,10-Q,2021-10-27,https://data.sec.gov/api/xbrl/companyfacts/CIK0001652044.json,hyperscaler
2020-10-01,2020-12-31,2020,Q4,2020Q4,GOOGL,revenue,56898000000.0,USD,RevenueFromContractWithCustomerExcludingAssessedTax,ytd_diff,0001652044-23-000016,10-K,2023-02-03,https://data.sec.gov/api/xbrl/companyfacts/CIK0001652044.json,hyperscaler
2021-01-01,2021-03-31,2021,Q1,2021Q1,GOOGL,revenue,55314000000.0,USD,RevenueFromContractWithCustomerExcludingAssessedTax,reported,0001652044-22-000029,10-Q,2022-04-27,https://data.sec.gov/api/xbrl/companyfacts/CIK0001652044.json,hyperscaler
2021-04-01,2021-06-30,2021,Q2,2021Q2,GOOGL,revenue,61880000000.0,USD,RevenueFromContractWithCustomerExcludingAssessedTax,reported,0001652044-22-000071,10-Q,2022-07-27,https://data.sec.gov/api/xbrl/companyfacts/CIK0001652044.json,hyperscaler
2021-07-01,2021-09-30,2021,Q3,2021Q3,GOOGL,revenue,65118000000.0,USD,RevenueFromContractWithCustomerExcludingAssessedTax,reported,0001652044-22-000090,10-Q,2022-10-26,https://data.sec.gov/api/xbrl/companyfacts/CIK0001652044.json,hyperscaler
2021-10-01,2021-12-31,2021,Q4,2021Q4,GOOGL,revenue,75325000000.0,USD,RevenueFromContractWithCustomerExcludingAssessedTax,ytd_diff,0001652044-24-000022,10-K,2024-01-31,https://data.sec.gov/api/xbrl/companyfacts/CIK0001652044.json,hyperscaler
2022-01-01,2022-03-31,2022,Q1,2022Q1,GOOGL,revenue,68011000000.0,USD,RevenueFromContractWithCustomerExcludingAssessedTax,reported,0001652044-23-000045,10-Q,2023-04-26,https://data.sec.gov/api/xbrl/companyfacts/CIK0001652044.json,hyperscaler
2022-04-01,2022-06-30,2022,Q2,2022Q2,GOOGL,revenue,69685000000.0,USD,RevenueFromContractWithCustomerExcludingAssessedTax,reported,0001652044-23-000070,10-Q,2023-07-26,https://data.sec.gov/api/xbrl/companyfacts/CIK0001652044.json,hyperscaler
2022-07-01,2022-09-30,2022,Q3,2022Q3,GOOGL,revenue,69092000000.0,USD,RevenueFromContractWithCustomerExcludingAssessedTax,reported,0001652044-23-000094,10-Q,2023-10-25,https://data.sec.gov/api/xbrl/companyfacts/CIK0001652044.json,hyperscaler
2022-10-01,2022-12-31,2022,Q4,2022Q4,GOOGL,revenue,76048000000.0,USD,RevenueFromContractWithCustomerExcludingAssessedTax,ytd_diff,0001652044-25-000014,10-K,2025-02-05,https://data.sec.gov/api/xbrl/companyfacts/CIK0001652044.json,hyperscaler
2023-01-01,2023-03-31,2023,Q1,2023Q1,GOOGL,revenue,69787000000.0,USD,RevenueFromContractWithCustomerExcludingAssessedTax,reported,0001652044-24-000053,10-Q,2024-04-26,https://data.sec.gov/api/xbrl/companyfacts/CIK0001652044.json,hyperscaler
2023-04-01,2023-06-30,2023,Q2,2023Q2,GOOGL,revenue,74604000000.0,USD,RevenueFromContractWithCustomerExcludingAssessedTax,reported,0001652044-24-000079,10-Q,2024-07-24,https://data.sec.gov/api/xbrl/companyfacts/CIK0001652044.json,hyperscaler
2023-07-01,2023-09-30,2023,Q3,2023Q3,GOOGL,revenue,76693000000.0,USD,RevenueFromContractWithCustomerExcludingAssessedTax,reported,0001652044-24-000118,10-Q,2024-10-30,https://data.sec.gov/api/xbrl/companyfacts/CIK0001652044.json,hyperscaler
2023-10-01,2023-12-31,2023,Q4,2023Q4,GOOGL,revenue,86310000000.0,USD,RevenueFromContractWithCustomerExcludingAssessedTax,ytd_diff,0001652044-25-000014,10-K,2025-02-05,https://data.sec.gov/api/xbrl/companyfacts/CIK0001652044.json,hyperscaler
2024-01-01,2024-03-31,2024,Q1,2024Q1,GOOGL,revenue,80539000000.0,USD,RevenueFromContractWithCustomerExcludingAssessedTax,reported,0001652044-25-000043,10-Q,2025-04-25,https://data.sec.gov/api/xbrl/companyfacts/CIK0001652044.json,hyperscaler
2024-04-01,2024-06-30,2024,Q2,2024Q2,GOOGL,revenue,84742000000.0,USD,Revenues,reported,0001652044-25-000062,10-Q,2025-07-24,https://data.sec.gov/api/xbrl/companyfacts/CIK0001652044.json,hyperscaler
2024-07-01,2024-09-30,2024,Q3,2024Q3,GOOGL,revenue,88268000000.0,USD,Revenues,reported,0001652044-25-000091,10-Q,2025-10-30,https://data.sec.gov/api/xbrl/companyfacts/CIK0001652044.json,hyperscaler
2024-10-01,2024-12-31,2024,Q4,2024Q4,GOOGL,revenue,96469000000.0,USD,Revenues,ytd_diff,0001652044-26-000018,10-K,2026-02-05,https://data.sec.gov/api/xbrl/companyfacts/CIK0001652044.json,hyperscaler
2025-01-01,2025-03-31,2025,Q1,2025Q1,GOOGL,revenue,90234000000.0,USD,Revenues,reported,0001652044-26-000048,10-Q,2026-04-30,https://data.sec.gov/api/xbrl/companyfacts/CIK0001652044.json,hyperscaler
2025-04-01,2025-06-30,2025,Q2,2025Q2,GOOGL,revenue,96428000000.0,USD,Revenues,reported,0001652044-26-000071,10-Q,2026-07-23,https://data.sec.gov/api/xbrl/companyfacts/CIK0001652044.json,hyperscaler
2025-07-01,2025-09-30,2025,Q3,2025Q3,GOOGL,revenue,102346000000.0,USD,Revenues,reported,0001652044-25-000091,10-Q,2025-10-30,https://data.sec.gov/api/xbrl/companyfacts/CIK0001652044.json,hyperscaler
2025-10-01,2025-12-31,2025,Q4,2025Q4,GOOGL,revenue,113829000000.0,USD,Revenues,ytd_diff,0001652044-26-000018,10-K,2026-02-05,https://data.sec.gov/api/xbrl/companyfacts/CIK0001652044.json,hyperscaler
2026-01-01,2026-03-31,2026,Q1,2026Q1,GOOGL,revenue,109896000000.0,USD,Revenues,reported,0001652044-26-000048,10-Q,2026-04-30,https://data.sec.gov/api/xbrl/companyfacts/CIK0001652044.json,hyperscaler
2026-04-01,2026-06-30,2026,Q2,2026Q2,GOOGL,revenue,119796000000.0,USD,Revenues,reported,0001652044-26-000071,10-Q,2026-07-23,https://data.sec.gov/api/xbrl/companyfacts/CIK0001652044.json,hyperscaler
2013-12-29,2014-03-29,2014,Q1,2014Q1,INTC,capex,2689000000.0,USD,PaymentsToAcquirePropertyPlantAndEquipment,reported,0000050863-15-000028,10-Q,2015-04-27,https://data.sec.gov/api/xbrl/companyfacts/CIK0000050863.json,CPU
2014-03-30,2014-06-28,2014,Q2,2014Q2,INTC,capex,2828000000.0,USD,PaymentsToAcquirePropertyPlantAndEquipment,ytd_diff,0000050863-15-000055,10-Q,2015-07-27,https://data.sec.gov/api/xbrl/companyfacts/CIK0000050863.json,CPU
2014-06-29,2014-09-27,2014,Q3,2014Q3,INTC,capex,2445000000.0,USD,PaymentsToAcquirePropertyPlantAndEquipment,ytd_diff,0000050863-15-000072,10-Q,2015-10-28,https://data.sec.gov/api/xbrl/companyfacts/CIK0000050863.json,CPU
2014-09-28,2014-12-27,2014,Q4,2014Q4,INTC,capex,2143000000.0,USD,PaymentsToAcquirePropertyPlantAndEquipment,ytd_diff,0000050863-17-000012,10-K,2017-02-17,https://data.sec.gov/api/xbrl/companyfacts/CIK0000050863.json,CPU
2014-12-28,2015-03-28,2015,Q1,2015Q1,INTC,capex,2025000000.0,USD,PaymentsToAcquirePropertyPlantAndEquipment,reported,0000050863-16-000125,10-Q,2016-05-02,https://data.sec.gov/api/xbrl/companyfacts/CIK0000050863.json,CPU
2015-03-29,2015-06-27,2015,Q2,2015Q2,INTC,capex,1767000000.0,USD,PaymentsToAcquirePropertyPlantAndEquipment,ytd_diff,0000050863-16-000142,10-Q,2016-08-01,https://data.sec.gov/api/xbrl/companyfacts/CIK0000050863.json,CPU
2015-06-28,2015-09-26,2015,Q3,2015Q3,INTC,capex,1206000000.0,USD,PaymentsToAcquirePropertyPlantAndEquipment,ytd_diff,0000050863-16-000153,10-Q,2016-10-31,https://data.sec.gov/api/xbrl/companyfacts/CIK0000050863.json,CPU
2015-09-27,2015-12-26,2015,Q4,2015Q4,INTC,capex,2328000000.0,USD,PaymentsToAcquirePropertyPlantAndEquipment,ytd_diff,0000050863-18-000007,10-K,2018-02-16,https://data.sec.gov/api/xbrl/companyfacts/CIK0000050863.json,CPU
2015-12-27,2016-04-02,2016,Q1,2016Q1,INTC,capex,1346000000.0,USD,PaymentsToAcquirePropertyPlantAndEquipment,reported,0000050863-17-000029,10-Q,2017-04-27,https://data.sec.gov/api/xbrl/companyfacts/CIK0000050863.json,CPU
2016-04-03,2016-07-02,2016,Q2,2016Q2,INTC,capex,2286000000.0,USD,PaymentsToAcquirePropertyPlantAndEquipment,ytd_diff,0000050863-17-000041,10-Q,2017-07-27,https://data.sec.gov/api/xbrl/companyfacts/CIK0000050863.json,CPU
2016-07-03,2016-10-01,2016,Q3,2016Q3,INTC,capex,2463000000.0,USD,PaymentsToAcquirePropertyPlantAndEquipment,ytd_diff,0000050863-17-000048,10-Q,2017-10-26,https://data.sec.gov/api/xbrl/companyfacts/CIK0000050863.json,CPU
2016-10-02,2016-12-31,2016,Q4,2016Q4,INTC,capex,3530000000.0,USD,PaymentsToAcquirePropertyPlantAndEquipment,ytd_diff,0000050863-19-000007,10-K,2019-02-01,https://data.sec.gov/api/xbrl/companyfacts/CIK0000050863.json,CPU
2017-01-01,2017-04-01,2017,Q1,2017Q1,INTC,capex,1952000000.0,USD,PaymentsToAcquirePropertyPlantAndEquipment,reported,0000050863-18-000013,10-Q,2018-04-27,https://data.sec.gov/api/xbrl/companyfacts/CIK0000050863.json,CPU
2017-04-02,2017-07-01,2017,Q2,2017Q2,INTC,capex,2778000000.0,USD,PaymentsToAcquirePropertyPlantAndEquipment,ytd_diff,0000050863-18-000022,10-Q,2018-07-27,https://data.sec.gov/api/xbrl/companyfacts/CIK0000050863.json,CPU
2017-07-02,2017-09-30,2017,Q3,2017Q3,INTC,capex,2979000000.0,USD,PaymentsToAcquirePropertyPlantAndEquipment,ytd_diff,0000050863-18-000029,10-Q,2018-10-26,https://data.sec.gov/api/xbrl/companyfacts/CIK0000050863.json,CPU
2017-10-01,2017-12-30,2017,Q4,2017Q4,INTC,capex,4069000000.0,USD,PaymentsToAcquirePropertyPlantAndEquipment,ytd_diff,0000050863-20-000011,10-K,2020-01-24,https://data.sec.gov/api/xbrl/companyfacts/CIK0000050863.json,CPU
2017-12-31,2018-03-31,2018,Q1,2018Q1,INTC,capex,2910000000.0,USD,PaymentsToAcquirePropertyPlantAndEquipment,reported,0000050863-19-000013,10-Q,2019-04-26,https://data.sec.gov/api/xbrl/companyfacts/CIK0000050863.json,CPU
2018-04-01,2018-06-30,2018,Q2,2018Q2,INTC,capex,4530000000.0,USD,PaymentsToAcquirePropertyPlantAndEquipment,ytd_diff,0000050863-19-000023,10-Q,2019-07-26,https://data.sec.gov/api/xbrl/companyfacts/CIK0000050863.json,CPU
2018-07-01,2018-09-29,2018,Q3,2018Q3,INTC,capex,3851000000.0,USD,PaymentsToAcquirePropertyPlantAndEquipment,ytd_diff,0000050863-19-000029,10-Q,2019-10-25,https://data.sec.gov/api/xbrl/companyfacts/CIK0000050863.json,CPU
2018-09-30,2018-12-29,2018,Q4,2018Q4,INTC,capex,3890000000.0,USD,PaymentsToAcquirePropertyPlantAndEquipment,ytd_diff,0000050863-21-000010,10-K,2021-01-22,https://data.sec.gov/api/xbrl/companyfacts/CIK0000050863.json,CPU
2018-12-30,2019-03-30,2019,Q1,2019Q1,INTC,capex,3321000000.0,USD,PaymentsToAcquirePropertyPlantAndEquipment,reported,0000050863-20-000017,10-Q,2020-04-24,https://data.sec.gov/api/xbrl/companyfacts/CIK0000050863.json,CPU
2019-03-31,2019-06-29,2019,Q2,2019Q2,INTC,capex,3554000000.0,USD,PaymentsToAcquirePropertyPlantAndEquipment,ytd_diff,0000050863-20-000026,10-Q,2020-07-24,https://data.sec.gov/api/xbrl/companyfacts/CIK0000050863.json,CPU
2019-06-30,2019-09-28,2019,Q3,2019Q3,INTC,capex,4672000000.0,USD,PaymentsToAcquirePropertyPlantAndEquipment,ytd_diff,0000050863-20-000043,10-Q,2020-10-23,https://data.sec.gov/api/xbrl/companyfacts/CIK0000050863.json,CPU
2019-09-29,2019-12-28,2019,Q4,2019Q4,INTC,capex,4666000000.0,USD,PaymentsToAcquirePropertyPlantAndEquipment,ytd_diff,0000050863-22-000007,10-K,2022-01-27,https://data.sec.gov/api/xbrl/companyfacts/CIK0000050863.json,CPU
2019-12-29,2020-03-28,2020,Q1,2020Q1,INTC,capex,3268000000.0,USD,PaymentsToAcquirePropertyPlantAndEquipment,reported,0000050863-21-000018,10-Q,2021-04-23,https://data.sec.gov/api/xbrl/companyfacts/CIK0000050863.json,CPU
2020-03-29,2020-06-27,2020,Q2,2020Q2,INTC,capex,3408000000.0,USD,PaymentsToAcquirePropertyPlantAndEquipment,ytd_diff,0000050863-21-000030,10-Q,2021-07-23,https://data.sec.gov/api/xbrl/companyfacts/CIK0000050863.json,CPU
2020-06-28,2020-09-26,2020,Q3,2020Q3,INTC,capex,3716000000.0,USD,PaymentsToAcquirePropertyPlantAndEquipment,ytd_diff,0000050863-21-000038,10-Q,2021-10-22,https://data.sec.gov/api/xbrl/companyfacts/CIK0000050863.json,CPU
2020-09-27,2020-12-26,2020,Q4,2020Q4,INTC,capex,3867000000.0,USD,PaymentsToAcquirePropertyPlantAndEquipment,ytd_diff,0000050863-23-000006,10-K,2023-01-27,https://data.sec.gov/api/xbrl/companyfacts/CIK0000050863.json,CPU
2020-12-27,2021-03-27,2021,Q1,2021Q1,INTC,capex,3972000000.0,USD,PaymentsToAcquirePropertyPlantAndEquipment,reported,0000050863-22-000020,10-Q,2022-04-29,https://data.sec.gov/api/xbrl/companyfacts/CIK0000050863.json,CPU
2021-03-28,2021-06-26,2021,Q2,2021Q2,INTC,capex,3602000000.0,USD,PaymentsToAcquirePropertyPlantAndEquipment,ytd_diff,0000050863-22-000030,10-Q,2022-07-29,https://data.sec.gov/api/xbrl/companyfacts/CIK0000050863.json,CPU
2021-06-27,2021-09-25,2021,Q3,2021Q3,INTC,capex,4005000000.0,USD,PaymentsToAcquirePropertyPlantAndEquipment,ytd_diff,0000050863-22-000038,10-Q,2022-10-28,https://data.sec.gov/api/xbrl/companyfacts/CIK0000050863.json,CPU
2021-09-26,2021-12-25,2021,Q4,2021Q4,INTC,capex,7154000000.0,USD,PaymentsToAcquirePropertyPlantAndEquipment,ytd_diff,0000050863-24-000010,10-K,2024-01-26,https://data.sec.gov/api/xbrl/companyfacts/CIK0000050863.json,CPU
2021-12-26,2022-04-02,2022,Q1,2022Q1,INTC,capex,4604000000.0,USD,PaymentsToAcquirePropertyPlantAndEquipment,reported,0000050863-23-000028,10-Q,2023-04-28,https://data.sec.gov/api/xbrl/companyfacts/CIK0000050863.json,CPU
2022-04-03,2022-07-02,2022,Q2,2022Q2,INTC,capex,7242000000.0,USD,PaymentsToAcquirePropertyPlantAndEquipment,ytd_diff,0000050863-23-000069,10-Q,2023-07-28,https://data.sec.gov/api/xbrl/companyfacts/CIK0000050863.json,CPU
2022-07-03,2022-10-01,2022,Q3,2022Q3,INTC,capex,7299000000.0,USD,PaymentsToAcquirePropertyPlantAndEquipment,ytd_diff,0000050863-23-000103,10-Q,2023-10-27,https://data.sec.gov/api/xbrl/companyfacts/CIK0000050863.json,CPU
2022-10-02,2022-12-31,2022,Q4,2022Q4,INTC,capex,5699000000.0,USD,PaymentsToAcquirePropertyPlantAndEquipment,ytd_diff,0000050863-25-000009,10-K,2025-01-31,https://data.sec.gov/api/xbrl/companyfacts/CIK0000050863.json,CPU
2023-01-01,2023-04-01,2023,Q1,2023Q1,INTC,capex,7413000000.0,USD,PaymentsToAcquirePropertyPlantAndEquipment,reported,0000050863-24-000076,10-Q,2024-04-26,https://data.sec.gov/api/xbrl/companyfacts/CIK0000050863.json,CPU
2023-04-02,2023-07-01,2023,Q2,2023Q2,INTC,capex,5888000000.0,USD,PaymentsToAcquirePropertyPlantAndEquipment,ytd_diff,0000050863-24-000124,10-Q,2024-08-02,https://data.sec.gov/api/xbrl/companyfacts/CIK0000050863.json,CPU
2023-07-02,2023-09-30,2023,Q3,2023Q3,INTC,capex,5753000000.0,USD,PaymentsToAcquirePropertyPlantAndEquipment,ytd_diff,0000050863-24-000149,10-Q,2024-11-01,https://data.sec.gov/api/xbrl/companyfacts/CIK0000050863.json,CPU
2023-10-01,2023-12-30,2023,Q4,2023Q4,INTC,capex,6696000000.0,USD,PaymentsToAcquirePropertyPlantAndEquipment,ytd_diff,0000050863-26-000011,10-K,2026-01-23,https://data.sec.gov/api/xbrl/companyfacts/CIK0000050863.json,CPU
2023-12-31,2024-03-30,2024,Q1,2024Q1,INTC,capex,5970000000.0,USD,PaymentsToAcquirePropertyPlantAndEquipment,reported,0000050863-25-000074,10-Q,2025-04-25,https://data.sec.gov/api/xbrl/companyfacts/CIK0000050863.json,CPU
2024-03-31,2024-06-29,2024,Q2,2024Q2,INTC,capex,5682000000.0,USD,PaymentsToAcquirePropertyPlantAndEquipment,ytd_diff,0000050863-25-000109,10-Q,2025-07-24,https://data.sec.gov/api/xbrl/companyfacts/CIK0000050863.json,CPU
2024-06-30,2024-09-28,2024,Q3,2024Q3,INTC,capex,6458000000.0,USD,PaymentsToAcquirePropertyPlantAndEquipment,ytd_diff,0000050863-25-000179,10-Q,2025-11-06,https://data.sec.gov/api/xbrl/companyfacts/CIK0000050863.json,CPU
2024-09-29,2024-12-28,2024,Q4,2024Q4,INTC,capex,5834000000.0,USD,PaymentsToAcquirePropertyPlantAndEquipment,ytd_diff,0000050863-26-000011,10-K,2026-01-23,https://data.sec.gov/api/xbrl/companyfacts/CIK0000050863.json,CPU
2024-12-29,2025-03-29,2025,Q1,2025Q1,INTC,capex,5183000000.0,USD,PaymentsToAcquirePropertyPlantAndEquipment,reported,0000050863-26-000079,10-Q,2026-04-24,https://data.sec.gov/api/xbrl/companyfacts/CIK0000050863.json,CPU
2025-03-30,2025-06-28,2025,Q2,2025Q2,INTC,capex,3550000000.0,USD,PaymentsToAcquirePropertyPlantAndEquipment,ytd_diff,0000050863-26-000157,10-Q,2026-07-24,https://data.sec.gov/api/xbrl/companyfacts/CIK0000050863.json,CPU
2025-06-29,2025-09-27,2025,Q3,2025Q3,INTC,capex,2425000000.0,USD,PaymentsToAcquirePropertyPlantAndEquipment,ytd_diff,0000050863-25-000179,10-Q,2025-11-06,https://data.sec.gov/api/xbrl/companyfacts/CIK0000050863.json,CPU
2025-09-28,2025-12-27,2025,Q4,2025Q4,INTC,capex,3488000000.0,USD,PaymentsToAcquirePropertyPlantAndEquipment,ytd_diff,0000050863-26-000011,10-K,2026-01-23,https://data.sec.gov/api/xbrl/companyfacts/CIK0000050863.json,CPU
2025-12-28,2026-03-28,2026,Q1,2026Q1,INTC,capex,3636000000.0,USD,PaymentsToAcquirePropertyPlantAndEquipment,reported,0000050863-26-000079,10-Q,2026-04-24,https://data.sec.gov/api/xbrl/companyfacts/CIK0000050863.json,CPU
2026-03-29,2026-06-27,2026,Q2,2026Q2,INTC,capex,2556000000.0,USD,PaymentsToAcquirePropertyPlantAndEquipment,ytd_diff,0000050863-26-000157,10-Q,2026-07-24,https://data.sec.gov/api/xbrl/companyfacts/CIK0000050863.json,CPU
2013-12-29,2014-03-29,2014,Q1,2014Q1,INTC,cost_of_revenue,5151000000.0,USD,CostOfGoodsAndServicesSold,reported,0000050863-15-000028,10-Q,2015-04-27,https://data.sec.gov/api/xbrl/companyfacts/CIK0000050863.json,CPU
2014-03-30,2014-06-28,2014,Q2,2014Q2,INTC,cost_of_revenue,4914000000.0,USD,CostOfGoodsAndServicesSold,reported,0000050863-15-000055,10-Q,2015-07-27,https://data.sec.gov/api/xbrl/companyfacts/CIK0000050863.json,CPU
2014-06-29,2014-09-27,2014,Q3,2014Q3,INTC,cost_of_revenue,5096000000.0,USD,CostOfGoodsAndServicesSold,reported,0000050863-15-000072,10-Q,2015-10-28,https://data.sec.gov/api/xbrl/companyfacts/CIK0000050863.json,CPU
2014-09-28,2014-12-27,2014,Q4,2014Q4,INTC,cost_of_revenue,5100000000.0,USD,CostOfGoodsAndServicesSold,ytd_diff,0000050863-17-000012,10-K,2017-02-17,https://data.sec.gov/api/xbrl/companyfacts/CIK0000050863.json,CPU
2014-12-28,2015-03-28,2015,Q1,2015Q1,INTC,cost_of_revenue,5051000000.0,USD,CostOfGoodsAndServicesSold,reported,0000050863-16-000125,10-Q,2016-05-02,https://data.sec.gov/api/xbrl/companyfacts/CIK0000050863.json,CPU
2015-03-29,2015-06-27,2015,Q2,2015Q2,INTC,cost_of_revenue,4947000000.0,USD,CostOfGoodsAndServicesSold,reported,0000050863-16-000142,10-Q,2016-08-01,https://data.sec.gov/api/xbrl/companyfacts/CIK0000050863.json,CPU
2015-06-28,2015-09-26,2015,Q3,2015Q3,INTC,cost_of_revenue,5354000000.0,USD,CostOfGoodsAndServicesSold,reported,0000050863-16-000153,10-Q,2016-10-31,https://data.sec.gov/api/xbrl/companyfacts/CIK0000050863.json,CPU
2015-09-27,2015-12-26,2015,Q4,2015Q4,INTC,cost_of_revenue,5324000000.0,USD,CostOfGoodsAndServicesSold,ytd_diff,0000050863-18-000007,10-K,2018-02-16,https://data.sec.gov/api/xbrl/companyfacts/CIK0000050863.json,CPU
2015-12-27,2016-04-02,2016,Q1,2016Q1,INTC,cost_of_revenue,5572000000.0,USD,CostOfGoodsAndServicesSold,reported,0000050863-17-000029,10-Q,2017-04-27,https://data.sec.gov/api/xbrl/companyfacts/CIK0000050863.json,CPU
2016-04-03,2016-07-02,2016,Q2,2016Q2,INTC,cost_of_revenue,5560000000.0,USD,CostOfGoodsAndServicesSold,reported,0000050863-17-000041,10-Q,2017-07-27,https://data.sec.gov/api/xbrl/companyfacts/CIK0000050863.json,CPU
2016-07-03,2016-10-01,2016,Q3,2016Q3,INTC,cost_of_revenue,5795000000.0,USD,CostOfGoodsAndServicesSold,reported,0000050863-17-000048,10-Q,2017-10-26,https://data.sec.gov/api/xbrl/companyfacts/CIK0000050863.json,CPU
2016-10-02,2016-12-31,2016,Q4,2016Q4,INTC,cost_of_revenue,6227000000.0,USD,CostOfGoodsAndServicesSold,ytd_diff,0000050863-19-000007,10-K,2019-02-01,https://data.sec.gov/api/xbrl/companyfacts/CIK0000050863.json,CPU
2017-01-01,2017-04-01,2017,Q1,2017Q1,INTC,cost_of_revenue,5636000000.0,USD,CostOfGoodsAndServicesSold,reported,0000050863-18-000013,10-Q,2018-04-27,https://data.sec.gov/api/xbrl/companyfacts/CIK0000050863.json,CPU
2017-04-02,2017-07-01,2017,Q2,2017Q2,INTC,cost_of_revenue,5667000000.0,USD,CostOfGoodsAndServicesSold,reported,0000050863-18-000022,10-Q,2018-07-27,https://data.sec.gov/api/xbrl/companyfacts/CIK0000050863.json,CPU
2017-07-02,2017-09-30,2017,Q3,2017Q3,INTC,cost_of_revenue,6085000000.0,USD,CostOfGoodsAndServicesSold,reported,0000050863-18-000029,10-Q,2018-10-26,https://data.sec.gov/api/xbrl/companyfacts/CIK0000050863.json,CPU
2017-10-01,2017-12-30,2017,Q4,2017Q4,INTC,cost_of_revenue,6275000000.0,USD,CostOfGoodsAndServicesSold,ytd_diff,0000050863-20-000011,10-K,2020-01-24,https://data.sec.gov/api/xbrl/companyfacts/CIK0000050863.json,CPU
2017-12-31,2018-03-31,2018,Q1,2018Q1,INTC,cost_of_revenue,6335000000.0,USD,CostOfGoodsAndServicesSold,reported,0000050863-19-000013,10-Q,2019-04-26,https://data.sec.gov/api/xbrl/companyfacts/CIK0000050863.json,CPU
2018-04-01,2018-06-30,2018,Q2,2018Q2,INTC,cost_of_revenue,6543000000.0,USD,CostOfGoodsAndServicesSold,reported,0000050863-19-000023,10-Q,2019-07-26,https://data.sec.gov/api/xbrl/companyfacts/CIK0000050863.json,CPU
2018-07-01,2018-09-29,2018,Q3,2018Q3,INTC,cost_of_revenue,6803000000.0,USD,CostOfGoodsAndServicesSold,reported,0000050863-19-000029,10-Q,2019-10-25,https://data.sec.gov/api/xbrl/companyfacts/CIK0000050863.json,CPU
2018-09-30,2018-12-29,2018,Q4,2018Q4,INTC,cost_of_revenue,7430000000.0,USD,CostOfGoodsAndServicesSold,ytd_diff,0000050863-21-000010,10-K,2021-01-22,https://data.sec.gov/api/xbrl/companyfacts/CIK0000050863.json,CPU
2018-12-30,2019-03-30,2019,Q1,2019Q1,INTC,cost_of_revenue,6972000000.0,USD,CostOfGoodsAndServicesSold,reported,0000050863-20-000017,10-Q,2020-04-24,https://data.sec.gov/api/xbrl/companyfacts/CIK0000050863.json,CPU
2019-03-31,2019-06-29,2019,Q2,2019Q2,INTC,cost_of_revenue,6627000000.0,USD,CostOfGoodsAndServicesSold,reported,0000050863-20-000026,10-Q,2020-07-24,https://data.sec.gov/api/xbrl/companyfacts/CIK0000050863.json,CPU
2019-06-30,2019-09-28,2019,Q3,2019Q3,INTC,cost_of_revenue,7895000000.0,USD,CostOfGoodsAndServicesSold,reported,0000050863-20-000043,10-Q,2020-10-23,https://data.sec.gov/api/xbrl/companyfacts/CIK0000050863.json,CPU
2019-09-29,2019-12-28,2019,Q4,2019Q4,INTC,cost_of_revenue,8331000000.0,USD,CostOfGoodsAndServicesSold,ytd_diff,0000050863-22-000007,10-K,2022-01-27,https://data.sec.gov/api/xbrl/companyfacts/CIK0000050863.json,CPU
2019-12-29,2020-03-28,2020,Q1,2020Q1,INTC,cost_of_revenue,7812000000.0,USD,CostOfGoodsAndServicesSold,reported,0000050863-21-000018,10-Q,2021-04-23,https://data.sec.gov/api/xbrl/companyfacts/CIK0000050863.json,CPU
2020-03-29,2020-06-27,2020,Q2,2020Q2,INTC,cost_of_revenue,9221000000.0,USD,CostOfGoodsAndServicesSold,reported,0000050863-21-000030,10-Q,2021-07-23,https://data.sec.gov/api/xbrl/companyfacts/CIK0000050863.json,CPU
2020-06-28,2020-09-26,2020,Q3,2020Q3,INTC,cost_of_revenue,8592000000.0,USD,CostOfGoodsAndServicesSold,reported,0000050863-21-000038,10-Q,2021-10-22,https://data.sec.gov/api/xbrl/companyfacts/CIK0000050863.json,CPU
2020-09-27,2020-12-26,2020,Q4,2020Q4,INTC,cost_of_revenue,8630000000.0,USD,CostOfGoodsAndServicesSold,ytd_diff,0000050863-23-000006,10-K,2023-01-27,https://data.sec.gov/api/xbrl/companyfacts/CIK0000050863.json,CPU
2020-12-27,2021-03-27,2021,Q1,2021Q1,INTC,cost_of_revenue,8819000000.0,USD,CostOfGoodsAndServicesSold,reported,0000050863-22-000020,10-Q,2022-04-29,https://data.sec.gov/api/xbrl/companyfacts/CIK0000050863.json,CPU
2021-03-28,2021-06-26,2021,Q2,2021Q2,INTC,cost_of_revenue,8425000000.0,USD,CostOfGoodsAndServicesSold,reported,0000050863-22-000030,10-Q,2022-07-29,https://data.sec.gov/api/xbrl/companyfacts/CIK0000050863.json,CPU
2021-06-27,2021-09-25,2021,Q3,2021Q3,INTC,cost_of_revenue,8446000000.0,USD,CostOfGoodsAndServicesSold,reported,0000050863-22-000038,10-Q,2022-10-28,https://data.sec.gov/api/xbrl/companyfacts/CIK0000050863.json,CPU
2021-09-26,2021-12-25,2021,Q4,2021Q4,INTC,cost_of_revenue,9519000000.0,USD,CostOfGoodsAndServicesSold,ytd_diff,0000050863-24-000010,10-K,2024-01-26,https://data.sec.gov/api/xbrl/companyfacts/CIK0000050863.json,CPU
2021-12-26,2022-04-02,2022,Q1,2022Q1,INTC,cost_of_revenue,9109000000.0,USD,CostOfGoodsAndServicesSold,reported,0000050863-23-000028,10-Q,2023-04-28,https://data.sec.gov/api/xbrl/companyfacts/CIK0000050863.json,CPU
2022-04-03,2022-07-02,2022,Q2,2022Q2,INTC,cost_of_revenue,9734000000.0,USD,CostOfGoodsAndServicesSold,reported,0000050863-23-000069,10-Q,2023-07-28,https://data.sec.gov/api/xbrl/companyfacts/CIK0000050863.json,CPU
2022-07-03,2022-10-01,2022,Q3,2022Q3,INTC,cost_of_revenue,8803000000.0,USD,CostOfGoodsAndServicesSold,reported,0000050863-23-000103,10-Q,2023-10-27,https://data.sec.gov/api/xbrl/companyfacts/CIK0000050863.json,CPU
2022-10-02,2022-12-31,2022,Q4,2022Q4,INTC,cost_of_revenue,8542000000.0,USD,CostOfGoodsAndServicesSold,ytd_diff,0000050863-25-000009,10-K,2025-01-31,https://data.sec.gov/api/xbrl/companyfacts/CIK0000050863.json,CPU
2023-01-01,2023-04-01,2023,Q1,2023Q1,INTC,cost_of_revenue,7707000000.0,USD,CostOfGoodsAndServicesSold,reported,0000050863-24-000076,10-Q,2024-04-26,https://data.sec.gov/api/xbrl/companyfacts/CIK0000050863.json,CPU
2023-04-02,2023-07-01,2023,Q2,2023Q2,INTC,cost_of_revenue,8311000000.0,USD,CostOfGoodsAndServicesSold,reported,0000050863-24-000124,10-Q,2024-08-02,https://data.sec.gov/api/xbrl/companyfacts/CIK0000050863.json,CPU
2023-07-02,2023-09-30,2023,Q3,2023Q3,INTC,cost_of_revenue,8140000000.0,USD,CostOfGoodsAndServicesSold,reported,0000050863-24-000149,10-Q,2024-11-01,https://data.sec.gov/api/xbrl/companyfacts/CIK0000050863.json,CPU
2023-10-01,2023-12-30,2023,Q4,2023Q4,INTC,cost_of_revenue,8359000000.0,USD,CostOfGoodsAndServicesSold,ytd_diff,0000050863-26-000011,10-K,2026-01-23,https://data.sec.gov/api/xbrl/companyfacts/CIK0000050863.json,CPU
2023-12-31,2024-03-30,2024,Q1,2024Q1,INTC,cost_of_revenue,7507000000.0,USD,CostOfGoodsAndServicesSold,reported,0000050863-25-000074,10-Q,2025-04-25,https://data.sec.gov/api/xbrl/companyfacts/CIK0000050863.json,CPU
2024-03-31,2024-06-29,2024,Q2,2024Q2,INTC,cost_of_revenue,8286000000.0,USD,CostOfGoodsAndServicesSold,reported,0000050863-25-000109,10-Q,2025-07-24,https://data.sec.gov/api/xbrl/companyfacts/CIK0000050863.json,CPU
2024-06-30,2024-09-28,2024,Q3,2024Q3,INTC,cost_of_revenue,11287000000.0,USD,CostOfGoodsAndServicesSold,reported,0000050863-25-000179,10-Q,2025-11-06,https://data.sec.gov/api/xbrl/companyfacts/CIK0000050863.json,CPU
2024-09-29,2024-12-28,2024,Q4,2024Q4,INTC,cost_of_revenue,8676000000.0,USD,CostOfGoodsAndServicesSold,ytd_diff,0000050863-26-000011,10-K,2026-01-23,https://data.sec.gov/api/xbrl/companyfacts/CIK0000050863.json,CPU
2024-12-29,2025-03-29,2025,Q1,2025Q1,INTC,cost_of_revenue,7995000000.0,USD,CostOfGoodsAndServicesSold,reported,0000050863-26-000079,10-Q,2026-04-24,https://data.sec.gov/api/xbrl/companyfacts/CIK0000050863.json,CPU
2025-03-30,2025-06-28,2025,Q2,2025Q2,INTC,cost_of_revenue,9317000000.0,USD,CostOfGoodsAndServicesSold,reported,0000050863-26-000157,10-Q,2026-07-24,https://data.sec.gov/api/xbrl/companyfacts/CIK0000050863.json,CPU
2025-06-29,2025-09-27,2025,Q3,2025Q3,INTC,cost_of_revenue,8435000000.0,USD,CostOfGoodsAndServicesSold,reported,0000050863-25-000179,10-Q,2025-11-06,https://data.sec.gov/api/xbrl/companyfacts/CIK0000050863.json,CPU
2025-09-28,2025-12-27,2025,Q4,2025Q4,INTC,cost_of_revenue,8731000000.0,USD,CostOfGoodsAndServicesSold,ytd_diff,0000050863-26-000011,10-K,2026-01-23,https://data.sec.gov/api/xbrl/companyfacts/CIK0000050863.json,CPU
2025-12-28,2026-03-28,2026,Q1,2026Q1,INTC,cost_of_revenue,8230000000.0,USD,CostOfGoodsAndServicesSold,reported,0000050863-26-000079,10-Q,2026-04-24,https://data.sec.gov/api/xbrl/companyfacts/CIK0000050863.json,CPU
2026-03-29,2026-06-27,2026,Q2,2026Q2,INTC,cost_of_revenue,9619000000.0,USD,CostOfGoodsAndServicesSold,reported,0000050863-26-000157,10-Q,2026-07-24,https://data.sec.gov/api/xbrl/companyfacts/CIK0000050863.json,CPU
2013-12-29,2014-03-29,2014,Q1,2014Q1,INTC,gross_margin_pct,59.64,pct,,gross_profit/revenue,,,,derived from rows above,CPU
2014-03-30,2014-06-28,2014,Q2,2014Q2,INTC,gross_margin_pct,64.47,pct,,gross_profit/revenue,,,,derived from rows above,CPU
2014-06-29,2014-09-27,2014,Q3,2014Q3,INTC,gross_margin_pct,64.99,pct,,gross_profit/revenue,,,,derived from rows above,CPU
2014-09-28,2014-12-27,2014,Q4,2014Q4,INTC,gross_margin_pct,65.36,pct,,gross_profit/revenue,,,,derived from rows above,CPU
2014-12-28,2015-03-28,2015,Q1,2015Q1,INTC,gross_margin_pct,60.48,pct,,gross_profit/revenue,,,,derived from rows above,CPU
2015-03-29,2015-06-27,2015,Q2,2015Q2,INTC,gross_margin_pct,62.51,pct,,gross_profit/revenue,,,,derived from rows above,CPU
2015-06-28,2015-09-26,2015,Q3,2015Q3,INTC,gross_margin_pct,62.99,pct,,gross_profit/revenue,,,,derived from rows above,CPU
2015-09-27,2015-12-26,2015,Q4,2015Q4,INTC,gross_margin_pct,64.3,pct,,gross_profit/revenue,,,,derived from rows above,CPU
2015-12-27,2016-04-02,2016,Q1,2016Q1,INTC,gross_margin_pct,59.33,pct,,gross_profit/revenue,,,,derived from rows above,CPU
2016-04-03,2016-07-02,2016,Q2,2016Q2,INTC,gross_margin_pct,58.92,pct,,gross_profit/revenue,,,,derived from rows above,CPU
2016-07-03,2016-10-01,2016,Q3,2016Q3,INTC,gross_margin_pct,63.27,pct,,gross_profit/revenue,,,,derived from rows above,CPU
2016-10-02,2016-12-31,2016,Q4,2016Q4,INTC,gross_margin_pct,61.97,pct,,gross_profit/revenue,,,,derived from rows above,CPU
2017-01-01,2017-04-01,2017,Q1,2017Q1,INTC,gross_margin_pct,61.91,pct,,gross_profit/revenue,,,,derived from rows above,CPU
2017-04-02,2017-07-01,2017,Q2,2017Q2,INTC,gross_margin_pct,61.61,pct,,gross_profit/revenue,,,,derived from rows above,CPU
2017-07-02,2017-09-30,2017,Q3,2017Q3,INTC,gross_margin_pct,62.32,pct,,gross_profit/revenue,,,,derived from rows above,CPU
2017-10-01,2017-12-30,2017,Q4,2017Q4,INTC,gross_margin_pct,63.2,pct,,gross_profit/revenue,,,,derived from rows above,CPU
2017-12-31,2018-03-31,2018,Q1,2018Q1,INTC,gross_margin_pct,60.57,pct,,gross_profit/revenue,,,,derived from rows above,CPU
2018-04-01,2018-06-30,2018,Q2,2018Q2,INTC,gross_margin_pct,61.43,pct,,gross_profit/revenue,,,,derived from rows above,CPU
2018-07-01,2018-09-29,2018,Q3,2018Q3,INTC,gross_margin_pct,64.5,pct,,gross_profit/revenue,,,,derived from rows above,CPU
2018-09-30,2018-12-29,2018,Q4,2018Q4,INTC,gross_margin_pct,60.18,pct,,gross_profit/revenue,,,,derived from rows above,CPU
2018-12-30,2019-03-30,2019,Q1,2019Q1,INTC,gross_margin_pct,56.59,pct,,gross_profit/revenue,,,,derived from rows above,CPU
2019-03-31,2019-06-29,2019,Q2,2019Q2,INTC,gross_margin_pct,59.85,pct,,gross_profit/revenue,,,,derived from rows above,CPU
2019-06-30,2019-09-28,2019,Q3,2019Q3,INTC,gross_margin_pct,58.86,pct,,gross_profit/revenue,,,,derived from rows above,CPU
2019-09-29,2019-12-28,2019,Q4,2019Q4,INTC,gross_margin_pct,58.78,pct,,gross_profit/revenue,,,,derived from rows above,CPU
2019-12-29,2020-03-28,2020,Q1,2020Q1,INTC,gross_margin_pct,60.6,pct,,gross_profit/revenue,,,,derived from rows above,CPU
2020-03-29,2020-06-27,2020,Q2,2020Q2,INTC,gross_margin_pct,53.26,pct,,gross_profit/revenue,,,,derived from rows above,CPU
2020-06-28,2020-09-26,2020,Q3,2020Q3,INTC,gross_margin_pct,53.13,pct,,gross_profit/revenue,,,,derived from rows above,CPU
2020-09-27,2020-12-26,2020,Q4,2020Q4,INTC,gross_margin_pct,56.8,pct,,gross_profit/revenue,,,,derived from rows above,CPU
2020-12-27,2021-03-27,2021,Q1,2021Q1,INTC,gross_margin_pct,55.17,pct,,gross_profit/revenue,,,,derived from rows above,CPU
2021-03-28,2021-06-26,2021,Q2,2021Q2,INTC,gross_margin_pct,57.08,pct,,gross_profit/revenue,,,,derived from rows above,CPU
2021-06-27,2021-09-25,2021,Q3,2021Q3,INTC,gross_margin_pct,55.99,pct,,gross_profit/revenue,,,,derived from rows above,CPU
2021-09-26,2021-12-25,2021,Q4,2021Q4,INTC,gross_margin_pct,53.63,pct,,gross_profit/revenue,,,,derived from rows above,CPU
2021-12-26,2022-04-02,2022,Q1,2022Q1,INTC,gross_margin_pct,50.37,pct,,gross_profit/revenue,,,,derived from rows above,CPU
2022-04-03,2022-07-02,2022,Q2,2022Q2,INTC,gross_margin_pct,36.47,pct,,gross_profit/revenue,,,,derived from rows above,CPU
2022-07-03,2022-10-01,2022,Q3,2022Q3,INTC,gross_margin_pct,42.61,pct,,gross_profit/revenue,,,,derived from rows above,CPU
2022-10-02,2022-12-31,2022,Q4,2022Q4,INTC,gross_margin_pct,39.17,pct,,gross_profit/revenue,,,,derived from rows above,CPU
2023-01-01,2023-04-01,2023,Q1,2023Q1,INTC,gross_margin_pct,34.21,pct,,gross_profit/revenue,,,,derived from rows above,CPU
2023-04-02,2023-07-01,2023,Q2,2023Q2,INTC,gross_margin_pct,35.82,pct,,gross_profit/revenue,,,,derived from rows above,CPU
2023-07-02,2023-09-30,2023,Q3,2023Q3,INTC,gross_margin_pct,42.51,pct,,gross_profit/revenue,,,,derived from rows above,CPU
2023-10-01,2023-12-30,2023,Q4,2023Q4,INTC,gross_margin_pct,45.74,pct,,gross_profit/revenue,,,,derived from rows above,CPU
2023-12-31,2024-03-30,2024,Q1,2024Q1,INTC,gross_margin_pct,41.0,pct,,gross_profit/revenue,,,,derived from rows above,CPU
2024-03-31,2024-06-29,2024,Q2,2024Q2,INTC,gross_margin_pct,35.43,pct,,gross_profit/revenue,,,,derived from rows above,CPU
2024-06-30,2024-09-28,2024,Q3,2024Q3,INTC,gross_margin_pct,15.03,pct,,gross_profit/revenue,,,,derived from rows above,CPU
2024-09-29,2024-12-28,2024,Q4,2024Q4,INTC,gross_margin_pct,39.16,pct,,gross_profit/revenue,,,,derived from rows above,CPU
2024-12-29,2025-03-29,2025,Q1,2025Q1,INTC,gross_margin_pct,36.88,pct,,gross_profit/revenue,,,,derived from rows above,CPU
2025-03-30,2025-06-28,2025,Q2,2025Q2,INTC,gross_margin_pct,27.54,pct,,gross_profit/revenue,,,,derived from rows above,CPU
2025-06-29,2025-09-27,2025,Q3,2025Q3,INTC,gross_margin_pct,38.22,pct,,gross_profit/revenue,,,,derived from rows above,CPU
2025-09-28,2025-12-27,2025,Q4,2025Q4,INTC,gross_margin_pct,36.15,pct,,gross_profit/revenue,,,,derived from rows above,CPU
2025-12-28,2026-03-28,2026,Q1,2026Q1,INTC,gross_margin_pct,39.38,pct,,gross_profit/revenue,,,,derived from rows above,CPU
2026-03-29,2026-06-27,2026,Q2,2026Q2,INTC,gross_margin_pct,40.36,pct,,gross_profit/revenue,,,,derived from rows above,CPU
2013-12-29,2014-03-29,2014,Q1,2014Q1,INTC,gross_profit,7613000000.0,USD,GrossProfit,reported,0000050863-15-000028,10-Q,2015-04-27,https://data.sec.gov/api/xbrl/companyfacts/CIK0000050863.json,CPU
2014-03-30,2014-06-28,2014,Q2,2014Q2,INTC,gross_profit,8917000000.0,USD,GrossProfit,reported,0000050863-15-000055,10-Q,2015-07-27,https://data.sec.gov/api/xbrl/companyfacts/CIK0000050863.json,CPU
2014-06-29,2014-09-27,2014,Q3,2014Q3,INTC,gross_profit,9458000000.0,USD,GrossProfit,reported,0000050863-15-000072,10-Q,2015-10-28,https://data.sec.gov/api/xbrl/companyfacts/CIK0000050863.json,CPU
2014-09-28,2014-12-27,2014,Q4,2014Q4,INTC,gross_profit,9621000000.0,USD,GrossProfit,ytd_diff,0000050863-17-000012,10-K,2017-02-17,https://data.sec.gov/api/xbrl/companyfacts/CIK0000050863.json,CPU
2014-12-28,2015-03-28,2015,Q1,2015Q1,INTC,gross_profit,7730000000.0,USD,GrossProfit,reported,0000050863-16-000125,10-Q,2016-05-02,https://data.sec.gov/api/xbrl/companyfacts/CIK0000050863.json,CPU
2015-03-29,2015-06-27,2015,Q2,2015Q2,INTC,gross_profit,8248000000.0,USD,GrossProfit,reported,0000050863-16-000142,10-Q,2016-08-01,https://data.sec.gov/api/xbrl/companyfacts/CIK0000050863.json,CPU
2015-06-28,2015-09-26,2015,Q3,2015Q3,INTC,gross_profit,9111000000.0,USD,GrossProfit,reported,0000050863-16-000153,10-Q,2016-10-31,https://data.sec.gov/api/xbrl/companyfacts/CIK0000050863.json,CPU
2015-09-27,2015-12-26,2015,Q4,2015Q4,INTC,gross_profit,9590000000.0,USD,GrossProfit,ytd_diff,0000050863-18-000007,10-K,2018-02-16,https://data.sec.gov/api/xbrl/companyfacts/CIK0000050863.json,CPU
2015-12-27,2016-04-02,2016,Q1,2016Q1,INTC,gross_profit,8130000000.0,USD,GrossProfit,reported,0000050863-17-000029,10-Q,2017-04-27,https://data.sec.gov/api/xbrl/companyfacts/CIK0000050863.json,CPU
2016-04-03,2016-07-02,2016,Q2,2016Q2,INTC,gross_profit,7973000000.0,USD,GrossProfit,reported,0000050863-17-000041,10-Q,2017-07-27,https://data.sec.gov/api/xbrl/companyfacts/CIK0000050863.json,CPU
2016-07-03,2016-10-01,2016,Q3,2016Q3,INTC,gross_profit,9983000000.0,USD,GrossProfit,reported,0000050863-17-000048,10-Q,2017-10-26,https://data.sec.gov/api/xbrl/companyfacts/CIK0000050863.json,CPU
2016-10-02,2016-12-31,2016,Q4,2016Q4,INTC,gross_profit,10147000000.0,USD,GrossProfit,ytd_diff,0000050863-19-000007,10-K,2019-02-01,https://data.sec.gov/api/xbrl/companyfacts/CIK0000050863.json,CPU
2017-01-01,2017-04-01,2017,Q1,2017Q1,INTC,gross_profit,9160000000.0,USD,GrossProfit,reported,0000050863-18-000013,10-Q,2018-04-27,https://data.sec.gov/api/xbrl/companyfacts/CIK0000050863.json,CPU
2017-04-02,2017-07-01,2017,Q2,2017Q2,INTC,gross_profit,9096000000.0,USD,GrossProfit,reported,0000050863-18-000022,10-Q,2018-07-27,https://data.sec.gov/api/xbrl/companyfacts/CIK0000050863.json,CPU
2017-07-02,2017-09-30,2017,Q3,2017Q3,INTC,gross_profit,10064000000.0,USD,GrossProfit,reported,0000050863-18-000029,10-Q,2018-10-26,https://data.sec.gov/api/xbrl/companyfacts/CIK0000050863.json,CPU
2017-10-01,2017-12-30,2017,Q4,2017Q4,INTC,gross_profit,10778000000.0,USD,GrossProfit,ytd_diff,0000050863-20-000011,10-K,2020-01-24,https://data.sec.gov/api/xbrl/companyfacts/CIK0000050863.json,CPU
2017-12-31,2018-03-31,2018,Q1,2018Q1,INTC,gross_profit,9731000000.0,USD,GrossProfit,reported,0000050863-19-000013,10-Q,2019-04-26,https://data.sec.gov/api/xbrl/companyfacts/CIK0000050863.json,CPU
2018-04-01,2018-06-30,2018,Q2,2018Q2,INTC,gross_profit,10419000000.0,USD,GrossProfit,reported,0000050863-19-000023,10-Q,2019-07-26,https://data.sec.gov/api/xbrl/companyfacts/CIK0000050863.json,CPU
2018-07-01,2018-09-29,2018,Q3,2018Q3,INTC,gross_profit,12360000000.0,USD,GrossProfit,reported,0000050863-19-000029,10-Q,2019-10-25,https://data.sec.gov/api/xbrl/companyfacts/CIK0000050863.json,CPU
2018-09-30,2018-12-29,2018,Q4,2018Q4,INTC,gross_profit,11227000000.0,USD,GrossProfit,ytd_diff,0000050863-21-000010,10-K,2021-01-22,https://data.sec.gov/api/xbrl/companyfacts/CIK0000050863.json,CPU
2018-12-30,2019-03-30,2019,Q1,2019Q1,INTC,gross_profit,9089000000.0,USD,GrossProfit,reported,0000050863-20-000017,10-Q,2020-04-24,https://data.sec.gov/api/xbrl/companyfacts/CIK0000050863.json,CPU
2019-03-31,2019-06-29,2019,Q2,2019Q2,INTC,gross_profit,9878000000.0,USD,GrossProfit,reported,0000050863-20-000026,10-Q,2020-07-24,https://data.sec.gov/api/xbrl/companyfacts/CIK0000050863.json,CPU
2019-06-30,2019-09-28,2019,Q3,2019Q3,INTC,gross_profit,11295000000.0,USD,GrossProfit,reported,0000050863-20-000043,10-Q,2020-10-23,https://data.sec.gov/api/xbrl/companyfacts/CIK0000050863.json,CPU
2019-09-29,2019-12-28,2019,Q4,2019Q4,INTC,gross_profit,11878000000.0,USD,GrossProfit,ytd_diff,0000050863-22-000007,10-K,2022-01-27,https://data.sec.gov/api/xbrl/companyfacts/CIK0000050863.json,CPU
2019-12-29,2020-03-28,2020,Q1,2020Q1,INTC,gross_profit,12016000000.0,USD,GrossProfit,reported,0000050863-21-000018,10-Q,2021-04-23,https://data.sec.gov/api/xbrl/companyfacts/CIK0000050863.json,CPU
2020-03-29,2020-06-27,2020,Q2,2020Q2,INTC,gross_profit,10507000000.0,USD,GrossProfit,reported,0000050863-21-000030,10-Q,2021-07-23,https://data.sec.gov/api/xbrl/companyfacts/CIK0000050863.json,CPU
2020-06-28,2020-09-26,2020,Q3,2020Q3,INTC,gross_profit,9741000000.0,USD,GrossProfit,reported,0000050863-21-000038,10-Q,2021-10-22,https://data.sec.gov/api/xbrl/companyfacts/CIK0000050863.json,CPU
2020-09-27,2020-12-26,2020,Q4,2020Q4,INTC,gross_profit,11348000000.0,USD,GrossProfit,ytd_diff,0000050863-23-000006,10-K,2023-01-27,https://data.sec.gov/api/xbrl/companyfacts/CIK0000050863.json,CPU
2020-12-27,2021-03-27,2021,Q1,2021Q1,INTC,gross_profit,10854000000.0,USD,GrossProfit,reported,0000050863-22-000020,10-Q,2022-04-29,https://data.sec.gov/api/xbrl/companyfacts/CIK0000050863.json,CPU
2021-03-28,2021-06-26,2021,Q2,2021Q2,INTC,gross_profit,11206000000.0,USD,GrossProfit,reported,0000050863-22-000030,10-Q,2022-07-29,https://data.sec.gov/api/xbrl/companyfacts/CIK0000050863.json,CPU
2021-06-27,2021-09-25,2021,Q3,2021Q3,INTC,gross_profit,10746000000.0,USD,GrossProfit,reported,0000050863-22-000038,10-Q,2022-10-28,https://data.sec.gov/api/xbrl/companyfacts/CIK0000050863.json,CPU
2021-09-26,2021-12-25,2021,Q4,2021Q4,INTC,gross_profit,11009000000.0,USD,GrossProfit,ytd_diff,0000050863-24-000010,10-K,2024-01-26,https://data.sec.gov/api/xbrl/companyfacts/CIK0000050863.json,CPU
2021-12-26,2022-04-02,2022,Q1,2022Q1,INTC,gross_profit,9244000000.0,USD,GrossProfit,reported,0000050863-23-000028,10-Q,2023-04-28,https://data.sec.gov/api/xbrl/companyfacts/CIK0000050863.json,CPU
2022-04-03,2022-07-02,2022,Q2,2022Q2,INTC,gross_profit,5587000000.0,USD,GrossProfit,reported,0000050863-23-000069,10-Q,2023-07-28,https://data.sec.gov/api/xbrl/companyfacts/CIK0000050863.json,CPU
2022-07-03,2022-10-01,2022,Q3,2022Q3,INTC,gross_profit,6535000000.0,USD,GrossProfit,reported,0000050863-23-000103,10-Q,2023-10-27,https://data.sec.gov/api/xbrl/companyfacts/CIK0000050863.json,CPU
2022-10-02,2022-12-31,2022,Q4,2022Q4,INTC,gross_profit,5500000000.0,USD,GrossProfit,ytd_diff,0000050863-25-000009,10-K,2025-01-31,https://data.sec.gov/api/xbrl/companyfacts/CIK0000050863.json,CPU
2023-01-01,2023-04-01,2023,Q1,2023Q1,INTC,gross_profit,4008000000.0,USD,GrossProfit,reported,0000050863-24-000076,10-Q,2024-04-26,https://data.sec.gov/api/xbrl/companyfacts/CIK0000050863.json,CPU
2023-04-02,2023-07-01,2023,Q2,2023Q2,INTC,gross_profit,4638000000.0,USD,GrossProfit,reported,0000050863-24-000124,10-Q,2024-08-02,https://data.sec.gov/api/xbrl/companyfacts/CIK0000050863.json,CPU
2023-07-02,2023-09-30,2023,Q3,2023Q3,INTC,gross_profit,6018000000.0,USD,GrossProfit,reported,0000050863-24-000149,10-Q,2024-11-01,https://data.sec.gov/api/xbrl/companyfacts/CIK0000050863.json,CPU
2023-10-01,2023-12-30,2023,Q4,2023Q4,INTC,gross_profit,7047000000.0,USD,GrossProfit,ytd_diff,0000050863-26-000011,10-K,2026-01-23,https://data.sec.gov/api/xbrl/companyfacts/CIK0000050863.json,CPU
2023-12-31,2024-03-30,2024,Q1,2024Q1,INTC,gross_profit,5217000000.0,USD,GrossProfit,reported,0000050863-25-000074,10-Q,2025-04-25,https://data.sec.gov/api/xbrl/companyfacts/CIK0000050863.json,CPU
2024-03-31,2024-06-29,2024,Q2,2024Q2,INTC,gross_profit,4547000000.0,USD,GrossProfit,reported,0000050863-25-000109,10-Q,2025-07-24,https://data.sec.gov/api/xbrl/companyfacts/CIK0000050863.json,CPU
2024-06-30,2024-09-28,2024,Q3,2024Q3,INTC,gross_profit,1997000000.0,USD,GrossProfit,reported,0000050863-25-000179,10-Q,2025-11-06,https://data.sec.gov/api/xbrl/companyfacts/CIK0000050863.json,CPU
2024-09-29,2024-12-28,2024,Q4,2024Q4,INTC,gross_profit,5584000000.0,USD,GrossProfit,ytd_diff,0000050863-26-000011,10-K,2026-01-23,https://data.sec.gov/api/xbrl/companyfacts/CIK0000050863.json,CPU
2024-12-29,2025-03-29,2025,Q1,2025Q1,INTC,gross_profit,4672000000.0,USD,GrossProfit,reported,0000050863-26-000079,10-Q,2026-04-24,https://data.sec.gov/api/xbrl/companyfacts/CIK0000050863.json,CPU
2025-03-30,2025-06-28,2025,Q2,2025Q2,INTC,gross_profit,3542000000.0,USD,GrossProfit,reported,0000050863-26-000157,10-Q,2026-07-24,https://data.sec.gov/api/xbrl/companyfacts/CIK0000050863.json,CPU
2025-06-29,2025-09-27,2025,Q3,2025Q3,INTC,gross_profit,5218000000.0,USD,GrossProfit,reported,0000050863-25-000179,10-Q,2025-11-06,https://data.sec.gov/api/xbrl/companyfacts/CIK0000050863.json,CPU
2025-09-28,2025-12-27,2025,Q4,2025Q4,INTC,gross_profit,4943000000.0,USD,GrossProfit,ytd_diff,0000050863-26-000011,10-K,2026-01-23,https://data.sec.gov/api/xbrl/companyfacts/CIK0000050863.json,CPU
2025-12-28,2026-03-28,2026,Q1,2026Q1,INTC,gross_profit,5347000000.0,USD,GrossProfit,reported,0000050863-26-000079,10-Q,2026-04-24,https://data.sec.gov/api/xbrl/companyfacts/CIK0000050863.json,CPU
2026-03-29,2026-06-27,2026,Q2,2026Q2,INTC,gross_profit,6509000000.0,USD,GrossProfit,reported,0000050863-26-000157,10-Q,2026-07-24,https://data.sec.gov/api/xbrl/companyfacts/CIK0000050863.json,CPU
2013-12-29,2014-03-29,2014,Q1,2014Q1,INTC,inventory,3763000000.0,USD,InventoryNet,reported,0000050863-14-000032,10-Q,2014-04-25,https://data.sec.gov/api/xbrl/companyfacts/CIK0000050863.json,CPU
2014-03-30,2014-06-28,2014,Q2,2014Q2,INTC,inventory,3943000000.0,USD,InventoryNet,reported,0000050863-14-000058,10-Q,2014-07-25,https://data.sec.gov/api/xbrl/companyfacts/CIK0000050863.json,CPU
2014-06-29,2014-09-27,2014,Q3,2014Q3,INTC,inventory,4115000000.0,USD,InventoryNet,reported,0000050863-14-000069,10-Q,2014-10-29,https://data.sec.gov/api/xbrl/companyfacts/CIK0000050863.json,CPU
2014-09-28,2014-12-27,2014,Q4,2014Q4,INTC,inventory,4273000000.0,USD,InventoryNet,reported,0000050863-16-000105,10-K,2016-02-12,https://data.sec.gov/api/xbrl/companyfacts/CIK0000050863.json,CPU
2014-12-28,2015-03-28,2015,Q1,2015Q1,INTC,inventory,4418000000.0,USD,InventoryNet,reported,0000050863-15-000028,10-Q,2015-04-27,https://data.sec.gov/api/xbrl/companyfacts/CIK0000050863.json,CPU
2015-03-29,2015-06-27,2015,Q2,2015Q2,INTC,inventory,4818000000.0,USD,InventoryNet,reported,0000050863-15-000055,10-Q,2015-07-27,https://data.sec.gov/api/xbrl/companyfacts/CIK0000050863.json,CPU
2015-06-28,2015-09-26,2015,Q3,2015Q3,INTC,inventory,4965000000.0,USD,InventoryNet,reported,0000050863-15-000072,10-Q,2015-10-28,https://data.sec.gov/api/xbrl/companyfacts/CIK0000050863.json,CPU
2015-09-27,2015-12-26,2015,Q4,2015Q4,INTC,inventory,5167000000.0,USD,InventoryNet,reported,0000050863-17-000012,10-K,2017-02-17,https://data.sec.gov/api/xbrl/companyfacts/CIK0000050863.json,CPU
2015-12-27,2016-04-02,2016,Q1,2016Q1,INTC,inventory,5751000000.0,USD,InventoryNet,reported,0000050863-16-000125,10-Q,2016-05-02,https://data.sec.gov/api/xbrl/companyfacts/CIK0000050863.json,CPU
2016-04-03,2016-07-02,2016,Q2,2016Q2,INTC,inventory,5800000000.0,USD,InventoryNet,reported,0000050863-16-000142,10-Q,2016-08-01,https://data.sec.gov/api/xbrl/companyfacts/CIK0000050863.json,CPU
2016-07-03,2016-10-01,2016,Q3,2016Q3,INTC,inventory,5783000000.0,USD,InventoryNet,reported,0000050863-16-000153,10-Q,2016-10-31,https://data.sec.gov/api/xbrl/companyfacts/CIK0000050863.json,CPU
2016-10-02,2016-12-31,2016,Q4,2016Q4,INTC,inventory,5553000000.0,USD,InventoryNet,reported,0000050863-18-000007,10-K,2018-02-16,https://data.sec.gov/api/xbrl/companyfacts/CIK0000050863.json,CPU
2017-01-01,2017-04-01,2017,Q1,2017Q1,INTC,inventory,5801000000.0,USD,InventoryNet,reported,0000050863-17-000029,10-Q,2017-04-27,https://data.sec.gov/api/xbrl/companyfacts/CIK0000050863.json,CPU
2017-04-02,2017-07-01,2017,Q2,2017Q2,INTC,inventory,6324000000.0,USD,InventoryNet,reported,0000050863-17-000041,10-Q,2017-07-27,https://data.sec.gov/api/xbrl/companyfacts/CIK0000050863.json,CPU
2017-07-02,2017-09-30,2017,Q3,2017Q3,INTC,inventory,6929000000.0,USD,InventoryNet,reported,0000050863-17-000048,10-Q,2017-10-26,https://data.sec.gov/api/xbrl/companyfacts/CIK0000050863.json,CPU
2017-10-01,2017-12-30,2017,Q4,2017Q4,INTC,inventory,6983000000.0,USD,InventoryNet,reported,0000050863-19-000007,10-K,2019-02-01,https://data.sec.gov/api/xbrl/companyfacts/CIK0000050863.json,CPU
2017-12-31,2018-03-31,2018,Q1,2018Q1,INTC,inventory,7146000000.0,USD,InventoryNet,reported,0000050863-18-000013,10-Q,2018-04-27,https://data.sec.gov/api/xbrl/companyfacts/CIK0000050863.json,CPU
2018-04-01,2018-06-30,2018,Q2,2018Q2,INTC,inventory,7344000000.0,USD,InventoryNet,reported,0000050863-18-000022,10-Q,2018-07-27,https://data.sec.gov/api/xbrl/companyfacts/CIK0000050863.json,CPU
2018-07-01,2018-09-29,2018,Q3,2018Q3,INTC,inventory,7401000000.0,USD,InventoryNet,reported,0000050863-18-000029,10-Q,2018-10-26,https://data.sec.gov/api/xbrl/companyfacts/CIK0000050863.json,CPU
2018-09-30,2018-12-29,2018,Q4,2018Q4,INTC,inventory,7253000000.0,USD,InventoryNet,reported,0000050863-20-000011,10-K,2020-01-24,https://data.sec.gov/api/xbrl/companyfacts/CIK0000050863.json,CPU
2018-12-30,2019-03-30,2019,Q1,2019Q1,INTC,inventory,7765000000.0,USD,InventoryNet,reported,0000050863-19-000013,10-Q,2019-04-26,https://data.sec.gov/api/xbrl/companyfacts/CIK0000050863.json,CPU
2019-03-31,2019-06-29,2019,Q2,2019Q2,INTC,inventory,8696000000.0,USD,InventoryNet,reported,0000050863-19-000023,10-Q,2019-07-26,https://data.sec.gov/api/xbrl/companyfacts/CIK0000050863.json,CPU
2019-06-30,2019-09-28,2019,Q3,2019Q3,INTC,inventory,8638000000.0,USD,InventoryNet,reported,0000050863-19-000029,10-Q,2019-10-25,https://data.sec.gov/api/xbrl/companyfacts/CIK0000050863.json,CPU
2019-09-29,2019-12-28,2019,Q4,2019Q4,INTC,inventory,8744000000.0,USD,InventoryNet,reported,0000050863-21-000010,10-K,2021-01-22,https://data.sec.gov/api/xbrl/companyfacts/CIK0000050863.json,CPU
2019-12-29,2020-03-28,2020,Q1,2020Q1,INTC,inventory,9246000000.0,USD,InventoryNet,reported,0000050863-20-000017,10-Q,2020-04-24,https://data.sec.gov/api/xbrl/companyfacts/CIK0000050863.json,CPU
2020-03-29,2020-06-27,2020,Q2,2020Q2,INTC,inventory,8969000000.0,USD,InventoryNet,reported,0000050863-20-000026,10-Q,2020-07-24,https://data.sec.gov/api/xbrl/companyfacts/CIK0000050863.json,CPU
2020-06-28,2020-09-26,2020,Q3,2020Q3,INTC,inventory,9273000000.0,USD,InventoryNet,reported,0000050863-20-000043,10-Q,2020-10-23,https://data.sec.gov/api/xbrl/companyfacts/CIK0000050863.json,CPU
2020-09-27,2020-12-26,2020,Q4,2020Q4,INTC,inventory,8427000000.0,USD,InventoryNet,reported,0000050863-22-000007,10-K,2022-01-27,https://data.sec.gov/api/xbrl/companyfacts/CIK0000050863.json,CPU
2020-12-27,2021-03-27,2021,Q1,2021Q1,INTC,inventory,8487000000.0,USD,InventoryNet,reported,0000050863-21-000018,10-Q,2021-04-23,https://data.sec.gov/api/xbrl/companyfacts/CIK0000050863.json,CPU
2021-03-28,2021-06-26,2021,Q2,2021Q2,INTC,inventory,8817000000.0,USD,InventoryNet,reported,0000050863-21-000030,10-Q,2021-07-23,https://data.sec.gov/api/xbrl/companyfacts/CIK0000050863.json,CPU
2021-06-27,2021-09-25,2021,Q3,2021Q3,INTC,inventory,9798000000.0,USD,InventoryNet,reported,0000050863-21-000038,10-Q,2021-10-22,https://data.sec.gov/api/xbrl/companyfacts/CIK0000050863.json,CPU
2021-09-26,2021-12-25,2021,Q4,2021Q4,INTC,inventory,10776000000.0,USD,InventoryNet,reported,0000050863-23-000006,10-K,2023-01-27,https://data.sec.gov/api/xbrl/companyfacts/CIK0000050863.json,CPU
2021-12-26,2022-04-02,2022,Q1,2022Q1,INTC,inventory,11935000000.0,USD,InventoryNet,reported,0000050863-22-000020,10-Q,2022-04-29,https://data.sec.gov/api/xbrl/companyfacts/CIK0000050863.json,CPU
2022-04-03,2022-07-02,2022,Q2,2022Q2,INTC,inventory,12174000000.0,USD,InventoryNet,reported,0000050863-22-000030,10-Q,2022-07-29,https://data.sec.gov/api/xbrl/companyfacts/CIK0000050863.json,CPU
2022-07-03,2022-10-01,2022,Q3,2022Q3,INTC,inventory,12831000000.0,USD,InventoryNet,reported,0000050863-22-000038,10-Q,2022-10-28,https://data.sec.gov/api/xbrl/companyfacts/CIK0000050863.json,CPU
2022-10-02,2022-12-31,2022,Q4,2022Q4,INTC,inventory,13224000000.0,USD,InventoryNet,reported,0000050863-24-000010,10-K,2024-01-26,https://data.sec.gov/api/xbrl/companyfacts/CIK0000050863.json,CPU
2023-01-01,2023-04-01,2023,Q1,2023Q1,INTC,inventory,12993000000.0,USD,InventoryNet,reported,0000050863-23-000028,10-Q,2023-04-28,https://data.sec.gov/api/xbrl/companyfacts/CIK0000050863.json,CPU
2023-04-02,2023-07-01,2023,Q2,2023Q2,INTC,inventory,11984000000.0,USD,InventoryNet,reported,0000050863-23-000069,10-Q,2023-07-28,https://data.sec.gov/api/xbrl/companyfacts/CIK0000050863.json,CPU
2023-07-02,2023-09-30,2023,Q3,2023Q3,INTC,inventory,11466000000.0,USD,InventoryNet,reported,0000050863-23-000103,10-Q,2023-10-27,https://data.sec.gov/api/xbrl/companyfacts/CIK0000050863.json,CPU
2023-10-01,2023-12-30,2023,Q4,2023Q4,INTC,inventory,11127000000.0,USD,InventoryNet,reported,0000050863-25-000009,10-K,2025-01-31,https://data.sec.gov/api/xbrl/companyfacts/CIK0000050863.json,CPU
2023-12-31,2024-03-30,2024,Q1,2024Q1,INTC,inventory,11494000000.0,USD,InventoryNet,reported,0000050863-24-000076,10-Q,2024-04-26,https://data.sec.gov/api/xbrl/companyfacts/CIK0000050863.json,CPU
2024-03-31,2024-06-29,2024,Q2,2024Q2,INTC,inventory,11244000000.0,USD,InventoryNet,reported,0000050863-24-000124,10-Q,2024-08-02,https://data.sec.gov/api/xbrl/companyfacts/CIK0000050863.json,CPU
2024-06-30,2024-09-28,2024,Q3,2024Q3,INTC,inventory,12062000000.0,USD,InventoryNet,reported,0000050863-24-000149,10-Q,2024-11-01,https://data.sec.gov/api/xbrl/companyfacts/CIK0000050863.json,CPU
2024-09-29,2024-12-28,2024,Q4,2024Q4,INTC,inventory,12198000000.0,USD,InventoryNet,reported,0000050863-26-000011,10-K,2026-01-23,https://data.sec.gov/api/xbrl/companyfacts/CIK0000050863.json,CPU
2024-12-29,2025-03-29,2025,Q1,2025Q1,INTC,inventory,12281000000.0,USD,InventoryNet,reported,0000050863-25-000074,10-Q,2025-04-25,https://data.sec.gov/api/xbrl/companyfacts/CIK0000050863.json,CPU
2025-03-30,2025-06-28,2025,Q2,2025Q2,INTC,inventory,11377000000.0,USD,InventoryNet,reported,0000050863-25-000109,10-Q,2025-07-24,https://data.sec.gov/api/xbrl/companyfacts/CIK0000050863.json,CPU
2025-06-29,2025-09-27,2025,Q3,2025Q3,INTC,inventory,11489000000.0,USD,InventoryNet,reported,0000050863-25-000179,10-Q,2025-11-06,https://data.sec.gov/api/xbrl/companyfacts/CIK0000050863.json,CPU
2025-09-28,2025-12-27,2025,Q4,2025Q4,INTC,inventory,11618000000.0,USD,InventoryNet,reported,0000050863-26-000157,10-Q,2026-07-24,https://data.sec.gov/api/xbrl/companyfacts/CIK0000050863.json,CPU
2025-12-28,2026-03-28,2026,Q1,2026Q1,INTC,inventory,12426000000.0,USD,InventoryNet,reported,0000050863-26-000079,10-Q,2026-04-24,https://data.sec.gov/api/xbrl/companyfacts/CIK0000050863.json,CPU
2026-03-29,2026-06-27,2026,Q2,2026Q2,INTC,inventory,12492000000.0,USD,InventoryNet,reported,0000050863-26-000157,10-Q,2026-07-24,https://data.sec.gov/api/xbrl/companyfacts/CIK0000050863.json,CPU
2013-12-29,2014-03-29,2014,Q1,2014Q1,INTC,inventory_days,66.5,days,,inventory/cost_of_revenue*days_in_quarter,,,,derived from rows above,CPU
2014-03-30,2014-06-28,2014,Q2,2014Q2,INTC,inventory_days,73.0,days,,inventory/cost_of_revenue*days_in_quarter,,,,derived from rows above,CPU
2014-06-29,2014-09-27,2014,Q3,2014Q3,INTC,inventory_days,73.5,days,,inventory/cost_of_revenue*days_in_quarter,,,,derived from rows above,CPU
2014-09-28,2014-12-27,2014,Q4,2014Q4,INTC,inventory_days,76.2,days,,inventory/cost_of_revenue*days_in_quarter,,,,derived from rows above,CPU
2014-12-28,2015-03-28,2015,Q1,2015Q1,INTC,inventory_days,79.6,days,,inventory/cost_of_revenue*days_in_quarter,,,,derived from rows above,CPU
2015-03-29,2015-06-27,2015,Q2,2015Q2,INTC,inventory_days,88.6,days,,inventory/cost_of_revenue*days_in_quarter,,,,derived from rows above,CPU
2015-06-28,2015-09-26,2015,Q3,2015Q3,INTC,inventory_days,84.4,days,,inventory/cost_of_revenue*days_in_quarter,,,,derived from rows above,CPU
2015-09-27,2015-12-26,2015,Q4,2015Q4,INTC,inventory_days,88.3,days,,inventory/cost_of_revenue*days_in_quarter,,,,derived from rows above,CPU
2015-12-27,2016-04-02,2016,Q1,2016Q1,INTC,inventory_days,101.1,days,,inventory/cost_of_revenue*days_in_quarter,,,,derived from rows above,CPU
2016-04-03,2016-07-02,2016,Q2,2016Q2,INTC,inventory_days,94.9,days,,inventory/cost_of_revenue*days_in_quarter,,,,derived from rows above,CPU
2016-07-03,2016-10-01,2016,Q3,2016Q3,INTC,inventory_days,90.8,days,,inventory/cost_of_revenue*days_in_quarter,,,,derived from rows above,CPU
2016-10-02,2016-12-31,2016,Q4,2016Q4,INTC,inventory_days,81.2,days,,inventory/cost_of_revenue*days_in_quarter,,,,derived from rows above,CPU
2017-01-01,2017-04-01,2017,Q1,2017Q1,INTC,inventory_days,93.7,days,,inventory/cost_of_revenue*days_in_quarter,,,,derived from rows above,CPU
2017-04-02,2017-07-01,2017,Q2,2017Q2,INTC,inventory_days,101.6,days,,inventory/cost_of_revenue*days_in_quarter,,,,derived from rows above,CPU
2017-07-02,2017-09-30,2017,Q3,2017Q3,INTC,inventory_days,103.6,days,,inventory/cost_of_revenue*days_in_quarter,,,,derived from rows above,CPU
2017-10-01,2017-12-30,2017,Q4,2017Q4,INTC,inventory_days,101.3,days,,inventory/cost_of_revenue*days_in_quarter,,,,derived from rows above,CPU
2017-12-31,2018-03-31,2018,Q1,2018Q1,INTC,inventory_days,102.6,days,,inventory/cost_of_revenue*days_in_quarter,,,,derived from rows above,CPU
2018-04-01,2018-06-30,2018,Q2,2018Q2,INTC,inventory_days,102.1,days,,inventory/cost_of_revenue*days_in_quarter,,,,derived from rows above,CPU
2018-07-01,2018-09-29,2018,Q3,2018Q3,INTC,inventory_days,99.0,days,,inventory/cost_of_revenue*days_in_quarter,,,,derived from rows above,CPU
2018-09-30,2018-12-29,2018,Q4,2018Q4,INTC,inventory_days,88.8,days,,inventory/cost_of_revenue*days_in_quarter,,,,derived from rows above,CPU
2018-12-30,2019-03-30,2019,Q1,2019Q1,INTC,inventory_days,101.4,days,,inventory/cost_of_revenue*days_in_quarter,,,,derived from rows above,CPU
2019-03-31,2019-06-29,2019,Q2,2019Q2,INTC,inventory_days,119.4,days,,inventory/cost_of_revenue*days_in_quarter,,,,derived from rows above,CPU
2019-06-30,2019-09-28,2019,Q3,2019Q3,INTC,inventory_days,99.6,days,,inventory/cost_of_revenue*days_in_quarter,,,,derived from rows above,CPU
2019-09-29,2019-12-28,2019,Q4,2019Q4,INTC,inventory_days,95.5,days,,inventory/cost_of_revenue*days_in_quarter,,,,derived from rows above,CPU
2019-12-29,2020-03-28,2020,Q1,2020Q1,INTC,inventory_days,107.7,days,,inventory/cost_of_revenue*days_in_quarter,,,,derived from rows above,CPU
2020-03-29,2020-06-27,2020,Q2,2020Q2,INTC,inventory_days,88.5,days,,inventory/cost_of_revenue*days_in_quarter,,,,derived from rows above,CPU
2020-06-28,2020-09-26,2020,Q3,2020Q3,INTC,inventory_days,98.2,days,,inventory/cost_of_revenue*days_in_quarter,,,,derived from rows above,CPU
2020-09-27,2020-12-26,2020,Q4,2020Q4,INTC,inventory_days,88.9,days,,inventory/cost_of_revenue*days_in_quarter,,,,derived from rows above,CPU
2020-12-27,2021-03-27,2021,Q1,2021Q1,INTC,inventory_days,87.6,days,,inventory/cost_of_revenue*days_in_quarter,,,,derived from rows above,CPU
2021-03-28,2021-06-26,2021,Q2,2021Q2,INTC,inventory_days,95.2,days,,inventory/cost_of_revenue*days_in_quarter,,,,derived from rows above,CPU
2021-06-27,2021-09-25,2021,Q3,2021Q3,INTC,inventory_days,105.6,days,,inventory/cost_of_revenue*days_in_quarter,,,,derived from rows above,CPU
2021-09-26,2021-12-25,2021,Q4,2021Q4,INTC,inventory_days,103.0,days,,inventory/cost_of_revenue*days_in_quarter,,,,derived from rows above,CPU
2021-12-26,2022-04-02,2022,Q1,2022Q1,INTC,inventory_days,128.4,days,,inventory/cost_of_revenue*days_in_quarter,,,,derived from rows above,CPU
2022-04-03,2022-07-02,2022,Q2,2022Q2,INTC,inventory_days,113.8,days,,inventory/cost_of_revenue*days_in_quarter,,,,derived from rows above,CPU
2022-07-03,2022-10-01,2022,Q3,2022Q3,INTC,inventory_days,132.6,days,,inventory/cost_of_revenue*days_in_quarter,,,,derived from rows above,CPU
2022-10-02,2022-12-31,2022,Q4,2022Q4,INTC,inventory_days,140.9,days,,inventory/cost_of_revenue*days_in_quarter,,,,derived from rows above,CPU
2023-01-01,2023-04-01,2023,Q1,2023Q1,INTC,inventory_days,153.4,days,,inventory/cost_of_revenue*days_in_quarter,,,,derived from rows above,CPU
2023-04-02,2023-07-01,2023,Q2,2023Q2,INTC,inventory_days,131.2,days,,inventory/cost_of_revenue*days_in_quarter,,,,derived from rows above,CPU
2023-07-02,2023-09-30,2023,Q3,2023Q3,INTC,inventory_days,128.2,days,,inventory/cost_of_revenue*days_in_quarter,,,,derived from rows above,CPU
2023-10-01,2023-12-30,2023,Q4,2023Q4,INTC,inventory_days,121.1,days,,inventory/cost_of_revenue*days_in_quarter,,,,derived from rows above,CPU
2023-12-31,2024-03-30,2024,Q1,2024Q1,INTC,inventory_days,139.3,days,,inventory/cost_of_revenue*days_in_quarter,,,,derived from rows above,CPU
2024-03-31,2024-06-29,2024,Q2,2024Q2,INTC,inventory_days,123.5,days,,inventory/cost_of_revenue*days_in_quarter,,,,derived from rows above,CPU
2024-06-30,2024-09-28,2024,Q3,2024Q3,INTC,inventory_days,97.2,days,,inventory/cost_of_revenue*days_in_quarter,,,,derived from rows above,CPU
2024-09-29,2024-12-28,2024,Q4,2024Q4,INTC,inventory_days,127.9,days,,inventory/cost_of_revenue*days_in_quarter,,,,derived from rows above,CPU
2024-12-29,2025-03-29,2025,Q1,2025Q1,INTC,inventory_days,139.8,days,,inventory/cost_of_revenue*days_in_quarter,,,,derived from rows above,CPU
2025-03-30,2025-06-28,2025,Q2,2025Q2,INTC,inventory_days,111.1,days,,inventory/cost_of_revenue*days_in_quarter,,,,derived from rows above,CPU
2025-06-29,2025-09-27,2025,Q3,2025Q3,INTC,inventory_days,123.9,days,,inventory/cost_of_revenue*days_in_quarter,,,,derived from rows above,CPU
2025-09-28,2025-12-27,2025,Q4,2025Q4,INTC,inventory_days,121.1,days,,inventory/cost_of_revenue*days_in_quarter,,,,derived from rows above,CPU
2025-12-28,2026-03-28,2026,Q1,2026Q1,INTC,inventory_days,137.4,days,,inventory/cost_of_revenue*days_in_quarter,,,,derived from rows above,CPU
2026-03-29,2026-06-27,2026,Q2,2026Q2,INTC,inventory_days,118.2,days,,inventory/cost_of_revenue*days_in_quarter,,,,derived from rows above,CPU
2013-12-29,2014-03-29,2014,Q1,2014Q1,INTC,operating_income,2510000000.0,USD,OperatingIncomeLoss,reported,0000050863-15-000028,10-Q,2015-04-27,https://data.sec.gov/api/xbrl/companyfacts/CIK0000050863.json,CPU
2014-03-30,2014-06-28,2014,Q2,2014Q2,INTC,operating_income,3844000000.0,USD,OperatingIncomeLoss,reported,0000050863-15-000055,10-Q,2015-07-27,https://data.sec.gov/api/xbrl/companyfacts/CIK0000050863.json,CPU
2014-06-29,2014-09-27,2014,Q3,2014Q3,INTC,operating_income,4540000000.0,USD,OperatingIncomeLoss,reported,0000050863-15-000072,10-Q,2015-10-28,https://data.sec.gov/api/xbrl/companyfacts/CIK0000050863.json,CPU
2014-09-28,2014-12-27,2014,Q4,2014Q4,INTC,operating_income,4453000000.0,USD,OperatingIncomeLoss,ytd_diff,0000050863-17-000012,10-K,2017-02-17,https://data.sec.gov/api/xbrl/companyfacts/CIK0000050863.json,CPU
2014-12-28,2015-03-28,2015,Q1,2015Q1,INTC,operating_income,2615000000.0,USD,OperatingIncomeLoss,reported,0000050863-16-000125,10-Q,2016-05-02,https://data.sec.gov/api/xbrl/companyfacts/CIK0000050863.json,CPU
2015-03-29,2015-06-27,2015,Q2,2015Q2,INTC,operating_income,2896000000.0,USD,OperatingIncomeLoss,reported,0000050863-16-000142,10-Q,2016-08-01,https://data.sec.gov/api/xbrl/companyfacts/CIK0000050863.json,CPU
2015-06-28,2015-09-26,2015,Q3,2015Q3,INTC,operating_income,4192000000.0,USD,OperatingIncomeLoss,reported,0000050863-16-000153,10-Q,2016-10-31,https://data.sec.gov/api/xbrl/companyfacts/CIK0000050863.json,CPU
2015-09-27,2015-12-26,2015,Q4,2015Q4,INTC,operating_income,4299000000.0,USD,OperatingIncomeLoss,ytd_diff,0000050863-18-000007,10-K,2018-02-16,https://data.sec.gov/api/xbrl/companyfacts/CIK0000050863.json,CPU
2015-12-27,2016-04-02,2016,Q1,2016Q1,INTC,operating_income,2568000000.0,USD,OperatingIncomeLoss,reported,0000050863-17-000029,10-Q,2017-04-27,https://data.sec.gov/api/xbrl/companyfacts/CIK0000050863.json,CPU
2016-04-03,2016-07-02,2016,Q2,2016Q2,INTC,operating_income,1318000000.0,USD,OperatingIncomeLoss,reported,0000050863-17-000041,10-Q,2017-07-27,https://data.sec.gov/api/xbrl/companyfacts/CIK0000050863.json,CPU
2016-07-03,2016-10-01,2016,Q3,2016Q3,INTC,operating_income,4462000000.0,USD,OperatingIncomeLoss,reported,0000050863-17-000048,10-Q,2017-10-26,https://data.sec.gov/api/xbrl/companyfacts/CIK0000050863.json,CPU
2016-10-02,2016-12-31,2016,Q4,2016Q4,INTC,operating_income,4785000000.0,USD,OperatingIncomeLoss,ytd_diff,0000050863-19-000007,10-K,2019-02-01,https://data.sec.gov/api/xbrl/companyfacts/CIK0000050863.json,CPU
2017-01-01,2017-04-01,2017,Q1,2017Q1,INTC,operating_income,3632000000.0,USD,OperatingIncomeLoss,reported,0000050863-18-000013,10-Q,2018-04-27,https://data.sec.gov/api/xbrl/companyfacts/CIK0000050863.json,CPU
2017-04-02,2017-07-01,2017,Q2,2017Q2,INTC,operating_income,3842000000.0,USD,OperatingIncomeLoss,reported,0000050863-18-000022,10-Q,2018-07-27,https://data.sec.gov/api/xbrl/companyfacts/CIK0000050863.json,CPU
2017-07-02,2017-09-30,2017,Q3,2017Q3,INTC,operating_income,5141000000.0,USD,OperatingIncomeLoss,reported,0000050863-18-000029,10-Q,2018-10-26,https://data.sec.gov/api/xbrl/companyfacts/CIK0000050863.json,CPU
2017-10-01,2017-12-30,2017,Q4,2017Q4,INTC,operating_income,5435000000.0,USD,OperatingIncomeLoss,ytd_diff,0000050863-20-000011,10-K,2020-01-24,https://data.sec.gov/api/xbrl/companyfacts/CIK0000050863.json,CPU
2017-12-31,2018-03-31,2018,Q1,2018Q1,INTC,operating_income,4470000000.0,USD,OperatingIncomeLoss,reported,0000050863-19-000013,10-Q,2019-04-26,https://data.sec.gov/api/xbrl/companyfacts/CIK0000050863.json,CPU
2018-04-01,2018-06-30,2018,Q2,2018Q2,INTC,operating_income,5273000000.0,USD,OperatingIncomeLoss,reported,0000050863-19-000023,10-Q,2019-07-26,https://data.sec.gov/api/xbrl/companyfacts/CIK0000050863.json,CPU
2018-07-01,2018-09-29,2018,Q3,2018Q3,INTC,operating_income,7349000000.0,USD,OperatingIncomeLoss,reported,0000050863-19-000029,10-Q,2019-10-25,https://data.sec.gov/api/xbrl/companyfacts/CIK0000050863.json,CPU
2018-09-30,2018-12-29,2018,Q4,2018Q4,INTC,operating_income,6224000000.0,USD,OperatingIncomeLoss,ytd_diff,0000050863-21-000010,10-K,2021-01-22,https://data.sec.gov/api/xbrl/companyfacts/CIK0000050863.json,CPU
2018-12-30,2019-03-30,2019,Q1,2019Q1,INTC,operating_income,4174000000.0,USD,OperatingIncomeLoss,reported,0000050863-20-000017,10-Q,2020-04-24,https://data.sec.gov/api/xbrl/companyfacts/CIK0000050863.json,CPU
2019-03-31,2019-06-29,2019,Q2,2019Q2,INTC,operating_income,4617000000.0,USD,OperatingIncomeLoss,reported,0000050863-20-000026,10-Q,2020-07-24,https://data.sec.gov/api/xbrl/companyfacts/CIK0000050863.json,CPU
2019-06-30,2019-09-28,2019,Q3,2019Q3,INTC,operating_income,6447000000.0,USD,OperatingIncomeLoss,reported,0000050863-20-000043,10-Q,2020-10-23,https://data.sec.gov/api/xbrl/companyfacts/CIK0000050863.json,CPU
2019-09-29,2019-12-28,2019,Q4,2019Q4,INTC,operating_income,6797000000.0,USD,OperatingIncomeLoss,ytd_diff,0000050863-22-000007,10-K,2022-01-27,https://data.sec.gov/api/xbrl/companyfacts/CIK0000050863.json,CPU
2019-12-29,2020-03-28,2020,Q1,2020Q1,INTC,operating_income,7038000000.0,USD,OperatingIncomeLoss,reported,0000050863-21-000018,10-Q,2021-04-23,https://data.sec.gov/api/xbrl/companyfacts/CIK0000050863.json,CPU
2020-03-29,2020-06-27,2020,Q2,2020Q2,INTC,operating_income,5697000000.0,USD,OperatingIncomeLoss,reported,0000050863-21-000030,10-Q,2021-07-23,https://data.sec.gov/api/xbrl/companyfacts/CIK0000050863.json,CPU
2020-06-28,2020-09-26,2020,Q3,2020Q3,INTC,operating_income,5059000000.0,USD,OperatingIncomeLoss,reported,0000050863-21-000038,10-Q,2021-10-22,https://data.sec.gov/api/xbrl/companyfacts/CIK0000050863.json,CPU
2020-09-27,2020-12-26,2020,Q4,2020Q4,INTC,operating_income,5884000000.0,USD,OperatingIncomeLoss,ytd_diff,0000050863-23-000006,10-K,2023-01-27,https://data.sec.gov/api/xbrl/companyfacts/CIK0000050863.json,CPU
2020-12-27,2021-03-27,2021,Q1,2021Q1,INTC,operating_income,3694000000.0,USD,OperatingIncomeLoss,reported,0000050863-22-000020,10-Q,2022-04-29,https://data.sec.gov/api/xbrl/companyfacts/CIK0000050863.json,CPU
2021-03-28,2021-06-26,2021,Q2,2021Q2,INTC,operating_income,5546000000.0,USD,OperatingIncomeLoss,reported,0000050863-22-000030,10-Q,2022-07-29,https://data.sec.gov/api/xbrl/companyfacts/CIK0000050863.json,CPU
2021-06-27,2021-09-25,2021,Q3,2021Q3,INTC,operating_income,5227000000.0,USD,OperatingIncomeLoss,reported,0000050863-22-000038,10-Q,2022-10-28,https://data.sec.gov/api/xbrl/companyfacts/CIK0000050863.json,CPU
2021-09-26,2021-12-25,2021,Q4,2021Q4,INTC,operating_income,4989000000.0,USD,OperatingIncomeLoss,ytd_diff,0000050863-24-000010,10-K,2024-01-26,https://data.sec.gov/api/xbrl/companyfacts/CIK0000050863.json,CPU
2021-12-26,2022-04-02,2022,Q1,2022Q1,INTC,operating_income,4341000000.0,USD,OperatingIncomeLoss,reported,0000050863-23-000028,10-Q,2023-04-28,https://data.sec.gov/api/xbrl/companyfacts/CIK0000050863.json,CPU
2022-04-03,2022-07-02,2022,Q2,2022Q2,INTC,operating_income,-700000000.0,USD,OperatingIncomeLoss,reported,0000050863-23-000069,10-Q,2023-07-28,https://data.sec.gov/api/xbrl/companyfacts/CIK0000050863.json,CPU
2022-07-03,2022-10-01,2022,Q3,2022Q3,INTC,operating_income,-175000000.0,USD,OperatingIncomeLoss,reported,0000050863-23-000103,10-Q,2023-10-27,https://data.sec.gov/api/xbrl/companyfacts/CIK0000050863.json,CPU
2022-10-02,2022-12-31,2022,Q4,2022Q4,INTC,operating_income,-1132000000.0,USD,OperatingIncomeLoss,ytd_diff,0000050863-25-000009,10-K,2025-01-31,https://data.sec.gov/api/xbrl/companyfacts/CIK0000050863.json,CPU
2023-01-01,2023-04-01,2023,Q1,2023Q1,INTC,operating_income,-1468000000.0,USD,OperatingIncomeLoss,reported,0000050863-24-000076,10-Q,2024-04-26,https://data.sec.gov/api/xbrl/companyfacts/CIK0000050863.json,CPU
2023-04-02,2023-07-01,2023,Q2,2023Q2,INTC,operating_income,-1016000000.0,USD,OperatingIncomeLoss,reported,0000050863-24-000124,10-Q,2024-08-02,https://data.sec.gov/api/xbrl/companyfacts/CIK0000050863.json,CPU
2023-07-02,2023-09-30,2023,Q3,2023Q3,INTC,operating_income,-8000000.0,USD,OperatingIncomeLoss,reported,0000050863-24-000149,10-Q,2024-11-01,https://data.sec.gov/api/xbrl/companyfacts/CIK0000050863.json,CPU
2023-10-01,2023-12-30,2023,Q4,2023Q4,INTC,operating_income,2585000000.0,USD,OperatingIncomeLoss,ytd_diff,0000050863-26-000011,10-K,2026-01-23,https://data.sec.gov/api/xbrl/companyfacts/CIK0000050863.json,CPU
2023-12-31,2024-03-30,2024,Q1,2024Q1,INTC,operating_income,-1069000000.0,USD,OperatingIncomeLoss,reported,0000050863-25-000074,10-Q,2025-04-25,https://data.sec.gov/api/xbrl/companyfacts/CIK0000050863.json,CPU
2024-03-31,2024-06-29,2024,Q2,2024Q2,INTC,operating_income,-1964000000.0,USD,OperatingIncomeLoss,reported,0000050863-25-000109,10-Q,2025-07-24,https://data.sec.gov/api/xbrl/companyfacts/CIK0000050863.json,CPU
2024-06-30,2024-09-28,2024,Q3,2024Q3,INTC,operating_income,-9057000000.0,USD,OperatingIncomeLoss,reported,0000050863-25-000179,10-Q,2025-11-06,https://data.sec.gov/api/xbrl/companyfacts/CIK0000050863.json,CPU
2024-09-29,2024-12-28,2024,Q4,2024Q4,INTC,operating_income,412000000.0,USD,OperatingIncomeLoss,ytd_diff,0000050863-26-000011,10-K,2026-01-23,https://data.sec.gov/api/xbrl/companyfacts/CIK0000050863.json,CPU
2024-12-29,2025-03-29,2025,Q1,2025Q1,INTC,operating_income,-301000000.0,USD,OperatingIncomeLoss,reported,0000050863-26-000079,10-Q,2026-04-24,https://data.sec.gov/api/xbrl/companyfacts/CIK0000050863.json,CPU
2025-03-30,2025-06-28,2025,Q2,2025Q2,INTC,operating_income,-3176000000.0,USD,OperatingIncomeLoss,reported,0000050863-26-000157,10-Q,2026-07-24,https://data.sec.gov/api/xbrl/companyfacts/CIK0000050863.json,CPU
2025-06-29,2025-09-27,2025,Q3,2025Q3,INTC,operating_income,683000000.0,USD,OperatingIncomeLoss,reported,0000050863-25-000179,10-Q,2025-11-06,https://data.sec.gov/api/xbrl/companyfacts/CIK0000050863.json,CPU
2025-09-28,2025-12-27,2025,Q4,2025Q4,INTC,operating_income,580000000.0,USD,OperatingIncomeLoss,ytd_diff,0000050863-26-000011,10-K,2026-01-23,https://data.sec.gov/api/xbrl/companyfacts/CIK0000050863.json,CPU
2025-12-28,2026-03-28,2026,Q1,2026Q1,INTC,operating_income,-3136000000.0,USD,OperatingIncomeLoss,reported,0000050863-26-000079,10-Q,2026-04-24,https://data.sec.gov/api/xbrl/companyfacts/CIK0000050863.json,CPU
2026-03-29,2026-06-27,2026,Q2,2026Q2,INTC,operating_income,1796000000.0,USD,OperatingIncomeLoss,reported,0000050863-26-000157,10-Q,2026-07-24,https://data.sec.gov/api/xbrl/companyfacts/CIK0000050863.json,CPU
2013-12-29,2014-03-29,2014,Q1,2014Q1,INTC,revenue,12764000000.0,USD,SalesRevenueNet,reported,0000050863-15-000028,10-Q,2015-04-27,https://data.sec.gov/api/xbrl/companyfacts/CIK0000050863.json,CPU
2014-03-30,2014-06-28,2014,Q2,2014Q2,INTC,revenue,13831000000.0,USD,SalesRevenueNet,reported,0000050863-15-000055,10-Q,2015-07-27,https://data.sec.gov/api/xbrl/companyfacts/CIK0000050863.json,CPU
2014-06-29,2014-09-27,2014,Q3,2014Q3,INTC,revenue,14554000000.0,USD,SalesRevenueNet,reported,0000050863-15-000072,10-Q,2015-10-28,https://data.sec.gov/api/xbrl/companyfacts/CIK0000050863.json,CPU
2014-09-28,2014-12-27,2014,Q4,2014Q4,INTC,revenue,14721000000.0,USD,SalesRevenueNet,ytd_diff,0000050863-17-000012,10-K,2017-02-17,https://data.sec.gov/api/xbrl/companyfacts/CIK0000050863.json,CPU
2014-12-28,2015-03-28,2015,Q1,2015Q1,INTC,revenue,12781000000.0,USD,SalesRevenueNet,reported,0000050863-16-000125,10-Q,2016-05-02,https://data.sec.gov/api/xbrl/companyfacts/CIK0000050863.json,CPU
2015-03-29,2015-06-27,2015,Q2,2015Q2,INTC,revenue,13195000000.0,USD,SalesRevenueNet,reported,0000050863-16-000142,10-Q,2016-08-01,https://data.sec.gov/api/xbrl/companyfacts/CIK0000050863.json,CPU
2015-06-28,2015-09-26,2015,Q3,2015Q3,INTC,revenue,14465000000.0,USD,SalesRevenueNet,reported,0000050863-16-000153,10-Q,2016-10-31,https://data.sec.gov/api/xbrl/companyfacts/CIK0000050863.json,CPU
2015-09-27,2015-12-26,2015,Q4,2015Q4,INTC,revenue,14914000000.0,USD,SalesRevenueNet,ytd_diff,0000050863-18-000007,10-K,2018-02-16,https://data.sec.gov/api/xbrl/companyfacts/CIK0000050863.json,CPU
2015-12-27,2016-04-02,2016,Q1,2016Q1,INTC,revenue,13702000000.0,USD,SalesRevenueNet,reported,0000050863-17-000029,10-Q,2017-04-27,https://data.sec.gov/api/xbrl/companyfacts/CIK0000050863.json,CPU
2016-04-03,2016-07-02,2016,Q2,2016Q2,INTC,revenue,13533000000.0,USD,SalesRevenueNet,reported,0000050863-17-000041,10-Q,2017-07-27,https://data.sec.gov/api/xbrl/companyfacts/CIK0000050863.json,CPU
2016-07-03,2016-10-01,2016,Q3,2016Q3,INTC,revenue,15778000000.0,USD,SalesRevenueNet,reported,0000050863-17-000048,10-Q,2017-10-26,https://data.sec.gov/api/xbrl/companyfacts/CIK0000050863.json,CPU
2016-10-02,2016-12-31,2016,Q4,2016Q4,INTC,revenue,16374000000.0,USD,SalesRevenueNet,ytd_diff,0000050863-18-000007,10-K,2018-02-16,https://data.sec.gov/api/xbrl/companyfacts/CIK0000050863.json,CPU
2017-01-01,2017-04-01,2017,Q1,2017Q1,INTC,revenue,14796000000.0,USD,SalesRevenueNet,reported,0000050863-18-000013,10-Q,2018-04-27,https://data.sec.gov/api/xbrl/companyfacts/CIK0000050863.json,CPU
2017-04-02,2017-07-01,2017,Q2,2017Q2,INTC,revenue,14763000000.0,USD,SalesRevenueNet,reported,0000050863-18-000022,10-Q,2018-07-27,https://data.sec.gov/api/xbrl/companyfacts/CIK0000050863.json,CPU
2017-07-02,2017-09-30,2017,Q3,2017Q3,INTC,revenue,16149000000.0,USD,RevenueFromContractWithCustomerExcludingAssessedTax,reported,0000050863-18-000029,10-Q,2018-10-26,https://data.sec.gov/api/xbrl/companyfacts/CIK0000050863.json,CPU
2017-10-01,2017-12-30,2017,Q4,2017Q4,INTC,revenue,17053000000.0,USD,RevenueFromContractWithCustomerExcludingAssessedTax,ytd_diff,0000050863-20-000011,10-K,2020-01-24,https://data.sec.gov/api/xbrl/companyfacts/CIK0000050863.json,CPU
2017-12-31,2018-03-31,2018,Q1,2018Q1,INTC,revenue,16066000000.0,USD,RevenueFromContractWithCustomerExcludingAssessedTax,reported,0000050863-19-000013,10-Q,2019-04-26,https://data.sec.gov/api/xbrl/companyfacts/CIK0000050863.json,CPU
2018-04-01,2018-06-30,2018,Q2,2018Q2,INTC,revenue,16962000000.0,USD,RevenueFromContractWithCustomerExcludingAssessedTax,reported,0000050863-19-000023,10-Q,2019-07-26,https://data.sec.gov/api/xbrl/companyfacts/CIK0000050863.json,CPU
2018-07-01,2018-09-29,2018,Q3,2018Q3,INTC,revenue,19163000000.0,USD,RevenueFromContractWithCustomerExcludingAssessedTax,reported,0000050863-19-000029,10-Q,2019-10-25,https://data.sec.gov/api/xbrl/companyfacts/CIK0000050863.json,CPU
2018-09-30,2018-12-29,2018,Q4,2018Q4,INTC,revenue,18657000000.0,USD,RevenueFromContractWithCustomerExcludingAssessedTax,ytd_diff,0000050863-21-000010,10-K,2021-01-22,https://data.sec.gov/api/xbrl/companyfacts/CIK0000050863.json,CPU
2018-12-30,2019-03-30,2019,Q1,2019Q1,INTC,revenue,16061000000.0,USD,RevenueFromContractWithCustomerExcludingAssessedTax,reported,0000050863-20-000017,10-Q,2020-04-24,https://data.sec.gov/api/xbrl/companyfacts/CIK0000050863.json,CPU
2019-03-31,2019-06-29,2019,Q2,2019Q2,INTC,revenue,16505000000.0,USD,RevenueFromContractWithCustomerExcludingAssessedTax,reported,0000050863-20-000026,10-Q,2020-07-24,https://data.sec.gov/api/xbrl/companyfacts/CIK0000050863.json,CPU
2019-06-30,2019-09-28,2019,Q3,2019Q3,INTC,revenue,19190000000.0,USD,RevenueFromContractWithCustomerExcludingAssessedTax,reported,0000050863-20-000043,10-Q,2020-10-23,https://data.sec.gov/api/xbrl/companyfacts/CIK0000050863.json,CPU
2019-09-29,2019-12-28,2019,Q4,2019Q4,INTC,revenue,20209000000.0,USD,RevenueFromContractWithCustomerExcludingAssessedTax,ytd_diff,0000050863-22-000007,10-K,2022-01-27,https://data.sec.gov/api/xbrl/companyfacts/CIK0000050863.json,CPU
2019-12-29,2020-03-28,2020,Q1,2020Q1,INTC,revenue,19828000000.0,USD,RevenueFromContractWithCustomerExcludingAssessedTax,reported,0000050863-21-000018,10-Q,2021-04-23,https://data.sec.gov/api/xbrl/companyfacts/CIK0000050863.json,CPU
2020-03-29,2020-06-27,2020,Q2,2020Q2,INTC,revenue,19728000000.0,USD,RevenueFromContractWithCustomerExcludingAssessedTax,reported,0000050863-21-000030,10-Q,2021-07-23,https://data.sec.gov/api/xbrl/companyfacts/CIK0000050863.json,CPU
2020-06-28,2020-09-26,2020,Q3,2020Q3,INTC,revenue,18333000000.0,USD,RevenueFromContractWithCustomerExcludingAssessedTax,reported,0000050863-21-000038,10-Q,2021-10-22,https://data.sec.gov/api/xbrl/companyfacts/CIK0000050863.json,CPU
2020-09-27,2020-12-26,2020,Q4,2020Q4,INTC,revenue,19978000000.0,USD,RevenueFromContractWithCustomerExcludingAssessedTax,ytd_diff,0000050863-23-000006,10-K,2023-01-27,https://data.sec.gov/api/xbrl/companyfacts/CIK0000050863.json,CPU
2020-12-27,2021-03-27,2021,Q1,2021Q1,INTC,revenue,19673000000.0,USD,RevenueFromContractWithCustomerExcludingAssessedTax,reported,0000050863-22-000020,10-Q,2022-04-29,https://data.sec.gov/api/xbrl/companyfacts/CIK0000050863.json,CPU
2021-03-28,2021-06-26,2021,Q2,2021Q2,INTC,revenue,19631000000.0,USD,RevenueFromContractWithCustomerExcludingAssessedTax,reported,0000050863-22-000030,10-Q,2022-07-29,https://data.sec.gov/api/xbrl/companyfacts/CIK0000050863.json,CPU
2021-06-27,2021-09-25,2021,Q3,2021Q3,INTC,revenue,19192000000.0,USD,RevenueFromContractWithCustomerExcludingAssessedTax,reported,0000050863-22-000038,10-Q,2022-10-28,https://data.sec.gov/api/xbrl/companyfacts/CIK0000050863.json,CPU
2021-09-26,2021-12-25,2021,Q4,2021Q4,INTC,revenue,20528000000.0,USD,RevenueFromContractWithCustomerExcludingAssessedTax,ytd_diff,0000050863-24-000010,10-K,2024-01-26,https://data.sec.gov/api/xbrl/companyfacts/CIK0000050863.json,CPU
2021-12-26,2022-04-02,2022,Q1,2022Q1,INTC,revenue,18353000000.0,USD,RevenueFromContractWithCustomerExcludingAssessedTax,reported,0000050863-23-000028,10-Q,2023-04-28,https://data.sec.gov/api/xbrl/companyfacts/CIK0000050863.json,CPU
2022-04-03,2022-07-02,2022,Q2,2022Q2,INTC,revenue,15321000000.0,USD,RevenueFromContractWithCustomerExcludingAssessedTax,reported,0000050863-23-000069,10-Q,2023-07-28,https://data.sec.gov/api/xbrl/companyfacts/CIK0000050863.json,CPU
2022-07-03,2022-10-01,2022,Q3,2022Q3,INTC,revenue,15338000000.0,USD,RevenueFromContractWithCustomerExcludingAssessedTax,reported,0000050863-23-000103,10-Q,2023-10-27,https://data.sec.gov/api/xbrl/companyfacts/CIK0000050863.json,CPU
2022-10-02,2022-12-31,2022,Q4,2022Q4,INTC,revenue,14042000000.0,USD,RevenueFromContractWithCustomerExcludingAssessedTax,ytd_diff,0000050863-25-000009,10-K,2025-01-31,https://data.sec.gov/api/xbrl/companyfacts/CIK0000050863.json,CPU
2023-01-01,2023-04-01,2023,Q1,2023Q1,INTC,revenue,11715000000.0,USD,RevenueFromContractWithCustomerExcludingAssessedTax,reported,0000050863-24-000076,10-Q,2024-04-26,https://data.sec.gov/api/xbrl/companyfacts/CIK0000050863.json,CPU
2023-04-02,2023-07-01,2023,Q2,2023Q2,INTC,revenue,12949000000.0,USD,RevenueFromContractWithCustomerExcludingAssessedTax,reported,0000050863-24-000124,10-Q,2024-08-02,https://data.sec.gov/api/xbrl/companyfacts/CIK0000050863.json,CPU
2023-07-02,2023-09-30,2023,Q3,2023Q3,INTC,revenue,14158000000.0,USD,RevenueFromContractWithCustomerExcludingAssessedTax,reported,0000050863-24-000149,10-Q,2024-11-01,https://data.sec.gov/api/xbrl/companyfacts/CIK0000050863.json,CPU
2023-10-01,2023-12-30,2023,Q4,2023Q4,INTC,revenue,15406000000.0,USD,RevenueFromContractWithCustomerExcludingAssessedTax,ytd_diff,0000050863-26-000011,10-K,2026-01-23,https://data.sec.gov/api/xbrl/companyfacts/CIK0000050863.json,CPU
2023-12-31,2024-03-30,2024,Q1,2024Q1,INTC,revenue,12724000000.0,USD,RevenueFromContractWithCustomerExcludingAssessedTax,reported,0000050863-25-000074,10-Q,2025-04-25,https://data.sec.gov/api/xbrl/companyfacts/CIK0000050863.json,CPU
2024-03-31,2024-06-29,2024,Q2,2024Q2,INTC,revenue,12833000000.0,USD,RevenueFromContractWithCustomerExcludingAssessedTax,reported,0000050863-25-000109,10-Q,2025-07-24,https://data.sec.gov/api/xbrl/companyfacts/CIK0000050863.json,CPU
2024-06-30,2024-09-28,2024,Q3,2024Q3,INTC,revenue,13284000000.0,USD,RevenueFromContractWithCustomerExcludingAssessedTax,reported,0000050863-25-000179,10-Q,2025-11-06,https://data.sec.gov/api/xbrl/companyfacts/CIK0000050863.json,CPU
2024-09-29,2024-12-28,2024,Q4,2024Q4,INTC,revenue,14260000000.0,USD,RevenueFromContractWithCustomerExcludingAssessedTax,ytd_diff,0000050863-26-000011,10-K,2026-01-23,https://data.sec.gov/api/xbrl/companyfacts/CIK0000050863.json,CPU
2024-12-29,2025-03-29,2025,Q1,2025Q1,INTC,revenue,12667000000.0,USD,RevenueFromContractWithCustomerExcludingAssessedTax,reported,0000050863-26-000079,10-Q,2026-04-24,https://data.sec.gov/api/xbrl/companyfacts/CIK0000050863.json,CPU
2025-03-30,2025-06-28,2025,Q2,2025Q2,INTC,revenue,12859000000.0,USD,RevenueFromContractWithCustomerExcludingAssessedTax,reported,0000050863-26-000157,10-Q,2026-07-24,https://data.sec.gov/api/xbrl/companyfacts/CIK0000050863.json,CPU
2025-06-29,2025-09-27,2025,Q3,2025Q3,INTC,revenue,13653000000.0,USD,RevenueFromContractWithCustomerExcludingAssessedTax,reported,0000050863-25-000179,10-Q,2025-11-06,https://data.sec.gov/api/xbrl/companyfacts/CIK0000050863.json,CPU
2025-09-28,2025-12-27,2025,Q4,2025Q4,INTC,revenue,13674000000.0,USD,RevenueFromContractWithCustomerExcludingAssessedTax,ytd_diff,0000050863-26-000011,10-K,2026-01-23,https://data.sec.gov/api/xbrl/companyfacts/CIK0000050863.json,CPU
2025-12-28,2026-03-28,2026,Q1,2026Q1,INTC,revenue,13577000000.0,USD,RevenueFromContractWithCustomerExcludingAssessedTax,reported,0000050863-26-000079,10-Q,2026-04-24,https://data.sec.gov/api/xbrl/companyfacts/CIK0000050863.json,CPU
2026-03-29,2026-06-27,2026,Q2,2026Q2,INTC,revenue,16128000000.0,USD,RevenueFromContractWithCustomerExcludingAssessedTax,reported,0000050863-26-000157,10-Q,2026-07-24,https://data.sec.gov/api/xbrl/companyfacts/CIK0000050863.json,CPU
2014-01-01,2014-03-31,2014,Q1,2014Q1,META,capex,363000000.0,USD,PaymentsToAcquirePropertyPlantAndEquipment,reported,0001326801-15-000015,10-Q,2015-04-23,https://data.sec.gov/api/xbrl/companyfacts/CIK0001326801.json,hyperscaler
2014-04-01,2014-06-30,2014,Q2,2014Q2,META,capex,469000000.0,USD,PaymentsToAcquirePropertyPlantAndEquipment,ytd_diff,0001326801-15-000028,10-Q,2015-07-31,https://data.sec.gov/api/xbrl/companyfacts/CIK0001326801.json,hyperscaler
2014-07-01,2014-09-30,2014,Q3,2014Q3,META,capex,482000000.0,USD,PaymentsToAcquirePropertyPlantAndEquipment,ytd_diff,0001326801-15-000032,10-Q,2015-11-05,https://data.sec.gov/api/xbrl/companyfacts/CIK0001326801.json,hyperscaler
2014-10-01,2014-12-31,2014,Q4,2014Q4,META,capex,517000000.0,USD,PaymentsToAcquirePropertyPlantAndEquipment,ytd_diff,0001326801-17-000007,10-K,2017-02-03,https://data.sec.gov/api/xbrl/companyfacts/CIK0001326801.json,hyperscaler
2015-01-01,2015-03-31,2015,Q1,2015Q1,META,capex,502000000.0,USD,PaymentsToAcquirePropertyPlantAndEquipment,reported,0001326801-16-000067,10-Q,2016-04-28,https://data.sec.gov/api/xbrl/companyfacts/CIK0001326801.json,hyperscaler
2015-04-01,2015-06-30,2015,Q2,2015Q2,META,capex,549000000.0,USD,PaymentsToAcquirePropertyPlantAndEquipment,ytd_diff,0001326801-16-000082,10-Q,2016-07-28,https://data.sec.gov/api/xbrl/companyfacts/CIK0001326801.json,hyperscaler
2015-07-01,2015-09-30,2015,Q3,2015Q3,META,capex,780000000.0,USD,PaymentsToAcquirePropertyPlantAndEquipment,ytd_diff,0001326801-16-000087,10-Q,2016-11-03,https://data.sec.gov/api/xbrl/companyfacts/CIK0001326801.json,hyperscaler
2015-10-01,2015-12-31,2015,Q4,2015Q4,META,capex,692000000.0,USD,PaymentsToAcquirePropertyPlantAndEquipment,ytd_diff,0001326801-18-000009,10-K,2018-02-01,https://data.sec.gov/api/xbrl/companyfacts/CIK0001326801.json,hyperscaler
2016-01-01,2016-03-31,2016,Q1,2016Q1,META,capex,1132000000.0,USD,PaymentsToAcquirePropertyPlantAndEquipment,reported,0001326801-17-000024,10-Q,2017-05-04,https://data.sec.gov/api/xbrl/companyfacts/CIK0001326801.json,hyperscaler
2016-04-01,2016-06-30,2016,Q2,2016Q2,META,capex,995000000.0,USD,PaymentsToAcquirePropertyPlantAndEquipment,ytd_diff,0001326801-17-000038,10-Q,2017-07-27,https://data.sec.gov/api/xbrl/companyfacts/CIK0001326801.json,hyperscaler
2016-07-01,2016-09-30,2016,Q3,2016Q3,META,capex,1095000000.0,USD,PaymentsToAcquirePropertyPlantAndEquipment,ytd_diff,0001326801-17-000053,10-Q,2017-11-02,https://data.sec.gov/api/xbrl/companyfacts/CIK0001326801.json,hyperscaler
2016-10-01,2016-12-31,2016,Q4,2016Q4,META,capex,1269000000.0,USD,PaymentsToAcquirePropertyPlantAndEquipment,ytd_diff,0001326801-19-000009,10-K,2019-01-31,https://data.sec.gov/api/xbrl/companyfacts/CIK0001326801.json,hyperscaler
2017-01-01,2017-03-31,2017,Q1,2017Q1,META,capex,1271000000.0,USD,PaymentsToAcquirePropertyPlantAndEquipment,reported,0001326801-18-000032,10-Q,2018-04-26,https://data.sec.gov/api/xbrl/companyfacts/CIK0001326801.json,hyperscaler
2017-04-01,2017-06-30,2017,Q2,2017Q2,META,capex,1444000000.0,USD,PaymentsToAcquirePropertyPlantAndEquipment,ytd_diff,0001326801-18-000057,10-Q,2018-07-26,https://data.sec.gov/api/xbrl/companyfacts/CIK0001326801.json,hyperscaler
2017-07-01,2017-09-30,2017,Q3,2017Q3,META,capex,1755000000.0,USD,PaymentsToAcquirePropertyPlantAndEquipment,ytd_diff,0001326801-18-000067,10-Q,2018-10-31,https://data.sec.gov/api/xbrl/companyfacts/CIK0001326801.json,hyperscaler
2017-10-01,2017-12-31,2017,Q4,2017Q4,META,capex,2263000000.0,USD,PaymentsToAcquirePropertyPlantAndEquipment,ytd_diff,0001326801-20-000013,10-K,2020-01-30,https://data.sec.gov/api/xbrl/companyfacts/CIK0001326801.json,hyperscaler
2018-01-01,2018-03-31,2018,Q1,2018Q1,META,capex,2812000000.0,USD,PaymentsToAcquirePropertyPlantAndEquipment,reported,0001326801-19-000037,10-Q,2019-04-25,https://data.sec.gov/api/xbrl/companyfacts/CIK0001326801.json,hyperscaler
2018-04-01,2018-06-30,2018,Q2,2018Q2,META,capex,3460000000.0,USD,PaymentsToAcquirePropertyPlantAndEquipment,ytd_diff,0001326801-19-000055,10-Q,2019-07-25,https://data.sec.gov/api/xbrl/companyfacts/CIK0001326801.json,hyperscaler
2018-07-01,2018-09-30,2018,Q3,2018Q3,META,capex,3342000000.0,USD,PaymentsToAcquirePropertyPlantAndEquipment,ytd_diff,0001326801-19-000069,10-Q,2019-10-31,https://data.sec.gov/api/xbrl/companyfacts/CIK0001326801.json,hyperscaler
2018-10-01,2018-12-31,2018,Q4,2018Q4,META,capex,4301000000.0,USD,PaymentsToAcquirePropertyPlantAndEquipment,ytd_diff,0001326801-21-000014,10-K,2021-01-28,https://data.sec.gov/api/xbrl/companyfacts/CIK0001326801.json,hyperscaler
2019-01-01,2019-03-31,2019,Q1,2019Q1,META,capex,3837000000.0,USD,PaymentsToAcquirePropertyPlantAndEquipment,reported,0001326801-20-000048,10-Q,2020-04-30,https://data.sec.gov/api/xbrl/companyfacts/CIK0001326801.json,hyperscaler
2019-04-01,2019-06-30,2019,Q2,2019Q2,META,capex,3633000000.0,USD,PaymentsToAcquirePropertyPlantAndEquipment,ytd_diff,0001326801-20-000076,10-Q,2020-07-31,https://data.sec.gov/api/xbrl/companyfacts/CIK0001326801.json,hyperscaler
2019-07-01,2019-09-30,2019,Q3,2019Q3,META,capex,3532000000.0,USD,PaymentsToAcquirePropertyPlantAndEquipment,ytd_diff,0001326801-20-000084,10-Q,2020-10-30,https://data.sec.gov/api/xbrl/companyfacts/CIK0001326801.json,hyperscaler
2019-10-01,2019-12-31,2019,Q4,2019Q4,META,capex,4100000000.0,USD,PaymentsToAcquirePropertyPlantAndEquipment,ytd_diff,0001326801-22-000018,10-K,2022-02-03,https://data.sec.gov/api/xbrl/companyfacts/CIK0001326801.json,hyperscaler
2020-01-01,2020-03-31,2020,Q1,2020Q1,META,capex,3558000000.0,USD,PaymentsToAcquirePropertyPlantAndEquipment,reported,0001326801-21-000033,10-Q,2021-04-29,https://data.sec.gov/api/xbrl/companyfacts/CIK0001326801.json,hyperscaler
2020-04-01,2020-06-30,2020,Q2,2020Q2,META,capex,3255000000.0,USD,PaymentsToAcquirePropertyPlantAndEquipment,ytd_diff,0001326801-21-000049,10-Q,2021-07-29,https://data.sec.gov/api/xbrl/companyfacts/CIK0001326801.json,hyperscaler
2020-07-01,2020-09-30,2020,Q3,2020Q3,META,capex,3689000000.0,USD,PaymentsToAcquirePropertyPlantAndEquipment,ytd_diff,0001326801-21-000065,10-Q,2021-10-26,https://data.sec.gov/api/xbrl/companyfacts/CIK0001326801.json,hyperscaler
2020-10-01,2020-12-31,2020,Q4,2020Q4,META,capex,4661000000.0,USD,PaymentsToAcquirePropertyPlantAndEquipment,ytd_diff,0001326801-23-000013,10-K,2023-02-02,https://data.sec.gov/api/xbrl/companyfacts/CIK0001326801.json,hyperscaler
2021-01-01,2021-03-31,2021,Q1,2021Q1,META,capex,4303000000.0,USD,PaymentsToAcquirePropertyPlantAndEquipment,reported,0001326801-22-000057,10-Q,2022-04-28,https://data.sec.gov/api/xbrl/companyfacts/CIK0001326801.json,hyperscaler
2021-04-01,2021-06-30,2021,Q2,2021Q2,META,capex,4641000000.0,USD,PaymentsToAcquirePropertyPlantAndEquipment,ytd_diff,0001326801-22-000082,10-Q,2022-07-28,https://data.sec.gov/api/xbrl/companyfacts/CIK0001326801.json,hyperscaler
2021-07-01,2021-09-30,2021,Q3,2021Q3,META,capex,4346000000.0,USD,PaymentsToAcquirePropertyPlantAndEquipment,ytd_diff,0001326801-22-000108,10-Q,2022-10-27,https://data.sec.gov/api/xbrl/companyfacts/CIK0001326801.json,hyperscaler
2021-10-01,2021-12-31,2021,Q4,2021Q4,META,capex,5400000000.0,USD,PaymentsToAcquirePropertyPlantAndEquipment,ytd_diff,0001326801-24-000012,10-K,2024-02-02,https://data.sec.gov/api/xbrl/companyfacts/CIK0001326801.json,hyperscaler
2022-01-01,2022-03-31,2022,Q1,2022Q1,META,capex,5441000000.0,USD,PaymentsToAcquirePropertyPlantAndEquipment,reported,0001326801-23-000067,10-Q,2023-04-27,https://data.sec.gov/api/xbrl/companyfacts/CIK0001326801.json,hyperscaler
2022-04-01,2022-06-30,2022,Q2,2022Q2,META,capex,7572000000.0,USD,PaymentsToAcquirePropertyPlantAndEquipment,ytd_diff,0001326801-23-000093,10-Q,2023-07-27,https://data.sec.gov/api/xbrl/companyfacts/CIK0001326801.json,hyperscaler
2022-07-01,2022-09-30,2022,Q3,2022Q3,META,capex,9375000000.0,USD,PaymentsToAcquirePropertyPlantAndEquipment,ytd_diff,0001326801-23-000103,10-Q,2023-10-26,https://data.sec.gov/api/xbrl/companyfacts/CIK0001326801.json,hyperscaler
2022-10-01,2022-12-31,2022,Q4,2022Q4,META,capex,8798000000.0,USD,PaymentsToAcquirePropertyPlantAndEquipment,ytd_diff,0001326801-25-000017,10-K,2025-01-30,https://data.sec.gov/api/xbrl/companyfacts/CIK0001326801.json,hyperscaler
2023-01-01,2023-03-31,2023,Q1,2023Q1,META,capex,6823000000.0,USD,PaymentsToAcquirePropertyPlantAndEquipment,reported,0001326801-24-000049,10-Q,2024-04-25,https://data.sec.gov/api/xbrl/companyfacts/CIK0001326801.json,hyperscaler
2023-04-01,2023-06-30,2023,Q2,2023Q2,META,capex,6134000000.0,USD,PaymentsToAcquirePropertyPlantAndEquipment,ytd_diff,0001326801-24-000069,10-Q,2024-08-01,https://data.sec.gov/api/xbrl/companyfacts/CIK0001326801.json,hyperscaler
2023-07-01,2023-09-30,2023,Q3,2023Q3,META,capex,6496000000.0,USD,PaymentsToAcquirePropertyPlantAndEquipment,ytd_diff,0001326801-24-000081,10-Q,2024-10-31,https://data.sec.gov/api/xbrl/companyfacts/CIK0001326801.json,hyperscaler
2023-10-01,2023-12-31,2023,Q4,2023Q4,META,capex,7592000000.0,USD,PaymentsToAcquirePropertyPlantAndEquipment,ytd_diff,0001628280-26-003942,10-K,2026-01-29,https://data.sec.gov/api/xbrl/companyfacts/CIK0001326801.json,hyperscaler
2024-01-01,2024-03-31,2024,Q1,2024Q1,META,capex,6400000000.0,USD,PaymentsToAcquirePropertyPlantAndEquipment,reported,0001326801-25-000054,10-Q,2025-05-01,https://data.sec.gov/api/xbrl/companyfacts/CIK0001326801.json,hyperscaler
2024-04-01,2024-06-30,2024,Q2,2024Q2,META,capex,8173000000.0,USD,PaymentsToAcquirePropertyPlantAndEquipment,ytd_diff,0001628280-25-036791,10-Q,2025-07-31,https://data.sec.gov/api/xbrl/companyfacts/CIK0001326801.json,hyperscaler
2024-07-01,2024-09-30,2024,Q3,2024Q3,META,capex,8258000000.0,USD,PaymentsToAcquirePropertyPlantAndEquipment,ytd_diff,0001628280-25-047240,10-Q,2025-10-30,https://data.sec.gov/api/xbrl/companyfacts/CIK0001326801.json,hyperscaler
2024-10-01,2024-12-31,2024,Q4,2024Q4,META,capex,14425000000.0,USD,PaymentsToAcquirePropertyPlantAndEquipment,ytd_diff,0001628280-26-003942,10-K,2026-01-29,https://data.sec.gov/api/xbrl/companyfacts/CIK0001326801.json,hyperscaler
2025-01-01,2025-03-31,2025,Q1,2025Q1,META,capex,12941000000.0,USD,PaymentsToAcquirePropertyPlantAndEquipment,reported,0001628280-26-028526,10-Q,2026-04-30,https://data.sec.gov/api/xbrl/companyfacts/CIK0001326801.json,hyperscaler
2025-04-01,2025-06-30,2025,Q2,2025Q2,META,capex,16538000000.0,USD,PaymentsToAcquirePropertyPlantAndEquipment,ytd_diff,0001628280-26-050705,10-Q,2026-07-30,https://data.sec.gov/api/xbrl/companyfacts/CIK0001326801.json,hyperscaler
2025-07-01,2025-09-30,2025,Q3,2025Q3,META,capex,18829000000.0,USD,PaymentsToAcquirePropertyPlantAndEquipment,ytd_diff,0001628280-25-047240,10-Q,2025-10-30,https://data.sec.gov/api/xbrl/companyfacts/CIK0001326801.json,hyperscaler
2025-10-01,2025-12-31,2025,Q4,2025Q4,META,capex,21383000000.0,USD,PaymentsToAcquirePropertyPlantAndEquipment,ytd_diff,0001628280-26-003942,10-K,2026-01-29,https://data.sec.gov/api/xbrl/companyfacts/CIK0001326801.json,hyperscaler
2026-01-01,2026-03-31,2026,Q1,2026Q1,META,capex,18997000000.0,USD,PaymentsToAcquirePropertyPlantAndEquipment,reported,0001628280-26-028526,10-Q,2026-04-30,https://data.sec.gov/api/xbrl/companyfacts/CIK0001326801.json,hyperscaler
2026-04-01,2026-06-30,2026,Q2,2026Q2,META,capex,30116000000.0,USD,PaymentsToAcquirePropertyPlantAndEquipment,ytd_diff,0001628280-26-050705,10-Q,2026-07-30,https://data.sec.gov/api/xbrl/companyfacts/CIK0001326801.json,hyperscaler
2014-01-01,2014-03-31,2014,Q1,2014Q1,META,cost_of_revenue,462000000.0,USD,CostOfRevenue,reported,0001326801-15-000015,10-Q,2015-04-23,https://data.sec.gov/api/xbrl/companyfacts/CIK0001326801.json,hyperscaler
2014-04-01,2014-06-30,2014,Q2,2014Q2,META,cost_of_revenue,473000000.0,USD,CostOfRevenue,reported,0001326801-15-000028,10-Q,2015-07-31,https://data.sec.gov/api/xbrl/companyfacts/CIK0001326801.json,hyperscaler
2014-07-01,2014-09-30,2014,Q3,2014Q3,META,cost_of_revenue,565000000.0,USD,CostOfRevenue,reported,0001326801-15-000032,10-Q,2015-11-05,https://data.sec.gov/api/xbrl/companyfacts/CIK0001326801.json,hyperscaler
2014-10-01,2014-12-31,2014,Q4,2014Q4,META,cost_of_revenue,652000000.0,USD,CostOfRevenue,ytd_diff,0001326801-17-000007,10-K,2017-02-03,https://data.sec.gov/api/xbrl/companyfacts/CIK0001326801.json,hyperscaler
2015-01-01,2015-03-31,2015,Q1,2015Q1,META,cost_of_revenue,654000000.0,USD,CostOfRevenue,reported,0001326801-16-000067,10-Q,2016-04-28,https://data.sec.gov/api/xbrl/companyfacts/CIK0001326801.json,hyperscaler
2015-04-01,2015-06-30,2015,Q2,2015Q2,META,cost_of_revenue,668000000.0,USD,CostOfRevenue,reported,0001326801-16-000082,10-Q,2016-07-28,https://data.sec.gov/api/xbrl/companyfacts/CIK0001326801.json,hyperscaler
2015-07-01,2015-09-30,2015,Q3,2015Q3,META,cost_of_revenue,720000000.0,USD,CostOfRevenue,reported,0001326801-16-000087,10-Q,2016-11-03,https://data.sec.gov/api/xbrl/companyfacts/CIK0001326801.json,hyperscaler
2015-10-01,2015-12-31,2015,Q4,2015Q4,META,cost_of_revenue,824000000.0,USD,CostOfRevenue,ytd_diff,0001326801-18-000009,10-K,2018-02-01,https://data.sec.gov/api/xbrl/companyfacts/CIK0001326801.json,hyperscaler
2016-01-01,2016-03-31,2016,Q1,2016Q1,META,cost_of_revenue,838000000.0,USD,CostOfRevenue,reported,0001326801-17-000024,10-Q,2017-05-04,https://data.sec.gov/api/xbrl/companyfacts/CIK0001326801.json,hyperscaler
2016-04-01,2016-06-30,2016,Q2,2016Q2,META,cost_of_revenue,917000000.0,USD,CostOfRevenue,reported,0001326801-17-000038,10-Q,2017-07-27,https://data.sec.gov/api/xbrl/companyfacts/CIK0001326801.json,hyperscaler
2016-07-01,2016-09-30,2016,Q3,2016Q3,META,cost_of_revenue,987000000.0,USD,CostOfRevenue,reported,0001326801-17-000053,10-Q,2017-11-02,https://data.sec.gov/api/xbrl/companyfacts/CIK0001326801.json,hyperscaler
2016-10-01,2016-12-31,2016,Q4,2016Q4,META,cost_of_revenue,1047000000.0,USD,CostOfRevenue,ytd_diff,0001326801-19-000009,10-K,2019-01-31,https://data.sec.gov/api/xbrl/companyfacts/CIK0001326801.json,hyperscaler
2017-01-01,2017-03-31,2017,Q1,2017Q1,META,cost_of_revenue,1159000000.0,USD,CostOfRevenue,reported,0001326801-18-000032,10-Q,2018-04-26,https://data.sec.gov/api/xbrl/companyfacts/CIK0001326801.json,hyperscaler
2017-04-01,2017-06-30,2017,Q2,2017Q2,META,cost_of_revenue,1237000000.0,USD,CostOfRevenue,reported,0001326801-18-000057,10-Q,2018-07-26,https://data.sec.gov/api/xbrl/companyfacts/CIK0001326801.json,hyperscaler
2017-07-01,2017-09-30,2017,Q3,2017Q3,META,cost_of_revenue,1448000000.0,USD,CostOfRevenue,reported,0001326801-18-000067,10-Q,2018-10-31,https://data.sec.gov/api/xbrl/companyfacts/CIK0001326801.json,hyperscaler
2017-10-01,2017-12-31,2017,Q4,2017Q4,META,cost_of_revenue,1611000000.0,USD,CostOfRevenue,ytd_diff,0001326801-20-000013,10-K,2020-01-30,https://data.sec.gov/api/xbrl/companyfacts/CIK0001326801.json,hyperscaler
2018-01-01,2018-03-31,2018,Q1,2018Q1,META,cost_of_revenue,1927000000.0,USD,CostOfRevenue,reported,0001326801-19-000037,10-Q,2019-04-25,https://data.sec.gov/api/xbrl/companyfacts/CIK0001326801.json,hyperscaler
2018-04-01,2018-06-30,2018,Q2,2018Q2,META,cost_of_revenue,2214000000.0,USD,CostOfRevenue,reported,0001326801-19-000055,10-Q,2019-07-25,https://data.sec.gov/api/xbrl/companyfacts/CIK0001326801.json,hyperscaler
2018-07-01,2018-09-30,2018,Q3,2018Q3,META,cost_of_revenue,2418000000.0,USD,CostOfRevenue,reported,0001326801-19-000069,10-Q,2019-10-31,https://data.sec.gov/api/xbrl/companyfacts/CIK0001326801.json,hyperscaler
2018-10-01,2018-12-31,2018,Q4,2018Q4,META,cost_of_revenue,2796000000.0,USD,CostOfRevenue,ytd_diff,0001326801-21-000014,10-K,2021-01-28,https://data.sec.gov/api/xbrl/companyfacts/CIK0001326801.json,hyperscaler
2019-01-01,2019-03-31,2019,Q1,2019Q1,META,cost_of_revenue,2816000000.0,USD,CostOfRevenue,reported,0001326801-20-000048,10-Q,2020-04-30,https://data.sec.gov/api/xbrl/companyfacts/CIK0001326801.json,hyperscaler
2019-04-01,2019-06-30,2019,Q2,2019Q2,META,cost_of_revenue,3307000000.0,USD,CostOfRevenue,reported,0001326801-20-000076,10-Q,2020-07-31,https://data.sec.gov/api/xbrl/companyfacts/CIK0001326801.json,hyperscaler
2019-07-01,2019-09-30,2019,Q3,2019Q3,META,cost_of_revenue,3155000000.0,USD,CostOfRevenue,reported,0001326801-20-000084,10-Q,2020-10-30,https://data.sec.gov/api/xbrl/companyfacts/CIK0001326801.json,hyperscaler
2019-10-01,2019-12-31,2019,Q4,2019Q4,META,cost_of_revenue,3491000000.0,USD,CostOfRevenue,ytd_diff,0001326801-22-000018,10-K,2022-02-03,https://data.sec.gov/api/xbrl/companyfacts/CIK0001326801.json,hyperscaler
2020-01-01,2020-03-31,2020,Q1,2020Q1,META,cost_of_revenue,3459000000.0,USD,CostOfRevenue,reported,0001326801-21-000033,10-Q,2021-04-29,https://data.sec.gov/api/xbrl/companyfacts/CIK0001326801.json,hyperscaler
2020-04-01,2020-06-30,2020,Q2,2020Q2,META,cost_of_revenue,3829000000.0,USD,CostOfRevenue,reported,0001326801-21-000049,10-Q,2021-07-29,https://data.sec.gov/api/xbrl/companyfacts/CIK0001326801.json,hyperscaler
2020-07-01,2020-09-30,2020,Q3,2020Q3,META,cost_of_revenue,4194000000.0,USD,CostOfRevenue,reported,0001326801-21-000065,10-Q,2021-10-26,https://data.sec.gov/api/xbrl/companyfacts/CIK0001326801.json,hyperscaler
2020-10-01,2020-12-31,2020,Q4,2020Q4,META,cost_of_revenue,5210000000.0,USD,CostOfRevenue,ytd_diff,0001326801-23-000013,10-K,2023-02-02,https://data.sec.gov/api/xbrl/companyfacts/CIK0001326801.json,hyperscaler
2021-01-01,2021-03-31,2021,Q1,2021Q1,META,cost_of_revenue,5131000000.0,USD,CostOfRevenue,reported,0001326801-22-000057,10-Q,2022-04-28,https://data.sec.gov/api/xbrl/companyfacts/CIK0001326801.json,hyperscaler
2021-04-01,2021-06-30,2021,Q2,2021Q2,META,cost_of_revenue,5399000000.0,USD,CostOfRevenue,reported,0001326801-22-000082,10-Q,2022-07-28,https://data.sec.gov/api/xbrl/companyfacts/CIK0001326801.json,hyperscaler
2021-07-01,2021-09-30,2021,Q3,2021Q3,META,cost_of_revenue,5771000000.0,USD,CostOfRevenue,reported,0001326801-22-000108,10-Q,2022-10-27,https://data.sec.gov/api/xbrl/companyfacts/CIK0001326801.json,hyperscaler
2021-10-01,2021-12-31,2021,Q4,2021Q4,META,cost_of_revenue,6348000000.0,USD,CostOfRevenue,ytd_diff,0001326801-24-000012,10-K,2024-02-02,https://data.sec.gov/api/xbrl/companyfacts/CIK0001326801.json,hyperscaler
2022-01-01,2022-03-31,2022,Q1,2022Q1,META,cost_of_revenue,6005000000.0,USD,CostOfRevenue,reported,0001326801-23-000067,10-Q,2023-04-27,https://data.sec.gov/api/xbrl/companyfacts/CIK0001326801.json,hyperscaler
2022-04-01,2022-06-30,2022,Q2,2022Q2,META,cost_of_revenue,5192000000.0,USD,CostOfRevenue,reported,0001326801-23-000093,10-Q,2023-07-27,https://data.sec.gov/api/xbrl/companyfacts/CIK0001326801.json,hyperscaler
2022-07-01,2022-09-30,2022,Q3,2022Q3,META,cost_of_revenue,5716000000.0,USD,CostOfRevenue,reported,0001326801-23-000103,10-Q,2023-10-26,https://data.sec.gov/api/xbrl/companyfacts/CIK0001326801.json,hyperscaler
2022-10-01,2022-12-31,2022,Q4,2022Q4,META,cost_of_revenue,8336000000.0,USD,CostOfRevenue,ytd_diff,0001326801-25-000017,10-K,2025-01-30,https://data.sec.gov/api/xbrl/companyfacts/CIK0001326801.json,hyperscaler
2023-01-01,2023-03-31,2023,Q1,2023Q1,META,cost_of_revenue,6108000000.0,USD,CostOfRevenue,reported,0001326801-24-000049,10-Q,2024-04-25,https://data.sec.gov/api/xbrl/companyfacts/CIK0001326801.json,hyperscaler
2023-04-01,2023-06-30,2023,Q2,2023Q2,META,cost_of_revenue,5945000000.0,USD,CostOfRevenue,reported,0001326801-24-000069,10-Q,2024-08-01,https://data.sec.gov/api/xbrl/companyfacts/CIK0001326801.json,hyperscaler
2023-07-01,2023-09-30,2023,Q3,2023Q3,META,cost_of_revenue,6210000000.0,USD,CostOfRevenue,reported,0001326801-24-000081,10-Q,2024-10-31,https://data.sec.gov/api/xbrl/companyfacts/CIK0001326801.json,hyperscaler
2023-10-01,2023-12-31,2023,Q4,2023Q4,META,cost_of_revenue,7695000000.0,USD,CostOfRevenue,ytd_diff,0001628280-26-003942,10-K,2026-01-29,https://data.sec.gov/api/xbrl/companyfacts/CIK0001326801.json,hyperscaler
2024-01-01,2024-03-31,2024,Q1,2024Q1,META,cost_of_revenue,6640000000.0,USD,CostOfRevenue,reported,0001326801-25-000054,10-Q,2025-05-01,https://data.sec.gov/api/xbrl/companyfacts/CIK0001326801.json,hyperscaler
2024-04-01,2024-06-30,2024,Q2,2024Q2,META,cost_of_revenue,7308000000.0,USD,CostOfRevenue,reported,0001628280-25-036791,10-Q,2025-07-31,https://data.sec.gov/api/xbrl/companyfacts/CIK0001326801.json,hyperscaler
2024-07-01,2024-09-30,2024,Q3,2024Q3,META,cost_of_revenue,7375000000.0,USD,CostOfRevenue,reported,0001628280-25-047240,10-Q,2025-10-30,https://data.sec.gov/api/xbrl/companyfacts/CIK0001326801.json,hyperscaler
2024-10-01,2024-12-31,2024,Q4,2024Q4,META,cost_of_revenue,8839000000.0,USD,CostOfRevenue,ytd_diff,0001628280-26-003942,10-K,2026-01-29,https://data.sec.gov/api/xbrl/companyfacts/CIK0001326801.json,hyperscaler
2025-01-01,2025-03-31,2025,Q1,2025Q1,META,cost_of_revenue,7572000000.0,USD,CostOfRevenue,reported,0001628280-26-028526,10-Q,2026-04-30,https://data.sec.gov/api/xbrl/companyfacts/CIK0001326801.json,hyperscaler
2025-04-01,2025-06-30,2025,Q2,2025Q2,META,cost_of_revenue,8491000000.0,USD,CostOfRevenue,reported,0001628280-26-050705,10-Q,2026-07-30,https://data.sec.gov/api/xbrl/companyfacts/CIK0001326801.json,hyperscaler
2025-07-01,2025-09-30,2025,Q3,2025Q3,META,cost_of_revenue,9206000000.0,USD,CostOfRevenue,reported,0001628280-25-047240,10-Q,2025-10-30,https://data.sec.gov/api/xbrl/companyfacts/CIK0001326801.json,hyperscaler
2025-10-01,2025-12-31,2025,Q4,2025Q4,META,cost_of_revenue,10906000000.0,USD,CostOfRevenue,ytd_diff,0001628280-26-003942,10-K,2026-01-29,https://data.sec.gov/api/xbrl/companyfacts/CIK0001326801.json,hyperscaler
2026-01-01,2026-03-31,2026,Q1,2026Q1,META,cost_of_revenue,10218000000.0,USD,CostOfRevenue,reported,0001628280-26-028526,10-Q,2026-04-30,https://data.sec.gov/api/xbrl/companyfacts/CIK0001326801.json,hyperscaler
2026-04-01,2026-06-30,2026,Q2,2026Q2,META,cost_of_revenue,11330000000.0,USD,CostOfRevenue,reported,0001628280-26-050705,10-Q,2026-07-30,https://data.sec.gov/api/xbrl/companyfacts/CIK0001326801.json,hyperscaler
2014-01-01,2014-03-31,2014,Q1,2014Q1,META,gross_margin_pct,81.53,pct,,(revenue-cost_of_revenue)/revenue,,,,derived from rows above,hyperscaler
2014-04-01,2014-06-30,2014,Q2,2014Q2,META,gross_margin_pct,83.75,pct,,(revenue-cost_of_revenue)/revenue,,,,derived from rows above,hyperscaler
2014-07-01,2014-09-30,2014,Q3,2014Q3,META,gross_margin_pct,82.36,pct,,(revenue-cost_of_revenue)/revenue,,,,derived from rows above,hyperscaler
2014-10-01,2014-12-31,2014,Q4,2014Q4,META,gross_margin_pct,83.07,pct,,(revenue-cost_of_revenue)/revenue,,,,derived from rows above,hyperscaler
2015-01-01,2015-03-31,2015,Q1,2015Q1,META,gross_margin_pct,81.54,pct,,(revenue-cost_of_revenue)/revenue,,,,derived from rows above,hyperscaler
2015-04-01,2015-06-30,2015,Q2,2015Q2,META,gross_margin_pct,83.47,pct,,(revenue-cost_of_revenue)/revenue,,,,derived from rows above,hyperscaler
2015-07-01,2015-09-30,2015,Q3,2015Q3,META,gross_margin_pct,84.0,pct,,(revenue-cost_of_revenue)/revenue,,,,derived from rows above,hyperscaler
2015-10-01,2015-12-31,2015,Q4,2015Q4,META,gross_margin_pct,85.89,pct,,(revenue-cost_of_revenue)/revenue,,,,derived from rows above,hyperscaler
2016-01-01,2016-03-31,2016,Q1,2016Q1,META,gross_margin_pct,84.43,pct,,(revenue-cost_of_revenue)/revenue,,,,derived from rows above,hyperscaler
2016-04-01,2016-06-30,2016,Q2,2016Q2,META,gross_margin_pct,85.75,pct,,(revenue-cost_of_revenue)/revenue,,,,derived from rows above,hyperscaler
2016-07-01,2016-09-30,2016,Q3,2016Q3,META,gross_margin_pct,85.92,pct,,(revenue-cost_of_revenue)/revenue,,,,derived from rows above,hyperscaler
2016-10-01,2016-12-31,2016,Q4,2016Q4,META,gross_margin_pct,88.11,pct,,(revenue-cost_of_revenue)/revenue,,,,derived from rows above,hyperscaler
2017-01-01,2017-03-31,2017,Q1,2017Q1,META,gross_margin_pct,85.57,pct,,(revenue-cost_of_revenue)/revenue,,,,derived from rows above,hyperscaler
2017-04-01,2017-06-30,2017,Q2,2017Q2,META,gross_margin_pct,86.73,pct,,(revenue-cost_of_revenue)/revenue,,,,derived from rows above,hyperscaler
2017-07-01,2017-09-30,2017,Q3,2017Q3,META,gross_margin_pct,85.98,pct,,(revenue-cost_of_revenue)/revenue,,,,derived from rows above,hyperscaler
2017-10-01,2017-12-31,2017,Q4,2017Q4,META,gross_margin_pct,87.58,pct,,(revenue-cost_of_revenue)/revenue,,,,derived from rows above,hyperscaler
2018-01-01,2018-03-31,2018,Q1,2018Q1,META,gross_margin_pct,83.9,pct,,(revenue-cost_of_revenue)/revenue,,,,derived from rows above,hyperscaler
2018-04-01,2018-06-30,2018,Q2,2018Q2,META,gross_margin_pct,83.27,pct,,(revenue-cost_of_revenue)/revenue,,,,derived from rows above,hyperscaler
2018-07-01,2018-09-30,2018,Q3,2018Q3,META,gross_margin_pct,82.39,pct,,(revenue-cost_of_revenue)/revenue,,,,derived from rows above,hyperscaler
2018-10-01,2018-12-31,2018,Q4,2018Q4,META,gross_margin_pct,83.47,pct,,(revenue-cost_of_revenue)/revenue,,,,derived from rows above,hyperscaler
2019-01-01,2019-03-31,2019,Q1,2019Q1,META,gross_margin_pct,81.32,pct,,(revenue-cost_of_revenue)/revenue,,,,derived from rows above,hyperscaler
2019-04-01,2019-06-30,2019,Q2,2019Q2,META,gross_margin_pct,80.42,pct,,(revenue-cost_of_revenue)/revenue,,,,derived from rows above,hyperscaler
2019-07-01,2019-09-30,2019,Q3,2019Q3,META,gross_margin_pct,82.13,pct,,(revenue-cost_of_revenue)/revenue,,,,derived from rows above,hyperscaler
2019-10-01,2019-12-31,2019,Q4,2019Q4,META,gross_margin_pct,83.44,pct,,(revenue-cost_of_revenue)/revenue,,,,derived from rows above,hyperscaler
2020-01-01,2020-03-31,2020,Q1,2020Q1,META,gross_margin_pct,80.5,pct,,(revenue-cost_of_revenue)/revenue,,,,derived from rows above,hyperscaler
2020-04-01,2020-06-30,2020,Q2,2020Q2,META,gross_margin_pct,79.51,pct,,(revenue-cost_of_revenue)/revenue,,,,derived from rows above,hyperscaler
2020-07-01,2020-09-30,2020,Q3,2020Q3,META,gross_margin_pct,80.47,pct,,(revenue-cost_of_revenue)/revenue,,,,derived from rows above,hyperscaler
2020-10-01,2020-12-31,2020,Q4,2020Q4,META,gross_margin_pct,81.44,pct,,(revenue-cost_of_revenue)/revenue,,,,derived from rows above,hyperscaler
2021-01-01,2021-03-31,2021,Q1,2021Q1,META,gross_margin_pct,80.39,pct,,(revenue-cost_of_revenue)/revenue,,,,derived from rows above,hyperscaler
2021-04-01,2021-06-30,2021,Q2,2021Q2,META,gross_margin_pct,81.43,pct,,(revenue-cost_of_revenue)/revenue,,,,derived from rows above,hyperscaler
2021-07-01,2021-09-30,2021,Q3,2021Q3,META,gross_margin_pct,80.11,pct,,(revenue-cost_of_revenue)/revenue,,,,derived from rows above,hyperscaler
2021-10-01,2021-12-31,2021,Q4,2021Q4,META,gross_margin_pct,81.15,pct,,(revenue-cost_of_revenue)/revenue,,,,derived from rows above,hyperscaler
2022-01-01,2022-03-31,2022,Q1,2022Q1,META,gross_margin_pct,78.48,pct,,(revenue-cost_of_revenue)/revenue,,,,derived from rows above,hyperscaler
2022-04-01,2022-06-30,2022,Q2,2022Q2,META,gross_margin_pct,81.99,pct,,(revenue-cost_of_revenue)/revenue,,,,derived from rows above,hyperscaler
2022-07-01,2022-09-30,2022,Q3,2022Q3,META,gross_margin_pct,79.38,pct,,(revenue-cost_of_revenue)/revenue,,,,derived from rows above,hyperscaler
2022-10-01,2022-12-31,2022,Q4,2022Q4,META,gross_margin_pct,74.08,pct,,(revenue-cost_of_revenue)/revenue,,,,derived from rows above,hyperscaler
2023-01-01,2023-03-31,2023,Q1,2023Q1,META,gross_margin_pct,78.68,pct,,(revenue-cost_of_revenue)/revenue,,,,derived from rows above,hyperscaler
2023-04-01,2023-06-30,2023,Q2,2023Q2,META,gross_margin_pct,81.42,pct,,(revenue-cost_of_revenue)/revenue,,,,derived from rows above,hyperscaler
2023-07-01,2023-09-30,2023,Q3,2023Q3,META,gross_margin_pct,81.81,pct,,(revenue-cost_of_revenue)/revenue,,,,derived from rows above,hyperscaler
2023-10-01,2023-12-31,2023,Q4,2023Q4,META,gross_margin_pct,80.82,pct,,(revenue-cost_of_revenue)/revenue,,,,derived from rows above,hyperscaler
2024-01-01,2024-03-31,2024,Q1,2024Q1,META,gross_margin_pct,81.79,pct,,(revenue-cost_of_revenue)/revenue,,,,derived from rows above,hyperscaler
2024-04-01,2024-06-30,2024,Q2,2024Q2,META,gross_margin_pct,81.3,pct,,(revenue-cost_of_revenue)/revenue,,,,derived from rows above,hyperscaler
2024-07-01,2024-09-30,2024,Q3,2024Q3,META,gross_margin_pct,81.83,pct,,(revenue-cost_of_revenue)/revenue,,,,derived from rows above,hyperscaler
2024-10-01,2024-12-31,2024,Q4,2024Q4,META,gross_margin_pct,81.73,pct,,(revenue-cost_of_revenue)/revenue,,,,derived from rows above,hyperscaler
2025-01-01,2025-03-31,2025,Q1,2025Q1,META,gross_margin_pct,82.11,pct,,(revenue-cost_of_revenue)/revenue,,,,derived from rows above,hyperscaler
2025-04-01,2025-06-30,2025,Q2,2025Q2,META,gross_margin_pct,82.13,pct,,(revenue-cost_of_revenue)/revenue,,,,derived from rows above,hyperscaler
2025-07-01,2025-09-30,2025,Q3,2025Q3,META,gross_margin_pct,82.03,pct,,(revenue-cost_of_revenue)/revenue,,,,derived from rows above,hyperscaler
2025-10-01,2025-12-31,2025,Q4,2025Q4,META,gross_margin_pct,81.79,pct,,(revenue-cost_of_revenue)/revenue,,,,derived from rows above,hyperscaler
2026-01-01,2026-03-31,2026,Q1,2026Q1,META,gross_margin_pct,81.85,pct,,(revenue-cost_of_revenue)/revenue,,,,derived from rows above,hyperscaler
2026-04-01,2026-06-30,2026,Q2,2026Q2,META,gross_margin_pct,81.37,pct,,(revenue-cost_of_revenue)/revenue,,,,derived from rows above,hyperscaler
2014-01-01,2014-03-31,2014,Q1,2014Q1,META,operating_income,1075000000.0,USD,OperatingIncomeLoss,reported,0001326801-15-000015,10-Q,2015-04-23,https://data.sec.gov/api/xbrl/companyfacts/CIK0001326801.json,hyperscaler
2014-04-01,2014-06-30,2014,Q2,2014Q2,META,operating_income,1390000000.0,USD,OperatingIncomeLoss,reported,0001326801-15-000028,10-Q,2015-07-31,https://data.sec.gov/api/xbrl/companyfacts/CIK0001326801.json,hyperscaler
2014-07-01,2014-09-30,2014,Q3,2014Q3,META,operating_income,1397000000.0,USD,OperatingIncomeLoss,reported,0001326801-15-000032,10-Q,2015-11-05,https://data.sec.gov/api/xbrl/companyfacts/CIK0001326801.json,hyperscaler
2014-10-01,2014-12-31,2014,Q4,2014Q4,META,operating_income,1133000000.0,USD,OperatingIncomeLoss,ytd_diff,0001326801-17-000007,10-K,2017-02-03,https://data.sec.gov/api/xbrl/companyfacts/CIK0001326801.json,hyperscaler
2015-01-01,2015-03-31,2015,Q1,2015Q1,META,operating_income,933000000.0,USD,OperatingIncomeLoss,reported,0001326801-16-000067,10-Q,2016-04-28,https://data.sec.gov/api/xbrl/companyfacts/CIK0001326801.json,hyperscaler
2015-04-01,2015-06-30,2015,Q2,2015Q2,META,operating_income,1273000000.0,USD,OperatingIncomeLoss,reported,0001326801-16-000082,10-Q,2016-07-28,https://data.sec.gov/api/xbrl/companyfacts/CIK0001326801.json,hyperscaler
2015-07-01,2015-09-30,2015,Q3,2015Q3,META,operating_income,1459000000.0,USD,OperatingIncomeLoss,reported,0001326801-16-000087,10-Q,2016-11-03,https://data.sec.gov/api/xbrl/companyfacts/CIK0001326801.json,hyperscaler
2015-10-01,2015-12-31,2015,Q4,2015Q4,META,operating_income,2560000000.0,USD,OperatingIncomeLoss,ytd_diff,0001326801-18-000009,10-K,2018-02-01,https://data.sec.gov/api/xbrl/companyfacts/CIK0001326801.json,hyperscaler
2016-01-01,2016-03-31,2016,Q1,2016Q1,META,operating_income,2010000000.0,USD,OperatingIncomeLoss,reported,0001326801-17-000024,10-Q,2017-05-04,https://data.sec.gov/api/xbrl/companyfacts/CIK0001326801.json,hyperscaler
2016-04-01,2016-06-30,2016,Q2,2016Q2,META,operating_income,2734000000.0,USD,OperatingIncomeLoss,reported,0001326801-17-000038,10-Q,2017-07-27,https://data.sec.gov/api/xbrl/companyfacts/CIK0001326801.json,hyperscaler
2016-07-01,2016-09-30,2016,Q3,2016Q3,META,operating_income,3117000000.0,USD,OperatingIncomeLoss,reported,0001326801-17-000053,10-Q,2017-11-02,https://data.sec.gov/api/xbrl/companyfacts/CIK0001326801.json,hyperscaler
2016-10-01,2016-12-31,2016,Q4,2016Q4,META,operating_income,4567000000.0,USD,OperatingIncomeLoss,ytd_diff,0001326801-19-000009,10-K,2019-01-31,https://data.sec.gov/api/xbrl/companyfacts/CIK0001326801.json,hyperscaler
2017-01-01,2017-03-31,2017,Q1,2017Q1,META,operating_income,3327000000.0,USD,OperatingIncomeLoss,reported,0001326801-18-000032,10-Q,2018-04-26,https://data.sec.gov/api/xbrl/companyfacts/CIK0001326801.json,hyperscaler
2017-04-01,2017-06-30,2017,Q2,2017Q2,META,operating_income,4401000000.0,USD,OperatingIncomeLoss,reported,0001326801-18-000057,10-Q,2018-07-26,https://data.sec.gov/api/xbrl/companyfacts/CIK0001326801.json,hyperscaler
2017-07-01,2017-09-30,2017,Q3,2017Q3,META,operating_income,5122000000.0,USD,OperatingIncomeLoss,reported,0001326801-18-000067,10-Q,2018-10-31,https://data.sec.gov/api/xbrl/companyfacts/CIK0001326801.json,hyperscaler
2017-10-01,2017-12-31,2017,Q4,2017Q4,META,operating_income,7352000000.0,USD,OperatingIncomeLoss,ytd_diff,0001326801-20-000013,10-K,2020-01-30,https://data.sec.gov/api/xbrl/companyfacts/CIK0001326801.json,hyperscaler
2018-01-01,2018-03-31,2018,Q1,2018Q1,META,operating_income,5449000000.0,USD,OperatingIncomeLoss,reported,0001326801-19-000037,10-Q,2019-04-25,https://data.sec.gov/api/xbrl/companyfacts/CIK0001326801.json,hyperscaler
2018-04-01,2018-06-30,2018,Q2,2018Q2,META,operating_income,5863000000.0,USD,OperatingIncomeLoss,reported,0001326801-19-000055,10-Q,2019-07-25,https://data.sec.gov/api/xbrl/companyfacts/CIK0001326801.json,hyperscaler
2018-07-01,2018-09-30,2018,Q3,2018Q3,META,operating_income,5781000000.0,USD,OperatingIncomeLoss,reported,0001326801-19-000069,10-Q,2019-10-31,https://data.sec.gov/api/xbrl/companyfacts/CIK0001326801.json,hyperscaler
2018-10-01,2018-12-31,2018,Q4,2018Q4,META,operating_income,7820000000.0,USD,OperatingIncomeLoss,ytd_diff,0001326801-21-000014,10-K,2021-01-28,https://data.sec.gov/api/xbrl/companyfacts/CIK0001326801.json,hyperscaler
2019-01-01,2019-03-31,2019,Q1,2019Q1,META,operating_income,3317000000.0,USD,OperatingIncomeLoss,reported,0001326801-20-000048,10-Q,2020-04-30,https://data.sec.gov/api/xbrl/companyfacts/CIK0001326801.json,hyperscaler
2019-04-01,2019-06-30,2019,Q2,2019Q2,META,operating_income,4626000000.0,USD,OperatingIncomeLoss,reported,0001326801-20-000076,10-Q,2020-07-31,https://data.sec.gov/api/xbrl/companyfacts/CIK0001326801.json,hyperscaler
2019-07-01,2019-09-30,2019,Q3,2019Q3,META,operating_income,7185000000.0,USD,OperatingIncomeLoss,reported,0001326801-20-000084,10-Q,2020-10-30,https://data.sec.gov/api/xbrl/companyfacts/CIK0001326801.json,hyperscaler
2019-10-01,2019-12-31,2019,Q4,2019Q4,META,operating_income,8858000000.0,USD,OperatingIncomeLoss,ytd_diff,0001326801-22-000018,10-K,2022-02-03,https://data.sec.gov/api/xbrl/companyfacts/CIK0001326801.json,hyperscaler
2020-01-01,2020-03-31,2020,Q1,2020Q1,META,operating_income,5893000000.0,USD,OperatingIncomeLoss,reported,0001326801-21-000033,10-Q,2021-04-29,https://data.sec.gov/api/xbrl/companyfacts/CIK0001326801.json,hyperscaler
2020-04-01,2020-06-30,2020,Q2,2020Q2,META,operating_income,5963000000.0,USD,OperatingIncomeLoss,reported,0001326801-21-000049,10-Q,2021-07-29,https://data.sec.gov/api/xbrl/companyfacts/CIK0001326801.json,hyperscaler
2020-07-01,2020-09-30,2020,Q3,2020Q3,META,operating_income,8040000000.0,USD,OperatingIncomeLoss,reported,0001326801-21-000065,10-Q,2021-10-26,https://data.sec.gov/api/xbrl/companyfacts/CIK0001326801.json,hyperscaler
2020-10-01,2020-12-31,2020,Q4,2020Q4,META,operating_income,12775000000.0,USD,OperatingIncomeLoss,ytd_diff,0001326801-23-000013,10-K,2023-02-02,https://data.sec.gov/api/xbrl/companyfacts/CIK0001326801.json,hyperscaler
2021-01-01,2021-03-31,2021,Q1,2021Q1,META,operating_income,11378000000.0,USD,OperatingIncomeLoss,reported,0001326801-22-000057,10-Q,2022-04-28,https://data.sec.gov/api/xbrl/companyfacts/CIK0001326801.json,hyperscaler
2021-04-01,2021-06-30,2021,Q2,2021Q2,META,operating_income,12367000000.0,USD,OperatingIncomeLoss,reported,0001326801-22-000082,10-Q,2022-07-28,https://data.sec.gov/api/xbrl/companyfacts/CIK0001326801.json,hyperscaler
2021-07-01,2021-09-30,2021,Q3,2021Q3,META,operating_income,10423000000.0,USD,OperatingIncomeLoss,reported,0001326801-22-000108,10-Q,2022-10-27,https://data.sec.gov/api/xbrl/companyfacts/CIK0001326801.json,hyperscaler
2021-10-01,2021-12-31,2021,Q4,2021Q4,META,operating_income,12585000000.0,USD,OperatingIncomeLoss,ytd_diff,0001326801-24-000012,10-K,2024-02-02,https://data.sec.gov/api/xbrl/companyfacts/CIK0001326801.json,hyperscaler
2022-01-01,2022-03-31,2022,Q1,2022Q1,META,operating_income,8524000000.0,USD,OperatingIncomeLoss,reported,0001326801-23-000067,10-Q,2023-04-27,https://data.sec.gov/api/xbrl/companyfacts/CIK0001326801.json,hyperscaler
2022-04-01,2022-06-30,2022,Q2,2022Q2,META,operating_income,8358000000.0,USD,OperatingIncomeLoss,reported,0001326801-23-000093,10-Q,2023-07-27,https://data.sec.gov/api/xbrl/companyfacts/CIK0001326801.json,hyperscaler
2022-07-01,2022-09-30,2022,Q3,2022Q3,META,operating_income,5664000000.0,USD,OperatingIncomeLoss,reported,0001326801-23-000103,10-Q,2023-10-26,https://data.sec.gov/api/xbrl/companyfacts/CIK0001326801.json,hyperscaler
2022-10-01,2022-12-31,2022,Q4,2022Q4,META,operating_income,6399000000.0,USD,OperatingIncomeLoss,ytd_diff,0001326801-25-000017,10-K,2025-01-30,https://data.sec.gov/api/xbrl/companyfacts/CIK0001326801.json,hyperscaler
2023-01-01,2023-03-31,2023,Q1,2023Q1,META,operating_income,7227000000.0,USD,OperatingIncomeLoss,reported,0001326801-24-000049,10-Q,2024-04-25,https://data.sec.gov/api/xbrl/companyfacts/CIK0001326801.json,hyperscaler
2023-04-01,2023-06-30,2023,Q2,2023Q2,META,operating_income,9392000000.0,USD,OperatingIncomeLoss,reported,0001326801-24-000069,10-Q,2024-08-01,https://data.sec.gov/api/xbrl/companyfacts/CIK0001326801.json,hyperscaler
2023-07-01,2023-09-30,2023,Q3,2023Q3,META,operating_income,13748000000.0,USD,OperatingIncomeLoss,reported,0001326801-24-000081,10-Q,2024-10-31,https://data.sec.gov/api/xbrl/companyfacts/CIK0001326801.json,hyperscaler
2023-10-01,2023-12-31,2023,Q4,2023Q4,META,operating_income,16384000000.0,USD,OperatingIncomeLoss,ytd_diff,0001628280-26-003942,10-K,2026-01-29,https://data.sec.gov/api/xbrl/companyfacts/CIK0001326801.json,hyperscaler
2024-01-01,2024-03-31,2024,Q1,2024Q1,META,operating_income,13818000000.0,USD,OperatingIncomeLoss,reported,0001326801-25-000054,10-Q,2025-05-01,https://data.sec.gov/api/xbrl/companyfacts/CIK0001326801.json,hyperscaler
2024-04-01,2024-06-30,2024,Q2,2024Q2,META,operating_income,14847000000.0,USD,OperatingIncomeLoss,reported,0001628280-25-036791,10-Q,2025-07-31,https://data.sec.gov/api/xbrl/companyfacts/CIK0001326801.json,hyperscaler
2024-07-01,2024-09-30,2024,Q3,2024Q3,META,operating_income,17350000000.0,USD,OperatingIncomeLoss,reported,0001628280-25-047240,10-Q,2025-10-30,https://data.sec.gov/api/xbrl/companyfacts/CIK0001326801.json,hyperscaler
2024-10-01,2024-12-31,2024,Q4,2024Q4,META,operating_income,23364000000.0,USD,OperatingIncomeLoss,ytd_diff,0001628280-26-003942,10-K,2026-01-29,https://data.sec.gov/api/xbrl/companyfacts/CIK0001326801.json,hyperscaler
2025-01-01,2025-03-31,2025,Q1,2025Q1,META,operating_income,17555000000.0,USD,OperatingIncomeLoss,reported,0001628280-26-028526,10-Q,2026-04-30,https://data.sec.gov/api/xbrl/companyfacts/CIK0001326801.json,hyperscaler
2025-04-01,2025-06-30,2025,Q2,2025Q2,META,operating_income,20441000000.0,USD,OperatingIncomeLoss,reported,0001628280-26-050705,10-Q,2026-07-30,https://data.sec.gov/api/xbrl/companyfacts/CIK0001326801.json,hyperscaler
2025-07-01,2025-09-30,2025,Q3,2025Q3,META,operating_income,20535000000.0,USD,OperatingIncomeLoss,reported,0001628280-25-047240,10-Q,2025-10-30,https://data.sec.gov/api/xbrl/companyfacts/CIK0001326801.json,hyperscaler
2025-10-01,2025-12-31,2025,Q4,2025Q4,META,operating_income,24745000000.0,USD,OperatingIncomeLoss,ytd_diff,0001628280-26-003942,10-K,2026-01-29,https://data.sec.gov/api/xbrl/companyfacts/CIK0001326801.json,hyperscaler
2026-01-01,2026-03-31,2026,Q1,2026Q1,META,operating_income,22872000000.0,USD,OperatingIncomeLoss,reported,0001628280-26-028526,10-Q,2026-04-30,https://data.sec.gov/api/xbrl/companyfacts/CIK0001326801.json,hyperscaler
2026-04-01,2026-06-30,2026,Q2,2026Q2,META,operating_income,18775000000.0,USD,OperatingIncomeLoss,reported,0001628280-26-050705,10-Q,2026-07-30,https://data.sec.gov/api/xbrl/companyfacts/CIK0001326801.json,hyperscaler
2014-01-01,2014-03-31,2014,Q1,2014Q1,META,revenue,2502000000.0,USD,Revenues,reported,0001326801-15-000015,10-Q,2015-04-23,https://data.sec.gov/api/xbrl/companyfacts/CIK0001326801.json,hyperscaler
2014-04-01,2014-06-30,2014,Q2,2014Q2,META,revenue,2910000000.0,USD,Revenues,reported,0001326801-15-000028,10-Q,2015-07-31,https://data.sec.gov/api/xbrl/companyfacts/CIK0001326801.json,hyperscaler
2014-07-01,2014-09-30,2014,Q3,2014Q3,META,revenue,3203000000.0,USD,Revenues,reported,0001326801-15-000032,10-Q,2015-11-05,https://data.sec.gov/api/xbrl/companyfacts/CIK0001326801.json,hyperscaler
2014-10-01,2014-12-31,2014,Q4,2014Q4,META,revenue,3851000000.0,USD,Revenues,ytd_diff,0001326801-17-000007,10-K,2017-02-03,https://data.sec.gov/api/xbrl/companyfacts/CIK0001326801.json,hyperscaler
2015-01-01,2015-03-31,2015,Q1,2015Q1,META,revenue,3543000000.0,USD,Revenues,reported,0001326801-16-000067,10-Q,2016-04-28,https://data.sec.gov/api/xbrl/companyfacts/CIK0001326801.json,hyperscaler
2015-04-01,2015-06-30,2015,Q2,2015Q2,META,revenue,4042000000.0,USD,Revenues,reported,0001326801-16-000082,10-Q,2016-07-28,https://data.sec.gov/api/xbrl/companyfacts/CIK0001326801.json,hyperscaler
2015-07-01,2015-09-30,2015,Q3,2015Q3,META,revenue,4501000000.0,USD,Revenues,reported,0001326801-16-000087,10-Q,2016-11-03,https://data.sec.gov/api/xbrl/companyfacts/CIK0001326801.json,hyperscaler
2015-10-01,2015-12-31,2015,Q4,2015Q4,META,revenue,5841000000.0,USD,Revenues,ytd_diff,0001326801-18-000009,10-K,2018-02-01,https://data.sec.gov/api/xbrl/companyfacts/CIK0001326801.json,hyperscaler
2016-01-01,2016-03-31,2016,Q1,2016Q1,META,revenue,5382000000.0,USD,Revenues,reported,0001326801-17-000024,10-Q,2017-05-04,https://data.sec.gov/api/xbrl/companyfacts/CIK0001326801.json,hyperscaler
2016-04-01,2016-06-30,2016,Q2,2016Q2,META,revenue,6436000000.0,USD,Revenues,reported,0001326801-17-000038,10-Q,2017-07-27,https://data.sec.gov/api/xbrl/companyfacts/CIK0001326801.json,hyperscaler
2016-07-01,2016-09-30,2016,Q3,2016Q3,META,revenue,7011000000.0,USD,Revenues,reported,0001326801-17-000053,10-Q,2017-11-02,https://data.sec.gov/api/xbrl/companyfacts/CIK0001326801.json,hyperscaler
2016-10-01,2016-12-31,2016,Q4,2016Q4,META,revenue,8809000000.0,USD,Revenues,ytd_diff,0001326801-18-000009,10-K,2018-02-01,https://data.sec.gov/api/xbrl/companyfacts/CIK0001326801.json,hyperscaler
2017-01-01,2017-03-31,2017,Q1,2017Q1,META,revenue,8032000000.0,USD,Revenues,reported,0001326801-18-000032,10-Q,2018-04-26,https://data.sec.gov/api/xbrl/companyfacts/CIK0001326801.json,hyperscaler
2017-04-01,2017-06-30,2017,Q2,2017Q2,META,revenue,9321000000.0,USD,Revenues,reported,0001326801-18-000057,10-Q,2018-07-26,https://data.sec.gov/api/xbrl/companyfacts/CIK0001326801.json,hyperscaler
2017-07-01,2017-09-30,2017,Q3,2017Q3,META,revenue,10328000000.0,USD,Revenues,reported,0001326801-18-000067,10-Q,2018-10-31,https://data.sec.gov/api/xbrl/companyfacts/CIK0001326801.json,hyperscaler
2017-10-01,2017-12-31,2017,Q4,2017Q4,META,revenue,12972000000.0,USD,RevenueFromContractWithCustomerExcludingAssessedTax,ytd_diff,0001326801-20-000013,10-K,2020-01-30,https://data.sec.gov/api/xbrl/companyfacts/CIK0001326801.json,hyperscaler
2018-01-01,2018-03-31,2018,Q1,2018Q1,META,revenue,11966000000.0,USD,RevenueFromContractWithCustomerExcludingAssessedTax,reported,0001326801-19-000037,10-Q,2019-04-25,https://data.sec.gov/api/xbrl/companyfacts/CIK0001326801.json,hyperscaler
2018-04-01,2018-06-30,2018,Q2,2018Q2,META,revenue,13231000000.0,USD,RevenueFromContractWithCustomerExcludingAssessedTax,reported,0001326801-19-000055,10-Q,2019-07-25,https://data.sec.gov/api/xbrl/companyfacts/CIK0001326801.json,hyperscaler
2018-07-01,2018-09-30,2018,Q3,2018Q3,META,revenue,13727000000.0,USD,RevenueFromContractWithCustomerExcludingAssessedTax,reported,0001326801-19-000069,10-Q,2019-10-31,https://data.sec.gov/api/xbrl/companyfacts/CIK0001326801.json,hyperscaler
2018-10-01,2018-12-31,2018,Q4,2018Q4,META,revenue,16914000000.0,USD,RevenueFromContractWithCustomerExcludingAssessedTax,ytd_diff,0001326801-21-000014,10-K,2021-01-28,https://data.sec.gov/api/xbrl/companyfacts/CIK0001326801.json,hyperscaler
2019-01-01,2019-03-31,2019,Q1,2019Q1,META,revenue,15077000000.0,USD,RevenueFromContractWithCustomerExcludingAssessedTax,reported,0001326801-20-000048,10-Q,2020-04-30,https://data.sec.gov/api/xbrl/companyfacts/CIK0001326801.json,hyperscaler
2019-04-01,2019-06-30,2019,Q2,2019Q2,META,revenue,16886000000.0,USD,RevenueFromContractWithCustomerExcludingAssessedTax,reported,0001326801-20-000076,10-Q,2020-07-31,https://data.sec.gov/api/xbrl/companyfacts/CIK0001326801.json,hyperscaler
2019-07-01,2019-09-30,2019,Q3,2019Q3,META,revenue,17652000000.0,USD,RevenueFromContractWithCustomerExcludingAssessedTax,reported,0001326801-20-000084,10-Q,2020-10-30,https://data.sec.gov/api/xbrl/companyfacts/CIK0001326801.json,hyperscaler
2019-10-01,2019-12-31,2019,Q4,2019Q4,META,revenue,21082000000.0,USD,RevenueFromContractWithCustomerExcludingAssessedTax,ytd_diff,0001326801-22-000018,10-K,2022-02-03,https://data.sec.gov/api/xbrl/companyfacts/CIK0001326801.json,hyperscaler
2020-01-01,2020-03-31,2020,Q1,2020Q1,META,revenue,17737000000.0,USD,RevenueFromContractWithCustomerExcludingAssessedTax,reported,0001326801-21-000033,10-Q,2021-04-29,https://data.sec.gov/api/xbrl/companyfacts/CIK0001326801.json,hyperscaler
2020-04-01,2020-06-30,2020,Q2,2020Q2,META,revenue,18687000000.0,USD,RevenueFromContractWithCustomerExcludingAssessedTax,reported,0001326801-21-000049,10-Q,2021-07-29,https://data.sec.gov/api/xbrl/companyfacts/CIK0001326801.json,hyperscaler
2020-07-01,2020-09-30,2020,Q3,2020Q3,META,revenue,21470000000.0,USD,RevenueFromContractWithCustomerExcludingAssessedTax,reported,0001326801-21-000065,10-Q,2021-10-26,https://data.sec.gov/api/xbrl/companyfacts/CIK0001326801.json,hyperscaler
2020-10-01,2020-12-31,2020,Q4,2020Q4,META,revenue,28072000000.0,USD,RevenueFromContractWithCustomerExcludingAssessedTax,ytd_diff,0001326801-23-000013,10-K,2023-02-02,https://data.sec.gov/api/xbrl/companyfacts/CIK0001326801.json,hyperscaler
2021-01-01,2021-03-31,2021,Q1,2021Q1,META,revenue,26171000000.0,USD,RevenueFromContractWithCustomerExcludingAssessedTax,reported,0001326801-22-000057,10-Q,2022-04-28,https://data.sec.gov/api/xbrl/companyfacts/CIK0001326801.json,hyperscaler
2021-04-01,2021-06-30,2021,Q2,2021Q2,META,revenue,29077000000.0,USD,RevenueFromContractWithCustomerExcludingAssessedTax,reported,0001326801-22-000082,10-Q,2022-07-28,https://data.sec.gov/api/xbrl/companyfacts/CIK0001326801.json,hyperscaler
2021-07-01,2021-09-30,2021,Q3,2021Q3,META,revenue,29010000000.0,USD,RevenueFromContractWithCustomerExcludingAssessedTax,reported,0001326801-22-000108,10-Q,2022-10-27,https://data.sec.gov/api/xbrl/companyfacts/CIK0001326801.json,hyperscaler
2021-10-01,2021-12-31,2021,Q4,2021Q4,META,revenue,33671000000.0,USD,RevenueFromContractWithCustomerExcludingAssessedTax,ytd_diff,0001326801-24-000012,10-K,2024-02-02,https://data.sec.gov/api/xbrl/companyfacts/CIK0001326801.json,hyperscaler
2022-01-01,2022-03-31,2022,Q1,2022Q1,META,revenue,27908000000.0,USD,RevenueFromContractWithCustomerExcludingAssessedTax,reported,0001326801-23-000067,10-Q,2023-04-27,https://data.sec.gov/api/xbrl/companyfacts/CIK0001326801.json,hyperscaler
2022-04-01,2022-06-30,2022,Q2,2022Q2,META,revenue,28822000000.0,USD,RevenueFromContractWithCustomerExcludingAssessedTax,reported,0001326801-23-000093,10-Q,2023-07-27,https://data.sec.gov/api/xbrl/companyfacts/CIK0001326801.json,hyperscaler
2022-07-01,2022-09-30,2022,Q3,2022Q3,META,revenue,27714000000.0,USD,RevenueFromContractWithCustomerExcludingAssessedTax,reported,0001326801-23-000103,10-Q,2023-10-26,https://data.sec.gov/api/xbrl/companyfacts/CIK0001326801.json,hyperscaler
2022-10-01,2022-12-31,2022,Q4,2022Q4,META,revenue,32165000000.0,USD,RevenueFromContractWithCustomerExcludingAssessedTax,ytd_diff,0001326801-25-000017,10-K,2025-01-30,https://data.sec.gov/api/xbrl/companyfacts/CIK0001326801.json,hyperscaler
2023-01-01,2023-03-31,2023,Q1,2023Q1,META,revenue,28645000000.0,USD,RevenueFromContractWithCustomerExcludingAssessedTax,reported,0001326801-24-000049,10-Q,2024-04-25,https://data.sec.gov/api/xbrl/companyfacts/CIK0001326801.json,hyperscaler
2023-04-01,2023-06-30,2023,Q2,2023Q2,META,revenue,31999000000.0,USD,RevenueFromContractWithCustomerExcludingAssessedTax,reported,0001326801-24-000069,10-Q,2024-08-01,https://data.sec.gov/api/xbrl/companyfacts/CIK0001326801.json,hyperscaler
2023-07-01,2023-09-30,2023,Q3,2023Q3,META,revenue,34146000000.0,USD,RevenueFromContractWithCustomerExcludingAssessedTax,reported,0001326801-24-000081,10-Q,2024-10-31,https://data.sec.gov/api/xbrl/companyfacts/CIK0001326801.json,hyperscaler
2023-10-01,2023-12-31,2023,Q4,2023Q4,META,revenue,40111000000.0,USD,RevenueFromContractWithCustomerExcludingAssessedTax,ytd_diff,0001628280-26-003942,10-K,2026-01-29,https://data.sec.gov/api/xbrl/companyfacts/CIK0001326801.json,hyperscaler
2024-01-01,2024-03-31,2024,Q1,2024Q1,META,revenue,36455000000.0,USD,RevenueFromContractWithCustomerExcludingAssessedTax,reported,0001326801-25-000054,10-Q,2025-05-01,https://data.sec.gov/api/xbrl/companyfacts/CIK0001326801.json,hyperscaler
2024-04-01,2024-06-30,2024,Q2,2024Q2,META,revenue,39071000000.0,USD,RevenueFromContractWithCustomerExcludingAssessedTax,reported,0001628280-25-036791,10-Q,2025-07-31,https://data.sec.gov/api/xbrl/companyfacts/CIK0001326801.json,hyperscaler
2024-07-01,2024-09-30,2024,Q3,2024Q3,META,revenue,40589000000.0,USD,RevenueFromContractWithCustomerExcludingAssessedTax,reported,0001628280-25-047240,10-Q,2025-10-30,https://data.sec.gov/api/xbrl/companyfacts/CIK0001326801.json,hyperscaler
2024-10-01,2024-12-31,2024,Q4,2024Q4,META,revenue,48385000000.0,USD,RevenueFromContractWithCustomerExcludingAssessedTax,ytd_diff,0001628280-26-003942,10-K,2026-01-29,https://data.sec.gov/api/xbrl/companyfacts/CIK0001326801.json,hyperscaler
2025-01-01,2025-03-31,2025,Q1,2025Q1,META,revenue,42314000000.0,USD,RevenueFromContractWithCustomerExcludingAssessedTax,reported,0001628280-26-028526,10-Q,2026-04-30,https://data.sec.gov/api/xbrl/companyfacts/CIK0001326801.json,hyperscaler
2025-04-01,2025-06-30,2025,Q2,2025Q2,META,revenue,47516000000.0,USD,RevenueFromContractWithCustomerExcludingAssessedTax,reported,0001628280-26-050705,10-Q,2026-07-30,https://data.sec.gov/api/xbrl/companyfacts/CIK0001326801.json,hyperscaler
2025-07-01,2025-09-30,2025,Q3,2025Q3,META,revenue,51242000000.0,USD,RevenueFromContractWithCustomerExcludingAssessedTax,reported,0001628280-25-047240,10-Q,2025-10-30,https://data.sec.gov/api/xbrl/companyfacts/CIK0001326801.json,hyperscaler
2025-10-01,2025-12-31,2025,Q4,2025Q4,META,revenue,59893000000.0,USD,RevenueFromContractWithCustomerExcludingAssessedTax,ytd_diff,0001628280-26-003942,10-K,2026-01-29,https://data.sec.gov/api/xbrl/companyfacts/CIK0001326801.json,hyperscaler
2026-01-01,2026-03-31,2026,Q1,2026Q1,META,revenue,56311000000.0,USD,RevenueFromContractWithCustomerExcludingAssessedTax,reported,0001628280-26-028526,10-Q,2026-04-30,https://data.sec.gov/api/xbrl/companyfacts/CIK0001326801.json,hyperscaler
2026-04-01,2026-06-30,2026,Q2,2026Q2,META,revenue,60801000000.0,USD,RevenueFromContractWithCustomerExcludingAssessedTax,reported,0001628280-26-050705,10-Q,2026-07-30,https://data.sec.gov/api/xbrl/companyfacts/CIK0001326801.json,hyperscaler
2014-01-01,2014-03-31,2014,Q3,2014Q1,MSFT,capex,1192000000.0,USD,PaymentsToAcquirePropertyPlantAndEquipment,reported,0001193125-15-144151,10-Q,2015-04-23,https://data.sec.gov/api/xbrl/companyfacts/CIK0000789019.json,hyperscaler
2014-04-01,2014-06-30,2014,Q4,2014Q2,MSFT,capex,1330000000.0,USD,PaymentsToAcquirePropertyPlantAndEquipment,ytd_diff,0001193125-16-662209,10-K,2016-07-28,https://data.sec.gov/api/xbrl/companyfacts/CIK0000789019.json,hyperscaler
2014-07-01,2014-09-30,2015,Q1,2014Q3,MSFT,capex,1282000000.0,USD,PaymentsToAcquirePropertyPlantAndEquipment,reported,0001193125-15-350718,10-Q,2015-10-22,https://data.sec.gov/api/xbrl/companyfacts/CIK0000789019.json,hyperscaler
2014-10-01,2014-12-31,2015,Q2,2014Q4,MSFT,capex,1490000000.0,USD,PaymentsToAcquirePropertyPlantAndEquipment,reported,0001193125-16-441821,10-Q,2016-01-28,https://data.sec.gov/api/xbrl/companyfacts/CIK0000789019.json,hyperscaler
2015-01-01,2015-03-31,2015,Q3,2015Q1,MSFT,capex,1391000000.0,USD,PaymentsToAcquirePropertyPlantAndEquipment,reported,0001193125-16-550254,10-Q,2016-04-21,https://data.sec.gov/api/xbrl/companyfacts/CIK0000789019.json,hyperscaler
2015-04-01,2015-06-30,2015,Q4,2015Q2,MSFT,capex,1781000000.0,USD,PaymentsToAcquirePropertyPlantAndEquipment,ytd_diff,0001564590-17-014900,10-K,2017-08-02,https://data.sec.gov/api/xbrl/companyfacts/CIK0000789019.json,hyperscaler
2015-07-01,2015-09-30,2016,Q1,2015Q3,MSFT,capex,1356000000.0,USD,PaymentsToAcquirePropertyPlantAndEquipment,reported,0001193125-16-742796,10-Q,2016-10-20,https://data.sec.gov/api/xbrl/companyfacts/CIK0000789019.json,hyperscaler
2015-10-01,2015-12-31,2016,Q2,2015Q4,MSFT,capex,2024000000.0,USD,PaymentsToAcquirePropertyPlantAndEquipment,reported,0001564590-17-000654,10-Q,2017-01-26,https://data.sec.gov/api/xbrl/companyfacts/CIK0000789019.json,hyperscaler
2016-01-01,2016-03-31,2016,Q3,2016Q1,MSFT,capex,2308000000.0,USD,PaymentsToAcquirePropertyPlantAndEquipment,reported,0001564590-17-007547,10-Q,2017-04-27,https://data.sec.gov/api/xbrl/companyfacts/CIK0000789019.json,hyperscaler
2016-04-01,2016-06-30,2016,Q4,2016Q2,MSFT,capex,2655000000.0,USD,PaymentsToAcquirePropertyPlantAndEquipment,ytd_diff,0001564590-18-019062,10-K,2018-08-03,https://data.sec.gov/api/xbrl/companyfacts/CIK0000789019.json,hyperscaler
2016-07-01,2016-09-30,2017,Q1,2016Q3,MSFT,capex,2163000000.0,USD,PaymentsToAcquirePropertyPlantAndEquipment,reported,0001564590-17-020171,10-Q,2017-10-26,https://data.sec.gov/api/xbrl/companyfacts/CIK0000789019.json,hyperscaler
2016-10-01,2016-12-31,2017,Q2,2016Q4,MSFT,capex,1988000000.0,USD,PaymentsToAcquirePropertyPlantAndEquipment,reported,0001564590-18-001129,10-Q,2018-01-31,https://data.sec.gov/api/xbrl/companyfacts/CIK0000789019.json,hyperscaler
2017-01-01,2017-03-31,2017,Q3,2017Q1,MSFT,capex,1695000000.0,USD,PaymentsToAcquirePropertyPlantAndEquipment,reported,0001564590-18-009307,10-Q,2018-04-26,https://data.sec.gov/api/xbrl/companyfacts/CIK0000789019.json,hyperscaler
2017-04-01,2017-06-30,2017,Q4,2017Q2,MSFT,capex,2283000000.0,USD,PaymentsToAcquirePropertyPlantAndEquipment,ytd_diff,0001564590-19-027952,10-K,2019-08-01,https://data.sec.gov/api/xbrl/companyfacts/CIK0000789019.json,hyperscaler
2017-07-01,2017-09-30,2018,Q1,2017Q3,MSFT,capex,2132000000.0,USD,PaymentsToAcquirePropertyPlantAndEquipment,reported,0001564590-18-024893,10-Q,2018-10-24,https://data.sec.gov/api/xbrl/companyfacts/CIK0000789019.json,hyperscaler
2017-10-01,2017-12-31,2018,Q2,2017Q4,MSFT,capex,2586000000.0,USD,PaymentsToAcquirePropertyPlantAndEquipment,reported,0001564590-19-001392,10-Q,2019-01-30,https://data.sec.gov/api/xbrl/companyfacts/CIK0000789019.json,hyperscaler
2018-01-01,2018-03-31,2018,Q3,2018Q1,MSFT,capex,2934000000.0,USD,PaymentsToAcquirePropertyPlantAndEquipment,reported,0001564590-19-012709,10-Q,2019-04-24,https://data.sec.gov/api/xbrl/companyfacts/CIK0000789019.json,hyperscaler
2018-04-01,2018-06-30,2018,Q4,2018Q2,MSFT,capex,3980000000.0,USD,PaymentsToAcquirePropertyPlantAndEquipment,ytd_diff,0001564590-20-034944,10-K,2020-07-30,https://data.sec.gov/api/xbrl/companyfacts/CIK0000789019.json,hyperscaler
2018-07-01,2018-09-30,2019,Q1,2018Q3,MSFT,capex,3602000000.0,USD,PaymentsToAcquirePropertyPlantAndEquipment,reported,0001564590-19-037549,10-Q,2019-10-23,https://data.sec.gov/api/xbrl/companyfacts/CIK0000789019.json,hyperscaler
2018-10-01,2018-12-31,2019,Q2,2018Q4,MSFT,capex,3707000000.0,USD,PaymentsToAcquirePropertyPlantAndEquipment,reported,0001564590-20-002450,10-Q,2020-01-29,https://data.sec.gov/api/xbrl/companyfacts/CIK0000789019.json,hyperscaler
2019-01-01,2019-03-31,2019,Q3,2019Q1,MSFT,capex,2565000000.0,USD,PaymentsToAcquirePropertyPlantAndEquipment,reported,0001564590-20-019706,10-Q,2020-04-29,https://data.sec.gov/api/xbrl/companyfacts/CIK0000789019.json,hyperscaler
2019-04-01,2019-06-30,2019,Q4,2019Q2,MSFT,capex,4051000000.0,USD,PaymentsToAcquirePropertyPlantAndEquipment,ytd_diff,0001564590-21-039151,10-K,2021-07-29,https://data.sec.gov/api/xbrl/companyfacts/CIK0000789019.json,hyperscaler
2019-07-01,2019-09-30,2020,Q1,2019Q3,MSFT,capex,3385000000.0,USD,PaymentsToAcquirePropertyPlantAndEquipment,reported,0001564590-20-047996,10-Q,2020-10-27,https://data.sec.gov/api/xbrl/companyfacts/CIK0000789019.json,hyperscaler
2019-10-01,2019-12-31,2020,Q2,2019Q4,MSFT,capex,3545000000.0,USD,PaymentsToAcquirePropertyPlantAndEquipment,reported,0001564590-21-002316,10-Q,2021-01-26,https://data.sec.gov/api/xbrl/companyfacts/CIK0000789019.json,hyperscaler
2020-01-01,2020-03-31,2020,Q3,2020Q1,MSFT,capex,3767000000.0,USD,PaymentsToAcquirePropertyPlantAndEquipment,reported,0001564590-21-020891,10-Q,2021-04-27,https://data.sec.gov/api/xbrl/companyfacts/CIK0000789019.json,hyperscaler
2020-04-01,2020-06-30,2020,Q4,2020Q2,MSFT,capex,4744000000.0,USD,PaymentsToAcquirePropertyPlantAndEquipment,ytd_diff,0001564590-22-026876,10-K,2022-07-28,https://data.sec.gov/api/xbrl/companyfacts/CIK0000789019.json,hyperscaler
2020-07-01,2020-09-30,2021,Q1,2020Q3,MSFT,capex,4907000000.0,USD,PaymentsToAcquirePropertyPlantAndEquipment,reported,0001564590-21-051992,10-Q,2021-10-26,https://data.sec.gov/api/xbrl/companyfacts/CIK0000789019.json,hyperscaler
2020-10-01,2020-12-31,2021,Q2,2020Q4,MSFT,capex,4174000000.0,USD,PaymentsToAcquirePropertyPlantAndEquipment,reported,0001564590-22-002324,10-Q,2022-01-25,https://data.sec.gov/api/xbrl/companyfacts/CIK0000789019.json,hyperscaler
2021-01-01,2021-03-31,2021,Q3,2021Q1,MSFT,capex,5089000000.0,USD,PaymentsToAcquirePropertyPlantAndEquipment,reported,0001564590-22-015675,10-Q,2022-04-26,https://data.sec.gov/api/xbrl/companyfacts/CIK0000789019.json,hyperscaler
2021-04-01,2021-06-30,2021,Q4,2021Q2,MSFT,capex,6452000000.0,USD,PaymentsToAcquirePropertyPlantAndEquipment,ytd_diff,0000950170-23-035122,10-K,2023-07-27,https://data.sec.gov/api/xbrl/companyfacts/CIK0000789019.json,hyperscaler
2021-07-01,2021-09-30,2022,Q1,2021Q3,MSFT,capex,5810000000.0,USD,PaymentsToAcquirePropertyPlantAndEquipment,reported,0001564590-22-035087,10-Q,2022-10-25,https://data.sec.gov/api/xbrl/companyfacts/CIK0000789019.json,hyperscaler
2021-10-01,2021-12-31,2022,Q2,2021Q4,MSFT,capex,5865000000.0,USD,PaymentsToAcquirePropertyPlantAndEquipment,reported,0001564590-23-000733,10-Q,2023-01-24,https://data.sec.gov/api/xbrl/companyfacts/CIK0000789019.json,hyperscaler
2022-01-01,2022-03-31,2022,Q3,2022Q1,MSFT,capex,5340000000.0,USD,PaymentsToAcquirePropertyPlantAndEquipment,reported,0000950170-23-014423,10-Q,2023-04-25,https://data.sec.gov/api/xbrl/companyfacts/CIK0000789019.json,hyperscaler
2022-04-01,2022-06-30,2022,Q4,2022Q2,MSFT,capex,6871000000.0,USD,PaymentsToAcquirePropertyPlantAndEquipment,ytd_diff,0000950170-24-087843,10-K,2024-07-30,https://data.sec.gov/api/xbrl/companyfacts/CIK0000789019.json,hyperscaler
2022-07-01,2022-09-30,2023,Q1,2022Q3,MSFT,capex,6283000000.0,USD,PaymentsToAcquirePropertyPlantAndEquipment,reported,0000950170-23-054855,10-Q,2023-10-24,https://data.sec.gov/api/xbrl/companyfacts/CIK0000789019.json,hyperscaler
2022-10-01,2022-12-31,2023,Q2,2022Q4,MSFT,capex,6274000000.0,USD,PaymentsToAcquirePropertyPlantAndEquipment,reported,0000950170-24-008814,10-Q,2024-01-30,https://data.sec.gov/api/xbrl/companyfacts/CIK0000789019.json,hyperscaler
2023-01-01,2023-03-31,2023,Q3,2023Q1,MSFT,capex,6607000000.0,USD,PaymentsToAcquirePropertyPlantAndEquipment,reported,0000950170-24-048288,10-Q,2024-04-25,https://data.sec.gov/api/xbrl/companyfacts/CIK0000789019.json,hyperscaler
2023-04-01,2023-06-30,2023,Q4,2023Q2,MSFT,capex,8943000000.0,USD,PaymentsToAcquirePropertyPlantAndEquipment,ytd_diff,0000950170-25-100235,10-K,2025-07-30,https://data.sec.gov/api/xbrl/companyfacts/CIK0000789019.json,hyperscaler
2023-07-01,2023-09-30,2024,Q1,2023Q3,MSFT,capex,9917000000.0,USD,PaymentsToAcquirePropertyPlantAndEquipment,reported,0000950170-24-118967,10-Q,2024-10-30,https://data.sec.gov/api/xbrl/companyfacts/CIK0000789019.json,hyperscaler
2023-10-01,2023-12-31,2024,Q2,2023Q4,MSFT,capex,9735000000.0,USD,PaymentsToAcquirePropertyPlantAndEquipment,reported,0000950170-25-010491,10-Q,2025-01-29,https://data.sec.gov/api/xbrl/companyfacts/CIK0000789019.json,hyperscaler
2024-01-01,2024-03-31,2024,Q3,2024Q1,MSFT,capex,10952000000.0,USD,PaymentsToAcquirePropertyPlantAndEquipment,reported,0000950170-25-061046,10-Q,2025-04-30,https://data.sec.gov/api/xbrl/companyfacts/CIK0000789019.json,hyperscaler
2024-04-01,2024-06-30,2024,Q4,2024Q2,MSFT,capex,13873000000.0,USD,PaymentsToAcquirePropertyPlantAndEquipment,ytd_diff,0001193125-26-323660,10-K,2026-07-29,https://data.sec.gov/api/xbrl/companyfacts/CIK0000789019.json,hyperscaler
2024-07-01,2024-09-30,2025,Q1,2024Q3,MSFT,capex,14923000000.0,USD,PaymentsToAcquirePropertyPlantAndEquipment,reported,0001193125-25-256321,10-Q,2025-10-29,https://data.sec.gov/api/xbrl/companyfacts/CIK0000789019.json,hyperscaler
2024-10-01,2024-12-31,2025,Q2,2024Q4,MSFT,capex,15804000000.0,USD,PaymentsToAcquirePropertyPlantAndEquipment,reported,0001193125-26-027207,10-Q,2026-01-28,https://data.sec.gov/api/xbrl/companyfacts/CIK0000789019.json,hyperscaler
2025-01-01,2025-03-31,2025,Q3,2025Q1,MSFT,capex,16745000000.0,USD,PaymentsToAcquirePropertyPlantAndEquipment,reported,0001193125-26-191507,10-Q,2026-04-29,https://data.sec.gov/api/xbrl/companyfacts/CIK0000789019.json,hyperscaler
2025-04-01,2025-06-30,2025,Q4,2025Q2,MSFT,capex,17079000000.0,USD,PaymentsToAcquirePropertyPlantAndEquipment,ytd_diff,0001193125-26-323660,10-K,2026-07-29,https://data.sec.gov/api/xbrl/companyfacts/CIK0000789019.json,hyperscaler
2025-07-01,2025-09-30,2026,Q1,2025Q3,MSFT,capex,19394000000.0,USD,PaymentsToAcquirePropertyPlantAndEquipment,reported,0001193125-25-256321,10-Q,2025-10-29,https://data.sec.gov/api/xbrl/companyfacts/CIK0000789019.json,hyperscaler
2025-10-01,2025-12-31,2026,Q2,2025Q4,MSFT,capex,29876000000.0,USD,PaymentsToAcquirePropertyPlantAndEquipment,reported,0001193125-26-027207,10-Q,2026-01-28,https://data.sec.gov/api/xbrl/companyfacts/CIK0000789019.json,hyperscaler
2026-01-01,2026-03-31,2026,Q3,2026Q1,MSFT,capex,30876000000.0,USD,PaymentsToAcquirePropertyPlantAndEquipment,reported,0001193125-26-191507,10-Q,2026-04-29,https://data.sec.gov/api/xbrl/companyfacts/CIK0000789019.json,hyperscaler
2026-04-01,2026-06-30,2026,Q4,2026Q2,MSFT,capex,35802000000.0,USD,PaymentsToAcquirePropertyPlantAndEquipment,ytd_diff,0001193125-26-323660,10-K,2026-07-29,https://data.sec.gov/api/xbrl/companyfacts/CIK0000789019.json,hyperscaler
2014-01-01,2014-03-31,2014,Q3,2014Q1,MSFT,cost_of_revenue,5978000000.0,USD,CostOfRevenue,reported,0001193125-15-144151,10-Q,2015-04-23,https://data.sec.gov/api/xbrl/companyfacts/CIK0000789019.json,hyperscaler
2014-04-01,2014-06-30,2014,Q4,2014Q2,MSFT,cost_of_revenue,7633000000.0,USD,CostOfRevenue,ytd_diff,0001193125-16-662209,10-K,2016-07-28,https://data.sec.gov/api/xbrl/companyfacts/CIK0000789019.json,hyperscaler
2014-07-01,2014-09-30,2015,Q1,2014Q3,MSFT,cost_of_revenue,8273000000.0,USD,CostOfRevenue,reported,0001193125-15-350718,10-Q,2015-10-22,https://data.sec.gov/api/xbrl/companyfacts/CIK0000789019.json,hyperscaler
2014-10-01,2014-12-31,2015,Q2,2014Q4,MSFT,cost_of_revenue,10136000000.0,USD,CostOfRevenue,reported,0001193125-16-441821,10-Q,2016-01-28,https://data.sec.gov/api/xbrl/companyfacts/CIK0000789019.json,hyperscaler
2015-01-01,2015-03-31,2015,Q3,2015Q1,MSFT,cost_of_revenue,7161000000.0,USD,CostOfRevenue,reported,0001193125-16-550254,10-Q,2016-04-21,https://data.sec.gov/api/xbrl/companyfacts/CIK0000789019.json,hyperscaler
2015-04-01,2015-06-30,2015,Q4,2015Q2,MSFT,cost_of_revenue,7468000000.0,USD,CostOfRevenue,ytd_diff,0001564590-17-014900,10-K,2017-08-02,https://data.sec.gov/api/xbrl/companyfacts/CIK0000789019.json,hyperscaler
2015-07-01,2015-09-30,2016,Q1,2015Q3,MSFT,cost_of_revenue,7207000000.0,USD,CostOfRevenue,reported,0001193125-16-742796,10-Q,2016-10-20,https://data.sec.gov/api/xbrl/companyfacts/CIK0000789019.json,hyperscaler
2015-10-01,2015-12-31,2016,Q2,2015Q4,MSFT,cost_of_revenue,9872000000.0,USD,CostOfRevenue,reported,0001564590-17-000654,10-Q,2017-01-26,https://data.sec.gov/api/xbrl/companyfacts/CIK0000789019.json,hyperscaler
2016-01-01,2016-03-31,2016,Q3,2016Q1,MSFT,cost_of_revenue,7722000000.0,USD,CostOfRevenue,reported,0001564590-17-007547,10-Q,2017-04-27,https://data.sec.gov/api/xbrl/companyfacts/CIK0000789019.json,hyperscaler
2016-04-01,2016-06-30,2016,Q4,2016Q2,MSFT,cost_of_revenue,7979000000.0,USD,CostOfRevenue,ytd_diff,0001564590-17-014900,10-K,2017-08-02,https://data.sec.gov/api/xbrl/companyfacts/CIK0000789019.json,hyperscaler
2016-07-01,2016-09-30,2017,Q1,2016Q3,MSFT,cost_of_revenue,7844000000.0,USD,CostOfRevenue,reported,0001564590-17-020171,10-Q,2017-10-26,https://data.sec.gov/api/xbrl/companyfacts/CIK0000789019.json,hyperscaler
2016-10-01,2016-12-31,2017,Q2,2016Q4,MSFT,cost_of_revenue,9901000000.0,USD,CostOfRevenue,reported,0001564590-18-001129,10-Q,2018-01-31,https://data.sec.gov/api/xbrl/companyfacts/CIK0000789019.json,hyperscaler
2017-01-01,2017-03-31,2017,Q3,2017Q1,MSFT,cost_of_revenue,8060000000.0,USD,CostOfRevenue,reported,0001564590-18-009307,10-Q,2018-04-26,https://data.sec.gov/api/xbrl/companyfacts/CIK0000789019.json,hyperscaler
2017-04-01,2017-06-30,2017,Q4,2017Q2,MSFT,cost_of_revenue,8456000000.0,USD,CostOfRevenue,ytd_diff,0001564590-17-014900,10-K,2017-08-02,https://data.sec.gov/api/xbrl/companyfacts/CIK0000789019.json,hyperscaler
2017-07-01,2017-09-30,2018,Q1,2017Q3,MSFT,cost_of_revenue,8278000000.0,USD,CostOfGoodsAndServicesSold,reported,0001564590-18-024893,10-Q,2018-10-24,https://data.sec.gov/api/xbrl/companyfacts/CIK0000789019.json,hyperscaler
2017-10-01,2017-12-31,2018,Q2,2017Q4,MSFT,cost_of_revenue,11064000000.0,USD,CostOfGoodsAndServicesSold,reported,0001564590-19-001392,10-Q,2019-01-30,https://data.sec.gov/api/xbrl/companyfacts/CIK0000789019.json,hyperscaler
2018-01-01,2018-03-31,2018,Q3,2018Q1,MSFT,cost_of_revenue,9269000000.0,USD,CostOfGoodsAndServicesSold,reported,0001564590-19-012709,10-Q,2019-04-24,https://data.sec.gov/api/xbrl/companyfacts/CIK0000789019.json,hyperscaler
2018-04-01,2018-06-30,2018,Q4,2018Q2,MSFT,cost_of_revenue,9742000000.0,USD,CostOfGoodsAndServicesSold,ytd_diff,0001564590-20-034944,10-K,2020-07-30,https://data.sec.gov/api/xbrl/companyfacts/CIK0000789019.json,hyperscaler
2018-07-01,2018-09-30,2019,Q1,2018Q3,MSFT,cost_of_revenue,9905000000.0,USD,CostOfGoodsAndServicesSold,reported,0001564590-19-037549,10-Q,2019-10-23,https://data.sec.gov/api/xbrl/companyfacts/CIK0000789019.json,hyperscaler
2018-10-01,2018-12-31,2019,Q2,2018Q4,MSFT,cost_of_revenue,12423000000.0,USD,CostOfGoodsAndServicesSold,reported,0001564590-20-002450,10-Q,2020-01-29,https://data.sec.gov/api/xbrl/companyfacts/CIK0000789019.json,hyperscaler
2019-01-01,2019-03-31,2019,Q3,2019Q1,MSFT,cost_of_revenue,10170000000.0,USD,CostOfGoodsAndServicesSold,reported,0001564590-20-019706,10-Q,2020-04-29,https://data.sec.gov/api/xbrl/companyfacts/CIK0000789019.json,hyperscaler
2019-04-01,2019-06-30,2019,Q4,2019Q2,MSFT,cost_of_revenue,10412000000.0,USD,CostOfGoodsAndServicesSold,ytd_diff,0001564590-21-039151,10-K,2021-07-29,https://data.sec.gov/api/xbrl/companyfacts/CIK0000789019.json,hyperscaler
2019-07-01,2019-09-30,2020,Q1,2019Q3,MSFT,cost_of_revenue,10406000000.0,USD,CostOfGoodsAndServicesSold,reported,0001564590-20-047996,10-Q,2020-10-27,https://data.sec.gov/api/xbrl/companyfacts/CIK0000789019.json,hyperscaler
2019-10-01,2019-12-31,2020,Q2,2019Q4,MSFT,cost_of_revenue,12358000000.0,USD,CostOfGoodsAndServicesSold,reported,0001564590-21-002316,10-Q,2021-01-26,https://data.sec.gov/api/xbrl/companyfacts/CIK0000789019.json,hyperscaler
2020-01-01,2020-03-31,2020,Q3,2020Q1,MSFT,cost_of_revenue,10975000000.0,USD,CostOfGoodsAndServicesSold,reported,0001564590-21-020891,10-Q,2021-04-27,https://data.sec.gov/api/xbrl/companyfacts/CIK0000789019.json,hyperscaler
2020-04-01,2020-06-30,2020,Q4,2020Q2,MSFT,cost_of_revenue,12339000000.0,USD,CostOfGoodsAndServicesSold,ytd_diff,0001564590-22-026876,10-K,2022-07-28,https://data.sec.gov/api/xbrl/companyfacts/CIK0000789019.json,hyperscaler
2020-07-01,2020-09-30,2021,Q1,2020Q3,MSFT,cost_of_revenue,11002000000.0,USD,CostOfGoodsAndServicesSold,reported,0001564590-21-051992,10-Q,2021-10-26,https://data.sec.gov/api/xbrl/companyfacts/CIK0000789019.json,hyperscaler
2020-10-01,2020-12-31,2021,Q2,2020Q4,MSFT,cost_of_revenue,14194000000.0,USD,CostOfGoodsAndServicesSold,reported,0001564590-22-002324,10-Q,2022-01-25,https://data.sec.gov/api/xbrl/companyfacts/CIK0000789019.json,hyperscaler
2021-01-01,2021-03-31,2021,Q3,2021Q1,MSFT,cost_of_revenue,13045000000.0,USD,CostOfGoodsAndServicesSold,reported,0001564590-22-015675,10-Q,2022-04-26,https://data.sec.gov/api/xbrl/companyfacts/CIK0000789019.json,hyperscaler
2021-04-01,2021-06-30,2021,Q4,2021Q2,MSFT,cost_of_revenue,13991000000.0,USD,CostOfGoodsAndServicesSold,ytd_diff,0000950170-23-035122,10-K,2023-07-27,https://data.sec.gov/api/xbrl/companyfacts/CIK0000789019.json,hyperscaler
2021-07-01,2021-09-30,2022,Q1,2021Q3,MSFT,cost_of_revenue,13646000000.0,USD,CostOfGoodsAndServicesSold,reported,0001564590-22-035087,10-Q,2022-10-25,https://data.sec.gov/api/xbrl/companyfacts/CIK0000789019.json,hyperscaler
2021-10-01,2021-12-31,2022,Q2,2021Q4,MSFT,cost_of_revenue,16960000000.0,USD,CostOfGoodsAndServicesSold,reported,0001564590-23-000733,10-Q,2023-01-24,https://data.sec.gov/api/xbrl/companyfacts/CIK0000789019.json,hyperscaler
2022-01-01,2022-03-31,2022,Q3,2022Q1,MSFT,cost_of_revenue,15615000000.0,USD,CostOfGoodsAndServicesSold,reported,0000950170-23-014423,10-Q,2023-04-25,https://data.sec.gov/api/xbrl/companyfacts/CIK0000789019.json,hyperscaler
2022-04-01,2022-06-30,2022,Q4,2022Q2,MSFT,cost_of_revenue,16429000000.0,USD,CostOfGoodsAndServicesSold,ytd_diff,0000950170-24-087843,10-K,2024-07-30,https://data.sec.gov/api/xbrl/companyfacts/CIK0000789019.json,hyperscaler
2022-07-01,2022-09-30,2023,Q1,2022Q3,MSFT,cost_of_revenue,15452000000.0,USD,CostOfGoodsAndServicesSold,reported,0000950170-23-054855,10-Q,2023-10-24,https://data.sec.gov/api/xbrl/companyfacts/CIK0000789019.json,hyperscaler
2022-10-01,2022-12-31,2023,Q2,2022Q4,MSFT,cost_of_revenue,17488000000.0,USD,CostOfGoodsAndServicesSold,reported,0000950170-24-008814,10-Q,2024-01-30,https://data.sec.gov/api/xbrl/companyfacts/CIK0000789019.json,hyperscaler
2023-01-01,2023-03-31,2023,Q3,2023Q1,MSFT,cost_of_revenue,16128000000.0,USD,CostOfGoodsAndServicesSold,reported,0000950170-24-048288,10-Q,2024-04-25,https://data.sec.gov/api/xbrl/companyfacts/CIK0000789019.json,hyperscaler
2023-04-01,2023-06-30,2023,Q4,2023Q2,MSFT,cost_of_revenue,16795000000.0,USD,CostOfGoodsAndServicesSold,ytd_diff,0000950170-25-100235,10-K,2025-07-30,https://data.sec.gov/api/xbrl/companyfacts/CIK0000789019.json,hyperscaler
2023-07-01,2023-09-30,2024,Q1,2023Q3,MSFT,cost_of_revenue,16302000000.0,USD,CostOfGoodsAndServicesSold,reported,0000950170-24-118967,10-Q,2024-10-30,https://data.sec.gov/api/xbrl/companyfacts/CIK0000789019.json,hyperscaler
2023-10-01,2023-12-31,2024,Q2,2023Q4,MSFT,cost_of_revenue,19623000000.0,USD,CostOfGoodsAndServicesSold,reported,0000950170-25-010491,10-Q,2025-01-29,https://data.sec.gov/api/xbrl/companyfacts/CIK0000789019.json,hyperscaler
2024-01-01,2024-03-31,2024,Q3,2024Q1,MSFT,cost_of_revenue,18505000000.0,USD,CostOfGoodsAndServicesSold,reported,0000950170-25-061046,10-Q,2025-04-30,https://data.sec.gov/api/xbrl/companyfacts/CIK0000789019.json,hyperscaler
2024-04-01,2024-06-30,2024,Q4,2024Q2,MSFT,cost_of_revenue,19684000000.0,USD,CostOfGoodsAndServicesSold,ytd_diff,0001193125-26-323660,10-K,2026-07-29,https://data.sec.gov/api/xbrl/companyfacts/CIK0000789019.json,hyperscaler
2024-07-01,2024-09-30,2025,Q1,2024Q3,MSFT,cost_of_revenue,20099000000.0,USD,CostOfGoodsAndServicesSold,reported,0001193125-25-256321,10-Q,2025-10-29,https://data.sec.gov/api/xbrl/companyfacts/CIK0000789019.json,hyperscaler
2024-10-01,2024-12-31,2025,Q2,2024Q4,MSFT,cost_of_revenue,21799000000.0,USD,CostOfGoodsAndServicesSold,reported,0001193125-26-027207,10-Q,2026-01-28,https://data.sec.gov/api/xbrl/companyfacts/CIK0000789019.json,hyperscaler
2025-01-01,2025-03-31,2025,Q3,2025Q1,MSFT,cost_of_revenue,21919000000.0,USD,CostOfGoodsAndServicesSold,reported,0001193125-26-191507,10-Q,2026-04-29,https://data.sec.gov/api/xbrl/companyfacts/CIK0000789019.json,hyperscaler
2025-04-01,2025-06-30,2025,Q4,2025Q2,MSFT,cost_of_revenue,24014000000.0,USD,CostOfGoodsAndServicesSold,ytd_diff,0001193125-26-323660,10-K,2026-07-29,https://data.sec.gov/api/xbrl/companyfacts/CIK0000789019.json,hyperscaler
2025-07-01,2025-09-30,2026,Q1,2025Q3,MSFT,cost_of_revenue,24043000000.0,USD,CostOfGoodsAndServicesSold,reported,0001193125-25-256321,10-Q,2025-10-29,https://data.sec.gov/api/xbrl/companyfacts/CIK0000789019.json,hyperscaler
2025-10-01,2025-12-31,2026,Q2,2025Q4,MSFT,cost_of_revenue,25978000000.0,USD,CostOfGoodsAndServicesSold,reported,0001193125-26-027207,10-Q,2026-01-28,https://data.sec.gov/api/xbrl/companyfacts/CIK0000789019.json,hyperscaler
2026-01-01,2026-03-31,2026,Q3,2026Q1,MSFT,cost_of_revenue,26828000000.0,USD,CostOfGoodsAndServicesSold,reported,0001193125-26-191507,10-Q,2026-04-29,https://data.sec.gov/api/xbrl/companyfacts/CIK0000789019.json,hyperscaler
2026-04-01,2026-06-30,2026,Q4,2026Q2,MSFT,cost_of_revenue,29525000000.0,USD,CostOfGoodsAndServicesSold,ytd_diff,0001193125-26-323660,10-K,2026-07-29,https://data.sec.gov/api/xbrl/companyfacts/CIK0000789019.json,hyperscaler
2014-01-01,2014-03-31,2014,Q3,2014Q1,MSFT,gross_margin_pct,70.7,pct,,gross_profit/revenue,,,,derived from rows above,hyperscaler
2014-04-01,2014-06-30,2014,Q4,2014Q2,MSFT,gross_margin_pct,67.36,pct,,gross_profit/revenue,,,,derived from rows above,hyperscaler
2014-07-01,2014-09-30,2015,Q1,2014Q3,MSFT,gross_margin_pct,64.34,pct,,gross_profit/revenue,,,,derived from rows above,hyperscaler
2014-10-01,2014-12-31,2015,Q2,2014Q4,MSFT,gross_margin_pct,61.71,pct,,gross_profit/revenue,,,,derived from rows above,hyperscaler
2015-01-01,2015-03-31,2015,Q3,2015Q1,MSFT,gross_margin_pct,67.04,pct,,gross_profit/revenue,,,,derived from rows above,hyperscaler
2015-04-01,2015-06-30,2015,Q4,2015Q2,MSFT,gross_margin_pct,66.33,pct,,gross_profit/revenue,,,,derived from rows above,hyperscaler
2015-07-01,2015-09-30,2016,Q1,2015Q3,MSFT,gross_margin_pct,64.64,pct,,gross_profit/revenue,,,,derived from rows above,hyperscaler
2015-10-01,2015-12-31,2016,Q2,2015Q4,MSFT,gross_margin_pct,58.51,pct,,gross_profit/revenue,,,,derived from rows above,hyperscaler
2016-01-01,2016-03-31,2016,Q3,2016Q1,MSFT,gross_margin_pct,62.39,pct,,gross_profit/revenue,,,,derived from rows above,hyperscaler
2016-04-01,2016-06-30,2016,Q4,2016Q2,MSFT,gross_margin_pct,61.29,pct,,gross_profit/revenue,,,,derived from rows above,hyperscaler
2016-07-02,2016-09-30,2017,Q1,2016Q3,MSFT,gross_margin_pct,64.23,pct,,gross_profit/revenue,,,,derived from rows above,hyperscaler
2016-10-01,2016-12-31,2017,Q2,2016Q4,MSFT,gross_margin_pct,61.66,pct,,gross_profit/revenue,,,,derived from rows above,hyperscaler
2017-01-01,2017-03-31,2017,Q3,2017Q1,MSFT,gross_margin_pct,65.28,pct,,gross_profit/revenue,,,,derived from rows above,hyperscaler
2017-04-01,2017-06-30,2017,Q4,2017Q2,MSFT,gross_margin_pct,66.98,pct,,gross_profit/revenue,,,,derived from rows above,hyperscaler
2017-07-01,2017-09-30,2018,Q1,2017Q3,MSFT,gross_margin_pct,66.26,pct,,gross_profit/revenue,,,,derived from rows above,hyperscaler
2017-10-01,2017-12-31,2018,Q2,2017Q4,MSFT,gross_margin_pct,61.74,pct,,gross_profit/revenue,,,,derived from rows above,hyperscaler
2018-01-01,2018-03-31,2018,Q3,2018Q1,MSFT,gross_margin_pct,65.44,pct,,gross_profit/revenue,,,,derived from rows above,hyperscaler
2018-04-01,2018-06-30,2018,Q4,2018Q2,MSFT,gross_margin_pct,67.62,pct,,gross_profit/revenue,,,,derived from rows above,hyperscaler
2018-07-01,2018-09-30,2019,Q1,2018Q3,MSFT,gross_margin_pct,65.94,pct,,gross_profit/revenue,,,,derived from rows above,hyperscaler
2018-10-01,2018-12-31,2019,Q2,2018Q4,MSFT,gross_margin_pct,61.74,pct,,gross_profit/revenue,,,,derived from rows above,hyperscaler
2019-01-01,2019-03-31,2019,Q3,2019Q1,MSFT,gross_margin_pct,66.73,pct,,gross_profit/revenue,,,,derived from rows above,hyperscaler
2019-04-01,2019-06-30,2019,Q4,2019Q2,MSFT,gross_margin_pct,69.12,pct,,gross_profit/revenue,,,,derived from rows above,hyperscaler
2019-07-01,2019-09-30,2020,Q1,2019Q3,MSFT,gross_margin_pct,68.52,pct,,gross_profit/revenue,,,,derived from rows above,hyperscaler
2019-10-01,2019-12-31,2020,Q2,2019Q4,MSFT,gross_margin_pct,66.51,pct,,gross_profit/revenue,,,,derived from rows above,hyperscaler
2020-01-01,2020-03-31,2020,Q3,2020Q1,MSFT,gross_margin_pct,68.66,pct,,gross_profit/revenue,,,,derived from rows above,hyperscaler
2020-04-01,2020-06-30,2020,Q4,2020Q2,MSFT,gross_margin_pct,67.56,pct,,gross_profit/revenue,,,,derived from rows above,hyperscaler
2020-07-01,2020-09-30,2021,Q1,2020Q3,MSFT,gross_margin_pct,70.39,pct,,gross_profit/revenue,,,,derived from rows above,hyperscaler
2020-10-01,2020-12-31,2021,Q2,2020Q4,MSFT,gross_margin_pct,67.05,pct,,gross_profit/revenue,,,,derived from rows above,hyperscaler
2021-01-01,2021-03-31,2021,Q3,2021Q1,MSFT,gross_margin_pct,68.72,pct,,gross_profit/revenue,,,,derived from rows above,hyperscaler
2021-04-01,2021-06-30,2021,Q4,2021Q2,MSFT,gross_margin_pct,69.68,pct,,gross_profit/revenue,,,,derived from rows above,hyperscaler
2021-07-01,2021-09-30,2022,Q1,2021Q3,MSFT,gross_margin_pct,69.89,pct,,gross_profit/revenue,,,,derived from rows above,hyperscaler
2021-10-01,2021-12-31,2022,Q2,2021Q4,MSFT,gross_margin_pct,67.21,pct,,gross_profit/revenue,,,,derived from rows above,hyperscaler
2022-01-01,2022-03-31,2022,Q3,2022Q1,MSFT,gross_margin_pct,68.37,pct,,gross_profit/revenue,,,,derived from rows above,hyperscaler
2022-04-01,2022-06-30,2022,Q4,2022Q2,MSFT,gross_margin_pct,68.32,pct,,gross_profit/revenue,,,,derived from rows above,hyperscaler
2022-07-01,2022-09-30,2023,Q1,2022Q3,MSFT,gross_margin_pct,69.17,pct,,gross_profit/revenue,,,,derived from rows above,hyperscaler
2022-10-01,2022-12-31,2023,Q2,2022Q4,MSFT,gross_margin_pct,66.85,pct,,gross_profit/revenue,,,,derived from rows above,hyperscaler
2023-01-01,2023-03-31,2023,Q3,2023Q1,MSFT,gross_margin_pct,69.49,pct,,gross_profit/revenue,,,,derived from rows above,hyperscaler
2023-04-01,2023-06-30,2023,Q4,2023Q2,MSFT,gross_margin_pct,70.11,pct,,gross_profit/revenue,,,,derived from rows above,hyperscaler
2023-07-01,2023-09-30,2024,Q1,2023Q3,MSFT,gross_margin_pct,71.16,pct,,gross_profit/revenue,,,,derived from rows above,hyperscaler
2023-10-01,2023-12-31,2024,Q2,2023Q4,MSFT,gross_margin_pct,68.36,pct,,gross_profit/revenue,,,,derived from rows above,hyperscaler
2024-01-01,2024-03-31,2024,Q3,2024Q1,MSFT,gross_margin_pct,70.08,pct,,gross_profit/revenue,,,,derived from rows above,hyperscaler
2024-04-01,2024-06-30,2024,Q4,2024Q2,MSFT,gross_margin_pct,69.59,pct,,gross_profit/revenue,,,,derived from rows above,hyperscaler
2024-07-01,2024-09-30,2025,Q1,2024Q3,MSFT,gross_margin_pct,69.35,pct,,gross_profit/revenue,,,,derived from rows above,hyperscaler
2024-10-01,2024-12-31,2025,Q2,2024Q4,MSFT,gross_margin_pct,68.69,pct,,gross_profit/revenue,,,,derived from rows above,hyperscaler
2025-01-01,2025-03-31,2025,Q3,2025Q1,MSFT,gross_margin_pct,68.72,pct,,gross_profit/revenue,,,,derived from rows above,hyperscaler
2025-04-01,2025-06-30,2025,Q4,2025Q2,MSFT,gross_margin_pct,68.58,pct,,gross_profit/revenue,,,,derived from rows above,hyperscaler
2025-07-01,2025-09-30,2026,Q1,2025Q3,MSFT,gross_margin_pct,69.05,pct,,gross_profit/revenue,,,,derived from rows above,hyperscaler
2025-10-01,2025-12-31,2026,Q2,2025Q4,MSFT,gross_margin_pct,68.04,pct,,gross_profit/revenue,,,,derived from rows above,hyperscaler
2026-01-01,2026-03-31,2026,Q3,2026Q1,MSFT,gross_margin_pct,67.63,pct,,gross_profit/revenue,,,,derived from rows above,hyperscaler
2026-04-01,2026-06-30,2026,Q4,2026Q2,MSFT,gross_margin_pct,67.2,pct,,gross_profit/revenue,,,,derived from rows above,hyperscaler
2014-01-01,2014-03-31,2014,Q3,2014Q1,MSFT,gross_profit,14425000000.0,USD,GrossProfit,reported,0001193125-15-272806,10-K,2015-07-31,https://data.sec.gov/api/xbrl/companyfacts/CIK0000789019.json,hyperscaler
2014-04-01,2014-06-30,2014,Q4,2014Q2,MSFT,gross_profit,15749000000.0,USD,GrossProfit,reported,0001193125-15-272806,10-K,2015-07-31,https://data.sec.gov/api/xbrl/companyfacts/CIK0000789019.json,hyperscaler
2014-07-01,2014-09-30,2015,Q1,2014Q3,MSFT,gross_profit,14928000000.0,USD,GrossProfit,reported,0001193125-16-662209,10-K,2016-07-28,https://data.sec.gov/api/xbrl/companyfacts/CIK0000789019.json,hyperscaler
2014-10-01,2014-12-31,2015,Q2,2014Q4,MSFT,gross_profit,16334000000.0,USD,GrossProfit,reported,0001193125-16-662209,10-K,2016-07-28,https://data.sec.gov/api/xbrl/companyfacts/CIK0000789019.json,hyperscaler
2015-01-01,2015-03-31,2015,Q3,2015Q1,MSFT,gross_profit,14568000000.0,USD,GrossProfit,reported,0001193125-16-662209,10-K,2016-07-28,https://data.sec.gov/api/xbrl/companyfacts/CIK0000789019.json,hyperscaler
2015-04-01,2015-06-30,2015,Q4,2015Q2,MSFT,gross_profit,14712000000.0,USD,GrossProfit,reported,0001193125-16-662209,10-K,2016-07-28,https://data.sec.gov/api/xbrl/companyfacts/CIK0000789019.json,hyperscaler
2015-07-01,2015-09-30,2016,Q1,2015Q3,MSFT,gross_profit,13172000000.0,USD,GrossProfit,reported,0001564590-17-014900,10-K,2017-08-02,https://data.sec.gov/api/xbrl/companyfacts/CIK0000789019.json,hyperscaler
2015-10-01,2015-12-31,2016,Q2,2015Q4,MSFT,gross_profit,13924000000.0,USD,GrossProfit,reported,0001564590-17-014900,10-K,2017-08-02,https://data.sec.gov/api/xbrl/companyfacts/CIK0000789019.json,hyperscaler
2016-01-01,2016-03-31,2016,Q3,2016Q1,MSFT,gross_profit,12809000000.0,USD,GrossProfit,reported,0001564590-17-014900,10-K,2017-08-02,https://data.sec.gov/api/xbrl/companyfacts/CIK0000789019.json,hyperscaler
2016-04-01,2016-06-30,2016,Q4,2016Q2,MSFT,gross_profit,12635000000.0,USD,GrossProfit,reported,0001564590-17-014900,10-K,2017-08-02,https://data.sec.gov/api/xbrl/companyfacts/CIK0000789019.json,hyperscaler
2016-07-02,2016-09-30,2017,Q1,2016Q3,MSFT,gross_profit,14084000000.0,USD,GrossProfit,reported,0001564590-18-019062,10-K,2018-08-03,https://data.sec.gov/api/xbrl/companyfacts/CIK0000789019.json,hyperscaler
2016-10-01,2016-12-31,2017,Q2,2016Q4,MSFT,gross_profit,15925000000.0,USD,GrossProfit,reported,0001564590-18-019062,10-K,2018-08-03,https://data.sec.gov/api/xbrl/companyfacts/CIK0000789019.json,hyperscaler
2017-01-01,2017-03-31,2017,Q3,2017Q1,MSFT,gross_profit,15152000000.0,USD,GrossProfit,reported,0001564590-18-019062,10-K,2018-08-03,https://data.sec.gov/api/xbrl/companyfacts/CIK0000789019.json,hyperscaler
2017-04-01,2017-06-30,2017,Q4,2017Q2,MSFT,gross_profit,17149000000.0,USD,GrossProfit,reported,0001564590-18-019062,10-K,2018-08-03,https://data.sec.gov/api/xbrl/companyfacts/CIK0000789019.json,hyperscaler
2017-07-01,2017-09-30,2018,Q1,2017Q3,MSFT,gross_profit,16260000000.0,USD,GrossProfit,reported,0001564590-19-027952,10-K,2019-08-01,https://data.sec.gov/api/xbrl/companyfacts/CIK0000789019.json,hyperscaler
2017-10-01,2017-12-31,2018,Q2,2017Q4,MSFT,gross_profit,17854000000.0,USD,GrossProfit,reported,0001564590-19-027952,10-K,2019-08-01,https://data.sec.gov/api/xbrl/companyfacts/CIK0000789019.json,hyperscaler
2018-01-01,2018-03-31,2018,Q3,2018Q1,MSFT,gross_profit,17550000000.0,USD,GrossProfit,reported,0001564590-19-027952,10-K,2019-08-01,https://data.sec.gov/api/xbrl/companyfacts/CIK0000789019.json,hyperscaler
2018-04-01,2018-06-30,2018,Q4,2018Q2,MSFT,gross_profit,20343000000.0,USD,GrossProfit,reported,0001564590-19-027952,10-K,2019-08-01,https://data.sec.gov/api/xbrl/companyfacts/CIK0000789019.json,hyperscaler
2018-07-01,2018-09-30,2019,Q1,2018Q3,MSFT,gross_profit,19179000000.0,USD,GrossProfit,reported,0001564590-20-034944,10-K,2020-07-30,https://data.sec.gov/api/xbrl/companyfacts/CIK0000789019.json,hyperscaler
2018-10-01,2018-12-31,2019,Q2,2018Q4,MSFT,gross_profit,20048000000.0,USD,GrossProfit,reported,0001564590-20-034944,10-K,2020-07-30,https://data.sec.gov/api/xbrl/companyfacts/CIK0000789019.json,hyperscaler
2019-01-01,2019-03-31,2019,Q3,2019Q1,MSFT,gross_profit,20401000000.0,USD,GrossProfit,reported,0001564590-20-034944,10-K,2020-07-30,https://data.sec.gov/api/xbrl/companyfacts/CIK0000789019.json,hyperscaler
2019-04-01,2019-06-30,2019,Q4,2019Q2,MSFT,gross_profit,23305000000.0,USD,GrossProfit,reported,0001564590-20-034944,10-K,2020-07-30,https://data.sec.gov/api/xbrl/companyfacts/CIK0000789019.json,hyperscaler
2019-07-01,2019-09-30,2020,Q1,2019Q3,MSFT,gross_profit,22649000000.0,USD,GrossProfit,reported,0001564590-20-047996,10-Q,2020-10-27,https://data.sec.gov/api/xbrl/companyfacts/CIK0000789019.json,hyperscaler
2019-10-01,2019-12-31,2020,Q2,2019Q4,MSFT,gross_profit,24548000000.0,USD,GrossProfit,reported,0001564590-21-002316,10-Q,2021-01-26,https://data.sec.gov/api/xbrl/companyfacts/CIK0000789019.json,hyperscaler
2020-01-01,2020-03-31,2020,Q3,2020Q1,MSFT,gross_profit,24046000000.0,USD,GrossProfit,reported,0001564590-21-020891,10-Q,2021-04-27,https://data.sec.gov/api/xbrl/companyfacts/CIK0000789019.json,hyperscaler
2020-04-01,2020-06-30,2020,Q4,2020Q2,MSFT,gross_profit,25694000000.0,USD,GrossProfit,reported,0001564590-20-034944,10-K,2020-07-30,https://data.sec.gov/api/xbrl/companyfacts/CIK0000789019.json,hyperscaler
2020-07-01,2020-09-30,2021,Q1,2020Q3,MSFT,gross_profit,26152000000.0,USD,GrossProfit,reported,0001564590-21-051992,10-Q,2021-10-26,https://data.sec.gov/api/xbrl/companyfacts/CIK0000789019.json,hyperscaler
2020-10-01,2020-12-31,2021,Q2,2020Q4,MSFT,gross_profit,28882000000.0,USD,GrossProfit,reported,0001564590-22-002324,10-Q,2022-01-25,https://data.sec.gov/api/xbrl/companyfacts/CIK0000789019.json,hyperscaler
2021-01-01,2021-03-31,2021,Q3,2021Q1,MSFT,gross_profit,28661000000.0,USD,GrossProfit,reported,0001564590-22-015675,10-Q,2022-04-26,https://data.sec.gov/api/xbrl/companyfacts/CIK0000789019.json,hyperscaler
2021-04-01,2021-06-30,2021,Q4,2021Q2,MSFT,gross_profit,32161000000.0,USD,GrossProfit,ytd_diff,0000950170-23-035122,10-K,2023-07-27,https://data.sec.gov/api/xbrl/companyfacts/CIK0000789019.json,hyperscaler
2021-07-01,2021-09-30,2022,Q1,2021Q3,MSFT,gross_profit,31671000000.0,USD,GrossProfit,reported,0001564590-22-035087,10-Q,2022-10-25,https://data.sec.gov/api/xbrl/companyfacts/CIK0000789019.json,hyperscaler
2021-10-01,2021-12-31,2022,Q2,2021Q4,MSFT,gross_profit,34768000000.0,USD,GrossProfit,reported,0001564590-23-000733,10-Q,2023-01-24,https://data.sec.gov/api/xbrl/companyfacts/CIK0000789019.json,hyperscaler
2022-01-01,2022-03-31,2022,Q3,2022Q1,MSFT,gross_profit,33745000000.0,USD,GrossProfit,reported,0000950170-23-014423,10-Q,2023-04-25,https://data.sec.gov/api/xbrl/companyfacts/CIK0000789019.json,hyperscaler
2022-04-01,2022-06-30,2022,Q4,2022Q2,MSFT,gross_profit,35436000000.0,USD,GrossProfit,ytd_diff,0000950170-24-087843,10-K,2024-07-30,https://data.sec.gov/api/xbrl/companyfacts/CIK0000789019.json,hyperscaler
2022-07-01,2022-09-30,2023,Q1,2022Q3,MSFT,gross_profit,34670000000.0,USD,GrossProfit,reported,0000950170-23-054855,10-Q,2023-10-24,https://data.sec.gov/api/xbrl/companyfacts/CIK0000789019.json,hyperscaler
2022-10-01,2022-12-31,2023,Q2,2022Q4,MSFT,gross_profit,35259000000.0,USD,GrossProfit,reported,0000950170-24-008814,10-Q,2024-01-30,https://data.sec.gov/api/xbrl/companyfacts/CIK0000789019.json,hyperscaler
2023-01-01,2023-03-31,2023,Q3,2023Q1,MSFT,gross_profit,36729000000.0,USD,GrossProfit,reported,0000950170-24-048288,10-Q,2024-04-25,https://data.sec.gov/api/xbrl/companyfacts/CIK0000789019.json,hyperscaler
2023-04-01,2023-06-30,2023,Q4,2023Q2,MSFT,gross_profit,39394000000.0,USD,GrossProfit,ytd_diff,0000950170-25-100235,10-K,2025-07-30,https://data.sec.gov/api/xbrl/companyfacts/CIK0000789019.json,hyperscaler
2023-07-01,2023-09-30,2024,Q1,2023Q3,MSFT,gross_profit,40215000000.0,USD,GrossProfit,reported,0000950170-24-118967,10-Q,2024-10-30,https://data.sec.gov/api/xbrl/companyfacts/CIK0000789019.json,hyperscaler
2023-10-01,2023-12-31,2024,Q2,2023Q4,MSFT,gross_profit,42397000000.0,USD,GrossProfit,reported,0000950170-25-010491,10-Q,2025-01-29,https://data.sec.gov/api/xbrl/companyfacts/CIK0000789019.json,hyperscaler
2024-01-01,2024-03-31,2024,Q3,2024Q1,MSFT,gross_profit,43353000000.0,USD,GrossProfit,reported,0000950170-25-061046,10-Q,2025-04-30,https://data.sec.gov/api/xbrl/companyfacts/CIK0000789019.json,hyperscaler
2024-04-01,2024-06-30,2024,Q4,2024Q2,MSFT,gross_profit,45043000000.0,USD,GrossProfit,ytd_diff,0001193125-26-323660,10-K,2026-07-29,https://data.sec.gov/api/xbrl/companyfacts/CIK0000789019.json,hyperscaler
2024-07-01,2024-09-30,2025,Q1,2024Q3,MSFT,gross_profit,45486000000.0,USD,GrossProfit,reported,0001193125-25-256321,10-Q,2025-10-29,https://data.sec.gov/api/xbrl/companyfacts/CIK0000789019.json,hyperscaler
2024-10-01,2024-12-31,2025,Q2,2024Q4,MSFT,gross_profit,47833000000.0,USD,GrossProfit,reported,0001193125-26-027207,10-Q,2026-01-28,https://data.sec.gov/api/xbrl/companyfacts/CIK0000789019.json,hyperscaler
2025-01-01,2025-03-31,2025,Q3,2025Q1,MSFT,gross_profit,48147000000.0,USD,GrossProfit,reported,0001193125-26-191507,10-Q,2026-04-29,https://data.sec.gov/api/xbrl/companyfacts/CIK0000789019.json,hyperscaler
2025-04-01,2025-06-30,2025,Q4,2025Q2,MSFT,gross_profit,52427000000.0,USD,GrossProfit,ytd_diff,0001193125-26-323660,10-K,2026-07-29,https://data.sec.gov/api/xbrl/companyfacts/CIK0000789019.json,hyperscaler
2025-07-01,2025-09-30,2026,Q1,2025Q3,MSFT,gross_profit,53630000000.0,USD,GrossProfit,reported,0001193125-25-256321,10-Q,2025-10-29,https://data.sec.gov/api/xbrl/companyfacts/CIK0000789019.json,hyperscaler
2025-10-01,2025-12-31,2026,Q2,2025Q4,MSFT,gross_profit,55295000000.0,USD,GrossProfit,reported,0001193125-26-027207,10-Q,2026-01-28,https://data.sec.gov/api/xbrl/companyfacts/CIK0000789019.json,hyperscaler
2026-01-01,2026-03-31,2026,Q3,2026Q1,MSFT,gross_profit,56058000000.0,USD,GrossProfit,reported,0001193125-26-191507,10-Q,2026-04-29,https://data.sec.gov/api/xbrl/companyfacts/CIK0000789019.json,hyperscaler
2026-04-01,2026-06-30,2026,Q4,2026Q2,MSFT,gross_profit,60482000000.0,USD,GrossProfit,ytd_diff,0001193125-26-323660,10-K,2026-07-29,https://data.sec.gov/api/xbrl/companyfacts/CIK0000789019.json,hyperscaler
2014-01-01,2014-03-31,2014,Q3,2014Q1,MSFT,inventory,1920000000.0,USD,InventoryNet,reported,0001193125-14-157088,10-Q,2014-04-24,https://data.sec.gov/api/xbrl/companyfacts/CIK0000789019.json,hyperscaler
2014-04-01,2014-06-30,2014,Q4,2014Q2,MSFT,inventory,2660000000.0,USD,InventoryNet,reported,0001193125-15-272806,10-K,2015-07-31,https://data.sec.gov/api/xbrl/companyfacts/CIK0000789019.json,hyperscaler
2014-07-01,2014-09-30,2015,Q1,2014Q3,MSFT,inventory,3141000000.0,USD,InventoryNet,reported,0001193125-14-380252,10-Q,2014-10-23,https://data.sec.gov/api/xbrl/companyfacts/CIK0000789019.json,hyperscaler
2014-10-01,2014-12-31,2015,Q2,2014Q4,MSFT,inventory,2053000000.0,USD,InventoryNet,reported,0001193125-15-020351,10-Q,2015-01-26,https://data.sec.gov/api/xbrl/companyfacts/CIK0000789019.json,hyperscaler
2015-01-01,2015-03-31,2015,Q3,2015Q1,MSFT,inventory,2469000000.0,USD,InventoryNet,reported,0001193125-15-144151,10-Q,2015-04-23,https://data.sec.gov/api/xbrl/companyfacts/CIK0000789019.json,hyperscaler
2015-04-01,2015-06-30,2015,Q4,2015Q2,MSFT,inventory,2902000000.0,USD,InventoryNet,reported,0001193125-16-662209,10-K,2016-07-28,https://data.sec.gov/api/xbrl/companyfacts/CIK0000789019.json,hyperscaler
2015-07-01,2015-09-30,2016,Q1,2015Q3,MSFT,inventory,3816000000.0,USD,InventoryNet,reported,0001193125-15-350718,10-Q,2015-10-22,https://data.sec.gov/api/xbrl/companyfacts/CIK0000789019.json,hyperscaler
2015-10-01,2015-12-31,2016,Q2,2015Q4,MSFT,inventory,2702000000.0,USD,InventoryNet,reported,0001193125-16-441821,10-Q,2016-01-28,https://data.sec.gov/api/xbrl/companyfacts/CIK0000789019.json,hyperscaler
2016-01-01,2016-03-31,2016,Q3,2016Q1,MSFT,inventory,2450000000.0,USD,InventoryNet,reported,0001193125-16-550254,10-Q,2016-04-21,https://data.sec.gov/api/xbrl/companyfacts/CIK0000789019.json,hyperscaler
2016-04-01,2016-06-30,2016,Q4,2016Q2,MSFT,inventory,2251000000.0,USD,InventoryNet,reported,0001564590-17-014900,10-K,2017-08-02,https://data.sec.gov/api/xbrl/companyfacts/CIK0000789019.json,hyperscaler
2016-07-01,2016-09-30,2017,Q1,2016Q3,MSFT,inventory,3122000000.0,USD,InventoryNet,reported,0001193125-16-742796,10-Q,2016-10-20,https://data.sec.gov/api/xbrl/companyfacts/CIK0000789019.json,hyperscaler
2016-10-01,2016-12-31,2017,Q2,2016Q4,MSFT,inventory,1961000000.0,USD,InventoryNet,reported,0001564590-17-000654,10-Q,2017-01-26,https://data.sec.gov/api/xbrl/companyfacts/CIK0000789019.json,hyperscaler
2017-01-01,2017-03-31,2017,Q3,2017Q1,MSFT,inventory,1979000000.0,USD,InventoryNet,reported,0001564590-17-007547,10-Q,2017-04-27,https://data.sec.gov/api/xbrl/companyfacts/CIK0000789019.json,hyperscaler
2017-04-01,2017-06-30,2017,Q4,2017Q2,MSFT,inventory,2181000000.0,USD,InventoryNet,reported,0001564590-18-019062,10-K,2018-08-03,https://data.sec.gov/api/xbrl/companyfacts/CIK0000789019.json,hyperscaler
2017-07-01,2017-09-30,2018,Q1,2017Q3,MSFT,inventory,3211000000.0,USD,InventoryNet,reported,0001564590-17-020171,10-Q,2017-10-26,https://data.sec.gov/api/xbrl/companyfacts/CIK0000789019.json,hyperscaler
2017-10-01,2017-12-31,2018,Q2,2017Q4,MSFT,inventory,2003000000.0,USD,InventoryNet,reported,0001564590-18-001129,10-Q,2018-01-31,https://data.sec.gov/api/xbrl/companyfacts/CIK0000789019.json,hyperscaler
2018-01-01,2018-03-31,2018,Q3,2018Q1,MSFT,inventory,2084000000.0,USD,InventoryNet,reported,0001564590-18-009307,10-Q,2018-04-26,https://data.sec.gov/api/xbrl/companyfacts/CIK0000789019.json,hyperscaler
2018-04-01,2018-06-30,2018,Q4,2018Q2,MSFT,inventory,2662000000.0,USD,InventoryNet,reported,0001564590-19-027952,10-K,2019-08-01,https://data.sec.gov/api/xbrl/companyfacts/CIK0000789019.json,hyperscaler
2018-07-01,2018-09-30,2019,Q1,2018Q3,MSFT,inventory,3614000000.0,USD,InventoryNet,reported,0001564590-18-024893,10-Q,2018-10-24,https://data.sec.gov/api/xbrl/companyfacts/CIK0000789019.json,hyperscaler
2018-10-01,2018-12-31,2019,Q2,2018Q4,MSFT,inventory,1961000000.0,USD,InventoryNet,reported,0001564590-19-001392,10-Q,2019-01-30,https://data.sec.gov/api/xbrl/companyfacts/CIK0000789019.json,hyperscaler
2019-01-01,2019-03-31,2019,Q3,2019Q1,MSFT,inventory,1951000000.0,USD,InventoryNet,reported,0001564590-19-012709,10-Q,2019-04-24,https://data.sec.gov/api/xbrl/companyfacts/CIK0000789019.json,hyperscaler
2019-04-01,2019-06-30,2019,Q4,2019Q2,MSFT,inventory,2063000000.0,USD,InventoryNet,reported,0001564590-20-034944,10-K,2020-07-30,https://data.sec.gov/api/xbrl/companyfacts/CIK0000789019.json,hyperscaler
2019-07-01,2019-09-30,2020,Q1,2019Q3,MSFT,inventory,2622000000.0,USD,InventoryNet,reported,0001564590-19-037549,10-Q,2019-10-23,https://data.sec.gov/api/xbrl/companyfacts/CIK0000789019.json,hyperscaler
2019-10-01,2019-12-31,2020,Q2,2019Q4,MSFT,inventory,1823000000.0,USD,InventoryNet,reported,0001564590-20-002450,10-Q,2020-01-29,https://data.sec.gov/api/xbrl/companyfacts/CIK0000789019.json,hyperscaler
2020-01-01,2020-03-31,2020,Q3,2020Q1,MSFT,inventory,1644000000.0,USD,InventoryNet,reported,0001564590-20-019706,10-Q,2020-04-29,https://data.sec.gov/api/xbrl/companyfacts/CIK0000789019.json,hyperscaler
2020-04-01,2020-06-30,2020,Q4,2020Q2,MSFT,inventory,1895000000.0,USD,InventoryNet,reported,0001564590-21-039151,10-K,2021-07-29,https://data.sec.gov/api/xbrl/companyfacts/CIK0000789019.json,hyperscaler
2020-07-01,2020-09-30,2021,Q1,2020Q3,MSFT,inventory,2705000000.0,USD,InventoryNet,reported,0001564590-20-047996,10-Q,2020-10-27,https://data.sec.gov/api/xbrl/companyfacts/CIK0000789019.json,hyperscaler
2020-10-01,2020-12-31,2021,Q2,2020Q4,MSFT,inventory,1924000000.0,USD,InventoryNet,reported,0001564590-21-002316,10-Q,2021-01-26,https://data.sec.gov/api/xbrl/companyfacts/CIK0000789019.json,hyperscaler
2021-01-01,2021-03-31,2021,Q3,2021Q1,MSFT,inventory,2245000000.0,USD,InventoryNet,reported,0001564590-21-020891,10-Q,2021-04-27,https://data.sec.gov/api/xbrl/companyfacts/CIK0000789019.json,hyperscaler
2021-04-01,2021-06-30,2021,Q4,2021Q2,MSFT,inventory,2636000000.0,USD,InventoryNet,reported,0001564590-22-026876,10-K,2022-07-28,https://data.sec.gov/api/xbrl/companyfacts/CIK0000789019.json,hyperscaler
2021-07-01,2021-09-30,2022,Q1,2021Q3,MSFT,inventory,3411000000.0,USD,InventoryNet,reported,0001564590-21-051992,10-Q,2021-10-26,https://data.sec.gov/api/xbrl/companyfacts/CIK0000789019.json,hyperscaler
2021-10-01,2021-12-31,2022,Q2,2021Q4,MSFT,inventory,3019000000.0,USD,InventoryNet,reported,0001564590-22-002324,10-Q,2022-01-25,https://data.sec.gov/api/xbrl/companyfacts/CIK0000789019.json,hyperscaler
2022-01-01,2022-03-31,2022,Q3,2022Q1,MSFT,inventory,3296000000.0,USD,InventoryNet,reported,0001564590-22-015675,10-Q,2022-04-26,https://data.sec.gov/api/xbrl/companyfacts/CIK0000789019.json,hyperscaler
2022-04-01,2022-06-30,2022,Q4,2022Q2,MSFT,inventory,3742000000.0,USD,InventoryNet,reported,0000950170-23-035122,10-K,2023-07-27,https://data.sec.gov/api/xbrl/companyfacts/CIK0000789019.json,hyperscaler
2022-07-01,2022-09-30,2023,Q1,2022Q3,MSFT,inventory,4268000000.0,USD,InventoryNet,reported,0001564590-22-035087,10-Q,2022-10-25,https://data.sec.gov/api/xbrl/companyfacts/CIK0000789019.json,hyperscaler
2022-10-01,2022-12-31,2023,Q2,2022Q4,MSFT,inventory,2980000000.0,USD,InventoryNet,reported,0001564590-23-000733,10-Q,2023-01-24,https://data.sec.gov/api/xbrl/companyfacts/CIK0000789019.json,hyperscaler
2023-01-01,2023-03-31,2023,Q3,2023Q1,MSFT,inventory,2877000000.0,USD,InventoryNet,reported,0000950170-23-014423,10-Q,2023-04-25,https://data.sec.gov/api/xbrl/companyfacts/CIK0000789019.json,hyperscaler
2023-04-01,2023-06-30,2023,Q4,2023Q2,MSFT,inventory,2500000000.0,USD,InventoryNet,reported,0000950170-24-087843,10-K,2024-07-30,https://data.sec.gov/api/xbrl/companyfacts/CIK0000789019.json,hyperscaler
2023-07-01,2023-09-30,2024,Q1,2023Q3,MSFT,inventory,3000000000.0,USD,InventoryNet,reported,0000950170-23-054855,10-Q,2023-10-24,https://data.sec.gov/api/xbrl/companyfacts/CIK0000789019.json,hyperscaler
2023-10-01,2023-12-31,2024,Q2,2023Q4,MSFT,inventory,1615000000.0,USD,InventoryNet,reported,0000950170-24-008814,10-Q,2024-01-30,https://data.sec.gov/api/xbrl/companyfacts/CIK0000789019.json,hyperscaler
2024-01-01,2024-03-31,2024,Q3,2024Q1,MSFT,inventory,1304000000.0,USD,InventoryNet,reported,0000950170-24-048288,10-Q,2024-04-25,https://data.sec.gov/api/xbrl/companyfacts/CIK0000789019.json,hyperscaler
2024-04-01,2024-06-30,2024,Q4,2024Q2,MSFT,inventory,1246000000.0,USD,InventoryNet,reported,0000950170-25-100235,10-K,2025-07-30,https://data.sec.gov/api/xbrl/companyfacts/CIK0000789019.json,hyperscaler
2024-07-01,2024-09-30,2025,Q1,2024Q3,MSFT,inventory,1626000000.0,USD,InventoryNet,reported,0000950170-24-118967,10-Q,2024-10-30,https://data.sec.gov/api/xbrl/companyfacts/CIK0000789019.json,hyperscaler
2024-10-01,2024-12-31,2025,Q2,2024Q4,MSFT,inventory,909000000.0,USD,InventoryNet,reported,0000950170-25-010491,10-Q,2025-01-29,https://data.sec.gov/api/xbrl/companyfacts/CIK0000789019.json,hyperscaler
2025-01-01,2025-03-31,2025,Q3,2025Q1,MSFT,inventory,848000000.0,USD,InventoryNet,reported,0000950170-25-061046,10-Q,2025-04-30,https://data.sec.gov/api/xbrl/companyfacts/CIK0000789019.json,hyperscaler
2025-04-01,2025-06-30,2025,Q4,2025Q2,MSFT,inventory,938000000.0,USD,InventoryNet,reported,0001193125-26-323660,10-K,2026-07-29,https://data.sec.gov/api/xbrl/companyfacts/CIK0000789019.json,hyperscaler
2025-07-01,2025-09-30,2026,Q1,2025Q3,MSFT,inventory,1130000000.0,USD,InventoryNet,reported,0001193125-25-256321,10-Q,2025-10-29,https://data.sec.gov/api/xbrl/companyfacts/CIK0000789019.json,hyperscaler
2025-10-01,2025-12-31,2026,Q2,2025Q4,MSFT,inventory,1059000000.0,USD,InventoryNet,reported,0001193125-26-027207,10-Q,2026-01-28,https://data.sec.gov/api/xbrl/companyfacts/CIK0000789019.json,hyperscaler
2026-01-01,2026-03-31,2026,Q3,2026Q1,MSFT,inventory,1219000000.0,USD,InventoryNet,reported,0001193125-26-191507,10-Q,2026-04-29,https://data.sec.gov/api/xbrl/companyfacts/CIK0000789019.json,hyperscaler
2026-04-01,2026-06-30,2026,Q4,2026Q2,MSFT,inventory,1397000000.0,USD,InventoryNet,reported,0001193125-26-323660,10-K,2026-07-29,https://data.sec.gov/api/xbrl/companyfacts/CIK0000789019.json,hyperscaler
2014-01-01,2014-03-31,2014,Q3,2014Q1,MSFT,inventory_days,28.9,days,,inventory/cost_of_revenue*days_in_quarter,,,,derived from rows above,hyperscaler
2014-04-01,2014-06-30,2014,Q4,2014Q2,MSFT,inventory_days,31.7,days,,inventory/cost_of_revenue*days_in_quarter,,,,derived from rows above,hyperscaler
2014-07-01,2014-09-30,2015,Q1,2014Q3,MSFT,inventory_days,34.9,days,,inventory/cost_of_revenue*days_in_quarter,,,,derived from rows above,hyperscaler
2014-10-01,2014-12-31,2015,Q2,2014Q4,MSFT,inventory_days,18.6,days,,inventory/cost_of_revenue*days_in_quarter,,,,derived from rows above,hyperscaler
2015-01-01,2015-03-31,2015,Q3,2015Q1,MSFT,inventory_days,31.0,days,,inventory/cost_of_revenue*days_in_quarter,,,,derived from rows above,hyperscaler
2015-04-01,2015-06-30,2015,Q4,2015Q2,MSFT,inventory_days,35.4,days,,inventory/cost_of_revenue*days_in_quarter,,,,derived from rows above,hyperscaler
2015-07-01,2015-09-30,2016,Q1,2015Q3,MSFT,inventory_days,48.7,days,,inventory/cost_of_revenue*days_in_quarter,,,,derived from rows above,hyperscaler
2015-10-01,2015-12-31,2016,Q2,2015Q4,MSFT,inventory_days,25.2,days,,inventory/cost_of_revenue*days_in_quarter,,,,derived from rows above,hyperscaler
2016-01-01,2016-03-31,2016,Q3,2016Q1,MSFT,inventory_days,28.9,days,,inventory/cost_of_revenue*days_in_quarter,,,,derived from rows above,hyperscaler
2016-04-01,2016-06-30,2016,Q4,2016Q2,MSFT,inventory_days,25.7,days,,inventory/cost_of_revenue*days_in_quarter,,,,derived from rows above,hyperscaler
2016-10-01,2016-12-31,2017,Q2,2016Q4,MSFT,inventory_days,18.2,days,,inventory/cost_of_revenue*days_in_quarter,,,,derived from rows above,hyperscaler
2017-01-01,2017-03-31,2017,Q3,2017Q1,MSFT,inventory_days,22.1,days,,inventory/cost_of_revenue*days_in_quarter,,,,derived from rows above,hyperscaler
2017-04-01,2017-06-30,2017,Q4,2017Q2,MSFT,inventory_days,23.5,days,,inventory/cost_of_revenue*days_in_quarter,,,,derived from rows above,hyperscaler
2017-07-01,2017-09-30,2018,Q1,2017Q3,MSFT,inventory_days,35.7,days,,inventory/cost_of_revenue*days_in_quarter,,,,derived from rows above,hyperscaler
2017-10-01,2017-12-31,2018,Q2,2017Q4,MSFT,inventory_days,16.7,days,,inventory/cost_of_revenue*days_in_quarter,,,,derived from rows above,hyperscaler
2018-01-01,2018-03-31,2018,Q3,2018Q1,MSFT,inventory_days,20.2,days,,inventory/cost_of_revenue*days_in_quarter,,,,derived from rows above,hyperscaler
2018-04-01,2018-06-30,2018,Q4,2018Q2,MSFT,inventory_days,24.9,days,,inventory/cost_of_revenue*days_in_quarter,,,,derived from rows above,hyperscaler
2018-07-01,2018-09-30,2019,Q1,2018Q3,MSFT,inventory_days,33.6,days,,inventory/cost_of_revenue*days_in_quarter,,,,derived from rows above,hyperscaler
2018-10-01,2018-12-31,2019,Q2,2018Q4,MSFT,inventory_days,14.5,days,,inventory/cost_of_revenue*days_in_quarter,,,,derived from rows above,hyperscaler
2019-01-01,2019-03-31,2019,Q3,2019Q1,MSFT,inventory_days,17.3,days,,inventory/cost_of_revenue*days_in_quarter,,,,derived from rows above,hyperscaler
2019-04-01,2019-06-30,2019,Q4,2019Q2,MSFT,inventory_days,18.0,days,,inventory/cost_of_revenue*days_in_quarter,,,,derived from rows above,hyperscaler
2019-07-01,2019-09-30,2020,Q1,2019Q3,MSFT,inventory_days,23.2,days,,inventory/cost_of_revenue*days_in_quarter,,,,derived from rows above,hyperscaler
2019-10-01,2019-12-31,2020,Q2,2019Q4,MSFT,inventory_days,13.6,days,,inventory/cost_of_revenue*days_in_quarter,,,,derived from rows above,hyperscaler
2020-01-01,2020-03-31,2020,Q3,2020Q1,MSFT,inventory_days,13.6,days,,inventory/cost_of_revenue*days_in_quarter,,,,derived from rows above,hyperscaler
2020-04-01,2020-06-30,2020,Q4,2020Q2,MSFT,inventory_days,14.0,days,,inventory/cost_of_revenue*days_in_quarter,,,,derived from rows above,hyperscaler
2020-07-01,2020-09-30,2021,Q1,2020Q3,MSFT,inventory_days,22.6,days,,inventory/cost_of_revenue*days_in_quarter,,,,derived from rows above,hyperscaler
2020-10-01,2020-12-31,2021,Q2,2020Q4,MSFT,inventory_days,12.5,days,,inventory/cost_of_revenue*days_in_quarter,,,,derived from rows above,hyperscaler
2021-01-01,2021-03-31,2021,Q3,2021Q1,MSFT,inventory_days,15.5,days,,inventory/cost_of_revenue*days_in_quarter,,,,derived from rows above,hyperscaler
2021-04-01,2021-06-30,2021,Q4,2021Q2,MSFT,inventory_days,17.1,days,,inventory/cost_of_revenue*days_in_quarter,,,,derived from rows above,hyperscaler
2021-07-01,2021-09-30,2022,Q1,2021Q3,MSFT,inventory_days,23.0,days,,inventory/cost_of_revenue*days_in_quarter,,,,derived from rows above,hyperscaler
2021-10-01,2021-12-31,2022,Q2,2021Q4,MSFT,inventory_days,16.4,days,,inventory/cost_of_revenue*days_in_quarter,,,,derived from rows above,hyperscaler
2022-01-01,2022-03-31,2022,Q3,2022Q1,MSFT,inventory_days,19.0,days,,inventory/cost_of_revenue*days_in_quarter,,,,derived from rows above,hyperscaler
2022-04-01,2022-06-30,2022,Q4,2022Q2,MSFT,inventory_days,20.7,days,,inventory/cost_of_revenue*days_in_quarter,,,,derived from rows above,hyperscaler
2022-07-01,2022-09-30,2023,Q1,2022Q3,MSFT,inventory_days,25.4,days,,inventory/cost_of_revenue*days_in_quarter,,,,derived from rows above,hyperscaler
2022-10-01,2022-12-31,2023,Q2,2022Q4,MSFT,inventory_days,15.7,days,,inventory/cost_of_revenue*days_in_quarter,,,,derived from rows above,hyperscaler
2023-01-01,2023-03-31,2023,Q3,2023Q1,MSFT,inventory_days,16.1,days,,inventory/cost_of_revenue*days_in_quarter,,,,derived from rows above,hyperscaler
2023-04-01,2023-06-30,2023,Q4,2023Q2,MSFT,inventory_days,13.5,days,,inventory/cost_of_revenue*days_in_quarter,,,,derived from rows above,hyperscaler
2023-07-01,2023-09-30,2024,Q1,2023Q3,MSFT,inventory_days,16.9,days,,inventory/cost_of_revenue*days_in_quarter,,,,derived from rows above,hyperscaler
2023-10-01,2023-12-31,2024,Q2,2023Q4,MSFT,inventory_days,7.6,days,,inventory/cost_of_revenue*days_in_quarter,,,,derived from rows above,hyperscaler
2024-01-01,2024-03-31,2024,Q3,2024Q1,MSFT,inventory_days,6.4,days,,inventory/cost_of_revenue*days_in_quarter,,,,derived from rows above,hyperscaler
2024-04-01,2024-06-30,2024,Q4,2024Q2,MSFT,inventory_days,5.8,days,,inventory/cost_of_revenue*days_in_quarter,,,,derived from rows above,hyperscaler
2024-07-01,2024-09-30,2025,Q1,2024Q3,MSFT,inventory_days,7.4,days,,inventory/cost_of_revenue*days_in_quarter,,,,derived from rows above,hyperscaler
2024-10-01,2024-12-31,2025,Q2,2024Q4,MSFT,inventory_days,3.8,days,,inventory/cost_of_revenue*days_in_quarter,,,,derived from rows above,hyperscaler
2025-01-01,2025-03-31,2025,Q3,2025Q1,MSFT,inventory_days,3.5,days,,inventory/cost_of_revenue*days_in_quarter,,,,derived from rows above,hyperscaler
2025-04-01,2025-06-30,2025,Q4,2025Q2,MSFT,inventory_days,3.6,days,,inventory/cost_of_revenue*days_in_quarter,,,,derived from rows above,hyperscaler
2025-07-01,2025-09-30,2026,Q1,2025Q3,MSFT,inventory_days,4.3,days,,inventory/cost_of_revenue*days_in_quarter,,,,derived from rows above,hyperscaler
2025-10-01,2025-12-31,2026,Q2,2025Q4,MSFT,inventory_days,3.8,days,,inventory/cost_of_revenue*days_in_quarter,,,,derived from rows above,hyperscaler
2026-01-01,2026-03-31,2026,Q3,2026Q1,MSFT,inventory_days,4.1,days,,inventory/cost_of_revenue*days_in_quarter,,,,derived from rows above,hyperscaler
2026-04-01,2026-06-30,2026,Q4,2026Q2,MSFT,inventory_days,4.3,days,,inventory/cost_of_revenue*days_in_quarter,,,,derived from rows above,hyperscaler
2014-01-01,2014-03-31,2014,Q3,2014Q1,MSFT,operating_income,6974000000.0,USD,OperatingIncomeLoss,reported,0001193125-15-144151,10-Q,2015-04-23,https://data.sec.gov/api/xbrl/companyfacts/CIK0000789019.json,hyperscaler
2014-04-01,2014-06-30,2014,Q4,2014Q2,MSFT,operating_income,6482000000.0,USD,OperatingIncomeLoss,ytd_diff,0001193125-16-662209,10-K,2016-07-28,https://data.sec.gov/api/xbrl/companyfacts/CIK0000789019.json,hyperscaler
2014-07-01,2014-09-30,2015,Q1,2014Q3,MSFT,operating_income,5844000000.0,USD,OperatingIncomeLoss,reported,0001193125-16-662209,10-K,2016-07-28,https://data.sec.gov/api/xbrl/companyfacts/CIK0000789019.json,hyperscaler
2014-10-01,2014-12-31,2015,Q2,2014Q4,MSFT,operating_income,7776000000.0,USD,OperatingIncomeLoss,reported,0001193125-16-662209,10-K,2016-07-28,https://data.sec.gov/api/xbrl/companyfacts/CIK0000789019.json,hyperscaler
2015-01-01,2015-03-31,2015,Q3,2015Q1,MSFT,operating_income,6594000000.0,USD,OperatingIncomeLoss,reported,0001193125-16-662209,10-K,2016-07-28,https://data.sec.gov/api/xbrl/companyfacts/CIK0000789019.json,hyperscaler
2015-04-01,2015-06-30,2015,Q4,2015Q2,MSFT,operating_income,-2053000000.0,USD,OperatingIncomeLoss,reported,0001193125-16-662209,10-K,2016-07-28,https://data.sec.gov/api/xbrl/companyfacts/CIK0000789019.json,hyperscaler
2015-07-01,2015-09-30,2016,Q1,2015Q3,MSFT,operating_income,5793000000.0,USD,OperatingIncomeLoss,reported,0001564590-17-014900,10-K,2017-08-02,https://data.sec.gov/api/xbrl/companyfacts/CIK0000789019.json,hyperscaler
2015-10-01,2015-12-31,2016,Q2,2015Q4,MSFT,operating_income,6026000000.0,USD,OperatingIncomeLoss,reported,0001564590-17-014900,10-K,2017-08-02,https://data.sec.gov/api/xbrl/companyfacts/CIK0000789019.json,hyperscaler
2016-01-01,2016-03-31,2016,Q3,2016Q1,MSFT,operating_income,5283000000.0,USD,OperatingIncomeLoss,reported,0001564590-17-014900,10-K,2017-08-02,https://data.sec.gov/api/xbrl/companyfacts/CIK0000789019.json,hyperscaler
2016-04-01,2016-06-30,2016,Q4,2016Q2,MSFT,operating_income,3080000000.0,USD,OperatingIncomeLoss,reported,0001564590-17-014900,10-K,2017-08-02,https://data.sec.gov/api/xbrl/companyfacts/CIK0000789019.json,hyperscaler
2016-07-02,2016-09-30,2017,Q1,2016Q3,MSFT,operating_income,6715000000.0,USD,OperatingIncomeLoss,reported,0001564590-18-019062,10-K,2018-08-03,https://data.sec.gov/api/xbrl/companyfacts/CIK0000789019.json,hyperscaler
2016-10-01,2016-12-31,2017,Q2,2016Q4,MSFT,operating_income,7905000000.0,USD,OperatingIncomeLoss,reported,0001564590-18-019062,10-K,2018-08-03,https://data.sec.gov/api/xbrl/companyfacts/CIK0000789019.json,hyperscaler
2017-01-01,2017-03-31,2017,Q3,2017Q1,MSFT,operating_income,6723000000.0,USD,OperatingIncomeLoss,reported,0001564590-18-019062,10-K,2018-08-03,https://data.sec.gov/api/xbrl/companyfacts/CIK0000789019.json,hyperscaler
2017-04-01,2017-06-30,2017,Q4,2017Q2,MSFT,operating_income,7682000000.0,USD,OperatingIncomeLoss,reported,0001564590-18-019062,10-K,2018-08-03,https://data.sec.gov/api/xbrl/companyfacts/CIK0000789019.json,hyperscaler
2017-07-01,2017-09-30,2018,Q1,2017Q3,MSFT,operating_income,7708000000.0,USD,OperatingIncomeLoss,reported,0001564590-19-027952,10-K,2019-08-01,https://data.sec.gov/api/xbrl/companyfacts/CIK0000789019.json,hyperscaler
2017-10-01,2017-12-31,2018,Q2,2017Q4,MSFT,operating_income,8679000000.0,USD,OperatingIncomeLoss,reported,0001564590-19-027952,10-K,2019-08-01,https://data.sec.gov/api/xbrl/companyfacts/CIK0000789019.json,hyperscaler
2018-01-01,2018-03-31,2018,Q3,2018Q1,MSFT,operating_income,8292000000.0,USD,OperatingIncomeLoss,reported,0001564590-19-027952,10-K,2019-08-01,https://data.sec.gov/api/xbrl/companyfacts/CIK0000789019.json,hyperscaler
2018-04-01,2018-06-30,2018,Q4,2018Q2,MSFT,operating_income,10379000000.0,USD,OperatingIncomeLoss,reported,0001564590-19-027952,10-K,2019-08-01,https://data.sec.gov/api/xbrl/companyfacts/CIK0000789019.json,hyperscaler
2018-07-01,2018-09-30,2019,Q1,2018Q3,MSFT,operating_income,9955000000.0,USD,OperatingIncomeLoss,reported,0001564590-20-034944,10-K,2020-07-30,https://data.sec.gov/api/xbrl/companyfacts/CIK0000789019.json,hyperscaler
2018-10-01,2018-12-31,2019,Q2,2018Q4,MSFT,operating_income,10258000000.0,USD,OperatingIncomeLoss,reported,0001564590-20-034944,10-K,2020-07-30,https://data.sec.gov/api/xbrl/companyfacts/CIK0000789019.json,hyperscaler
2019-01-01,2019-03-31,2019,Q3,2019Q1,MSFT,operating_income,10341000000.0,USD,OperatingIncomeLoss,reported,0001564590-20-034944,10-K,2020-07-30,https://data.sec.gov/api/xbrl/companyfacts/CIK0000789019.json,hyperscaler
2019-04-01,2019-06-30,2019,Q4,2019Q2,MSFT,operating_income,12405000000.0,USD,OperatingIncomeLoss,reported,0001564590-20-034944,10-K,2020-07-30,https://data.sec.gov/api/xbrl/companyfacts/CIK0000789019.json,hyperscaler
2019-07-01,2019-09-30,2020,Q1,2019Q3,MSFT,operating_income,12686000000.0,USD,OperatingIncomeLoss,reported,0001564590-20-047996,10-Q,2020-10-27,https://data.sec.gov/api/xbrl/companyfacts/CIK0000789019.json,hyperscaler
2019-10-01,2019-12-31,2020,Q2,2019Q4,MSFT,operating_income,13891000000.0,USD,OperatingIncomeLoss,reported,0001564590-21-002316,10-Q,2021-01-26,https://data.sec.gov/api/xbrl/companyfacts/CIK0000789019.json,hyperscaler
2020-01-01,2020-03-31,2020,Q3,2020Q1,MSFT,operating_income,12975000000.0,USD,OperatingIncomeLoss,reported,0001564590-21-020891,10-Q,2021-04-27,https://data.sec.gov/api/xbrl/companyfacts/CIK0000789019.json,hyperscaler
2020-04-01,2020-06-30,2020,Q4,2020Q2,MSFT,operating_income,13407000000.0,USD,OperatingIncomeLoss,reported,0001564590-20-034944,10-K,2020-07-30,https://data.sec.gov/api/xbrl/companyfacts/CIK0000789019.json,hyperscaler
2020-07-01,2020-09-30,2021,Q1,2020Q3,MSFT,operating_income,15876000000.0,USD,OperatingIncomeLoss,reported,0001564590-21-051992,10-Q,2021-10-26,https://data.sec.gov/api/xbrl/companyfacts/CIK0000789019.json,hyperscaler
2020-10-01,2020-12-31,2021,Q2,2020Q4,MSFT,operating_income,17897000000.0,USD,OperatingIncomeLoss,reported,0001564590-22-002324,10-Q,2022-01-25,https://data.sec.gov/api/xbrl/companyfacts/CIK0000789019.json,hyperscaler
2021-01-01,2021-03-31,2021,Q3,2021Q1,MSFT,operating_income,17048000000.0,USD,OperatingIncomeLoss,reported,0001564590-22-015675,10-Q,2022-04-26,https://data.sec.gov/api/xbrl/companyfacts/CIK0000789019.json,hyperscaler
2021-04-01,2021-06-30,2021,Q4,2021Q2,MSFT,operating_income,19095000000.0,USD,OperatingIncomeLoss,ytd_diff,0000950170-23-035122,10-K,2023-07-27,https://data.sec.gov/api/xbrl/companyfacts/CIK0000789019.json,hyperscaler
2021-07-01,2021-09-30,2022,Q1,2021Q3,MSFT,operating_income,20238000000.0,USD,OperatingIncomeLoss,reported,0001564590-22-035087,10-Q,2022-10-25,https://data.sec.gov/api/xbrl/companyfacts/CIK0000789019.json,hyperscaler
2021-10-01,2021-12-31,2022,Q2,2021Q4,MSFT,operating_income,22247000000.0,USD,OperatingIncomeLoss,reported,0001564590-23-000733,10-Q,2023-01-24,https://data.sec.gov/api/xbrl/companyfacts/CIK0000789019.json,hyperscaler
2022-01-01,2022-03-31,2022,Q3,2022Q1,MSFT,operating_income,20364000000.0,USD,OperatingIncomeLoss,reported,0000950170-23-014423,10-Q,2023-04-25,https://data.sec.gov/api/xbrl/companyfacts/CIK0000789019.json,hyperscaler
2022-04-01,2022-06-30,2022,Q4,2022Q2,MSFT,operating_income,20534000000.0,USD,OperatingIncomeLoss,ytd_diff,0000950170-24-087843,10-K,2024-07-30,https://data.sec.gov/api/xbrl/companyfacts/CIK0000789019.json,hyperscaler
2022-07-01,2022-09-30,2023,Q1,2022Q3,MSFT,operating_income,21518000000.0,USD,OperatingIncomeLoss,reported,0000950170-23-054855,10-Q,2023-10-24,https://data.sec.gov/api/xbrl/companyfacts/CIK0000789019.json,hyperscaler
2022-10-01,2022-12-31,2023,Q2,2022Q4,MSFT,operating_income,20399000000.0,USD,OperatingIncomeLoss,reported,0000950170-24-008814,10-Q,2024-01-30,https://data.sec.gov/api/xbrl/companyfacts/CIK0000789019.json,hyperscaler
2023-01-01,2023-03-31,2023,Q3,2023Q1,MSFT,operating_income,22352000000.0,USD,OperatingIncomeLoss,reported,0000950170-24-048288,10-Q,2024-04-25,https://data.sec.gov/api/xbrl/companyfacts/CIK0000789019.json,hyperscaler
2023-04-01,2023-06-30,2023,Q4,2023Q2,MSFT,operating_income,24254000000.0,USD,OperatingIncomeLoss,ytd_diff,0000950170-25-100235,10-K,2025-07-30,https://data.sec.gov/api/xbrl/companyfacts/CIK0000789019.json,hyperscaler
2023-07-01,2023-09-30,2024,Q1,2023Q3,MSFT,operating_income,26895000000.0,USD,OperatingIncomeLoss,reported,0000950170-24-118967,10-Q,2024-10-30,https://data.sec.gov/api/xbrl/companyfacts/CIK0000789019.json,hyperscaler
2023-10-01,2023-12-31,2024,Q2,2023Q4,MSFT,operating_income,27032000000.0,USD,OperatingIncomeLoss,reported,0000950170-25-010491,10-Q,2025-01-29,https://data.sec.gov/api/xbrl/companyfacts/CIK0000789019.json,hyperscaler
2024-01-01,2024-03-31,2024,Q3,2024Q1,MSFT,operating_income,27581000000.0,USD,OperatingIncomeLoss,reported,0000950170-25-061046,10-Q,2025-04-30,https://data.sec.gov/api/xbrl/companyfacts/CIK0000789019.json,hyperscaler
2024-04-01,2024-06-30,2024,Q4,2024Q2,MSFT,operating_income,27925000000.0,USD,OperatingIncomeLoss,ytd_diff,0001193125-26-323660,10-K,2026-07-29,https://data.sec.gov/api/xbrl/companyfacts/CIK0000789019.json,hyperscaler
2024-07-01,2024-09-30,2025,Q1,2024Q3,MSFT,operating_income,30552000000.0,USD,OperatingIncomeLoss,reported,0001193125-25-256321,10-Q,2025-10-29,https://data.sec.gov/api/xbrl/companyfacts/CIK0000789019.json,hyperscaler
2024-10-01,2024-12-31,2025,Q2,2024Q4,MSFT,operating_income,31653000000.0,USD,OperatingIncomeLoss,reported,0001193125-26-027207,10-Q,2026-01-28,https://data.sec.gov/api/xbrl/companyfacts/CIK0000789019.json,hyperscaler
2025-01-01,2025-03-31,2025,Q3,2025Q1,MSFT,operating_income,32000000000.0,USD,OperatingIncomeLoss,reported,0001193125-26-191507,10-Q,2026-04-29,https://data.sec.gov/api/xbrl/companyfacts/CIK0000789019.json,hyperscaler
2025-04-01,2025-06-30,2025,Q4,2025Q2,MSFT,operating_income,34323000000.0,USD,OperatingIncomeLoss,ytd_diff,0001193125-26-323660,10-K,2026-07-29,https://data.sec.gov/api/xbrl/companyfacts/CIK0000789019.json,hyperscaler
2025-07-01,2025-09-30,2026,Q1,2025Q3,MSFT,operating_income,37961000000.0,USD,OperatingIncomeLoss,reported,0001193125-25-256321,10-Q,2025-10-29,https://data.sec.gov/api/xbrl/companyfacts/CIK0000789019.json,hyperscaler
2025-10-01,2025-12-31,2026,Q2,2025Q4,MSFT,operating_income,38275000000.0,USD,OperatingIncomeLoss,reported,0001193125-26-027207,10-Q,2026-01-28,https://data.sec.gov/api/xbrl/companyfacts/CIK0000789019.json,hyperscaler
2026-01-01,2026-03-31,2026,Q3,2026Q1,MSFT,operating_income,38398000000.0,USD,OperatingIncomeLoss,reported,0001193125-26-191507,10-Q,2026-04-29,https://data.sec.gov/api/xbrl/companyfacts/CIK0000789019.json,hyperscaler
2026-04-01,2026-06-30,2026,Q4,2026Q2,MSFT,operating_income,40603000000.0,USD,OperatingIncomeLoss,ytd_diff,0001193125-26-323660,10-K,2026-07-29,https://data.sec.gov/api/xbrl/companyfacts/CIK0000789019.json,hyperscaler
2014-01-01,2014-03-31,2014,Q3,2014Q1,MSFT,revenue,20403000000.0,USD,SalesRevenueNet,reported,0001193125-15-272806,10-K,2015-07-31,https://data.sec.gov/api/xbrl/companyfacts/CIK0000789019.json,hyperscaler
2014-04-01,2014-06-30,2014,Q4,2014Q2,MSFT,revenue,23382000000.0,USD,SalesRevenueNet,reported,0001193125-15-272806,10-K,2015-07-31,https://data.sec.gov/api/xbrl/companyfacts/CIK0000789019.json,hyperscaler
2014-07-01,2014-09-30,2015,Q1,2014Q3,MSFT,revenue,23201000000.0,USD,SalesRevenueNet,reported,0001193125-16-662209,10-K,2016-07-28,https://data.sec.gov/api/xbrl/companyfacts/CIK0000789019.json,hyperscaler
2014-10-01,2014-12-31,2015,Q2,2014Q4,MSFT,revenue,26470000000.0,USD,SalesRevenueNet,reported,0001193125-16-662209,10-K,2016-07-28,https://data.sec.gov/api/xbrl/companyfacts/CIK0000789019.json,hyperscaler
2015-01-01,2015-03-31,2015,Q3,2015Q1,MSFT,revenue,21729000000.0,USD,SalesRevenueNet,reported,0001193125-16-662209,10-K,2016-07-28,https://data.sec.gov/api/xbrl/companyfacts/CIK0000789019.json,hyperscaler
2015-04-01,2015-06-30,2015,Q4,2015Q2,MSFT,revenue,22180000000.0,USD,SalesRevenueNet,reported,0001193125-16-662209,10-K,2016-07-28,https://data.sec.gov/api/xbrl/companyfacts/CIK0000789019.json,hyperscaler
2015-07-01,2015-09-30,2016,Q1,2015Q3,MSFT,revenue,20379000000.0,USD,SalesRevenueNet,reported,0001564590-17-014900,10-K,2017-08-02,https://data.sec.gov/api/xbrl/companyfacts/CIK0000789019.json,hyperscaler
2015-10-01,2015-12-31,2016,Q2,2015Q4,MSFT,revenue,23796000000.0,USD,SalesRevenueNet,reported,0001564590-17-014900,10-K,2017-08-02,https://data.sec.gov/api/xbrl/companyfacts/CIK0000789019.json,hyperscaler
2016-01-01,2016-03-31,2016,Q3,2016Q1,MSFT,revenue,20531000000.0,USD,SalesRevenueNet,reported,0001564590-17-014900,10-K,2017-08-02,https://data.sec.gov/api/xbrl/companyfacts/CIK0000789019.json,hyperscaler
2016-04-01,2016-06-30,2016,Q4,2016Q2,MSFT,revenue,20614000000.0,USD,SalesRevenueNet,reported,0001564590-17-014900,10-K,2017-08-02,https://data.sec.gov/api/xbrl/companyfacts/CIK0000789019.json,hyperscaler
2016-07-02,2016-09-30,2017,Q1,2016Q3,MSFT,revenue,21928000000.0,USD,RevenueFromContractWithCustomerExcludingAssessedTax,reported,0001564590-18-019062,10-K,2018-08-03,https://data.sec.gov/api/xbrl/companyfacts/CIK0000789019.json,hyperscaler
2016-10-01,2016-12-31,2017,Q2,2016Q4,MSFT,revenue,25826000000.0,USD,RevenueFromContractWithCustomerExcludingAssessedTax,reported,0001564590-18-019062,10-K,2018-08-03,https://data.sec.gov/api/xbrl/companyfacts/CIK0000789019.json,hyperscaler
2017-01-01,2017-03-31,2017,Q3,2017Q1,MSFT,revenue,23212000000.0,USD,RevenueFromContractWithCustomerExcludingAssessedTax,reported,0001564590-18-019062,10-K,2018-08-03,https://data.sec.gov/api/xbrl/companyfacts/CIK0000789019.json,hyperscaler
2017-04-01,2017-06-30,2017,Q4,2017Q2,MSFT,revenue,25605000000.0,USD,RevenueFromContractWithCustomerExcludingAssessedTax,reported,0001564590-18-019062,10-K,2018-08-03,https://data.sec.gov/api/xbrl/companyfacts/CIK0000789019.json,hyperscaler
2017-07-01,2017-09-30,2018,Q1,2017Q3,MSFT,revenue,24538000000.0,USD,RevenueFromContractWithCustomerExcludingAssessedTax,reported,0001564590-19-027952,10-K,2019-08-01,https://data.sec.gov/api/xbrl/companyfacts/CIK0000789019.json,hyperscaler
2017-10-01,2017-12-31,2018,Q2,2017Q4,MSFT,revenue,28918000000.0,USD,RevenueFromContractWithCustomerExcludingAssessedTax,reported,0001564590-19-027952,10-K,2019-08-01,https://data.sec.gov/api/xbrl/companyfacts/CIK0000789019.json,hyperscaler
2018-01-01,2018-03-31,2018,Q3,2018Q1,MSFT,revenue,26819000000.0,USD,RevenueFromContractWithCustomerExcludingAssessedTax,reported,0001564590-19-027952,10-K,2019-08-01,https://data.sec.gov/api/xbrl/companyfacts/CIK0000789019.json,hyperscaler
2018-04-01,2018-06-30,2018,Q4,2018Q2,MSFT,revenue,30085000000.0,USD,RevenueFromContractWithCustomerExcludingAssessedTax,reported,0001564590-19-027952,10-K,2019-08-01,https://data.sec.gov/api/xbrl/companyfacts/CIK0000789019.json,hyperscaler
2018-07-01,2018-09-30,2019,Q1,2018Q3,MSFT,revenue,29084000000.0,USD,RevenueFromContractWithCustomerExcludingAssessedTax,reported,0001564590-20-034944,10-K,2020-07-30,https://data.sec.gov/api/xbrl/companyfacts/CIK0000789019.json,hyperscaler
2018-10-01,2018-12-31,2019,Q2,2018Q4,MSFT,revenue,32471000000.0,USD,RevenueFromContractWithCustomerExcludingAssessedTax,reported,0001564590-20-034944,10-K,2020-07-30,https://data.sec.gov/api/xbrl/companyfacts/CIK0000789019.json,hyperscaler
2019-01-01,2019-03-31,2019,Q3,2019Q1,MSFT,revenue,30571000000.0,USD,RevenueFromContractWithCustomerExcludingAssessedTax,reported,0001564590-20-034944,10-K,2020-07-30,https://data.sec.gov/api/xbrl/companyfacts/CIK0000789019.json,hyperscaler
2019-04-01,2019-06-30,2019,Q4,2019Q2,MSFT,revenue,33717000000.0,USD,RevenueFromContractWithCustomerExcludingAssessedTax,reported,0001564590-20-034944,10-K,2020-07-30,https://data.sec.gov/api/xbrl/companyfacts/CIK0000789019.json,hyperscaler
2019-07-01,2019-09-30,2020,Q1,2019Q3,MSFT,revenue,33055000000.0,USD,RevenueFromContractWithCustomerExcludingAssessedTax,reported,0001564590-20-047996,10-Q,2020-10-27,https://data.sec.gov/api/xbrl/companyfacts/CIK0000789019.json,hyperscaler
2019-10-01,2019-12-31,2020,Q2,2019Q4,MSFT,revenue,36906000000.0,USD,RevenueFromContractWithCustomerExcludingAssessedTax,reported,0001564590-21-002316,10-Q,2021-01-26,https://data.sec.gov/api/xbrl/companyfacts/CIK0000789019.json,hyperscaler
2020-01-01,2020-03-31,2020,Q3,2020Q1,MSFT,revenue,35021000000.0,USD,RevenueFromContractWithCustomerExcludingAssessedTax,reported,0001564590-21-020891,10-Q,2021-04-27,https://data.sec.gov/api/xbrl/companyfacts/CIK0000789019.json,hyperscaler
2020-04-01,2020-06-30,2020,Q4,2020Q2,MSFT,revenue,38033000000.0,USD,RevenueFromContractWithCustomerExcludingAssessedTax,reported,0001564590-20-034944,10-K,2020-07-30,https://data.sec.gov/api/xbrl/companyfacts/CIK0000789019.json,hyperscaler
2020-07-01,2020-09-30,2021,Q1,2020Q3,MSFT,revenue,37154000000.0,USD,RevenueFromContractWithCustomerExcludingAssessedTax,reported,0001564590-21-051992,10-Q,2021-10-26,https://data.sec.gov/api/xbrl/companyfacts/CIK0000789019.json,hyperscaler
2020-10-01,2020-12-31,2021,Q2,2020Q4,MSFT,revenue,43076000000.0,USD,RevenueFromContractWithCustomerExcludingAssessedTax,reported,0001564590-22-002324,10-Q,2022-01-25,https://data.sec.gov/api/xbrl/companyfacts/CIK0000789019.json,hyperscaler
2021-01-01,2021-03-31,2021,Q3,2021Q1,MSFT,revenue,41706000000.0,USD,RevenueFromContractWithCustomerExcludingAssessedTax,reported,0001564590-22-015675,10-Q,2022-04-26,https://data.sec.gov/api/xbrl/companyfacts/CIK0000789019.json,hyperscaler
2021-04-01,2021-06-30,2021,Q4,2021Q2,MSFT,revenue,46152000000.0,USD,RevenueFromContractWithCustomerExcludingAssessedTax,ytd_diff,0000950170-23-035122,10-K,2023-07-27,https://data.sec.gov/api/xbrl/companyfacts/CIK0000789019.json,hyperscaler
2021-07-01,2021-09-30,2022,Q1,2021Q3,MSFT,revenue,45317000000.0,USD,RevenueFromContractWithCustomerExcludingAssessedTax,reported,0001564590-22-035087,10-Q,2022-10-25,https://data.sec.gov/api/xbrl/companyfacts/CIK0000789019.json,hyperscaler
2021-10-01,2021-12-31,2022,Q2,2021Q4,MSFT,revenue,51728000000.0,USD,RevenueFromContractWithCustomerExcludingAssessedTax,reported,0001564590-23-000733,10-Q,2023-01-24,https://data.sec.gov/api/xbrl/companyfacts/CIK0000789019.json,hyperscaler
2022-01-01,2022-03-31,2022,Q3,2022Q1,MSFT,revenue,49360000000.0,USD,RevenueFromContractWithCustomerExcludingAssessedTax,reported,0000950170-23-014423,10-Q,2023-04-25,https://data.sec.gov/api/xbrl/companyfacts/CIK0000789019.json,hyperscaler
2022-04-01,2022-06-30,2022,Q4,2022Q2,MSFT,revenue,51865000000.0,USD,RevenueFromContractWithCustomerExcludingAssessedTax,ytd_diff,0000950170-24-087843,10-K,2024-07-30,https://data.sec.gov/api/xbrl/companyfacts/CIK0000789019.json,hyperscaler
2022-07-01,2022-09-30,2023,Q1,2022Q3,MSFT,revenue,50122000000.0,USD,RevenueFromContractWithCustomerExcludingAssessedTax,reported,0000950170-23-054855,10-Q,2023-10-24,https://data.sec.gov/api/xbrl/companyfacts/CIK0000789019.json,hyperscaler
2022-10-01,2022-12-31,2023,Q2,2022Q4,MSFT,revenue,52747000000.0,USD,RevenueFromContractWithCustomerExcludingAssessedTax,reported,0000950170-24-008814,10-Q,2024-01-30,https://data.sec.gov/api/xbrl/companyfacts/CIK0000789019.json,hyperscaler
2023-01-01,2023-03-31,2023,Q3,2023Q1,MSFT,revenue,52857000000.0,USD,RevenueFromContractWithCustomerExcludingAssessedTax,reported,0000950170-24-048288,10-Q,2024-04-25,https://data.sec.gov/api/xbrl/companyfacts/CIK0000789019.json,hyperscaler
2023-04-01,2023-06-30,2023,Q4,2023Q2,MSFT,revenue,56189000000.0,USD,RevenueFromContractWithCustomerExcludingAssessedTax,ytd_diff,0000950170-25-100235,10-K,2025-07-30,https://data.sec.gov/api/xbrl/companyfacts/CIK0000789019.json,hyperscaler
2023-07-01,2023-09-30,2024,Q1,2023Q3,MSFT,revenue,56517000000.0,USD,RevenueFromContractWithCustomerExcludingAssessedTax,reported,0000950170-24-118967,10-Q,2024-10-30,https://data.sec.gov/api/xbrl/companyfacts/CIK0000789019.json,hyperscaler
2023-10-01,2023-12-31,2024,Q2,2023Q4,MSFT,revenue,62020000000.0,USD,RevenueFromContractWithCustomerExcludingAssessedTax,reported,0000950170-25-010491,10-Q,2025-01-29,https://data.sec.gov/api/xbrl/companyfacts/CIK0000789019.json,hyperscaler
2024-01-01,2024-03-31,2024,Q3,2024Q1,MSFT,revenue,61858000000.0,USD,RevenueFromContractWithCustomerExcludingAssessedTax,reported,0000950170-25-061046,10-Q,2025-04-30,https://data.sec.gov/api/xbrl/companyfacts/CIK0000789019.json,hyperscaler
2024-04-01,2024-06-30,2024,Q4,2024Q2,MSFT,revenue,64727000000.0,USD,RevenueFromContractWithCustomerExcludingAssessedTax,ytd_diff,0001193125-26-323660,10-K,2026-07-29,https://data.sec.gov/api/xbrl/companyfacts/CIK0000789019.json,hyperscaler
2024-07-01,2024-09-30,2025,Q1,2024Q3,MSFT,revenue,65585000000.0,USD,RevenueFromContractWithCustomerExcludingAssessedTax,reported,0001193125-25-256321,10-Q,2025-10-29,https://data.sec.gov/api/xbrl/companyfacts/CIK0000789019.json,hyperscaler
2024-10-01,2024-12-31,2025,Q2,2024Q4,MSFT,revenue,69632000000.0,USD,RevenueFromContractWithCustomerExcludingAssessedTax,reported,0001193125-26-027207,10-Q,2026-01-28,https://data.sec.gov/api/xbrl/companyfacts/CIK0000789019.json,hyperscaler
2025-01-01,2025-03-31,2025,Q3,2025Q1,MSFT,revenue,70066000000.0,USD,RevenueFromContractWithCustomerExcludingAssessedTax,reported,0001193125-26-191507,10-Q,2026-04-29,https://data.sec.gov/api/xbrl/companyfacts/CIK0000789019.json,hyperscaler
2025-04-01,2025-06-30,2025,Q4,2025Q2,MSFT,revenue,76441000000.0,USD,RevenueFromContractWithCustomerExcludingAssessedTax,ytd_diff,0001193125-26-323660,10-K,2026-07-29,https://data.sec.gov/api/xbrl/companyfacts/CIK0000789019.json,hyperscaler
2025-07-01,2025-09-30,2026,Q1,2025Q3,MSFT,revenue,77673000000.0,USD,RevenueFromContractWithCustomerExcludingAssessedTax,reported,0001193125-25-256321,10-Q,2025-10-29,https://data.sec.gov/api/xbrl/companyfacts/CIK0000789019.json,hyperscaler
2025-10-01,2025-12-31,2026,Q2,2025Q4,MSFT,revenue,81273000000.0,USD,RevenueFromContractWithCustomerExcludingAssessedTax,reported,0001193125-26-027207,10-Q,2026-01-28,https://data.sec.gov/api/xbrl/companyfacts/CIK0000789019.json,hyperscaler
2026-01-01,2026-03-31,2026,Q3,2026Q1,MSFT,revenue,82886000000.0,USD,RevenueFromContractWithCustomerExcludingAssessedTax,reported,0001193125-26-191507,10-Q,2026-04-29,https://data.sec.gov/api/xbrl/companyfacts/CIK0000789019.json,hyperscaler
2026-04-01,2026-06-30,2026,Q4,2026Q2,MSFT,revenue,90007000000.0,USD,RevenueFromContractWithCustomerExcludingAssessedTax,ytd_diff,0001193125-26-323660,10-K,2026-07-29,https://data.sec.gov/api/xbrl/companyfacts/CIK0000789019.json,hyperscaler
2013-11-29,2014-02-27,2014,Q2,2014Q1,MU,capex,565000000.0,USD,PaymentsToAcquirePropertyPlantAndEquipment,ytd_diff,0000723125-15-000039,10-Q,2015-04-10,https://data.sec.gov/api/xbrl/companyfacts/CIK0000723125.json,memory (DRAM+NAND)
2014-02-28,2014-05-29,2014,Q3,2014Q2,MU,capex,566000000.0,USD,PaymentsToAcquirePropertyPlantAndEquipment,ytd_diff,0000723125-15-000063,10-Q,2015-07-10,https://data.sec.gov/api/xbrl/companyfacts/CIK0000723125.json,memory (DRAM+NAND)
2014-05-30,2014-08-28,2014,Q4,2014Q3,MU,capex,1307000000.0,USD,PaymentsToAcquirePropertyPlantAndEquipment,ytd_diff,0000723125-16-000269,10-K,2016-10-28,https://data.sec.gov/api/xbrl/companyfacts/CIK0000723125.json,memory (DRAM+NAND)
2014-08-29,2014-12-04,2015,Q1,2014Q4,MU,capex,669000000.0,USD,PaymentsToAcquirePropertyPlantAndEquipment,reported,0000723125-16-000146,10-Q,2016-01-08,https://data.sec.gov/api/xbrl/companyfacts/CIK0000723125.json,memory (DRAM+NAND)
2014-12-05,2015-03-05,2015,Q2,2015Q1,MU,capex,853000000.0,USD,PaymentsToAcquirePropertyPlantAndEquipment,ytd_diff,0000723125-16-000176,10-Q,2016-04-08,https://data.sec.gov/api/xbrl/companyfacts/CIK0000723125.json,memory (DRAM+NAND)
2015-03-06,2015-06-04,2015,Q3,2015Q2,MU,capex,734000000.0,USD,PaymentsToAcquirePropertyPlantAndEquipment,ytd_diff,0000723125-16-000201,10-Q,2016-07-06,https://data.sec.gov/api/xbrl/companyfacts/CIK0000723125.json,memory (DRAM+NAND)
2015-06-05,2015-09-03,2015,Q4,2015Q3,MU,capex,1765000000.0,USD,PaymentsToAcquirePropertyPlantAndEquipment,ytd_diff,0000723125-17-000131,10-K,2017-10-26,https://data.sec.gov/api/xbrl/companyfacts/CIK0000723125.json,memory (DRAM+NAND)
2015-09-04,2015-12-03,2016,Q1,2015Q4,MU,capex,990000000.0,USD,PaymentsToAcquirePropertyPlantAndEquipment,reported,0000723125-17-000005,10-Q,2017-01-09,https://data.sec.gov/api/xbrl/companyfacts/CIK0000723125.json,memory (DRAM+NAND)
2015-12-04,2016-03-03,2016,Q2,2016Q1,MU,capex,1219000000.0,USD,PaymentsToAcquirePropertyPlantAndEquipment,ytd_diff,0000723125-17-000037,10-Q,2017-03-28,https://data.sec.gov/api/xbrl/companyfacts/CIK0000723125.json,memory (DRAM+NAND)
2016-03-04,2016-06-02,2016,Q3,2016Q2,MU,capex,1685000000.0,USD,PaymentsToAcquirePropertyPlantAndEquipment,ytd_diff,0000723125-17-000085,10-Q,2017-06-30,https://data.sec.gov/api/xbrl/companyfacts/CIK0000723125.json,memory (DRAM+NAND)
2016-06-03,2016-09-01,2016,Q4,2016Q3,MU,capex,1923000000.0,USD,PaymentsToAcquirePropertyPlantAndEquipment,ytd_diff,0000723125-18-000092,10-K,2018-10-15,https://data.sec.gov/api/xbrl/companyfacts/CIK0000723125.json,memory (DRAM+NAND)
2016-09-02,2016-12-01,2017,Q1,2016Q4,MU,capex,1264000000.0,USD,PaymentsToAcquirePropertyPlantAndEquipment,reported,0000723125-17-000166,10-Q,2017-12-20,https://data.sec.gov/api/xbrl/companyfacts/CIK0000723125.json,memory (DRAM+NAND)
2016-12-02,2017-03-02,2017,Q2,2017Q1,MU,capex,1164000000.0,USD,PaymentsToAcquirePropertyPlantAndEquipment,ytd_diff,0000723125-18-000036,10-Q,2018-03-23,https://data.sec.gov/api/xbrl/companyfacts/CIK0000723125.json,memory (DRAM+NAND)
2017-03-03,2017-06-01,2017,Q3,2017Q2,MU,capex,1041000000.0,USD,PaymentsToAcquirePropertyPlantAndEquipment,ytd_diff,0000723125-18-000065,10-Q,2018-06-22,https://data.sec.gov/api/xbrl/companyfacts/CIK0000723125.json,memory (DRAM+NAND)
2017-06-02,2017-08-31,2017,Q4,2017Q3,MU,capex,1265000000.0,USD,PaymentsToAcquirePropertyPlantAndEquipment,ytd_diff,0000723125-19-000094,10-K,2019-10-17,https://data.sec.gov/api/xbrl/companyfacts/CIK0000723125.json,memory (DRAM+NAND)
2017-09-01,2017-11-30,2018,Q1,2017Q4,MU,capex,1956000000.0,USD,PaymentsToAcquirePropertyPlantAndEquipment,reported,0000723125-18-000156,10-Q,2018-12-19,https://data.sec.gov/api/xbrl/companyfacts/CIK0000723125.json,memory (DRAM+NAND)
2017-12-01,2018-03-01,2018,Q2,2018Q1,MU,capex,2261000000.0,USD,PaymentsToAcquirePropertyPlantAndEquipment,ytd_diff,0000723125-19-000014,10-Q,2019-03-21,https://data.sec.gov/api/xbrl/companyfacts/CIK0000723125.json,memory (DRAM+NAND)
2018-03-02,2018-05-31,2018,Q3,2018Q2,MU,capex,2411000000.0,USD,PaymentsToAcquirePropertyPlantAndEquipment,ytd_diff,0000723125-19-000035,10-Q,2019-06-26,https://data.sec.gov/api/xbrl/companyfacts/CIK0000723125.json,memory (DRAM+NAND)
2018-06-01,2018-08-30,2018,Q4,2018Q3,MU,capex,2251000000.0,USD,PaymentsToAcquirePropertyPlantAndEquipment,ytd_diff,0000723125-20-000082,10-K,2020-10-19,https://data.sec.gov/api/xbrl/companyfacts/CIK0000723125.json,memory (DRAM+NAND)
2018-08-31,2018-11-29,2019,Q1,2018Q4,MU,capex,2700000000.0,USD,PaymentsToAcquirePropertyPlantAndEquipment,reported,0000723125-19-000174,10-Q,2019-12-20,https://data.sec.gov/api/xbrl/companyfacts/CIK0000723125.json,memory (DRAM+NAND)
2018-11-30,2019-02-28,2019,Q2,2019Q1,MU,capex,2649000000.0,USD,PaymentsToAcquirePropertyPlantAndEquipment,ytd_diff,0000723125-20-000034,10-Q,2020-03-26,https://data.sec.gov/api/xbrl/companyfacts/CIK0000723125.json,memory (DRAM+NAND)
2019-03-01,2019-05-30,2019,Q3,2019Q2,MU,capex,2403000000.0,USD,PaymentsToAcquirePropertyPlantAndEquipment,ytd_diff,0000723125-20-000067,10-Q,2020-06-29,https://data.sec.gov/api/xbrl/companyfacts/CIK0000723125.json,memory (DRAM+NAND)
2019-05-31,2019-08-29,2019,Q4,2019Q3,MU,capex,2028000000.0,USD,PaymentsToAcquirePropertyPlantAndEquipment,ytd_diff,0000723125-21-000065,10-K,2021-10-08,https://data.sec.gov/api/xbrl/companyfacts/CIK0000723125.json,memory (DRAM+NAND)
2019-08-30,2019-11-28,2020,Q1,2019Q4,MU,capex,1943000000.0,USD,PaymentsToAcquirePropertyPlantAndEquipment,reported,0000723125-21-000012,10-Q,2021-01-08,https://data.sec.gov/api/xbrl/companyfacts/CIK0000723125.json,memory (DRAM+NAND)
2019-11-29,2020-02-27,2020,Q2,2020Q1,MU,capex,2056000000.0,USD,PaymentsToAcquirePropertyPlantAndEquipment,ytd_diff,0000723125-21-000032,10-Q,2021-04-01,https://data.sec.gov/api/xbrl/companyfacts/CIK0000723125.json,memory (DRAM+NAND)
2020-02-28,2020-05-28,2020,Q3,2020Q2,MU,capex,1944000000.0,USD,PaymentsToAcquirePropertyPlantAndEquipment,ytd_diff,0000723125-21-000052,10-Q,2021-07-01,https://data.sec.gov/api/xbrl/companyfacts/CIK0000723125.json,memory (DRAM+NAND)
2020-05-29,2020-09-03,2020,Q4,2020Q3,MU,capex,2280000000.0,USD,PaymentsToAcquirePropertyPlantAndEquipment,ytd_diff,0000723125-22-000048,10-K,2022-10-07,https://data.sec.gov/api/xbrl/companyfacts/CIK0000723125.json,memory (DRAM+NAND)
2020-09-04,2020-12-03,2021,Q1,2020Q4,MU,capex,2738000000.0,USD,PaymentsToAcquirePropertyPlantAndEquipment,reported,0000723125-22-000004,10-Q,2022-01-06,https://data.sec.gov/api/xbrl/companyfacts/CIK0000723125.json,memory (DRAM+NAND)
2020-12-04,2021-03-04,2021,Q2,2021Q1,MU,capex,3018000000.0,USD,PaymentsToAcquirePropertyPlantAndEquipment,ytd_diff,0000723125-22-000016,10-Q,2022-03-30,https://data.sec.gov/api/xbrl/companyfacts/CIK0000723125.json,memory (DRAM+NAND)
2021-03-05,2021-06-03,2021,Q3,2021Q2,MU,capex,2259000000.0,USD,PaymentsToAcquirePropertyPlantAndEquipment,ytd_diff,0000723125-22-000036,10-Q,2022-07-01,https://data.sec.gov/api/xbrl/companyfacts/CIK0000723125.json,memory (DRAM+NAND)
2021-06-04,2021-09-02,2021,Q4,2021Q3,MU,capex,2015000000.0,USD,PaymentsToAcquirePropertyPlantAndEquipment,ytd_diff,0000723125-23-000054,10-K,2023-10-06,https://data.sec.gov/api/xbrl/companyfacts/CIK0000723125.json,memory (DRAM+NAND)
2021-09-03,2021-12-02,2022,Q1,2021Q4,MU,capex,3265000000.0,USD,PaymentsToAcquirePropertyPlantAndEquipment,reported,0000723125-22-000072,10-Q,2022-12-22,https://data.sec.gov/api/xbrl/companyfacts/CIK0000723125.json,memory (DRAM+NAND)
2021-12-03,2022-03-03,2022,Q2,2022Q1,MU,capex,2611000000.0,USD,PaymentsToAcquirePropertyPlantAndEquipment,ytd_diff,0000723125-23-000022,10-Q,2023-03-29,https://data.sec.gov/api/xbrl/companyfacts/CIK0000723125.json,memory (DRAM+NAND)
2022-03-04,2022-06-02,2022,Q3,2022Q2,MU,capex,2578000000.0,USD,PaymentsToAcquirePropertyPlantAndEquipment,ytd_diff,0000723125-23-000041,10-Q,2023-06-29,https://data.sec.gov/api/xbrl/companyfacts/CIK0000723125.json,memory (DRAM+NAND)
2022-06-03,2022-09-01,2022,Q4,2022Q3,MU,capex,3613000000.0,USD,PaymentsToAcquirePropertyPlantAndEquipment,ytd_diff,0000723125-24-000027,10-K,2024-10-04,https://data.sec.gov/api/xbrl/companyfacts/CIK0000723125.json,memory (DRAM+NAND)
2022-09-02,2022-12-01,2023,Q1,2022Q4,MU,capex,2449000000.0,USD,PaymentsToAcquirePropertyPlantAndEquipment,reported,0000723125-23-000077,10-Q,2023-12-21,https://data.sec.gov/api/xbrl/companyfacts/CIK0000723125.json,memory (DRAM+NAND)
2022-12-02,2023-03-02,2023,Q2,2023Q1,MU,capex,2205000000.0,USD,PaymentsToAcquirePropertyPlantAndEquipment,ytd_diff,0000723125-24-000007,10-Q,2024-03-21,https://data.sec.gov/api/xbrl/companyfacts/CIK0000723125.json,memory (DRAM+NAND)
2023-03-03,2023-06-01,2023,Q3,2023Q2,MU,capex,1561000000.0,USD,PaymentsToAcquirePropertyPlantAndEquipment,ytd_diff,0000723125-24-000019,10-Q,2024-06-27,https://data.sec.gov/api/xbrl/companyfacts/CIK0000723125.json,memory (DRAM+NAND)
2023-06-02,2023-08-31,2023,Q4,2023Q3,MU,capex,1461000000.0,USD,PaymentsToAcquirePropertyPlantAndEquipment,ytd_diff,0000723125-25-000028,10-K,2025-10-03,https://data.sec.gov/api/xbrl/companyfacts/CIK0000723125.json,memory (DRAM+NAND)
2023-09-01,2023-11-30,2024,Q1,2023Q4,MU,capex,1796000000.0,USD,PaymentsToAcquirePropertyPlantAndEquipment,reported,0000723125-24-000047,10-Q,2024-12-19,https://data.sec.gov/api/xbrl/companyfacts/CIK0000723125.json,memory (DRAM+NAND)
2023-12-01,2024-02-29,2024,Q2,2024Q1,MU,capex,1384000000.0,USD,PaymentsToAcquirePropertyPlantAndEquipment,ytd_diff,0000723125-25-000009,10-Q,2025-03-21,https://data.sec.gov/api/xbrl/companyfacts/CIK0000723125.json,memory (DRAM+NAND)
2024-03-01,2024-05-30,2024,Q3,2024Q2,MU,capex,2086000000.0,USD,PaymentsToAcquirePropertyPlantAndEquipment,ytd_diff,0000723125-25-000021,10-Q,2025-06-26,https://data.sec.gov/api/xbrl/companyfacts/CIK0000723125.json,memory (DRAM+NAND)
2024-05-31,2024-08-29,2024,Q4,2024Q3,MU,capex,3120000000.0,USD,PaymentsToAcquirePropertyPlantAndEquipment,ytd_diff,0000723125-25-000028,10-K,2025-10-03,https://data.sec.gov/api/xbrl/companyfacts/CIK0000723125.json,memory (DRAM+NAND)
2024-08-30,2024-11-28,2025,Q1,2024Q4,MU,capex,3206000000.0,USD,PaymentsToAcquirePropertyPlantAndEquipment,reported,0000723125-25-000046,10-Q,2025-12-18,https://data.sec.gov/api/xbrl/companyfacts/CIK0000723125.json,memory (DRAM+NAND)
2024-11-29,2025-02-27,2025,Q2,2025Q1,MU,capex,4055000000.0,USD,PaymentsToAcquirePropertyPlantAndEquipment,ytd_diff,0000723125-26-000006,10-Q,2026-03-19,https://data.sec.gov/api/xbrl/companyfacts/CIK0000723125.json,memory (DRAM+NAND)
2025-02-28,2025-05-29,2025,Q3,2025Q2,MU,capex,2938000000.0,USD,PaymentsToAcquirePropertyPlantAndEquipment,ytd_diff,0000723125-26-000015,10-Q,2026-06-25,https://data.sec.gov/api/xbrl/companyfacts/CIK0000723125.json,memory (DRAM+NAND)
2025-05-30,2025-08-28,2025,Q4,2025Q3,MU,capex,5658000000.0,USD,PaymentsToAcquirePropertyPlantAndEquipment,ytd_diff,0000723125-25-000028,10-K,2025-10-03,https://data.sec.gov/api/xbrl/companyfacts/CIK0000723125.json,memory (DRAM+NAND)
2025-08-29,2025-11-27,2026,Q1,2025Q4,MU,capex,5389000000.0,USD,PaymentsToAcquirePropertyPlantAndEquipment,reported,0000723125-25-000046,10-Q,2025-12-18,https://data.sec.gov/api/xbrl/companyfacts/CIK0000723125.json,memory (DRAM+NAND)
2025-11-28,2026-02-26,2026,Q2,2026Q1,MU,capex,6387000000.0,USD,PaymentsToAcquirePropertyPlantAndEquipment,ytd_diff,0000723125-26-000006,10-Q,2026-03-19,https://data.sec.gov/api/xbrl/companyfacts/CIK0000723125.json,memory (DRAM+NAND)
2026-02-27,2026-05-28,2026,Q3,2026Q2,MU,capex,7826000000.0,USD,PaymentsToAcquirePropertyPlantAndEquipment,ytd_diff,0000723125-26-000015,10-Q,2026-06-25,https://data.sec.gov/api/xbrl/companyfacts/CIK0000723125.json,memory (DRAM+NAND)
2013-11-29,2014-02-27,2014,Q2,2014Q1,MU,cost_of_revenue,2704000000.0,USD,CostOfGoodsAndServicesSold,reported,0000723125-15-000039,10-Q,2015-04-10,https://data.sec.gov/api/xbrl/companyfacts/CIK0000723125.json,memory (DRAM+NAND)
2014-02-28,2014-05-29,2014,Q3,2014Q2,MU,cost_of_revenue,2614000000.0,USD,CostOfGoodsAndServicesSold,reported,0000723125-15-000063,10-Q,2015-07-10,https://data.sec.gov/api/xbrl/companyfacts/CIK0000723125.json,memory (DRAM+NAND)
2014-05-30,2014-08-28,2014,Q4,2014Q3,MU,cost_of_revenue,2842000000.0,USD,CostOfGoodsAndServicesSold,ytd_diff,0000723125-16-000269,10-K,2016-10-28,https://data.sec.gov/api/xbrl/companyfacts/CIK0000723125.json,memory (DRAM+NAND)
2014-08-29,2014-12-04,2015,Q1,2014Q4,MU,cost_of_revenue,2935000000.0,USD,CostOfGoodsAndServicesSold,reported,0000723125-16-000146,10-Q,2016-01-08,https://data.sec.gov/api/xbrl/companyfacts/CIK0000723125.json,memory (DRAM+NAND)
2014-12-05,2015-03-05,2015,Q2,2015Q1,MU,cost_of_revenue,2761000000.0,USD,CostOfGoodsAndServicesSold,reported,0000723125-16-000176,10-Q,2016-04-08,https://data.sec.gov/api/xbrl/companyfacts/CIK0000723125.json,memory (DRAM+NAND)
2015-03-06,2015-06-04,2015,Q3,2015Q2,MU,cost_of_revenue,2651000000.0,USD,CostOfGoodsAndServicesSold,reported,0000723125-16-000201,10-Q,2016-07-06,https://data.sec.gov/api/xbrl/companyfacts/CIK0000723125.json,memory (DRAM+NAND)
2015-06-05,2015-09-03,2015,Q4,2015Q3,MU,cost_of_revenue,2630000000.0,USD,CostOfGoodsAndServicesSold,ytd_diff,0000723125-17-000131,10-K,2017-10-26,https://data.sec.gov/api/xbrl/companyfacts/CIK0000723125.json,memory (DRAM+NAND)
2015-09-04,2015-12-03,2016,Q1,2015Q4,MU,cost_of_revenue,2501000000.0,USD,CostOfGoodsAndServicesSold,reported,0000723125-17-000005,10-Q,2017-01-09,https://data.sec.gov/api/xbrl/companyfacts/CIK0000723125.json,memory (DRAM+NAND)
2015-12-04,2016-03-03,2016,Q2,2016Q1,MU,cost_of_revenue,2355000000.0,USD,CostOfGoodsAndServicesSold,reported,0000723125-17-000037,10-Q,2017-03-28,https://data.sec.gov/api/xbrl/companyfacts/CIK0000723125.json,memory (DRAM+NAND)
2016-03-04,2016-06-02,2016,Q3,2016Q2,MU,cost_of_revenue,2400000000.0,USD,CostOfGoodsAndServicesSold,reported,0000723125-17-000085,10-Q,2017-06-30,https://data.sec.gov/api/xbrl/companyfacts/CIK0000723125.json,memory (DRAM+NAND)
2016-06-03,2016-09-01,2016,Q4,2016Q3,MU,cost_of_revenue,2638000000.0,USD,CostOfGoodsAndServicesSold,ytd_diff,0000723125-18-000092,10-K,2018-10-15,https://data.sec.gov/api/xbrl/companyfacts/CIK0000723125.json,memory (DRAM+NAND)
2016-09-02,2016-12-01,2017,Q1,2016Q4,MU,cost_of_revenue,2959000000.0,USD,CostOfGoodsAndServicesSold,reported,0000723125-17-000166,10-Q,2017-12-20,https://data.sec.gov/api/xbrl/companyfacts/CIK0000723125.json,memory (DRAM+NAND)
2016-12-02,2017-03-02,2017,Q2,2017Q1,MU,cost_of_revenue,2944000000.0,USD,CostOfGoodsAndServicesSold,reported,0000723125-18-000036,10-Q,2018-03-23,https://data.sec.gov/api/xbrl/companyfacts/CIK0000723125.json,memory (DRAM+NAND)
2017-03-03,2017-06-01,2017,Q3,2017Q2,MU,cost_of_revenue,2957000000.0,USD,CostOfGoodsAndServicesSold,reported,0000723125-18-000065,10-Q,2018-06-22,https://data.sec.gov/api/xbrl/companyfacts/CIK0000723125.json,memory (DRAM+NAND)
2017-06-02,2017-08-31,2017,Q4,2017Q3,MU,cost_of_revenue,3026000000.0,USD,CostOfGoodsAndServicesSold,ytd_diff,0000723125-19-000094,10-K,2019-10-17,https://data.sec.gov/api/xbrl/companyfacts/CIK0000723125.json,memory (DRAM+NAND)
2017-09-01,2017-11-30,2018,Q1,2017Q4,MU,cost_of_revenue,3056000000.0,USD,CostOfGoodsAndServicesSold,reported,0000723125-18-000156,10-Q,2018-12-19,https://data.sec.gov/api/xbrl/companyfacts/CIK0000723125.json,memory (DRAM+NAND)
2017-12-01,2018-03-01,2018,Q2,2018Q1,MU,cost_of_revenue,3081000000.0,USD,CostOfGoodsAndServicesSold,reported,0000723125-19-000014,10-Q,2019-03-21,https://data.sec.gov/api/xbrl/companyfacts/CIK0000723125.json,memory (DRAM+NAND)
2018-03-02,2018-05-31,2018,Q3,2018Q2,MU,cost_of_revenue,3074000000.0,USD,CostOfGoodsAndServicesSold,reported,0000723125-19-000035,10-Q,2019-06-26,https://data.sec.gov/api/xbrl/companyfacts/CIK0000723125.json,memory (DRAM+NAND)
2018-06-01,2018-08-30,2018,Q4,2018Q3,MU,cost_of_revenue,3289000000.0,USD,CostOfGoodsAndServicesSold,ytd_diff,0000723125-20-000082,10-K,2020-10-19,https://data.sec.gov/api/xbrl/companyfacts/CIK0000723125.json,memory (DRAM+NAND)
2018-08-31,2018-11-29,2019,Q1,2018Q4,MU,cost_of_revenue,3298000000.0,USD,CostOfGoodsAndServicesSold,reported,0000723125-19-000174,10-Q,2019-12-20,https://data.sec.gov/api/xbrl/companyfacts/CIK0000723125.json,memory (DRAM+NAND)
2018-11-30,2019-02-28,2019,Q2,2019Q1,MU,cost_of_revenue,2971000000.0,USD,CostOfGoodsAndServicesSold,reported,0000723125-20-000034,10-Q,2020-03-26,https://data.sec.gov/api/xbrl/companyfacts/CIK0000723125.json,memory (DRAM+NAND)
2019-03-01,2019-05-30,2019,Q3,2019Q2,MU,cost_of_revenue,2960000000.0,USD,CostOfGoodsAndServicesSold,reported,0000723125-20-000067,10-Q,2020-06-29,https://data.sec.gov/api/xbrl/companyfacts/CIK0000723125.json,memory (DRAM+NAND)
2019-05-31,2019-08-29,2019,Q4,2019Q3,MU,cost_of_revenue,3475000000.0,USD,CostOfGoodsAndServicesSold,ytd_diff,0000723125-21-000065,10-K,2021-10-08,https://data.sec.gov/api/xbrl/companyfacts/CIK0000723125.json,memory (DRAM+NAND)
2019-08-30,2019-11-28,2020,Q1,2019Q4,MU,cost_of_revenue,3778000000.0,USD,CostOfGoodsAndServicesSold,reported,0000723125-21-000012,10-Q,2021-01-08,https://data.sec.gov/api/xbrl/companyfacts/CIK0000723125.json,memory (DRAM+NAND)
2019-11-29,2020-02-27,2020,Q2,2020Q1,MU,cost_of_revenue,3442000000.0,USD,CostOfGoodsAndServicesSold,reported,0000723125-21-000032,10-Q,2021-04-01,https://data.sec.gov/api/xbrl/companyfacts/CIK0000723125.json,memory (DRAM+NAND)
2020-02-28,2020-05-28,2020,Q3,2020Q2,MU,cost_of_revenue,3675000000.0,USD,CostOfGoodsAndServicesSold,reported,0000723125-21-000052,10-Q,2021-07-01,https://data.sec.gov/api/xbrl/companyfacts/CIK0000723125.json,memory (DRAM+NAND)
2020-05-29,2020-09-03,2020,Q4,2020Q3,MU,cost_of_revenue,3988000000.0,USD,CostOfGoodsAndServicesSold,ytd_diff,0000723125-22-000048,10-K,2022-10-07,https://data.sec.gov/api/xbrl/companyfacts/CIK0000723125.json,memory (DRAM+NAND)
2020-09-04,2020-12-03,2021,Q1,2020Q4,MU,cost_of_revenue,4037000000.0,USD,CostOfGoodsAndServicesSold,reported,0000723125-22-000004,10-Q,2022-01-06,https://data.sec.gov/api/xbrl/companyfacts/CIK0000723125.json,memory (DRAM+NAND)
2020-12-04,2021-03-04,2021,Q2,2021Q1,MU,cost_of_revenue,4587000000.0,USD,CostOfGoodsAndServicesSold,reported,0000723125-22-000016,10-Q,2022-03-30,https://data.sec.gov/api/xbrl/companyfacts/CIK0000723125.json,memory (DRAM+NAND)
2021-03-05,2021-06-03,2021,Q3,2021Q2,MU,cost_of_revenue,4296000000.0,USD,CostOfGoodsAndServicesSold,reported,0000723125-22-000036,10-Q,2022-07-01,https://data.sec.gov/api/xbrl/companyfacts/CIK0000723125.json,memory (DRAM+NAND)
2021-06-04,2021-09-02,2021,Q4,2021Q3,MU,cost_of_revenue,4362000000.0,USD,CostOfGoodsAndServicesSold,ytd_diff,0000723125-23-000054,10-K,2023-10-06,https://data.sec.gov/api/xbrl/companyfacts/CIK0000723125.json,memory (DRAM+NAND)
2021-09-03,2021-12-02,2022,Q1,2021Q4,MU,cost_of_revenue,4122000000.0,USD,CostOfGoodsAndServicesSold,reported,0000723125-22-000072,10-Q,2022-12-22,https://data.sec.gov/api/xbrl/companyfacts/CIK0000723125.json,memory (DRAM+NAND)
2021-12-03,2022-03-03,2022,Q2,2022Q1,MU,cost_of_revenue,4110000000.0,USD,CostOfGoodsAndServicesSold,reported,0000723125-23-000022,10-Q,2023-03-29,https://data.sec.gov/api/xbrl/companyfacts/CIK0000723125.json,memory (DRAM+NAND)
2022-03-04,2022-06-02,2022,Q3,2022Q2,MU,cost_of_revenue,4607000000.0,USD,CostOfGoodsAndServicesSold,reported,0000723125-23-000041,10-Q,2023-06-29,https://data.sec.gov/api/xbrl/companyfacts/CIK0000723125.json,memory (DRAM+NAND)
2022-06-03,2022-09-01,2022,Q4,2022Q3,MU,cost_of_revenue,4021000000.0,USD,CostOfGoodsAndServicesSold,ytd_diff,0000723125-24-000027,10-K,2024-10-04,https://data.sec.gov/api/xbrl/companyfacts/CIK0000723125.json,memory (DRAM+NAND)
2022-09-02,2022-12-01,2023,Q1,2022Q4,MU,cost_of_revenue,3192000000.0,USD,CostOfGoodsAndServicesSold,reported,0000723125-23-000077,10-Q,2023-12-21,https://data.sec.gov/api/xbrl/companyfacts/CIK0000723125.json,memory (DRAM+NAND)
2022-12-02,2023-03-02,2023,Q2,2023Q1,MU,cost_of_revenue,4899000000.0,USD,CostOfGoodsAndServicesSold,reported,0000723125-24-000007,10-Q,2024-03-21,https://data.sec.gov/api/xbrl/companyfacts/CIK0000723125.json,memory (DRAM+NAND)
2023-03-03,2023-06-01,2023,Q3,2023Q2,MU,cost_of_revenue,4420000000.0,USD,CostOfGoodsAndServicesSold,reported,0000723125-24-000019,10-Q,2024-06-27,https://data.sec.gov/api/xbrl/companyfacts/CIK0000723125.json,memory (DRAM+NAND)
2023-06-02,2023-08-31,2023,Q4,2023Q3,MU,cost_of_revenue,4445000000.0,USD,CostOfGoodsAndServicesSold,ytd_diff,0000723125-25-000028,10-K,2025-10-03,https://data.sec.gov/api/xbrl/companyfacts/CIK0000723125.json,memory (DRAM+NAND)
2023-09-01,2023-11-30,2024,Q1,2023Q4,MU,cost_of_revenue,4761000000.0,USD,CostOfGoodsAndServicesSold,reported,0000723125-24-000047,10-Q,2024-12-19,https://data.sec.gov/api/xbrl/companyfacts/CIK0000723125.json,memory (DRAM+NAND)
2023-12-01,2024-02-29,2024,Q2,2024Q1,MU,cost_of_revenue,4745000000.0,USD,CostOfGoodsAndServicesSold,reported,0000723125-25-000009,10-Q,2025-03-21,https://data.sec.gov/api/xbrl/companyfacts/CIK0000723125.json,memory (DRAM+NAND)
2024-03-01,2024-05-30,2024,Q3,2024Q2,MU,cost_of_revenue,4979000000.0,USD,CostOfGoodsAndServicesSold,reported,0000723125-25-000021,10-Q,2025-06-26,https://data.sec.gov/api/xbrl/companyfacts/CIK0000723125.json,memory (DRAM+NAND)
2024-05-31,2024-08-29,2024,Q4,2024Q3,MU,cost_of_revenue,5013000000.0,USD,CostOfGoodsAndServicesSold,ytd_diff,0000723125-25-000028,10-K,2025-10-03,https://data.sec.gov/api/xbrl/companyfacts/CIK0000723125.json,memory (DRAM+NAND)
2024-08-30,2024-11-28,2025,Q1,2024Q4,MU,cost_of_revenue,5361000000.0,USD,CostOfGoodsAndServicesSold,reported,0000723125-25-000046,10-Q,2025-12-18,https://data.sec.gov/api/xbrl/companyfacts/CIK0000723125.json,memory (DRAM+NAND)
2024-11-29,2025-02-27,2025,Q2,2025Q1,MU,cost_of_revenue,5090000000.0,USD,CostOfGoodsAndServicesSold,reported,0000723125-26-000006,10-Q,2026-03-19,https://data.sec.gov/api/xbrl/companyfacts/CIK0000723125.json,memory (DRAM+NAND)
2025-02-28,2025-05-29,2025,Q3,2025Q2,MU,cost_of_revenue,5793000000.0,USD,CostOfGoodsAndServicesSold,reported,0000723125-26-000015,10-Q,2026-06-25,https://data.sec.gov/api/xbrl/companyfacts/CIK0000723125.json,memory (DRAM+NAND)
2025-05-30,2025-08-28,2025,Q4,2025Q3,MU,cost_of_revenue,6261000000.0,USD,CostOfGoodsAndServicesSold,ytd_diff,0000723125-25-000028,10-K,2025-10-03,https://data.sec.gov/api/xbrl/companyfacts/CIK0000723125.json,memory (DRAM+NAND)
2025-08-29,2025-11-27,2026,Q1,2025Q4,MU,cost_of_revenue,5997000000.0,USD,CostOfGoodsAndServicesSold,reported,0000723125-25-000046,10-Q,2025-12-18,https://data.sec.gov/api/xbrl/companyfacts/CIK0000723125.json,memory (DRAM+NAND)
2025-11-28,2026-02-26,2026,Q2,2026Q1,MU,cost_of_revenue,6105000000.0,USD,CostOfGoodsAndServicesSold,reported,0000723125-26-000006,10-Q,2026-03-19,https://data.sec.gov/api/xbrl/companyfacts/CIK0000723125.json,memory (DRAM+NAND)
2026-02-27,2026-05-28,2026,Q3,2026Q2,MU,cost_of_revenue,6400000000.0,USD,CostOfGoodsAndServicesSold,reported,0000723125-26-000015,10-Q,2026-06-25,https://data.sec.gov/api/xbrl/companyfacts/CIK0000723125.json,memory (DRAM+NAND)
2013-11-29,2014-02-27,2014,Q2,2014Q1,MU,gross_margin_pct,34.16,pct,,gross_profit/revenue,,,,derived from rows above,memory (DRAM+NAND)
2014-02-28,2014-05-29,2014,Q3,2014Q2,MU,gross_margin_pct,34.35,pct,,gross_profit/revenue,,,,derived from rows above,memory (DRAM+NAND)
2014-05-30,2014-08-28,2014,Q4,2014Q3,MU,gross_margin_pct,32.77,pct,,gross_profit/revenue,,,,derived from rows above,memory (DRAM+NAND)
2014-08-29,2014-12-04,2015,Q1,2014Q4,MU,gross_margin_pct,35.82,pct,,gross_profit/revenue,,,,derived from rows above,memory (DRAM+NAND)
2014-12-05,2015-03-05,2015,Q2,2015Q1,MU,gross_margin_pct,33.73,pct,,gross_profit/revenue,,,,derived from rows above,memory (DRAM+NAND)
2015-03-06,2015-06-04,2015,Q3,2015Q2,MU,gross_margin_pct,31.2,pct,,gross_profit/revenue,,,,derived from rows above,memory (DRAM+NAND)
2015-06-05,2015-09-03,2015,Q4,2015Q3,MU,gross_margin_pct,26.94,pct,,gross_profit/revenue,,,,derived from rows above,memory (DRAM+NAND)
2015-09-04,2015-12-03,2016,Q1,2015Q4,MU,gross_margin_pct,25.34,pct,,gross_profit/revenue,,,,derived from rows above,memory (DRAM+NAND)
2015-12-04,2016-03-03,2016,Q2,2016Q1,MU,gross_margin_pct,19.73,pct,,gross_profit/revenue,,,,derived from rows above,memory (DRAM+NAND)
2016-03-04,2016-06-02,2016,Q3,2016Q2,MU,gross_margin_pct,17.18,pct,,gross_profit/revenue,,,,derived from rows above,memory (DRAM+NAND)
2016-06-03,2016-09-01,2016,Q4,2016Q3,MU,gross_margin_pct,18.0,pct,,gross_profit/revenue,,,,derived from rows above,memory (DRAM+NAND)
2016-09-02,2016-12-01,2017,Q1,2016Q4,MU,gross_margin_pct,25.47,pct,,gross_profit/revenue,,,,derived from rows above,memory (DRAM+NAND)
2016-12-02,2017-03-02,2017,Q2,2017Q1,MU,gross_margin_pct,36.66,pct,,gross_profit/revenue,,,,derived from rows above,memory (DRAM+NAND)
2017-03-03,2017-06-01,2017,Q3,2017Q2,MU,gross_margin_pct,46.87,pct,,gross_profit/revenue,,,,derived from rows above,memory (DRAM+NAND)
2017-06-02,2017-08-31,2017,Q4,2017Q3,MU,gross_margin_pct,50.7,pct,,gross_profit/revenue,,,,derived from rows above,memory (DRAM+NAND)
2017-09-01,2017-11-30,2018,Q1,2017Q4,MU,gross_margin_pct,55.08,pct,,gross_profit/revenue,,,,derived from rows above,memory (DRAM+NAND)
2017-12-01,2018-03-01,2018,Q2,2018Q1,MU,gross_margin_pct,58.09,pct,,gross_profit/revenue,,,,derived from rows above,memory (DRAM+NAND)
2018-03-02,2018-05-31,2018,Q3,2018Q2,MU,gross_margin_pct,60.57,pct,,gross_profit/revenue,,,,derived from rows above,memory (DRAM+NAND)
2018-06-01,2018-08-30,2018,Q4,2018Q3,MU,gross_margin_pct,61.03,pct,,gross_profit/revenue,,,,derived from rows above,memory (DRAM+NAND)
2018-08-31,2018-11-29,2019,Q1,2018Q4,MU,gross_margin_pct,58.32,pct,,gross_profit/revenue,,,,derived from rows above,memory (DRAM+NAND)
2018-11-30,2019-02-28,2019,Q2,2019Q1,MU,gross_margin_pct,49.08,pct,,gross_profit/revenue,,,,derived from rows above,memory (DRAM+NAND)
2019-03-01,2019-05-30,2019,Q3,2019Q2,MU,gross_margin_pct,38.18,pct,,gross_profit/revenue,,,,derived from rows above,memory (DRAM+NAND)
2019-05-31,2019-08-29,2019,Q4,2019Q3,MU,gross_margin_pct,28.64,pct,,gross_profit/revenue,,,,derived from rows above,memory (DRAM+NAND)
2019-08-30,2019-11-28,2020,Q1,2019Q4,MU,gross_margin_pct,26.56,pct,,gross_profit/revenue,,,,derived from rows above,memory (DRAM+NAND)
2019-11-29,2020-02-27,2020,Q2,2020Q1,MU,gross_margin_pct,28.25,pct,,gross_profit/revenue,,,,derived from rows above,memory (DRAM+NAND)
2020-02-28,2020-05-28,2020,Q3,2020Q2,MU,gross_margin_pct,32.42,pct,,gross_profit/revenue,,,,derived from rows above,memory (DRAM+NAND)
2020-05-29,2020-09-03,2020,Q4,2020Q3,MU,gross_margin_pct,34.15,pct,,gross_profit/revenue,,,,derived from rows above,memory (DRAM+NAND)
2020-09-04,2020-12-03,2021,Q1,2020Q4,MU,gross_margin_pct,30.07,pct,,gross_profit/revenue,,,,derived from rows above,memory (DRAM+NAND)
2020-12-04,2021-03-04,2021,Q2,2021Q1,MU,gross_margin_pct,26.44,pct,,gross_profit/revenue,,,,derived from rows above,memory (DRAM+NAND)
2021-03-05,2021-06-03,2021,Q3,2021Q2,MU,gross_margin_pct,42.12,pct,,gross_profit/revenue,,,,derived from rows above,memory (DRAM+NAND)
2021-06-04,2021-09-02,2021,Q4,2021Q3,MU,gross_margin_pct,47.28,pct,,gross_profit/revenue,,,,derived from rows above,memory (DRAM+NAND)
2021-09-03,2021-12-02,2022,Q1,2021Q4,MU,gross_margin_pct,46.38,pct,,gross_profit/revenue,,,,derived from rows above,memory (DRAM+NAND)
2021-12-03,2022-03-03,2022,Q2,2022Q1,MU,gross_margin_pct,47.21,pct,,gross_profit/revenue,,,,derived from rows above,memory (DRAM+NAND)
2022-03-04,2022-06-02,2022,Q3,2022Q2,MU,gross_margin_pct,46.69,pct,,gross_profit/revenue,,,,derived from rows above,memory (DRAM+NAND)
2022-06-03,2022-09-01,2022,Q4,2022Q3,MU,gross_margin_pct,39.47,pct,,gross_profit/revenue,,,,derived from rows above,memory (DRAM+NAND)
2022-09-02,2022-12-01,2023,Q1,2022Q4,MU,gross_margin_pct,21.86,pct,,gross_profit/revenue,,,,derived from rows above,memory (DRAM+NAND)
2022-12-02,2023-03-02,2023,Q2,2023Q1,MU,gross_margin_pct,-32.66,pct,,gross_profit/revenue,,,,derived from rows above,memory (DRAM+NAND)
2023-03-03,2023-06-01,2023,Q3,2023Q2,MU,gross_margin_pct,-17.8,pct,,gross_profit/revenue,,,,derived from rows above,memory (DRAM+NAND)
2023-06-02,2023-08-31,2023,Q4,2023Q3,MU,gross_margin_pct,-10.85,pct,,gross_profit/revenue,,,,derived from rows above,memory (DRAM+NAND)
2023-09-01,2023-11-30,2024,Q1,2023Q4,MU,gross_margin_pct,-0.74,pct,,gross_profit/revenue,,,,derived from rows above,memory (DRAM+NAND)
2023-12-01,2024-02-29,2024,Q2,2024Q1,MU,gross_margin_pct,18.53,pct,,gross_profit/revenue,,,,derived from rows above,memory (DRAM+NAND)
2024-03-01,2024-05-30,2024,Q3,2024Q2,MU,gross_margin_pct,26.9,pct,,gross_profit/revenue,,,,derived from rows above,memory (DRAM+NAND)
2024-05-31,2024-08-29,2024,Q4,2024Q3,MU,gross_margin_pct,35.32,pct,,gross_profit/revenue,,,,derived from rows above,memory (DRAM+NAND)
2024-08-30,2024-11-28,2025,Q1,2024Q4,MU,gross_margin_pct,38.44,pct,,gross_profit/revenue,,,,derived from rows above,memory (DRAM+NAND)
2024-11-29,2025-02-27,2025,Q2,2025Q1,MU,gross_margin_pct,36.79,pct,,gross_profit/revenue,,,,derived from rows above,memory (DRAM+NAND)
2025-02-28,2025-05-29,2025,Q3,2025Q2,MU,gross_margin_pct,37.72,pct,,gross_profit/revenue,,,,derived from rows above,memory (DRAM+NAND)
2025-05-30,2025-08-28,2025,Q4,2025Q3,MU,gross_margin_pct,44.67,pct,,gross_profit/revenue,,,,derived from rows above,memory (DRAM+NAND)
2025-08-29,2025-11-27,2026,Q1,2025Q4,MU,gross_margin_pct,56.04,pct,,gross_profit/revenue,,,,derived from rows above,memory (DRAM+NAND)
2025-11-28,2026-02-26,2026,Q2,2026Q1,MU,gross_margin_pct,74.41,pct,,gross_profit/revenue,,,,derived from rows above,memory (DRAM+NAND)
2026-02-27,2026-05-28,2026,Q3,2026Q2,MU,gross_margin_pct,84.56,pct,,gross_profit/revenue,,,,derived from rows above,memory (DRAM+NAND)
2013-11-29,2014-02-27,2014,Q2,2014Q1,MU,gross_profit,1403000000.0,USD,GrossProfit,reported,0000723125-15-000112,10-K,2015-10-27,https://data.sec.gov/api/xbrl/companyfacts/CIK0000723125.json,memory (DRAM+NAND)
2014-02-28,2014-05-29,2014,Q3,2014Q2,MU,gross_profit,1368000000.0,USD,GrossProfit,reported,0000723125-15-000112,10-K,2015-10-27,https://data.sec.gov/api/xbrl/companyfacts/CIK0000723125.json,memory (DRAM+NAND)
2014-05-30,2014-08-28,2014,Q4,2014Q3,MU,gross_profit,1385000000.0,USD,GrossProfit,reported,0000723125-15-000112,10-K,2015-10-27,https://data.sec.gov/api/xbrl/companyfacts/CIK0000723125.json,memory (DRAM+NAND)
2014-08-29,2014-12-04,2015,Q1,2014Q4,MU,gross_profit,1638000000.0,USD,GrossProfit,reported,0000723125-16-000269,10-K,2016-10-28,https://data.sec.gov/api/xbrl/companyfacts/CIK0000723125.json,memory (DRAM+NAND)
2014-12-05,2015-03-05,2015,Q2,2015Q1,MU,gross_profit,1405000000.0,USD,GrossProfit,reported,0000723125-16-000269,10-K,2016-10-28,https://data.sec.gov/api/xbrl/companyfacts/CIK0000723125.json,memory (DRAM+NAND)
2015-03-06,2015-06-04,2015,Q3,2015Q2,MU,gross_profit,1202000000.0,USD,GrossProfit,reported,0000723125-16-000269,10-K,2016-10-28,https://data.sec.gov/api/xbrl/companyfacts/CIK0000723125.json,memory (DRAM+NAND)
2015-06-05,2015-09-03,2015,Q4,2015Q3,MU,gross_profit,970000000.0,USD,GrossProfit,reported,0000723125-16-000269,10-K,2016-10-28,https://data.sec.gov/api/xbrl/companyfacts/CIK0000723125.json,memory (DRAM+NAND)
2015-09-04,2015-12-03,2016,Q1,2015Q4,MU,gross_profit,849000000.0,USD,GrossProfit,reported,0000723125-17-000131,10-K,2017-10-26,https://data.sec.gov/api/xbrl/companyfacts/CIK0000723125.json,memory (DRAM+NAND)
2015-12-04,2016-03-03,2016,Q2,2016Q1,MU,gross_profit,579000000.0,USD,GrossProfit,reported,0000723125-17-000131,10-K,2017-10-26,https://data.sec.gov/api/xbrl/companyfacts/CIK0000723125.json,memory (DRAM+NAND)
2016-03-04,2016-06-02,2016,Q3,2016Q2,MU,gross_profit,498000000.0,USD,GrossProfit,reported,0000723125-17-000131,10-K,2017-10-26,https://data.sec.gov/api/xbrl/companyfacts/CIK0000723125.json,memory (DRAM+NAND)
2016-06-03,2016-09-01,2016,Q4,2016Q3,MU,gross_profit,579000000.0,USD,GrossProfit,reported,0000723125-17-000131,10-K,2017-10-26,https://data.sec.gov/api/xbrl/companyfacts/CIK0000723125.json,memory (DRAM+NAND)
2016-09-02,2016-12-01,2017,Q1,2016Q4,MU,gross_profit,1011000000.0,USD,GrossProfit,reported,0000723125-18-000092,10-K,2018-10-15,https://data.sec.gov/api/xbrl/companyfacts/CIK0000723125.json,memory (DRAM+NAND)
2016-12-02,2017-03-02,2017,Q2,2017Q1,MU,gross_profit,1704000000.0,USD,GrossProfit,reported,0000723125-18-000092,10-K,2018-10-15,https://data.sec.gov/api/xbrl/companyfacts/CIK0000723125.json,memory (DRAM+NAND)
2017-03-03,2017-06-01,2017,Q3,2017Q2,MU,gross_profit,2609000000.0,USD,GrossProfit,reported,0000723125-18-000092,10-K,2018-10-15,https://data.sec.gov/api/xbrl/companyfacts/CIK0000723125.json,memory (DRAM+NAND)
2017-06-02,2017-08-31,2017,Q4,2017Q3,MU,gross_profit,3112000000.0,USD,GrossProfit,reported,0000723125-18-000092,10-K,2018-10-15,https://data.sec.gov/api/xbrl/companyfacts/CIK0000723125.json,memory (DRAM+NAND)
2017-09-01,2017-11-30,2018,Q1,2017Q4,MU,gross_profit,3747000000.0,USD,GrossProfit,reported,0000723125-19-000094,10-K,2019-10-17,https://data.sec.gov/api/xbrl/companyfacts/CIK0000723125.json,memory (DRAM+NAND)
2017-12-01,2018-03-01,2018,Q2,2018Q1,MU,gross_profit,4270000000.0,USD,GrossProfit,reported,0000723125-19-000094,10-K,2019-10-17,https://data.sec.gov/api/xbrl/companyfacts/CIK0000723125.json,memory (DRAM+NAND)
2018-03-02,2018-05-31,2018,Q3,2018Q2,MU,gross_profit,4723000000.0,USD,GrossProfit,reported,0000723125-19-000094,10-K,2019-10-17,https://data.sec.gov/api/xbrl/companyfacts/CIK0000723125.json,memory (DRAM+NAND)
2018-06-01,2018-08-30,2018,Q4,2018Q3,MU,gross_profit,5151000000.0,USD,GrossProfit,reported,0000723125-19-000094,10-K,2019-10-17,https://data.sec.gov/api/xbrl/companyfacts/CIK0000723125.json,memory (DRAM+NAND)
2018-08-31,2018-11-29,2019,Q1,2018Q4,MU,gross_profit,4615000000.0,USD,GrossProfit,reported,0000723125-20-000082,10-K,2020-10-19,https://data.sec.gov/api/xbrl/companyfacts/CIK0000723125.json,memory (DRAM+NAND)
2018-11-30,2019-02-28,2019,Q2,2019Q1,MU,gross_profit,2864000000.0,USD,GrossProfit,reported,0000723125-20-000082,10-K,2020-10-19,https://data.sec.gov/api/xbrl/companyfacts/CIK0000723125.json,memory (DRAM+NAND)
2019-03-01,2019-05-30,2019,Q3,2019Q2,MU,gross_profit,1828000000.0,USD,GrossProfit,reported,0000723125-20-000082,10-K,2020-10-19,https://data.sec.gov/api/xbrl/companyfacts/CIK0000723125.json,memory (DRAM+NAND)
2019-05-31,2019-08-29,2019,Q4,2019Q3,MU,gross_profit,1395000000.0,USD,GrossProfit,reported,0000723125-20-000082,10-K,2020-10-19,https://data.sec.gov/api/xbrl/companyfacts/CIK0000723125.json,memory (DRAM+NAND)
2019-08-30,2019-11-28,2020,Q1,2019Q4,MU,gross_profit,1366000000.0,USD,GrossProfit,reported,0000723125-21-000012,10-Q,2021-01-08,https://data.sec.gov/api/xbrl/companyfacts/CIK0000723125.json,memory (DRAM+NAND)
2019-11-29,2020-02-27,2020,Q2,2020Q1,MU,gross_profit,1355000000.0,USD,GrossProfit,reported,0000723125-21-000032,10-Q,2021-04-01,https://data.sec.gov/api/xbrl/companyfacts/CIK0000723125.json,memory (DRAM+NAND)
2020-02-28,2020-05-28,2020,Q3,2020Q2,MU,gross_profit,1763000000.0,USD,GrossProfit,reported,0000723125-21-000052,10-Q,2021-07-01,https://data.sec.gov/api/xbrl/companyfacts/CIK0000723125.json,memory (DRAM+NAND)
2020-05-29,2020-09-03,2020,Q4,2020Q3,MU,gross_profit,2068000000.0,USD,GrossProfit,reported,0000723125-20-000082,10-K,2020-10-19,https://data.sec.gov/api/xbrl/companyfacts/CIK0000723125.json,memory (DRAM+NAND)
2020-09-04,2020-12-03,2021,Q1,2020Q4,MU,gross_profit,1736000000.0,USD,GrossProfit,reported,0000723125-22-000004,10-Q,2022-01-06,https://data.sec.gov/api/xbrl/companyfacts/CIK0000723125.json,memory (DRAM+NAND)
2020-12-04,2021-03-04,2021,Q2,2021Q1,MU,gross_profit,1649000000.0,USD,GrossProfit,reported,0000723125-22-000016,10-Q,2022-03-30,https://data.sec.gov/api/xbrl/companyfacts/CIK0000723125.json,memory (DRAM+NAND)
2021-03-05,2021-06-03,2021,Q3,2021Q2,MU,gross_profit,3126000000.0,USD,GrossProfit,reported,0000723125-22-000036,10-Q,2022-07-01,https://data.sec.gov/api/xbrl/companyfacts/CIK0000723125.json,memory (DRAM+NAND)
2021-06-04,2021-09-02,2021,Q4,2021Q3,MU,gross_profit,3912000000.0,USD,GrossProfit,ytd_diff,0000723125-23-000054,10-K,2023-10-06,https://data.sec.gov/api/xbrl/companyfacts/CIK0000723125.json,memory (DRAM+NAND)
2021-09-03,2021-12-02,2022,Q1,2021Q4,MU,gross_profit,3565000000.0,USD,GrossProfit,reported,0000723125-22-000072,10-Q,2022-12-22,https://data.sec.gov/api/xbrl/companyfacts/CIK0000723125.json,memory (DRAM+NAND)
2021-12-03,2022-03-03,2022,Q2,2022Q1,MU,gross_profit,3676000000.0,USD,GrossProfit,reported,0000723125-23-000022,10-Q,2023-03-29,https://data.sec.gov/api/xbrl/companyfacts/CIK0000723125.json,memory (DRAM+NAND)
2022-03-04,2022-06-02,2022,Q3,2022Q2,MU,gross_profit,4035000000.0,USD,GrossProfit,reported,0000723125-23-000041,10-Q,2023-06-29,https://data.sec.gov/api/xbrl/companyfacts/CIK0000723125.json,memory (DRAM+NAND)
2022-06-03,2022-09-01,2022,Q4,2022Q3,MU,gross_profit,2622000000.0,USD,GrossProfit,ytd_diff,0000723125-24-000027,10-K,2024-10-04,https://data.sec.gov/api/xbrl/companyfacts/CIK0000723125.json,memory (DRAM+NAND)
2022-09-02,2022-12-01,2023,Q1,2022Q4,MU,gross_profit,893000000.0,USD,GrossProfit,reported,0000723125-23-000077,10-Q,2023-12-21,https://data.sec.gov/api/xbrl/companyfacts/CIK0000723125.json,memory (DRAM+NAND)
2022-12-02,2023-03-02,2023,Q2,2023Q1,MU,gross_profit,-1206000000.0,USD,GrossProfit,reported,0000723125-24-000007,10-Q,2024-03-21,https://data.sec.gov/api/xbrl/companyfacts/CIK0000723125.json,memory (DRAM+NAND)
2023-03-03,2023-06-01,2023,Q3,2023Q2,MU,gross_profit,-668000000.0,USD,GrossProfit,reported,0000723125-24-000019,10-Q,2024-06-27,https://data.sec.gov/api/xbrl/companyfacts/CIK0000723125.json,memory (DRAM+NAND)
2023-06-02,2023-08-31,2023,Q4,2023Q3,MU,gross_profit,-435000000.0,USD,GrossProfit,ytd_diff,0000723125-25-000028,10-K,2025-10-03,https://data.sec.gov/api/xbrl/companyfacts/CIK0000723125.json,memory (DRAM+NAND)
2023-09-01,2023-11-30,2024,Q1,2023Q4,MU,gross_profit,-35000000.0,USD,GrossProfit,reported,0000723125-24-000047,10-Q,2024-12-19,https://data.sec.gov/api/xbrl/companyfacts/CIK0000723125.json,memory (DRAM+NAND)
2023-12-01,2024-02-29,2024,Q2,2024Q1,MU,gross_profit,1079000000.0,USD,GrossProfit,reported,0000723125-25-000009,10-Q,2025-03-21,https://data.sec.gov/api/xbrl/companyfacts/CIK0000723125.json,memory (DRAM+NAND)
2024-03-01,2024-05-30,2024,Q3,2024Q2,MU,gross_profit,1832000000.0,USD,GrossProfit,reported,0000723125-25-000021,10-Q,2025-06-26,https://data.sec.gov/api/xbrl/companyfacts/CIK0000723125.json,memory (DRAM+NAND)
2024-05-31,2024-08-29,2024,Q4,2024Q3,MU,gross_profit,2737000000.0,USD,GrossProfit,ytd_diff,0000723125-25-000028,10-K,2025-10-03,https://data.sec.gov/api/xbrl/companyfacts/CIK0000723125.json,memory (DRAM+NAND)
2024-08-30,2024-11-28,2025,Q1,2024Q4,MU,gross_profit,3348000000.0,USD,GrossProfit,reported,0000723125-25-000046,10-Q,2025-12-18,https://data.sec.gov/api/xbrl/companyfacts/CIK0000723125.json,memory (DRAM+NAND)
2024-11-29,2025-02-27,2025,Q2,2025Q1,MU,gross_profit,2963000000.0,USD,GrossProfit,reported,0000723125-26-000006,10-Q,2026-03-19,https://data.sec.gov/api/xbrl/companyfacts/CIK0000723125.json,memory (DRAM+NAND)
2025-02-28,2025-05-29,2025,Q3,2025Q2,MU,gross_profit,3508000000.0,USD,GrossProfit,reported,0000723125-26-000015,10-Q,2026-06-25,https://data.sec.gov/api/xbrl/companyfacts/CIK0000723125.json,memory (DRAM+NAND)
2025-05-30,2025-08-28,2025,Q4,2025Q3,MU,gross_profit,5054000000.0,USD,GrossProfit,ytd_diff,0000723125-25-000028,10-K,2025-10-03,https://data.sec.gov/api/xbrl/companyfacts/CIK0000723125.json,memory (DRAM+NAND)
2025-08-29,2025-11-27,2026,Q1,2025Q4,MU,gross_profit,7646000000.0,USD,GrossProfit,reported,0000723125-25-000046,10-Q,2025-12-18,https://data.sec.gov/api/xbrl/companyfacts/CIK0000723125.json,memory (DRAM+NAND)
2025-11-28,2026-02-26,2026,Q2,2026Q1,MU,gross_profit,17755000000.0,USD,GrossProfit,reported,0000723125-26-000006,10-Q,2026-03-19,https://data.sec.gov/api/xbrl/companyfacts/CIK0000723125.json,memory (DRAM+NAND)
2026-02-27,2026-05-28,2026,Q3,2026Q2,MU,gross_profit,35056000000.0,USD,GrossProfit,reported,0000723125-26-000015,10-Q,2026-06-25,https://data.sec.gov/api/xbrl/companyfacts/CIK0000723125.json,memory (DRAM+NAND)
2013-11-29,2014-02-27,2014,Q2,2014Q1,MU,inventory,2462000000.0,USD,InventoryNet,reported,0000723125-14-000068,10-Q,2014-04-07,https://data.sec.gov/api/xbrl/companyfacts/CIK0000723125.json,memory (DRAM+NAND)
2014-02-28,2014-05-29,2014,Q3,2014Q2,MU,inventory,2532000000.0,USD,InventoryNet,reported,0000723125-14-000120,10-Q,2014-07-03,https://data.sec.gov/api/xbrl/companyfacts/CIK0000723125.json,memory (DRAM+NAND)
2014-05-30,2014-08-28,2014,Q4,2014Q3,MU,inventory,2455000000.0,USD,InventoryNet,reported,0000723125-15-000112,10-K,2015-10-27,https://data.sec.gov/api/xbrl/companyfacts/CIK0000723125.json,memory (DRAM+NAND)
2014-08-29,2014-12-04,2015,Q1,2014Q4,MU,inventory,2448000000.0,USD,InventoryNet,reported,0000723125-15-000010,10-Q,2015-01-09,https://data.sec.gov/api/xbrl/companyfacts/CIK0000723125.json,memory (DRAM+NAND)
2014-12-05,2015-03-05,2015,Q2,2015Q1,MU,inventory,2377000000.0,USD,InventoryNet,reported,0000723125-15-000039,10-Q,2015-04-10,https://data.sec.gov/api/xbrl/companyfacts/CIK0000723125.json,memory (DRAM+NAND)
2015-03-06,2015-06-04,2015,Q3,2015Q2,MU,inventory,2381000000.0,USD,InventoryNet,reported,0000723125-15-000063,10-Q,2015-07-10,https://data.sec.gov/api/xbrl/companyfacts/CIK0000723125.json,memory (DRAM+NAND)
2015-06-05,2015-09-03,2015,Q4,2015Q3,MU,inventory,2340000000.0,USD,InventoryNet,reported,0000723125-16-000269,10-K,2016-10-28,https://data.sec.gov/api/xbrl/companyfacts/CIK0000723125.json,memory (DRAM+NAND)
2015-09-04,2015-12-03,2016,Q1,2015Q4,MU,inventory,2435000000.0,USD,InventoryNet,reported,0000723125-16-000146,10-Q,2016-01-08,https://data.sec.gov/api/xbrl/companyfacts/CIK0000723125.json,memory (DRAM+NAND)
2015-12-04,2016-03-03,2016,Q2,2016Q1,MU,inventory,2608000000.0,USD,InventoryNet,reported,0000723125-16-000176,10-Q,2016-04-08,https://data.sec.gov/api/xbrl/companyfacts/CIK0000723125.json,memory (DRAM+NAND)
2016-03-04,2016-06-02,2016,Q3,2016Q2,MU,inventory,2920000000.0,USD,InventoryNet,reported,0000723125-16-000201,10-Q,2016-07-06,https://data.sec.gov/api/xbrl/companyfacts/CIK0000723125.json,memory (DRAM+NAND)
2016-06-03,2016-09-01,2016,Q4,2016Q3,MU,inventory,2889000000.0,USD,InventoryNet,reported,0000723125-17-000131,10-K,2017-10-26,https://data.sec.gov/api/xbrl/companyfacts/CIK0000723125.json,memory (DRAM+NAND)
2016-09-02,2016-12-01,2017,Q1,2016Q4,MU,inventory,2750000000.0,USD,InventoryNet,reported,0000723125-17-000005,10-Q,2017-01-09,https://data.sec.gov/api/xbrl/companyfacts/CIK0000723125.json,memory (DRAM+NAND)
2016-12-02,2017-03-02,2017,Q2,2017Q1,MU,inventory,3000000000.0,USD,InventoryNet,reported,0000723125-17-000037,10-Q,2017-03-28,https://data.sec.gov/api/xbrl/companyfacts/CIK0000723125.json,memory (DRAM+NAND)
2017-03-03,2017-06-01,2017,Q3,2017Q2,MU,inventory,3064000000.0,USD,InventoryNet,reported,0000723125-17-000085,10-Q,2017-06-30,https://data.sec.gov/api/xbrl/companyfacts/CIK0000723125.json,memory (DRAM+NAND)
2017-06-02,2017-08-31,2017,Q4,2017Q3,MU,inventory,3123000000.0,USD,InventoryNet,reported,0000723125-18-000092,10-K,2018-10-15,https://data.sec.gov/api/xbrl/companyfacts/CIK0000723125.json,memory (DRAM+NAND)
2017-09-01,2017-11-30,2018,Q1,2017Q4,MU,inventory,3160000000.0,USD,InventoryNet,reported,0000723125-17-000166,10-Q,2017-12-20,https://data.sec.gov/api/xbrl/companyfacts/CIK0000723125.json,memory (DRAM+NAND)
2017-12-01,2018-03-01,2018,Q2,2018Q1,MU,inventory,3184000000.0,USD,InventoryNet,reported,0000723125-18-000036,10-Q,2018-03-23,https://data.sec.gov/api/xbrl/companyfacts/CIK0000723125.json,memory (DRAM+NAND)
2018-03-02,2018-05-31,2018,Q3,2018Q2,MU,inventory,3369000000.0,USD,InventoryNet,reported,0000723125-18-000065,10-Q,2018-06-22,https://data.sec.gov/api/xbrl/companyfacts/CIK0000723125.json,memory (DRAM+NAND)
2018-06-01,2018-08-30,2018,Q4,2018Q3,MU,inventory,3595000000.0,USD,InventoryNet,reported,0000723125-19-000094,10-K,2019-10-17,https://data.sec.gov/api/xbrl/companyfacts/CIK0000723125.json,memory (DRAM+NAND)
2018-08-31,2018-11-29,2019,Q1,2018Q4,MU,inventory,3876000000.0,USD,InventoryNet,reported,0000723125-18-000156,10-Q,2018-12-19,https://data.sec.gov/api/xbrl/companyfacts/CIK0000723125.json,memory (DRAM+NAND)
2018-11-30,2019-02-28,2019,Q2,2019Q1,MU,inventory,4390000000.0,USD,InventoryNet,reported,0000723125-19-000014,10-Q,2019-03-21,https://data.sec.gov/api/xbrl/companyfacts/CIK0000723125.json,memory (DRAM+NAND)
2019-03-01,2019-05-30,2019,Q3,2019Q2,MU,inventory,4905000000.0,USD,InventoryNet,reported,0000723125-19-000035,10-Q,2019-06-26,https://data.sec.gov/api/xbrl/companyfacts/CIK0000723125.json,memory (DRAM+NAND)
2019-05-31,2019-08-29,2019,Q4,2019Q3,MU,inventory,5118000000.0,USD,InventoryNet,reported,0000723125-20-000082,10-K,2020-10-19,https://data.sec.gov/api/xbrl/companyfacts/CIK0000723125.json,memory (DRAM+NAND)
2019-08-30,2019-11-28,2020,Q1,2019Q4,MU,inventory,4943000000.0,USD,InventoryNet,reported,0000723125-19-000174,10-Q,2019-12-20,https://data.sec.gov/api/xbrl/companyfacts/CIK0000723125.json,memory (DRAM+NAND)
2019-11-29,2020-02-27,2020,Q2,2020Q1,MU,inventory,5208000000.0,USD,InventoryNet,reported,0000723125-20-000034,10-Q,2020-03-26,https://data.sec.gov/api/xbrl/companyfacts/CIK0000723125.json,memory (DRAM+NAND)
2020-02-28,2020-05-28,2020,Q3,2020Q2,MU,inventory,5405000000.0,USD,InventoryNet,reported,0000723125-20-000067,10-Q,2020-06-29,https://data.sec.gov/api/xbrl/companyfacts/CIK0000723125.json,memory (DRAM+NAND)
2020-05-29,2020-09-03,2020,Q4,2020Q3,MU,inventory,5373000000.0,USD,InventoryNet,reported,0000723125-21-000065,10-K,2021-10-08,https://data.sec.gov/api/xbrl/companyfacts/CIK0000723125.json,memory (DRAM+NAND)
2020-09-04,2020-12-03,2021,Q1,2020Q4,MU,inventory,5521000000.0,USD,InventoryNet,reported,0000723125-21-000012,10-Q,2021-01-08,https://data.sec.gov/api/xbrl/companyfacts/CIK0000723125.json,memory (DRAM+NAND)
2020-12-04,2021-03-04,2021,Q2,2021Q1,MU,inventory,4743000000.0,USD,InventoryNet,reported,0000723125-21-000032,10-Q,2021-04-01,https://data.sec.gov/api/xbrl/companyfacts/CIK0000723125.json,memory (DRAM+NAND)
2021-03-05,2021-06-03,2021,Q3,2021Q2,MU,inventory,4537000000.0,USD,InventoryNet,reported,0000723125-21-000052,10-Q,2021-07-01,https://data.sec.gov/api/xbrl/companyfacts/CIK0000723125.json,memory (DRAM+NAND)
2021-06-04,2021-09-02,2021,Q4,2021Q3,MU,inventory,4487000000.0,USD,InventoryNet,reported,0000723125-22-000048,10-K,2022-10-07,https://data.sec.gov/api/xbrl/companyfacts/CIK0000723125.json,memory (DRAM+NAND)
2021-09-03,2021-12-02,2022,Q1,2021Q4,MU,inventory,4827000000.0,USD,InventoryNet,reported,0000723125-22-000004,10-Q,2022-01-06,https://data.sec.gov/api/xbrl/companyfacts/CIK0000723125.json,memory (DRAM+NAND)
2021-12-03,2022-03-03,2022,Q2,2022Q1,MU,inventory,5383000000.0,USD,InventoryNet,reported,0000723125-22-000016,10-Q,2022-03-30,https://data.sec.gov/api/xbrl/companyfacts/CIK0000723125.json,memory (DRAM+NAND)
2022-03-04,2022-06-02,2022,Q3,2022Q2,MU,inventory,5629000000.0,USD,InventoryNet,reported,0000723125-22-000036,10-Q,2022-07-01,https://data.sec.gov/api/xbrl/companyfacts/CIK0000723125.json,memory (DRAM+NAND)
2022-06-03,2022-09-01,2022,Q4,2022Q3,MU,inventory,6663000000.0,USD,InventoryNet,reported,0000723125-23-000054,10-K,2023-10-06,https://data.sec.gov/api/xbrl/companyfacts/CIK0000723125.json,memory (DRAM+NAND)
2022-09-02,2022-12-01,2023,Q1,2022Q4,MU,inventory,8359000000.0,USD,InventoryNet,reported,0000723125-22-000072,10-Q,2022-12-22,https://data.sec.gov/api/xbrl/companyfacts/CIK0000723125.json,memory (DRAM+NAND)
2022-12-02,2023-03-02,2023,Q2,2023Q1,MU,inventory,8129000000.0,USD,InventoryNet,reported,0000723125-23-000022,10-Q,2023-03-29,https://data.sec.gov/api/xbrl/companyfacts/CIK0000723125.json,memory (DRAM+NAND)
2023-03-03,2023-06-01,2023,Q3,2023Q2,MU,inventory,8238000000.0,USD,InventoryNet,reported,0000723125-23-000041,10-Q,2023-06-29,https://data.sec.gov/api/xbrl/companyfacts/CIK0000723125.json,memory (DRAM+NAND)
2023-06-02,2023-08-31,2023,Q4,2023Q3,MU,inventory,8387000000.0,USD,InventoryNet,reported,0000723125-24-000027,10-K,2024-10-04,https://data.sec.gov/api/xbrl/companyfacts/CIK0000723125.json,memory (DRAM+NAND)
2023-09-01,2023-11-30,2024,Q1,2023Q4,MU,inventory,8276000000.0,USD,InventoryNet,reported,0000723125-23-000077,10-Q,2023-12-21,https://data.sec.gov/api/xbrl/companyfacts/CIK0000723125.json,memory (DRAM+NAND)
2023-12-01,2024-02-29,2024,Q2,2024Q1,MU,inventory,8443000000.0,USD,InventoryNet,reported,0000723125-24-000007,10-Q,2024-03-21,https://data.sec.gov/api/xbrl/companyfacts/CIK0000723125.json,memory (DRAM+NAND)
2024-03-01,2024-05-30,2024,Q3,2024Q2,MU,inventory,8512000000.0,USD,InventoryNet,reported,0000723125-24-000019,10-Q,2024-06-27,https://data.sec.gov/api/xbrl/companyfacts/CIK0000723125.json,memory (DRAM+NAND)
2024-05-31,2024-08-29,2024,Q4,2024Q3,MU,inventory,8875000000.0,USD,InventoryNet,reported,0000723125-25-000028,10-K,2025-10-03,https://data.sec.gov/api/xbrl/companyfacts/CIK0000723125.json,memory (DRAM+NAND)
2024-08-30,2024-11-28,2025,Q1,2024Q4,MU,inventory,8705000000.0,USD,InventoryNet,reported,0000723125-24-000047,10-Q,2024-12-19,https://data.sec.gov/api/xbrl/companyfacts/CIK0000723125.json,memory (DRAM+NAND)
2024-11-29,2025-02-27,2025,Q2,2025Q1,MU,inventory,9007000000.0,USD,InventoryNet,reported,0000723125-25-000009,10-Q,2025-03-21,https://data.sec.gov/api/xbrl/companyfacts/CIK0000723125.json,memory (DRAM+NAND)
2025-02-28,2025-05-29,2025,Q3,2025Q2,MU,inventory,8727000000.0,USD,InventoryNet,reported,0000723125-25-000021,10-Q,2025-06-26,https://data.sec.gov/api/xbrl/companyfacts/CIK0000723125.json,memory (DRAM+NAND)
2025-05-30,2025-08-28,2025,Q4,2025Q3,MU,inventory,8355000000.0,USD,InventoryNet,reported,0000723125-26-000015,10-Q,2026-06-25,https://data.sec.gov/api/xbrl/companyfacts/CIK0000723125.json,memory (DRAM+NAND)
2025-08-29,2025-11-27,2026,Q1,2025Q4,MU,inventory,8205000000.0,USD,InventoryNet,reported,0000723125-25-000046,10-Q,2025-12-18,https://data.sec.gov/api/xbrl/companyfacts/CIK0000723125.json,memory (DRAM+NAND)
2025-11-28,2026-02-26,2026,Q2,2026Q1,MU,inventory,8267000000.0,USD,InventoryNet,reported,0000723125-26-000006,10-Q,2026-03-19,https://data.sec.gov/api/xbrl/companyfacts/CIK0000723125.json,memory (DRAM+NAND)
2026-02-27,2026-05-28,2026,Q3,2026Q2,MU,inventory,8567000000.0,USD,InventoryNet,reported,0000723125-26-000015,10-Q,2026-06-25,https://data.sec.gov/api/xbrl/companyfacts/CIK0000723125.json,memory (DRAM+NAND)
2013-11-29,2014-02-27,2014,Q2,2014Q1,MU,inventory_days,82.9,days,,inventory/cost_of_revenue*days_in_quarter,,,,derived from rows above,memory (DRAM+NAND)
2014-02-28,2014-05-29,2014,Q3,2014Q2,MU,inventory_days,88.1,days,,inventory/cost_of_revenue*days_in_quarter,,,,derived from rows above,memory (DRAM+NAND)
2014-05-30,2014-08-28,2014,Q4,2014Q3,MU,inventory_days,78.6,days,,inventory/cost_of_revenue*days_in_quarter,,,,derived from rows above,memory (DRAM+NAND)
2014-08-29,2014-12-04,2015,Q1,2014Q4,MU,inventory_days,81.7,days,,inventory/cost_of_revenue*days_in_quarter,,,,derived from rows above,memory (DRAM+NAND)
2014-12-05,2015-03-05,2015,Q2,2015Q1,MU,inventory_days,78.3,days,,inventory/cost_of_revenue*days_in_quarter,,,,derived from rows above,memory (DRAM+NAND)
2015-03-06,2015-06-04,2015,Q3,2015Q2,MU,inventory_days,81.7,days,,inventory/cost_of_revenue*days_in_quarter,,,,derived from rows above,memory (DRAM+NAND)
2015-06-05,2015-09-03,2015,Q4,2015Q3,MU,inventory_days,81.0,days,,inventory/cost_of_revenue*days_in_quarter,,,,derived from rows above,memory (DRAM+NAND)
2015-09-04,2015-12-03,2016,Q1,2015Q4,MU,inventory_days,88.6,days,,inventory/cost_of_revenue*days_in_quarter,,,,derived from rows above,memory (DRAM+NAND)
2015-12-04,2016-03-03,2016,Q2,2016Q1,MU,inventory_days,100.8,days,,inventory/cost_of_revenue*days_in_quarter,,,,derived from rows above,memory (DRAM+NAND)
2016-03-04,2016-06-02,2016,Q3,2016Q2,MU,inventory_days,110.7,days,,inventory/cost_of_revenue*days_in_quarter,,,,derived from rows above,memory (DRAM+NAND)
2016-06-03,2016-09-01,2016,Q4,2016Q3,MU,inventory_days,99.7,days,,inventory/cost_of_revenue*days_in_quarter,,,,derived from rows above,memory (DRAM+NAND)
2016-09-02,2016-12-01,2017,Q1,2016Q4,MU,inventory_days,84.6,days,,inventory/cost_of_revenue*days_in_quarter,,,,derived from rows above,memory (DRAM+NAND)
2016-12-02,2017-03-02,2017,Q2,2017Q1,MU,inventory_days,92.7,days,,inventory/cost_of_revenue*days_in_quarter,,,,derived from rows above,memory (DRAM+NAND)
2017-03-03,2017-06-01,2017,Q3,2017Q2,MU,inventory_days,94.3,days,,inventory/cost_of_revenue*days_in_quarter,,,,derived from rows above,memory (DRAM+NAND)
2017-06-02,2017-08-31,2017,Q4,2017Q3,MU,inventory_days,93.9,days,,inventory/cost_of_revenue*days_in_quarter,,,,derived from rows above,memory (DRAM+NAND)
2017-09-01,2017-11-30,2018,Q1,2017Q4,MU,inventory_days,94.1,days,,inventory/cost_of_revenue*days_in_quarter,,,,derived from rows above,memory (DRAM+NAND)
2017-12-01,2018-03-01,2018,Q2,2018Q1,MU,inventory_days,94.0,days,,inventory/cost_of_revenue*days_in_quarter,,,,derived from rows above,memory (DRAM+NAND)
2018-03-02,2018-05-31,2018,Q3,2018Q2,MU,inventory_days,99.7,days,,inventory/cost_of_revenue*days_in_quarter,,,,derived from rows above,memory (DRAM+NAND)
2018-06-01,2018-08-30,2018,Q4,2018Q3,MU,inventory_days,99.5,days,,inventory/cost_of_revenue*days_in_quarter,,,,derived from rows above,memory (DRAM+NAND)
2018-08-31,2018-11-29,2019,Q1,2018Q4,MU,inventory_days,106.9,days,,inventory/cost_of_revenue*days_in_quarter,,,,derived from rows above,memory (DRAM+NAND)
2018-11-30,2019-02-28,2019,Q2,2019Q1,MU,inventory_days,134.5,days,,inventory/cost_of_revenue*days_in_quarter,,,,derived from rows above,memory (DRAM+NAND)
2019-03-01,2019-05-30,2019,Q3,2019Q2,MU,inventory_days,150.8,days,,inventory/cost_of_revenue*days_in_quarter,,,,derived from rows above,memory (DRAM+NAND)
2019-05-31,2019-08-29,2019,Q4,2019Q3,MU,inventory_days,134.0,days,,inventory/cost_of_revenue*days_in_quarter,,,,derived from rows above,memory (DRAM+NAND)
2019-08-30,2019-11-28,2020,Q1,2019Q4,MU,inventory_days,119.1,days,,inventory/cost_of_revenue*days_in_quarter,,,,derived from rows above,memory (DRAM+NAND)
2019-11-29,2020-02-27,2020,Q2,2020Q1,MU,inventory_days,137.7,days,,inventory/cost_of_revenue*days_in_quarter,,,,derived from rows above,memory (DRAM+NAND)
2020-02-28,2020-05-28,2020,Q3,2020Q2,MU,inventory_days,133.8,days,,inventory/cost_of_revenue*days_in_quarter,,,,derived from rows above,memory (DRAM+NAND)
2020-05-29,2020-09-03,2020,Q4,2020Q3,MU,inventory_days,132.0,days,,inventory/cost_of_revenue*days_in_quarter,,,,derived from rows above,memory (DRAM+NAND)
2020-09-04,2020-12-03,2021,Q1,2020Q4,MU,inventory_days,124.5,days,,inventory/cost_of_revenue*days_in_quarter,,,,derived from rows above,memory (DRAM+NAND)
2020-12-04,2021-03-04,2021,Q2,2021Q1,MU,inventory_days,94.1,days,,inventory/cost_of_revenue*days_in_quarter,,,,derived from rows above,memory (DRAM+NAND)
2021-03-05,2021-06-03,2021,Q3,2021Q2,MU,inventory_days,96.1,days,,inventory/cost_of_revenue*days_in_quarter,,,,derived from rows above,memory (DRAM+NAND)
2021-06-04,2021-09-02,2021,Q4,2021Q3,MU,inventory_days,93.6,days,,inventory/cost_of_revenue*days_in_quarter,,,,derived from rows above,memory (DRAM+NAND)
2021-09-03,2021-12-02,2022,Q1,2021Q4,MU,inventory_days,106.6,days,,inventory/cost_of_revenue*days_in_quarter,,,,derived from rows above,memory (DRAM+NAND)
2021-12-03,2022-03-03,2022,Q2,2022Q1,MU,inventory_days,119.2,days,,inventory/cost_of_revenue*days_in_quarter,,,,derived from rows above,memory (DRAM+NAND)
2022-03-04,2022-06-02,2022,Q3,2022Q2,MU,inventory_days,111.2,days,,inventory/cost_of_revenue*days_in_quarter,,,,derived from rows above,memory (DRAM+NAND)
2022-06-03,2022-09-01,2022,Q4,2022Q3,MU,inventory_days,150.8,days,,inventory/cost_of_revenue*days_in_quarter,,,,derived from rows above,memory (DRAM+NAND)
2022-09-02,2022-12-01,2023,Q1,2022Q4,MU,inventory_days,238.3,days,,inventory/cost_of_revenue*days_in_quarter,,,,derived from rows above,memory (DRAM+NAND)
2022-12-02,2023-03-02,2023,Q2,2023Q1,MU,inventory_days,151.0,days,,inventory/cost_of_revenue*days_in_quarter,,,,derived from rows above,memory (DRAM+NAND)
2023-03-03,2023-06-01,2023,Q3,2023Q2,MU,inventory_days,169.6,days,,inventory/cost_of_revenue*days_in_quarter,,,,derived from rows above,memory (DRAM+NAND)
2023-06-02,2023-08-31,2023,Q4,2023Q3,MU,inventory_days,171.7,days,,inventory/cost_of_revenue*days_in_quarter,,,,derived from rows above,memory (DRAM+NAND)
2023-09-01,2023-11-30,2024,Q1,2023Q4,MU,inventory_days,158.2,days,,inventory/cost_of_revenue*days_in_quarter,,,,derived from rows above,memory (DRAM+NAND)
2023-12-01,2024-02-29,2024,Q2,2024Q1,MU,inventory_days,161.9,days,,inventory/cost_of_revenue*days_in_quarter,,,,derived from rows above,memory (DRAM+NAND)
2024-03-01,2024-05-30,2024,Q3,2024Q2,MU,inventory_days,155.6,days,,inventory/cost_of_revenue*days_in_quarter,,,,derived from rows above,memory (DRAM+NAND)
2024-05-31,2024-08-29,2024,Q4,2024Q3,MU,inventory_days,161.1,days,,inventory/cost_of_revenue*days_in_quarter,,,,derived from rows above,memory (DRAM+NAND)
2024-08-30,2024-11-28,2025,Q1,2024Q4,MU,inventory_days,147.8,days,,inventory/cost_of_revenue*days_in_quarter,,,,derived from rows above,memory (DRAM+NAND)
2024-11-29,2025-02-27,2025,Q2,2025Q1,MU,inventory_days,161.0,days,,inventory/cost_of_revenue*days_in_quarter,,,,derived from rows above,memory (DRAM+NAND)
2025-02-28,2025-05-29,2025,Q3,2025Q2,MU,inventory_days,137.1,days,,inventory/cost_of_revenue*days_in_quarter,,,,derived from rows above,memory (DRAM+NAND)
2025-05-30,2025-08-28,2025,Q4,2025Q3,MU,inventory_days,121.4,days,,inventory/cost_of_revenue*days_in_quarter,,,,derived from rows above,memory (DRAM+NAND)
2025-08-29,2025-11-27,2026,Q1,2025Q4,MU,inventory_days,124.5,days,,inventory/cost_of_revenue*days_in_quarter,,,,derived from rows above,memory (DRAM+NAND)
2025-11-28,2026-02-26,2026,Q2,2026Q1,MU,inventory_days,123.2,days,,inventory/cost_of_revenue*days_in_quarter,,,,derived from rows above,memory (DRAM+NAND)
2026-02-27,2026-05-28,2026,Q3,2026Q2,MU,inventory_days,121.8,days,,inventory/cost_of_revenue*days_in_quarter,,,,derived from rows above,memory (DRAM+NAND)
2013-11-29,2014-02-27,2014,Q2,2014Q1,MU,operating_income,869000000.0,USD,OperatingIncomeLoss,reported,0000723125-15-000112,10-K,2015-10-27,https://data.sec.gov/api/xbrl/companyfacts/CIK0000723125.json,memory (DRAM+NAND)
2014-02-28,2014-05-29,2014,Q3,2014Q2,MU,operating_income,839000000.0,USD,OperatingIncomeLoss,reported,0000723125-15-000112,10-K,2015-10-27,https://data.sec.gov/api/xbrl/companyfacts/CIK0000723125.json,memory (DRAM+NAND)
2014-05-30,2014-08-28,2014,Q4,2014Q3,MU,operating_income,828000000.0,USD,OperatingIncomeLoss,reported,0000723125-15-000112,10-K,2015-10-27,https://data.sec.gov/api/xbrl/companyfacts/CIK0000723125.json,memory (DRAM+NAND)
2014-08-29,2014-12-04,2015,Q1,2014Q4,MU,operating_income,1085000000.0,USD,OperatingIncomeLoss,reported,0000723125-16-000269,10-K,2016-10-28,https://data.sec.gov/api/xbrl/companyfacts/CIK0000723125.json,memory (DRAM+NAND)
2014-12-05,2015-03-05,2015,Q2,2015Q1,MU,operating_income,855000000.0,USD,OperatingIncomeLoss,reported,0000723125-16-000269,10-K,2016-10-28,https://data.sec.gov/api/xbrl/companyfacts/CIK0000723125.json,memory (DRAM+NAND)
2015-03-06,2015-06-04,2015,Q3,2015Q2,MU,operating_income,631000000.0,USD,OperatingIncomeLoss,reported,0000723125-16-000269,10-K,2016-10-28,https://data.sec.gov/api/xbrl/companyfacts/CIK0000723125.json,memory (DRAM+NAND)
2015-06-05,2015-09-03,2015,Q4,2015Q3,MU,operating_income,427000000.0,USD,OperatingIncomeLoss,reported,0000723125-16-000269,10-K,2016-10-28,https://data.sec.gov/api/xbrl/companyfacts/CIK0000723125.json,memory (DRAM+NAND)
2015-09-04,2015-12-03,2016,Q1,2015Q4,MU,operating_income,232000000.0,USD,OperatingIncomeLoss,reported,0000723125-17-000131,10-K,2017-10-26,https://data.sec.gov/api/xbrl/companyfacts/CIK0000723125.json,memory (DRAM+NAND)
2015-12-04,2016-03-03,2016,Q2,2016Q1,MU,operating_income,-5000000.0,USD,OperatingIncomeLoss,reported,0000723125-17-000131,10-K,2017-10-26,https://data.sec.gov/api/xbrl/companyfacts/CIK0000723125.json,memory (DRAM+NAND)
2016-03-04,2016-06-02,2016,Q3,2016Q2,MU,operating_income,-27000000.0,USD,OperatingIncomeLoss,reported,0000723125-17-000131,10-K,2017-10-26,https://data.sec.gov/api/xbrl/companyfacts/CIK0000723125.json,memory (DRAM+NAND)
2016-06-03,2016-09-01,2016,Q4,2016Q3,MU,operating_income,-32000000.0,USD,OperatingIncomeLoss,reported,0000723125-17-000131,10-K,2017-10-26,https://data.sec.gov/api/xbrl/companyfacts/CIK0000723125.json,memory (DRAM+NAND)
2016-09-02,2016-12-01,2017,Q1,2016Q4,MU,operating_income,359000000.0,USD,OperatingIncomeLoss,reported,0000723125-18-000092,10-K,2018-10-15,https://data.sec.gov/api/xbrl/companyfacts/CIK0000723125.json,memory (DRAM+NAND)
2016-12-02,2017-03-02,2017,Q2,2017Q1,MU,operating_income,1044000000.0,USD,OperatingIncomeLoss,reported,0000723125-18-000092,10-K,2018-10-15,https://data.sec.gov/api/xbrl/companyfacts/CIK0000723125.json,memory (DRAM+NAND)
2017-03-03,2017-06-01,2017,Q3,2017Q2,MU,operating_income,1963000000.0,USD,OperatingIncomeLoss,reported,0000723125-18-000092,10-K,2018-10-15,https://data.sec.gov/api/xbrl/companyfacts/CIK0000723125.json,memory (DRAM+NAND)
2017-06-02,2017-08-31,2017,Q4,2017Q3,MU,operating_income,2502000000.0,USD,OperatingIncomeLoss,reported,0000723125-18-000092,10-K,2018-10-15,https://data.sec.gov/api/xbrl/companyfacts/CIK0000723125.json,memory (DRAM+NAND)
2017-09-01,2017-11-30,2018,Q1,2017Q4,MU,operating_income,3097000000.0,USD,OperatingIncomeLoss,reported,0000723125-19-000094,10-K,2019-10-17,https://data.sec.gov/api/xbrl/companyfacts/CIK0000723125.json,memory (DRAM+NAND)
2017-12-01,2018-03-01,2018,Q2,2018Q1,MU,operating_income,3567000000.0,USD,OperatingIncomeLoss,reported,0000723125-19-000094,10-K,2019-10-17,https://data.sec.gov/api/xbrl/companyfacts/CIK0000723125.json,memory (DRAM+NAND)
2018-03-02,2018-05-31,2018,Q3,2018Q2,MU,operating_income,3953000000.0,USD,OperatingIncomeLoss,reported,0000723125-19-000094,10-K,2019-10-17,https://data.sec.gov/api/xbrl/companyfacts/CIK0000723125.json,memory (DRAM+NAND)
2018-06-01,2018-08-30,2018,Q4,2018Q3,MU,operating_income,4377000000.0,USD,OperatingIncomeLoss,reported,0000723125-19-000094,10-K,2019-10-17,https://data.sec.gov/api/xbrl/companyfacts/CIK0000723125.json,memory (DRAM+NAND)
2018-08-31,2018-11-29,2019,Q1,2018Q4,MU,operating_income,3759000000.0,USD,OperatingIncomeLoss,reported,0000723125-20-000082,10-K,2020-10-19,https://data.sec.gov/api/xbrl/companyfacts/CIK0000723125.json,memory (DRAM+NAND)
2018-11-30,2019-02-28,2019,Q2,2019Q1,MU,operating_income,1957000000.0,USD,OperatingIncomeLoss,reported,0000723125-20-000082,10-K,2020-10-19,https://data.sec.gov/api/xbrl/companyfacts/CIK0000723125.json,memory (DRAM+NAND)
2019-03-01,2019-05-30,2019,Q3,2019Q2,MU,operating_income,1010000000.0,USD,OperatingIncomeLoss,reported,0000723125-20-000082,10-K,2020-10-19,https://data.sec.gov/api/xbrl/companyfacts/CIK0000723125.json,memory (DRAM+NAND)
2019-05-31,2019-08-29,2019,Q4,2019Q3,MU,operating_income,650000000.0,USD,OperatingIncomeLoss,reported,0000723125-20-000082,10-K,2020-10-19,https://data.sec.gov/api/xbrl/companyfacts/CIK0000723125.json,memory (DRAM+NAND)
2019-08-30,2019-11-28,2020,Q1,2019Q4,MU,operating_income,518000000.0,USD,OperatingIncomeLoss,reported,0000723125-21-000012,10-Q,2021-01-08,https://data.sec.gov/api/xbrl/companyfacts/CIK0000723125.json,memory (DRAM+NAND)
2019-11-29,2020-02-27,2020,Q2,2020Q1,MU,operating_income,440000000.0,USD,OperatingIncomeLoss,reported,0000723125-21-000032,10-Q,2021-04-01,https://data.sec.gov/api/xbrl/companyfacts/CIK0000723125.json,memory (DRAM+NAND)
2020-02-28,2020-05-28,2020,Q3,2020Q2,MU,operating_income,888000000.0,USD,OperatingIncomeLoss,reported,0000723125-21-000052,10-Q,2021-07-01,https://data.sec.gov/api/xbrl/companyfacts/CIK0000723125.json,memory (DRAM+NAND)
2020-05-29,2020-09-03,2020,Q4,2020Q3,MU,operating_income,1157000000.0,USD,OperatingIncomeLoss,reported,0000723125-20-000082,10-K,2020-10-19,https://data.sec.gov/api/xbrl/companyfacts/CIK0000723125.json,memory (DRAM+NAND)
2020-09-04,2020-12-03,2021,Q1,2020Q4,MU,operating_income,866000000.0,USD,OperatingIncomeLoss,reported,0000723125-22-000004,10-Q,2022-01-06,https://data.sec.gov/api/xbrl/companyfacts/CIK0000723125.json,memory (DRAM+NAND)
2020-12-04,2021-03-04,2021,Q2,2021Q1,MU,operating_income,663000000.0,USD,OperatingIncomeLoss,reported,0000723125-22-000016,10-Q,2022-03-30,https://data.sec.gov/api/xbrl/companyfacts/CIK0000723125.json,memory (DRAM+NAND)
2021-03-05,2021-06-03,2021,Q3,2021Q2,MU,operating_income,1799000000.0,USD,OperatingIncomeLoss,reported,0000723125-22-000036,10-Q,2022-07-01,https://data.sec.gov/api/xbrl/companyfacts/CIK0000723125.json,memory (DRAM+NAND)
2021-06-04,2021-09-02,2021,Q4,2021Q3,MU,operating_income,2955000000.0,USD,OperatingIncomeLoss,ytd_diff,0000723125-23-000054,10-K,2023-10-06,https://data.sec.gov/api/xbrl/companyfacts/CIK0000723125.json,memory (DRAM+NAND)
2021-09-03,2021-12-02,2022,Q1,2021Q4,MU,operating_income,2631000000.0,USD,OperatingIncomeLoss,reported,0000723125-22-000072,10-Q,2022-12-22,https://data.sec.gov/api/xbrl/companyfacts/CIK0000723125.json,memory (DRAM+NAND)
2021-12-03,2022-03-03,2022,Q2,2022Q1,MU,operating_income,2546000000.0,USD,OperatingIncomeLoss,reported,0000723125-23-000022,10-Q,2023-03-29,https://data.sec.gov/api/xbrl/companyfacts/CIK0000723125.json,memory (DRAM+NAND)
2022-03-04,2022-06-02,2022,Q3,2022Q2,MU,operating_income,3004000000.0,USD,OperatingIncomeLoss,reported,0000723125-23-000041,10-Q,2023-06-29,https://data.sec.gov/api/xbrl/companyfacts/CIK0000723125.json,memory (DRAM+NAND)
2022-06-03,2022-09-01,2022,Q4,2022Q3,MU,operating_income,1521000000.0,USD,OperatingIncomeLoss,ytd_diff,0000723125-24-000027,10-K,2024-10-04,https://data.sec.gov/api/xbrl/companyfacts/CIK0000723125.json,memory (DRAM+NAND)
2022-09-02,2022-12-01,2023,Q1,2022Q4,MU,operating_income,-209000000.0,USD,OperatingIncomeLoss,reported,0000723125-23-000077,10-Q,2023-12-21,https://data.sec.gov/api/xbrl/companyfacts/CIK0000723125.json,memory (DRAM+NAND)
2022-12-02,2023-03-02,2023,Q2,2023Q1,MU,operating_income,-2303000000.0,USD,OperatingIncomeLoss,reported,0000723125-24-000007,10-Q,2024-03-21,https://data.sec.gov/api/xbrl/companyfacts/CIK0000723125.json,memory (DRAM+NAND)
2023-03-03,2023-06-01,2023,Q3,2023Q2,MU,operating_income,-1761000000.0,USD,OperatingIncomeLoss,reported,0000723125-24-000019,10-Q,2024-06-27,https://data.sec.gov/api/xbrl/companyfacts/CIK0000723125.json,memory (DRAM+NAND)
2023-06-02,2023-08-31,2023,Q4,2023Q3,MU,operating_income,-1472000000.0,USD,OperatingIncomeLoss,ytd_diff,0000723125-25-000028,10-K,2025-10-03,https://data.sec.gov/api/xbrl/companyfacts/CIK0000723125.json,memory (DRAM+NAND)
2023-09-01,2023-11-30,2024,Q1,2023Q4,MU,operating_income,-1128000000.0,USD,OperatingIncomeLoss,reported,0000723125-24-000047,10-Q,2024-12-19,https://data.sec.gov/api/xbrl/companyfacts/CIK0000723125.json,memory (DRAM+NAND)
2023-12-01,2024-02-29,2024,Q2,2024Q1,MU,operating_income,191000000.0,USD,OperatingIncomeLoss,reported,0000723125-25-000009,10-Q,2025-03-21,https://data.sec.gov/api/xbrl/companyfacts/CIK0000723125.json,memory (DRAM+NAND)
2024-03-01,2024-05-30,2024,Q3,2024Q2,MU,operating_income,719000000.0,USD,OperatingIncomeLoss,reported,0000723125-25-000021,10-Q,2025-06-26,https://data.sec.gov/api/xbrl/companyfacts/CIK0000723125.json,memory (DRAM+NAND)
2024-05-31,2024-08-29,2024,Q4,2024Q3,MU,operating_income,1522000000.0,USD,OperatingIncomeLoss,ytd_diff,0000723125-25-000028,10-K,2025-10-03,https://data.sec.gov/api/xbrl/companyfacts/CIK0000723125.json,memory (DRAM+NAND)
2024-08-30,2024-11-28,2025,Q1,2024Q4,MU,operating_income,2174000000.0,USD,OperatingIncomeLoss,reported,0000723125-25-000046,10-Q,2025-12-18,https://data.sec.gov/api/xbrl/companyfacts/CIK0000723125.json,memory (DRAM+NAND)
2024-11-29,2025-02-27,2025,Q2,2025Q1,MU,operating_income,1773000000.0,USD,OperatingIncomeLoss,reported,0000723125-26-000006,10-Q,2026-03-19,https://data.sec.gov/api/xbrl/companyfacts/CIK0000723125.json,memory (DRAM+NAND)
2025-02-28,2025-05-29,2025,Q3,2025Q2,MU,operating_income,2169000000.0,USD,OperatingIncomeLoss,reported,0000723125-26-000015,10-Q,2026-06-25,https://data.sec.gov/api/xbrl/companyfacts/CIK0000723125.json,memory (DRAM+NAND)
2025-05-30,2025-08-28,2025,Q4,2025Q3,MU,operating_income,3654000000.0,USD,OperatingIncomeLoss,ytd_diff,0000723125-25-000028,10-K,2025-10-03,https://data.sec.gov/api/xbrl/companyfacts/CIK0000723125.json,memory (DRAM+NAND)
2025-08-29,2025-11-27,2026,Q1,2025Q4,MU,operating_income,6136000000.0,USD,OperatingIncomeLoss,reported,0000723125-25-000046,10-Q,2025-12-18,https://data.sec.gov/api/xbrl/companyfacts/CIK0000723125.json,memory (DRAM+NAND)
2025-11-28,2026-02-26,2026,Q2,2026Q1,MU,operating_income,16135000000.0,USD,OperatingIncomeLoss,reported,0000723125-26-000006,10-Q,2026-03-19,https://data.sec.gov/api/xbrl/companyfacts/CIK0000723125.json,memory (DRAM+NAND)
2026-02-27,2026-05-28,2026,Q3,2026Q2,MU,operating_income,33318000000.0,USD,OperatingIncomeLoss,reported,0000723125-26-000015,10-Q,2026-06-25,https://data.sec.gov/api/xbrl/companyfacts/CIK0000723125.json,memory (DRAM+NAND)
2013-11-29,2014-02-27,2014,Q2,2014Q1,MU,revenue,4107000000.0,USD,SalesRevenueNet,reported,0000723125-15-000112,10-K,2015-10-27,https://data.sec.gov/api/xbrl/companyfacts/CIK0000723125.json,memory (DRAM+NAND)
2014-02-28,2014-05-29,2014,Q3,2014Q2,MU,revenue,3982000000.0,USD,SalesRevenueNet,reported,0000723125-15-000112,10-K,2015-10-27,https://data.sec.gov/api/xbrl/companyfacts/CIK0000723125.json,memory (DRAM+NAND)
2014-05-30,2014-08-28,2014,Q4,2014Q3,MU,revenue,4227000000.0,USD,SalesRevenueNet,reported,0000723125-15-000112,10-K,2015-10-27,https://data.sec.gov/api/xbrl/companyfacts/CIK0000723125.json,memory (DRAM+NAND)
2014-08-29,2014-12-04,2015,Q1,2014Q4,MU,revenue,4573000000.0,USD,SalesRevenueNet,reported,0000723125-16-000269,10-K,2016-10-28,https://data.sec.gov/api/xbrl/companyfacts/CIK0000723125.json,memory (DRAM+NAND)
2014-12-05,2015-03-05,2015,Q2,2015Q1,MU,revenue,4166000000.0,USD,SalesRevenueNet,reported,0000723125-16-000269,10-K,2016-10-28,https://data.sec.gov/api/xbrl/companyfacts/CIK0000723125.json,memory (DRAM+NAND)
2015-03-06,2015-06-04,2015,Q3,2015Q2,MU,revenue,3853000000.0,USD,SalesRevenueNet,reported,0000723125-16-000269,10-K,2016-10-28,https://data.sec.gov/api/xbrl/companyfacts/CIK0000723125.json,memory (DRAM+NAND)
2015-06-05,2015-09-03,2015,Q4,2015Q3,MU,revenue,3600000000.0,USD,SalesRevenueNet,reported,0000723125-16-000269,10-K,2016-10-28,https://data.sec.gov/api/xbrl/companyfacts/CIK0000723125.json,memory (DRAM+NAND)
2015-09-04,2015-12-03,2016,Q1,2015Q4,MU,revenue,3350000000.0,USD,SalesRevenueNet,reported,0000723125-17-000131,10-K,2017-10-26,https://data.sec.gov/api/xbrl/companyfacts/CIK0000723125.json,memory (DRAM+NAND)
2015-12-04,2016-03-03,2016,Q2,2016Q1,MU,revenue,2934000000.0,USD,SalesRevenueNet,reported,0000723125-17-000131,10-K,2017-10-26,https://data.sec.gov/api/xbrl/companyfacts/CIK0000723125.json,memory (DRAM+NAND)
2016-03-04,2016-06-02,2016,Q3,2016Q2,MU,revenue,2898000000.0,USD,SalesRevenueNet,reported,0000723125-17-000131,10-K,2017-10-26,https://data.sec.gov/api/xbrl/companyfacts/CIK0000723125.json,memory (DRAM+NAND)
2016-06-03,2016-09-01,2016,Q4,2016Q3,MU,revenue,3217000000.0,USD,SalesRevenueNet,reported,0000723125-17-000131,10-K,2017-10-26,https://data.sec.gov/api/xbrl/companyfacts/CIK0000723125.json,memory (DRAM+NAND)
2016-09-02,2016-12-01,2017,Q1,2016Q4,MU,revenue,3970000000.0,USD,Revenues,reported,0000723125-18-000092,10-K,2018-10-15,https://data.sec.gov/api/xbrl/companyfacts/CIK0000723125.json,memory (DRAM+NAND)
2016-12-02,2017-03-02,2017,Q2,2017Q1,MU,revenue,4648000000.0,USD,Revenues,reported,0000723125-18-000092,10-K,2018-10-15,https://data.sec.gov/api/xbrl/companyfacts/CIK0000723125.json,memory (DRAM+NAND)
2017-03-03,2017-06-01,2017,Q3,2017Q2,MU,revenue,5566000000.0,USD,Revenues,reported,0000723125-18-000092,10-K,2018-10-15,https://data.sec.gov/api/xbrl/companyfacts/CIK0000723125.json,memory (DRAM+NAND)
2017-06-02,2017-08-31,2017,Q4,2017Q3,MU,revenue,6138000000.0,USD,Revenues,reported,0000723125-18-000092,10-K,2018-10-15,https://data.sec.gov/api/xbrl/companyfacts/CIK0000723125.json,memory (DRAM+NAND)
2017-09-01,2017-11-30,2018,Q1,2017Q4,MU,revenue,6803000000.0,USD,RevenueFromContractWithCustomerExcludingAssessedTax,reported,0000723125-19-000094,10-K,2019-10-17,https://data.sec.gov/api/xbrl/companyfacts/CIK0000723125.json,memory (DRAM+NAND)
2017-12-01,2018-03-01,2018,Q2,2018Q1,MU,revenue,7351000000.0,USD,RevenueFromContractWithCustomerExcludingAssessedTax,reported,0000723125-19-000094,10-K,2019-10-17,https://data.sec.gov/api/xbrl/companyfacts/CIK0000723125.json,memory (DRAM+NAND)
2018-03-02,2018-05-31,2018,Q3,2018Q2,MU,revenue,7797000000.0,USD,RevenueFromContractWithCustomerExcludingAssessedTax,reported,0000723125-19-000094,10-K,2019-10-17,https://data.sec.gov/api/xbrl/companyfacts/CIK0000723125.json,memory (DRAM+NAND)
2018-06-01,2018-08-30,2018,Q4,2018Q3,MU,revenue,8440000000.0,USD,RevenueFromContractWithCustomerExcludingAssessedTax,reported,0000723125-19-000094,10-K,2019-10-17,https://data.sec.gov/api/xbrl/companyfacts/CIK0000723125.json,memory (DRAM+NAND)
2018-08-31,2018-11-29,2019,Q1,2018Q4,MU,revenue,7913000000.0,USD,RevenueFromContractWithCustomerExcludingAssessedTax,reported,0000723125-20-000082,10-K,2020-10-19,https://data.sec.gov/api/xbrl/companyfacts/CIK0000723125.json,memory (DRAM+NAND)
2018-11-30,2019-02-28,2019,Q2,2019Q1,MU,revenue,5835000000.0,USD,RevenueFromContractWithCustomerExcludingAssessedTax,reported,0000723125-20-000082,10-K,2020-10-19,https://data.sec.gov/api/xbrl/companyfacts/CIK0000723125.json,memory (DRAM+NAND)
2019-03-01,2019-05-30,2019,Q3,2019Q2,MU,revenue,4788000000.0,USD,RevenueFromContractWithCustomerExcludingAssessedTax,reported,0000723125-20-000082,10-K,2020-10-19,https://data.sec.gov/api/xbrl/companyfacts/CIK0000723125.json,memory (DRAM+NAND)
2019-05-31,2019-08-29,2019,Q4,2019Q3,MU,revenue,4870000000.0,USD,RevenueFromContractWithCustomerExcludingAssessedTax,reported,0000723125-20-000082,10-K,2020-10-19,https://data.sec.gov/api/xbrl/companyfacts/CIK0000723125.json,memory (DRAM+NAND)
2019-08-30,2019-11-28,2020,Q1,2019Q4,MU,revenue,5144000000.0,USD,RevenueFromContractWithCustomerExcludingAssessedTax,reported,0000723125-21-000012,10-Q,2021-01-08,https://data.sec.gov/api/xbrl/companyfacts/CIK0000723125.json,memory (DRAM+NAND)
2019-11-29,2020-02-27,2020,Q2,2020Q1,MU,revenue,4797000000.0,USD,RevenueFromContractWithCustomerExcludingAssessedTax,reported,0000723125-21-000032,10-Q,2021-04-01,https://data.sec.gov/api/xbrl/companyfacts/CIK0000723125.json,memory (DRAM+NAND)
2020-02-28,2020-05-28,2020,Q3,2020Q2,MU,revenue,5438000000.0,USD,RevenueFromContractWithCustomerExcludingAssessedTax,reported,0000723125-21-000052,10-Q,2021-07-01,https://data.sec.gov/api/xbrl/companyfacts/CIK0000723125.json,memory (DRAM+NAND)
2020-05-29,2020-09-03,2020,Q4,2020Q3,MU,revenue,6056000000.0,USD,RevenueFromContractWithCustomerExcludingAssessedTax,reported,0000723125-20-000082,10-K,2020-10-19,https://data.sec.gov/api/xbrl/companyfacts/CIK0000723125.json,memory (DRAM+NAND)
2020-09-04,2020-12-03,2021,Q1,2020Q4,MU,revenue,5773000000.0,USD,RevenueFromContractWithCustomerExcludingAssessedTax,reported,0000723125-22-000004,10-Q,2022-01-06,https://data.sec.gov/api/xbrl/companyfacts/CIK0000723125.json,memory (DRAM+NAND)
2020-12-04,2021-03-04,2021,Q2,2021Q1,MU,revenue,6236000000.0,USD,RevenueFromContractWithCustomerExcludingAssessedTax,reported,0000723125-22-000016,10-Q,2022-03-30,https://data.sec.gov/api/xbrl/companyfacts/CIK0000723125.json,memory (DRAM+NAND)
2021-03-05,2021-06-03,2021,Q3,2021Q2,MU,revenue,7422000000.0,USD,RevenueFromContractWithCustomerExcludingAssessedTax,reported,0000723125-22-000036,10-Q,2022-07-01,https://data.sec.gov/api/xbrl/companyfacts/CIK0000723125.json,memory (DRAM+NAND)
2021-06-04,2021-09-02,2021,Q4,2021Q3,MU,revenue,8274000000.0,USD,RevenueFromContractWithCustomerExcludingAssessedTax,ytd_diff,0000723125-23-000054,10-K,2023-10-06,https://data.sec.gov/api/xbrl/companyfacts/CIK0000723125.json,memory (DRAM+NAND)
2021-09-03,2021-12-02,2022,Q1,2021Q4,MU,revenue,7687000000.0,USD,RevenueFromContractWithCustomerExcludingAssessedTax,reported,0000723125-22-000072,10-Q,2022-12-22,https://data.sec.gov/api/xbrl/companyfacts/CIK0000723125.json,memory (DRAM+NAND)
2021-12-03,2022-03-03,2022,Q2,2022Q1,MU,revenue,7786000000.0,USD,RevenueFromContractWithCustomerExcludingAssessedTax,reported,0000723125-23-000022,10-Q,2023-03-29,https://data.sec.gov/api/xbrl/companyfacts/CIK0000723125.json,memory (DRAM+NAND)
2022-03-04,2022-06-02,2022,Q3,2022Q2,MU,revenue,8642000000.0,USD,RevenueFromContractWithCustomerExcludingAssessedTax,reported,0000723125-23-000041,10-Q,2023-06-29,https://data.sec.gov/api/xbrl/companyfacts/CIK0000723125.json,memory (DRAM+NAND)
2022-06-03,2022-09-01,2022,Q4,2022Q3,MU,revenue,6643000000.0,USD,RevenueFromContractWithCustomerExcludingAssessedTax,ytd_diff,0000723125-24-000027,10-K,2024-10-04,https://data.sec.gov/api/xbrl/companyfacts/CIK0000723125.json,memory (DRAM+NAND)
2022-09-02,2022-12-01,2023,Q1,2022Q4,MU,revenue,4085000000.0,USD,RevenueFromContractWithCustomerExcludingAssessedTax,reported,0000723125-23-000077,10-Q,2023-12-21,https://data.sec.gov/api/xbrl/companyfacts/CIK0000723125.json,memory (DRAM+NAND)
2022-12-02,2023-03-02,2023,Q2,2023Q1,MU,revenue,3693000000.0,USD,RevenueFromContractWithCustomerExcludingAssessedTax,reported,0000723125-24-000007,10-Q,2024-03-21,https://data.sec.gov/api/xbrl/companyfacts/CIK0000723125.json,memory (DRAM+NAND)
2023-03-03,2023-06-01,2023,Q3,2023Q2,MU,revenue,3752000000.0,USD,RevenueFromContractWithCustomerExcludingAssessedTax,reported,0000723125-24-000019,10-Q,2024-06-27,https://data.sec.gov/api/xbrl/companyfacts/CIK0000723125.json,memory (DRAM+NAND)
2023-06-02,2023-08-31,2023,Q4,2023Q3,MU,revenue,4010000000.0,USD,RevenueFromContractWithCustomerExcludingAssessedTax,ytd_diff,0000723125-25-000028,10-K,2025-10-03,https://data.sec.gov/api/xbrl/companyfacts/CIK0000723125.json,memory (DRAM+NAND)
2023-09-01,2023-11-30,2024,Q1,2023Q4,MU,revenue,4726000000.0,USD,RevenueFromContractWithCustomerExcludingAssessedTax,reported,0000723125-24-000047,10-Q,2024-12-19,https://data.sec.gov/api/xbrl/companyfacts/CIK0000723125.json,memory (DRAM+NAND)
2023-12-01,2024-02-29,2024,Q2,2024Q1,MU,revenue,5824000000.0,USD,RevenueFromContractWithCustomerExcludingAssessedTax,reported,0000723125-25-000009,10-Q,2025-03-21,https://data.sec.gov/api/xbrl/companyfacts/CIK0000723125.json,memory (DRAM+NAND)
2024-03-01,2024-05-30,2024,Q3,2024Q2,MU,revenue,6811000000.0,USD,RevenueFromContractWithCustomerExcludingAssessedTax,reported,0000723125-25-000021,10-Q,2025-06-26,https://data.sec.gov/api/xbrl/companyfacts/CIK0000723125.json,memory (DRAM+NAND)
2024-05-31,2024-08-29,2024,Q4,2024Q3,MU,revenue,7750000000.0,USD,RevenueFromContractWithCustomerExcludingAssessedTax,ytd_diff,0000723125-25-000028,10-K,2025-10-03,https://data.sec.gov/api/xbrl/companyfacts/CIK0000723125.json,memory (DRAM+NAND)
2024-08-30,2024-11-28,2025,Q1,2024Q4,MU,revenue,8709000000.0,USD,RevenueFromContractWithCustomerExcludingAssessedTax,reported,0000723125-25-000046,10-Q,2025-12-18,https://data.sec.gov/api/xbrl/companyfacts/CIK0000723125.json,memory (DRAM+NAND)
2024-11-29,2025-02-27,2025,Q2,2025Q1,MU,revenue,8053000000.0,USD,RevenueFromContractWithCustomerExcludingAssessedTax,reported,0000723125-26-000006,10-Q,2026-03-19,https://data.sec.gov/api/xbrl/companyfacts/CIK0000723125.json,memory (DRAM+NAND)
2025-02-28,2025-05-29,2025,Q3,2025Q2,MU,revenue,9301000000.0,USD,RevenueFromContractWithCustomerExcludingAssessedTax,reported,0000723125-26-000015,10-Q,2026-06-25,https://data.sec.gov/api/xbrl/companyfacts/CIK0000723125.json,memory (DRAM+NAND)
2025-05-30,2025-08-28,2025,Q4,2025Q3,MU,revenue,11315000000.0,USD,RevenueFromContractWithCustomerExcludingAssessedTax,ytd_diff,0000723125-25-000028,10-K,2025-10-03,https://data.sec.gov/api/xbrl/companyfacts/CIK0000723125.json,memory (DRAM+NAND)
2025-08-29,2025-11-27,2026,Q1,2025Q4,MU,revenue,13643000000.0,USD,RevenueFromContractWithCustomerExcludingAssessedTax,reported,0000723125-25-000046,10-Q,2025-12-18,https://data.sec.gov/api/xbrl/companyfacts/CIK0000723125.json,memory (DRAM+NAND)
2025-11-28,2026-02-26,2026,Q2,2026Q1,MU,revenue,23860000000.0,USD,RevenueFromContractWithCustomerExcludingAssessedTax,reported,0000723125-26-000006,10-Q,2026-03-19,https://data.sec.gov/api/xbrl/companyfacts/CIK0000723125.json,memory (DRAM+NAND)
2026-02-27,2026-05-28,2026,Q3,2026Q2,MU,revenue,41456000000.0,USD,RevenueFromContractWithCustomerExcludingAssessedTax,reported,0000723125-26-000015,10-Q,2026-06-25,https://data.sec.gov/api/xbrl/companyfacts/CIK0000723125.json,memory (DRAM+NAND)
2014-01-27,2014-04-27,2015,Q1,2014Q1,NVDA,capex,29000000.0,USD,PaymentsToAcquirePropertyPlantAndEquipment,reported,0001045810-15-000097,10-Q,2015-05-20,https://data.sec.gov/api/xbrl/companyfacts/CIK0001045810.json,AI accelerators
2014-04-28,2014-07-27,2015,Q2,2014Q2,NVDA,capex,23000000.0,USD,PaymentsToAcquirePropertyPlantAndEquipment,ytd_diff,0001045810-15-000143,10-Q,2015-08-19,https://data.sec.gov/api/xbrl/companyfacts/CIK0001045810.json,AI accelerators
2014-07-28,2014-10-26,2015,Q3,2014Q3,NVDA,capex,39000000.0,USD,PaymentsToAcquirePropertyPlantAndEquipment,ytd_diff,0001045810-15-000173,10-Q,2015-11-18,https://data.sec.gov/api/xbrl/companyfacts/CIK0001045810.json,AI accelerators
2015-01-26,2015-04-26,2016,Q1,2015Q1,NVDA,capex,30000000.0,USD,PaymentsToAcquirePropertyPlantAndEquipment,reported,0001045810-16-000275,10-Q,2016-05-25,https://data.sec.gov/api/xbrl/companyfacts/CIK0001045810.json,AI accelerators
2015-04-27,2015-07-26,2016,Q2,2015Q2,NVDA,capex,24000000.0,USD,PaymentsToAcquirePropertyPlantAndEquipment,ytd_diff,0001045810-16-000300,10-Q,2016-08-23,https://data.sec.gov/api/xbrl/companyfacts/CIK0001045810.json,AI accelerators
2015-07-27,2015-10-25,2016,Q3,2015Q3,NVDA,capex,17000000.0,USD,PaymentsToAcquirePropertyPlantAndEquipment,ytd_diff,0001045810-16-000353,10-Q,2016-11-22,https://data.sec.gov/api/xbrl/companyfacts/CIK0001045810.json,AI accelerators
2016-02-01,2016-05-01,2017,Q1,2016Q1,NVDA,capex,55000000.0,USD,PaymentsToAcquirePropertyPlantAndEquipment,reported,0001045810-17-000075,10-Q,2017-05-23,https://data.sec.gov/api/xbrl/companyfacts/CIK0001045810.json,AI accelerators
2016-05-02,2016-07-31,2017,Q2,2016Q2,NVDA,capex,32000000.0,USD,PaymentsToAcquirePropertyPlantAndEquipment,ytd_diff,0001045810-17-000123,10-Q,2017-08-23,https://data.sec.gov/api/xbrl/companyfacts/CIK0001045810.json,AI accelerators
2016-08-01,2016-10-30,2017,Q3,2016Q3,NVDA,capex,38000000.0,USD,PaymentsToAcquirePropertyPlantAndEquipment,ytd_diff,0001045810-17-000172,10-Q,2017-11-21,https://data.sec.gov/api/xbrl/companyfacts/CIK0001045810.json,AI accelerators
2017-01-30,2017-04-30,2018,Q1,2017Q1,NVDA,capex,54000000.0,USD,PaymentsToAcquirePropertyPlantAndEquipment,reported,0001045810-18-000080,10-Q,2018-05-22,https://data.sec.gov/api/xbrl/companyfacts/CIK0001045810.json,AI accelerators
2017-05-01,2017-07-30,2018,Q2,2017Q2,NVDA,capex,54000000.0,USD,PaymentsToAcquirePropertyPlantAndEquipment,ytd_diff,0001045810-18-000114,10-Q,2018-08-16,https://data.sec.gov/api/xbrl/companyfacts/CIK0001045810.json,AI accelerators
2017-07-31,2017-10-29,2018,Q3,2017Q3,NVDA,capex,69000000.0,USD,PaymentsToAcquirePropertyPlantAndEquipment,ytd_diff,0001045810-18-000150,10-Q,2018-11-15,https://data.sec.gov/api/xbrl/companyfacts/CIK0001045810.json,AI accelerators
2018-01-29,2018-04-29,2019,Q1,2018Q1,NVDA,capex,118000000.0,USD,PaymentsToAcquirePropertyPlantAndEquipment,reported,0001045810-19-000079,10-Q,2019-05-16,https://data.sec.gov/api/xbrl/companyfacts/CIK0001045810.json,AI accelerators
2018-04-30,2018-07-29,2019,Q2,2018Q2,NVDA,capex,129000000.0,USD,PaymentsToAcquirePropertyPlantAndEquipment,ytd_diff,0001045810-19-000144,10-Q,2019-08-15,https://data.sec.gov/api/xbrl/companyfacts/CIK0001045810.json,AI accelerators
2018-07-30,2018-10-28,2019,Q3,2018Q3,NVDA,capex,150000000.0,USD,PaymentsToAcquirePropertyPlantAndEquipment,ytd_diff,0001045810-19-000170,10-Q,2019-11-14,https://data.sec.gov/api/xbrl/companyfacts/CIK0001045810.json,AI accelerators
2019-01-28,2019-04-28,2020,Q1,2019Q1,NVDA,capex,128000000.0,USD,PaymentsToAcquirePropertyPlantAndEquipment,reported,0001045810-20-000065,10-Q,2020-05-21,https://data.sec.gov/api/xbrl/companyfacts/CIK0001045810.json,AI accelerators
2019-04-29,2019-07-28,2020,Q2,2019Q2,NVDA,capex,113000000.0,USD,PaymentsToAcquirePropertyPlantAndEquipment,ytd_diff,0001045810-20-000147,10-Q,2020-08-19,https://data.sec.gov/api/xbrl/companyfacts/CIK0001045810.json,AI accelerators
2019-07-29,2019-10-27,2020,Q3,2019Q3,NVDA,capex,103000000.0,USD,PaymentsToAcquirePropertyPlantAndEquipment,ytd_diff,0001045810-19-000170,10-Q,2019-11-14,https://data.sec.gov/api/xbrl/companyfacts/CIK0001045810.json,AI accelerators
2020-01-27,2020-04-26,2021,Q1,2020Q1,NVDA,capex,155000000.0,USD,PaymentsToAcquireProductiveAssets,reported,0001045810-21-000064,10-Q,2021-05-26,https://data.sec.gov/api/xbrl/companyfacts/CIK0001045810.json,AI accelerators
2020-04-27,2020-07-26,2021,Q2,2020Q2,NVDA,capex,217000000.0,USD,PaymentsToAcquireProductiveAssets,ytd_diff,0001045810-21-000131,10-Q,2021-08-20,https://data.sec.gov/api/xbrl/companyfacts/CIK0001045810.json,AI accelerators
2020-07-27,2020-10-25,2021,Q3,2020Q3,NVDA,capex,473000000.0,USD,PaymentsToAcquireProductiveAssets,ytd_diff,0001045810-21-000163,10-Q,2021-11-22,https://data.sec.gov/api/xbrl/companyfacts/CIK0001045810.json,AI accelerators
2021-02-01,2021-05-02,2022,Q1,2021Q1,NVDA,capex,298000000.0,USD,PaymentsToAcquireProductiveAssets,reported,0001045810-21-000064,10-Q,2021-05-26,https://data.sec.gov/api/xbrl/companyfacts/CIK0001045810.json,AI accelerators
2021-05-03,2021-08-01,2022,Q2,2021Q2,NVDA,capex,183000000.0,USD,PaymentsToAcquireProductiveAssets,ytd_diff,0001045810-21-000131,10-Q,2021-08-20,https://data.sec.gov/api/xbrl/companyfacts/CIK0001045810.json,AI accelerators
2021-08-02,2021-10-31,2022,Q3,2021Q3,NVDA,capex,222000000.0,USD,PaymentsToAcquireProductiveAssets,ytd_diff,0001045810-21-000163,10-Q,2021-11-22,https://data.sec.gov/api/xbrl/companyfacts/CIK0001045810.json,AI accelerators
2021-11-01,2022-01-30,2022,Q4,2021Q4,NVDA,capex,273000000.0,USD,PaymentsToAcquireProductiveAssets,ytd_diff,0001045810-24-000029,10-K,2024-02-21,https://data.sec.gov/api/xbrl/companyfacts/CIK0001045810.json,AI accelerators
2022-10-31,2023-01-29,2023,Q4,2022Q4,NVDA,capex,509000000.0,USD,PaymentsToAcquireProductiveAssets,ytd_diff,0001045810-25-000023,10-K,2025-02-26,https://data.sec.gov/api/xbrl/companyfacts/CIK0001045810.json,AI accelerators
2023-01-30,2023-04-30,2024,Q1,2023Q1,NVDA,capex,248000000.0,USD,PaymentsToAcquireProductiveAssets,reported,0001045810-24-000124,10-Q,2024-05-29,https://data.sec.gov/api/xbrl/companyfacts/CIK0001045810.json,AI accelerators
2023-05-01,2023-07-30,2024,Q2,2023Q2,NVDA,capex,289000000.0,USD,PaymentsToAcquireProductiveAssets,ytd_diff,0001045810-24-000264,10-Q,2024-08-28,https://data.sec.gov/api/xbrl/companyfacts/CIK0001045810.json,AI accelerators
2023-07-31,2023-10-29,2024,Q3,2023Q3,NVDA,capex,278000000.0,USD,PaymentsToAcquireProductiveAssets,ytd_diff,0001045810-24-000316,10-Q,2024-11-20,https://data.sec.gov/api/xbrl/companyfacts/CIK0001045810.json,AI accelerators
2023-10-30,2024-01-28,2024,Q4,2023Q4,NVDA,capex,254000000.0,USD,PaymentsToAcquireProductiveAssets,ytd_diff,0001045810-26-000021,10-K,2026-02-25,https://data.sec.gov/api/xbrl/companyfacts/CIK0001045810.json,AI accelerators
2024-01-29,2024-04-28,2025,Q1,2024Q1,NVDA,capex,369000000.0,USD,PaymentsToAcquireProductiveAssets,reported,0001045810-25-000116,10-Q,2025-05-28,https://data.sec.gov/api/xbrl/companyfacts/CIK0001045810.json,AI accelerators
2024-04-29,2024-07-28,2025,Q2,2024Q2,NVDA,capex,977000000.0,USD,PaymentsToAcquireProductiveAssets,ytd_diff,0001045810-25-000209,10-Q,2025-08-27,https://data.sec.gov/api/xbrl/companyfacts/CIK0001045810.json,AI accelerators
2024-07-29,2024-10-27,2025,Q3,2024Q3,NVDA,capex,813000000.0,USD,PaymentsToAcquireProductiveAssets,ytd_diff,0001045810-25-000230,10-Q,2025-11-19,https://data.sec.gov/api/xbrl/companyfacts/CIK0001045810.json,AI accelerators
2024-10-28,2025-01-26,2025,Q4,2024Q4,NVDA,capex,1077000000.0,USD,PaymentsToAcquireProductiveAssets,ytd_diff,0001045810-26-000021,10-K,2026-02-25,https://data.sec.gov/api/xbrl/companyfacts/CIK0001045810.json,AI accelerators
2025-01-27,2025-04-27,2026,Q1,2025Q1,NVDA,capex,1227000000.0,USD,PaymentsToAcquireProductiveAssets,reported,0001045810-26-000052,10-Q,2026-05-20,https://data.sec.gov/api/xbrl/companyfacts/CIK0001045810.json,AI accelerators
2025-04-28,2025-07-27,2026,Q2,2025Q2,NVDA,capex,1895000000.0,USD,PaymentsToAcquireProductiveAssets,ytd_diff,0001045810-26-000075,10-Q,2026-08-26,https://data.sec.gov/api/xbrl/companyfacts/CIK0001045810.json,AI accelerators
2025-07-28,2025-10-26,2026,Q3,2025Q3,NVDA,capex,1636000000.0,USD,PaymentsToAcquireProductiveAssets,ytd_diff,0001045810-25-000230,10-Q,2025-11-19,https://data.sec.gov/api/xbrl/companyfacts/CIK0001045810.json,AI accelerators
2025-10-27,2026-01-25,2026,Q4,2025Q4,NVDA,capex,1284000000.0,USD,PaymentsToAcquireProductiveAssets,ytd_diff,0001045810-26-000021,10-K,2026-02-25,https://data.sec.gov/api/xbrl/companyfacts/CIK0001045810.json,AI accelerators
2026-01-26,2026-04-26,2027,Q1,2026Q1,NVDA,capex,1757000000.0,USD,PaymentsToAcquireProductiveAssets,reported,0001045810-26-000052,10-Q,2026-05-20,https://data.sec.gov/api/xbrl/companyfacts/CIK0001045810.json,AI accelerators
2026-04-27,2026-07-26,2027,Q2,2026Q2,NVDA,capex,2677000000.0,USD,PaymentsToAcquireProductiveAssets,ytd_diff,0001045810-26-000075,10-Q,2026-08-26,https://data.sec.gov/api/xbrl/companyfacts/CIK0001045810.json,AI accelerators
2013-10-28,2014-01-26,2014,Q4,2013Q4,NVDA,cost_of_revenue,524976000.0,USD,CostOfRevenue,reported,0001045810-15-000036,10-K,2015-03-12,https://data.sec.gov/api/xbrl/companyfacts/CIK0001045810.json,AI accelerators
2014-01-27,2014-04-27,2015,Q1,2014Q1,NVDA,cost_of_revenue,499000000.0,USD,CostOfRevenue,reported,0001045810-16-000205,10-K,2016-03-17,https://data.sec.gov/api/xbrl/companyfacts/CIK0001045810.json,AI accelerators
2014-04-28,2014-07-27,2015,Q2,2014Q2,NVDA,cost_of_revenue,484000000.0,USD,CostOfRevenue,reported,0001045810-16-000205,10-K,2016-03-17,https://data.sec.gov/api/xbrl/companyfacts/CIK0001045810.json,AI accelerators
2014-07-28,2014-10-26,2015,Q3,2014Q3,NVDA,cost_of_revenue,548000000.0,USD,CostOfRevenue,reported,0001045810-16-000205,10-K,2016-03-17,https://data.sec.gov/api/xbrl/companyfacts/CIK0001045810.json,AI accelerators
2014-10-27,2015-01-25,2015,Q4,2014Q4,NVDA,cost_of_revenue,552000000.0,USD,CostOfRevenue,reported,0001045810-16-000205,10-K,2016-03-17,https://data.sec.gov/api/xbrl/companyfacts/CIK0001045810.json,AI accelerators
2015-01-26,2015-04-26,2016,Q1,2015Q1,NVDA,cost_of_revenue,498000000.0,USD,CostOfRevenue,reported,0001045810-17-000027,10-K,2017-03-01,https://data.sec.gov/api/xbrl/companyfacts/CIK0001045810.json,AI accelerators
2015-04-27,2015-07-26,2016,Q2,2015Q2,NVDA,cost_of_revenue,519000000.0,USD,CostOfRevenue,reported,0001045810-17-000027,10-K,2017-03-01,https://data.sec.gov/api/xbrl/companyfacts/CIK0001045810.json,AI accelerators
2015-07-27,2015-10-25,2016,Q3,2015Q3,NVDA,cost_of_revenue,572000000.0,USD,CostOfRevenue,reported,0001045810-17-000027,10-K,2017-03-01,https://data.sec.gov/api/xbrl/companyfacts/CIK0001045810.json,AI accelerators
2015-10-26,2016-01-31,2016,Q4,2015Q4,NVDA,cost_of_revenue,610000000.0,USD,CostOfRevenue,reported,0001045810-17-000027,10-K,2017-03-01,https://data.sec.gov/api/xbrl/companyfacts/CIK0001045810.json,AI accelerators
2016-02-01,2016-05-01,2017,Q1,2016Q1,NVDA,cost_of_revenue,554000000.0,USD,CostOfRevenue,reported,0001045810-18-000010,10-K,2018-02-28,https://data.sec.gov/api/xbrl/companyfacts/CIK0001045810.json,AI accelerators
2016-05-02,2016-07-31,2017,Q2,2016Q2,NVDA,cost_of_revenue,602000000.0,USD,CostOfRevenue,reported,0001045810-18-000010,10-K,2018-02-28,https://data.sec.gov/api/xbrl/companyfacts/CIK0001045810.json,AI accelerators
2016-08-01,2016-10-30,2017,Q3,2016Q3,NVDA,cost_of_revenue,821000000.0,USD,CostOfRevenue,reported,0001045810-18-000010,10-K,2018-02-28,https://data.sec.gov/api/xbrl/companyfacts/CIK0001045810.json,AI accelerators
2016-10-31,2017-01-29,2017,Q4,2016Q4,NVDA,cost_of_revenue,870000000.0,USD,CostOfRevenue,reported,0001045810-18-000010,10-K,2018-02-28,https://data.sec.gov/api/xbrl/companyfacts/CIK0001045810.json,AI accelerators
2017-01-30,2017-04-30,2018,Q1,2017Q1,NVDA,cost_of_revenue,787000000.0,USD,CostOfGoodsAndServicesSold,reported,0001045810-19-000023,10-K,2019-02-21,https://data.sec.gov/api/xbrl/companyfacts/CIK0001045810.json,AI accelerators
2017-05-01,2017-07-30,2018,Q2,2017Q2,NVDA,cost_of_revenue,928000000.0,USD,CostOfGoodsAndServicesSold,reported,0001045810-19-000023,10-K,2019-02-21,https://data.sec.gov/api/xbrl/companyfacts/CIK0001045810.json,AI accelerators
2017-07-31,2017-10-29,2018,Q3,2017Q3,NVDA,cost_of_revenue,1067000000.0,USD,CostOfGoodsAndServicesSold,reported,0001045810-19-000023,10-K,2019-02-21,https://data.sec.gov/api/xbrl/companyfacts/CIK0001045810.json,AI accelerators
2017-10-30,2018-01-28,2018,Q4,2017Q4,NVDA,cost_of_revenue,1110000000.0,USD,CostOfGoodsAndServicesSold,reported,0001045810-19-000023,10-K,2019-02-21,https://data.sec.gov/api/xbrl/companyfacts/CIK0001045810.json,AI accelerators
2018-01-29,2018-04-29,2019,Q1,2018Q1,NVDA,cost_of_revenue,1139000000.0,USD,CostOfGoodsAndServicesSold,reported,0001045810-20-000010,10-K,2020-02-20,https://data.sec.gov/api/xbrl/companyfacts/CIK0001045810.json,AI accelerators
2018-04-30,2018-07-29,2019,Q2,2018Q2,NVDA,cost_of_revenue,1148000000.0,USD,CostOfGoodsAndServicesSold,reported,0001045810-20-000010,10-K,2020-02-20,https://data.sec.gov/api/xbrl/companyfacts/CIK0001045810.json,AI accelerators
2018-07-30,2018-10-28,2019,Q3,2018Q3,NVDA,cost_of_revenue,1260000000.0,USD,CostOfGoodsAndServicesSold,reported,0001045810-20-000010,10-K,2020-02-20,https://data.sec.gov/api/xbrl/companyfacts/CIK0001045810.json,AI accelerators
2018-10-29,2019-01-27,2019,Q4,2018Q4,NVDA,cost_of_revenue,998000000.0,USD,CostOfGoodsAndServicesSold,reported,0001045810-20-000010,10-K,2020-02-20,https://data.sec.gov/api/xbrl/companyfacts/CIK0001045810.json,AI accelerators
2019-01-28,2019-04-28,2020,Q1,2019Q1,NVDA,cost_of_revenue,924000000.0,USD,CostOfRevenue,reported,0001045810-20-000065,10-Q,2020-05-21,https://data.sec.gov/api/xbrl/companyfacts/CIK0001045810.json,AI accelerators
2019-04-29,2019-07-28,2020,Q2,2019Q2,NVDA,cost_of_revenue,1038000000.0,USD,CostOfRevenue,reported,0001045810-20-000147,10-Q,2020-08-19,https://data.sec.gov/api/xbrl/companyfacts/CIK0001045810.json,AI accelerators
2019-07-29,2019-10-27,2020,Q3,2019Q3,NVDA,cost_of_revenue,1098000000.0,USD,CostOfRevenue,reported,0001045810-20-000189,10-Q,2020-11-18,https://data.sec.gov/api/xbrl/companyfacts/CIK0001045810.json,AI accelerators
2019-10-28,2020-01-26,2020,Q4,2019Q4,NVDA,cost_of_revenue,1090000000.0,USD,CostOfGoodsAndServicesSold,reported,0001045810-20-000010,10-K,2020-02-20,https://data.sec.gov/api/xbrl/companyfacts/CIK0001045810.json,AI accelerators
2020-01-27,2020-04-26,2021,Q1,2020Q1,NVDA,cost_of_revenue,1076000000.0,USD,CostOfRevenue,reported,0001045810-21-000064,10-Q,2021-05-26,https://data.sec.gov/api/xbrl/companyfacts/CIK0001045810.json,AI accelerators
2020-04-27,2020-07-26,2021,Q2,2020Q2,NVDA,cost_of_revenue,1591000000.0,USD,CostOfRevenue,reported,0001045810-21-000131,10-Q,2021-08-20,https://data.sec.gov/api/xbrl/companyfacts/CIK0001045810.json,AI accelerators
2020-07-27,2020-10-25,2021,Q3,2020Q3,NVDA,cost_of_revenue,1766000000.0,USD,CostOfRevenue,reported,0001045810-21-000163,10-Q,2021-11-22,https://data.sec.gov/api/xbrl/companyfacts/CIK0001045810.json,AI accelerators
2020-10-26,2021-01-31,2021,Q4,2020Q4,NVDA,cost_of_revenue,1847000000.0,USD,CostOfRevenue,ytd_diff,0001045810-23-000017,10-K,2023-02-24,https://data.sec.gov/api/xbrl/companyfacts/CIK0001045810.json,AI accelerators
2021-02-01,2021-05-02,2022,Q1,2021Q1,NVDA,cost_of_revenue,2032000000.0,USD,CostOfRevenue,reported,0001045810-22-000079,10-Q,2022-05-27,https://data.sec.gov/api/xbrl/companyfacts/CIK0001045810.json,AI accelerators
2021-05-03,2021-08-01,2022,Q2,2021Q2,NVDA,cost_of_revenue,2292000000.0,USD,CostOfRevenue,reported,0001045810-22-000147,10-Q,2022-08-31,https://data.sec.gov/api/xbrl/companyfacts/CIK0001045810.json,AI accelerators
2021-08-02,2021-10-31,2022,Q3,2021Q3,NVDA,cost_of_revenue,2472000000.0,USD,CostOfRevenue,reported,0001045810-22-000166,10-Q,2022-11-18,https://data.sec.gov/api/xbrl/companyfacts/CIK0001045810.json,AI accelerators
2021-11-01,2022-01-30,2022,Q4,2021Q4,NVDA,cost_of_revenue,2644000000.0,USD,CostOfRevenue,ytd_diff,0001045810-24-000029,10-K,2024-02-21,https://data.sec.gov/api/xbrl/companyfacts/CIK0001045810.json,AI accelerators
2022-01-31,2022-05-01,2023,Q1,2022Q1,NVDA,cost_of_revenue,2857000000.0,USD,CostOfRevenue,reported,0001045810-23-000093,10-Q,2023-05-26,https://data.sec.gov/api/xbrl/companyfacts/CIK0001045810.json,AI accelerators
2022-05-02,2022-07-31,2023,Q2,2022Q2,NVDA,cost_of_revenue,3789000000.0,USD,CostOfRevenue,reported,0001045810-23-000175,10-Q,2023-08-28,https://data.sec.gov/api/xbrl/companyfacts/CIK0001045810.json,AI accelerators
2022-08-01,2022-10-30,2023,Q3,2022Q3,NVDA,cost_of_revenue,2754000000.0,USD,CostOfRevenue,reported,0001045810-23-000227,10-Q,2023-11-21,https://data.sec.gov/api/xbrl/companyfacts/CIK0001045810.json,AI accelerators
2022-10-31,2023-01-29,2023,Q4,2022Q4,NVDA,cost_of_revenue,2218000000.0,USD,CostOfRevenue,ytd_diff,0001045810-25-000023,10-K,2025-02-26,https://data.sec.gov/api/xbrl/companyfacts/CIK0001045810.json,AI accelerators
2023-01-30,2023-04-30,2024,Q1,2023Q1,NVDA,cost_of_revenue,2544000000.0,USD,CostOfRevenue,reported,0001045810-24-000124,10-Q,2024-05-29,https://data.sec.gov/api/xbrl/companyfacts/CIK0001045810.json,AI accelerators
2023-05-01,2023-07-30,2024,Q2,2023Q2,NVDA,cost_of_revenue,4045000000.0,USD,CostOfRevenue,reported,0001045810-24-000264,10-Q,2024-08-28,https://data.sec.gov/api/xbrl/companyfacts/CIK0001045810.json,AI accelerators
2023-07-31,2023-10-29,2024,Q3,2023Q3,NVDA,cost_of_revenue,4720000000.0,USD,CostOfRevenue,reported,0001045810-24-000316,10-Q,2024-11-20,https://data.sec.gov/api/xbrl/companyfacts/CIK0001045810.json,AI accelerators
2023-10-30,2024-01-28,2024,Q4,2023Q4,NVDA,cost_of_revenue,5312000000.0,USD,CostOfRevenue,ytd_diff,0001045810-26-000021,10-K,2026-02-25,https://data.sec.gov/api/xbrl/companyfacts/CIK0001045810.json,AI accelerators
2024-01-29,2024-04-28,2025,Q1,2024Q1,NVDA,cost_of_revenue,5638000000.0,USD,CostOfRevenue,reported,0001045810-25-000116,10-Q,2025-05-28,https://data.sec.gov/api/xbrl/companyfacts/CIK0001045810.json,AI accelerators
2024-04-29,2024-07-28,2025,Q2,2024Q2,NVDA,cost_of_revenue,7466000000.0,USD,CostOfRevenue,reported,0001045810-25-000209,10-Q,2025-08-27,https://data.sec.gov/api/xbrl/companyfacts/CIK0001045810.json,AI accelerators
2024-07-29,2024-10-27,2025,Q3,2024Q3,NVDA,cost_of_revenue,8926000000.0,USD,CostOfRevenue,reported,0001045810-25-000230,10-Q,2025-11-19,https://data.sec.gov/api/xbrl/companyfacts/CIK0001045810.json,AI accelerators
2024-10-28,2025-01-26,2025,Q4,2024Q4,NVDA,cost_of_revenue,10608000000.0,USD,CostOfRevenue,ytd_diff,0001045810-26-000021,10-K,2026-02-25,https://data.sec.gov/api/xbrl/companyfacts/CIK0001045810.json,AI accelerators
2025-01-27,2025-04-27,2026,Q1,2025Q1,NVDA,cost_of_revenue,17394000000.0,USD,CostOfRevenue,reported,0001045810-26-000052,10-Q,2026-05-20,https://data.sec.gov/api/xbrl/companyfacts/CIK0001045810.json,AI accelerators
2025-04-28,2025-07-27,2026,Q2,2025Q2,NVDA,cost_of_revenue,12890000000.0,USD,CostOfRevenue,reported,0001045810-26-000075,10-Q,2026-08-26,https://data.sec.gov/api/xbrl/companyfacts/CIK0001045810.json,AI accelerators
2025-07-28,2025-10-26,2026,Q3,2025Q3,NVDA,cost_of_revenue,15157000000.0,USD,CostOfRevenue,reported,0001045810-25-000230,10-Q,2025-11-19,https://data.sec.gov/api/xbrl/companyfacts/CIK0001045810.json,AI accelerators
2025-10-27,2026-01-25,2026,Q4,2025Q4,NVDA,cost_of_revenue,17034000000.0,USD,CostOfRevenue,ytd_diff,0001045810-26-000021,10-K,2026-02-25,https://data.sec.gov/api/xbrl/companyfacts/CIK0001045810.json,AI accelerators
2026-01-26,2026-04-26,2027,Q1,2026Q1,NVDA,cost_of_revenue,20458000000.0,USD,CostOfRevenue,reported,0001045810-26-000052,10-Q,2026-05-20,https://data.sec.gov/api/xbrl/companyfacts/CIK0001045810.json,AI accelerators
2026-04-27,2026-07-26,2027,Q2,2026Q2,NVDA,cost_of_revenue,24079000000.0,USD,CostOfRevenue,reported,0001045810-26-000075,10-Q,2026-08-26,https://data.sec.gov/api/xbrl/companyfacts/CIK0001045810.json,AI accelerators
2013-10-28,2014-01-26,2014,Q4,2013Q4,NVDA,gross_margin_pct,54.12,pct,,gross_profit/revenue,,,,derived from rows above,AI accelerators
2014-01-27,2014-04-27,2015,Q1,2014Q1,NVDA,gross_margin_pct,54.76,pct,,gross_profit/revenue,,,,derived from rows above,AI accelerators
2014-04-28,2014-07-27,2015,Q2,2014Q2,NVDA,gross_margin_pct,56.12,pct,,gross_profit/revenue,,,,derived from rows above,AI accelerators
2014-07-28,2014-10-26,2015,Q3,2014Q3,NVDA,gross_margin_pct,55.27,pct,,gross_profit/revenue,,,,derived from rows above,AI accelerators
2014-10-27,2015-01-25,2015,Q4,2014Q4,NVDA,gross_margin_pct,55.88,pct,,gross_profit/revenue,,,,derived from rows above,AI accelerators
2015-01-26,2015-04-26,2016,Q1,2015Q1,NVDA,gross_margin_pct,56.73,pct,,gross_profit/revenue,,,,derived from rows above,AI accelerators
2015-04-27,2015-07-26,2016,Q2,2015Q2,NVDA,gross_margin_pct,54.99,pct,,gross_profit/revenue,,,,derived from rows above,AI accelerators
2015-07-27,2015-10-25,2016,Q3,2015Q3,NVDA,gross_margin_pct,56.17,pct,,gross_profit/revenue,,,,derived from rows above,AI accelerators
2015-10-26,2016-01-31,2016,Q4,2015Q4,NVDA,gross_margin_pct,56.46,pct,,gross_profit/revenue,,,,derived from rows above,AI accelerators
2016-02-01,2016-05-01,2017,Q1,2016Q1,NVDA,gross_margin_pct,57.55,pct,,gross_profit/revenue,,,,derived from rows above,AI accelerators
2016-05-02,2016-07-31,2017,Q2,2016Q2,NVDA,gross_margin_pct,57.84,pct,,gross_profit/revenue,,,,derived from rows above,AI accelerators
2016-08-01,2016-10-30,2017,Q3,2016Q3,NVDA,gross_margin_pct,59.03,pct,,gross_profit/revenue,,,,derived from rows above,AI accelerators
2016-10-31,2017-01-29,2017,Q4,2016Q4,NVDA,gross_margin_pct,59.96,pct,,gross_profit/revenue,,,,derived from rows above,AI accelerators
2017-01-30,2017-04-30,2018,Q1,2017Q1,NVDA,gross_margin_pct,59.37,pct,,gross_profit/revenue,,,,derived from rows above,AI accelerators
2017-05-01,2017-07-30,2018,Q2,2017Q2,NVDA,gross_margin_pct,58.39,pct,,gross_profit/revenue,,,,derived from rows above,AI accelerators
2017-07-31,2017-10-29,2018,Q3,2017Q3,NVDA,gross_margin_pct,59.52,pct,,gross_profit/revenue,,,,derived from rows above,AI accelerators
2017-10-30,2018-01-28,2018,Q4,2017Q4,NVDA,gross_margin_pct,61.87,pct,,gross_profit/revenue,,,,derived from rows above,AI accelerators
2018-01-29,2018-04-29,2019,Q1,2018Q1,NVDA,gross_margin_pct,64.48,pct,,gross_profit/revenue,,,,derived from rows above,AI accelerators
2018-04-30,2018-07-29,2019,Q2,2018Q2,NVDA,gross_margin_pct,63.24,pct,,gross_profit/revenue,,,,derived from rows above,AI accelerators
2018-07-30,2018-10-28,2019,Q3,2018Q3,NVDA,gross_margin_pct,60.39,pct,,gross_profit/revenue,,,,derived from rows above,AI accelerators
2018-10-29,2019-01-27,2019,Q4,2018Q4,NVDA,gross_margin_pct,54.74,pct,,gross_profit/revenue,,,,derived from rows above,AI accelerators
2019-01-28,2019-04-28,2020,Q1,2019Q1,NVDA,gross_margin_pct,58.38,pct,,gross_profit/revenue,,,,derived from rows above,AI accelerators
2019-04-29,2019-07-28,2020,Q2,2019Q2,NVDA,gross_margin_pct,59.75,pct,,gross_profit/revenue,,,,derived from rows above,AI accelerators
2019-07-29,2019-10-27,2020,Q3,2019Q3,NVDA,gross_margin_pct,63.57,pct,,gross_profit/revenue,,,,derived from rows above,AI accelerators
2019-10-28,2020-01-26,2020,Q4,2019Q4,NVDA,gross_margin_pct,64.9,pct,,gross_profit/revenue,,,,derived from rows above,AI accelerators
2020-01-27,2020-04-26,2021,Q1,2020Q1,NVDA,gross_margin_pct,65.06,pct,,gross_profit/revenue,,,,derived from rows above,AI accelerators
2020-04-27,2020-07-26,2021,Q2,2020Q2,NVDA,gross_margin_pct,58.85,pct,,gross_profit/revenue,,,,derived from rows above,AI accelerators
2020-07-27,2020-10-25,2021,Q3,2020Q3,NVDA,gross_margin_pct,62.63,pct,,gross_profit/revenue,,,,derived from rows above,AI accelerators
2020-10-26,2021-01-31,2021,Q4,2020Q4,NVDA,gross_margin_pct,63.08,pct,,gross_profit/revenue,,,,derived from rows above,AI accelerators
2021-02-01,2021-05-02,2022,Q1,2021Q1,NVDA,gross_margin_pct,64.11,pct,,gross_profit/revenue,,,,derived from rows above,AI accelerators
2021-05-03,2021-08-01,2022,Q2,2021Q2,NVDA,gross_margin_pct,64.78,pct,,gross_profit/revenue,,,,derived from rows above,AI accelerators
2021-08-02,2021-10-31,2022,Q3,2021Q3,NVDA,gross_margin_pct,65.2,pct,,gross_profit/revenue,,,,derived from rows above,AI accelerators
2021-11-01,2022-01-30,2022,Q4,2021Q4,NVDA,gross_margin_pct,65.41,pct,,gross_profit/revenue,,,,derived from rows above,AI accelerators
2022-01-31,2022-05-01,2023,Q1,2022Q1,NVDA,gross_margin_pct,65.53,pct,,gross_profit/revenue,,,,derived from rows above,AI accelerators
2022-05-02,2022-07-31,2023,Q2,2022Q2,NVDA,gross_margin_pct,43.48,pct,,gross_profit/revenue,,,,derived from rows above,AI accelerators
2022-08-01,2022-10-30,2023,Q3,2022Q3,NVDA,gross_margin_pct,53.57,pct,,gross_profit/revenue,,,,derived from rows above,AI accelerators
2022-10-31,2023-01-29,2023,Q4,2022Q4,NVDA,gross_margin_pct,63.34,pct,,gross_profit/revenue,,,,derived from rows above,AI accelerators
2023-01-30,2023-04-30,2024,Q1,2023Q1,NVDA,gross_margin_pct,64.63,pct,,gross_profit/revenue,,,,derived from rows above,AI accelerators
2023-05-01,2023-07-30,2024,Q2,2023Q2,NVDA,gross_margin_pct,70.05,pct,,gross_profit/revenue,,,,derived from rows above,AI accelerators
2023-07-31,2023-10-29,2024,Q3,2023Q3,NVDA,gross_margin_pct,73.95,pct,,gross_profit/revenue,,,,derived from rows above,AI accelerators
2023-10-30,2024-01-28,2024,Q4,2023Q4,NVDA,gross_margin_pct,75.97,pct,,gross_profit/revenue,,,,derived from rows above,AI accelerators
2024-01-29,2024-04-28,2025,Q1,2024Q1,NVDA,gross_margin_pct,78.35,pct,,gross_profit/revenue,,,,derived from rows above,AI accelerators
2024-04-29,2024-07-28,2025,Q2,2024Q2,NVDA,gross_margin_pct,75.15,pct,,gross_profit/revenue,,,,derived from rows above,AI accelerators
2024-07-29,2024-10-27,2025,Q3,2024Q3,NVDA,gross_margin_pct,74.56,pct,,gross_profit/revenue,,,,derived from rows above,AI accelerators
2024-10-28,2025-01-26,2025,Q4,2024Q4,NVDA,gross_margin_pct,73.03,pct,,gross_profit/revenue,,,,derived from rows above,AI accelerators
2025-01-27,2025-04-27,2026,Q1,2025Q1,NVDA,gross_margin_pct,60.52,pct,,gross_profit/revenue,,,,derived from rows above,AI accelerators
2025-04-28,2025-07-27,2026,Q2,2025Q2,NVDA,gross_margin_pct,72.42,pct,,gross_profit/revenue,,,,derived from rows above,AI accelerators
2025-07-28,2025-10-26,2026,Q3,2025Q3,NVDA,gross_margin_pct,73.41,pct,,gross_profit/revenue,,,,derived from rows above,AI accelerators
2025-10-27,2026-01-25,2026,Q4,2025Q4,NVDA,gross_margin_pct,75.0,pct,,gross_profit/revenue,,,,derived from rows above,AI accelerators
2026-01-26,2026-04-26,2027,Q1,2026Q1,NVDA,gross_margin_pct,74.93,pct,,gross_profit/revenue,,,,derived from rows above,AI accelerators
2026-04-27,2026-07-26,2027,Q2,2026Q2,NVDA,gross_margin_pct,74.98,pct,,gross_profit/revenue,,,,derived from rows above,AI accelerators
2013-10-28,2014-01-26,2014,Q4,2013Q4,NVDA,gross_profit,619242000.0,USD,GrossProfit,reported,0001045810-15-000036,10-K,2015-03-12,https://data.sec.gov/api/xbrl/companyfacts/CIK0001045810.json,AI accelerators
2014-01-27,2014-04-27,2015,Q1,2014Q1,NVDA,gross_profit,604000000.0,USD,GrossProfit,reported,0001045810-16-000205,10-K,2016-03-17,https://data.sec.gov/api/xbrl/companyfacts/CIK0001045810.json,AI accelerators
2014-04-28,2014-07-27,2015,Q2,2014Q2,NVDA,gross_profit,619000000.0,USD,GrossProfit,reported,0001045810-16-000205,10-K,2016-03-17,https://data.sec.gov/api/xbrl/companyfacts/CIK0001045810.json,AI accelerators
2014-07-28,2014-10-26,2015,Q3,2014Q3,NVDA,gross_profit,677000000.0,USD,GrossProfit,reported,0001045810-16-000205,10-K,2016-03-17,https://data.sec.gov/api/xbrl/companyfacts/CIK0001045810.json,AI accelerators
2014-10-27,2015-01-25,2015,Q4,2014Q4,NVDA,gross_profit,699000000.0,USD,GrossProfit,reported,0001045810-16-000205,10-K,2016-03-17,https://data.sec.gov/api/xbrl/companyfacts/CIK0001045810.json,AI accelerators
2015-01-26,2015-04-26,2016,Q1,2015Q1,NVDA,gross_profit,653000000.0,USD,GrossProfit,reported,0001045810-17-000027,10-K,2017-03-01,https://data.sec.gov/api/xbrl/companyfacts/CIK0001045810.json,AI accelerators
2015-04-27,2015-07-26,2016,Q2,2015Q2,NVDA,gross_profit,634000000.0,USD,GrossProfit,reported,0001045810-17-000027,10-K,2017-03-01,https://data.sec.gov/api/xbrl/companyfacts/CIK0001045810.json,AI accelerators
2015-07-27,2015-10-25,2016,Q3,2015Q3,NVDA,gross_profit,733000000.0,USD,GrossProfit,reported,0001045810-17-000027,10-K,2017-03-01,https://data.sec.gov/api/xbrl/companyfacts/CIK0001045810.json,AI accelerators
2015-10-26,2016-01-31,2016,Q4,2015Q4,NVDA,gross_profit,791000000.0,USD,GrossProfit,reported,0001045810-17-000027,10-K,2017-03-01,https://data.sec.gov/api/xbrl/companyfacts/CIK0001045810.json,AI accelerators
2016-02-01,2016-05-01,2017,Q1,2016Q1,NVDA,gross_profit,751000000.0,USD,GrossProfit,reported,0001045810-18-000010,10-K,2018-02-28,https://data.sec.gov/api/xbrl/companyfacts/CIK0001045810.json,AI accelerators
2016-05-02,2016-07-31,2017,Q2,2016Q2,NVDA,gross_profit,826000000.0,USD,GrossProfit,reported,0001045810-18-000010,10-K,2018-02-28,https://data.sec.gov/api/xbrl/companyfacts/CIK0001045810.json,AI accelerators
2016-08-01,2016-10-30,2017,Q3,2016Q3,NVDA,gross_profit,1183000000.0,USD,GrossProfit,reported,0001045810-18-000010,10-K,2018-02-28,https://data.sec.gov/api/xbrl/companyfacts/CIK0001045810.json,AI accelerators
2016-10-31,2017-01-29,2017,Q4,2016Q4,NVDA,gross_profit,1303000000.0,USD,GrossProfit,reported,0001045810-18-000010,10-K,2018-02-28,https://data.sec.gov/api/xbrl/companyfacts/CIK0001045810.json,AI accelerators
2017-01-30,2017-04-30,2018,Q1,2017Q1,NVDA,gross_profit,1150000000.0,USD,GrossProfit,reported,0001045810-19-000023,10-K,2019-02-21,https://data.sec.gov/api/xbrl/companyfacts/CIK0001045810.json,AI accelerators
2017-05-01,2017-07-30,2018,Q2,2017Q2,NVDA,gross_profit,1302000000.0,USD,GrossProfit,reported,0001045810-19-000023,10-K,2019-02-21,https://data.sec.gov/api/xbrl/companyfacts/CIK0001045810.json,AI accelerators
2017-07-31,2017-10-29,2018,Q3,2017Q3,NVDA,gross_profit,1569000000.0,USD,GrossProfit,reported,0001045810-19-000023,10-K,2019-02-21,https://data.sec.gov/api/xbrl/companyfacts/CIK0001045810.json,AI accelerators
2017-10-30,2018-01-28,2018,Q4,2017Q4,NVDA,gross_profit,1801000000.0,USD,GrossProfit,reported,0001045810-19-000023,10-K,2019-02-21,https://data.sec.gov/api/xbrl/companyfacts/CIK0001045810.json,AI accelerators
2018-01-29,2018-04-29,2019,Q1,2018Q1,NVDA,gross_profit,2068000000.0,USD,GrossProfit,reported,0001045810-20-000010,10-K,2020-02-20,https://data.sec.gov/api/xbrl/companyfacts/CIK0001045810.json,AI accelerators
2018-04-30,2018-07-29,2019,Q2,2018Q2,NVDA,gross_profit,1975000000.0,USD,GrossProfit,reported,0001045810-20-000010,10-K,2020-02-20,https://data.sec.gov/api/xbrl/companyfacts/CIK0001045810.json,AI accelerators
2018-07-30,2018-10-28,2019,Q3,2018Q3,NVDA,gross_profit,1921000000.0,USD,GrossProfit,reported,0001045810-20-000010,10-K,2020-02-20,https://data.sec.gov/api/xbrl/companyfacts/CIK0001045810.json,AI accelerators
2018-10-29,2019-01-27,2019,Q4,2018Q4,NVDA,gross_profit,1207000000.0,USD,GrossProfit,reported,0001045810-20-000010,10-K,2020-02-20,https://data.sec.gov/api/xbrl/companyfacts/CIK0001045810.json,AI accelerators
2019-01-28,2019-04-28,2020,Q1,2019Q1,NVDA,gross_profit,1296000000.0,USD,GrossProfit,reported,0001045810-20-000065,10-Q,2020-05-21,https://data.sec.gov/api/xbrl/companyfacts/CIK0001045810.json,AI accelerators
2019-04-29,2019-07-28,2020,Q2,2019Q2,NVDA,gross_profit,1541000000.0,USD,GrossProfit,reported,0001045810-20-000147,10-Q,2020-08-19,https://data.sec.gov/api/xbrl/companyfacts/CIK0001045810.json,AI accelerators
2019-07-29,2019-10-27,2020,Q3,2019Q3,NVDA,gross_profit,1916000000.0,USD,GrossProfit,reported,0001045810-20-000189,10-Q,2020-11-18,https://data.sec.gov/api/xbrl/companyfacts/CIK0001045810.json,AI accelerators
2019-10-28,2020-01-26,2020,Q4,2019Q4,NVDA,gross_profit,2015000000.0,USD,GrossProfit,reported,0001045810-20-000010,10-K,2020-02-20,https://data.sec.gov/api/xbrl/companyfacts/CIK0001045810.json,AI accelerators
2020-01-27,2020-04-26,2021,Q1,2020Q1,NVDA,gross_profit,2004000000.0,USD,GrossProfit,reported,0001045810-21-000064,10-Q,2021-05-26,https://data.sec.gov/api/xbrl/companyfacts/CIK0001045810.json,AI accelerators
2020-04-27,2020-07-26,2021,Q2,2020Q2,NVDA,gross_profit,2275000000.0,USD,GrossProfit,reported,0001045810-21-000131,10-Q,2021-08-20,https://data.sec.gov/api/xbrl/companyfacts/CIK0001045810.json,AI accelerators
2020-07-27,2020-10-25,2021,Q3,2020Q3,NVDA,gross_profit,2960000000.0,USD,GrossProfit,reported,0001045810-21-000163,10-Q,2021-11-22,https://data.sec.gov/api/xbrl/companyfacts/CIK0001045810.json,AI accelerators
2020-10-26,2021-01-31,2021,Q4,2020Q4,NVDA,gross_profit,3156000000.0,USD,GrossProfit,ytd_diff,0001045810-23-000017,10-K,2023-02-24,https://data.sec.gov/api/xbrl/companyfacts/CIK0001045810.json,AI accelerators
2021-02-01,2021-05-02,2022,Q1,2021Q1,NVDA,gross_profit,3629000000.0,USD,GrossProfit,reported,0001045810-22-000079,10-Q,2022-05-27,https://data.sec.gov/api/xbrl/companyfacts/CIK0001045810.json,AI accelerators
2021-05-03,2021-08-01,2022,Q2,2021Q2,NVDA,gross_profit,4215000000.0,USD,GrossProfit,reported,0001045810-22-000147,10-Q,2022-08-31,https://data.sec.gov/api/xbrl/companyfacts/CIK0001045810.json,AI accelerators
2021-08-02,2021-10-31,2022,Q3,2021Q3,NVDA,gross_profit,4631000000.0,USD,GrossProfit,reported,0001045810-22-000166,10-Q,2022-11-18,https://data.sec.gov/api/xbrl/companyfacts/CIK0001045810.json,AI accelerators
2021-11-01,2022-01-30,2022,Q4,2021Q4,NVDA,gross_profit,4999000000.0,USD,GrossProfit,ytd_diff,0001045810-24-000029,10-K,2024-02-21,https://data.sec.gov/api/xbrl/companyfacts/CIK0001045810.json,AI accelerators
2022-01-31,2022-05-01,2023,Q1,2022Q1,NVDA,gross_profit,5431000000.0,USD,GrossProfit,reported,0001045810-23-000093,10-Q,2023-05-26,https://data.sec.gov/api/xbrl/companyfacts/CIK0001045810.json,AI accelerators
2022-05-02,2022-07-31,2023,Q2,2022Q2,NVDA,gross_profit,2915000000.0,USD,GrossProfit,reported,0001045810-23-000175,10-Q,2023-08-28,https://data.sec.gov/api/xbrl/companyfacts/CIK0001045810.json,AI accelerators
2022-08-01,2022-10-30,2023,Q3,2022Q3,NVDA,gross_profit,3177000000.0,USD,GrossProfit,reported,0001045810-23-000227,10-Q,2023-11-21,https://data.sec.gov/api/xbrl/companyfacts/CIK0001045810.json,AI accelerators
2022-10-31,2023-01-29,2023,Q4,2022Q4,NVDA,gross_profit,3833000000.0,USD,GrossProfit,ytd_diff,0001045810-25-000023,10-K,2025-02-26,https://data.sec.gov/api/xbrl/companyfacts/CIK0001045810.json,AI accelerators
2023-01-30,2023-04-30,2024,Q1,2023Q1,NVDA,gross_profit,4648000000.0,USD,GrossProfit,reported,0001045810-24-000124,10-Q,2024-05-29,https://data.sec.gov/api/xbrl/companyfacts/CIK0001045810.json,AI accelerators
2023-05-01,2023-07-30,2024,Q2,2023Q2,NVDA,gross_profit,9462000000.0,USD,GrossProfit,reported,0001045810-24-000264,10-Q,2024-08-28,https://data.sec.gov/api/xbrl/companyfacts/CIK0001045810.json,AI accelerators
2023-07-31,2023-10-29,2024,Q3,2023Q3,NVDA,gross_profit,13400000000.0,USD,GrossProfit,reported,0001045810-24-000316,10-Q,2024-11-20,https://data.sec.gov/api/xbrl/companyfacts/CIK0001045810.json,AI accelerators
2023-10-30,2024-01-28,2024,Q4,2023Q4,NVDA,gross_profit,16791000000.0,USD,GrossProfit,ytd_diff,0001045810-26-000021,10-K,2026-02-25,https://data.sec.gov/api/xbrl/companyfacts/CIK0001045810.json,AI accelerators
2024-01-29,2024-04-28,2025,Q1,2024Q1,NVDA,gross_profit,20406000000.0,USD,GrossProfit,reported,0001045810-25-000116,10-Q,2025-05-28,https://data.sec.gov/api/xbrl/companyfacts/CIK0001045810.json,AI accelerators
2024-04-29,2024-07-28,2025,Q2,2024Q2,NVDA,gross_profit,22574000000.0,USD,GrossProfit,reported,0001045810-25-000209,10-Q,2025-08-27,https://data.sec.gov/api/xbrl/companyfacts/CIK0001045810.json,AI accelerators
2024-07-29,2024-10-27,2025,Q3,2024Q3,NVDA,gross_profit,26156000000.0,USD,GrossProfit,reported,0001045810-25-000230,10-Q,2025-11-19,https://data.sec.gov/api/xbrl/companyfacts/CIK0001045810.json,AI accelerators
2024-10-28,2025-01-26,2025,Q4,2024Q4,NVDA,gross_profit,28723000000.0,USD,GrossProfit,ytd_diff,0001045810-26-000021,10-K,2026-02-25,https://data.sec.gov/api/xbrl/companyfacts/CIK0001045810.json,AI accelerators
2025-01-27,2025-04-27,2026,Q1,2025Q1,NVDA,gross_profit,26668000000.0,USD,GrossProfit,reported,0001045810-26-000052,10-Q,2026-05-20,https://data.sec.gov/api/xbrl/companyfacts/CIK0001045810.json,AI accelerators
2025-04-28,2025-07-27,2026,Q2,2025Q2,NVDA,gross_profit,33853000000.0,USD,GrossProfit,reported,0001045810-26-000075,10-Q,2026-08-26,https://data.sec.gov/api/xbrl/companyfacts/CIK0001045810.json,AI accelerators
2025-07-28,2025-10-26,2026,Q3,2025Q3,NVDA,gross_profit,41849000000.0,USD,GrossProfit,reported,0001045810-25-000230,10-Q,2025-11-19,https://data.sec.gov/api/xbrl/companyfacts/CIK0001045810.json,AI accelerators
2025-10-27,2026-01-25,2026,Q4,2025Q4,NVDA,gross_profit,51093000000.0,USD,GrossProfit,ytd_diff,0001045810-26-000021,10-K,2026-02-25,https://data.sec.gov/api/xbrl/companyfacts/CIK0001045810.json,AI accelerators
2026-01-26,2026-04-26,2027,Q1,2026Q1,NVDA,gross_profit,61157000000.0,USD,GrossProfit,reported,0001045810-26-000052,10-Q,2026-05-20,https://data.sec.gov/api/xbrl/companyfacts/CIK0001045810.json,AI accelerators
2026-04-27,2026-07-26,2027,Q2,2026Q2,NVDA,gross_profit,72142000000.0,USD,GrossProfit,reported,0001045810-26-000075,10-Q,2026-08-26,https://data.sec.gov/api/xbrl/companyfacts/CIK0001045810.json,AI accelerators
2013-10-28,2014-01-26,2014,Q4,2013Q4,NVDA,inventory,387765000.0,USD,InventoryNet,reported,0001045810-15-000036,10-K,2015-03-12,https://data.sec.gov/api/xbrl/companyfacts/CIK0001045810.json,AI accelerators
2014-01-27,2014-04-27,2015,Q1,2014Q1,NVDA,inventory,393280000.0,USD,InventoryNet,reported,0001045810-14-000085,10-Q,2014-05-21,https://data.sec.gov/api/xbrl/companyfacts/CIK0001045810.json,AI accelerators
2014-04-28,2014-07-27,2015,Q2,2014Q2,NVDA,inventory,387434000.0,USD,InventoryNet,reported,0001045810-14-000158,10-Q,2014-08-20,https://data.sec.gov/api/xbrl/companyfacts/CIK0001045810.json,AI accelerators
2014-07-28,2014-10-26,2015,Q3,2014Q3,NVDA,inventory,408081000.0,USD,InventoryNet,reported,0001045810-14-000188,10-Q,2014-11-19,https://data.sec.gov/api/xbrl/companyfacts/CIK0001045810.json,AI accelerators
2014-10-27,2015-01-25,2015,Q4,2014Q4,NVDA,inventory,483000000.0,USD,InventoryNet,reported,0001045810-16-000205,10-K,2016-03-17,https://data.sec.gov/api/xbrl/companyfacts/CIK0001045810.json,AI accelerators
2015-01-26,2015-04-26,2016,Q1,2015Q1,NVDA,inventory,438000000.0,USD,InventoryNet,reported,0001045810-15-000097,10-Q,2015-05-20,https://data.sec.gov/api/xbrl/companyfacts/CIK0001045810.json,AI accelerators
2015-04-27,2015-07-26,2016,Q2,2015Q2,NVDA,inventory,441000000.0,USD,InventoryNet,reported,0001045810-15-000143,10-Q,2015-08-19,https://data.sec.gov/api/xbrl/companyfacts/CIK0001045810.json,AI accelerators
2015-07-27,2015-10-25,2016,Q3,2015Q3,NVDA,inventory,425000000.0,USD,InventoryNet,reported,0001045810-15-000173,10-Q,2015-11-18,https://data.sec.gov/api/xbrl/companyfacts/CIK0001045810.json,AI accelerators
2015-10-26,2016-01-31,2016,Q4,2015Q4,NVDA,inventory,418000000.0,USD,InventoryNet,reported,0001045810-17-000027,10-K,2017-03-01,https://data.sec.gov/api/xbrl/companyfacts/CIK0001045810.json,AI accelerators
2016-02-01,2016-05-01,2017,Q1,2016Q1,NVDA,inventory,394000000.0,USD,InventoryNet,reported,0001045810-16-000275,10-Q,2016-05-25,https://data.sec.gov/api/xbrl/companyfacts/CIK0001045810.json,AI accelerators
2016-05-02,2016-07-31,2017,Q2,2016Q2,NVDA,inventory,521000000.0,USD,InventoryNet,reported,0001045810-16-000300,10-Q,2016-08-23,https://data.sec.gov/api/xbrl/companyfacts/CIK0001045810.json,AI accelerators
2016-08-01,2016-10-30,2017,Q3,2016Q3,NVDA,inventory,679000000.0,USD,InventoryNet,reported,0001045810-16-000353,10-Q,2016-11-22,https://data.sec.gov/api/xbrl/companyfacts/CIK0001045810.json,AI accelerators
2016-10-31,2017-01-29,2017,Q4,2016Q4,NVDA,inventory,794000000.0,USD,InventoryNet,reported,0001045810-18-000010,10-K,2018-02-28,https://data.sec.gov/api/xbrl/companyfacts/CIK0001045810.json,AI accelerators
2017-01-30,2017-04-30,2018,Q1,2017Q1,NVDA,inventory,821000000.0,USD,InventoryNet,reported,0001045810-17-000075,10-Q,2017-05-23,https://data.sec.gov/api/xbrl/companyfacts/CIK0001045810.json,AI accelerators
2017-05-01,2017-07-30,2018,Q2,2017Q2,NVDA,inventory,855000000.0,USD,InventoryNet,reported,0001045810-17-000123,10-Q,2017-08-23,https://data.sec.gov/api/xbrl/companyfacts/CIK0001045810.json,AI accelerators
2017-07-31,2017-10-29,2018,Q3,2017Q3,NVDA,inventory,857000000.0,USD,InventoryNet,reported,0001045810-17-000172,10-Q,2017-11-21,https://data.sec.gov/api/xbrl/companyfacts/CIK0001045810.json,AI accelerators
2017-10-30,2018-01-28,2018,Q4,2017Q4,NVDA,inventory,796000000.0,USD,InventoryNet,reported,0001045810-19-000023,10-K,2019-02-21,https://data.sec.gov/api/xbrl/companyfacts/CIK0001045810.json,AI accelerators
2018-01-29,2018-04-29,2019,Q1,2018Q1,NVDA,inventory,797000000.0,USD,InventoryNet,reported,0001045810-18-000080,10-Q,2018-05-22,https://data.sec.gov/api/xbrl/companyfacts/CIK0001045810.json,AI accelerators
2018-04-30,2018-07-29,2019,Q2,2018Q2,NVDA,inventory,1090000000.0,USD,InventoryNet,reported,0001045810-18-000114,10-Q,2018-08-16,https://data.sec.gov/api/xbrl/companyfacts/CIK0001045810.json,AI accelerators
2018-07-30,2018-10-28,2019,Q3,2018Q3,NVDA,inventory,1417000000.0,USD,InventoryNet,reported,0001045810-18-000150,10-Q,2018-11-15,https://data.sec.gov/api/xbrl/companyfacts/CIK0001045810.json,AI accelerators
2018-10-29,2019-01-27,2019,Q4,2018Q4,NVDA,inventory,1575000000.0,USD,InventoryNet,reported,0001045810-20-000010,10-K,2020-02-20,https://data.sec.gov/api/xbrl/companyfacts/CIK0001045810.json,AI accelerators
2019-01-28,2019-04-28,2020,Q1,2019Q1,NVDA,inventory,1426000000.0,USD,InventoryNet,reported,0001045810-19-000079,10-Q,2019-05-16,https://data.sec.gov/api/xbrl/companyfacts/CIK0001045810.json,AI accelerators
2019-04-29,2019-07-28,2020,Q2,2019Q2,NVDA,inventory,1204000000.0,USD,InventoryNet,reported,0001045810-19-000144,10-Q,2019-08-15,https://data.sec.gov/api/xbrl/companyfacts/CIK0001045810.json,AI accelerators
2019-07-29,2019-10-27,2020,Q3,2019Q3,NVDA,inventory,1047000000.0,USD,InventoryNet,reported,0001045810-19-000170,10-Q,2019-11-14,https://data.sec.gov/api/xbrl/companyfacts/CIK0001045810.json,AI accelerators
2019-10-28,2020-01-26,2020,Q4,2019Q4,NVDA,inventory,979000000.0,USD,InventoryNet,reported,0001045810-21-000010,10-K,2021-02-26,https://data.sec.gov/api/xbrl/companyfacts/CIK0001045810.json,AI accelerators
2020-01-27,2020-04-26,2021,Q1,2020Q1,NVDA,inventory,1128000000.0,USD,InventoryNet,reported,0001045810-20-000065,10-Q,2020-05-21,https://data.sec.gov/api/xbrl/companyfacts/CIK0001045810.json,AI accelerators
2020-04-27,2020-07-26,2021,Q2,2020Q2,NVDA,inventory,1401000000.0,USD,InventoryNet,reported,0001045810-20-000147,10-Q,2020-08-19,https://data.sec.gov/api/xbrl/companyfacts/CIK0001045810.json,AI accelerators
2020-07-27,2020-10-25,2021,Q3,2020Q3,NVDA,inventory,1495000000.0,USD,InventoryNet,reported,0001045810-20-000189,10-Q,2020-11-18,https://data.sec.gov/api/xbrl/companyfacts/CIK0001045810.json,AI accelerators
2020-10-26,2021-01-31,2021,Q4,2020Q4,NVDA,inventory,1826000000.0,USD,InventoryNet,reported,0001045810-22-000036,10-K,2022-03-18,https://data.sec.gov/api/xbrl/companyfacts/CIK0001045810.json,AI accelerators
2021-02-01,2021-05-02,2022,Q1,2021Q1,NVDA,inventory,1992000000.0,USD,InventoryNet,reported,0001045810-21-000064,10-Q,2021-05-26,https://data.sec.gov/api/xbrl/companyfacts/CIK0001045810.json,AI accelerators
2021-05-03,2021-08-01,2022,Q2,2021Q2,NVDA,inventory,2114000000.0,USD,InventoryNet,reported,0001045810-21-000131,10-Q,2021-08-20,https://data.sec.gov/api/xbrl/companyfacts/CIK0001045810.json,AI accelerators
2021-08-02,2021-10-31,2022,Q3,2021Q3,NVDA,inventory,2233000000.0,USD,InventoryNet,reported,0001045810-21-000163,10-Q,2021-11-22,https://data.sec.gov/api/xbrl/companyfacts/CIK0001045810.json,AI accelerators
2021-11-01,2022-01-30,2022,Q4,2021Q4,NVDA,inventory,2605000000.0,USD,InventoryNet,reported,0001045810-23-000017,10-K,2023-02-24,https://data.sec.gov/api/xbrl/companyfacts/CIK0001045810.json,AI accelerators
2022-01-31,2022-05-01,2023,Q1,2022Q1,NVDA,inventory,3163000000.0,USD,InventoryNet,reported,0001045810-22-000079,10-Q,2022-05-27,https://data.sec.gov/api/xbrl/companyfacts/CIK0001045810.json,AI accelerators
2022-05-02,2022-07-31,2023,Q2,2022Q2,NVDA,inventory,3889000000.0,USD,InventoryNet,reported,0001045810-22-000147,10-Q,2022-08-31,https://data.sec.gov/api/xbrl/companyfacts/CIK0001045810.json,AI accelerators
2022-08-01,2022-10-30,2023,Q3,2022Q3,NVDA,inventory,4454000000.0,USD,InventoryNet,reported,0001045810-22-000166,10-Q,2022-11-18,https://data.sec.gov/api/xbrl/companyfacts/CIK0001045810.json,AI accelerators
2022-10-31,2023-01-29,2023,Q4,2022Q4,NVDA,inventory,5159000000.0,USD,InventoryNet,reported,0001045810-24-000029,10-K,2024-02-21,https://data.sec.gov/api/xbrl/companyfacts/CIK0001045810.json,AI accelerators
2023-01-30,2023-04-30,2024,Q1,2023Q1,NVDA,inventory,4611000000.0,USD,InventoryNet,reported,0001045810-23-000093,10-Q,2023-05-26,https://data.sec.gov/api/xbrl/companyfacts/CIK0001045810.json,AI accelerators
2023-05-01,2023-07-30,2024,Q2,2023Q2,NVDA,inventory,4319000000.0,USD,InventoryNet,reported,0001045810-23-000175,10-Q,2023-08-28,https://data.sec.gov/api/xbrl/companyfacts/CIK0001045810.json,AI accelerators
2023-07-31,2023-10-29,2024,Q3,2023Q3,NVDA,inventory,4779000000.0,USD,InventoryNet,reported,0001045810-23-000227,10-Q,2023-11-21,https://data.sec.gov/api/xbrl/companyfacts/CIK0001045810.json,AI accelerators
2023-10-30,2024-01-28,2024,Q4,2023Q4,NVDA,inventory,5282000000.0,USD,InventoryNet,reported,0001045810-25-000023,10-K,2025-02-26,https://data.sec.gov/api/xbrl/companyfacts/CIK0001045810.json,AI accelerators
2024-01-29,2024-04-28,2025,Q1,2024Q1,NVDA,inventory,5864000000.0,USD,InventoryNet,reported,0001045810-24-000124,10-Q,2024-05-29,https://data.sec.gov/api/xbrl/companyfacts/CIK0001045810.json,AI accelerators
2024-04-29,2024-07-28,2025,Q2,2024Q2,NVDA,inventory,6675000000.0,USD,InventoryNet,reported,0001045810-24-000264,10-Q,2024-08-28,https://data.sec.gov/api/xbrl/companyfacts/CIK0001045810.json,AI accelerators
2024-07-29,2024-10-27,2025,Q3,2024Q3,NVDA,inventory,7654000000.0,USD,InventoryNet,reported,0001045810-24-000316,10-Q,2024-11-20,https://data.sec.gov/api/xbrl/companyfacts/CIK0001045810.json,AI accelerators
2024-10-28,2025-01-26,2025,Q4,2024Q4,NVDA,inventory,10080000000.0,USD,InventoryNet,reported,0001045810-26-000021,10-K,2026-02-25,https://data.sec.gov/api/xbrl/companyfacts/CIK0001045810.json,AI accelerators
2025-01-27,2025-04-27,2026,Q1,2025Q1,NVDA,inventory,11333000000.0,USD,InventoryNet,reported,0001045810-25-000116,10-Q,2025-05-28,https://data.sec.gov/api/xbrl/companyfacts/CIK0001045810.json,AI accelerators
2025-04-28,2025-07-27,2026,Q2,2025Q2,NVDA,inventory,14962000000.0,USD,InventoryNet,reported,0001045810-25-000209,10-Q,2025-08-27,https://data.sec.gov/api/xbrl/companyfacts/CIK0001045810.json,AI accelerators
2025-07-28,2025-10-26,2026,Q3,2025Q3,NVDA,inventory,19784000000.0,USD,InventoryNet,reported,0001045810-25-000230,10-Q,2025-11-19,https://data.sec.gov/api/xbrl/companyfacts/CIK0001045810.json,AI accelerators
2025-10-27,2026-01-25,2026,Q4,2025Q4,NVDA,inventory,21403000000.0,USD,InventoryNet,reported,0001045810-26-000075,10-Q,2026-08-26,https://data.sec.gov/api/xbrl/companyfacts/CIK0001045810.json,AI accelerators
2026-01-26,2026-04-26,2027,Q1,2026Q1,NVDA,inventory,25797000000.0,USD,InventoryNet,reported,0001045810-26-000052,10-Q,2026-05-20,https://data.sec.gov/api/xbrl/companyfacts/CIK0001045810.json,AI accelerators
2026-04-27,2026-07-26,2027,Q2,2026Q2,NVDA,inventory,31575000000.0,USD,InventoryNet,reported,0001045810-26-000075,10-Q,2026-08-26,https://data.sec.gov/api/xbrl/companyfacts/CIK0001045810.json,AI accelerators
2013-10-28,2014-01-26,2014,Q4,2013Q4,NVDA,inventory_days,67.2,days,,inventory/cost_of_revenue*days_in_quarter,,,,derived from rows above,AI accelerators
2014-01-27,2014-04-27,2015,Q1,2014Q1,NVDA,inventory_days,71.7,days,,inventory/cost_of_revenue*days_in_quarter,,,,derived from rows above,AI accelerators
2014-04-28,2014-07-27,2015,Q2,2014Q2,NVDA,inventory_days,72.8,days,,inventory/cost_of_revenue*days_in_quarter,,,,derived from rows above,AI accelerators
2014-07-28,2014-10-26,2015,Q3,2014Q3,NVDA,inventory_days,67.8,days,,inventory/cost_of_revenue*days_in_quarter,,,,derived from rows above,AI accelerators
2014-10-27,2015-01-25,2015,Q4,2014Q4,NVDA,inventory_days,79.6,days,,inventory/cost_of_revenue*days_in_quarter,,,,derived from rows above,AI accelerators
2015-01-26,2015-04-26,2016,Q1,2015Q1,NVDA,inventory_days,80.0,days,,inventory/cost_of_revenue*days_in_quarter,,,,derived from rows above,AI accelerators
2015-04-27,2015-07-26,2016,Q2,2015Q2,NVDA,inventory_days,77.3,days,,inventory/cost_of_revenue*days_in_quarter,,,,derived from rows above,AI accelerators
2015-07-27,2015-10-25,2016,Q3,2015Q3,NVDA,inventory_days,67.6,days,,inventory/cost_of_revenue*days_in_quarter,,,,derived from rows above,AI accelerators
2015-10-26,2016-01-31,2016,Q4,2015Q4,NVDA,inventory_days,67.2,days,,inventory/cost_of_revenue*days_in_quarter,,,,derived from rows above,AI accelerators
2016-02-01,2016-05-01,2017,Q1,2016Q1,NVDA,inventory_days,64.7,days,,inventory/cost_of_revenue*days_in_quarter,,,,derived from rows above,AI accelerators
2016-05-02,2016-07-31,2017,Q2,2016Q2,NVDA,inventory_days,78.8,days,,inventory/cost_of_revenue*days_in_quarter,,,,derived from rows above,AI accelerators
2016-08-01,2016-10-30,2017,Q3,2016Q3,NVDA,inventory_days,75.3,days,,inventory/cost_of_revenue*days_in_quarter,,,,derived from rows above,AI accelerators
2016-10-31,2017-01-29,2017,Q4,2016Q4,NVDA,inventory_days,83.1,days,,inventory/cost_of_revenue*days_in_quarter,,,,derived from rows above,AI accelerators
2017-01-30,2017-04-30,2018,Q1,2017Q1,NVDA,inventory_days,94.9,days,,inventory/cost_of_revenue*days_in_quarter,,,,derived from rows above,AI accelerators
2017-05-01,2017-07-30,2018,Q2,2017Q2,NVDA,inventory_days,83.8,days,,inventory/cost_of_revenue*days_in_quarter,,,,derived from rows above,AI accelerators
2017-07-31,2017-10-29,2018,Q3,2017Q3,NVDA,inventory_days,73.1,days,,inventory/cost_of_revenue*days_in_quarter,,,,derived from rows above,AI accelerators
2017-10-30,2018-01-28,2018,Q4,2017Q4,NVDA,inventory_days,65.3,days,,inventory/cost_of_revenue*days_in_quarter,,,,derived from rows above,AI accelerators
2018-01-29,2018-04-29,2019,Q1,2018Q1,NVDA,inventory_days,63.7,days,,inventory/cost_of_revenue*days_in_quarter,,,,derived from rows above,AI accelerators
2018-04-30,2018-07-29,2019,Q2,2018Q2,NVDA,inventory_days,86.4,days,,inventory/cost_of_revenue*days_in_quarter,,,,derived from rows above,AI accelerators
2018-07-30,2018-10-28,2019,Q3,2018Q3,NVDA,inventory_days,102.3,days,,inventory/cost_of_revenue*days_in_quarter,,,,derived from rows above,AI accelerators
2018-10-29,2019-01-27,2019,Q4,2018Q4,NVDA,inventory_days,143.6,days,,inventory/cost_of_revenue*days_in_quarter,,,,derived from rows above,AI accelerators
2019-01-28,2019-04-28,2020,Q1,2019Q1,NVDA,inventory_days,140.4,days,,inventory/cost_of_revenue*days_in_quarter,,,,derived from rows above,AI accelerators
2019-04-29,2019-07-28,2020,Q2,2019Q2,NVDA,inventory_days,105.6,days,,inventory/cost_of_revenue*days_in_quarter,,,,derived from rows above,AI accelerators
2019-07-29,2019-10-27,2020,Q3,2019Q3,NVDA,inventory_days,86.8,days,,inventory/cost_of_revenue*days_in_quarter,,,,derived from rows above,AI accelerators
2019-10-28,2020-01-26,2020,Q4,2019Q4,NVDA,inventory_days,81.7,days,,inventory/cost_of_revenue*days_in_quarter,,,,derived from rows above,AI accelerators
2020-01-27,2020-04-26,2021,Q1,2020Q1,NVDA,inventory_days,95.4,days,,inventory/cost_of_revenue*days_in_quarter,,,,derived from rows above,AI accelerators
2020-04-27,2020-07-26,2021,Q2,2020Q2,NVDA,inventory_days,80.1,days,,inventory/cost_of_revenue*days_in_quarter,,,,derived from rows above,AI accelerators
2020-07-27,2020-10-25,2021,Q3,2020Q3,NVDA,inventory_days,77.0,days,,inventory/cost_of_revenue*days_in_quarter,,,,derived from rows above,AI accelerators
2020-10-26,2021-01-31,2021,Q4,2020Q4,NVDA,inventory_days,96.9,days,,inventory/cost_of_revenue*days_in_quarter,,,,derived from rows above,AI accelerators
2021-02-01,2021-05-02,2022,Q1,2021Q1,NVDA,inventory_days,89.2,days,,inventory/cost_of_revenue*days_in_quarter,,,,derived from rows above,AI accelerators
2021-05-03,2021-08-01,2022,Q2,2021Q2,NVDA,inventory_days,83.9,days,,inventory/cost_of_revenue*days_in_quarter,,,,derived from rows above,AI accelerators
2021-08-02,2021-10-31,2022,Q3,2021Q3,NVDA,inventory_days,82.2,days,,inventory/cost_of_revenue*days_in_quarter,,,,derived from rows above,AI accelerators
2021-11-01,2022-01-30,2022,Q4,2021Q4,NVDA,inventory_days,89.7,days,,inventory/cost_of_revenue*days_in_quarter,,,,derived from rows above,AI accelerators
2022-01-31,2022-05-01,2023,Q1,2022Q1,NVDA,inventory_days,100.7,days,,inventory/cost_of_revenue*days_in_quarter,,,,derived from rows above,AI accelerators
2022-05-02,2022-07-31,2023,Q2,2022Q2,NVDA,inventory_days,93.4,days,,inventory/cost_of_revenue*days_in_quarter,,,,derived from rows above,AI accelerators
2022-08-01,2022-10-30,2023,Q3,2022Q3,NVDA,inventory_days,147.2,days,,inventory/cost_of_revenue*days_in_quarter,,,,derived from rows above,AI accelerators
2022-10-31,2023-01-29,2023,Q4,2022Q4,NVDA,inventory_days,211.7,days,,inventory/cost_of_revenue*days_in_quarter,,,,derived from rows above,AI accelerators
2023-01-30,2023-04-30,2024,Q1,2023Q1,NVDA,inventory_days,164.9,days,,inventory/cost_of_revenue*days_in_quarter,,,,derived from rows above,AI accelerators
2023-05-01,2023-07-30,2024,Q2,2023Q2,NVDA,inventory_days,97.2,days,,inventory/cost_of_revenue*days_in_quarter,,,,derived from rows above,AI accelerators
2023-07-31,2023-10-29,2024,Q3,2023Q3,NVDA,inventory_days,92.1,days,,inventory/cost_of_revenue*days_in_quarter,,,,derived from rows above,AI accelerators
2023-10-30,2024-01-28,2024,Q4,2023Q4,NVDA,inventory_days,90.5,days,,inventory/cost_of_revenue*days_in_quarter,,,,derived from rows above,AI accelerators
2024-01-29,2024-04-28,2025,Q1,2024Q1,NVDA,inventory_days,94.6,days,,inventory/cost_of_revenue*days_in_quarter,,,,derived from rows above,AI accelerators
2024-04-29,2024-07-28,2025,Q2,2024Q2,NVDA,inventory_days,81.4,days,,inventory/cost_of_revenue*days_in_quarter,,,,derived from rows above,AI accelerators
2024-07-29,2024-10-27,2025,Q3,2024Q3,NVDA,inventory_days,78.0,days,,inventory/cost_of_revenue*days_in_quarter,,,,derived from rows above,AI accelerators
2024-10-28,2025-01-26,2025,Q4,2024Q4,NVDA,inventory_days,86.5,days,,inventory/cost_of_revenue*days_in_quarter,,,,derived from rows above,AI accelerators
2025-01-27,2025-04-27,2026,Q1,2025Q1,NVDA,inventory_days,59.3,days,,inventory/cost_of_revenue*days_in_quarter,,,,derived from rows above,AI accelerators
2025-04-28,2025-07-27,2026,Q2,2025Q2,NVDA,inventory_days,105.6,days,,inventory/cost_of_revenue*days_in_quarter,,,,derived from rows above,AI accelerators
2025-07-28,2025-10-26,2026,Q3,2025Q3,NVDA,inventory_days,118.8,days,,inventory/cost_of_revenue*days_in_quarter,,,,derived from rows above,AI accelerators
2025-10-27,2026-01-25,2026,Q4,2025Q4,NVDA,inventory_days,114.3,days,,inventory/cost_of_revenue*days_in_quarter,,,,derived from rows above,AI accelerators
2026-01-26,2026-04-26,2027,Q1,2026Q1,NVDA,inventory_days,114.7,days,,inventory/cost_of_revenue*days_in_quarter,,,,derived from rows above,AI accelerators
2026-04-27,2026-07-26,2027,Q2,2026Q2,NVDA,inventory_days,119.3,days,,inventory/cost_of_revenue*days_in_quarter,,,,derived from rows above,AI accelerators
2013-10-28,2014-01-26,2014,Q4,2013Q4,NVDA,operating_income,166697000.0,USD,OperatingIncomeLoss,ytd_diff,0001045810-16-000205,10-K,2016-03-17,https://data.sec.gov/api/xbrl/companyfacts/CIK0001045810.json,AI accelerators
2014-01-27,2014-04-27,2015,Q1,2014Q1,NVDA,operating_income,151000000.0,USD,OperatingIncomeLoss,reported,0001045810-15-000097,10-Q,2015-05-20,https://data.sec.gov/api/xbrl/companyfacts/CIK0001045810.json,AI accelerators
2014-04-28,2014-07-27,2015,Q2,2014Q2,NVDA,operating_income,163000000.0,USD,OperatingIncomeLoss,reported,0001045810-15-000143,10-Q,2015-08-19,https://data.sec.gov/api/xbrl/companyfacts/CIK0001045810.json,AI accelerators
2014-07-28,2014-10-26,2015,Q3,2014Q3,NVDA,operating_income,213000000.0,USD,OperatingIncomeLoss,reported,0001045810-15-000173,10-Q,2015-11-18,https://data.sec.gov/api/xbrl/companyfacts/CIK0001045810.json,AI accelerators
2014-10-27,2015-01-25,2015,Q4,2014Q4,NVDA,operating_income,231000000.0,USD,OperatingIncomeLoss,ytd_diff,0001045810-17-000027,10-K,2017-03-01,https://data.sec.gov/api/xbrl/companyfacts/CIK0001045810.json,AI accelerators
2015-01-26,2015-04-26,2016,Q1,2015Q1,NVDA,operating_income,176000000.0,USD,OperatingIncomeLoss,reported,0001045810-16-000275,10-Q,2016-05-25,https://data.sec.gov/api/xbrl/companyfacts/CIK0001045810.json,AI accelerators
2015-04-27,2015-07-26,2016,Q2,2015Q2,NVDA,operating_income,76000000.0,USD,OperatingIncomeLoss,reported,0001045810-16-000300,10-Q,2016-08-23,https://data.sec.gov/api/xbrl/companyfacts/CIK0001045810.json,AI accelerators
2015-07-27,2015-10-25,2016,Q3,2015Q3,NVDA,operating_income,245000000.0,USD,OperatingIncomeLoss,reported,0001045810-16-000353,10-Q,2016-11-22,https://data.sec.gov/api/xbrl/companyfacts/CIK0001045810.json,AI accelerators
2015-10-26,2016-01-31,2016,Q4,2015Q4,NVDA,operating_income,252000000.0,USD,OperatingIncomeLoss,ytd_diff,0001045810-18-000010,10-K,2018-02-28,https://data.sec.gov/api/xbrl/companyfacts/CIK0001045810.json,AI accelerators
2016-02-01,2016-05-01,2017,Q1,2016Q1,NVDA,operating_income,245000000.0,USD,OperatingIncomeLoss,reported,0001045810-17-000075,10-Q,2017-05-23,https://data.sec.gov/api/xbrl/companyfacts/CIK0001045810.json,AI accelerators
2016-05-02,2016-07-31,2017,Q2,2016Q2,NVDA,operating_income,317000000.0,USD,OperatingIncomeLoss,reported,0001045810-17-000123,10-Q,2017-08-23,https://data.sec.gov/api/xbrl/companyfacts/CIK0001045810.json,AI accelerators
2016-08-01,2016-10-30,2017,Q3,2016Q3,NVDA,operating_income,639000000.0,USD,OperatingIncomeLoss,reported,0001045810-17-000172,10-Q,2017-11-21,https://data.sec.gov/api/xbrl/companyfacts/CIK0001045810.json,AI accelerators
2016-10-31,2017-01-29,2017,Q4,2016Q4,NVDA,operating_income,733000000.0,USD,OperatingIncomeLoss,ytd_diff,0001045810-19-000023,10-K,2019-02-21,https://data.sec.gov/api/xbrl/companyfacts/CIK0001045810.json,AI accelerators
2017-01-30,2017-04-30,2018,Q1,2017Q1,NVDA,operating_income,554000000.0,USD,OperatingIncomeLoss,reported,0001045810-18-000080,10-Q,2018-05-22,https://data.sec.gov/api/xbrl/companyfacts/CIK0001045810.json,AI accelerators
2017-05-01,2017-07-30,2018,Q2,2017Q2,NVDA,operating_income,688000000.0,USD,OperatingIncomeLoss,reported,0001045810-18-000114,10-Q,2018-08-16,https://data.sec.gov/api/xbrl/companyfacts/CIK0001045810.json,AI accelerators
2017-07-31,2017-10-29,2018,Q3,2017Q3,NVDA,operating_income,895000000.0,USD,OperatingIncomeLoss,reported,0001045810-18-000150,10-Q,2018-11-15,https://data.sec.gov/api/xbrl/companyfacts/CIK0001045810.json,AI accelerators
2017-10-30,2018-01-28,2018,Q4,2017Q4,NVDA,operating_income,1073000000.0,USD,OperatingIncomeLoss,ytd_diff,0001045810-20-000010,10-K,2020-02-20,https://data.sec.gov/api/xbrl/companyfacts/CIK0001045810.json,AI accelerators
2018-01-29,2018-04-29,2019,Q1,2018Q1,NVDA,operating_income,1295000000.0,USD,OperatingIncomeLoss,reported,0001045810-19-000079,10-Q,2019-05-16,https://data.sec.gov/api/xbrl/companyfacts/CIK0001045810.json,AI accelerators
2018-04-30,2018-07-29,2019,Q2,2018Q2,NVDA,operating_income,1157000000.0,USD,OperatingIncomeLoss,reported,0001045810-19-000144,10-Q,2019-08-15,https://data.sec.gov/api/xbrl/companyfacts/CIK0001045810.json,AI accelerators
2018-07-30,2018-10-28,2019,Q3,2018Q3,NVDA,operating_income,1058000000.0,USD,OperatingIncomeLoss,reported,0001045810-19-000170,10-Q,2019-11-14,https://data.sec.gov/api/xbrl/companyfacts/CIK0001045810.json,AI accelerators
2018-10-29,2019-01-27,2019,Q4,2018Q4,NVDA,operating_income,294000000.0,USD,OperatingIncomeLoss,ytd_diff,0001045810-21-000010,10-K,2021-02-26,https://data.sec.gov/api/xbrl/companyfacts/CIK0001045810.json,AI accelerators
2019-01-28,2019-04-28,2020,Q1,2019Q1,NVDA,operating_income,358000000.0,USD,OperatingIncomeLoss,reported,0001045810-20-000065,10-Q,2020-05-21,https://data.sec.gov/api/xbrl/companyfacts/CIK0001045810.json,AI accelerators
2019-04-29,2019-07-28,2020,Q2,2019Q2,NVDA,operating_income,571000000.0,USD,OperatingIncomeLoss,reported,0001045810-20-000147,10-Q,2020-08-19,https://data.sec.gov/api/xbrl/companyfacts/CIK0001045810.json,AI accelerators
2019-07-29,2019-10-27,2020,Q3,2019Q3,NVDA,operating_income,927000000.0,USD,OperatingIncomeLoss,reported,0001045810-20-000189,10-Q,2020-11-18,https://data.sec.gov/api/xbrl/companyfacts/CIK0001045810.json,AI accelerators
2019-10-28,2020-01-26,2020,Q4,2019Q4,NVDA,operating_income,990000000.0,USD,OperatingIncomeLoss,ytd_diff,0001045810-22-000036,10-K,2022-03-18,https://data.sec.gov/api/xbrl/companyfacts/CIK0001045810.json,AI accelerators
2020-01-27,2020-04-26,2021,Q1,2020Q1,NVDA,operating_income,976000000.0,USD,OperatingIncomeLoss,reported,0001045810-21-000064,10-Q,2021-05-26,https://data.sec.gov/api/xbrl/companyfacts/CIK0001045810.json,AI accelerators
2020-04-27,2020-07-26,2021,Q2,2020Q2,NVDA,operating_income,651000000.0,USD,OperatingIncomeLoss,reported,0001045810-21-000131,10-Q,2021-08-20,https://data.sec.gov/api/xbrl/companyfacts/CIK0001045810.json,AI accelerators
2020-07-27,2020-10-25,2021,Q3,2020Q3,NVDA,operating_income,1398000000.0,USD,OperatingIncomeLoss,reported,0001045810-21-000163,10-Q,2021-11-22,https://data.sec.gov/api/xbrl/companyfacts/CIK0001045810.json,AI accelerators
2020-10-26,2021-01-31,2021,Q4,2020Q4,NVDA,operating_income,1507000000.0,USD,OperatingIncomeLoss,ytd_diff,0001045810-23-000017,10-K,2023-02-24,https://data.sec.gov/api/xbrl/companyfacts/CIK0001045810.json,AI accelerators
2021-02-01,2021-05-02,2022,Q1,2021Q1,NVDA,operating_income,1956000000.0,USD,OperatingIncomeLoss,reported,0001045810-22-000079,10-Q,2022-05-27,https://data.sec.gov/api/xbrl/companyfacts/CIK0001045810.json,AI accelerators
2021-05-03,2021-08-01,2022,Q2,2021Q2,NVDA,operating_income,2444000000.0,USD,OperatingIncomeLoss,reported,0001045810-22-000147,10-Q,2022-08-31,https://data.sec.gov/api/xbrl/companyfacts/CIK0001045810.json,AI accelerators
2021-08-02,2021-10-31,2022,Q3,2021Q3,NVDA,operating_income,2671000000.0,USD,OperatingIncomeLoss,reported,0001045810-22-000166,10-Q,2022-11-18,https://data.sec.gov/api/xbrl/companyfacts/CIK0001045810.json,AI accelerators
2021-11-01,2022-01-30,2022,Q4,2021Q4,NVDA,operating_income,2970000000.0,USD,OperatingIncomeLoss,ytd_diff,0001045810-24-000029,10-K,2024-02-21,https://data.sec.gov/api/xbrl/companyfacts/CIK0001045810.json,AI accelerators
2022-01-31,2022-05-01,2023,Q1,2022Q1,NVDA,operating_income,1868000000.0,USD,OperatingIncomeLoss,reported,0001045810-23-000093,10-Q,2023-05-26,https://data.sec.gov/api/xbrl/companyfacts/CIK0001045810.json,AI accelerators
2022-05-02,2022-07-31,2023,Q2,2022Q2,NVDA,operating_income,499000000.0,USD,OperatingIncomeLoss,reported,0001045810-23-000175,10-Q,2023-08-28,https://data.sec.gov/api/xbrl/companyfacts/CIK0001045810.json,AI accelerators
2022-08-01,2022-10-30,2023,Q3,2022Q3,NVDA,operating_income,601000000.0,USD,OperatingIncomeLoss,reported,0001045810-23-000227,10-Q,2023-11-21,https://data.sec.gov/api/xbrl/companyfacts/CIK0001045810.json,AI accelerators
2022-10-31,2023-01-29,2023,Q4,2022Q4,NVDA,operating_income,1256000000.0,USD,OperatingIncomeLoss,ytd_diff,0001045810-25-000023,10-K,2025-02-26,https://data.sec.gov/api/xbrl/companyfacts/CIK0001045810.json,AI accelerators
2023-01-30,2023-04-30,2024,Q1,2023Q1,NVDA,operating_income,2140000000.0,USD,OperatingIncomeLoss,reported,0001045810-24-000124,10-Q,2024-05-29,https://data.sec.gov/api/xbrl/companyfacts/CIK0001045810.json,AI accelerators
2023-05-01,2023-07-30,2024,Q2,2023Q2,NVDA,operating_income,6800000000.0,USD,OperatingIncomeLoss,reported,0001045810-24-000264,10-Q,2024-08-28,https://data.sec.gov/api/xbrl/companyfacts/CIK0001045810.json,AI accelerators
2023-07-31,2023-10-29,2024,Q3,2023Q3,NVDA,operating_income,10417000000.0,USD,OperatingIncomeLoss,reported,0001045810-24-000316,10-Q,2024-11-20,https://data.sec.gov/api/xbrl/companyfacts/CIK0001045810.json,AI accelerators
2023-10-30,2024-01-28,2024,Q4,2023Q4,NVDA,operating_income,13614000000.0,USD,OperatingIncomeLoss,ytd_diff,0001045810-26-000021,10-K,2026-02-25,https://data.sec.gov/api/xbrl/companyfacts/CIK0001045810.json,AI accelerators
2024-01-29,2024-04-28,2025,Q1,2024Q1,NVDA,operating_income,16909000000.0,USD,OperatingIncomeLoss,reported,0001045810-25-000116,10-Q,2025-05-28,https://data.sec.gov/api/xbrl/companyfacts/CIK0001045810.json,AI accelerators
2024-04-29,2024-07-28,2025,Q2,2024Q2,NVDA,operating_income,18642000000.0,USD,OperatingIncomeLoss,reported,0001045810-25-000209,10-Q,2025-08-27,https://data.sec.gov/api/xbrl/companyfacts/CIK0001045810.json,AI accelerators
2024-07-29,2024-10-27,2025,Q3,2024Q3,NVDA,operating_income,21869000000.0,USD,OperatingIncomeLoss,reported,0001045810-25-000230,10-Q,2025-11-19,https://data.sec.gov/api/xbrl/companyfacts/CIK0001045810.json,AI accelerators
2024-10-28,2025-01-26,2025,Q4,2024Q4,NVDA,operating_income,24034000000.0,USD,OperatingIncomeLoss,ytd_diff,0001045810-26-000021,10-K,2026-02-25,https://data.sec.gov/api/xbrl/companyfacts/CIK0001045810.json,AI accelerators
2025-01-27,2025-04-27,2026,Q1,2025Q1,NVDA,operating_income,21638000000.0,USD,OperatingIncomeLoss,reported,0001045810-26-000052,10-Q,2026-05-20,https://data.sec.gov/api/xbrl/companyfacts/CIK0001045810.json,AI accelerators
2025-04-28,2025-07-27,2026,Q2,2025Q2,NVDA,operating_income,28440000000.0,USD,OperatingIncomeLoss,reported,0001045810-26-000075,10-Q,2026-08-26,https://data.sec.gov/api/xbrl/companyfacts/CIK0001045810.json,AI accelerators
2025-07-28,2025-10-26,2026,Q3,2025Q3,NVDA,operating_income,36010000000.0,USD,OperatingIncomeLoss,reported,0001045810-25-000230,10-Q,2025-11-19,https://data.sec.gov/api/xbrl/companyfacts/CIK0001045810.json,AI accelerators
2025-10-27,2026-01-25,2026,Q4,2025Q4,NVDA,operating_income,44299000000.0,USD,OperatingIncomeLoss,ytd_diff,0001045810-26-000021,10-K,2026-02-25,https://data.sec.gov/api/xbrl/companyfacts/CIK0001045810.json,AI accelerators
2026-01-26,2026-04-26,2027,Q1,2026Q1,NVDA,operating_income,53536000000.0,USD,OperatingIncomeLoss,reported,0001045810-26-000052,10-Q,2026-05-20,https://data.sec.gov/api/xbrl/companyfacts/CIK0001045810.json,AI accelerators
2026-04-27,2026-07-26,2027,Q2,2026Q2,NVDA,operating_income,63734000000.0,USD,OperatingIncomeLoss,reported,0001045810-26-000075,10-Q,2026-08-26,https://data.sec.gov/api/xbrl/companyfacts/CIK0001045810.json,AI accelerators
2013-10-28,2014-01-26,2014,Q4,2013Q4,NVDA,revenue,1144218000.0,USD,Revenues,reported,0001045810-15-000036,10-K,2015-03-12,https://data.sec.gov/api/xbrl/companyfacts/CIK0001045810.json,AI accelerators
2014-01-27,2014-04-27,2015,Q1,2014Q1,NVDA,revenue,1103000000.0,USD,Revenues,reported,0001045810-16-000205,10-K,2016-03-17,https://data.sec.gov/api/xbrl/companyfacts/CIK0001045810.json,AI accelerators
2014-04-28,2014-07-27,2015,Q2,2014Q2,NVDA,revenue,1103000000.0,USD,Revenues,reported,0001045810-16-000205,10-K,2016-03-17,https://data.sec.gov/api/xbrl/companyfacts/CIK0001045810.json,AI accelerators
2014-07-28,2014-10-26,2015,Q3,2014Q3,NVDA,revenue,1225000000.0,USD,Revenues,reported,0001045810-16-000205,10-K,2016-03-17,https://data.sec.gov/api/xbrl/companyfacts/CIK0001045810.json,AI accelerators
2014-10-27,2015-01-25,2015,Q4,2014Q4,NVDA,revenue,1251000000.0,USD,Revenues,reported,0001045810-16-000205,10-K,2016-03-17,https://data.sec.gov/api/xbrl/companyfacts/CIK0001045810.json,AI accelerators
2015-01-26,2015-04-26,2016,Q1,2015Q1,NVDA,revenue,1151000000.0,USD,Revenues,reported,0001045810-17-000027,10-K,2017-03-01,https://data.sec.gov/api/xbrl/companyfacts/CIK0001045810.json,AI accelerators
2015-04-27,2015-07-26,2016,Q2,2015Q2,NVDA,revenue,1153000000.0,USD,Revenues,reported,0001045810-17-000027,10-K,2017-03-01,https://data.sec.gov/api/xbrl/companyfacts/CIK0001045810.json,AI accelerators
2015-07-27,2015-10-25,2016,Q3,2015Q3,NVDA,revenue,1305000000.0,USD,Revenues,reported,0001045810-17-000027,10-K,2017-03-01,https://data.sec.gov/api/xbrl/companyfacts/CIK0001045810.json,AI accelerators
2015-10-26,2016-01-31,2016,Q4,2015Q4,NVDA,revenue,1401000000.0,USD,Revenues,reported,0001045810-17-000027,10-K,2017-03-01,https://data.sec.gov/api/xbrl/companyfacts/CIK0001045810.json,AI accelerators
2016-02-01,2016-05-01,2017,Q1,2016Q1,NVDA,revenue,1305000000.0,USD,Revenues,reported,0001045810-18-000010,10-K,2018-02-28,https://data.sec.gov/api/xbrl/companyfacts/CIK0001045810.json,AI accelerators
2016-05-02,2016-07-31,2017,Q2,2016Q2,NVDA,revenue,1428000000.0,USD,Revenues,reported,0001045810-18-000010,10-K,2018-02-28,https://data.sec.gov/api/xbrl/companyfacts/CIK0001045810.json,AI accelerators
2016-08-01,2016-10-30,2017,Q3,2016Q3,NVDA,revenue,2004000000.0,USD,Revenues,reported,0001045810-18-000010,10-K,2018-02-28,https://data.sec.gov/api/xbrl/companyfacts/CIK0001045810.json,AI accelerators
2016-10-31,2017-01-29,2017,Q4,2016Q4,NVDA,revenue,2173000000.0,USD,Revenues,reported,0001045810-18-000010,10-K,2018-02-28,https://data.sec.gov/api/xbrl/companyfacts/CIK0001045810.json,AI accelerators
2017-01-30,2017-04-30,2018,Q1,2017Q1,NVDA,revenue,1937000000.0,USD,RevenueFromContractWithCustomerExcludingAssessedTax,reported,0001045810-19-000023,10-K,2019-02-21,https://data.sec.gov/api/xbrl/companyfacts/CIK0001045810.json,AI accelerators
2017-05-01,2017-07-30,2018,Q2,2017Q2,NVDA,revenue,2230000000.0,USD,RevenueFromContractWithCustomerExcludingAssessedTax,reported,0001045810-19-000023,10-K,2019-02-21,https://data.sec.gov/api/xbrl/companyfacts/CIK0001045810.json,AI accelerators
2017-07-31,2017-10-29,2018,Q3,2017Q3,NVDA,revenue,2636000000.0,USD,RevenueFromContractWithCustomerExcludingAssessedTax,reported,0001045810-19-000023,10-K,2019-02-21,https://data.sec.gov/api/xbrl/companyfacts/CIK0001045810.json,AI accelerators
2017-10-30,2018-01-28,2018,Q4,2017Q4,NVDA,revenue,2911000000.0,USD,RevenueFromContractWithCustomerExcludingAssessedTax,reported,0001045810-19-000023,10-K,2019-02-21,https://data.sec.gov/api/xbrl/companyfacts/CIK0001045810.json,AI accelerators
2018-01-29,2018-04-29,2019,Q1,2018Q1,NVDA,revenue,3207000000.0,USD,RevenueFromContractWithCustomerExcludingAssessedTax,reported,0001045810-20-000010,10-K,2020-02-20,https://data.sec.gov/api/xbrl/companyfacts/CIK0001045810.json,AI accelerators
2018-04-30,2018-07-29,2019,Q2,2018Q2,NVDA,revenue,3123000000.0,USD,RevenueFromContractWithCustomerExcludingAssessedTax,reported,0001045810-20-000010,10-K,2020-02-20,https://data.sec.gov/api/xbrl/companyfacts/CIK0001045810.json,AI accelerators
2018-07-30,2018-10-28,2019,Q3,2018Q3,NVDA,revenue,3181000000.0,USD,RevenueFromContractWithCustomerExcludingAssessedTax,reported,0001045810-20-000010,10-K,2020-02-20,https://data.sec.gov/api/xbrl/companyfacts/CIK0001045810.json,AI accelerators
2018-10-29,2019-01-27,2019,Q4,2018Q4,NVDA,revenue,2205000000.0,USD,RevenueFromContractWithCustomerExcludingAssessedTax,reported,0001045810-20-000010,10-K,2020-02-20,https://data.sec.gov/api/xbrl/companyfacts/CIK0001045810.json,AI accelerators
2019-01-28,2019-04-28,2020,Q1,2019Q1,NVDA,revenue,2220000000.0,USD,Revenues,reported,0001045810-20-000065,10-Q,2020-05-21,https://data.sec.gov/api/xbrl/companyfacts/CIK0001045810.json,AI accelerators
2019-04-29,2019-07-28,2020,Q2,2019Q2,NVDA,revenue,2579000000.0,USD,Revenues,reported,0001045810-20-000147,10-Q,2020-08-19,https://data.sec.gov/api/xbrl/companyfacts/CIK0001045810.json,AI accelerators
2019-07-29,2019-10-27,2020,Q3,2019Q3,NVDA,revenue,3014000000.0,USD,Revenues,reported,0001045810-20-000189,10-Q,2020-11-18,https://data.sec.gov/api/xbrl/companyfacts/CIK0001045810.json,AI accelerators
2019-10-28,2020-01-26,2020,Q4,2019Q4,NVDA,revenue,3105000000.0,USD,RevenueFromContractWithCustomerExcludingAssessedTax,reported,0001045810-20-000010,10-K,2020-02-20,https://data.sec.gov/api/xbrl/companyfacts/CIK0001045810.json,AI accelerators
2020-01-27,2020-04-26,2021,Q1,2020Q1,NVDA,revenue,3080000000.0,USD,Revenues,reported,0001045810-21-000064,10-Q,2021-05-26,https://data.sec.gov/api/xbrl/companyfacts/CIK0001045810.json,AI accelerators
2020-04-27,2020-07-26,2021,Q2,2020Q2,NVDA,revenue,3866000000.0,USD,Revenues,reported,0001045810-21-000131,10-Q,2021-08-20,https://data.sec.gov/api/xbrl/companyfacts/CIK0001045810.json,AI accelerators
2020-07-27,2020-10-25,2021,Q3,2020Q3,NVDA,revenue,4726000000.0,USD,Revenues,reported,0001045810-21-000163,10-Q,2021-11-22,https://data.sec.gov/api/xbrl/companyfacts/CIK0001045810.json,AI accelerators
2020-10-26,2021-01-31,2021,Q4,2020Q4,NVDA,revenue,5003000000.0,USD,Revenues,ytd_diff,0001045810-23-000017,10-K,2023-02-24,https://data.sec.gov/api/xbrl/companyfacts/CIK0001045810.json,AI accelerators
2021-02-01,2021-05-02,2022,Q1,2021Q1,NVDA,revenue,5661000000.0,USD,Revenues,reported,0001045810-22-000079,10-Q,2022-05-27,https://data.sec.gov/api/xbrl/companyfacts/CIK0001045810.json,AI accelerators
2021-05-03,2021-08-01,2022,Q2,2021Q2,NVDA,revenue,6507000000.0,USD,Revenues,reported,0001045810-22-000147,10-Q,2022-08-31,https://data.sec.gov/api/xbrl/companyfacts/CIK0001045810.json,AI accelerators
2021-08-02,2021-10-31,2022,Q3,2021Q3,NVDA,revenue,7103000000.0,USD,Revenues,reported,0001045810-22-000166,10-Q,2022-11-18,https://data.sec.gov/api/xbrl/companyfacts/CIK0001045810.json,AI accelerators
2021-11-01,2022-01-30,2022,Q4,2021Q4,NVDA,revenue,7643000000.0,USD,Revenues,ytd_diff,0001045810-24-000029,10-K,2024-02-21,https://data.sec.gov/api/xbrl/companyfacts/CIK0001045810.json,AI accelerators
2022-01-31,2022-05-01,2023,Q1,2022Q1,NVDA,revenue,8288000000.0,USD,Revenues,reported,0001045810-23-000093,10-Q,2023-05-26,https://data.sec.gov/api/xbrl/companyfacts/CIK0001045810.json,AI accelerators
2022-05-02,2022-07-31,2023,Q2,2022Q2,NVDA,revenue,6704000000.0,USD,Revenues,reported,0001045810-23-000175,10-Q,2023-08-28,https://data.sec.gov/api/xbrl/companyfacts/CIK0001045810.json,AI accelerators
2022-08-01,2022-10-30,2023,Q3,2022Q3,NVDA,revenue,5931000000.0,USD,Revenues,reported,0001045810-23-000227,10-Q,2023-11-21,https://data.sec.gov/api/xbrl/companyfacts/CIK0001045810.json,AI accelerators
2022-10-31,2023-01-29,2023,Q4,2022Q4,NVDA,revenue,6051000000.0,USD,Revenues,ytd_diff,0001045810-25-000023,10-K,2025-02-26,https://data.sec.gov/api/xbrl/companyfacts/CIK0001045810.json,AI accelerators
2023-01-30,2023-04-30,2024,Q1,2023Q1,NVDA,revenue,7192000000.0,USD,Revenues,reported,0001045810-24-000124,10-Q,2024-05-29,https://data.sec.gov/api/xbrl/companyfacts/CIK0001045810.json,AI accelerators
2023-05-01,2023-07-30,2024,Q2,2023Q2,NVDA,revenue,13507000000.0,USD,Revenues,reported,0001045810-24-000264,10-Q,2024-08-28,https://data.sec.gov/api/xbrl/companyfacts/CIK0001045810.json,AI accelerators
2023-07-31,2023-10-29,2024,Q3,2023Q3,NVDA,revenue,18120000000.0,USD,Revenues,reported,0001045810-24-000316,10-Q,2024-11-20,https://data.sec.gov/api/xbrl/companyfacts/CIK0001045810.json,AI accelerators
2023-10-30,2024-01-28,2024,Q4,2023Q4,NVDA,revenue,22103000000.0,USD,Revenues,ytd_diff,0001045810-26-000021,10-K,2026-02-25,https://data.sec.gov/api/xbrl/companyfacts/CIK0001045810.json,AI accelerators
2024-01-29,2024-04-28,2025,Q1,2024Q1,NVDA,revenue,26044000000.0,USD,Revenues,reported,0001045810-25-000116,10-Q,2025-05-28,https://data.sec.gov/api/xbrl/companyfacts/CIK0001045810.json,AI accelerators
2024-04-29,2024-07-28,2025,Q2,2024Q2,NVDA,revenue,30040000000.0,USD,Revenues,reported,0001045810-25-000209,10-Q,2025-08-27,https://data.sec.gov/api/xbrl/companyfacts/CIK0001045810.json,AI accelerators
2024-07-29,2024-10-27,2025,Q3,2024Q3,NVDA,revenue,35082000000.0,USD,Revenues,reported,0001045810-25-000230,10-Q,2025-11-19,https://data.sec.gov/api/xbrl/companyfacts/CIK0001045810.json,AI accelerators
2024-10-28,2025-01-26,2025,Q4,2024Q4,NVDA,revenue,39331000000.0,USD,Revenues,ytd_diff,0001045810-26-000021,10-K,2026-02-25,https://data.sec.gov/api/xbrl/companyfacts/CIK0001045810.json,AI accelerators
2025-01-27,2025-04-27,2026,Q1,2025Q1,NVDA,revenue,44062000000.0,USD,Revenues,reported,0001045810-26-000052,10-Q,2026-05-20,https://data.sec.gov/api/xbrl/companyfacts/CIK0001045810.json,AI accelerators
2025-04-28,2025-07-27,2026,Q2,2025Q2,NVDA,revenue,46743000000.0,USD,Revenues,reported,0001045810-26-000075,10-Q,2026-08-26,https://data.sec.gov/api/xbrl/companyfacts/CIK0001045810.json,AI accelerators
2025-07-28,2025-10-26,2026,Q3,2025Q3,NVDA,revenue,57006000000.0,USD,Revenues,reported,0001045810-25-000230,10-Q,2025-11-19,https://data.sec.gov/api/xbrl/companyfacts/CIK0001045810.json,AI accelerators
2025-10-27,2026-01-25,2026,Q4,2025Q4,NVDA,revenue,68127000000.0,USD,Revenues,ytd_diff,0001045810-26-000021,10-K,2026-02-25,https://data.sec.gov/api/xbrl/companyfacts/CIK0001045810.json,AI accelerators
2026-01-26,2026-04-26,2027,Q1,2026Q1,NVDA,revenue,81615000000.0,USD,Revenues,reported,0001045810-26-000052,10-Q,2026-05-20,https://data.sec.gov/api/xbrl/companyfacts/CIK0001045810.json,AI accelerators
2026-04-27,2026-07-26,2027,Q2,2026Q2,NVDA,revenue,96221000000.0,USD,Revenues,reported,0001045810-26-000075,10-Q,2026-08-26,https://data.sec.gov/api/xbrl/companyfacts/CIK0001045810.json,AI accelerators
2013-12-01,2014-02-28,2014,Q3,2014Q1,ORCL,capex,147000000.0,USD,PaymentsToAcquirePropertyPlantAndEquipment,ytd_diff,0001193125-15-098586,10-Q,2015-03-19,https://data.sec.gov/api/xbrl/companyfacts/CIK0001341439.json,hyperscaler
2014-03-01,2014-05-31,2014,Q4,2014Q2,ORCL,capex,154000000.0,USD,PaymentsToAcquirePropertyPlantAndEquipment,ytd_diff,0001193125-16-628942,10-K,2016-06-22,https://data.sec.gov/api/xbrl/companyfacts/CIK0001341439.json,hyperscaler
2014-06-01,2014-08-31,2015,Q1,2014Q3,ORCL,capex,201000000.0,USD,PaymentsToAcquirePropertyPlantAndEquipment,reported,0001193125-15-323532,10-Q,2015-09-18,https://data.sec.gov/api/xbrl/companyfacts/CIK0001341439.json,hyperscaler
2014-09-01,2014-11-30,2015,Q2,2014Q4,ORCL,capex,225000000.0,USD,PaymentsToAcquirePropertyPlantAndEquipment,ytd_diff,0001193125-15-407703,10-Q,2015-12-18,https://data.sec.gov/api/xbrl/companyfacts/CIK0001341439.json,hyperscaler
2014-12-01,2015-02-28,2015,Q3,2015Q1,ORCL,capex,368000000.0,USD,PaymentsToAcquirePropertyPlantAndEquipment,ytd_diff,0001193125-16-510333,10-Q,2016-03-18,https://data.sec.gov/api/xbrl/companyfacts/CIK0001341439.json,hyperscaler
2015-03-01,2015-05-31,2015,Q4,2015Q2,ORCL,capex,597000000.0,USD,PaymentsToAcquirePropertyPlantAndEquipment,ytd_diff,0001193125-17-214833,10-K,2017-06-27,https://data.sec.gov/api/xbrl/companyfacts/CIK0001341439.json,hyperscaler
2015-06-01,2015-08-31,2016,Q1,2015Q3,ORCL,capex,446000000.0,USD,PaymentsToAcquirePropertyPlantAndEquipment,reported,0001193125-16-713596,10-Q,2016-09-19,https://data.sec.gov/api/xbrl/companyfacts/CIK0001341439.json,hyperscaler
2015-09-01,2015-11-30,2016,Q2,2015Q4,ORCL,capex,195000000.0,USD,PaymentsToAcquirePropertyPlantAndEquipment,ytd_diff,0001193125-16-797253,10-Q,2016-12-19,https://data.sec.gov/api/xbrl/companyfacts/CIK0001341439.json,hyperscaler
2015-12-01,2016-02-29,2016,Q3,2016Q1,ORCL,capex,368000000.0,USD,PaymentsToAcquirePropertyPlantAndEquipment,ytd_diff,0001193125-17-087309,10-Q,2017-03-17,https://data.sec.gov/api/xbrl/companyfacts/CIK0001341439.json,hyperscaler
2016-03-01,2016-05-31,2016,Q4,2016Q2,ORCL,capex,180000000.0,USD,PaymentsToAcquirePropertyPlantAndEquipment,ytd_diff,0001193125-18-201034,10-K,2018-06-22,https://data.sec.gov/api/xbrl/companyfacts/CIK0001341439.json,hyperscaler
2016-06-01,2016-08-31,2017,Q1,2016Q3,ORCL,capex,299000000.0,USD,PaymentsToAcquirePropertyPlantAndEquipment,reported,0001193125-17-287455,10-Q,2017-09-18,https://data.sec.gov/api/xbrl/companyfacts/CIK0001341439.json,hyperscaler
2016-09-01,2016-11-30,2017,Q2,2016Q4,ORCL,capex,757000000.0,USD,PaymentsToAcquirePropertyPlantAndEquipment,ytd_diff,0001193125-17-372232,10-Q,2017-12-18,https://data.sec.gov/api/xbrl/companyfacts/CIK0001341439.json,hyperscaler
2016-12-01,2017-02-28,2017,Q3,2017Q1,ORCL,capex,440000000.0,USD,PaymentsToAcquirePropertyPlantAndEquipment,ytd_diff,0001193125-18-090646,10-Q,2018-03-21,https://data.sec.gov/api/xbrl/companyfacts/CIK0001341439.json,hyperscaler
2017-03-01,2017-05-31,2017,Q4,2017Q2,ORCL,capex,525000000.0,USD,PaymentsToAcquirePropertyPlantAndEquipment,ytd_diff,0001564590-19-023119,10-K,2019-06-21,https://data.sec.gov/api/xbrl/companyfacts/CIK0001341439.json,hyperscaler
2017-06-01,2017-08-31,2018,Q1,2017Q3,ORCL,capex,473000000.0,USD,PaymentsToAcquirePropertyPlantAndEquipment,reported,0001564590-18-023315,10-Q,2018-09-19,https://data.sec.gov/api/xbrl/companyfacts/CIK0001341439.json,hyperscaler
2017-09-01,2017-11-30,2018,Q2,2017Q4,ORCL,capex,599000000.0,USD,PaymentsToAcquirePropertyPlantAndEquipment,ytd_diff,0001564590-18-031113,10-Q,2018-12-19,https://data.sec.gov/api/xbrl/companyfacts/CIK0001341439.json,hyperscaler
2017-12-01,2018-02-28,2018,Q3,2018Q1,ORCL,capex,286000000.0,USD,PaymentsToAcquirePropertyPlantAndEquipment,ytd_diff,0001564590-19-008273,10-Q,2019-03-18,https://data.sec.gov/api/xbrl/companyfacts/CIK0001341439.json,hyperscaler
2018-03-01,2018-05-31,2018,Q4,2018Q2,ORCL,capex,378000000.0,USD,PaymentsToAcquirePropertyPlantAndEquipment,ytd_diff,0001564590-20-030125,10-K,2020-06-22,https://data.sec.gov/api/xbrl/companyfacts/CIK0001341439.json,hyperscaler
2018-06-01,2018-08-31,2019,Q1,2018Q3,ORCL,capex,383000000.0,USD,PaymentsToAcquirePropertyPlantAndEquipment,reported,0001564590-19-034717,10-Q,2019-09-13,https://data.sec.gov/api/xbrl/companyfacts/CIK0001341439.json,hyperscaler
2018-09-01,2018-11-30,2019,Q2,2018Q4,ORCL,capex,421000000.0,USD,PaymentsToAcquirePropertyPlantAndEquipment,ytd_diff,0001564590-19-045966,10-Q,2019-12-13,https://data.sec.gov/api/xbrl/companyfacts/CIK0001341439.json,hyperscaler
2018-12-01,2019-02-28,2019,Q3,2019Q1,ORCL,capex,443000000.0,USD,PaymentsToAcquirePropertyPlantAndEquipment,ytd_diff,0001564590-20-010833,10-Q,2020-03-13,https://data.sec.gov/api/xbrl/companyfacts/CIK0001341439.json,hyperscaler
2019-03-01,2019-05-31,2019,Q4,2019Q2,ORCL,capex,413000000.0,USD,PaymentsToAcquirePropertyPlantAndEquipment,ytd_diff,0001564590-21-033616,10-K,2021-06-21,https://data.sec.gov/api/xbrl/companyfacts/CIK0001341439.json,hyperscaler
2019-06-01,2019-08-31,2020,Q1,2019Q3,ORCL,capex,386000000.0,USD,PaymentsToAcquirePropertyPlantAndEquipment,reported,0001564590-20-043448,10-Q,2020-09-15,https://data.sec.gov/api/xbrl/companyfacts/CIK0001341439.json,hyperscaler
2019-09-01,2019-11-30,2020,Q2,2019Q4,ORCL,capex,349000000.0,USD,PaymentsToAcquirePropertyPlantAndEquipment,ytd_diff,0001564590-20-056896,10-Q,2020-12-11,https://data.sec.gov/api/xbrl/companyfacts/CIK0001341439.json,hyperscaler
2019-12-01,2020-02-29,2020,Q3,2020Q1,ORCL,capex,396000000.0,USD,PaymentsToAcquirePropertyPlantAndEquipment,ytd_diff,0001564590-21-012539,10-Q,2021-03-11,https://data.sec.gov/api/xbrl/companyfacts/CIK0001341439.json,hyperscaler
2020-03-01,2020-05-31,2020,Q4,2020Q2,ORCL,capex,433000000.0,USD,PaymentsToAcquirePropertyPlantAndEquipment,ytd_diff,0001564590-22-023675,10-K,2022-06-21,https://data.sec.gov/api/xbrl/companyfacts/CIK0001341439.json,hyperscaler
2020-06-01,2020-08-31,2021,Q1,2020Q3,ORCL,capex,436000000.0,USD,PaymentsToAcquirePropertyPlantAndEquipment,reported,0001564590-21-047772,10-Q,2021-09-13,https://data.sec.gov/api/xbrl/companyfacts/CIK0001341439.json,hyperscaler
2020-09-01,2020-11-30,2021,Q2,2020Q4,ORCL,capex,568000000.0,USD,PaymentsToAcquirePropertyPlantAndEquipment,ytd_diff,0001564590-21-060022,10-Q,2021-12-10,https://data.sec.gov/api/xbrl/companyfacts/CIK0001341439.json,hyperscaler
2020-12-01,2021-02-28,2021,Q3,2021Q1,ORCL,capex,414000000.0,USD,PaymentsToAcquirePropertyPlantAndEquipment,ytd_diff,0001564590-22-009859,10-Q,2022-03-11,https://data.sec.gov/api/xbrl/companyfacts/CIK0001341439.json,hyperscaler
2021-03-01,2021-05-31,2021,Q4,2021Q2,ORCL,capex,717000000.0,USD,PaymentsToAcquirePropertyPlantAndEquipment,ytd_diff,0000950170-23-028914,10-K,2023-06-20,https://data.sec.gov/api/xbrl/companyfacts/CIK0001341439.json,hyperscaler
2021-06-01,2021-08-31,2022,Q1,2021Q3,ORCL,capex,1062000000.0,USD,PaymentsToAcquirePropertyPlantAndEquipment,reported,0001564590-22-031545,10-Q,2022-09-13,https://data.sec.gov/api/xbrl/companyfacts/CIK0001341439.json,hyperscaler
2021-09-01,2021-11-30,2022,Q2,2021Q4,ORCL,capex,925000000.0,USD,PaymentsToAcquirePropertyPlantAndEquipment,ytd_diff,0001564590-22-039278,10-Q,2022-12-13,https://data.sec.gov/api/xbrl/companyfacts/CIK0001341439.json,hyperscaler
2021-12-01,2022-02-28,2022,Q3,2022Q1,ORCL,capex,1101000000.0,USD,PaymentsToAcquirePropertyPlantAndEquipment,ytd_diff,0001564590-23-003413,10-Q,2023-03-10,https://data.sec.gov/api/xbrl/companyfacts/CIK0001341439.json,hyperscaler
2022-03-01,2022-05-31,2022,Q4,2022Q2,ORCL,capex,1423000000.0,USD,PaymentsToAcquirePropertyPlantAndEquipment,ytd_diff,0000950170-24-075605,10-K,2024-06-20,https://data.sec.gov/api/xbrl/companyfacts/CIK0001341439.json,hyperscaler
2022-06-01,2022-08-31,2023,Q1,2022Q3,ORCL,capex,1719000000.0,USD,PaymentsToAcquirePropertyPlantAndEquipment,reported,0000950170-23-047713,10-Q,2023-09-12,https://data.sec.gov/api/xbrl/companyfacts/CIK0001341439.json,hyperscaler
2022-09-01,2022-11-30,2023,Q2,2022Q4,ORCL,capex,2435000000.0,USD,PaymentsToAcquirePropertyPlantAndEquipment,ytd_diff,0000950170-23-069682,10-Q,2023-12-12,https://data.sec.gov/api/xbrl/companyfacts/CIK0001341439.json,hyperscaler
2022-12-01,2023-02-28,2023,Q3,2023Q1,ORCL,capex,2628000000.0,USD,PaymentsToAcquirePropertyPlantAndEquipment,ytd_diff,0000950170-24-029904,10-Q,2024-03-12,https://data.sec.gov/api/xbrl/companyfacts/CIK0001341439.json,hyperscaler
2023-03-01,2023-05-31,2023,Q4,2023Q2,ORCL,capex,1913000000.0,USD,PaymentsToAcquirePropertyPlantAndEquipment,ytd_diff,0000950170-25-087926,10-K,2025-06-18,https://data.sec.gov/api/xbrl/companyfacts/CIK0001341439.json,hyperscaler
2023-06-01,2023-08-31,2024,Q1,2023Q3,ORCL,capex,1314000000.0,USD,PaymentsToAcquirePropertyPlantAndEquipment,reported,0000950170-24-104905,10-Q,2024-09-10,https://data.sec.gov/api/xbrl/companyfacts/CIK0001341439.json,hyperscaler
2023-09-01,2023-11-30,2024,Q2,2023Q4,ORCL,capex,1080000000.0,USD,PaymentsToAcquirePropertyPlantAndEquipment,ytd_diff,0000950170-24-134973,10-Q,2024-12-10,https://data.sec.gov/api/xbrl/companyfacts/CIK0001341439.json,hyperscaler
2023-12-01,2024-02-29,2024,Q3,2024Q1,ORCL,capex,1674000000.0,USD,PaymentsToAcquirePropertyPlantAndEquipment,ytd_diff,0000950170-25-037143,10-Q,2025-03-11,https://data.sec.gov/api/xbrl/companyfacts/CIK0001341439.json,hyperscaler
2024-03-01,2024-05-31,2024,Q4,2024Q2,ORCL,capex,2798000000.0,USD,PaymentsToAcquirePropertyPlantAndEquipment,ytd_diff,0001193125-26-277521,10-K,2026-06-22,https://data.sec.gov/api/xbrl/companyfacts/CIK0001341439.json,hyperscaler
2024-06-01,2024-08-31,2025,Q1,2024Q3,ORCL,capex,2303000000.0,USD,PaymentsToAcquirePropertyPlantAndEquipment,reported,0001193125-25-200095,10-Q,2025-09-10,https://data.sec.gov/api/xbrl/companyfacts/CIK0001341439.json,hyperscaler
2024-09-01,2024-11-30,2025,Q2,2024Q4,ORCL,capex,3970000000.0,USD,PaymentsToAcquirePropertyPlantAndEquipment,ytd_diff,0001193125-25-315925,10-Q,2025-12-11,https://data.sec.gov/api/xbrl/companyfacts/CIK0001341439.json,hyperscaler
2024-12-01,2025-02-28,2025,Q3,2025Q1,ORCL,capex,5862000000.0,USD,PaymentsToAcquirePropertyPlantAndEquipment,ytd_diff,0001193125-26-101045,10-Q,2026-03-11,https://data.sec.gov/api/xbrl/companyfacts/CIK0001341439.json,hyperscaler
2025-03-01,2025-05-31,2025,Q4,2025Q2,ORCL,capex,9080000000.0,USD,PaymentsToAcquirePropertyPlantAndEquipment,ytd_diff,0001193125-26-277521,10-K,2026-06-22,https://data.sec.gov/api/xbrl/companyfacts/CIK0001341439.json,hyperscaler
2025-06-01,2025-08-31,2026,Q1,2025Q3,ORCL,capex,8502000000.0,USD,PaymentsToAcquirePropertyPlantAndEquipment,reported,0001193125-26-389274,10-Q,2026-09-11,https://data.sec.gov/api/xbrl/companyfacts/CIK0001341439.json,hyperscaler
2025-09-01,2025-11-30,2026,Q2,2025Q4,ORCL,capex,12033000000.0,USD,PaymentsToAcquirePropertyPlantAndEquipment,ytd_diff,0001193125-25-315925,10-Q,2025-12-11,https://data.sec.gov/api/xbrl/companyfacts/CIK0001341439.json,hyperscaler
2025-12-01,2026-02-28,2026,Q3,2026Q1,ORCL,capex,18635000000.0,USD,PaymentsToAcquirePropertyPlantAndEquipment,ytd_diff,0001193125-26-101045,10-Q,2026-03-11,https://data.sec.gov/api/xbrl/companyfacts/CIK0001341439.json,hyperscaler
2026-03-01,2026-05-31,2026,Q4,2026Q2,ORCL,capex,16493000000.0,USD,PaymentsToAcquirePropertyPlantAndEquipment,ytd_diff,0001193125-26-277521,10-K,2026-06-22,https://data.sec.gov/api/xbrl/companyfacts/CIK0001341439.json,hyperscaler
2026-06-01,2026-08-31,2027,Q1,2026Q3,ORCL,capex,28499000000.0,USD,PaymentsToAcquirePropertyPlantAndEquipment,reported,0001193125-26-389274,10-Q,2026-09-11,https://data.sec.gov/api/xbrl/companyfacts/CIK0001341439.json,hyperscaler
2015-09-01,2015-11-30,2016,Q2,2015Q4,ORCL,gross_margin_pct,59.75,pct,,gross_profit/revenue,,,,derived from rows above,hyperscaler
2015-12-01,2016-02-29,2016,Q3,2016Q1,ORCL,gross_margin_pct,60.42,pct,,gross_profit/revenue,,,,derived from rows above,hyperscaler
2016-03-01,2016-05-31,2016,Q4,2016Q2,ORCL,gross_margin_pct,61.74,pct,,gross_profit/revenue,,,,derived from rows above,hyperscaler
2016-06-01,2016-08-31,2017,Q1,2016Q3,ORCL,gross_margin_pct,59.45,pct,,gross_profit/revenue,,,,derived from rows above,hyperscaler
2016-09-01,2016-11-30,2017,Q2,2016Q4,ORCL,gross_margin_pct,60.96,pct,,gross_profit/revenue,,,,derived from rows above,hyperscaler
2016-12-01,2017-02-28,2017,Q3,2017Q1,ORCL,gross_margin_pct,60.64,pct,,gross_profit/revenue,,,,derived from rows above,hyperscaler
2017-03-01,2017-05-31,2017,Q4,2017Q2,ORCL,gross_margin_pct,62.2,pct,,gross_profit/revenue,,,,derived from rows above,hyperscaler
2017-06-01,2017-08-31,2018,Q1,2017Q3,ORCL,gross_margin_pct,59.67,pct,,gross_profit/revenue,,,,derived from rows above,hyperscaler
2017-09-01,2017-11-30,2018,Q2,2017Q4,ORCL,gross_margin_pct,60.67,pct,,gross_profit/revenue,,,,derived from rows above,hyperscaler
2017-12-01,2018-02-28,2018,Q3,2018Q1,ORCL,gross_margin_pct,61.68,pct,,gross_profit/revenue,,,,derived from rows above,hyperscaler
2018-03-01,2018-05-31,2018,Q4,2018Q2,ORCL,gross_margin_pct,17.76,pct,,gross_profit/revenue,,,,derived from rows above,hyperscaler
2018-06-01,2018-08-31,2019,Q1,2018Q3,ORCL,gross_margin_pct,59.37,pct,,gross_profit/revenue,,,,derived from rows above,hyperscaler
2015-09-01,2015-11-30,2016,Q2,2015Q4,ORCL,gross_profit,5373000000.0,USD,GrossProfit,reported,0001193125-16-797253,10-Q,2016-12-19,https://data.sec.gov/api/xbrl/companyfacts/CIK0001341439.json,hyperscaler
2015-12-01,2016-02-29,2016,Q3,2016Q1,ORCL,gross_profit,5445000000.0,USD,GrossProfit,reported,0001193125-17-087309,10-Q,2017-03-17,https://data.sec.gov/api/xbrl/companyfacts/CIK0001341439.json,hyperscaler
2016-03-01,2016-05-31,2016,Q4,2016Q2,ORCL,gross_profit,6541000000.0,USD,GrossProfit,ytd_diff,0001193125-18-201034,10-K,2018-06-22,https://data.sec.gov/api/xbrl/companyfacts/CIK0001341439.json,hyperscaler
2016-06-01,2016-08-31,2017,Q1,2016Q3,ORCL,gross_profit,5110000000.0,USD,GrossProfit,reported,0001193125-17-287455,10-Q,2017-09-18,https://data.sec.gov/api/xbrl/companyfacts/CIK0001341439.json,hyperscaler
2016-09-01,2016-11-30,2017,Q2,2016Q4,ORCL,gross_profit,5508000000.0,USD,GrossProfit,reported,0001193125-17-372232,10-Q,2017-12-18,https://data.sec.gov/api/xbrl/companyfacts/CIK0001341439.json,hyperscaler
2016-12-01,2017-02-28,2017,Q3,2017Q1,ORCL,gross_profit,5582000000.0,USD,GrossProfit,reported,0001193125-18-090646,10-Q,2018-03-21,https://data.sec.gov/api/xbrl/companyfacts/CIK0001341439.json,hyperscaler
2017-03-01,2017-05-31,2017,Q4,2017Q2,ORCL,gross_profit,6815000000.0,USD,GrossProfit,ytd_diff,0001193125-18-201034,10-K,2018-06-22,https://data.sec.gov/api/xbrl/companyfacts/CIK0001341439.json,hyperscaler
2017-06-01,2017-08-31,2018,Q1,2017Q3,ORCL,gross_profit,5432000000.0,USD,GrossProfit,reported,0001564590-18-023315,10-Q,2018-09-19,https://data.sec.gov/api/xbrl/companyfacts/CIK0001341439.json,hyperscaler
2017-09-01,2017-11-30,2018,Q2,2017Q4,ORCL,gross_profit,5818000000.0,USD,GrossProfit,reported,0001193125-17-372232,10-Q,2017-12-18,https://data.sec.gov/api/xbrl/companyfacts/CIK0001341439.json,hyperscaler
2017-12-01,2018-02-28,2018,Q3,2018Q1,ORCL,gross_profit,5968000000.0,USD,GrossProfit,reported,0001193125-18-090646,10-Q,2018-03-21,https://data.sec.gov/api/xbrl/companyfacts/CIK0001341439.json,hyperscaler
2018-03-01,2018-05-31,2018,Q4,2018Q2,ORCL,gross_profit,6994000000.0,USD,GrossProfit,ytd_diff,0001193125-18-201034,10-K,2018-06-22,https://data.sec.gov/api/xbrl/companyfacts/CIK0001341439.json,hyperscaler
2018-06-01,2018-08-31,2019,Q1,2018Q3,ORCL,gross_profit,5458000000.0,USD,GrossProfit,reported,0001564590-18-023315,10-Q,2018-09-19,https://data.sec.gov/api/xbrl/companyfacts/CIK0001341439.json,hyperscaler
2013-12-01,2014-02-28,2014,Q3,2014Q1,ORCL,inventory,227000000.0,USD,InventoryNet,reported,0001193125-14-108126,10-Q,2014-03-20,https://data.sec.gov/api/xbrl/companyfacts/CIK0001341439.json,hyperscaler
2014-03-01,2014-05-31,2014,Q4,2014Q2,ORCL,inventory,189000000.0,USD,InventoryNet,reported,0001193125-15-235239,10-K,2015-06-25,https://data.sec.gov/api/xbrl/companyfacts/CIK0001341439.json,hyperscaler
2014-06-01,2014-08-31,2015,Q1,2014Q3,ORCL,inventory,179000000.0,USD,InventoryNet,reported,0001193125-14-350291,10-Q,2014-09-23,https://data.sec.gov/api/xbrl/companyfacts/CIK0001341439.json,hyperscaler
2014-09-01,2014-11-30,2015,Q2,2014Q4,ORCL,inventory,208000000.0,USD,InventoryNet,reported,0001193125-14-448728,10-Q,2014-12-19,https://data.sec.gov/api/xbrl/companyfacts/CIK0001341439.json,hyperscaler
2014-12-01,2015-02-28,2015,Q3,2015Q1,ORCL,inventory,285000000.0,USD,InventoryNet,reported,0001193125-15-098586,10-Q,2015-03-19,https://data.sec.gov/api/xbrl/companyfacts/CIK0001341439.json,hyperscaler
2015-03-01,2015-05-31,2015,Q4,2015Q2,ORCL,inventory,314000000.0,USD,InventoryNet,reported,0001193125-16-628942,10-K,2016-06-22,https://data.sec.gov/api/xbrl/companyfacts/CIK0001341439.json,hyperscaler
2015-06-01,2015-08-31,2016,Q1,2015Q3,ORCL,inventory,251000000.0,USD,InventoryNet,reported,0001193125-15-323532,10-Q,2015-09-18,https://data.sec.gov/api/xbrl/companyfacts/CIK0001341439.json,hyperscaler
2015-09-01,2015-11-30,2016,Q2,2015Q4,ORCL,inventory,238000000.0,USD,InventoryNet,reported,0001193125-15-407703,10-Q,2015-12-18,https://data.sec.gov/api/xbrl/companyfacts/CIK0001341439.json,hyperscaler
2015-12-01,2016-02-29,2016,Q3,2016Q1,ORCL,inventory,212000000.0,USD,InventoryNet,reported,0001193125-16-510333,10-Q,2016-03-18,https://data.sec.gov/api/xbrl/companyfacts/CIK0001341439.json,hyperscaler
2016-03-01,2016-05-31,2016,Q4,2016Q2,ORCL,inventory,212000000.0,USD,InventoryNet,reported,0001193125-17-214833,10-K,2017-06-27,https://data.sec.gov/api/xbrl/companyfacts/CIK0001341439.json,hyperscaler
2016-06-01,2016-08-31,2017,Q1,2016Q3,ORCL,inventory,286000000.0,USD,InventoryNet,reported,0001193125-16-713596,10-Q,2016-09-19,https://data.sec.gov/api/xbrl/companyfacts/CIK0001341439.json,hyperscaler
2016-09-01,2016-11-30,2017,Q2,2016Q4,ORCL,inventory,327000000.0,USD,InventoryNet,reported,0001193125-16-797253,10-Q,2016-12-19,https://data.sec.gov/api/xbrl/companyfacts/CIK0001341439.json,hyperscaler
2016-12-01,2017-02-28,2017,Q3,2017Q1,ORCL,inventory,391000000.0,USD,InventoryNet,reported,0001193125-17-087309,10-Q,2017-03-17,https://data.sec.gov/api/xbrl/companyfacts/CIK0001341439.json,hyperscaler
2017-03-01,2017-05-31,2017,Q4,2017Q2,ORCL,inventory,300000000.0,USD,InventoryNet,reported,0001193125-18-201034,10-K,2018-06-22,https://data.sec.gov/api/xbrl/companyfacts/CIK0001341439.json,hyperscaler
2017-06-01,2017-08-31,2018,Q1,2017Q3,ORCL,inventory,312000000.0,USD,InventoryNet,reported,0001193125-17-287455,10-Q,2017-09-18,https://data.sec.gov/api/xbrl/companyfacts/CIK0001341439.json,hyperscaler
2017-09-01,2017-11-30,2018,Q2,2017Q4,ORCL,inventory,436000000.0,USD,InventoryNet,reported,0001193125-17-372232,10-Q,2017-12-18,https://data.sec.gov/api/xbrl/companyfacts/CIK0001341439.json,hyperscaler
2017-12-01,2018-02-28,2018,Q3,2018Q1,ORCL,inventory,496000000.0,USD,InventoryNet,reported,0001193125-18-090646,10-Q,2018-03-21,https://data.sec.gov/api/xbrl/companyfacts/CIK0001341439.json,hyperscaler
2018-03-01,2018-05-31,2018,Q4,2018Q2,ORCL,inventory,398000000.0,USD,InventoryNet,reported,0001564590-19-023119,10-K,2019-06-21,https://data.sec.gov/api/xbrl/companyfacts/CIK0001341439.json,hyperscaler
2019-03-01,2019-05-31,2019,Q4,2019Q2,ORCL,inventory,320000000.0,USD,InventoryNet,reported,0001564590-20-030125,10-K,2020-06-22,https://data.sec.gov/api/xbrl/companyfacts/CIK0001341439.json,hyperscaler
2020-03-01,2020-05-31,2020,Q4,2020Q2,ORCL,inventory,211000000.0,USD,InventoryNet,reported,0001564590-21-033616,10-K,2021-06-21,https://data.sec.gov/api/xbrl/companyfacts/CIK0001341439.json,hyperscaler
2021-03-01,2021-05-31,2021,Q4,2021Q2,ORCL,inventory,142000000.0,USD,InventoryNet,reported,0001564590-22-023675,10-K,2022-06-21,https://data.sec.gov/api/xbrl/companyfacts/CIK0001341439.json,hyperscaler
2022-03-01,2022-05-31,2022,Q4,2022Q2,ORCL,inventory,314000000.0,USD,InventoryNet,reported,0000950170-23-028914,10-K,2023-06-20,https://data.sec.gov/api/xbrl/companyfacts/CIK0001341439.json,hyperscaler
2023-03-01,2023-05-31,2023,Q4,2023Q2,ORCL,inventory,298000000.0,USD,InventoryNet,reported,0000950170-24-075605,10-K,2024-06-20,https://data.sec.gov/api/xbrl/companyfacts/CIK0001341439.json,hyperscaler
2024-03-01,2024-05-31,2024,Q4,2024Q2,ORCL,inventory,334000000.0,USD,InventoryNet,reported,0000950170-25-087926,10-K,2025-06-18,https://data.sec.gov/api/xbrl/companyfacts/CIK0001341439.json,hyperscaler
2025-03-01,2025-05-31,2025,Q4,2025Q2,ORCL,inventory,303000000.0,USD,InventoryNet,reported,0000950170-25-087926,10-K,2025-06-18,https://data.sec.gov/api/xbrl/companyfacts/CIK0001341439.json,hyperscaler
2015-09-01,2015-11-30,2016,Q2,2015Q4,ORCL,inventory_days,6.0,days,,inventory/cost_of_revenue*days_in_quarter,,,,derived from rows above,hyperscaler
2015-12-01,2016-02-29,2016,Q3,2016Q1,ORCL,inventory_days,5.4,days,,inventory/cost_of_revenue*days_in_quarter,,,,derived from rows above,hyperscaler
2016-03-01,2016-05-31,2016,Q4,2016Q2,ORCL,inventory_days,4.8,days,,inventory/cost_of_revenue*days_in_quarter,,,,derived from rows above,hyperscaler
2016-06-01,2016-08-31,2017,Q1,2016Q3,ORCL,inventory_days,7.6,days,,inventory/cost_of_revenue*days_in_quarter,,,,derived from rows above,hyperscaler
2016-09-01,2016-11-30,2017,Q2,2016Q4,ORCL,inventory_days,8.4,days,,inventory/cost_of_revenue*days_in_quarter,,,,derived from rows above,hyperscaler
2016-12-01,2017-02-28,2017,Q3,2017Q1,ORCL,inventory_days,9.7,days,,inventory/cost_of_revenue*days_in_quarter,,,,derived from rows above,hyperscaler
2017-03-01,2017-05-31,2017,Q4,2017Q2,ORCL,inventory_days,6.7,days,,inventory/cost_of_revenue*days_in_quarter,,,,derived from rows above,hyperscaler
2017-06-01,2017-08-31,2018,Q1,2017Q3,ORCL,inventory_days,7.8,days,,inventory/cost_of_revenue*days_in_quarter,,,,derived from rows above,hyperscaler
2017-09-01,2017-11-30,2018,Q2,2017Q4,ORCL,inventory_days,10.5,days,,inventory/cost_of_revenue*days_in_quarter,,,,derived from rows above,hyperscaler
2017-12-01,2018-02-28,2018,Q3,2018Q1,ORCL,inventory_days,12.0,days,,inventory/cost_of_revenue*days_in_quarter,,,,derived from rows above,hyperscaler
2018-03-01,2018-05-31,2018,Q4,2018Q2,ORCL,inventory_days,1.1,days,,inventory/cost_of_revenue*days_in_quarter,,,,derived from rows above,hyperscaler
2013-12-01,2014-02-28,2014,Q3,2014Q1,ORCL,operating_income,3567000000.0,USD,OperatingIncomeLoss,reported,0001193125-15-098586,10-Q,2015-03-19,https://data.sec.gov/api/xbrl/companyfacts/CIK0001341439.json,hyperscaler
2014-03-01,2014-05-31,2014,Q4,2014Q2,ORCL,operating_income,4909000000.0,USD,OperatingIncomeLoss,ytd_diff,0001193125-16-628942,10-K,2016-06-22,https://data.sec.gov/api/xbrl/companyfacts/CIK0001341439.json,hyperscaler
2014-06-01,2014-08-31,2015,Q1,2014Q3,ORCL,operating_income,2963000000.0,USD,OperatingIncomeLoss,reported,0001193125-15-323532,10-Q,2015-09-18,https://data.sec.gov/api/xbrl/companyfacts/CIK0001341439.json,hyperscaler
2014-09-01,2014-11-30,2015,Q2,2014Q4,ORCL,operating_income,3542000000.0,USD,OperatingIncomeLoss,reported,0001193125-15-407703,10-Q,2015-12-18,https://data.sec.gov/api/xbrl/companyfacts/CIK0001341439.json,hyperscaler
2014-12-01,2015-02-28,2015,Q3,2015Q1,ORCL,operating_income,3383000000.0,USD,OperatingIncomeLoss,reported,0001193125-16-510333,10-Q,2016-03-18,https://data.sec.gov/api/xbrl/companyfacts/CIK0001341439.json,hyperscaler
2015-03-01,2015-05-31,2015,Q4,2015Q2,ORCL,operating_income,3982000000.0,USD,OperatingIncomeLoss,ytd_diff,0001193125-17-214833,10-K,2017-06-27,https://data.sec.gov/api/xbrl/companyfacts/CIK0001341439.json,hyperscaler
2015-06-01,2015-08-31,2016,Q1,2015Q3,ORCL,operating_income,2654000000.0,USD,OperatingIncomeLoss,reported,0001193125-16-713596,10-Q,2016-09-19,https://data.sec.gov/api/xbrl/companyfacts/CIK0001341439.json,hyperscaler
2015-09-01,2015-11-30,2016,Q2,2015Q4,ORCL,operating_income,2955000000.0,USD,OperatingIncomeLoss,reported,0001193125-16-797253,10-Q,2016-12-19,https://data.sec.gov/api/xbrl/companyfacts/CIK0001341439.json,hyperscaler
2015-12-01,2016-02-29,2016,Q3,2016Q1,ORCL,operating_income,3027000000.0,USD,OperatingIncomeLoss,reported,0001193125-17-087309,10-Q,2017-03-17,https://data.sec.gov/api/xbrl/companyfacts/CIK0001341439.json,hyperscaler
2016-03-01,2016-05-31,2016,Q4,2016Q2,ORCL,operating_income,3968000000.0,USD,OperatingIncomeLoss,ytd_diff,0001193125-18-201034,10-K,2018-06-22,https://data.sec.gov/api/xbrl/companyfacts/CIK0001341439.json,hyperscaler
2016-06-01,2016-08-31,2017,Q1,2016Q3,ORCL,operating_income,2641000000.0,USD,OperatingIncomeLoss,reported,0001193125-17-287455,10-Q,2017-09-18,https://data.sec.gov/api/xbrl/companyfacts/CIK0001341439.json,hyperscaler
2016-09-01,2016-11-30,2017,Q2,2016Q4,ORCL,operating_income,3037000000.0,USD,OperatingIncomeLoss,reported,0001193125-17-372232,10-Q,2017-12-18,https://data.sec.gov/api/xbrl/companyfacts/CIK0001341439.json,hyperscaler
2016-12-01,2017-02-28,2017,Q3,2017Q1,ORCL,operating_income,2959000000.0,USD,OperatingIncomeLoss,reported,0001193125-18-090646,10-Q,2018-03-21,https://data.sec.gov/api/xbrl/companyfacts/CIK0001341439.json,hyperscaler
2017-03-01,2017-05-31,2017,Q4,2017Q2,ORCL,operating_income,4277000000.0,USD,OperatingIncomeLoss,ytd_diff,0001564590-19-023119,10-K,2019-06-21,https://data.sec.gov/api/xbrl/companyfacts/CIK0001341439.json,hyperscaler
2017-06-01,2017-08-31,2018,Q1,2017Q3,ORCL,operating_income,2749000000.0,USD,OperatingIncomeLoss,reported,0001564590-18-023315,10-Q,2018-09-19,https://data.sec.gov/api/xbrl/companyfacts/CIK0001341439.json,hyperscaler
2017-09-01,2017-11-30,2018,Q2,2017Q4,ORCL,operating_income,3039000000.0,USD,OperatingIncomeLoss,reported,0001564590-18-031113,10-Q,2018-12-19,https://data.sec.gov/api/xbrl/companyfacts/CIK0001341439.json,hyperscaler
2017-12-01,2018-02-28,2018,Q3,2018Q1,ORCL,operating_income,3315000000.0,USD,OperatingIncomeLoss,reported,0001564590-19-008273,10-Q,2019-03-18,https://data.sec.gov/api/xbrl/companyfacts/CIK0001341439.json,hyperscaler
2018-03-01,2018-05-31,2018,Q4,2018Q2,ORCL,operating_income,4161000000.0,USD,OperatingIncomeLoss,ytd_diff,0001564590-20-030125,10-K,2020-06-22,https://data.sec.gov/api/xbrl/companyfacts/CIK0001341439.json,hyperscaler
2018-06-01,2018-08-31,2019,Q1,2018Q3,ORCL,operating_income,2778000000.0,USD,OperatingIncomeLoss,reported,0001564590-19-034717,10-Q,2019-09-13,https://data.sec.gov/api/xbrl/companyfacts/CIK0001341439.json,hyperscaler
2018-09-01,2018-11-30,2019,Q2,2018Q4,ORCL,operating_income,3101000000.0,USD,OperatingIncomeLoss,reported,0001564590-19-045966,10-Q,2019-12-13,https://data.sec.gov/api/xbrl/companyfacts/CIK0001341439.json,hyperscaler
2018-12-01,2019-02-28,2019,Q3,2019Q1,ORCL,operating_income,3399000000.0,USD,OperatingIncomeLoss,reported,0001564590-20-010833,10-Q,2020-03-13,https://data.sec.gov/api/xbrl/companyfacts/CIK0001341439.json,hyperscaler
2019-03-01,2019-05-31,2019,Q4,2019Q2,ORCL,operating_income,4257000000.0,USD,OperatingIncomeLoss,ytd_diff,0001564590-21-033616,10-K,2021-06-21,https://data.sec.gov/api/xbrl/companyfacts/CIK0001341439.json,hyperscaler
2019-06-01,2019-08-31,2020,Q1,2019Q3,ORCL,operating_income,2877000000.0,USD,OperatingIncomeLoss,reported,0001564590-20-043448,10-Q,2020-09-15,https://data.sec.gov/api/xbrl/companyfacts/CIK0001341439.json,hyperscaler
2019-09-01,2019-11-30,2020,Q2,2019Q4,ORCL,operating_income,3183000000.0,USD,OperatingIncomeLoss,reported,0001564590-20-056896,10-Q,2020-12-11,https://data.sec.gov/api/xbrl/companyfacts/CIK0001341439.json,hyperscaler
2019-12-01,2020-02-29,2020,Q3,2020Q1,ORCL,operating_income,3528000000.0,USD,OperatingIncomeLoss,reported,0001564590-21-012539,10-Q,2021-03-11,https://data.sec.gov/api/xbrl/companyfacts/CIK0001341439.json,hyperscaler
2020-03-01,2020-05-31,2020,Q4,2020Q2,ORCL,operating_income,4308000000.0,USD,OperatingIncomeLoss,ytd_diff,0001564590-22-023675,10-K,2022-06-21,https://data.sec.gov/api/xbrl/companyfacts/CIK0001341439.json,hyperscaler
2020-06-01,2020-08-31,2021,Q1,2020Q3,ORCL,operating_income,3211000000.0,USD,OperatingIncomeLoss,reported,0001564590-21-047772,10-Q,2021-09-13,https://data.sec.gov/api/xbrl/companyfacts/CIK0001341439.json,hyperscaler
2020-09-01,2020-11-30,2021,Q2,2020Q4,ORCL,operating_income,3583000000.0,USD,OperatingIncomeLoss,reported,0001564590-21-060022,10-Q,2021-12-10,https://data.sec.gov/api/xbrl/companyfacts/CIK0001341439.json,hyperscaler
2020-12-01,2021-02-28,2021,Q3,2021Q1,ORCL,operating_income,3878000000.0,USD,OperatingIncomeLoss,reported,0001564590-22-009859,10-Q,2022-03-11,https://data.sec.gov/api/xbrl/companyfacts/CIK0001341439.json,hyperscaler
2021-03-01,2021-05-31,2021,Q4,2021Q2,ORCL,operating_income,4541000000.0,USD,OperatingIncomeLoss,ytd_diff,0000950170-23-028914,10-K,2023-06-20,https://data.sec.gov/api/xbrl/companyfacts/CIK0001341439.json,hyperscaler
2021-06-01,2021-08-31,2022,Q1,2021Q3,ORCL,operating_income,3427000000.0,USD,OperatingIncomeLoss,reported,0001564590-22-031545,10-Q,2022-09-13,https://data.sec.gov/api/xbrl/companyfacts/CIK0001341439.json,hyperscaler
2021-09-01,2021-11-30,2022,Q2,2021Q4,ORCL,operating_income,-824000000.0,USD,OperatingIncomeLoss,reported,0001564590-22-039278,10-Q,2022-12-13,https://data.sec.gov/api/xbrl/companyfacts/CIK0001341439.json,hyperscaler
2021-12-01,2022-02-28,2022,Q3,2022Q1,ORCL,operating_income,3822000000.0,USD,OperatingIncomeLoss,reported,0001564590-23-003413,10-Q,2023-03-10,https://data.sec.gov/api/xbrl/companyfacts/CIK0001341439.json,hyperscaler
2022-03-01,2022-05-31,2022,Q4,2022Q2,ORCL,operating_income,4502000000.0,USD,OperatingIncomeLoss,ytd_diff,0000950170-24-075605,10-K,2024-06-20,https://data.sec.gov/api/xbrl/companyfacts/CIK0001341439.json,hyperscaler
2022-06-01,2022-08-31,2023,Q1,2022Q3,ORCL,operating_income,2623000000.0,USD,OperatingIncomeLoss,reported,0000950170-23-047713,10-Q,2023-09-12,https://data.sec.gov/api/xbrl/companyfacts/CIK0001341439.json,hyperscaler
2022-09-01,2022-11-30,2023,Q2,2022Q4,ORCL,operating_income,3071000000.0,USD,OperatingIncomeLoss,reported,0000950170-23-069682,10-Q,2023-12-12,https://data.sec.gov/api/xbrl/companyfacts/CIK0001341439.json,hyperscaler
2022-12-01,2023-02-28,2023,Q3,2023Q1,ORCL,operating_income,3260000000.0,USD,OperatingIncomeLoss,reported,0000950170-24-029904,10-Q,2024-03-12,https://data.sec.gov/api/xbrl/companyfacts/CIK0001341439.json,hyperscaler
2023-03-01,2023-05-31,2023,Q4,2023Q2,ORCL,operating_income,4140000000.0,USD,OperatingIncomeLoss,ytd_diff,0000950170-25-087926,10-K,2025-06-18,https://data.sec.gov/api/xbrl/companyfacts/CIK0001341439.json,hyperscaler
2023-06-01,2023-08-31,2024,Q1,2023Q3,ORCL,operating_income,3296000000.0,USD,OperatingIncomeLoss,reported,0000950170-24-104905,10-Q,2024-09-10,https://data.sec.gov/api/xbrl/companyfacts/CIK0001341439.json,hyperscaler
2023-09-01,2023-11-30,2024,Q2,2023Q4,ORCL,operating_income,3622000000.0,USD,OperatingIncomeLoss,reported,0000950170-24-134973,10-Q,2024-12-10,https://data.sec.gov/api/xbrl/companyfacts/CIK0001341439.json,hyperscaler
2023-12-01,2024-02-29,2024,Q3,2024Q1,ORCL,operating_income,3750000000.0,USD,OperatingIncomeLoss,reported,0000950170-25-037143,10-Q,2025-03-11,https://data.sec.gov/api/xbrl/companyfacts/CIK0001341439.json,hyperscaler
2024-03-01,2024-05-31,2024,Q4,2024Q2,ORCL,operating_income,4686000000.0,USD,OperatingIncomeLoss,ytd_diff,0001193125-26-277521,10-K,2026-06-22,https://data.sec.gov/api/xbrl/companyfacts/CIK0001341439.json,hyperscaler
2024-06-01,2024-08-31,2025,Q1,2024Q3,ORCL,operating_income,3991000000.0,USD,OperatingIncomeLoss,reported,0001193125-25-200095,10-Q,2025-09-10,https://data.sec.gov/api/xbrl/companyfacts/CIK0001341439.json,hyperscaler
2024-09-01,2024-11-30,2025,Q2,2024Q4,ORCL,operating_income,4220000000.0,USD,OperatingIncomeLoss,reported,0001193125-25-315925,10-Q,2025-12-11,https://data.sec.gov/api/xbrl/companyfacts/CIK0001341439.json,hyperscaler
2024-12-01,2025-02-28,2025,Q3,2025Q1,ORCL,operating_income,4358000000.0,USD,OperatingIncomeLoss,reported,0001193125-26-101045,10-Q,2026-03-11,https://data.sec.gov/api/xbrl/companyfacts/CIK0001341439.json,hyperscaler
2025-03-01,2025-05-31,2025,Q4,2025Q2,ORCL,operating_income,5109000000.0,USD,OperatingIncomeLoss,ytd_diff,0001193125-26-277521,10-K,2026-06-22,https://data.sec.gov/api/xbrl/companyfacts/CIK0001341439.json,hyperscaler
2025-06-01,2025-08-31,2026,Q1,2025Q3,ORCL,operating_income,4277000000.0,USD,OperatingIncomeLoss,reported,0001193125-26-389274,10-Q,2026-09-11,https://data.sec.gov/api/xbrl/companyfacts/CIK0001341439.json,hyperscaler
2025-09-01,2025-11-30,2026,Q2,2025Q4,ORCL,operating_income,4731000000.0,USD,OperatingIncomeLoss,reported,0001193125-25-315925,10-Q,2025-12-11,https://data.sec.gov/api/xbrl/companyfacts/CIK0001341439.json,hyperscaler
2025-12-01,2026-02-28,2026,Q3,2026Q1,ORCL,operating_income,5464000000.0,USD,OperatingIncomeLoss,reported,0001193125-26-101045,10-Q,2026-03-11,https://data.sec.gov/api/xbrl/companyfacts/CIK0001341439.json,hyperscaler
2026-03-01,2026-05-31,2026,Q4,2026Q2,ORCL,operating_income,6133000000.0,USD,OperatingIncomeLoss,ytd_diff,0001193125-26-277521,10-K,2026-06-22,https://data.sec.gov/api/xbrl/companyfacts/CIK0001341439.json,hyperscaler
2026-06-01,2026-08-31,2027,Q1,2026Q3,ORCL,operating_income,6728000000.0,USD,OperatingIncomeLoss,reported,0001193125-26-389274,10-Q,2026-09-11,https://data.sec.gov/api/xbrl/companyfacts/CIK0001341439.json,hyperscaler
2013-12-01,2014-02-28,2014,Q3,2014Q1,ORCL,revenue,9307000000.0,USD,Revenues,reported,0001193125-15-098586,10-Q,2015-03-19,https://data.sec.gov/api/xbrl/companyfacts/CIK0001341439.json,hyperscaler
2014-03-01,2014-05-31,2014,Q4,2014Q2,ORCL,revenue,11320000000.0,USD,Revenues,ytd_diff,0001193125-16-628942,10-K,2016-06-22,https://data.sec.gov/api/xbrl/companyfacts/CIK0001341439.json,hyperscaler
2014-06-01,2014-08-31,2015,Q1,2014Q3,ORCL,revenue,8596000000.0,USD,Revenues,reported,0001193125-15-323532,10-Q,2015-09-18,https://data.sec.gov/api/xbrl/companyfacts/CIK0001341439.json,hyperscaler
2014-09-01,2014-11-30,2015,Q2,2014Q4,ORCL,revenue,9598000000.0,USD,Revenues,reported,0001193125-15-407703,10-Q,2015-12-18,https://data.sec.gov/api/xbrl/companyfacts/CIK0001341439.json,hyperscaler
2014-12-01,2015-02-28,2015,Q3,2015Q1,ORCL,revenue,9327000000.0,USD,Revenues,reported,0001193125-16-510333,10-Q,2016-03-18,https://data.sec.gov/api/xbrl/companyfacts/CIK0001341439.json,hyperscaler
2015-03-01,2015-05-31,2015,Q4,2015Q2,ORCL,revenue,10706000000.0,USD,Revenues,ytd_diff,0001193125-17-214833,10-K,2017-06-27,https://data.sec.gov/api/xbrl/companyfacts/CIK0001341439.json,hyperscaler
2015-06-01,2015-08-31,2016,Q1,2015Q3,ORCL,revenue,8448000000.0,USD,Revenues,reported,0001193125-16-713596,10-Q,2016-09-19,https://data.sec.gov/api/xbrl/companyfacts/CIK0001341439.json,hyperscaler
2015-09-01,2015-11-30,2016,Q2,2015Q4,ORCL,revenue,8993000000.0,USD,Revenues,reported,0001193125-16-797253,10-Q,2016-12-19,https://data.sec.gov/api/xbrl/companyfacts/CIK0001341439.json,hyperscaler
2015-12-01,2016-02-29,2016,Q3,2016Q1,ORCL,revenue,9012000000.0,USD,Revenues,reported,0001193125-17-087309,10-Q,2017-03-17,https://data.sec.gov/api/xbrl/companyfacts/CIK0001341439.json,hyperscaler
2016-03-01,2016-05-31,2016,Q4,2016Q2,ORCL,revenue,10594000000.0,USD,Revenues,ytd_diff,0001193125-18-201034,10-K,2018-06-22,https://data.sec.gov/api/xbrl/companyfacts/CIK0001341439.json,hyperscaler
2016-06-01,2016-08-31,2017,Q1,2016Q3,ORCL,revenue,8595000000.0,USD,Revenues,reported,0001193125-17-287455,10-Q,2017-09-18,https://data.sec.gov/api/xbrl/companyfacts/CIK0001341439.json,hyperscaler
2016-09-01,2016-11-30,2017,Q2,2016Q4,ORCL,revenue,9035000000.0,USD,Revenues,reported,0001193125-17-372232,10-Q,2017-12-18,https://data.sec.gov/api/xbrl/companyfacts/CIK0001341439.json,hyperscaler
2016-12-01,2017-02-28,2017,Q3,2017Q1,ORCL,revenue,9205000000.0,USD,Revenues,reported,0001193125-18-090646,10-Q,2018-03-21,https://data.sec.gov/api/xbrl/companyfacts/CIK0001341439.json,hyperscaler
2017-03-01,2017-05-31,2017,Q4,2017Q2,ORCL,revenue,10957000000.0,USD,Revenues,ytd_diff,0001564590-19-023119,10-K,2019-06-21,https://data.sec.gov/api/xbrl/companyfacts/CIK0001341439.json,hyperscaler
2017-06-01,2017-08-31,2018,Q1,2017Q3,ORCL,revenue,9104000000.0,USD,RevenueFromContractWithCustomerExcludingAssessedTax,reported,0001564590-18-023315,10-Q,2018-09-19,https://data.sec.gov/api/xbrl/companyfacts/CIK0001341439.json,hyperscaler
2017-09-01,2017-11-30,2018,Q2,2017Q4,ORCL,revenue,9589000000.0,USD,RevenueFromContractWithCustomerExcludingAssessedTax,reported,0001564590-18-031113,10-Q,2018-12-19,https://data.sec.gov/api/xbrl/companyfacts/CIK0001341439.json,hyperscaler
2017-12-01,2018-02-28,2018,Q3,2018Q1,ORCL,revenue,9676000000.0,USD,RevenueFromContractWithCustomerExcludingAssessedTax,reported,0001564590-19-008273,10-Q,2019-03-18,https://data.sec.gov/api/xbrl/companyfacts/CIK0001341439.json,hyperscaler
2018-03-01,2018-05-31,2018,Q4,2018Q2,ORCL,revenue,39383000000.0,USD,Revenues,reported,0001564590-20-030125,10-K,2020-06-22,https://data.sec.gov/api/xbrl/companyfacts/CIK0001341439.json,hyperscaler
2018-06-01,2018-08-31,2019,Q1,2018Q3,ORCL,revenue,9193000000.0,USD,RevenueFromContractWithCustomerExcludingAssessedTax,reported,0001564590-19-034717,10-Q,2019-09-13,https://data.sec.gov/api/xbrl/companyfacts/CIK0001341439.json,hyperscaler
2018-09-01,2018-11-30,2019,Q2,2018Q4,ORCL,revenue,9562000000.0,USD,RevenueFromContractWithCustomerExcludingAssessedTax,reported,0001564590-19-045966,10-Q,2019-12-13,https://data.sec.gov/api/xbrl/companyfacts/CIK0001341439.json,hyperscaler
2018-12-01,2019-02-28,2019,Q3,2019Q1,ORCL,revenue,9614000000.0,USD,RevenueFromContractWithCustomerExcludingAssessedTax,reported,0001564590-20-010833,10-Q,2020-03-13,https://data.sec.gov/api/xbrl/companyfacts/CIK0001341439.json,hyperscaler
2019-03-01,2019-05-31,2019,Q4,2019Q2,ORCL,revenue,39506000000.0,USD,Revenues,reported,0001564590-21-033616,10-K,2021-06-21,https://data.sec.gov/api/xbrl/companyfacts/CIK0001341439.json,hyperscaler
2019-06-01,2019-08-31,2020,Q1,2019Q3,ORCL,revenue,9218000000.0,USD,RevenueFromContractWithCustomerExcludingAssessedTax,reported,0001564590-20-043448,10-Q,2020-09-15,https://data.sec.gov/api/xbrl/companyfacts/CIK0001341439.json,hyperscaler
2019-09-01,2019-11-30,2020,Q2,2019Q4,ORCL,revenue,9614000000.0,USD,RevenueFromContractWithCustomerExcludingAssessedTax,reported,0001564590-20-056896,10-Q,2020-12-11,https://data.sec.gov/api/xbrl/companyfacts/CIK0001341439.json,hyperscaler
2019-12-01,2020-02-29,2020,Q3,2020Q1,ORCL,revenue,9796000000.0,USD,RevenueFromContractWithCustomerExcludingAssessedTax,reported,0001564590-21-012539,10-Q,2021-03-11,https://data.sec.gov/api/xbrl/companyfacts/CIK0001341439.json,hyperscaler
2020-03-01,2020-05-31,2020,Q4,2020Q2,ORCL,revenue,39068000000.0,USD,Revenues,reported,0001564590-22-023675,10-K,2022-06-21,https://data.sec.gov/api/xbrl/companyfacts/CIK0001341439.json,hyperscaler
2020-06-01,2020-08-31,2021,Q1,2020Q3,ORCL,revenue,9367000000.0,USD,RevenueFromContractWithCustomerExcludingAssessedTax,reported,0001564590-21-047772,10-Q,2021-09-13,https://data.sec.gov/api/xbrl/companyfacts/CIK0001341439.json,hyperscaler
2020-09-01,2020-11-30,2021,Q2,2020Q4,ORCL,revenue,9800000000.0,USD,RevenueFromContractWithCustomerExcludingAssessedTax,reported,0001564590-21-060022,10-Q,2021-12-10,https://data.sec.gov/api/xbrl/companyfacts/CIK0001341439.json,hyperscaler
2020-12-01,2021-02-28,2021,Q3,2021Q1,ORCL,revenue,10085000000.0,USD,RevenueFromContractWithCustomerExcludingAssessedTax,reported,0001564590-22-009859,10-Q,2022-03-11,https://data.sec.gov/api/xbrl/companyfacts/CIK0001341439.json,hyperscaler
2021-03-01,2021-05-31,2021,Q4,2021Q2,ORCL,revenue,40479000000.0,USD,Revenues,reported,0001564590-22-023675,10-K,2022-06-21,https://data.sec.gov/api/xbrl/companyfacts/CIK0001341439.json,hyperscaler
2021-06-01,2021-08-31,2022,Q1,2021Q3,ORCL,revenue,9728000000.0,USD,RevenueFromContractWithCustomerExcludingAssessedTax,reported,0001564590-22-031545,10-Q,2022-09-13,https://data.sec.gov/api/xbrl/companyfacts/CIK0001341439.json,hyperscaler
2021-09-01,2021-11-30,2022,Q2,2021Q4,ORCL,revenue,10360000000.0,USD,RevenueFromContractWithCustomerExcludingAssessedTax,reported,0001564590-22-039278,10-Q,2022-12-13,https://data.sec.gov/api/xbrl/companyfacts/CIK0001341439.json,hyperscaler
2021-12-01,2022-02-28,2022,Q3,2022Q1,ORCL,revenue,10513000000.0,USD,RevenueFromContractWithCustomerExcludingAssessedTax,reported,0001564590-23-003413,10-Q,2023-03-10,https://data.sec.gov/api/xbrl/companyfacts/CIK0001341439.json,hyperscaler
2022-03-01,2022-05-31,2022,Q4,2022Q2,ORCL,revenue,42440000000.0,USD,Revenues,reported,0001564590-22-023675,10-K,2022-06-21,https://data.sec.gov/api/xbrl/companyfacts/CIK0001341439.json,hyperscaler
2022-06-01,2022-08-31,2023,Q1,2022Q3,ORCL,revenue,11445000000.0,USD,RevenueFromContractWithCustomerExcludingAssessedTax,reported,0000950170-23-047713,10-Q,2023-09-12,https://data.sec.gov/api/xbrl/companyfacts/CIK0001341439.json,hyperscaler
2022-09-01,2022-11-30,2023,Q2,2022Q4,ORCL,revenue,12275000000.0,USD,RevenueFromContractWithCustomerExcludingAssessedTax,reported,0000950170-23-069682,10-Q,2023-12-12,https://data.sec.gov/api/xbrl/companyfacts/CIK0001341439.json,hyperscaler
2022-12-01,2023-02-28,2023,Q3,2023Q1,ORCL,revenue,12398000000.0,USD,RevenueFromContractWithCustomerExcludingAssessedTax,reported,0000950170-24-029904,10-Q,2024-03-12,https://data.sec.gov/api/xbrl/companyfacts/CIK0001341439.json,hyperscaler
2023-03-01,2023-05-31,2023,Q4,2023Q2,ORCL,revenue,13836000000.0,USD,RevenueFromContractWithCustomerExcludingAssessedTax,ytd_diff,0000950170-25-087926,10-K,2025-06-18,https://data.sec.gov/api/xbrl/companyfacts/CIK0001341439.json,hyperscaler
2023-06-01,2023-08-31,2024,Q1,2023Q3,ORCL,revenue,12453000000.0,USD,RevenueFromContractWithCustomerExcludingAssessedTax,reported,0000950170-24-104905,10-Q,2024-09-10,https://data.sec.gov/api/xbrl/companyfacts/CIK0001341439.json,hyperscaler
2023-09-01,2023-11-30,2024,Q2,2023Q4,ORCL,revenue,12941000000.0,USD,RevenueFromContractWithCustomerExcludingAssessedTax,reported,0000950170-24-134973,10-Q,2024-12-10,https://data.sec.gov/api/xbrl/companyfacts/CIK0001341439.json,hyperscaler
2023-12-01,2024-02-29,2024,Q3,2024Q1,ORCL,revenue,13280000000.0,USD,RevenueFromContractWithCustomerExcludingAssessedTax,reported,0000950170-25-037143,10-Q,2025-03-11,https://data.sec.gov/api/xbrl/companyfacts/CIK0001341439.json,hyperscaler
2024-03-01,2024-05-31,2024,Q4,2024Q2,ORCL,revenue,14287000000.0,USD,RevenueFromContractWithCustomerExcludingAssessedTax,ytd_diff,0001193125-26-277521,10-K,2026-06-22,https://data.sec.gov/api/xbrl/companyfacts/CIK0001341439.json,hyperscaler
2024-06-01,2024-08-31,2025,Q1,2024Q3,ORCL,revenue,13307000000.0,USD,RevenueFromContractWithCustomerExcludingAssessedTax,reported,0001193125-25-200095,10-Q,2025-09-10,https://data.sec.gov/api/xbrl/companyfacts/CIK0001341439.json,hyperscaler
2024-09-01,2024-11-30,2025,Q2,2024Q4,ORCL,revenue,14059000000.0,USD,RevenueFromContractWithCustomerExcludingAssessedTax,reported,0001193125-25-315925,10-Q,2025-12-11,https://data.sec.gov/api/xbrl/companyfacts/CIK0001341439.json,hyperscaler
2024-12-01,2025-02-28,2025,Q3,2025Q1,ORCL,revenue,14130000000.0,USD,RevenueFromContractWithCustomerExcludingAssessedTax,reported,0001193125-26-101045,10-Q,2026-03-11,https://data.sec.gov/api/xbrl/companyfacts/CIK0001341439.json,hyperscaler
2025-03-01,2025-05-31,2025,Q4,2025Q2,ORCL,revenue,15903000000.0,USD,RevenueFromContractWithCustomerExcludingAssessedTax,ytd_diff,0001193125-26-277521,10-K,2026-06-22,https://data.sec.gov/api/xbrl/companyfacts/CIK0001341439.json,hyperscaler
2025-06-01,2025-08-31,2026,Q1,2025Q3,ORCL,revenue,14926000000.0,USD,RevenueFromContractWithCustomerExcludingAssessedTax,reported,0001193125-26-389274,10-Q,2026-09-11,https://data.sec.gov/api/xbrl/companyfacts/CIK0001341439.json,hyperscaler
2025-09-01,2025-11-30,2026,Q2,2025Q4,ORCL,revenue,16058000000.0,USD,RevenueFromContractWithCustomerExcludingAssessedTax,reported,0001193125-25-315925,10-Q,2025-12-11,https://data.sec.gov/api/xbrl/companyfacts/CIK0001341439.json,hyperscaler
2025-12-01,2026-02-28,2026,Q3,2026Q1,ORCL,revenue,17190000000.0,USD,RevenueFromContractWithCustomerExcludingAssessedTax,reported,0001193125-26-101045,10-Q,2026-03-11,https://data.sec.gov/api/xbrl/companyfacts/CIK0001341439.json,hyperscaler
2026-03-01,2026-05-31,2026,Q4,2026Q2,ORCL,revenue,19184000000.0,USD,RevenueFromContractWithCustomerExcludingAssessedTax,ytd_diff,0001193125-26-277521,10-K,2026-06-22,https://data.sec.gov/api/xbrl/companyfacts/CIK0001341439.json,hyperscaler
2026-06-01,2026-08-31,2027,Q1,2026Q3,ORCL,revenue,19345000000.0,USD,RevenueFromContractWithCustomerExcludingAssessedTax,reported,0001193125-26-389274,10-Q,2026-09-11,https://data.sec.gov/api/xbrl/companyfacts/CIK0001341439.json,hyperscaler
2023-12-30,2024-03-29,2024,Q3,2024Q1,SNDK,capex,29000000.0,USD,PaymentsToAcquirePropertyPlantAndEquipment,ytd_diff,0002023554-25-000027,10-Q,2025-05-12,https://data.sec.gov/api/xbrl/companyfacts/CIK0002023554.json,NAND flash (spun off from WDC Feb 2025)
2024-03-30,2024-06-28,2024,Q4,2024Q2,SNDK,capex,38000000.0,USD,PaymentsToAcquirePropertyPlantAndEquipment,ytd_diff,0001628280-26-057406,10-K,2026-08-17,https://data.sec.gov/api/xbrl/companyfacts/CIK0002023554.json,NAND flash (spun off from WDC Feb 2025)
2024-06-29,2024-09-27,2025,Q1,2024Q3,SNDK,capex,67000000.0,USD,PaymentsToAcquirePropertyPlantAndEquipment,reported,0001628280-25-050698,10-Q,2025-11-07,https://data.sec.gov/api/xbrl/companyfacts/CIK0002023554.json,NAND flash (spun off from WDC Feb 2025)
2024-09-28,2024-12-27,2025,Q2,2024Q4,SNDK,capex,48000000.0,USD,PaymentsToAcquirePropertyPlantAndEquipment,ytd_diff,0001628280-26-004407,10-Q,2026-01-30,https://data.sec.gov/api/xbrl/companyfacts/CIK0002023554.json,NAND flash (spun off from WDC Feb 2025)
2024-12-28,2025-03-28,2025,Q3,2025Q1,SNDK,capex,44000000.0,USD,PaymentsToAcquirePropertyPlantAndEquipment,ytd_diff,0001628280-26-029401,10-Q,2026-05-01,https://data.sec.gov/api/xbrl/companyfacts/CIK0002023554.json,NAND flash (spun off from WDC Feb 2025)
2025-03-29,2025-06-27,2025,Q4,2025Q2,SNDK,capex,45000000.0,USD,PaymentsToAcquirePropertyPlantAndEquipment,ytd_diff,0001628280-26-057406,10-K,2026-08-17,https://data.sec.gov/api/xbrl/companyfacts/CIK0002023554.json,NAND flash (spun off from WDC Feb 2025)
2025-06-28,2025-10-03,2026,Q1,2025Q3,SNDK,capex,50000000.0,USD,PaymentsToAcquirePropertyPlantAndEquipment,reported,0001628280-25-050698,10-Q,2025-11-07,https://data.sec.gov/api/xbrl/companyfacts/CIK0002023554.json,NAND flash (spun off from WDC Feb 2025)
2025-10-04,2026-01-02,2026,Q2,2025Q4,SNDK,capex,39000000.0,USD,PaymentsToAcquirePropertyPlantAndEquipment,ytd_diff,0001628280-26-004407,10-Q,2026-01-30,https://data.sec.gov/api/xbrl/companyfacts/CIK0002023554.json,NAND flash (spun off from WDC Feb 2025)
2026-01-03,2026-04-03,2026,Q3,2026Q1,SNDK,capex,45000000.0,USD,PaymentsToAcquirePropertyPlantAndEquipment,ytd_diff,0001628280-26-029401,10-Q,2026-05-01,https://data.sec.gov/api/xbrl/companyfacts/CIK0002023554.json,NAND flash (spun off from WDC Feb 2025)
2026-04-04,2026-07-03,2026,Q4,2026Q2,SNDK,capex,43000000.0,USD,PaymentsToAcquirePropertyPlantAndEquipment,ytd_diff,0001628280-26-057406,10-K,2026-08-17,https://data.sec.gov/api/xbrl/companyfacts/CIK0002023554.json,NAND flash (spun off from WDC Feb 2025)
2023-09-30,2023-12-29,2024,Q2,2023Q4,SNDK,cost_of_revenue,1504000000.0,USD,CostOfGoodsAndServicesSold,reported,0002023554-25-000016,10-Q/A,2025-03-17,https://data.sec.gov/api/xbrl/companyfacts/CIK0002023554.json,NAND flash (spun off from WDC Feb 2025)
2023-12-30,2024-03-29,2024,Q3,2024Q1,SNDK,cost_of_revenue,1242000000.0,USD,CostOfGoodsAndServicesSold,reported,0002023554-25-000027,10-Q,2025-05-12,https://data.sec.gov/api/xbrl/companyfacts/CIK0002023554.json,NAND flash (spun off from WDC Feb 2025)
2024-03-30,2024-06-28,2024,Q4,2024Q2,SNDK,cost_of_revenue,1124000000.0,USD,CostOfGoodsAndServicesSold,ytd_diff,0001628280-26-057406,10-K,2026-08-17,https://data.sec.gov/api/xbrl/companyfacts/CIK0002023554.json,NAND flash (spun off from WDC Feb 2025)
2024-06-29,2024-09-27,2025,Q1,2024Q3,SNDK,cost_of_revenue,1157000000.0,USD,CostOfGoodsAndServicesSold,reported,0001628280-25-050698,10-Q,2025-11-07,https://data.sec.gov/api/xbrl/companyfacts/CIK0002023554.json,NAND flash (spun off from WDC Feb 2025)
2024-09-28,2024-12-27,2025,Q2,2024Q4,SNDK,cost_of_revenue,1270000000.0,USD,CostOfGoodsAndServicesSold,reported,0001628280-26-004407,10-Q,2026-01-30,https://data.sec.gov/api/xbrl/companyfacts/CIK0002023554.json,NAND flash (spun off from WDC Feb 2025)
2024-12-28,2025-03-28,2025,Q3,2025Q1,SNDK,cost_of_revenue,1313000000.0,USD,CostOfGoodsAndServicesSold,reported,0001628280-26-029401,10-Q,2026-05-01,https://data.sec.gov/api/xbrl/companyfacts/CIK0002023554.json,NAND flash (spun off from WDC Feb 2025)
2025-03-29,2025-06-27,2025,Q4,2025Q2,SNDK,cost_of_revenue,1403000000.0,USD,CostOfGoodsAndServicesSold,ytd_diff,0001628280-26-057406,10-K,2026-08-17,https://data.sec.gov/api/xbrl/companyfacts/CIK0002023554.json,NAND flash (spun off from WDC Feb 2025)
2025-06-28,2025-10-03,2026,Q1,2025Q3,SNDK,cost_of_revenue,1621000000.0,USD,CostOfGoodsAndServicesSold,reported,0001628280-25-050698,10-Q,2025-11-07,https://data.sec.gov/api/xbrl/companyfacts/CIK0002023554.json,NAND flash (spun off from WDC Feb 2025)
2025-10-04,2026-01-02,2026,Q2,2025Q4,SNDK,cost_of_revenue,1484000000.0,USD,CostOfGoodsAndServicesSold,reported,0001628280-26-004407,10-Q,2026-01-30,https://data.sec.gov/api/xbrl/companyfacts/CIK0002023554.json,NAND flash (spun off from WDC Feb 2025)
2026-01-03,2026-04-03,2026,Q3,2026Q1,SNDK,cost_of_revenue,1288000000.0,USD,CostOfGoodsAndServicesSold,reported,0001628280-26-029401,10-Q,2026-05-01,https://data.sec.gov/api/xbrl/companyfacts/CIK0002023554.json,NAND flash (spun off from WDC Feb 2025)
2026-04-04,2026-07-03,2026,Q4,2026Q2,SNDK,cost_of_revenue,1383000000.0,USD,CostOfGoodsAndServicesSold,ytd_diff,0001628280-26-057406,10-K,2026-08-17,https://data.sec.gov/api/xbrl/companyfacts/CIK0002023554.json,NAND flash (spun off from WDC Feb 2025)
2023-09-30,2023-12-29,2024,Q2,2023Q4,SNDK,gross_margin_pct,9.67,pct,,gross_profit/revenue,,,,derived from rows above,NAND flash (spun off from WDC Feb 2025)
2023-12-30,2024-03-29,2024,Q3,2024Q1,SNDK,gross_margin_pct,27.16,pct,,gross_profit/revenue,,,,derived from rows above,NAND flash (spun off from WDC Feb 2025)
2024-03-30,2024-06-28,2024,Q4,2024Q2,SNDK,gross_margin_pct,36.14,pct,,gross_profit/revenue,,,,derived from rows above,NAND flash (spun off from WDC Feb 2025)
2024-06-29,2024-09-27,2025,Q1,2024Q3,SNDK,gross_margin_pct,38.56,pct,,gross_profit/revenue,,,,derived from rows above,NAND flash (spun off from WDC Feb 2025)
2024-09-28,2024-12-27,2025,Q2,2024Q4,SNDK,gross_margin_pct,32.3,pct,,gross_profit/revenue,,,,derived from rows above,NAND flash (spun off from WDC Feb 2025)
2024-12-28,2025-03-28,2025,Q3,2025Q1,SNDK,gross_margin_pct,22.54,pct,,gross_profit/revenue,,,,derived from rows above,NAND flash (spun off from WDC Feb 2025)
2025-03-29,2025-06-27,2025,Q4,2025Q2,SNDK,gross_margin_pct,26.2,pct,,gross_profit/revenue,,,,derived from rows above,NAND flash (spun off from WDC Feb 2025)
2025-06-28,2025-10-03,2026,Q1,2025Q3,SNDK,gross_margin_pct,29.77,pct,,gross_profit/revenue,,,,derived from rows above,NAND flash (spun off from WDC Feb 2025)
2025-10-04,2026-01-02,2026,Q2,2025Q4,SNDK,gross_margin_pct,50.94,pct,,gross_profit/revenue,,,,derived from rows above,NAND flash (spun off from WDC Feb 2025)
2026-01-03,2026-04-03,2026,Q3,2026Q1,SNDK,gross_margin_pct,78.35,pct,,gross_profit/revenue,,,,derived from rows above,NAND flash (spun off from WDC Feb 2025)
2026-04-04,2026-07-03,2026,Q4,2026Q2,SNDK,gross_margin_pct,84.57,pct,,gross_profit/revenue,,,,derived from rows above,NAND flash (spun off from WDC Feb 2025)
2023-09-30,2023-12-29,2024,Q2,2023Q4,SNDK,gross_profit,161000000.0,USD,GrossProfit,reported,0002023554-25-000016,10-Q/A,2025-03-17,https://data.sec.gov/api/xbrl/companyfacts/CIK0002023554.json,NAND flash (spun off from WDC Feb 2025)
2023-12-30,2024-03-29,2024,Q3,2024Q1,SNDK,gross_profit,463000000.0,USD,GrossProfit,reported,0002023554-25-000027,10-Q,2025-05-12,https://data.sec.gov/api/xbrl/companyfacts/CIK0002023554.json,NAND flash (spun off from WDC Feb 2025)
2024-03-30,2024-06-28,2024,Q4,2024Q2,SNDK,gross_profit,636000000.0,USD,GrossProfit,ytd_diff,0001628280-26-057406,10-K,2026-08-17,https://data.sec.gov/api/xbrl/companyfacts/CIK0002023554.json,NAND flash (spun off from WDC Feb 2025)
2024-06-29,2024-09-27,2025,Q1,2024Q3,SNDK,gross_profit,726000000.0,USD,GrossProfit,reported,0001628280-25-050698,10-Q,2025-11-07,https://data.sec.gov/api/xbrl/companyfacts/CIK0002023554.json,NAND flash (spun off from WDC Feb 2025)
2024-09-28,2024-12-27,2025,Q2,2024Q4,SNDK,gross_profit,606000000.0,USD,GrossProfit,reported,0001628280-26-004407,10-Q,2026-01-30,https://data.sec.gov/api/xbrl/companyfacts/CIK0002023554.json,NAND flash (spun off from WDC Feb 2025)
2024-12-28,2025-03-28,2025,Q3,2025Q1,SNDK,gross_profit,382000000.0,USD,GrossProfit,reported,0001628280-26-029401,10-Q,2026-05-01,https://data.sec.gov/api/xbrl/companyfacts/CIK0002023554.json,NAND flash (spun off from WDC Feb 2025)
2025-03-29,2025-06-27,2025,Q4,2025Q2,SNDK,gross_profit,498000000.0,USD,GrossProfit,ytd_diff,0001628280-26-057406,10-K,2026-08-17,https://data.sec.gov/api/xbrl/companyfacts/CIK0002023554.json,NAND flash (spun off from WDC Feb 2025)
2025-06-28,2025-10-03,2026,Q1,2025Q3,SNDK,gross_profit,687000000.0,USD,GrossProfit,reported,0001628280-25-050698,10-Q,2025-11-07,https://data.sec.gov/api/xbrl/companyfacts/CIK0002023554.json,NAND flash (spun off from WDC Feb 2025)
2025-10-04,2026-01-02,2026,Q2,2025Q4,SNDK,gross_profit,1541000000.0,USD,GrossProfit,reported,0001628280-26-004407,10-Q,2026-01-30,https://data.sec.gov/api/xbrl/companyfacts/CIK0002023554.json,NAND flash (spun off from WDC Feb 2025)
2026-01-03,2026-04-03,2026,Q3,2026Q1,SNDK,gross_profit,4662000000.0,USD,GrossProfit,reported,0001628280-26-029401,10-Q,2026-05-01,https://data.sec.gov/api/xbrl/companyfacts/CIK0002023554.json,NAND flash (spun off from WDC Feb 2025)
2026-04-04,2026-07-03,2026,Q4,2026Q2,SNDK,gross_profit,7582000000.0,USD,GrossProfit,ytd_diff,0001628280-26-057406,10-K,2026-08-17,https://data.sec.gov/api/xbrl/companyfacts/CIK0002023554.json,NAND flash (spun off from WDC Feb 2025)
2024-03-30,2024-06-28,2024,Q4,2024Q2,SNDK,inventory,1955000000.0,USD,InventoryNet,reported,0002023554-25-000034,10-K,2025-08-21,https://data.sec.gov/api/xbrl/companyfacts/CIK0002023554.json,NAND flash (spun off from WDC Feb 2025)
2024-09-28,2024-12-27,2025,Q2,2024Q4,SNDK,inventory,2172000000.0,USD,InventoryNet,reported,0002023554-25-000016,10-Q/A,2025-03-17,https://data.sec.gov/api/xbrl/companyfacts/CIK0002023554.json,NAND flash (spun off from WDC Feb 2025)
2024-12-28,2025-03-28,2025,Q3,2025Q1,SNDK,inventory,2160000000.0,USD,InventoryNet,reported,0002023554-25-000027,10-Q,2025-05-12,https://data.sec.gov/api/xbrl/companyfacts/CIK0002023554.json,NAND flash (spun off from WDC Feb 2025)
2025-03-29,2025-06-27,2025,Q4,2025Q2,SNDK,inventory,2079000000.0,USD,InventoryNet,reported,0001628280-26-057406,10-K,2026-08-17,https://data.sec.gov/api/xbrl/companyfacts/CIK0002023554.json,NAND flash (spun off from WDC Feb 2025)
2025-06-28,2025-10-03,2026,Q1,2025Q3,SNDK,inventory,1907000000.0,USD,InventoryNet,reported,0001628280-25-050698,10-Q,2025-11-07,https://data.sec.gov/api/xbrl/companyfacts/CIK0002023554.json,NAND flash (spun off from WDC Feb 2025)
2025-10-04,2026-01-02,2026,Q2,2025Q4,SNDK,inventory,1970000000.0,USD,InventoryNet,reported,0001628280-26-004407,10-Q,2026-01-30,https://data.sec.gov/api/xbrl/companyfacts/CIK0002023554.json,NAND flash (spun off from WDC Feb 2025)
2026-01-03,2026-04-03,2026,Q3,2026Q1,SNDK,inventory,2238000000.0,USD,InventoryNet,reported,0001628280-26-029401,10-Q,2026-05-01,https://data.sec.gov/api/xbrl/companyfacts/CIK0002023554.json,NAND flash (spun off from WDC Feb 2025)
2026-04-04,2026-07-03,2026,Q4,2026Q2,SNDK,inventory,2698000000.0,USD,InventoryNet,reported,0001628280-26-057406,10-K,2026-08-17,https://data.sec.gov/api/xbrl/companyfacts/CIK0002023554.json,NAND flash (spun off from WDC Feb 2025)
2024-03-30,2024-06-28,2024,Q4,2024Q2,SNDK,inventory_days,158.3,days,,inventory/cost_of_revenue*days_in_quarter,,,,derived from rows above,NAND flash (spun off from WDC Feb 2025)
2024-09-28,2024-12-27,2025,Q2,2024Q4,SNDK,inventory_days,155.6,days,,inventory/cost_of_revenue*days_in_quarter,,,,derived from rows above,NAND flash (spun off from WDC Feb 2025)
2024-12-28,2025-03-28,2025,Q3,2025Q1,SNDK,inventory_days,149.7,days,,inventory/cost_of_revenue*days_in_quarter,,,,derived from rows above,NAND flash (spun off from WDC Feb 2025)
2025-03-29,2025-06-27,2025,Q4,2025Q2,SNDK,inventory_days,134.8,days,,inventory/cost_of_revenue*days_in_quarter,,,,derived from rows above,NAND flash (spun off from WDC Feb 2025)
2025-06-28,2025-10-03,2026,Q1,2025Q3,SNDK,inventory_days,115.3,days,,inventory/cost_of_revenue*days_in_quarter,,,,derived from rows above,NAND flash (spun off from WDC Feb 2025)
2025-10-04,2026-01-02,2026,Q2,2025Q4,SNDK,inventory_days,120.8,days,,inventory/cost_of_revenue*days_in_quarter,,,,derived from rows above,NAND flash (spun off from WDC Feb 2025)
2026-01-03,2026-04-03,2026,Q3,2026Q1,SNDK,inventory_days,158.1,days,,inventory/cost_of_revenue*days_in_quarter,,,,derived from rows above,NAND flash (spun off from WDC Feb 2025)
2026-04-04,2026-07-03,2026,Q4,2026Q2,SNDK,inventory_days,177.5,days,,inventory/cost_of_revenue*days_in_quarter,,,,derived from rows above,NAND flash (spun off from WDC Feb 2025)
2023-09-30,2023-12-29,2024,Q2,2023Q4,SNDK,operating_income,-245000000.0,USD,OperatingIncomeLoss,reported,0002023554-25-000016,10-Q/A,2025-03-17,https://data.sec.gov/api/xbrl/companyfacts/CIK0002023554.json,NAND flash (spun off from WDC Feb 2025)
2023-12-30,2024-03-29,2024,Q3,2024Q1,SNDK,operating_income,65000000.0,USD,OperatingIncomeLoss,reported,0002023554-25-000027,10-Q,2025-05-12,https://data.sec.gov/api/xbrl/companyfacts/CIK0002023554.json,NAND flash (spun off from WDC Feb 2025)
2024-03-30,2024-06-28,2024,Q4,2024Q2,SNDK,operating_income,199000000.0,USD,OperatingIncomeLoss,ytd_diff,0001628280-26-057406,10-K,2026-08-17,https://data.sec.gov/api/xbrl/companyfacts/CIK0002023554.json,NAND flash (spun off from WDC Feb 2025)
2024-06-29,2024-09-27,2025,Q1,2024Q3,SNDK,operating_income,291000000.0,USD,OperatingIncomeLoss,reported,0001628280-25-050698,10-Q,2025-11-07,https://data.sec.gov/api/xbrl/companyfacts/CIK0002023554.json,NAND flash (spun off from WDC Feb 2025)
2024-09-28,2024-12-27,2025,Q2,2024Q4,SNDK,operating_income,195000000.0,USD,OperatingIncomeLoss,reported,0001628280-26-004407,10-Q,2026-01-30,https://data.sec.gov/api/xbrl/companyfacts/CIK0002023554.json,NAND flash (spun off from WDC Feb 2025)
2024-12-28,2025-03-28,2025,Q3,2025Q1,SNDK,operating_income,-1881000000.0,USD,OperatingIncomeLoss,reported,0001628280-26-029401,10-Q,2026-05-01,https://data.sec.gov/api/xbrl/companyfacts/CIK0002023554.json,NAND flash (spun off from WDC Feb 2025)
2025-03-29,2025-06-27,2025,Q4,2025Q2,SNDK,operating_income,18000000.0,USD,OperatingIncomeLoss,ytd_diff,0001628280-26-057406,10-K,2026-08-17,https://data.sec.gov/api/xbrl/companyfacts/CIK0002023554.json,NAND flash (spun off from WDC Feb 2025)
2025-06-28,2025-10-03,2026,Q1,2025Q3,SNDK,operating_income,176000000.0,USD,OperatingIncomeLoss,reported,0001628280-25-050698,10-Q,2025-11-07,https://data.sec.gov/api/xbrl/companyfacts/CIK0002023554.json,NAND flash (spun off from WDC Feb 2025)
2025-10-04,2026-01-02,2026,Q2,2025Q4,SNDK,operating_income,1065000000.0,USD,OperatingIncomeLoss,reported,0001628280-26-004407,10-Q,2026-01-30,https://data.sec.gov/api/xbrl/companyfacts/CIK0002023554.json,NAND flash (spun off from WDC Feb 2025)
2026-01-03,2026-04-03,2026,Q3,2026Q1,SNDK,operating_income,4111000000.0,USD,OperatingIncomeLoss,reported,0001628280-26-029401,10-Q,2026-05-01,https://data.sec.gov/api/xbrl/companyfacts/CIK0002023554.json,NAND flash (spun off from WDC Feb 2025)
2026-04-04,2026-07-03,2026,Q4,2026Q2,SNDK,operating_income,7037000000.0,USD,OperatingIncomeLoss,ytd_diff,0001628280-26-057406,10-K,2026-08-17,https://data.sec.gov/api/xbrl/companyfacts/CIK0002023554.json,NAND flash (spun off from WDC Feb 2025)
2023-09-30,2023-12-29,2024,Q2,2023Q4,SNDK,revenue,1665000000.0,USD,RevenueFromContractWithCustomerExcludingAssessedTax,reported,0002023554-25-000016,10-Q/A,2025-03-17,https://data.sec.gov/api/xbrl/companyfacts/CIK0002023554.json,NAND flash (spun off from WDC Feb 2025)
2023-12-30,2024-03-29,2024,Q3,2024Q1,SNDK,revenue,1705000000.0,USD,RevenueFromContractWithCustomerExcludingAssessedTax,reported,0002023554-25-000027,10-Q,2025-05-12,https://data.sec.gov/api/xbrl/companyfacts/CIK0002023554.json,NAND flash (spun off from WDC Feb 2025)
2024-03-30,2024-06-28,2024,Q4,2024Q2,SNDK,revenue,1760000000.0,USD,RevenueFromContractWithCustomerExcludingAssessedTax,ytd_diff,0001628280-26-057406,10-K,2026-08-17,https://data.sec.gov/api/xbrl/companyfacts/CIK0002023554.json,NAND flash (spun off from WDC Feb 2025)
2024-06-29,2024-09-27,2025,Q1,2024Q3,SNDK,revenue,1883000000.0,USD,RevenueFromContractWithCustomerExcludingAssessedTax,reported,0001628280-25-050698,10-Q,2025-11-07,https://data.sec.gov/api/xbrl/companyfacts/CIK0002023554.json,NAND flash (spun off from WDC Feb 2025)
2024-09-28,2024-12-27,2025,Q2,2024Q4,SNDK,revenue,1876000000.0,USD,RevenueFromContractWithCustomerExcludingAssessedTax,reported,0001628280-26-004407,10-Q,2026-01-30,https://data.sec.gov/api/xbrl/companyfacts/CIK0002023554.json,NAND flash (spun off from WDC Feb 2025)
2024-12-28,2025-03-28,2025,Q3,2025Q1,SNDK,revenue,1695000000.0,USD,RevenueFromContractWithCustomerExcludingAssessedTax,reported,0001628280-26-029401,10-Q,2026-05-01,https://data.sec.gov/api/xbrl/companyfacts/CIK0002023554.json,NAND flash (spun off from WDC Feb 2025)
2025-03-29,2025-06-27,2025,Q4,2025Q2,SNDK,revenue,1901000000.0,USD,RevenueFromContractWithCustomerExcludingAssessedTax,ytd_diff,0001628280-26-057406,10-K,2026-08-17,https://data.sec.gov/api/xbrl/companyfacts/CIK0002023554.json,NAND flash (spun off from WDC Feb 2025)
2025-06-28,2025-10-03,2026,Q1,2025Q3,SNDK,revenue,2308000000.0,USD,RevenueFromContractWithCustomerExcludingAssessedTax,reported,0001628280-25-050698,10-Q,2025-11-07,https://data.sec.gov/api/xbrl/companyfacts/CIK0002023554.json,NAND flash (spun off from WDC Feb 2025)
2025-10-04,2026-01-02,2026,Q2,2025Q4,SNDK,revenue,3025000000.0,USD,RevenueFromContractWithCustomerExcludingAssessedTax,reported,0001628280-26-004407,10-Q,2026-01-30,https://data.sec.gov/api/xbrl/companyfacts/CIK0002023554.json,NAND flash (spun off from WDC Feb 2025)
2026-01-03,2026-04-03,2026,Q3,2026Q1,SNDK,revenue,5950000000.0,USD,RevenueFromContractWithCustomerExcludingAssessedTax,reported,0001628280-26-029401,10-Q,2026-05-01,https://data.sec.gov/api/xbrl/companyfacts/CIK0002023554.json,NAND flash (spun off from WDC Feb 2025)
2026-04-04,2026-07-03,2026,Q4,2026Q2,SNDK,revenue,8965000000.0,USD,RevenueFromContractWithCustomerExcludingAssessedTax,ytd_diff,0001628280-26-057406,10-K,2026-08-17,https://data.sec.gov/api/xbrl/companyfacts/CIK0002023554.json,NAND flash (spun off from WDC Feb 2025)
2013-12-28,2014-03-28,2014,Q3,2014Q1,STX,capex,124000000.0,USD,PaymentsToAcquirePropertyPlantAndEquipment,ytd_diff,0001104659-15-032642,10-Q,2015-04-30,https://data.sec.gov/api/xbrl/companyfacts/CIK0001137789.json,storage (HDD)
2014-03-29,2014-06-27,2014,Q4,2014Q2,STX,capex,131000000.0,USD,PaymentsToAcquirePropertyPlantAndEquipment,ytd_diff,0001047469-16-014732,10-K,2016-08-05,https://data.sec.gov/api/xbrl/companyfacts/CIK0001137789.json,storage (HDD)
2014-06-28,2014-10-03,2015,Q1,2014Q3,STX,capex,172000000.0,USD,PaymentsToAcquirePropertyPlantAndEquipment,reported,0001104659-15-074539,10-Q,2015-10-30,https://data.sec.gov/api/xbrl/companyfacts/CIK0001137789.json,storage (HDD)
2014-10-04,2015-01-02,2015,Q2,2014Q4,STX,capex,215000000.0,USD,PaymentsToAcquirePropertyPlantAndEquipment,ytd_diff,0001104659-16-092467,10-Q,2016-01-29,https://data.sec.gov/api/xbrl/companyfacts/CIK0001137789.json,storage (HDD)
2015-01-03,2015-04-03,2015,Q3,2015Q1,STX,capex,159000000.0,USD,PaymentsToAcquirePropertyPlantAndEquipment,ytd_diff,0001104659-16-116201,10-Q,2016-04-29,https://data.sec.gov/api/xbrl/companyfacts/CIK0001137789.json,storage (HDD)
2015-04-04,2015-07-03,2015,Q4,2015Q2,STX,capex,201000000.0,USD,PaymentsToAcquirePropertyPlantAndEquipment,ytd_diff,0001193125-17-248796,10-K,2017-08-04,https://data.sec.gov/api/xbrl/companyfacts/CIK0001137789.json,storage (HDD)
2015-07-04,2015-10-02,2016,Q1,2015Q3,STX,capex,209000000.0,USD,PaymentsToAcquirePropertyPlantAndEquipment,reported,0001193125-16-751593,10-Q,2016-10-28,https://data.sec.gov/api/xbrl/companyfacts/CIK0001137789.json,storage (HDD)
2015-10-03,2016-01-01,2016,Q2,2015Q4,STX,capex,137000000.0,USD,PaymentsToAcquirePropertyPlantAndEquipment,ytd_diff,0001193125-17-019732,10-Q,2017-01-26,https://data.sec.gov/api/xbrl/companyfacts/CIK0001137789.json,storage (HDD)
2016-01-02,2016-04-01,2016,Q3,2016Q1,STX,capex,95000000.0,USD,PaymentsToAcquirePropertyPlantAndEquipment,ytd_diff,0001193125-17-148855,10-Q,2017-04-28,https://data.sec.gov/api/xbrl/companyfacts/CIK0001137789.json,storage (HDD)
2016-04-02,2016-07-01,2016,Q4,2016Q2,STX,capex,146000000.0,USD,PaymentsToAcquirePropertyPlantAndEquipment,ytd_diff,0001193125-18-238271,10-K,2018-08-03,https://data.sec.gov/api/xbrl/companyfacts/CIK0001137789.json,storage (HDD)
2016-07-02,2016-09-30,2017,Q1,2016Q3,STX,capex,140000000.0,USD,PaymentsToAcquirePropertyPlantAndEquipment,reported,0001193125-17-323042,10-Q,2017-10-27,https://data.sec.gov/api/xbrl/companyfacts/CIK0001137789.json,storage (HDD)
2016-10-01,2016-12-30,2017,Q2,2016Q4,STX,capex,95000000.0,USD,PaymentsToAcquirePropertyPlantAndEquipment,ytd_diff,0001193125-18-023592,10-Q,2018-01-29,https://data.sec.gov/api/xbrl/companyfacts/CIK0001137789.json,storage (HDD)
2016-12-31,2017-03-31,2017,Q3,2017Q1,STX,capex,95000000.0,USD,PaymentsToAcquirePropertyPlantAndEquipment,ytd_diff,0001193125-18-146598,10-Q,2018-05-01,https://data.sec.gov/api/xbrl/companyfacts/CIK0001137789.json,storage (HDD)
2017-04-01,2017-06-30,2017,Q4,2017Q2,STX,capex,104000000.0,USD,PaymentsToAcquirePropertyPlantAndEquipment,ytd_diff,0001193125-19-212028,10-K,2019-08-02,https://data.sec.gov/api/xbrl/companyfacts/CIK0001137789.json,storage (HDD)
2017-07-01,2017-09-29,2018,Q1,2017Q3,STX,capex,124000000.0,USD,PaymentsToAcquirePropertyPlantAndEquipment,reported,0001193125-18-317143,10-Q,2018-11-02,https://data.sec.gov/api/xbrl/companyfacts/CIK0001137789.json,storage (HDD)
2017-09-30,2017-12-29,2018,Q2,2017Q4,STX,capex,77000000.0,USD,PaymentsToAcquirePropertyPlantAndEquipment,ytd_diff,0001193125-19-027007,10-Q,2019-02-04,https://data.sec.gov/api/xbrl/companyfacts/CIK0001137789.json,storage (HDD)
2017-12-30,2018-03-30,2018,Q3,2018Q1,STX,capex,69000000.0,USD,PaymentsToAcquirePropertyPlantAndEquipment,ytd_diff,0001193125-19-129284,10-Q,2019-04-30,https://data.sec.gov/api/xbrl/companyfacts/CIK0001137789.json,storage (HDD)
2018-03-31,2018-06-29,2018,Q4,2018Q2,STX,capex,96000000.0,USD,PaymentsToAcquirePropertyPlantAndEquipment,ytd_diff,0001137789-20-000057,10-K,2020-08-07,https://data.sec.gov/api/xbrl/companyfacts/CIK0001137789.json,storage (HDD)
2018-06-30,2018-09-28,2019,Q1,2018Q3,STX,capex,177000000.0,USD,PaymentsToAcquirePropertyPlantAndEquipment,reported,0001628280-19-013092,10-Q,2019-11-01,https://data.sec.gov/api/xbrl/companyfacts/CIK0001137789.json,storage (HDD)
2018-09-29,2018-12-28,2019,Q2,2018Q4,STX,capex,127000000.0,USD,PaymentsToAcquirePropertyPlantAndEquipment,ytd_diff,0001137789-20-000015,10-Q,2020-02-05,https://data.sec.gov/api/xbrl/companyfacts/CIK0001137789.json,storage (HDD)
2018-12-29,2019-03-29,2019,Q3,2019Q1,STX,capex,147000000.0,USD,PaymentsToAcquirePropertyPlantAndEquipment,ytd_diff,0001137789-20-000035,10-Q,2020-04-30,https://data.sec.gov/api/xbrl/companyfacts/CIK0001137789.json,storage (HDD)
2019-03-30,2019-06-28,2019,Q4,2019Q2,STX,capex,151000000.0,USD,PaymentsToAcquirePropertyPlantAndEquipment,ytd_diff,0001137789-21-000049,10-K,2021-08-06,https://data.sec.gov/api/xbrl/companyfacts/CIK0001137789.json,storage (HDD)
2019-06-29,2019-10-04,2020,Q1,2019Q3,STX,capex,147000000.0,USD,PaymentsToAcquirePropertyPlantAndEquipment,reported,0001137789-20-000117,10-Q,2020-10-29,https://data.sec.gov/api/xbrl/companyfacts/CIK0001137789.json,storage (HDD)
2019-10-05,2020-01-03,2020,Q2,2019Q4,STX,capex,194000000.0,USD,PaymentsToAcquirePropertyPlantAndEquipment,ytd_diff,0001137789-21-000006,10-Q,2021-01-28,https://data.sec.gov/api/xbrl/companyfacts/CIK0001137789.json,storage (HDD)
2020-01-04,2020-04-03,2020,Q3,2020Q1,STX,capex,130000000.0,USD,PaymentsToAcquirePropertyPlantAndEquipment,ytd_diff,0001137789-21-000028,10-Q,2021-04-29,https://data.sec.gov/api/xbrl/companyfacts/CIK0001137789.json,storage (HDD)
2020-04-04,2020-07-03,2020,Q4,2020Q2,STX,capex,114000000.0,USD,PaymentsToAcquirePropertyPlantAndEquipment,ytd_diff,0001137789-22-000055,10-K,2022-08-05,https://data.sec.gov/api/xbrl/companyfacts/CIK0001137789.json,storage (HDD)
2020-07-04,2020-10-02,2021,Q1,2020Q3,STX,capex,111000000.0,USD,PaymentsToAcquirePropertyPlantAndEquipment,reported,0001137789-21-000128,10-Q,2021-10-28,https://data.sec.gov/api/xbrl/companyfacts/CIK0001137789.json,storage (HDD)
2020-10-03,2021-01-01,2021,Q2,2020Q4,STX,capex,159000000.0,USD,PaymentsToAcquirePropertyPlantAndEquipment,ytd_diff,0001137789-22-000014,10-Q,2022-01-27,https://data.sec.gov/api/xbrl/companyfacts/CIK0001137789.json,storage (HDD)
2021-01-02,2021-04-02,2021,Q3,2021Q1,STX,capex,104000000.0,USD,PaymentsToAcquirePropertyPlantAndEquipment,ytd_diff,0001137789-22-000031,10-Q,2022-04-28,https://data.sec.gov/api/xbrl/companyfacts/CIK0001137789.json,storage (HDD)
2021-04-03,2021-07-02,2021,Q4,2021Q2,STX,capex,124000000.0,USD,PaymentsToAcquirePropertyPlantAndEquipment,ytd_diff,0001137789-23-000049,10-K,2023-08-04,https://data.sec.gov/api/xbrl/companyfacts/CIK0001137789.json,storage (HDD)
2021-07-03,2021-10-01,2022,Q1,2021Q3,STX,capex,117000000.0,USD,PaymentsToAcquirePropertyPlantAndEquipment,reported,0001137789-22-000123,10-Q,2022-10-27,https://data.sec.gov/api/xbrl/companyfacts/CIK0001137789.json,storage (HDD)
2021-10-02,2021-12-31,2022,Q2,2021Q4,STX,capex,95000000.0,USD,PaymentsToAcquirePropertyPlantAndEquipment,ytd_diff,0001137789-23-000010,10-Q,2023-01-25,https://data.sec.gov/api/xbrl/companyfacts/CIK0001137789.json,storage (HDD)
2022-01-01,2022-04-01,2022,Q3,2022Q1,STX,capex,97000000.0,USD,PaymentsToAcquirePropertyPlantAndEquipment,ytd_diff,0001137789-23-000029,10-Q,2023-04-26,https://data.sec.gov/api/xbrl/companyfacts/CIK0001137789.json,storage (HDD)
2022-04-02,2022-07-01,2022,Q4,2022Q2,STX,capex,72000000.0,USD,PaymentsToAcquirePropertyPlantAndEquipment,ytd_diff,0001137789-24-000068,10-K,2024-08-02,https://data.sec.gov/api/xbrl/companyfacts/CIK0001137789.json,storage (HDD)
2022-07-02,2022-09-30,2023,Q1,2022Q3,STX,capex,133000000.0,USD,PaymentsToAcquirePropertyPlantAndEquipment,reported,0001137789-23-000128,10-Q,2023-10-27,https://data.sec.gov/api/xbrl/companyfacts/CIK0001137789.json,storage (HDD)
2022-10-01,2022-12-30,2023,Q2,2022Q4,STX,capex,79000000.0,USD,PaymentsToAcquirePropertyPlantAndEquipment,ytd_diff,0001137789-24-000010,10-Q,2024-01-26,https://data.sec.gov/api/xbrl/companyfacts/CIK0001137789.json,storage (HDD)
2022-12-31,2023-03-31,2023,Q3,2023Q1,STX,capex,54000000.0,USD,PaymentsToAcquirePropertyPlantAndEquipment,ytd_diff,0001137789-24-000034,10-Q,2024-04-26,https://data.sec.gov/api/xbrl/companyfacts/CIK0001137789.json,storage (HDD)
2023-04-01,2023-06-30,2023,Q4,2023Q2,STX,capex,50000000.0,USD,PaymentsToAcquirePropertyPlantAndEquipment,ytd_diff,0001137789-25-000157,10-K,2025-08-01,https://data.sec.gov/api/xbrl/companyfacts/CIK0001137789.json,storage (HDD)
2023-07-01,2023-09-29,2024,Q1,2023Q3,STX,capex,70000000.0,USD,PaymentsToAcquirePropertyPlantAndEquipment,reported,0001137789-24-000182,10-Q,2024-10-25,https://data.sec.gov/api/xbrl/companyfacts/CIK0001137789.json,storage (HDD)
2023-09-30,2023-12-29,2024,Q2,2023Q4,STX,capex,70000000.0,USD,PaymentsToAcquirePropertyPlantAndEquipment,ytd_diff,0001137789-25-000020,10-Q,2025-01-24,https://data.sec.gov/api/xbrl/companyfacts/CIK0001137789.json,storage (HDD)
2023-12-30,2024-03-29,2024,Q3,2024Q1,STX,capex,60000000.0,USD,PaymentsToAcquirePropertyPlantAndEquipment,ytd_diff,0001137789-25-000075,10-Q,2025-05-02,https://data.sec.gov/api/xbrl/companyfacts/CIK0001137789.json,storage (HDD)
2024-03-30,2024-06-28,2024,Q4,2024Q2,STX,capex,54000000.0,USD,PaymentsToAcquirePropertyPlantAndEquipment,ytd_diff,0001137789-26-000159,10-K,2026-08-04,https://data.sec.gov/api/xbrl/companyfacts/CIK0001137789.json,storage (HDD)
2024-06-29,2024-09-27,2025,Q1,2024Q3,STX,capex,68000000.0,USD,PaymentsToAcquirePropertyPlantAndEquipment,reported,0001137789-25-000317,10-Q,2025-10-31,https://data.sec.gov/api/xbrl/companyfacts/CIK0001137789.json,storage (HDD)
2024-09-28,2024-12-27,2025,Q2,2024Q4,STX,capex,71000000.0,USD,PaymentsToAcquirePropertyPlantAndEquipment,ytd_diff,0001137789-26-000026,10-Q,2026-01-30,https://data.sec.gov/api/xbrl/companyfacts/CIK0001137789.json,storage (HDD)
2024-12-28,2025-03-28,2025,Q3,2025Q1,STX,capex,43000000.0,USD,PaymentsToAcquirePropertyPlantAndEquipment,ytd_diff,0001137789-26-000088,10-Q,2026-04-29,https://data.sec.gov/api/xbrl/companyfacts/CIK0001137789.json,storage (HDD)
2025-03-29,2025-06-27,2025,Q4,2025Q2,STX,capex,83000000.0,USD,PaymentsToAcquirePropertyPlantAndEquipment,ytd_diff,0001137789-26-000159,10-K,2026-08-04,https://data.sec.gov/api/xbrl/companyfacts/CIK0001137789.json,storage (HDD)
2025-06-28,2025-10-03,2026,Q1,2025Q3,STX,capex,105000000.0,USD,PaymentsToAcquirePropertyPlantAndEquipment,reported,0001137789-25-000317,10-Q,2025-10-31,https://data.sec.gov/api/xbrl/companyfacts/CIK0001137789.json,storage (HDD)
2025-10-04,2026-01-02,2026,Q2,2025Q4,STX,capex,116000000.0,USD,PaymentsToAcquirePropertyPlantAndEquipment,ytd_diff,0001137789-26-000026,10-Q,2026-01-30,https://data.sec.gov/api/xbrl/companyfacts/CIK0001137789.json,storage (HDD)
2026-01-03,2026-04-03,2026,Q3,2026Q1,STX,capex,161000000.0,USD,PaymentsToAcquirePropertyPlantAndEquipment,ytd_diff,0001137789-26-000088,10-Q,2026-04-29,https://data.sec.gov/api/xbrl/companyfacts/CIK0001137789.json,storage (HDD)
2026-04-04,2026-07-03,2026,Q4,2026Q2,STX,capex,187000000.0,USD,PaymentsToAcquirePropertyPlantAndEquipment,ytd_diff,0001137789-26-000159,10-K,2026-08-04,https://data.sec.gov/api/xbrl/companyfacts/CIK0001137789.json,storage (HDD)
2013-12-28,2014-03-28,2014,Q3,2014Q1,STX,cost_of_revenue,2447000000.0,USD,CostOfGoodsAndServicesSold,reported,0001104659-15-032642,10-Q,2015-04-30,https://data.sec.gov/api/xbrl/companyfacts/CIK0001137789.json,storage (HDD)
2014-03-29,2014-06-27,2014,Q4,2014Q2,STX,cost_of_revenue,2376000000.0,USD,CostOfGoodsAndServicesSold,ytd_diff,0001047469-16-014732,10-K,2016-08-05,https://data.sec.gov/api/xbrl/companyfacts/CIK0001137789.json,storage (HDD)
2014-06-28,2014-10-03,2015,Q1,2014Q3,STX,cost_of_revenue,2734000000.0,USD,CostOfGoodsAndServicesSold,reported,0001104659-15-074539,10-Q,2015-10-30,https://data.sec.gov/api/xbrl/companyfacts/CIK0001137789.json,storage (HDD)
2014-10-04,2015-01-02,2015,Q2,2014Q4,STX,cost_of_revenue,2669000000.0,USD,CostOfGoodsAndServicesSold,reported,0001104659-16-092467,10-Q,2016-01-29,https://data.sec.gov/api/xbrl/companyfacts/CIK0001137789.json,storage (HDD)
2015-01-03,2015-04-03,2015,Q3,2015Q1,STX,cost_of_revenue,2375000000.0,USD,CostOfGoodsAndServicesSold,reported,0001104659-16-116201,10-Q,2016-04-29,https://data.sec.gov/api/xbrl/companyfacts/CIK0001137789.json,storage (HDD)
2015-04-04,2015-07-03,2015,Q4,2015Q2,STX,cost_of_revenue,2152000000.0,USD,CostOfGoodsAndServicesSold,ytd_diff,0001193125-17-248796,10-K,2017-08-04,https://data.sec.gov/api/xbrl/companyfacts/CIK0001137789.json,storage (HDD)
2015-07-04,2015-10-02,2016,Q1,2015Q3,STX,cost_of_revenue,2236000000.0,USD,CostOfGoodsAndServicesSold,reported,0001193125-16-751593,10-Q,2016-10-28,https://data.sec.gov/api/xbrl/companyfacts/CIK0001137789.json,storage (HDD)
2015-10-03,2016-01-01,2016,Q2,2015Q4,STX,cost_of_revenue,2245000000.0,USD,CostOfGoodsAndServicesSold,reported,0001193125-17-019732,10-Q,2017-01-26,https://data.sec.gov/api/xbrl/companyfacts/CIK0001137789.json,storage (HDD)
2016-01-02,2016-04-01,2016,Q3,2016Q1,STX,cost_of_revenue,2071000000.0,USD,CostOfGoodsAndServicesSold,reported,0001193125-17-148855,10-Q,2017-04-28,https://data.sec.gov/api/xbrl/companyfacts/CIK0001137789.json,storage (HDD)
2016-04-02,2016-07-01,2016,Q4,2016Q2,STX,cost_of_revenue,1992000000.0,USD,CostOfGoodsAndServicesSold,ytd_diff,0001193125-18-238271,10-K,2018-08-03,https://data.sec.gov/api/xbrl/companyfacts/CIK0001137789.json,storage (HDD)
2016-07-02,2016-09-30,2017,Q1,2016Q3,STX,cost_of_revenue,1996000000.0,USD,CostOfGoodsAndServicesSold,reported,0001193125-17-323042,10-Q,2017-10-27,https://data.sec.gov/api/xbrl/companyfacts/CIK0001137789.json,storage (HDD)
2016-10-01,2016-12-30,2017,Q2,2016Q4,STX,cost_of_revenue,2003000000.0,USD,CostOfGoodsAndServicesSold,reported,0001193125-18-023592,10-Q,2018-01-29,https://data.sec.gov/api/xbrl/companyfacts/CIK0001137789.json,storage (HDD)
2016-12-31,2017-03-31,2017,Q3,2017Q1,STX,cost_of_revenue,1858000000.0,USD,CostOfGoodsAndServicesSold,reported,0001193125-18-146598,10-Q,2018-05-01,https://data.sec.gov/api/xbrl/companyfacts/CIK0001137789.json,storage (HDD)
2017-04-01,2017-06-30,2017,Q4,2017Q2,STX,cost_of_revenue,1740000000.0,USD,CostOfGoodsAndServicesSold,ytd_diff,0001193125-19-212028,10-K,2019-08-02,https://data.sec.gov/api/xbrl/companyfacts/CIK0001137789.json,storage (HDD)
2017-07-01,2017-09-29,2018,Q1,2017Q3,STX,cost_of_revenue,1896000000.0,USD,CostOfGoodsAndServicesSold,reported,0001193125-18-317143,10-Q,2018-11-02,https://data.sec.gov/api/xbrl/companyfacts/CIK0001137789.json,storage (HDD)
2017-09-30,2017-12-29,2018,Q2,2017Q4,STX,cost_of_revenue,2037000000.0,USD,CostOfGoodsAndServicesSold,reported,0001193125-19-027007,10-Q,2019-02-04,https://data.sec.gov/api/xbrl/companyfacts/CIK0001137789.json,storage (HDD)
2017-12-30,2018-03-30,2018,Q3,2018Q1,STX,cost_of_revenue,1956000000.0,USD,CostOfGoodsAndServicesSold,reported,0001193125-19-129284,10-Q,2019-04-30,https://data.sec.gov/api/xbrl/companyfacts/CIK0001137789.json,storage (HDD)
2018-03-31,2018-06-29,2018,Q4,2018Q2,STX,cost_of_revenue,1931000000.0,USD,CostOfGoodsAndServicesSold,ytd_diff,0001137789-20-000057,10-K,2020-08-07,https://data.sec.gov/api/xbrl/companyfacts/CIK0001137789.json,storage (HDD)
2018-06-30,2018-09-28,2019,Q1,2018Q3,STX,cost_of_revenue,2078000000.0,USD,CostOfGoodsAndServicesSold,reported,0001628280-19-013092,10-Q,2019-11-01,https://data.sec.gov/api/xbrl/companyfacts/CIK0001137789.json,storage (HDD)
2018-09-29,2018-12-28,2019,Q2,2018Q4,STX,cost_of_revenue,1921000000.0,USD,CostOfGoodsAndServicesSold,reported,0001137789-20-000015,10-Q,2020-02-05,https://data.sec.gov/api/xbrl/companyfacts/CIK0001137789.json,storage (HDD)
2018-12-29,2019-03-29,2019,Q3,2019Q1,STX,cost_of_revenue,1712000000.0,USD,CostOfGoodsAndServicesSold,reported,0001137789-20-000035,10-Q,2020-04-30,https://data.sec.gov/api/xbrl/companyfacts/CIK0001137789.json,storage (HDD)
2019-03-30,2019-06-28,2019,Q4,2019Q2,STX,cost_of_revenue,1747000000.0,USD,CostOfGoodsAndServicesSold,ytd_diff,0001137789-21-000049,10-K,2021-08-06,https://data.sec.gov/api/xbrl/companyfacts/CIK0001137789.json,storage (HDD)
2019-06-29,2019-10-04,2020,Q1,2019Q3,STX,cost_of_revenue,1907000000.0,USD,CostOfGoodsAndServicesSold,reported,0001137789-20-000117,10-Q,2020-10-29,https://data.sec.gov/api/xbrl/companyfacts/CIK0001137789.json,storage (HDD)
2019-10-05,2020-01-03,2020,Q2,2019Q4,STX,cost_of_revenue,1938000000.0,USD,CostOfGoodsAndServicesSold,reported,0001137789-21-000006,10-Q,2021-01-28,https://data.sec.gov/api/xbrl/companyfacts/CIK0001137789.json,storage (HDD)
2020-01-04,2020-04-03,2020,Q3,2020Q1,STX,cost_of_revenue,1972000000.0,USD,CostOfGoodsAndServicesSold,reported,0001137789-21-000028,10-Q,2021-04-29,https://data.sec.gov/api/xbrl/companyfacts/CIK0001137789.json,storage (HDD)
2020-04-04,2020-07-03,2020,Q4,2020Q2,STX,cost_of_revenue,1850000000.0,USD,CostOfGoodsAndServicesSold,ytd_diff,0001137789-22-000055,10-K,2022-08-05,https://data.sec.gov/api/xbrl/companyfacts/CIK0001137789.json,storage (HDD)
2020-07-04,2020-10-02,2021,Q1,2020Q3,STX,cost_of_revenue,1718000000.0,USD,CostOfGoodsAndServicesSold,reported,0001137789-21-000128,10-Q,2021-10-28,https://data.sec.gov/api/xbrl/companyfacts/CIK0001137789.json,storage (HDD)
2020-10-03,2021-01-01,2021,Q2,2020Q4,STX,cost_of_revenue,1927000000.0,USD,CostOfGoodsAndServicesSold,reported,0001137789-22-000014,10-Q,2022-01-27,https://data.sec.gov/api/xbrl/companyfacts/CIK0001137789.json,storage (HDD)
2021-01-02,2021-04-02,2021,Q3,2021Q1,STX,cost_of_revenue,1991000000.0,USD,CostOfGoodsAndServicesSold,reported,0001137789-22-000031,10-Q,2022-04-28,https://data.sec.gov/api/xbrl/companyfacts/CIK0001137789.json,storage (HDD)
2021-04-03,2021-07-02,2021,Q4,2021Q2,STX,cost_of_revenue,2128000000.0,USD,CostOfGoodsAndServicesSold,ytd_diff,0001137789-23-000049,10-K,2023-08-04,https://data.sec.gov/api/xbrl/companyfacts/CIK0001137789.json,storage (HDD)
2021-07-03,2021-10-01,2022,Q1,2021Q3,STX,cost_of_revenue,2159000000.0,USD,CostOfGoodsAndServicesSold,reported,0001137789-22-000123,10-Q,2022-10-27,https://data.sec.gov/api/xbrl/companyfacts/CIK0001137789.json,storage (HDD)
2021-10-02,2021-12-31,2022,Q2,2021Q4,STX,cost_of_revenue,2168000000.0,USD,CostOfGoodsAndServicesSold,reported,0001137789-23-000010,10-Q,2023-01-25,https://data.sec.gov/api/xbrl/companyfacts/CIK0001137789.json,storage (HDD)
2022-01-01,2022-04-01,2022,Q3,2022Q1,STX,cost_of_revenue,1996000000.0,USD,CostOfGoodsAndServicesSold,reported,0001137789-23-000029,10-Q,2023-04-26,https://data.sec.gov/api/xbrl/companyfacts/CIK0001137789.json,storage (HDD)
2022-04-02,2022-07-01,2022,Q4,2022Q2,STX,cost_of_revenue,1869000000.0,USD,CostOfGoodsAndServicesSold,ytd_diff,0001137789-24-000068,10-K,2024-08-02,https://data.sec.gov/api/xbrl/companyfacts/CIK0001137789.json,storage (HDD)
2022-07-02,2022-09-30,2023,Q1,2022Q3,STX,cost_of_revenue,1553000000.0,USD,CostOfGoodsAndServicesSold,reported,0001137789-23-000128,10-Q,2023-10-27,https://data.sec.gov/api/xbrl/companyfacts/CIK0001137789.json,storage (HDD)
2022-10-01,2022-12-30,2023,Q2,2022Q4,STX,cost_of_revenue,1641000000.0,USD,CostOfGoodsAndServicesSold,reported,0001137789-24-000010,10-Q,2024-01-26,https://data.sec.gov/api/xbrl/companyfacts/CIK0001137789.json,storage (HDD)
2022-12-31,2023-03-31,2023,Q3,2023Q1,STX,cost_of_revenue,1541000000.0,USD,CostOfGoodsAndServicesSold,reported,0001137789-24-000034,10-Q,2024-04-26,https://data.sec.gov/api/xbrl/companyfacts/CIK0001137789.json,storage (HDD)
2023-04-01,2023-06-30,2023,Q4,2023Q2,STX,cost_of_revenue,1298000000.0,USD,CostOfGoodsAndServicesSold,ytd_diff,0001137789-25-000157,10-K,2025-08-01,https://data.sec.gov/api/xbrl/companyfacts/CIK0001137789.json,storage (HDD)
2023-07-01,2023-09-29,2024,Q1,2023Q3,STX,cost_of_revenue,1305000000.0,USD,CostOfGoodsAndServicesSold,reported,0001137789-24-000182,10-Q,2024-10-25,https://data.sec.gov/api/xbrl/companyfacts/CIK0001137789.json,storage (HDD)
2023-09-30,2023-12-29,2024,Q2,2023Q4,STX,cost_of_revenue,1193000000.0,USD,CostOfGoodsAndServicesSold,reported,0001137789-25-000020,10-Q,2025-01-24,https://data.sec.gov/api/xbrl/companyfacts/CIK0001137789.json,storage (HDD)
2023-12-30,2024-03-29,2024,Q3,2024Q1,STX,cost_of_revenue,1230000000.0,USD,CostOfGoodsAndServicesSold,reported,0001137789-25-000075,10-Q,2025-05-02,https://data.sec.gov/api/xbrl/companyfacts/CIK0001137789.json,storage (HDD)
2024-03-30,2024-06-28,2024,Q4,2024Q2,STX,cost_of_revenue,1287000000.0,USD,CostOfGoodsAndServicesSold,ytd_diff,0001137789-26-000159,10-K,2026-08-04,https://data.sec.gov/api/xbrl/companyfacts/CIK0001137789.json,storage (HDD)
2024-06-29,2024-09-27,2025,Q1,2024Q3,STX,cost_of_revenue,1454000000.0,USD,CostOfGoodsAndServicesSold,reported,0001137789-25-000317,10-Q,2025-10-31,https://data.sec.gov/api/xbrl/companyfacts/CIK0001137789.json,storage (HDD)
2024-09-28,2024-12-27,2025,Q2,2024Q4,STX,cost_of_revenue,1513000000.0,USD,CostOfGoodsAndServicesSold,reported,0001137789-26-000026,10-Q,2026-01-30,https://data.sec.gov/api/xbrl/companyfacts/CIK0001137789.json,storage (HDD)
2024-12-28,2025-03-28,2025,Q3,2025Q1,STX,cost_of_revenue,1400000000.0,USD,CostOfGoodsAndServicesSold,reported,0001137789-26-000088,10-Q,2026-04-29,https://data.sec.gov/api/xbrl/companyfacts/CIK0001137789.json,storage (HDD)
2025-03-29,2025-06-27,2025,Q4,2025Q2,STX,cost_of_revenue,1530000000.0,USD,CostOfGoodsAndServicesSold,ytd_diff,0001137789-26-000159,10-K,2026-08-04,https://data.sec.gov/api/xbrl/companyfacts/CIK0001137789.json,storage (HDD)
2025-06-28,2025-10-03,2026,Q1,2025Q3,STX,cost_of_revenue,1592000000.0,USD,CostOfGoodsAndServicesSold,reported,0001137789-25-000317,10-Q,2025-10-31,https://data.sec.gov/api/xbrl/companyfacts/CIK0001137789.json,storage (HDD)
2025-10-04,2026-01-02,2026,Q2,2025Q4,STX,cost_of_revenue,1649000000.0,USD,CostOfGoodsAndServicesSold,reported,0001137789-26-000026,10-Q,2026-01-30,https://data.sec.gov/api/xbrl/companyfacts/CIK0001137789.json,storage (HDD)
2026-01-03,2026-04-03,2026,Q3,2026Q1,STX,cost_of_revenue,1665000000.0,USD,CostOfGoodsAndServicesSold,reported,0001137789-26-000088,10-Q,2026-04-29,https://data.sec.gov/api/xbrl/companyfacts/CIK0001137789.json,storage (HDD)
2026-04-04,2026-07-03,2026,Q4,2026Q2,STX,cost_of_revenue,1731000000.0,USD,CostOfGoodsAndServicesSold,ytd_diff,0001137789-26-000159,10-K,2026-08-04,https://data.sec.gov/api/xbrl/companyfacts/CIK0001137789.json,storage (HDD)
2013-12-28,2014-03-28,2014,Q3,2014Q1,STX,gross_margin_pct,28.16,pct,,(revenue-cost_of_revenue)/revenue,,,,derived from rows above,storage (HDD)
2014-03-29,2014-06-27,2014,Q4,2014Q2,STX,gross_margin_pct,28.02,pct,,(revenue-cost_of_revenue)/revenue,,,,derived from rows above,storage (HDD)
2014-06-28,2014-10-03,2015,Q1,2014Q3,STX,gross_margin_pct,27.77,pct,,(revenue-cost_of_revenue)/revenue,,,,derived from rows above,storage (HDD)
2014-10-04,2015-01-02,2015,Q2,2014Q4,STX,gross_margin_pct,27.79,pct,,(revenue-cost_of_revenue)/revenue,,,,derived from rows above,storage (HDD)
2015-01-03,2015-04-03,2015,Q3,2015Q1,STX,gross_margin_pct,28.68,pct,,(revenue-cost_of_revenue)/revenue,,,,derived from rows above,storage (HDD)
2015-04-04,2015-07-03,2015,Q4,2015Q2,STX,gross_margin_pct,26.5,pct,,(revenue-cost_of_revenue)/revenue,,,,derived from rows above,storage (HDD)
2015-07-04,2015-10-02,2016,Q1,2015Q3,STX,gross_margin_pct,23.56,pct,,(revenue-cost_of_revenue)/revenue,,,,derived from rows above,storage (HDD)
2015-10-03,2016-01-01,2016,Q2,2015Q4,STX,gross_margin_pct,24.82,pct,,(revenue-cost_of_revenue)/revenue,,,,derived from rows above,storage (HDD)
2016-01-02,2016-04-01,2016,Q3,2016Q1,STX,gross_margin_pct,20.19,pct,,(revenue-cost_of_revenue)/revenue,,,,derived from rows above,storage (HDD)
2016-04-02,2016-07-01,2016,Q4,2016Q2,STX,gross_margin_pct,24.94,pct,,(revenue-cost_of_revenue)/revenue,,,,derived from rows above,storage (HDD)
2016-07-02,2016-09-30,2017,Q1,2016Q3,STX,gross_margin_pct,28.64,pct,,(revenue-cost_of_revenue)/revenue,,,,derived from rows above,storage (HDD)
2016-10-01,2016-12-30,2017,Q2,2016Q4,STX,gross_margin_pct,30.79,pct,,(revenue-cost_of_revenue)/revenue,,,,derived from rows above,storage (HDD)
2016-12-31,2017-03-31,2017,Q3,2017Q1,STX,gross_margin_pct,30.52,pct,,(revenue-cost_of_revenue)/revenue,,,,derived from rows above,storage (HDD)
2017-04-01,2017-06-30,2017,Q4,2017Q2,STX,gross_margin_pct,27.68,pct,,(revenue-cost_of_revenue)/revenue,,,,derived from rows above,storage (HDD)
2017-07-01,2017-09-29,2018,Q1,2017Q3,STX,gross_margin_pct,27.96,pct,,(revenue-cost_of_revenue)/revenue,,,,derived from rows above,storage (HDD)
2017-09-30,2017-12-29,2018,Q2,2017Q4,STX,gross_margin_pct,30.1,pct,,(revenue-cost_of_revenue)/revenue,,,,derived from rows above,storage (HDD)
2017-12-30,2018-03-30,2018,Q3,2018Q1,STX,gross_margin_pct,30.22,pct,,(revenue-cost_of_revenue)/revenue,,,,derived from rows above,storage (HDD)
2018-03-31,2018-06-29,2018,Q4,2018Q2,STX,gross_margin_pct,31.89,pct,,(revenue-cost_of_revenue)/revenue,,,,derived from rows above,storage (HDD)
2018-06-30,2018-09-28,2019,Q1,2018Q3,STX,gross_margin_pct,30.52,pct,,(revenue-cost_of_revenue)/revenue,,,,derived from rows above,storage (HDD)
2018-09-29,2018-12-28,2019,Q2,2018Q4,STX,gross_margin_pct,29.24,pct,,(revenue-cost_of_revenue)/revenue,,,,derived from rows above,storage (HDD)
2018-12-29,2019-03-29,2019,Q3,2019Q1,STX,gross_margin_pct,25.98,pct,,(revenue-cost_of_revenue)/revenue,,,,derived from rows above,storage (HDD)
2019-03-30,2019-06-28,2019,Q4,2019Q2,STX,gross_margin_pct,26.32,pct,,(revenue-cost_of_revenue)/revenue,,,,derived from rows above,storage (HDD)
2019-06-29,2019-10-04,2020,Q1,2019Q3,STX,gross_margin_pct,26.03,pct,,(revenue-cost_of_revenue)/revenue,,,,derived from rows above,storage (HDD)
2019-10-05,2020-01-03,2020,Q2,2019Q4,STX,gross_margin_pct,28.12,pct,,(revenue-cost_of_revenue)/revenue,,,,derived from rows above,storage (HDD)
2020-01-04,2020-04-03,2020,Q3,2020Q1,STX,gross_margin_pct,27.45,pct,,(revenue-cost_of_revenue)/revenue,,,,derived from rows above,storage (HDD)
2020-04-04,2020-07-03,2020,Q4,2020Q2,STX,gross_margin_pct,26.5,pct,,(revenue-cost_of_revenue)/revenue,,,,derived from rows above,storage (HDD)
2020-07-04,2020-10-02,2021,Q1,2020Q3,STX,gross_margin_pct,25.76,pct,,(revenue-cost_of_revenue)/revenue,,,,derived from rows above,storage (HDD)
2020-10-03,2021-01-01,2021,Q2,2020Q4,STX,gross_margin_pct,26.53,pct,,(revenue-cost_of_revenue)/revenue,,,,derived from rows above,storage (HDD)
2021-01-02,2021-04-02,2021,Q3,2021Q1,STX,gross_margin_pct,27.1,pct,,(revenue-cost_of_revenue)/revenue,,,,derived from rows above,storage (HDD)
2021-04-03,2021-07-02,2021,Q4,2021Q2,STX,gross_margin_pct,29.37,pct,,(revenue-cost_of_revenue)/revenue,,,,derived from rows above,storage (HDD)
2021-07-03,2021-10-01,2022,Q1,2021Q3,STX,gross_margin_pct,30.69,pct,,(revenue-cost_of_revenue)/revenue,,,,derived from rows above,storage (HDD)
2021-10-02,2021-12-31,2022,Q2,2021Q4,STX,gross_margin_pct,30.42,pct,,(revenue-cost_of_revenue)/revenue,,,,derived from rows above,storage (HDD)
2022-01-01,2022-04-01,2022,Q3,2022Q1,STX,gross_margin_pct,28.77,pct,,(revenue-cost_of_revenue)/revenue,,,,derived from rows above,storage (HDD)
2022-04-02,2022-07-01,2022,Q4,2022Q2,STX,gross_margin_pct,28.88,pct,,(revenue-cost_of_revenue)/revenue,,,,derived from rows above,storage (HDD)
2022-07-02,2022-09-30,2023,Q1,2022Q3,STX,gross_margin_pct,23.69,pct,,(revenue-cost_of_revenue)/revenue,,,,derived from rows above,storage (HDD)
2022-10-01,2022-12-30,2023,Q2,2022Q4,STX,gross_margin_pct,13.04,pct,,(revenue-cost_of_revenue)/revenue,,,,derived from rows above,storage (HDD)
2022-12-31,2023-03-31,2023,Q3,2023Q1,STX,gross_margin_pct,17.15,pct,,(revenue-cost_of_revenue)/revenue,,,,derived from rows above,storage (HDD)
2023-04-01,2023-06-30,2023,Q4,2023Q2,STX,gross_margin_pct,18.98,pct,,(revenue-cost_of_revenue)/revenue,,,,derived from rows above,storage (HDD)
2023-07-01,2023-09-29,2024,Q1,2023Q3,STX,gross_margin_pct,10.25,pct,,(revenue-cost_of_revenue)/revenue,,,,derived from rows above,storage (HDD)
2023-09-30,2023-12-29,2024,Q2,2023Q4,STX,gross_margin_pct,23.28,pct,,(revenue-cost_of_revenue)/revenue,,,,derived from rows above,storage (HDD)
2023-12-30,2024-03-29,2024,Q3,2024Q1,STX,gross_margin_pct,25.68,pct,,(revenue-cost_of_revenue)/revenue,,,,derived from rows above,storage (HDD)
2024-03-30,2024-06-28,2024,Q4,2024Q2,STX,gross_margin_pct,31.8,pct,,(revenue-cost_of_revenue)/revenue,,,,derived from rows above,storage (HDD)
2024-06-29,2024-09-27,2025,Q1,2024Q3,STX,gross_margin_pct,32.93,pct,,(revenue-cost_of_revenue)/revenue,,,,derived from rows above,storage (HDD)
2024-09-28,2024-12-27,2025,Q2,2024Q4,STX,gross_margin_pct,34.92,pct,,(revenue-cost_of_revenue)/revenue,,,,derived from rows above,storage (HDD)
2024-12-28,2025-03-28,2025,Q3,2025Q1,STX,gross_margin_pct,35.19,pct,,(revenue-cost_of_revenue)/revenue,,,,derived from rows above,storage (HDD)
2025-03-29,2025-06-27,2025,Q4,2025Q2,STX,gross_margin_pct,37.4,pct,,(revenue-cost_of_revenue)/revenue,,,,derived from rows above,storage (HDD)
2025-06-28,2025-10-03,2026,Q1,2025Q3,STX,gross_margin_pct,39.44,pct,,(revenue-cost_of_revenue)/revenue,,,,derived from rows above,storage (HDD)
2025-10-04,2026-01-02,2026,Q2,2025Q4,STX,gross_margin_pct,41.63,pct,,(revenue-cost_of_revenue)/revenue,,,,derived from rows above,storage (HDD)
2026-01-03,2026-04-03,2026,Q3,2026Q1,STX,gross_margin_pct,46.5,pct,,(revenue-cost_of_revenue)/revenue,,,,derived from rows above,storage (HDD)
2026-04-04,2026-07-03,2026,Q4,2026Q2,STX,gross_margin_pct,52.3,pct,,(revenue-cost_of_revenue)/revenue,,,,derived from rows above,storage (HDD)
2013-12-28,2014-03-28,2014,Q3,2014Q1,STX,inventory,846000000.0,USD,InventoryNet,reported,0001104659-14-032674,10-Q,2014-04-30,https://data.sec.gov/api/xbrl/companyfacts/CIK0001137789.json,storage (HDD)
2014-03-29,2014-06-27,2014,Q4,2014Q2,STX,inventory,985000000.0,USD,InventoryNet,reported,0001047469-15-006787,10-K,2015-08-12,https://data.sec.gov/api/xbrl/companyfacts/CIK0001137789.json,storage (HDD)
2014-06-28,2014-10-03,2015,Q1,2014Q3,STX,inventory,1071000000.0,USD,InventoryNet,reported,0001104659-14-075666,10-Q,2014-11-03,https://data.sec.gov/api/xbrl/companyfacts/CIK0001137789.json,storage (HDD)
2014-10-04,2015-01-02,2015,Q2,2014Q4,STX,inventory,1129000000.0,USD,InventoryNet,reported,0001104659-15-005719,10-Q,2015-01-30,https://data.sec.gov/api/xbrl/companyfacts/CIK0001137789.json,storage (HDD)
2015-01-03,2015-04-03,2015,Q3,2015Q1,STX,inventory,1083000000.0,USD,InventoryNet,reported,0001104659-15-032642,10-Q,2015-04-30,https://data.sec.gov/api/xbrl/companyfacts/CIK0001137789.json,storage (HDD)
2015-04-04,2015-07-03,2015,Q4,2015Q2,STX,inventory,993000000.0,USD,InventoryNet,reported,0001047469-16-014732,10-K,2016-08-05,https://data.sec.gov/api/xbrl/companyfacts/CIK0001137789.json,storage (HDD)
2015-07-04,2015-10-02,2016,Q1,2015Q3,STX,inventory,1098000000.0,USD,InventoryNet,reported,0001104659-15-074539,10-Q,2015-10-30,https://data.sec.gov/api/xbrl/companyfacts/CIK0001137789.json,storage (HDD)
2015-10-03,2016-01-01,2016,Q2,2015Q4,STX,inventory,1046000000.0,USD,InventoryNet,reported,0001104659-16-092467,10-Q,2016-01-29,https://data.sec.gov/api/xbrl/companyfacts/CIK0001137789.json,storage (HDD)
2016-01-02,2016-04-01,2016,Q3,2016Q1,STX,inventory,928000000.0,USD,InventoryNet,reported,0001104659-16-116201,10-Q,2016-04-29,https://data.sec.gov/api/xbrl/companyfacts/CIK0001137789.json,storage (HDD)
2016-04-02,2016-07-01,2016,Q4,2016Q2,STX,inventory,868000000.0,USD,InventoryNet,reported,0001193125-17-248796,10-K,2017-08-04,https://data.sec.gov/api/xbrl/companyfacts/CIK0001137789.json,storage (HDD)
2016-07-02,2016-09-30,2017,Q1,2016Q3,STX,inventory,914000000.0,USD,InventoryNet,reported,0001193125-16-751593,10-Q,2016-10-28,https://data.sec.gov/api/xbrl/companyfacts/CIK0001137789.json,storage (HDD)
2016-10-01,2016-12-30,2017,Q2,2016Q4,STX,inventory,1008000000.0,USD,InventoryNet,reported,0001193125-17-019732,10-Q,2017-01-26,https://data.sec.gov/api/xbrl/companyfacts/CIK0001137789.json,storage (HDD)
2016-12-31,2017-03-31,2017,Q3,2017Q1,STX,inventory,1038000000.0,USD,InventoryNet,reported,0001193125-17-148855,10-Q,2017-04-28,https://data.sec.gov/api/xbrl/companyfacts/CIK0001137789.json,storage (HDD)
2017-04-01,2017-06-30,2017,Q4,2017Q2,STX,inventory,982000000.0,USD,InventoryNet,reported,0001193125-18-238271,10-K,2018-08-03,https://data.sec.gov/api/xbrl/companyfacts/CIK0001137789.json,storage (HDD)
2017-07-01,2017-09-29,2018,Q1,2017Q3,STX,inventory,1014000000.0,USD,InventoryNet,reported,0001193125-17-323042,10-Q,2017-10-27,https://data.sec.gov/api/xbrl/companyfacts/CIK0001137789.json,storage (HDD)
2017-09-30,2017-12-29,2018,Q2,2017Q4,STX,inventory,1014000000.0,USD,InventoryNet,reported,0001193125-18-023592,10-Q,2018-01-29,https://data.sec.gov/api/xbrl/companyfacts/CIK0001137789.json,storage (HDD)
2017-12-30,2018-03-30,2018,Q3,2018Q1,STX,inventory,1002000000.0,USD,InventoryNet,reported,0001193125-18-146598,10-Q,2018-05-01,https://data.sec.gov/api/xbrl/companyfacts/CIK0001137789.json,storage (HDD)
2018-03-31,2018-06-29,2018,Q4,2018Q2,STX,inventory,1053000000.0,USD,InventoryNet,reported,0001193125-19-212028,10-K,2019-08-02,https://data.sec.gov/api/xbrl/companyfacts/CIK0001137789.json,storage (HDD)
2018-06-30,2018-09-28,2019,Q1,2018Q3,STX,inventory,1116000000.0,USD,InventoryNet,reported,0001193125-18-317143,10-Q,2018-11-02,https://data.sec.gov/api/xbrl/companyfacts/CIK0001137789.json,storage (HDD)
2018-09-29,2018-12-28,2019,Q2,2018Q4,STX,inventory,1097000000.0,USD,InventoryNet,reported,0001193125-19-027007,10-Q,2019-02-04,https://data.sec.gov/api/xbrl/companyfacts/CIK0001137789.json,storage (HDD)
2018-12-29,2019-03-29,2019,Q3,2019Q1,STX,inventory,1001000000.0,USD,InventoryNet,reported,0001193125-19-129284,10-Q,2019-04-30,https://data.sec.gov/api/xbrl/companyfacts/CIK0001137789.json,storage (HDD)
2019-03-30,2019-06-28,2019,Q4,2019Q2,STX,inventory,970000000.0,USD,InventoryNet,reported,0001137789-20-000057,10-K,2020-08-07,https://data.sec.gov/api/xbrl/companyfacts/CIK0001137789.json,storage (HDD)
2019-06-29,2019-10-04,2020,Q1,2019Q3,STX,inventory,1041000000.0,USD,InventoryNet,reported,0001628280-19-013092,10-Q,2019-11-01,https://data.sec.gov/api/xbrl/companyfacts/CIK0001137789.json,storage (HDD)
2019-10-05,2020-01-03,2020,Q2,2019Q4,STX,inventory,1148000000.0,USD,InventoryNet,reported,0001137789-20-000015,10-Q,2020-02-05,https://data.sec.gov/api/xbrl/companyfacts/CIK0001137789.json,storage (HDD)
2020-01-04,2020-04-03,2020,Q3,2020Q1,STX,inventory,1102000000.0,USD,InventoryNet,reported,0001137789-20-000035,10-Q,2020-04-30,https://data.sec.gov/api/xbrl/companyfacts/CIK0001137789.json,storage (HDD)
2020-04-04,2020-07-03,2020,Q4,2020Q2,STX,inventory,1142000000.0,USD,InventoryNet,reported,0001137789-21-000049,10-K,2021-08-06,https://data.sec.gov/api/xbrl/companyfacts/CIK0001137789.json,storage (HDD)
2020-07-04,2020-10-02,2021,Q1,2020Q3,STX,inventory,1323000000.0,USD,InventoryNet,reported,0001137789-20-000117,10-Q,2020-10-29,https://data.sec.gov/api/xbrl/companyfacts/CIK0001137789.json,storage (HDD)
2020-10-03,2021-01-01,2021,Q2,2020Q4,STX,inventory,1318000000.0,USD,InventoryNet,reported,0001137789-21-000006,10-Q,2021-01-28,https://data.sec.gov/api/xbrl/companyfacts/CIK0001137789.json,storage (HDD)
2021-01-02,2021-04-02,2021,Q3,2021Q1,STX,inventory,1281000000.0,USD,InventoryNet,reported,0001137789-21-000028,10-Q,2021-04-29,https://data.sec.gov/api/xbrl/companyfacts/CIK0001137789.json,storage (HDD)
2021-04-03,2021-07-02,2021,Q4,2021Q2,STX,inventory,1204000000.0,USD,InventoryNet,reported,0001137789-22-000055,10-K,2022-08-05,https://data.sec.gov/api/xbrl/companyfacts/CIK0001137789.json,storage (HDD)
2021-07-03,2021-10-01,2022,Q1,2021Q3,STX,inventory,1188000000.0,USD,InventoryNet,reported,0001137789-21-000128,10-Q,2021-10-28,https://data.sec.gov/api/xbrl/companyfacts/CIK0001137789.json,storage (HDD)
2021-10-02,2021-12-31,2022,Q2,2021Q4,STX,inventory,1287000000.0,USD,InventoryNet,reported,0001137789-22-000014,10-Q,2022-01-27,https://data.sec.gov/api/xbrl/companyfacts/CIK0001137789.json,storage (HDD)
2022-01-01,2022-04-01,2022,Q3,2022Q1,STX,inventory,1479000000.0,USD,InventoryNet,reported,0001137789-22-000031,10-Q,2022-04-28,https://data.sec.gov/api/xbrl/companyfacts/CIK0001137789.json,storage (HDD)
2022-04-02,2022-07-01,2022,Q4,2022Q2,STX,inventory,1565000000.0,USD,InventoryNet,reported,0001137789-23-000049,10-K,2023-08-04,https://data.sec.gov/api/xbrl/companyfacts/CIK0001137789.json,storage (HDD)
2022-07-02,2022-09-30,2023,Q1,2022Q3,STX,inventory,1606000000.0,USD,InventoryNet,reported,0001137789-22-000123,10-Q,2022-10-27,https://data.sec.gov/api/xbrl/companyfacts/CIK0001137789.json,storage (HDD)
2022-10-01,2022-12-30,2023,Q2,2022Q4,STX,inventory,1194000000.0,USD,InventoryNet,reported,0001137789-23-000010,10-Q,2023-01-25,https://data.sec.gov/api/xbrl/companyfacts/CIK0001137789.json,storage (HDD)
2022-12-31,2023-03-31,2023,Q3,2023Q1,STX,inventory,1200000000.0,USD,InventoryNet,reported,0001137789-23-000029,10-Q,2023-04-26,https://data.sec.gov/api/xbrl/companyfacts/CIK0001137789.json,storage (HDD)
2023-04-01,2023-06-30,2023,Q4,2023Q2,STX,inventory,1140000000.0,USD,InventoryNet,reported,0001137789-24-000068,10-K,2024-08-02,https://data.sec.gov/api/xbrl/companyfacts/CIK0001137789.json,storage (HDD)
2023-07-01,2023-09-29,2024,Q1,2023Q3,STX,inventory,1052000000.0,USD,InventoryNet,reported,0001137789-23-000128,10-Q,2023-10-27,https://data.sec.gov/api/xbrl/companyfacts/CIK0001137789.json,storage (HDD)
2023-09-30,2023-12-29,2024,Q2,2023Q4,STX,inventory,1053000000.0,USD,InventoryNet,reported,0001137789-24-000010,10-Q,2024-01-26,https://data.sec.gov/api/xbrl/companyfacts/CIK0001137789.json,storage (HDD)
2023-12-30,2024-03-29,2024,Q3,2024Q1,STX,inventory,1191000000.0,USD,InventoryNet,reported,0001137789-24-000034,10-Q,2024-04-26,https://data.sec.gov/api/xbrl/companyfacts/CIK0001137789.json,storage (HDD)
2024-03-30,2024-06-28,2024,Q4,2024Q2,STX,inventory,1239000000.0,USD,InventoryNet,reported,0001137789-25-000157,10-K,2025-08-01,https://data.sec.gov/api/xbrl/companyfacts/CIK0001137789.json,storage (HDD)
2024-06-29,2024-09-27,2025,Q1,2024Q3,STX,inventory,1383000000.0,USD,InventoryNet,reported,0001137789-24-000182,10-Q,2024-10-25,https://data.sec.gov/api/xbrl/companyfacts/CIK0001137789.json,storage (HDD)
2024-09-28,2024-12-27,2025,Q2,2024Q4,STX,inventory,1473000000.0,USD,InventoryNet,reported,0001137789-25-000020,10-Q,2025-01-24,https://data.sec.gov/api/xbrl/companyfacts/CIK0001137789.json,storage (HDD)
2024-12-28,2025-03-28,2025,Q3,2025Q1,STX,inventory,1472000000.0,USD,InventoryNet,reported,0001137789-25-000075,10-Q,2025-05-02,https://data.sec.gov/api/xbrl/companyfacts/CIK0001137789.json,storage (HDD)
2025-03-29,2025-06-27,2025,Q4,2025Q2,STX,inventory,1440000000.0,USD,InventoryNet,reported,0001137789-26-000159,10-K,2026-08-04,https://data.sec.gov/api/xbrl/companyfacts/CIK0001137789.json,storage (HDD)
2025-06-28,2025-10-03,2026,Q1,2025Q3,STX,inventory,1496000000.0,USD,InventoryNet,reported,0001137789-25-000317,10-Q,2025-10-31,https://data.sec.gov/api/xbrl/companyfacts/CIK0001137789.json,storage (HDD)
2025-10-04,2026-01-02,2026,Q2,2025Q4,STX,inventory,1498000000.0,USD,InventoryNet,reported,0001137789-26-000026,10-Q,2026-01-30,https://data.sec.gov/api/xbrl/companyfacts/CIK0001137789.json,storage (HDD)
2026-01-03,2026-04-03,2026,Q3,2026Q1,STX,inventory,1530000000.0,USD,InventoryNet,reported,0001137789-26-000088,10-Q,2026-04-29,https://data.sec.gov/api/xbrl/companyfacts/CIK0001137789.json,storage (HDD)
2026-04-04,2026-07-03,2026,Q4,2026Q2,STX,inventory,1571000000.0,USD,InventoryNet,reported,0001137789-26-000159,10-K,2026-08-04,https://data.sec.gov/api/xbrl/companyfacts/CIK0001137789.json,storage (HDD)
2013-12-28,2014-03-28,2014,Q3,2014Q1,STX,inventory_days,31.5,days,,inventory/cost_of_revenue*days_in_quarter,,,,derived from rows above,storage (HDD)
2014-03-29,2014-06-27,2014,Q4,2014Q2,STX,inventory_days,37.7,days,,inventory/cost_of_revenue*days_in_quarter,,,,derived from rows above,storage (HDD)
2014-06-28,2014-10-03,2015,Q1,2014Q3,STX,inventory_days,38.4,days,,inventory/cost_of_revenue*days_in_quarter,,,,derived from rows above,storage (HDD)
2014-10-04,2015-01-02,2015,Q2,2014Q4,STX,inventory_days,38.5,days,,inventory/cost_of_revenue*days_in_quarter,,,,derived from rows above,storage (HDD)
2015-01-03,2015-04-03,2015,Q3,2015Q1,STX,inventory_days,41.5,days,,inventory/cost_of_revenue*days_in_quarter,,,,derived from rows above,storage (HDD)
2015-04-04,2015-07-03,2015,Q4,2015Q2,STX,inventory_days,42.0,days,,inventory/cost_of_revenue*days_in_quarter,,,,derived from rows above,storage (HDD)
2015-07-04,2015-10-02,2016,Q1,2015Q3,STX,inventory_days,44.7,days,,inventory/cost_of_revenue*days_in_quarter,,,,derived from rows above,storage (HDD)
2015-10-03,2016-01-01,2016,Q2,2015Q4,STX,inventory_days,42.4,days,,inventory/cost_of_revenue*days_in_quarter,,,,derived from rows above,storage (HDD)
2016-01-02,2016-04-01,2016,Q3,2016Q1,STX,inventory_days,40.8,days,,inventory/cost_of_revenue*days_in_quarter,,,,derived from rows above,storage (HDD)
2016-04-02,2016-07-01,2016,Q4,2016Q2,STX,inventory_days,39.7,days,,inventory/cost_of_revenue*days_in_quarter,,,,derived from rows above,storage (HDD)
2016-07-02,2016-09-30,2017,Q1,2016Q3,STX,inventory_days,41.7,days,,inventory/cost_of_revenue*days_in_quarter,,,,derived from rows above,storage (HDD)
2016-10-01,2016-12-30,2017,Q2,2016Q4,STX,inventory_days,45.8,days,,inventory/cost_of_revenue*days_in_quarter,,,,derived from rows above,storage (HDD)
2016-12-31,2017-03-31,2017,Q3,2017Q1,STX,inventory_days,50.8,days,,inventory/cost_of_revenue*days_in_quarter,,,,derived from rows above,storage (HDD)
2017-04-01,2017-06-30,2017,Q4,2017Q2,STX,inventory_days,51.4,days,,inventory/cost_of_revenue*days_in_quarter,,,,derived from rows above,storage (HDD)
2017-07-01,2017-09-29,2018,Q1,2017Q3,STX,inventory_days,48.7,days,,inventory/cost_of_revenue*days_in_quarter,,,,derived from rows above,storage (HDD)
2017-09-30,2017-12-29,2018,Q2,2017Q4,STX,inventory_days,45.3,days,,inventory/cost_of_revenue*days_in_quarter,,,,derived from rows above,storage (HDD)
2017-12-30,2018-03-30,2018,Q3,2018Q1,STX,inventory_days,46.6,days,,inventory/cost_of_revenue*days_in_quarter,,,,derived from rows above,storage (HDD)
2018-03-31,2018-06-29,2018,Q4,2018Q2,STX,inventory_days,49.6,days,,inventory/cost_of_revenue*days_in_quarter,,,,derived from rows above,storage (HDD)
2018-06-30,2018-09-28,2019,Q1,2018Q3,STX,inventory_days,48.9,days,,inventory/cost_of_revenue*days_in_quarter,,,,derived from rows above,storage (HDD)
2018-09-29,2018-12-28,2019,Q2,2018Q4,STX,inventory_days,52.0,days,,inventory/cost_of_revenue*days_in_quarter,,,,derived from rows above,storage (HDD)
2018-12-29,2019-03-29,2019,Q3,2019Q1,STX,inventory_days,53.2,days,,inventory/cost_of_revenue*days_in_quarter,,,,derived from rows above,storage (HDD)
2019-03-30,2019-06-28,2019,Q4,2019Q2,STX,inventory_days,50.5,days,,inventory/cost_of_revenue*days_in_quarter,,,,derived from rows above,storage (HDD)
2019-06-29,2019-10-04,2020,Q1,2019Q3,STX,inventory_days,53.5,days,,inventory/cost_of_revenue*days_in_quarter,,,,derived from rows above,storage (HDD)
2019-10-05,2020-01-03,2020,Q2,2019Q4,STX,inventory_days,53.9,days,,inventory/cost_of_revenue*days_in_quarter,,,,derived from rows above,storage (HDD)
2020-01-04,2020-04-03,2020,Q3,2020Q1,STX,inventory_days,50.9,days,,inventory/cost_of_revenue*days_in_quarter,,,,derived from rows above,storage (HDD)
2020-04-04,2020-07-03,2020,Q4,2020Q2,STX,inventory_days,56.2,days,,inventory/cost_of_revenue*days_in_quarter,,,,derived from rows above,storage (HDD)
2020-07-04,2020-10-02,2021,Q1,2020Q3,STX,inventory_days,70.1,days,,inventory/cost_of_revenue*days_in_quarter,,,,derived from rows above,storage (HDD)
2020-10-03,2021-01-01,2021,Q2,2020Q4,STX,inventory_days,62.2,days,,inventory/cost_of_revenue*days_in_quarter,,,,derived from rows above,storage (HDD)
2021-01-02,2021-04-02,2021,Q3,2021Q1,STX,inventory_days,58.5,days,,inventory/cost_of_revenue*days_in_quarter,,,,derived from rows above,storage (HDD)
2021-04-03,2021-07-02,2021,Q4,2021Q2,STX,inventory_days,51.5,days,,inventory/cost_of_revenue*days_in_quarter,,,,derived from rows above,storage (HDD)
2021-07-03,2021-10-01,2022,Q1,2021Q3,STX,inventory_days,50.1,days,,inventory/cost_of_revenue*days_in_quarter,,,,derived from rows above,storage (HDD)
2021-10-02,2021-12-31,2022,Q2,2021Q4,STX,inventory_days,54.0,days,,inventory/cost_of_revenue*days_in_quarter,,,,derived from rows above,storage (HDD)
2022-01-01,2022-04-01,2022,Q3,2022Q1,STX,inventory_days,67.4,days,,inventory/cost_of_revenue*days_in_quarter,,,,derived from rows above,storage (HDD)
2022-04-02,2022-07-01,2022,Q4,2022Q2,STX,inventory_days,76.2,days,,inventory/cost_of_revenue*days_in_quarter,,,,derived from rows above,storage (HDD)
2022-07-02,2022-09-30,2023,Q1,2022Q3,STX,inventory_days,94.1,days,,inventory/cost_of_revenue*days_in_quarter,,,,derived from rows above,storage (HDD)
2022-10-01,2022-12-30,2023,Q2,2022Q4,STX,inventory_days,66.2,days,,inventory/cost_of_revenue*days_in_quarter,,,,derived from rows above,storage (HDD)
2022-12-31,2023-03-31,2023,Q3,2023Q1,STX,inventory_days,70.9,days,,inventory/cost_of_revenue*days_in_quarter,,,,derived from rows above,storage (HDD)
2023-04-01,2023-06-30,2023,Q4,2023Q2,STX,inventory_days,79.9,days,,inventory/cost_of_revenue*days_in_quarter,,,,derived from rows above,storage (HDD)
2023-07-01,2023-09-29,2024,Q1,2023Q3,STX,inventory_days,73.4,days,,inventory/cost_of_revenue*days_in_quarter,,,,derived from rows above,storage (HDD)
2023-09-30,2023-12-29,2024,Q2,2023Q4,STX,inventory_days,80.3,days,,inventory/cost_of_revenue*days_in_quarter,,,,derived from rows above,storage (HDD)
2023-12-30,2024-03-29,2024,Q3,2024Q1,STX,inventory_days,88.1,days,,inventory/cost_of_revenue*days_in_quarter,,,,derived from rows above,storage (HDD)
2024-03-30,2024-06-28,2024,Q4,2024Q2,STX,inventory_days,87.6,days,,inventory/cost_of_revenue*days_in_quarter,,,,derived from rows above,storage (HDD)
2024-06-29,2024-09-27,2025,Q1,2024Q3,STX,inventory_days,86.6,days,,inventory/cost_of_revenue*days_in_quarter,,,,derived from rows above,storage (HDD)
2024-09-28,2024-12-27,2025,Q2,2024Q4,STX,inventory_days,88.6,days,,inventory/cost_of_revenue*days_in_quarter,,,,derived from rows above,storage (HDD)
2024-12-28,2025-03-28,2025,Q3,2025Q1,STX,inventory_days,95.7,days,,inventory/cost_of_revenue*days_in_quarter,,,,derived from rows above,storage (HDD)
2025-03-29,2025-06-27,2025,Q4,2025Q2,STX,inventory_days,85.6,days,,inventory/cost_of_revenue*days_in_quarter,,,,derived from rows above,storage (HDD)
2025-06-28,2025-10-03,2026,Q1,2025Q3,STX,inventory_days,92.1,days,,inventory/cost_of_revenue*days_in_quarter,,,,derived from rows above,storage (HDD)
2025-10-04,2026-01-02,2026,Q2,2025Q4,STX,inventory_days,82.7,days,,inventory/cost_of_revenue*days_in_quarter,,,,derived from rows above,storage (HDD)
2026-01-03,2026-04-03,2026,Q3,2026Q1,STX,inventory_days,83.6,days,,inventory/cost_of_revenue*days_in_quarter,,,,derived from rows above,storage (HDD)
2026-04-04,2026-07-03,2026,Q4,2026Q2,STX,inventory_days,82.6,days,,inventory/cost_of_revenue*days_in_quarter,,,,derived from rows above,storage (HDD)
2013-12-28,2014-03-28,2014,Q3,2014Q1,STX,operating_income,444000000.0,USD,OperatingIncomeLoss,reported,0001104659-15-032642,10-Q,2015-04-30,https://data.sec.gov/api/xbrl/companyfacts/CIK0001137789.json,storage (HDD)
2014-03-29,2014-06-27,2014,Q4,2014Q2,STX,operating_income,410000000.0,USD,OperatingIncomeLoss,ytd_diff,0001047469-16-014732,10-K,2016-08-05,https://data.sec.gov/api/xbrl/companyfacts/CIK0001137789.json,storage (HDD)
2014-06-28,2014-10-03,2015,Q1,2014Q3,STX,operating_income,456000000.0,USD,OperatingIncomeLoss,reported,0001104659-15-074539,10-Q,2015-10-30,https://data.sec.gov/api/xbrl/companyfacts/CIK0001137789.json,storage (HDD)
2014-10-04,2015-01-02,2015,Q2,2014Q4,STX,operating_income,1053000000.0,USD,OperatingIncomeLoss,reported,0001104659-16-092467,10-Q,2016-01-29,https://data.sec.gov/api/xbrl/companyfacts/CIK0001137789.json,storage (HDD)
2015-01-03,2015-04-03,2015,Q3,2015Q1,STX,operating_income,343000000.0,USD,OperatingIncomeLoss,reported,0001104659-16-116201,10-Q,2016-04-29,https://data.sec.gov/api/xbrl/companyfacts/CIK0001137789.json,storage (HDD)
2015-04-04,2015-07-03,2015,Q4,2015Q2,STX,operating_income,207000000.0,USD,OperatingIncomeLoss,ytd_diff,0001193125-17-248796,10-K,2017-08-04,https://data.sec.gov/api/xbrl/companyfacts/CIK0001137789.json,storage (HDD)
2015-07-04,2015-10-02,2016,Q1,2015Q3,STX,operating_income,86000000.0,USD,OperatingIncomeLoss,reported,0001193125-16-751593,10-Q,2016-10-28,https://data.sec.gov/api/xbrl/companyfacts/CIK0001137789.json,storage (HDD)
2015-10-03,2016-01-01,2016,Q2,2015Q4,STX,operating_income,229000000.0,USD,OperatingIncomeLoss,reported,0001193125-17-019732,10-Q,2017-01-26,https://data.sec.gov/api/xbrl/companyfacts/CIK0001137789.json,storage (HDD)
2016-01-02,2016-04-01,2016,Q3,2016Q1,STX,operating_income,27000000.0,USD,OperatingIncomeLoss,reported,0001193125-17-148855,10-Q,2017-04-28,https://data.sec.gov/api/xbrl/companyfacts/CIK0001137789.json,storage (HDD)
2016-04-02,2016-07-01,2016,Q4,2016Q2,STX,operating_income,102000000.0,USD,OperatingIncomeLoss,ytd_diff,0001193125-18-238271,10-K,2018-08-03,https://data.sec.gov/api/xbrl/companyfacts/CIK0001137789.json,storage (HDD)
2016-07-02,2016-09-30,2017,Q1,2016Q3,STX,operating_income,221000000.0,USD,OperatingIncomeLoss,reported,0001193125-17-323042,10-Q,2017-10-27,https://data.sec.gov/api/xbrl/companyfacts/CIK0001137789.json,storage (HDD)
2016-10-01,2016-12-30,2017,Q2,2016Q4,STX,operating_income,370000000.0,USD,OperatingIncomeLoss,reported,0001193125-18-023592,10-Q,2018-01-29,https://data.sec.gov/api/xbrl/companyfacts/CIK0001137789.json,storage (HDD)
2016-12-31,2017-03-31,2017,Q3,2017Q1,STX,operating_income,266000000.0,USD,OperatingIncomeLoss,reported,0001193125-18-146598,10-Q,2018-05-01,https://data.sec.gov/api/xbrl/companyfacts/CIK0001137789.json,storage (HDD)
2017-04-01,2017-06-30,2017,Q4,2017Q2,STX,operating_income,196000000.0,USD,OperatingIncomeLoss,ytd_diff,0001193125-19-212028,10-K,2019-08-02,https://data.sec.gov/api/xbrl/companyfacts/CIK0001137789.json,storage (HDD)
2017-07-01,2017-09-29,2018,Q1,2017Q3,STX,operating_income,255000000.0,USD,OperatingIncomeLoss,reported,0001193125-18-317143,10-Q,2018-11-02,https://data.sec.gov/api/xbrl/companyfacts/CIK0001137789.json,storage (HDD)
2017-09-30,2017-12-29,2018,Q2,2017Q4,STX,operating_income,433000000.0,USD,OperatingIncomeLoss,reported,0001193125-19-027007,10-Q,2019-02-04,https://data.sec.gov/api/xbrl/companyfacts/CIK0001137789.json,storage (HDD)
2017-12-30,2018-03-30,2018,Q3,2018Q1,STX,operating_income,441000000.0,USD,OperatingIncomeLoss,reported,0001193125-19-129284,10-Q,2019-04-30,https://data.sec.gov/api/xbrl/companyfacts/CIK0001137789.json,storage (HDD)
2018-03-31,2018-06-29,2018,Q4,2018Q2,STX,operating_income,505000000.0,USD,OperatingIncomeLoss,ytd_diff,0001137789-20-000057,10-K,2020-08-07,https://data.sec.gov/api/xbrl/companyfacts/CIK0001137789.json,storage (HDD)
2018-06-30,2018-09-28,2019,Q1,2018Q3,STX,operating_income,503000000.0,USD,OperatingIncomeLoss,reported,0001628280-19-013092,10-Q,2019-11-01,https://data.sec.gov/api/xbrl/companyfacts/CIK0001137789.json,storage (HDD)
2018-09-29,2018-12-28,2019,Q2,2018Q4,STX,operating_income,416000000.0,USD,OperatingIncomeLoss,reported,0001137789-20-000015,10-Q,2020-02-05,https://data.sec.gov/api/xbrl/companyfacts/CIK0001137789.json,storage (HDD)
2018-12-29,2019-03-29,2019,Q3,2019Q1,STX,operating_income,236000000.0,USD,OperatingIncomeLoss,reported,0001137789-20-000035,10-Q,2020-04-30,https://data.sec.gov/api/xbrl/companyfacts/CIK0001137789.json,storage (HDD)
2019-03-30,2019-06-28,2019,Q4,2019Q2,STX,operating_income,332000000.0,USD,OperatingIncomeLoss,ytd_diff,0001137789-21-000049,10-K,2021-08-06,https://data.sec.gov/api/xbrl/companyfacts/CIK0001137789.json,storage (HDD)
2019-06-29,2019-10-04,2020,Q1,2019Q3,STX,operating_income,273000000.0,USD,OperatingIncomeLoss,reported,0001137789-20-000117,10-Q,2020-10-29,https://data.sec.gov/api/xbrl/companyfacts/CIK0001137789.json,storage (HDD)
2019-10-05,2020-01-03,2020,Q2,2019Q4,STX,operating_income,384000000.0,USD,OperatingIncomeLoss,reported,0001137789-21-000006,10-Q,2021-01-28,https://data.sec.gov/api/xbrl/companyfacts/CIK0001137789.json,storage (HDD)
2020-01-04,2020-04-03,2020,Q3,2020Q1,STX,operating_income,376000000.0,USD,OperatingIncomeLoss,reported,0001137789-21-000028,10-Q,2021-04-29,https://data.sec.gov/api/xbrl/companyfacts/CIK0001137789.json,storage (HDD)
2020-04-04,2020-07-03,2020,Q4,2020Q2,STX,operating_income,267000000.0,USD,OperatingIncomeLoss,ytd_diff,0001137789-22-000055,10-K,2022-08-05,https://data.sec.gov/api/xbrl/companyfacts/CIK0001137789.json,storage (HDD)
2020-07-04,2020-10-02,2021,Q1,2020Q3,STX,operating_income,251000000.0,USD,OperatingIncomeLoss,reported,0001137789-21-000128,10-Q,2021-10-28,https://data.sec.gov/api/xbrl/companyfacts/CIK0001137789.json,storage (HDD)
2020-10-03,2021-01-01,2021,Q2,2020Q4,STX,operating_income,348000000.0,USD,OperatingIncomeLoss,reported,0001137789-22-000014,10-Q,2022-01-27,https://data.sec.gov/api/xbrl/companyfacts/CIK0001137789.json,storage (HDD)
2021-01-02,2021-04-02,2021,Q3,2021Q1,STX,operating_income,386000000.0,USD,OperatingIncomeLoss,reported,0001137789-22-000031,10-Q,2022-04-28,https://data.sec.gov/api/xbrl/companyfacts/CIK0001137789.json,storage (HDD)
2021-04-03,2021-07-02,2021,Q4,2021Q2,STX,operating_income,507000000.0,USD,OperatingIncomeLoss,ytd_diff,0001137789-23-000049,10-K,2023-08-04,https://data.sec.gov/api/xbrl/companyfacts/CIK0001137789.json,storage (HDD)
2021-07-03,2021-10-01,2022,Q1,2021Q3,STX,operating_income,586000000.0,USD,OperatingIncomeLoss,reported,0001137789-22-000123,10-Q,2022-10-27,https://data.sec.gov/api/xbrl/companyfacts/CIK0001137789.json,storage (HDD)
2021-10-02,2021-12-31,2022,Q2,2021Q4,STX,operating_income,580000000.0,USD,OperatingIncomeLoss,reported,0001137789-23-000010,10-Q,2023-01-25,https://data.sec.gov/api/xbrl/companyfacts/CIK0001137789.json,storage (HDD)
2022-01-01,2022-04-01,2022,Q3,2022Q1,STX,operating_income,429000000.0,USD,OperatingIncomeLoss,reported,0001137789-23-000029,10-Q,2023-04-26,https://data.sec.gov/api/xbrl/companyfacts/CIK0001137789.json,storage (HDD)
2022-04-02,2022-07-01,2022,Q4,2022Q2,STX,operating_income,360000000.0,USD,OperatingIncomeLoss,ytd_diff,0001137789-24-000068,10-K,2024-08-02,https://data.sec.gov/api/xbrl/companyfacts/CIK0001137789.json,storage (HDD)
2022-07-02,2022-09-30,2023,Q1,2022Q3,STX,operating_income,107000000.0,USD,OperatingIncomeLoss,reported,0001137789-23-000128,10-Q,2023-10-27,https://data.sec.gov/api/xbrl/companyfacts/CIK0001137789.json,storage (HDD)
2022-10-01,2022-12-30,2023,Q2,2022Q4,STX,operating_income,-160000000.0,USD,OperatingIncomeLoss,reported,0001137789-24-000010,10-Q,2024-01-26,https://data.sec.gov/api/xbrl/companyfacts/CIK0001137789.json,storage (HDD)
2022-12-31,2023-03-31,2023,Q3,2023Q1,STX,operating_income,-315000000.0,USD,OperatingIncomeLoss,reported,0001137789-24-000034,10-Q,2024-04-26,https://data.sec.gov/api/xbrl/companyfacts/CIK0001137789.json,storage (HDD)
2023-04-01,2023-06-30,2023,Q4,2023Q2,STX,operating_income,26000000.0,USD,OperatingIncomeLoss,ytd_diff,0001137789-25-000157,10-K,2025-08-01,https://data.sec.gov/api/xbrl/companyfacts/CIK0001137789.json,storage (HDD)
2023-07-01,2023-09-29,2024,Q1,2023Q3,STX,operating_income,-129000000.0,USD,OperatingIncomeLoss,reported,0001137789-24-000182,10-Q,2024-10-25,https://data.sec.gov/api/xbrl/companyfacts/CIK0001137789.json,storage (HDD)
2023-09-30,2023-12-29,2024,Q2,2023Q4,STX,operating_income,124000000.0,USD,OperatingIncomeLoss,reported,0001137789-25-000020,10-Q,2025-01-24,https://data.sec.gov/api/xbrl/companyfacts/CIK0001137789.json,storage (HDD)
2023-12-30,2024-03-29,2024,Q3,2024Q1,STX,operating_income,143000000.0,USD,OperatingIncomeLoss,reported,0001137789-25-000075,10-Q,2025-05-02,https://data.sec.gov/api/xbrl/companyfacts/CIK0001137789.json,storage (HDD)
2024-03-30,2024-06-28,2024,Q4,2024Q2,STX,operating_income,314000000.0,USD,OperatingIncomeLoss,ytd_diff,0001137789-26-000159,10-K,2026-08-04,https://data.sec.gov/api/xbrl/companyfacts/CIK0001137789.json,storage (HDD)
2024-06-29,2024-09-27,2025,Q1,2024Q3,STX,operating_income,403000000.0,USD,OperatingIncomeLoss,reported,0001137789-25-000317,10-Q,2025-10-31,https://data.sec.gov/api/xbrl/companyfacts/CIK0001137789.json,storage (HDD)
2024-09-28,2024-12-27,2025,Q2,2024Q4,STX,operating_income,488000000.0,USD,OperatingIncomeLoss,reported,0001137789-26-000026,10-Q,2026-01-30,https://data.sec.gov/api/xbrl/companyfacts/CIK0001137789.json,storage (HDD)
2024-12-28,2025-03-28,2025,Q3,2025Q1,STX,operating_income,431000000.0,USD,OperatingIncomeLoss,reported,0001137789-26-000088,10-Q,2026-04-29,https://data.sec.gov/api/xbrl/companyfacts/CIK0001137789.json,storage (HDD)
2025-03-29,2025-06-27,2025,Q4,2025Q2,STX,operating_income,568000000.0,USD,OperatingIncomeLoss,ytd_diff,0001137789-26-000159,10-K,2026-08-04,https://data.sec.gov/api/xbrl/companyfacts/CIK0001137789.json,storage (HDD)
2025-06-28,2025-10-03,2026,Q1,2025Q3,STX,operating_income,694000000.0,USD,OperatingIncomeLoss,reported,0001137789-25-000317,10-Q,2025-10-31,https://data.sec.gov/api/xbrl/companyfacts/CIK0001137789.json,storage (HDD)
2025-10-04,2026-01-02,2026,Q2,2025Q4,STX,operating_income,843000000.0,USD,OperatingIncomeLoss,reported,0001137789-26-000026,10-Q,2026-01-30,https://data.sec.gov/api/xbrl/companyfacts/CIK0001137789.json,storage (HDD)
2026-01-03,2026-04-03,2026,Q3,2026Q1,STX,operating_income,998000000.0,USD,OperatingIncomeLoss,reported,0001137789-26-000088,10-Q,2026-04-29,https://data.sec.gov/api/xbrl/companyfacts/CIK0001137789.json,storage (HDD)
2026-04-04,2026-07-03,2026,Q4,2026Q2,STX,operating_income,1559000000.0,USD,OperatingIncomeLoss,ytd_diff,0001137789-26-000159,10-K,2026-08-04,https://data.sec.gov/api/xbrl/companyfacts/CIK0001137789.json,storage (HDD)
2013-12-28,2014-03-28,2014,Q3,2014Q1,STX,revenue,3406000000.0,USD,SalesRevenueNet,reported,0001104659-15-032642,10-Q,2015-04-30,https://data.sec.gov/api/xbrl/companyfacts/CIK0001137789.json,storage (HDD)
2014-03-29,2014-06-27,2014,Q4,2014Q2,STX,revenue,3301000000.0,USD,SalesRevenueNet,ytd_diff,0001047469-16-014732,10-K,2016-08-05,https://data.sec.gov/api/xbrl/companyfacts/CIK0001137789.json,storage (HDD)
2014-06-28,2014-10-03,2015,Q1,2014Q3,STX,revenue,3785000000.0,USD,SalesRevenueNet,reported,0001104659-15-074539,10-Q,2015-10-30,https://data.sec.gov/api/xbrl/companyfacts/CIK0001137789.json,storage (HDD)
2014-10-04,2015-01-02,2015,Q2,2014Q4,STX,revenue,3696000000.0,USD,SalesRevenueNet,reported,0001104659-16-092467,10-Q,2016-01-29,https://data.sec.gov/api/xbrl/companyfacts/CIK0001137789.json,storage (HDD)
2015-01-03,2015-04-03,2015,Q3,2015Q1,STX,revenue,3330000000.0,USD,SalesRevenueNet,reported,0001104659-16-116201,10-Q,2016-04-29,https://data.sec.gov/api/xbrl/companyfacts/CIK0001137789.json,storage (HDD)
2015-04-04,2015-07-03,2015,Q4,2015Q2,STX,revenue,2928000000.0,USD,SalesRevenueNet,ytd_diff,0001193125-17-248796,10-K,2017-08-04,https://data.sec.gov/api/xbrl/companyfacts/CIK0001137789.json,storage (HDD)
2015-07-04,2015-10-02,2016,Q1,2015Q3,STX,revenue,2925000000.0,USD,SalesRevenueNet,reported,0001193125-16-751593,10-Q,2016-10-28,https://data.sec.gov/api/xbrl/companyfacts/CIK0001137789.json,storage (HDD)
2015-10-03,2016-01-01,2016,Q2,2015Q4,STX,revenue,2986000000.0,USD,SalesRevenueNet,reported,0001193125-17-019732,10-Q,2017-01-26,https://data.sec.gov/api/xbrl/companyfacts/CIK0001137789.json,storage (HDD)
2016-01-02,2016-04-01,2016,Q3,2016Q1,STX,revenue,2595000000.0,USD,SalesRevenueNet,reported,0001193125-17-148855,10-Q,2017-04-28,https://data.sec.gov/api/xbrl/companyfacts/CIK0001137789.json,storage (HDD)
2016-04-02,2016-07-01,2016,Q4,2016Q2,STX,revenue,2654000000.0,USD,SalesRevenueNet,ytd_diff,0001193125-17-248796,10-K,2017-08-04,https://data.sec.gov/api/xbrl/companyfacts/CIK0001137789.json,storage (HDD)
2016-07-02,2016-09-30,2017,Q1,2016Q3,STX,revenue,2797000000.0,USD,SalesRevenueNet,reported,0001193125-17-323042,10-Q,2017-10-27,https://data.sec.gov/api/xbrl/companyfacts/CIK0001137789.json,storage (HDD)
2016-10-01,2016-12-30,2017,Q2,2016Q4,STX,revenue,2894000000.0,USD,SalesRevenueNet,reported,0001193125-18-023592,10-Q,2018-01-29,https://data.sec.gov/api/xbrl/companyfacts/CIK0001137789.json,storage (HDD)
2016-12-31,2017-03-31,2017,Q3,2017Q1,STX,revenue,2674000000.0,USD,SalesRevenueNet,reported,0001193125-18-146598,10-Q,2018-05-01,https://data.sec.gov/api/xbrl/companyfacts/CIK0001137789.json,storage (HDD)
2017-04-01,2017-06-30,2017,Q4,2017Q2,STX,revenue,2406000000.0,USD,SalesRevenueNet,ytd_diff,0001193125-17-248796,10-K,2017-08-04,https://data.sec.gov/api/xbrl/companyfacts/CIK0001137789.json,storage (HDD)
2017-07-01,2017-09-29,2018,Q1,2017Q3,STX,revenue,2632000000.0,USD,RevenueFromContractWithCustomerExcludingAssessedTax,reported,0001193125-18-317143,10-Q,2018-11-02,https://data.sec.gov/api/xbrl/companyfacts/CIK0001137789.json,storage (HDD)
2017-09-30,2017-12-29,2018,Q2,2017Q4,STX,revenue,2914000000.0,USD,RevenueFromContractWithCustomerExcludingAssessedTax,reported,0001193125-19-027007,10-Q,2019-02-04,https://data.sec.gov/api/xbrl/companyfacts/CIK0001137789.json,storage (HDD)
2017-12-30,2018-03-30,2018,Q3,2018Q1,STX,revenue,2803000000.0,USD,RevenueFromContractWithCustomerExcludingAssessedTax,reported,0001193125-19-129284,10-Q,2019-04-30,https://data.sec.gov/api/xbrl/companyfacts/CIK0001137789.json,storage (HDD)
2018-03-31,2018-06-29,2018,Q4,2018Q2,STX,revenue,2835000000.0,USD,RevenueFromContractWithCustomerExcludingAssessedTax,ytd_diff,0001137789-20-000057,10-K,2020-08-07,https://data.sec.gov/api/xbrl/companyfacts/CIK0001137789.json,storage (HDD)
2018-06-30,2018-09-28,2019,Q1,2018Q3,STX,revenue,2991000000.0,USD,RevenueFromContractWithCustomerExcludingAssessedTax,reported,0001628280-19-013092,10-Q,2019-11-01,https://data.sec.gov/api/xbrl/companyfacts/CIK0001137789.json,storage (HDD)
2018-09-29,2018-12-28,2019,Q2,2018Q4,STX,revenue,2715000000.0,USD,RevenueFromContractWithCustomerExcludingAssessedTax,reported,0001137789-20-000015,10-Q,2020-02-05,https://data.sec.gov/api/xbrl/companyfacts/CIK0001137789.json,storage (HDD)
2018-12-29,2019-03-29,2019,Q3,2019Q1,STX,revenue,2313000000.0,USD,RevenueFromContractWithCustomerExcludingAssessedTax,reported,0001137789-20-000035,10-Q,2020-04-30,https://data.sec.gov/api/xbrl/companyfacts/CIK0001137789.json,storage (HDD)
2019-03-30,2019-06-28,2019,Q4,2019Q2,STX,revenue,2371000000.0,USD,RevenueFromContractWithCustomerExcludingAssessedTax,ytd_diff,0001137789-21-000049,10-K,2021-08-06,https://data.sec.gov/api/xbrl/companyfacts/CIK0001137789.json,storage (HDD)
2019-06-29,2019-10-04,2020,Q1,2019Q3,STX,revenue,2578000000.0,USD,RevenueFromContractWithCustomerExcludingAssessedTax,reported,0001137789-20-000117,10-Q,2020-10-29,https://data.sec.gov/api/xbrl/companyfacts/CIK0001137789.json,storage (HDD)
2019-10-05,2020-01-03,2020,Q2,2019Q4,STX,revenue,2696000000.0,USD,RevenueFromContractWithCustomerExcludingAssessedTax,reported,0001137789-21-000006,10-Q,2021-01-28,https://data.sec.gov/api/xbrl/companyfacts/CIK0001137789.json,storage (HDD)
2020-01-04,2020-04-03,2020,Q3,2020Q1,STX,revenue,2718000000.0,USD,RevenueFromContractWithCustomerExcludingAssessedTax,reported,0001137789-21-000028,10-Q,2021-04-29,https://data.sec.gov/api/xbrl/companyfacts/CIK0001137789.json,storage (HDD)
2020-04-04,2020-07-03,2020,Q4,2020Q2,STX,revenue,2517000000.0,USD,RevenueFromContractWithCustomerExcludingAssessedTax,ytd_diff,0001137789-22-000055,10-K,2022-08-05,https://data.sec.gov/api/xbrl/companyfacts/CIK0001137789.json,storage (HDD)
2020-07-04,2020-10-02,2021,Q1,2020Q3,STX,revenue,2314000000.0,USD,RevenueFromContractWithCustomerExcludingAssessedTax,reported,0001137789-21-000128,10-Q,2021-10-28,https://data.sec.gov/api/xbrl/companyfacts/CIK0001137789.json,storage (HDD)
2020-10-03,2021-01-01,2021,Q2,2020Q4,STX,revenue,2623000000.0,USD,RevenueFromContractWithCustomerExcludingAssessedTax,reported,0001137789-22-000014,10-Q,2022-01-27,https://data.sec.gov/api/xbrl/companyfacts/CIK0001137789.json,storage (HDD)
2021-01-02,2021-04-02,2021,Q3,2021Q1,STX,revenue,2731000000.0,USD,RevenueFromContractWithCustomerExcludingAssessedTax,reported,0001137789-22-000031,10-Q,2022-04-28,https://data.sec.gov/api/xbrl/companyfacts/CIK0001137789.json,storage (HDD)
2021-04-03,2021-07-02,2021,Q4,2021Q2,STX,revenue,3013000000.0,USD,RevenueFromContractWithCustomerExcludingAssessedTax,ytd_diff,0001137789-23-000049,10-K,2023-08-04,https://data.sec.gov/api/xbrl/companyfacts/CIK0001137789.json,storage (HDD)
2021-07-03,2021-10-01,2022,Q1,2021Q3,STX,revenue,3115000000.0,USD,RevenueFromContractWithCustomerExcludingAssessedTax,reported,0001137789-22-000123,10-Q,2022-10-27,https://data.sec.gov/api/xbrl/companyfacts/CIK0001137789.json,storage (HDD)
2021-10-02,2021-12-31,2022,Q2,2021Q4,STX,revenue,3116000000.0,USD,RevenueFromContractWithCustomerExcludingAssessedTax,reported,0001137789-23-000010,10-Q,2023-01-25,https://data.sec.gov/api/xbrl/companyfacts/CIK0001137789.json,storage (HDD)
2022-01-01,2022-04-01,2022,Q3,2022Q1,STX,revenue,2802000000.0,USD,RevenueFromContractWithCustomerExcludingAssessedTax,reported,0001137789-23-000029,10-Q,2023-04-26,https://data.sec.gov/api/xbrl/companyfacts/CIK0001137789.json,storage (HDD)
2022-04-02,2022-07-01,2022,Q4,2022Q2,STX,revenue,2628000000.0,USD,RevenueFromContractWithCustomerExcludingAssessedTax,ytd_diff,0001137789-24-000068,10-K,2024-08-02,https://data.sec.gov/api/xbrl/companyfacts/CIK0001137789.json,storage (HDD)
2022-07-02,2022-09-30,2023,Q1,2022Q3,STX,revenue,2035000000.0,USD,RevenueFromContractWithCustomerExcludingAssessedTax,reported,0001137789-23-000128,10-Q,2023-10-27,https://data.sec.gov/api/xbrl/companyfacts/CIK0001137789.json,storage (HDD)
2022-10-01,2022-12-30,2023,Q2,2022Q4,STX,revenue,1887000000.0,USD,RevenueFromContractWithCustomerExcludingAssessedTax,reported,0001137789-24-000010,10-Q,2024-01-26,https://data.sec.gov/api/xbrl/companyfacts/CIK0001137789.json,storage (HDD)
2022-12-31,2023-03-31,2023,Q3,2023Q1,STX,revenue,1860000000.0,USD,RevenueFromContractWithCustomerExcludingAssessedTax,reported,0001137789-24-000034,10-Q,2024-04-26,https://data.sec.gov/api/xbrl/companyfacts/CIK0001137789.json,storage (HDD)
2023-04-01,2023-06-30,2023,Q4,2023Q2,STX,revenue,1602000000.0,USD,RevenueFromContractWithCustomerExcludingAssessedTax,ytd_diff,0001137789-25-000157,10-K,2025-08-01,https://data.sec.gov/api/xbrl/companyfacts/CIK0001137789.json,storage (HDD)
2023-07-01,2023-09-29,2024,Q1,2023Q3,STX,revenue,1454000000.0,USD,RevenueFromContractWithCustomerExcludingAssessedTax,reported,0001137789-24-000182,10-Q,2024-10-25,https://data.sec.gov/api/xbrl/companyfacts/CIK0001137789.json,storage (HDD)
2023-09-30,2023-12-29,2024,Q2,2023Q4,STX,revenue,1555000000.0,USD,RevenueFromContractWithCustomerExcludingAssessedTax,reported,0001137789-25-000020,10-Q,2025-01-24,https://data.sec.gov/api/xbrl/companyfacts/CIK0001137789.json,storage (HDD)
2023-12-30,2024-03-29,2024,Q3,2024Q1,STX,revenue,1655000000.0,USD,RevenueFromContractWithCustomerExcludingAssessedTax,reported,0001137789-25-000075,10-Q,2025-05-02,https://data.sec.gov/api/xbrl/companyfacts/CIK0001137789.json,storage (HDD)
2024-03-30,2024-06-28,2024,Q4,2024Q2,STX,revenue,1887000000.0,USD,RevenueFromContractWithCustomerExcludingAssessedTax,ytd_diff,0001137789-26-000159,10-K,2026-08-04,https://data.sec.gov/api/xbrl/companyfacts/CIK0001137789.json,storage (HDD)
2024-06-29,2024-09-27,2025,Q1,2024Q3,STX,revenue,2168000000.0,USD,RevenueFromContractWithCustomerExcludingAssessedTax,reported,0001137789-25-000317,10-Q,2025-10-31,https://data.sec.gov/api/xbrl/companyfacts/CIK0001137789.json,storage (HDD)
2024-09-28,2024-12-27,2025,Q2,2024Q4,STX,revenue,2325000000.0,USD,RevenueFromContractWithCustomerExcludingAssessedTax,reported,0001137789-26-000026,10-Q,2026-01-30,https://data.sec.gov/api/xbrl/companyfacts/CIK0001137789.json,storage (HDD)
2024-12-28,2025-03-28,2025,Q3,2025Q1,STX,revenue,2160000000.0,USD,RevenueFromContractWithCustomerExcludingAssessedTax,reported,0001137789-26-000088,10-Q,2026-04-29,https://data.sec.gov/api/xbrl/companyfacts/CIK0001137789.json,storage (HDD)
2025-03-29,2025-06-27,2025,Q4,2025Q2,STX,revenue,2444000000.0,USD,RevenueFromContractWithCustomerExcludingAssessedTax,ytd_diff,0001137789-26-000159,10-K,2026-08-04,https://data.sec.gov/api/xbrl/companyfacts/CIK0001137789.json,storage (HDD)
2025-06-28,2025-10-03,2026,Q1,2025Q3,STX,revenue,2629000000.0,USD,RevenueFromContractWithCustomerExcludingAssessedTax,reported,0001137789-25-000317,10-Q,2025-10-31,https://data.sec.gov/api/xbrl/companyfacts/CIK0001137789.json,storage (HDD)
2025-10-04,2026-01-02,2026,Q2,2025Q4,STX,revenue,2825000000.0,USD,RevenueFromContractWithCustomerExcludingAssessedTax,reported,0001137789-26-000026,10-Q,2026-01-30,https://data.sec.gov/api/xbrl/companyfacts/CIK0001137789.json,storage (HDD)
2026-01-03,2026-04-03,2026,Q3,2026Q1,STX,revenue,3112000000.0,USD,RevenueFromContractWithCustomerExcludingAssessedTax,reported,0001137789-26-000088,10-Q,2026-04-29,https://data.sec.gov/api/xbrl/companyfacts/CIK0001137789.json,storage (HDD)
2026-04-04,2026-07-03,2026,Q4,2026Q2,STX,revenue,3629000000.0,USD,RevenueFromContractWithCustomerExcludingAssessedTax,ytd_diff,0001137789-26-000159,10-K,2026-08-04,https://data.sec.gov/api/xbrl/companyfacts/CIK0001137789.json,storage (HDD)
2013-12-28,2014-03-28,2014,Q3,2014Q1,WDC,capex,161000000.0,USD,PaymentsToAcquirePropertyPlantAndEquipment,ytd_diff,0001628280-15-004065,10-Q,2015-05-12,https://data.sec.gov/api/xbrl/companyfacts/CIK0000106040.json,storage (HDD; NAND until Sandisk spin-off Feb 2025)
2014-03-29,2014-06-27,2014,Q4,2014Q2,WDC,capex,161000000.0,USD,PaymentsToAcquirePropertyPlantAndEquipment,ytd_diff,0000106040-16-000033,10-K,2016-08-29,https://data.sec.gov/api/xbrl/companyfacts/CIK0000106040.json,storage (HDD; NAND until Sandisk spin-off Feb 2025)
2014-06-28,2014-10-03,2015,Q1,2014Q3,WDC,capex,160000000.0,USD,PaymentsToAcquirePropertyPlantAndEquipment,reported,0000106040-15-000014,10-Q,2015-11-10,https://data.sec.gov/api/xbrl/companyfacts/CIK0000106040.json,storage (HDD; NAND until Sandisk spin-off Feb 2025)
2014-10-04,2015-01-02,2015,Q2,2014Q4,WDC,capex,146000000.0,USD,PaymentsToAcquirePropertyPlantAndEquipment,ytd_diff,0000106040-16-000019,10-Q,2016-02-10,https://data.sec.gov/api/xbrl/companyfacts/CIK0000106040.json,storage (HDD; NAND until Sandisk spin-off Feb 2025)
2015-01-03,2015-04-03,2015,Q3,2015Q1,WDC,capex,150000000.0,USD,PaymentsToAcquirePropertyPlantAndEquipment,ytd_diff,0000106040-16-000022,10-Q,2016-05-09,https://data.sec.gov/api/xbrl/companyfacts/CIK0000106040.json,storage (HDD; NAND until Sandisk spin-off Feb 2025)
2015-04-04,2015-07-03,2015,Q4,2015Q2,WDC,capex,156000000.0,USD,PaymentsToAcquirePropertyPlantAndEquipment,ytd_diff,0000106040-17-000027,10-K,2017-08-29,https://data.sec.gov/api/xbrl/companyfacts/CIK0000106040.json,storage (HDD; NAND until Sandisk spin-off Feb 2025)
2015-07-04,2015-10-02,2016,Q1,2015Q3,WDC,capex,151000000.0,USD,PaymentsToAcquirePropertyPlantAndEquipment,reported,0000106040-16-000040,10-Q,2016-11-08,https://data.sec.gov/api/xbrl/companyfacts/CIK0000106040.json,storage (HDD; NAND until Sandisk spin-off Feb 2025)
2015-10-03,2016-01-01,2016,Q2,2015Q4,WDC,capex,149000000.0,USD,PaymentsToAcquirePropertyPlantAndEquipment,ytd_diff,0000106040-17-000007,10-Q,2017-02-07,https://data.sec.gov/api/xbrl/companyfacts/CIK0000106040.json,storage (HDD; NAND until Sandisk spin-off Feb 2025)
2016-01-02,2016-04-01,2016,Q3,2016Q1,WDC,capex,133000000.0,USD,PaymentsToAcquirePropertyPlantAndEquipment,ytd_diff,0000106040-17-000013,10-Q,2017-05-08,https://data.sec.gov/api/xbrl/companyfacts/CIK0000106040.json,storage (HDD; NAND until Sandisk spin-off Feb 2025)
2016-04-02,2016-07-01,2016,Q4,2016Q2,WDC,capex,151000000.0,USD,PaymentsToAcquirePropertyPlantAndEquipment,ytd_diff,0000106040-18-000029,10-K,2018-08-24,https://data.sec.gov/api/xbrl/companyfacts/CIK0000106040.json,storage (HDD; NAND until Sandisk spin-off Feb 2025)
2016-07-02,2016-09-30,2017,Q1,2016Q3,WDC,capex,184000000.0,USD,PaymentsToAcquirePropertyPlantAndEquipment,reported,0000106040-17-000036,10-Q,2017-11-07,https://data.sec.gov/api/xbrl/companyfacts/CIK0000106040.json,storage (HDD; NAND until Sandisk spin-off Feb 2025)
2016-10-01,2016-12-30,2017,Q2,2016Q4,WDC,capex,146000000.0,USD,PaymentsToAcquirePropertyPlantAndEquipment,ytd_diff,0000106040-17-000007,10-Q,2017-02-07,https://data.sec.gov/api/xbrl/companyfacts/CIK0000106040.json,storage (HDD; NAND until Sandisk spin-off Feb 2025)
2016-12-31,2017-03-31,2017,Q3,2017Q1,WDC,capex,123000000.0,USD,PaymentsToAcquirePropertyPlantAndEquipment,ytd_diff,0000106040-17-000013,10-Q,2017-05-08,https://data.sec.gov/api/xbrl/companyfacts/CIK0000106040.json,storage (HDD; NAND until Sandisk spin-off Feb 2025)
2017-04-01,2017-06-30,2017,Q4,2017Q2,WDC,capex,125000000.0,USD,PaymentsToAcquirePropertyPlantAndEquipment,ytd_diff,0000106040-18-000029,10-K,2018-08-24,https://data.sec.gov/api/xbrl/companyfacts/CIK0000106040.json,storage (HDD; NAND until Sandisk spin-off Feb 2025)
2017-07-01,2017-09-29,2018,Q1,2017Q3,WDC,capex,160000000.0,USD,PaymentsToAcquirePropertyPlantAndEquipment,reported,0000106040-18-000034,10-Q,2018-11-06,https://data.sec.gov/api/xbrl/companyfacts/CIK0000106040.json,storage (HDD; NAND until Sandisk spin-off Feb 2025)
2017-09-30,2017-12-29,2018,Q2,2017Q4,WDC,capex,256000000.0,USD,PaymentsToAcquirePropertyPlantAndEquipment,ytd_diff,0000106040-19-000009,10-Q,2019-02-05,https://data.sec.gov/api/xbrl/companyfacts/CIK0000106040.json,storage (HDD; NAND until Sandisk spin-off Feb 2025)
2017-12-30,2018-03-30,2018,Q3,2018Q1,WDC,capex,227000000.0,USD,PaymentsToAcquirePropertyPlantAndEquipment,ytd_diff,0000106040-19-000028,10-Q,2019-05-07,https://data.sec.gov/api/xbrl/companyfacts/CIK0000106040.json,storage (HDD; NAND until Sandisk spin-off Feb 2025)
2018-03-31,2018-06-29,2018,Q4,2018Q2,WDC,capex,192000000.0,USD,PaymentsToAcquirePropertyPlantAndEquipment,ytd_diff,0000106040-20-000049,10-K,2020-08-28,https://data.sec.gov/api/xbrl/companyfacts/CIK0000106040.json,storage (HDD; NAND until Sandisk spin-off Feb 2025)
2018-06-30,2018-09-28,2019,Q1,2018Q3,WDC,capex,277000000.0,USD,PaymentsToAcquirePropertyPlantAndEquipment,reported,0000106040-19-000075,10-Q,2019-11-12,https://data.sec.gov/api/xbrl/companyfacts/CIK0000106040.json,storage (HDD; NAND until Sandisk spin-off Feb 2025)
2018-09-29,2018-12-28,2019,Q2,2018Q4,WDC,capex,223000000.0,USD,PaymentsToAcquirePropertyPlantAndEquipment,ytd_diff,0000106040-20-000011,10-Q,2020-02-11,https://data.sec.gov/api/xbrl/companyfacts/CIK0000106040.json,storage (HDD; NAND until Sandisk spin-off Feb 2025)
2018-12-29,2019-03-29,2019,Q3,2019Q1,WDC,capex,222000000.0,USD,PaymentsToAcquirePropertyPlantAndEquipment,ytd_diff,0000106040-20-000024,10-Q,2020-05-08,https://data.sec.gov/api/xbrl/companyfacts/CIK0000106040.json,storage (HDD; NAND until Sandisk spin-off Feb 2025)
2019-03-30,2019-06-28,2019,Q4,2019Q2,WDC,capex,154000000.0,USD,PaymentsToAcquirePropertyPlantAndEquipment,ytd_diff,0000106040-21-000040,10-K,2021-08-27,https://data.sec.gov/api/xbrl/companyfacts/CIK0000106040.json,storage (HDD; NAND until Sandisk spin-off Feb 2025)
2019-06-29,2019-10-04,2020,Q1,2019Q3,WDC,capex,145000000.0,USD,PaymentsToAcquirePropertyPlantAndEquipment,reported,0000106040-20-000061,10-Q,2020-11-06,https://data.sec.gov/api/xbrl/companyfacts/CIK0000106040.json,storage (HDD; NAND until Sandisk spin-off Feb 2025)
2019-10-05,2020-01-03,2020,Q2,2019Q4,WDC,capex,160000000.0,USD,PaymentsToAcquirePropertyPlantAndEquipment,ytd_diff,0000106040-21-000011,10-Q,2021-02-09,https://data.sec.gov/api/xbrl/companyfacts/CIK0000106040.json,storage (HDD; NAND until Sandisk spin-off Feb 2025)
2020-01-04,2020-04-03,2020,Q3,2020Q1,WDC,capex,127000000.0,USD,PaymentsToAcquirePropertyPlantAndEquipment,ytd_diff,0000106040-21-000024,10-Q,2021-05-06,https://data.sec.gov/api/xbrl/companyfacts/CIK0000106040.json,storage (HDD; NAND until Sandisk spin-off Feb 2025)
2020-04-04,2020-07-03,2020,Q4,2020Q2,WDC,capex,215000000.0,USD,PaymentsToAcquirePropertyPlantAndEquipment,ytd_diff,0000106040-22-000055,10-K,2022-08-25,https://data.sec.gov/api/xbrl/companyfacts/CIK0000106040.json,storage (HDD; NAND until Sandisk spin-off Feb 2025)
2020-07-04,2020-10-02,2021,Q1,2020Q3,WDC,capex,337000000.0,USD,PaymentsToAcquirePropertyPlantAndEquipment,reported,0000106040-21-000053,10-Q,2021-11-04,https://data.sec.gov/api/xbrl/companyfacts/CIK0000106040.json,storage (HDD; NAND until Sandisk spin-off Feb 2025)
2020-10-03,2021-01-01,2021,Q2,2020Q4,WDC,capex,239000000.0,USD,PaymentsToAcquirePropertyPlantAndEquipment,ytd_diff,0000106040-22-000018,10-Q,2022-02-03,https://data.sec.gov/api/xbrl/companyfacts/CIK0000106040.json,storage (HDD; NAND until Sandisk spin-off Feb 2025)
2021-01-02,2021-04-02,2021,Q3,2021Q1,WDC,capex,244000000.0,USD,PaymentsToAcquirePropertyPlantAndEquipment,ytd_diff,0000106040-22-000040,10-Q,2022-05-04,https://data.sec.gov/api/xbrl/companyfacts/CIK0000106040.json,storage (HDD; NAND until Sandisk spin-off Feb 2025)
2021-04-03,2021-07-02,2021,Q4,2021Q2,WDC,capex,326000000.0,USD,PaymentsToAcquirePropertyPlantAndEquipment,ytd_diff,0000106040-23-000024,10-K,2023-08-22,https://data.sec.gov/api/xbrl/companyfacts/CIK0000106040.json,storage (HDD; NAND until Sandisk spin-off Feb 2025)
2021-07-03,2021-10-01,2022,Q1,2021Q3,WDC,capex,245000000.0,USD,PaymentsToAcquirePropertyPlantAndEquipment,reported,0000106040-22-000065,10-Q,2022-11-02,https://data.sec.gov/api/xbrl/companyfacts/CIK0000106040.json,storage (HDD; NAND until Sandisk spin-off Feb 2025)
2021-10-02,2021-12-31,2022,Q2,2021Q4,WDC,capex,306000000.0,USD,PaymentsToAcquirePropertyPlantAndEquipment,ytd_diff,0000106040-23-000010,10-Q,2023-02-03,https://data.sec.gov/api/xbrl/companyfacts/CIK0000106040.json,storage (HDD; NAND until Sandisk spin-off Feb 2025)
2022-01-01,2022-04-01,2022,Q3,2022Q1,WDC,capex,291000000.0,USD,PaymentsToAcquirePropertyPlantAndEquipment,ytd_diff,0000106040-23-000017,10-Q,2023-05-10,https://data.sec.gov/api/xbrl/companyfacts/CIK0000106040.json,storage (HDD; NAND until Sandisk spin-off Feb 2025)
2022-04-02,2022-07-01,2022,Q4,2022Q2,WDC,capex,280000000.0,USD,PaymentsToAcquirePropertyPlantAndEquipment,ytd_diff,0000106040-24-000031,10-K,2024-08-20,https://data.sec.gov/api/xbrl/companyfacts/CIK0000106040.json,storage (HDD; NAND until Sandisk spin-off Feb 2025)
2022-07-02,2022-09-30,2023,Q1,2022Q3,WDC,capex,320000000.0,USD,PaymentsToAcquirePropertyPlantAndEquipment,reported,0000106040-23-000034,10-Q,2023-11-07,https://data.sec.gov/api/xbrl/companyfacts/CIK0000106040.json,storage (HDD; NAND until Sandisk spin-off Feb 2025)
2022-10-01,2022-12-30,2023,Q2,2022Q4,WDC,capex,258000000.0,USD,PaymentsToAcquirePropertyPlantAndEquipment,ytd_diff,0000106040-24-000014,10-Q,2024-02-12,https://data.sec.gov/api/xbrl/companyfacts/CIK0000106040.json,storage (HDD; NAND until Sandisk spin-off Feb 2025)
2022-12-31,2023-03-31,2023,Q3,2023Q1,WDC,capex,124000000.0,USD,PaymentsToAcquirePropertyPlantAndEquipment,ytd_diff,0000106040-24-000022,10-Q,2024-04-30,https://data.sec.gov/api/xbrl/companyfacts/CIK0000106040.json,storage (HDD; NAND until Sandisk spin-off Feb 2025)
2023-04-01,2023-06-30,2023,Q4,2023Q2,WDC,capex,119000000.0,USD,PaymentsToAcquirePropertyPlantAndEquipment,ytd_diff,0000106040-25-000038,10-K,2025-08-14,https://data.sec.gov/api/xbrl/companyfacts/CIK0000106040.json,storage (HDD; NAND until Sandisk spin-off Feb 2025)
2023-07-01,2023-09-29,2024,Q1,2023Q3,WDC,capex,124000000.0,USD,PaymentsToAcquirePropertyPlantAndEquipment,reported,0000106040-24-000040,10-Q,2024-10-31,https://data.sec.gov/api/xbrl/companyfacts/CIK0000106040.json,storage (HDD; NAND until Sandisk spin-off Feb 2025)
2023-09-30,2023-12-29,2024,Q2,2023Q4,WDC,capex,150000000.0,USD,PaymentsToAcquirePropertyPlantAndEquipment,ytd_diff,0000106040-25-000008,10-Q,2025-01-31,https://data.sec.gov/api/xbrl/companyfacts/CIK0000106040.json,storage (HDD; NAND until Sandisk spin-off Feb 2025)
2023-12-30,2024-03-29,2024,Q3,2024Q1,WDC,capex,97000000.0,USD,PaymentsToAcquirePropertyPlantAndEquipment,ytd_diff,0000106040-25-000026,10-Q,2025-05-02,https://data.sec.gov/api/xbrl/companyfacts/CIK0000106040.json,storage (HDD; NAND until Sandisk spin-off Feb 2025)
2024-03-30,2024-06-28,2024,Q4,2024Q2,WDC,capex,116000000.0,USD,PaymentsToAcquirePropertyPlantAndEquipment,ytd_diff,0001628280-26-057139,10-K,2026-08-14,https://data.sec.gov/api/xbrl/companyfacts/CIK0000106040.json,storage (HDD; NAND until Sandisk spin-off Feb 2025)
2024-06-29,2024-09-27,2025,Q1,2024Q3,WDC,capex,96000000.0,USD,PaymentsToAcquirePropertyPlantAndEquipment,reported,0001628280-25-047613,10-Q,2025-10-31,https://data.sec.gov/api/xbrl/companyfacts/CIK0000106040.json,storage (HDD; NAND until Sandisk spin-off Feb 2025)
2024-09-28,2024-12-27,2025,Q2,2024Q4,WDC,capex,116000000.0,USD,PaymentsToAcquirePropertyPlantAndEquipment,ytd_diff,0001628280-26-004207,10-Q,2026-01-30,https://data.sec.gov/api/xbrl/companyfacts/CIK0000106040.json,storage (HDD; NAND until Sandisk spin-off Feb 2025)
2024-12-28,2025-03-28,2025,Q3,2025Q1,WDC,capex,129000000.0,USD,PaymentsToAcquirePropertyPlantAndEquipment,ytd_diff,0001628280-26-029054,10-Q,2026-05-01,https://data.sec.gov/api/xbrl/companyfacts/CIK0000106040.json,storage (HDD; NAND until Sandisk spin-off Feb 2025)
2025-03-29,2025-06-27,2025,Q4,2025Q2,WDC,capex,71000000.0,USD,PaymentsToAcquirePropertyPlantAndEquipment,ytd_diff,0001628280-26-057139,10-K,2026-08-14,https://data.sec.gov/api/xbrl/companyfacts/CIK0000106040.json,storage (HDD; NAND until Sandisk spin-off Feb 2025)
2025-06-28,2025-10-03,2026,Q1,2025Q3,WDC,capex,73000000.0,USD,PaymentsToAcquirePropertyPlantAndEquipment,reported,0001628280-25-047613,10-Q,2025-10-31,https://data.sec.gov/api/xbrl/companyfacts/CIK0000106040.json,storage (HDD; NAND until Sandisk spin-off Feb 2025)
2025-10-04,2026-01-02,2026,Q2,2025Q4,WDC,capex,92000000.0,USD,PaymentsToAcquirePropertyPlantAndEquipment,ytd_diff,0001628280-26-004207,10-Q,2026-01-30,https://data.sec.gov/api/xbrl/companyfacts/CIK0000106040.json,storage (HDD; NAND until Sandisk spin-off Feb 2025)
2026-01-03,2026-04-03,2026,Q3,2026Q1,WDC,capex,145000000.0,USD,PaymentsToAcquirePropertyPlantAndEquipment,ytd_diff,0001628280-26-029054,10-Q,2026-05-01,https://data.sec.gov/api/xbrl/companyfacts/CIK0000106040.json,storage (HDD; NAND until Sandisk spin-off Feb 2025)
2026-04-04,2026-07-03,2026,Q4,2026Q2,WDC,capex,108000000.0,USD,PaymentsToAcquirePropertyPlantAndEquipment,ytd_diff,0001628280-26-057139,10-K,2026-08-14,https://data.sec.gov/api/xbrl/companyfacts/CIK0000106040.json,storage (HDD; NAND until Sandisk spin-off Feb 2025)
2013-12-28,2014-03-28,2014,Q3,2014Q1,WDC,cost_of_revenue,2627000000.0,USD,CostOfGoodsSold,reported,0001628280-15-004065,10-Q,2015-05-12,https://data.sec.gov/api/xbrl/companyfacts/CIK0000106040.json,storage (HDD; NAND until Sandisk spin-off Feb 2025)
2014-03-29,2014-06-27,2014,Q4,2014Q2,WDC,cost_of_revenue,2622000000.0,USD,CostOfGoodsSold,ytd_diff,0000106040-16-000033,10-K,2016-08-29,https://data.sec.gov/api/xbrl/companyfacts/CIK0000106040.json,storage (HDD; NAND until Sandisk spin-off Feb 2025)
2014-06-28,2014-10-03,2015,Q1,2014Q3,WDC,cost_of_revenue,2794000000.0,USD,CostOfGoodsSold,reported,0000106040-15-000014,10-Q,2015-11-10,https://data.sec.gov/api/xbrl/companyfacts/CIK0000106040.json,storage (HDD; NAND until Sandisk spin-off Feb 2025)
2014-10-04,2015-01-02,2015,Q2,2014Q4,WDC,cost_of_revenue,2778000000.0,USD,CostOfGoodsSold,reported,0000106040-16-000019,10-Q,2016-02-10,https://data.sec.gov/api/xbrl/companyfacts/CIK0000106040.json,storage (HDD; NAND until Sandisk spin-off Feb 2025)
2015-01-03,2015-04-03,2015,Q3,2015Q1,WDC,cost_of_revenue,2518000000.0,USD,CostOfGoodsSold,reported,0000106040-16-000022,10-Q,2016-05-09,https://data.sec.gov/api/xbrl/companyfacts/CIK0000106040.json,storage (HDD; NAND until Sandisk spin-off Feb 2025)
2015-04-04,2015-07-03,2015,Q4,2015Q2,WDC,cost_of_revenue,2261000000.0,USD,CostOfGoodsSold,ytd_diff,0000106040-17-000027,10-K,2017-08-29,https://data.sec.gov/api/xbrl/companyfacts/CIK0000106040.json,storage (HDD; NAND until Sandisk spin-off Feb 2025)
2015-07-04,2015-10-02,2016,Q1,2015Q3,WDC,cost_of_revenue,2405000000.0,USD,CostOfGoodsSold,reported,0000106040-16-000040,10-Q,2016-11-08,https://data.sec.gov/api/xbrl/companyfacts/CIK0000106040.json,storage (HDD; NAND until Sandisk spin-off Feb 2025)
2015-10-03,2016-01-01,2016,Q2,2015Q4,WDC,cost_of_revenue,2411000000.0,USD,CostOfGoodsSold,reported,0000106040-17-000007,10-Q,2017-02-07,https://data.sec.gov/api/xbrl/companyfacts/CIK0000106040.json,storage (HDD; NAND until Sandisk spin-off Feb 2025)
2016-01-02,2016-04-01,2016,Q3,2016Q1,WDC,cost_of_revenue,2069000000.0,USD,CostOfGoodsSold,reported,0000106040-17-000013,10-Q,2017-05-08,https://data.sec.gov/api/xbrl/companyfacts/CIK0000106040.json,storage (HDD; NAND until Sandisk spin-off Feb 2025)
2016-04-02,2016-07-01,2016,Q4,2016Q2,WDC,cost_of_revenue,2674000000.0,USD,CostOfGoodsSold,ytd_diff,0000106040-18-000029,10-K,2018-08-24,https://data.sec.gov/api/xbrl/companyfacts/CIK0000106040.json,storage (HDD; NAND until Sandisk spin-off Feb 2025)
2016-07-02,2016-09-30,2017,Q1,2016Q3,WDC,cost_of_revenue,3379000000.0,USD,CostOfGoodsSold,reported,0000106040-17-000036,10-Q,2017-11-07,https://data.sec.gov/api/xbrl/companyfacts/CIK0000106040.json,storage (HDD; NAND until Sandisk spin-off Feb 2025)
2016-10-01,2016-12-30,2017,Q2,2016Q4,WDC,cost_of_revenue,3355000000.0,USD,CostOfGoodsSold,reported,0000106040-18-000010,10-Q,2018-02-06,https://data.sec.gov/api/xbrl/companyfacts/CIK0000106040.json,storage (HDD; NAND until Sandisk spin-off Feb 2025)
2016-12-31,2017-03-31,2017,Q3,2017Q1,WDC,cost_of_revenue,3126000000.0,USD,CostOfGoodsSold,reported,0000106040-18-000016,10-Q,2018-05-08,https://data.sec.gov/api/xbrl/companyfacts/CIK0000106040.json,storage (HDD; NAND until Sandisk spin-off Feb 2025)
2017-04-01,2017-06-30,2017,Q4,2017Q2,WDC,cost_of_revenue,3161000000.0,USD,CostOfGoodsSold,ytd_diff,0000106040-18-000029,10-K,2018-08-24,https://data.sec.gov/api/xbrl/companyfacts/CIK0000106040.json,storage (HDD; NAND until Sandisk spin-off Feb 2025)
2017-07-01,2017-09-29,2018,Q1,2017Q3,WDC,cost_of_revenue,3268000000.0,USD,CostOfGoodsSold,reported,0000106040-18-000034,10-Q,2018-11-06,https://data.sec.gov/api/xbrl/companyfacts/CIK0000106040.json,storage (HDD; NAND until Sandisk spin-off Feb 2025)
2017-09-30,2017-12-29,2018,Q2,2017Q4,WDC,cost_of_revenue,3323000000.0,USD,CostOfGoodsAndServicesSold,reported,0000106040-19-000009,10-Q,2019-02-05,https://data.sec.gov/api/xbrl/companyfacts/CIK0000106040.json,storage (HDD; NAND until Sandisk spin-off Feb 2025)
2017-12-30,2018-03-30,2018,Q3,2018Q1,WDC,cost_of_revenue,3086000000.0,USD,CostOfGoodsAndServicesSold,reported,0000106040-19-000028,10-Q,2019-05-07,https://data.sec.gov/api/xbrl/companyfacts/CIK0000106040.json,storage (HDD; NAND until Sandisk spin-off Feb 2025)
2018-03-31,2018-06-29,2018,Q4,2018Q2,WDC,cost_of_revenue,3265000000.0,USD,CostOfGoodsAndServicesSold,ytd_diff,0000106040-20-000049,10-K,2020-08-28,https://data.sec.gov/api/xbrl/companyfacts/CIK0000106040.json,storage (HDD; NAND until Sandisk spin-off Feb 2025)
2018-06-30,2018-09-28,2019,Q1,2018Q3,WDC,cost_of_revenue,3364000000.0,USD,CostOfGoodsAndServicesSold,reported,0000106040-19-000075,10-Q,2019-11-12,https://data.sec.gov/api/xbrl/companyfacts/CIK0000106040.json,storage (HDD; NAND until Sandisk spin-off Feb 2025)
2018-09-29,2018-12-28,2019,Q2,2018Q4,WDC,cost_of_revenue,3189000000.0,USD,CostOfGoodsAndServicesSold,reported,0000106040-20-000011,10-Q,2020-02-11,https://data.sec.gov/api/xbrl/companyfacts/CIK0000106040.json,storage (HDD; NAND until Sandisk spin-off Feb 2025)
2018-12-29,2019-03-29,2019,Q3,2019Q1,WDC,cost_of_revenue,3095000000.0,USD,CostOfGoodsAndServicesSold,reported,0000106040-20-000024,10-Q,2020-05-08,https://data.sec.gov/api/xbrl/companyfacts/CIK0000106040.json,storage (HDD; NAND until Sandisk spin-off Feb 2025)
2019-03-30,2019-06-28,2019,Q4,2019Q2,WDC,cost_of_revenue,3169000000.0,USD,CostOfGoodsAndServicesSold,ytd_diff,0000106040-21-000040,10-K,2021-08-27,https://data.sec.gov/api/xbrl/companyfacts/CIK0000106040.json,storage (HDD; NAND until Sandisk spin-off Feb 2025)
2019-06-29,2019-10-04,2020,Q1,2019Q3,WDC,cost_of_revenue,3282000000.0,USD,CostOfGoodsAndServicesSold,reported,0000106040-20-000061,10-Q,2020-11-06,https://data.sec.gov/api/xbrl/companyfacts/CIK0000106040.json,storage (HDD; NAND until Sandisk spin-off Feb 2025)
2019-10-05,2020-01-03,2020,Q2,2019Q4,WDC,cost_of_revenue,3299000000.0,USD,CostOfGoodsAndServicesSold,reported,0000106040-21-000011,10-Q,2021-02-09,https://data.sec.gov/api/xbrl/companyfacts/CIK0000106040.json,storage (HDD; NAND until Sandisk spin-off Feb 2025)
2020-01-04,2020-04-03,2020,Q3,2020Q1,WDC,cost_of_revenue,3170000000.0,USD,CostOfGoodsAndServicesSold,reported,0000106040-21-000024,10-Q,2021-05-06,https://data.sec.gov/api/xbrl/companyfacts/CIK0000106040.json,storage (HDD; NAND until Sandisk spin-off Feb 2025)
2020-04-04,2020-07-03,2020,Q4,2020Q2,WDC,cost_of_revenue,3204000000.0,USD,CostOfGoodsAndServicesSold,ytd_diff,0000106040-22-000055,10-K,2022-08-25,https://data.sec.gov/api/xbrl/companyfacts/CIK0000106040.json,storage (HDD; NAND until Sandisk spin-off Feb 2025)
2020-07-04,2020-10-02,2021,Q1,2020Q3,WDC,cost_of_revenue,3018000000.0,USD,CostOfGoodsAndServicesSold,reported,0000106040-21-000053,10-Q,2021-11-04,https://data.sec.gov/api/xbrl/companyfacts/CIK0000106040.json,storage (HDD; NAND until Sandisk spin-off Feb 2025)
2020-10-03,2021-01-01,2021,Q2,2020Q4,WDC,cost_of_revenue,2983000000.0,USD,CostOfGoodsAndServicesSold,reported,0000106040-22-000018,10-Q,2022-02-03,https://data.sec.gov/api/xbrl/companyfacts/CIK0000106040.json,storage (HDD; NAND until Sandisk spin-off Feb 2025)
2021-01-02,2021-04-02,2021,Q3,2021Q1,WDC,cost_of_revenue,3046000000.0,USD,CostOfGoodsAndServicesSold,reported,0000106040-22-000040,10-Q,2022-05-04,https://data.sec.gov/api/xbrl/companyfacts/CIK0000106040.json,storage (HDD; NAND until Sandisk spin-off Feb 2025)
2021-04-03,2021-07-02,2021,Q4,2021Q2,WDC,cost_of_revenue,3354000000.0,USD,CostOfGoodsAndServicesSold,ytd_diff,0000106040-23-000024,10-K,2023-08-22,https://data.sec.gov/api/xbrl/companyfacts/CIK0000106040.json,storage (HDD; NAND until Sandisk spin-off Feb 2025)
2021-07-03,2021-10-01,2022,Q1,2021Q3,WDC,cost_of_revenue,3386000000.0,USD,CostOfGoodsAndServicesSold,reported,0000106040-22-000065,10-Q,2022-11-02,https://data.sec.gov/api/xbrl/companyfacts/CIK0000106040.json,storage (HDD; NAND until Sandisk spin-off Feb 2025)
2021-10-02,2021-12-31,2022,Q2,2021Q4,WDC,cost_of_revenue,3250000000.0,USD,CostOfGoodsAndServicesSold,reported,0000106040-23-000010,10-Q,2023-02-03,https://data.sec.gov/api/xbrl/companyfacts/CIK0000106040.json,storage (HDD; NAND until Sandisk spin-off Feb 2025)
2022-01-01,2022-04-01,2022,Q3,2022Q1,WDC,cost_of_revenue,3200000000.0,USD,CostOfGoodsAndServicesSold,reported,0000106040-23-000017,10-Q,2023-05-10,https://data.sec.gov/api/xbrl/companyfacts/CIK0000106040.json,storage (HDD; NAND until Sandisk spin-off Feb 2025)
2022-04-02,2022-07-01,2022,Q4,2022Q2,WDC,cost_of_revenue,3083000000.0,USD,CostOfGoodsAndServicesSold,ytd_diff,0000106040-24-000031,10-K,2024-08-20,https://data.sec.gov/api/xbrl/companyfacts/CIK0000106040.json,storage (HDD; NAND until Sandisk spin-off Feb 2025)
2022-07-02,2022-09-30,2023,Q1,2022Q3,WDC,cost_of_revenue,2755000000.0,USD,CostOfGoodsAndServicesSold,reported,0000106040-23-000034,10-Q,2023-11-07,https://data.sec.gov/api/xbrl/companyfacts/CIK0000106040.json,storage (HDD; NAND until Sandisk spin-off Feb 2025)
2022-10-01,2022-12-30,2023,Q2,2022Q4,WDC,cost_of_revenue,2579000000.0,USD,CostOfGoodsAndServicesSold,reported,0000106040-24-000014,10-Q,2024-02-12,https://data.sec.gov/api/xbrl/companyfacts/CIK0000106040.json,storage (HDD; NAND until Sandisk spin-off Feb 2025)
2022-12-31,2023-03-31,2023,Q3,2023Q1,WDC,cost_of_revenue,2517000000.0,USD,CostOfGoodsAndServicesSold,reported,0000106040-24-000022,10-Q,2024-04-30,https://data.sec.gov/api/xbrl/companyfacts/CIK0000106040.json,storage (HDD; NAND until Sandisk spin-off Feb 2025)
2023-04-01,2023-06-30,2023,Q4,2023Q2,WDC,cost_of_revenue,-2987000000.0,USD,CostOfGoodsAndServicesSold,ytd_diff,0000106040-25-000038,10-K,2025-08-14,https://data.sec.gov/api/xbrl/companyfacts/CIK0000106040.json,storage (HDD; NAND until Sandisk spin-off Feb 2025)
2023-07-01,2023-09-29,2024,Q1,2023Q3,WDC,cost_of_revenue,2651000000.0,USD,CostOfGoodsAndServicesSold,reported,0000106040-24-000040,10-Q,2024-10-31,https://data.sec.gov/api/xbrl/companyfacts/CIK0000106040.json,storage (HDD; NAND until Sandisk spin-off Feb 2025)
2023-09-30,2023-12-29,2024,Q2,2023Q4,WDC,cost_of_revenue,2540000000.0,USD,CostOfGoodsAndServicesSold,reported,0000106040-25-000008,10-Q,2025-01-31,https://data.sec.gov/api/xbrl/companyfacts/CIK0000106040.json,storage (HDD; NAND until Sandisk spin-off Feb 2025)
2023-12-30,2024-03-29,2024,Q3,2024Q1,WDC,cost_of_revenue,1233000000.0,USD,CostOfGoodsAndServicesSold,reported,0000106040-25-000026,10-Q,2025-05-02,https://data.sec.gov/api/xbrl/companyfacts/CIK0000106040.json,storage (HDD; NAND until Sandisk spin-off Feb 2025)
2024-03-30,2024-06-28,2024,Q4,2024Q2,WDC,cost_of_revenue,1307000000.0,USD,CostOfGoodsAndServicesSold,ytd_diff,0001628280-26-057139,10-K,2026-08-14,https://data.sec.gov/api/xbrl/companyfacts/CIK0000106040.json,storage (HDD; NAND until Sandisk spin-off Feb 2025)
2024-06-29,2024-09-27,2025,Q1,2024Q3,WDC,cost_of_revenue,1406000000.0,USD,CostOfGoodsAndServicesSold,reported,0001628280-25-047613,10-Q,2025-10-31,https://data.sec.gov/api/xbrl/companyfacts/CIK0000106040.json,storage (HDD; NAND until Sandisk spin-off Feb 2025)
2024-09-28,2024-12-27,2025,Q2,2024Q4,WDC,cost_of_revenue,1502000000.0,USD,CostOfGoodsAndServicesSold,reported,0001628280-26-004207,10-Q,2026-01-30,https://data.sec.gov/api/xbrl/companyfacts/CIK0000106040.json,storage (HDD; NAND until Sandisk spin-off Feb 2025)
2024-12-28,2025-03-28,2025,Q3,2025Q1,WDC,cost_of_revenue,1382000000.0,USD,CostOfGoodsAndServicesSold,reported,0001628280-26-029054,10-Q,2026-05-01,https://data.sec.gov/api/xbrl/companyfacts/CIK0000106040.json,storage (HDD; NAND until Sandisk spin-off Feb 2025)
2025-03-29,2025-06-27,2025,Q4,2025Q2,WDC,cost_of_revenue,1538000000.0,USD,CostOfGoodsAndServicesSold,ytd_diff,0001628280-26-057139,10-K,2026-08-14,https://data.sec.gov/api/xbrl/companyfacts/CIK0000106040.json,storage (HDD; NAND until Sandisk spin-off Feb 2025)
2025-06-28,2025-10-03,2026,Q1,2025Q3,WDC,cost_of_revenue,1591000000.0,USD,CostOfGoodsAndServicesSold,reported,0001628280-25-047613,10-Q,2025-10-31,https://data.sec.gov/api/xbrl/companyfacts/CIK0000106040.json,storage (HDD; NAND until Sandisk spin-off Feb 2025)
2025-10-04,2026-01-02,2026,Q2,2025Q4,WDC,cost_of_revenue,1637000000.0,USD,CostOfGoodsAndServicesSold,reported,0001628280-26-004207,10-Q,2026-01-30,https://data.sec.gov/api/xbrl/companyfacts/CIK0000106040.json,storage (HDD; NAND until Sandisk spin-off Feb 2025)
2026-01-03,2026-04-03,2026,Q3,2026Q1,WDC,cost_of_revenue,1661000000.0,USD,CostOfGoodsAndServicesSold,reported,0001628280-26-029054,10-Q,2026-05-01,https://data.sec.gov/api/xbrl/companyfacts/CIK0000106040.json,storage (HDD; NAND until Sandisk spin-off Feb 2025)
2026-04-04,2026-07-03,2026,Q4,2026Q2,WDC,cost_of_revenue,1719000000.0,USD,CostOfGoodsAndServicesSold,ytd_diff,0001628280-26-057139,10-K,2026-08-14,https://data.sec.gov/api/xbrl/companyfacts/CIK0000106040.json,storage (HDD; NAND until Sandisk spin-off Feb 2025)
2013-12-28,2014-03-28,2014,Q3,2014Q1,WDC,gross_margin_pct,29.06,pct,,gross_profit/revenue,,,,derived from rows above,storage (HDD; NAND until Sandisk spin-off Feb 2025)
2014-03-29,2014-06-27,2014,Q4,2014Q2,WDC,gross_margin_pct,28.18,pct,,gross_profit/revenue,,,,derived from rows above,storage (HDD; NAND until Sandisk spin-off Feb 2025)
2014-06-28,2014-10-03,2015,Q1,2014Q3,WDC,gross_margin_pct,29.14,pct,,gross_profit/revenue,,,,derived from rows above,storage (HDD; NAND until Sandisk spin-off Feb 2025)
2014-10-04,2015-01-02,2015,Q2,2014Q4,WDC,gross_margin_pct,28.55,pct,,gross_profit/revenue,,,,derived from rows above,storage (HDD; NAND until Sandisk spin-off Feb 2025)
2015-01-03,2015-04-03,2015,Q3,2015Q1,WDC,gross_margin_pct,29.07,pct,,gross_profit/revenue,,,,derived from rows above,storage (HDD; NAND until Sandisk spin-off Feb 2025)
2015-04-04,2015-07-03,2015,Q4,2015Q2,WDC,gross_margin_pct,29.14,pct,,gross_profit/revenue,,,,derived from rows above,storage (HDD; NAND until Sandisk spin-off Feb 2025)
2015-07-04,2015-10-02,2016,Q1,2015Q3,WDC,gross_margin_pct,28.42,pct,,gross_profit/revenue,,,,derived from rows above,storage (HDD; NAND until Sandisk spin-off Feb 2025)
2015-10-03,2016-01-01,2016,Q2,2015Q4,WDC,gross_margin_pct,27.31,pct,,gross_profit/revenue,,,,derived from rows above,storage (HDD; NAND until Sandisk spin-off Feb 2025)
2016-01-02,2016-04-01,2016,Q3,2016Q1,WDC,gross_margin_pct,26.68,pct,,gross_profit/revenue,,,,derived from rows above,storage (HDD; NAND until Sandisk spin-off Feb 2025)
2016-04-02,2016-07-01,2016,Q4,2016Q2,WDC,gross_margin_pct,23.49,pct,,gross_profit/revenue,,,,derived from rows above,storage (HDD; NAND until Sandisk spin-off Feb 2025)
2016-07-02,2016-09-30,2017,Q1,2016Q3,WDC,gross_margin_pct,28.32,pct,,gross_profit/revenue,,,,derived from rows above,storage (HDD; NAND until Sandisk spin-off Feb 2025)
2016-10-01,2016-12-30,2017,Q2,2016Q4,WDC,gross_margin_pct,31.36,pct,,gross_profit/revenue,,,,derived from rows above,storage (HDD; NAND until Sandisk spin-off Feb 2025)
2016-12-31,2017-03-31,2017,Q3,2017Q1,WDC,gross_margin_pct,32.76,pct,,gross_profit/revenue,,,,derived from rows above,storage (HDD; NAND until Sandisk spin-off Feb 2025)
2017-04-01,2017-06-30,2017,Q4,2017Q2,WDC,gross_margin_pct,34.72,pct,,gross_profit/revenue,,,,derived from rows above,storage (HDD; NAND until Sandisk spin-off Feb 2025)
2017-07-01,2017-09-29,2018,Q1,2017Q3,WDC,gross_margin_pct,36.92,pct,,gross_profit/revenue,,,,derived from rows above,storage (HDD; NAND until Sandisk spin-off Feb 2025)
2017-09-30,2017-12-29,2018,Q2,2017Q4,WDC,gross_margin_pct,37.72,pct,,gross_profit/revenue,,,,derived from rows above,storage (HDD; NAND until Sandisk spin-off Feb 2025)
2017-12-30,2018-03-30,2018,Q3,2018Q1,WDC,gross_margin_pct,38.44,pct,,gross_profit/revenue,,,,derived from rows above,storage (HDD; NAND until Sandisk spin-off Feb 2025)
2018-03-31,2018-06-29,2018,Q4,2018Q2,WDC,gross_margin_pct,36.19,pct,,gross_profit/revenue,,,,derived from rows above,storage (HDD; NAND until Sandisk spin-off Feb 2025)
2018-06-30,2018-09-28,2019,Q1,2018Q3,WDC,gross_margin_pct,33.09,pct,,gross_profit/revenue,,,,derived from rows above,storage (HDD; NAND until Sandisk spin-off Feb 2025)
2018-09-29,2018-12-28,2019,Q2,2018Q4,WDC,gross_margin_pct,24.66,pct,,gross_profit/revenue,,,,derived from rows above,storage (HDD; NAND until Sandisk spin-off Feb 2025)
2018-12-29,2019-03-29,2019,Q3,2019Q1,WDC,gross_margin_pct,15.76,pct,,gross_profit/revenue,,,,derived from rows above,storage (HDD; NAND until Sandisk spin-off Feb 2025)
2019-03-30,2019-06-28,2019,Q4,2019Q2,WDC,gross_margin_pct,12.8,pct,,gross_profit/revenue,,,,derived from rows above,storage (HDD; NAND until Sandisk spin-off Feb 2025)
2019-06-29,2019-10-04,2020,Q1,2019Q3,WDC,gross_margin_pct,18.76,pct,,gross_profit/revenue,,,,derived from rows above,storage (HDD; NAND until Sandisk spin-off Feb 2025)
2019-10-05,2020-01-03,2020,Q2,2019Q4,WDC,gross_margin_pct,22.08,pct,,gross_profit/revenue,,,,derived from rows above,storage (HDD; NAND until Sandisk spin-off Feb 2025)
2020-01-04,2020-04-03,2020,Q3,2020Q1,WDC,gross_margin_pct,24.07,pct,,gross_profit/revenue,,,,derived from rows above,storage (HDD; NAND until Sandisk spin-off Feb 2025)
2020-04-04,2020-07-03,2020,Q4,2020Q2,WDC,gross_margin_pct,25.26,pct,,gross_profit/revenue,,,,derived from rows above,storage (HDD; NAND until Sandisk spin-off Feb 2025)
2020-07-04,2020-10-02,2021,Q1,2020Q3,WDC,gross_margin_pct,23.05,pct,,gross_profit/revenue,,,,derived from rows above,storage (HDD; NAND until Sandisk spin-off Feb 2025)
2020-10-03,2021-01-01,2021,Q2,2020Q4,WDC,gross_margin_pct,24.35,pct,,gross_profit/revenue,,,,derived from rows above,storage (HDD; NAND until Sandisk spin-off Feb 2025)
2021-01-02,2021-04-02,2021,Q3,2021Q1,WDC,gross_margin_pct,26.37,pct,,gross_profit/revenue,,,,derived from rows above,storage (HDD; NAND until Sandisk spin-off Feb 2025)
2021-04-03,2021-07-02,2021,Q4,2021Q2,WDC,gross_margin_pct,31.83,pct,,gross_profit/revenue,,,,derived from rows above,storage (HDD; NAND until Sandisk spin-off Feb 2025)
2021-07-03,2021-10-01,2022,Q1,2021Q3,WDC,gross_margin_pct,32.96,pct,,gross_profit/revenue,,,,derived from rows above,storage (HDD; NAND until Sandisk spin-off Feb 2025)
2021-10-02,2021-12-31,2022,Q2,2021Q4,WDC,gross_margin_pct,32.75,pct,,gross_profit/revenue,,,,derived from rows above,storage (HDD; NAND until Sandisk spin-off Feb 2025)
2022-01-01,2022-04-01,2022,Q3,2022Q1,WDC,gross_margin_pct,26.96,pct,,gross_profit/revenue,,,,derived from rows above,storage (HDD; NAND until Sandisk spin-off Feb 2025)
2022-04-02,2022-07-01,2022,Q4,2022Q2,WDC,gross_margin_pct,31.91,pct,,gross_profit/revenue,,,,derived from rows above,storage (HDD; NAND until Sandisk spin-off Feb 2025)
2022-07-02,2022-09-30,2023,Q1,2022Q3,WDC,gross_margin_pct,26.26,pct,,gross_profit/revenue,,,,derived from rows above,storage (HDD; NAND until Sandisk spin-off Feb 2025)
2022-10-01,2022-12-30,2023,Q2,2022Q4,WDC,gross_margin_pct,16.99,pct,,gross_profit/revenue,,,,derived from rows above,storage (HDD; NAND until Sandisk spin-off Feb 2025)
2022-12-31,2023-03-31,2023,Q3,2023Q1,WDC,gross_margin_pct,10.2,pct,,gross_profit/revenue,,,,derived from rows above,storage (HDD; NAND until Sandisk spin-off Feb 2025)
2023-04-01,2023-06-30,2023,Q4,2023Q2,WDC,gross_margin_pct,11.91,pct,,gross_profit/revenue,,,,derived from rows above,storage (HDD; NAND until Sandisk spin-off Feb 2025)
2023-07-01,2023-09-29,2024,Q1,2023Q3,WDC,gross_margin_pct,20.44,pct,,gross_profit/revenue,,,,derived from rows above,storage (HDD; NAND until Sandisk spin-off Feb 2025)
2023-09-30,2023-12-29,2024,Q2,2023Q4,WDC,gross_margin_pct,22.9,pct,,gross_profit/revenue,,,,derived from rows above,storage (HDD; NAND until Sandisk spin-off Feb 2025)
2023-12-30,2024-03-29,2024,Q3,2024Q1,WDC,gross_margin_pct,29.62,pct,,gross_profit/revenue,,,,derived from rows above,storage (HDD; NAND until Sandisk spin-off Feb 2025)
2024-03-30,2024-06-28,2024,Q4,2024Q2,WDC,gross_margin_pct,34.78,pct,,gross_profit/revenue,,,,derived from rows above,storage (HDD; NAND until Sandisk spin-off Feb 2025)
2024-06-29,2024-09-27,2025,Q1,2024Q3,WDC,gross_margin_pct,36.44,pct,,gross_profit/revenue,,,,derived from rows above,storage (HDD; NAND until Sandisk spin-off Feb 2025)
2024-09-28,2024-12-27,2025,Q2,2024Q4,WDC,gross_margin_pct,37.65,pct,,gross_profit/revenue,,,,derived from rows above,storage (HDD; NAND until Sandisk spin-off Feb 2025)
2024-12-28,2025-03-28,2025,Q3,2025Q1,WDC,gross_margin_pct,39.76,pct,,gross_profit/revenue,,,,derived from rows above,storage (HDD; NAND until Sandisk spin-off Feb 2025)
2025-03-29,2025-06-27,2025,Q4,2025Q2,WDC,gross_margin_pct,40.96,pct,,gross_profit/revenue,,,,derived from rows above,storage (HDD; NAND until Sandisk spin-off Feb 2025)
2025-06-28,2025-10-03,2026,Q1,2025Q3,WDC,gross_margin_pct,43.54,pct,,gross_profit/revenue,,,,derived from rows above,storage (HDD; NAND until Sandisk spin-off Feb 2025)
2025-10-04,2026-01-02,2026,Q2,2025Q4,WDC,gross_margin_pct,45.74,pct,,gross_profit/revenue,,,,derived from rows above,storage (HDD; NAND until Sandisk spin-off Feb 2025)
2026-01-03,2026-04-03,2026,Q3,2026Q1,WDC,gross_margin_pct,50.22,pct,,gross_profit/revenue,,,,derived from rows above,storage (HDD; NAND until Sandisk spin-off Feb 2025)
2026-04-04,2026-07-03,2026,Q4,2026Q2,WDC,gross_margin_pct,54.12,pct,,gross_profit/revenue,,,,derived from rows above,storage (HDD; NAND until Sandisk spin-off Feb 2025)
2013-12-28,2014-03-28,2014,Q3,2014Q1,WDC,gross_profit,1076000000.0,USD,GrossProfit,reported,0000106040-15-000010,10-K,2015-08-21,https://data.sec.gov/api/xbrl/companyfacts/CIK0000106040.json,storage (HDD; NAND until Sandisk spin-off Feb 2025)
2014-03-29,2014-06-27,2014,Q4,2014Q2,WDC,gross_profit,1029000000.0,USD,GrossProfit,reported,0000106040-15-000010,10-K,2015-08-21,https://data.sec.gov/api/xbrl/companyfacts/CIK0000106040.json,storage (HDD; NAND until Sandisk spin-off Feb 2025)
2014-06-28,2014-10-03,2015,Q1,2014Q3,WDC,gross_profit,1149000000.0,USD,GrossProfit,reported,0000106040-16-000033,10-K,2016-08-29,https://data.sec.gov/api/xbrl/companyfacts/CIK0000106040.json,storage (HDD; NAND until Sandisk spin-off Feb 2025)
2014-10-04,2015-01-02,2015,Q2,2014Q4,WDC,gross_profit,1110000000.0,USD,GrossProfit,reported,0000106040-16-000033,10-K,2016-08-29,https://data.sec.gov/api/xbrl/companyfacts/CIK0000106040.json,storage (HDD; NAND until Sandisk spin-off Feb 2025)
2015-01-03,2015-04-03,2015,Q3,2015Q1,WDC,gross_profit,1032000000.0,USD,GrossProfit,reported,0000106040-16-000033,10-K,2016-08-29,https://data.sec.gov/api/xbrl/companyfacts/CIK0000106040.json,storage (HDD; NAND until Sandisk spin-off Feb 2025)
2015-04-04,2015-07-03,2015,Q4,2015Q2,WDC,gross_profit,930000000.0,USD,GrossProfit,reported,0000106040-16-000033,10-K,2016-08-29,https://data.sec.gov/api/xbrl/companyfacts/CIK0000106040.json,storage (HDD; NAND until Sandisk spin-off Feb 2025)
2015-07-04,2015-10-02,2016,Q1,2015Q3,WDC,gross_profit,955000000.0,USD,GrossProfit,reported,0000106040-17-000027,10-K,2017-08-29,https://data.sec.gov/api/xbrl/companyfacts/CIK0000106040.json,storage (HDD; NAND until Sandisk spin-off Feb 2025)
2015-10-03,2016-01-01,2016,Q2,2015Q4,WDC,gross_profit,906000000.0,USD,GrossProfit,reported,0000106040-17-000027,10-K,2017-08-29,https://data.sec.gov/api/xbrl/companyfacts/CIK0000106040.json,storage (HDD; NAND until Sandisk spin-off Feb 2025)
2016-01-02,2016-04-01,2016,Q3,2016Q1,WDC,gross_profit,753000000.0,USD,GrossProfit,reported,0000106040-17-000027,10-K,2017-08-29,https://data.sec.gov/api/xbrl/companyfacts/CIK0000106040.json,storage (HDD; NAND until Sandisk spin-off Feb 2025)
2016-04-02,2016-07-01,2016,Q4,2016Q2,WDC,gross_profit,821000000.0,USD,GrossProfit,reported,0000106040-17-000027,10-K,2017-08-29,https://data.sec.gov/api/xbrl/companyfacts/CIK0000106040.json,storage (HDD; NAND until Sandisk spin-off Feb 2025)
2016-07-02,2016-09-30,2017,Q1,2016Q3,WDC,gross_profit,1335000000.0,USD,GrossProfit,reported,0000106040-18-000029,10-K,2018-08-24,https://data.sec.gov/api/xbrl/companyfacts/CIK0000106040.json,storage (HDD; NAND until Sandisk spin-off Feb 2025)
2016-10-01,2016-12-30,2017,Q2,2016Q4,WDC,gross_profit,1533000000.0,USD,GrossProfit,reported,0000106040-18-000029,10-K,2018-08-24,https://data.sec.gov/api/xbrl/companyfacts/CIK0000106040.json,storage (HDD; NAND until Sandisk spin-off Feb 2025)
2016-12-31,2017-03-31,2017,Q3,2017Q1,WDC,gross_profit,1523000000.0,USD,GrossProfit,reported,0000106040-18-000029,10-K,2018-08-24,https://data.sec.gov/api/xbrl/companyfacts/CIK0000106040.json,storage (HDD; NAND until Sandisk spin-off Feb 2025)
2017-04-01,2017-06-30,2017,Q4,2017Q2,WDC,gross_profit,1681000000.0,USD,GrossProfit,reported,0000106040-18-000029,10-K,2018-08-24,https://data.sec.gov/api/xbrl/companyfacts/CIK0000106040.json,storage (HDD; NAND until Sandisk spin-off Feb 2025)
2017-07-01,2017-09-29,2018,Q1,2017Q3,WDC,gross_profit,1913000000.0,USD,GrossProfit,reported,0000106040-19-000058,10-K,2019-08-27,https://data.sec.gov/api/xbrl/companyfacts/CIK0000106040.json,storage (HDD; NAND until Sandisk spin-off Feb 2025)
2017-09-30,2017-12-29,2018,Q2,2017Q4,WDC,gross_profit,2013000000.0,USD,GrossProfit,reported,0000106040-19-000058,10-K,2019-08-27,https://data.sec.gov/api/xbrl/companyfacts/CIK0000106040.json,storage (HDD; NAND until Sandisk spin-off Feb 2025)
2017-12-30,2018-03-30,2018,Q3,2018Q1,WDC,gross_profit,1927000000.0,USD,GrossProfit,reported,0000106040-19-000058,10-K,2019-08-27,https://data.sec.gov/api/xbrl/companyfacts/CIK0000106040.json,storage (HDD; NAND until Sandisk spin-off Feb 2025)
2018-03-31,2018-06-29,2018,Q4,2018Q2,WDC,gross_profit,1852000000.0,USD,GrossProfit,reported,0000106040-19-000058,10-K,2019-08-27,https://data.sec.gov/api/xbrl/companyfacts/CIK0000106040.json,storage (HDD; NAND until Sandisk spin-off Feb 2025)
2018-06-30,2018-09-28,2019,Q1,2018Q3,WDC,gross_profit,1664000000.0,USD,GrossProfit,reported,0000106040-20-000049,10-K,2020-08-28,https://data.sec.gov/api/xbrl/companyfacts/CIK0000106040.json,storage (HDD; NAND until Sandisk spin-off Feb 2025)
2018-09-29,2018-12-28,2019,Q2,2018Q4,WDC,gross_profit,1044000000.0,USD,GrossProfit,reported,0000106040-20-000049,10-K,2020-08-28,https://data.sec.gov/api/xbrl/companyfacts/CIK0000106040.json,storage (HDD; NAND until Sandisk spin-off Feb 2025)
2018-12-29,2019-03-29,2019,Q3,2019Q1,WDC,gross_profit,579000000.0,USD,GrossProfit,reported,0000106040-20-000049,10-K,2020-08-28,https://data.sec.gov/api/xbrl/companyfacts/CIK0000106040.json,storage (HDD; NAND until Sandisk spin-off Feb 2025)
2019-03-30,2019-06-28,2019,Q4,2019Q2,WDC,gross_profit,465000000.0,USD,GrossProfit,reported,0000106040-20-000049,10-K,2020-08-28,https://data.sec.gov/api/xbrl/companyfacts/CIK0000106040.json,storage (HDD; NAND until Sandisk spin-off Feb 2025)
2019-06-29,2019-10-04,2020,Q1,2019Q3,WDC,gross_profit,758000000.0,USD,GrossProfit,reported,0000106040-20-000061,10-Q,2020-11-06,https://data.sec.gov/api/xbrl/companyfacts/CIK0000106040.json,storage (HDD; NAND until Sandisk spin-off Feb 2025)
2019-10-05,2020-01-03,2020,Q2,2019Q4,WDC,gross_profit,935000000.0,USD,GrossProfit,reported,0000106040-21-000011,10-Q,2021-02-09,https://data.sec.gov/api/xbrl/companyfacts/CIK0000106040.json,storage (HDD; NAND until Sandisk spin-off Feb 2025)
2020-01-04,2020-04-03,2020,Q3,2020Q1,WDC,gross_profit,1005000000.0,USD,GrossProfit,reported,0000106040-21-000024,10-Q,2021-05-06,https://data.sec.gov/api/xbrl/companyfacts/CIK0000106040.json,storage (HDD; NAND until Sandisk spin-off Feb 2025)
2020-04-04,2020-07-03,2020,Q4,2020Q2,WDC,gross_profit,1083000000.0,USD,GrossProfit,reported,0000106040-20-000049,10-K,2020-08-28,https://data.sec.gov/api/xbrl/companyfacts/CIK0000106040.json,storage (HDD; NAND until Sandisk spin-off Feb 2025)
2020-07-04,2020-10-02,2021,Q1,2020Q3,WDC,gross_profit,904000000.0,USD,GrossProfit,reported,0000106040-21-000053,10-Q,2021-11-04,https://data.sec.gov/api/xbrl/companyfacts/CIK0000106040.json,storage (HDD; NAND until Sandisk spin-off Feb 2025)
2020-10-03,2021-01-01,2021,Q2,2020Q4,WDC,gross_profit,960000000.0,USD,GrossProfit,reported,0000106040-22-000018,10-Q,2022-02-03,https://data.sec.gov/api/xbrl/companyfacts/CIK0000106040.json,storage (HDD; NAND until Sandisk spin-off Feb 2025)
2021-01-02,2021-04-02,2021,Q3,2021Q1,WDC,gross_profit,1091000000.0,USD,GrossProfit,reported,0000106040-22-000040,10-Q,2022-05-04,https://data.sec.gov/api/xbrl/companyfacts/CIK0000106040.json,storage (HDD; NAND until Sandisk spin-off Feb 2025)
2021-04-03,2021-07-02,2021,Q4,2021Q2,WDC,gross_profit,1566000000.0,USD,GrossProfit,ytd_diff,0000106040-23-000024,10-K,2023-08-22,https://data.sec.gov/api/xbrl/companyfacts/CIK0000106040.json,storage (HDD; NAND until Sandisk spin-off Feb 2025)
2021-07-03,2021-10-01,2022,Q1,2021Q3,WDC,gross_profit,1665000000.0,USD,GrossProfit,reported,0000106040-22-000065,10-Q,2022-11-02,https://data.sec.gov/api/xbrl/companyfacts/CIK0000106040.json,storage (HDD; NAND until Sandisk spin-off Feb 2025)
2021-10-02,2021-12-31,2022,Q2,2021Q4,WDC,gross_profit,1583000000.0,USD,GrossProfit,reported,0000106040-23-000010,10-Q,2023-02-03,https://data.sec.gov/api/xbrl/companyfacts/CIK0000106040.json,storage (HDD; NAND until Sandisk spin-off Feb 2025)
2022-01-01,2022-04-01,2022,Q3,2022Q1,WDC,gross_profit,1181000000.0,USD,GrossProfit,reported,0000106040-23-000017,10-Q,2023-05-10,https://data.sec.gov/api/xbrl/companyfacts/CIK0000106040.json,storage (HDD; NAND until Sandisk spin-off Feb 2025)
2022-04-02,2022-07-01,2022,Q4,2022Q2,WDC,gross_profit,1445000000.0,USD,GrossProfit,ytd_diff,0000106040-24-000031,10-K,2024-08-20,https://data.sec.gov/api/xbrl/companyfacts/CIK0000106040.json,storage (HDD; NAND until Sandisk spin-off Feb 2025)
2022-07-02,2022-09-30,2023,Q1,2022Q3,WDC,gross_profit,981000000.0,USD,GrossProfit,reported,0000106040-23-000034,10-Q,2023-11-07,https://data.sec.gov/api/xbrl/companyfacts/CIK0000106040.json,storage (HDD; NAND until Sandisk spin-off Feb 2025)
2022-10-01,2022-12-30,2023,Q2,2022Q4,WDC,gross_profit,528000000.0,USD,GrossProfit,reported,0000106040-24-000014,10-Q,2024-02-12,https://data.sec.gov/api/xbrl/companyfacts/CIK0000106040.json,storage (HDD; NAND until Sandisk spin-off Feb 2025)
2022-12-31,2023-03-31,2023,Q3,2023Q1,WDC,gross_profit,286000000.0,USD,GrossProfit,reported,0000106040-24-000022,10-Q,2024-04-30,https://data.sec.gov/api/xbrl/companyfacts/CIK0000106040.json,storage (HDD; NAND until Sandisk spin-off Feb 2025)
2023-04-01,2023-06-30,2023,Q4,2023Q2,WDC,gross_profit,-404000000.0,USD,GrossProfit,ytd_diff,0000106040-25-000038,10-K,2025-08-14,https://data.sec.gov/api/xbrl/companyfacts/CIK0000106040.json,storage (HDD; NAND until Sandisk spin-off Feb 2025)
2023-07-01,2023-09-29,2024,Q1,2023Q3,WDC,gross_profit,244000000.0,USD,GrossProfit,reported,0000106040-25-000038,10-K,2025-08-14,https://data.sec.gov/api/xbrl/companyfacts/CIK0000106040.json,storage (HDD; NAND until Sandisk spin-off Feb 2025)
2023-09-30,2023-12-29,2024,Q2,2023Q4,WDC,gross_profit,313000000.0,USD,GrossProfit,reported,0000106040-25-000038,10-K,2025-08-14,https://data.sec.gov/api/xbrl/companyfacts/CIK0000106040.json,storage (HDD; NAND until Sandisk spin-off Feb 2025)
2023-12-30,2024-03-29,2024,Q3,2024Q1,WDC,gross_profit,519000000.0,USD,GrossProfit,reported,0000106040-25-000038,10-K,2025-08-14,https://data.sec.gov/api/xbrl/companyfacts/CIK0000106040.json,storage (HDD; NAND until Sandisk spin-off Feb 2025)
2024-03-30,2024-06-28,2024,Q4,2024Q2,WDC,gross_profit,697000000.0,USD,GrossProfit,reported,0000106040-25-000038,10-K,2025-08-14,https://data.sec.gov/api/xbrl/companyfacts/CIK0000106040.json,storage (HDD; NAND until Sandisk spin-off Feb 2025)
2024-06-29,2024-09-27,2025,Q1,2024Q3,WDC,gross_profit,806000000.0,USD,GrossProfit,reported,0001628280-25-047613,10-Q,2025-10-31,https://data.sec.gov/api/xbrl/companyfacts/CIK0000106040.json,storage (HDD; NAND until Sandisk spin-off Feb 2025)
2024-09-28,2024-12-27,2025,Q2,2024Q4,WDC,gross_profit,907000000.0,USD,GrossProfit,reported,0001628280-26-004207,10-Q,2026-01-30,https://data.sec.gov/api/xbrl/companyfacts/CIK0000106040.json,storage (HDD; NAND until Sandisk spin-off Feb 2025)
2024-12-28,2025-03-28,2025,Q3,2025Q1,WDC,gross_profit,912000000.0,USD,GrossProfit,reported,0001628280-26-029054,10-Q,2026-05-01,https://data.sec.gov/api/xbrl/companyfacts/CIK0000106040.json,storage (HDD; NAND until Sandisk spin-off Feb 2025)
2025-03-29,2025-06-27,2025,Q4,2025Q2,WDC,gross_profit,1067000000.0,USD,GrossProfit,reported,0000106040-25-000038,10-K,2025-08-14,https://data.sec.gov/api/xbrl/companyfacts/CIK0000106040.json,storage (HDD; NAND until Sandisk spin-off Feb 2025)
2025-06-28,2025-10-03,2026,Q1,2025Q3,WDC,gross_profit,1227000000.0,USD,GrossProfit,reported,0001628280-25-047613,10-Q,2025-10-31,https://data.sec.gov/api/xbrl/companyfacts/CIK0000106040.json,storage (HDD; NAND until Sandisk spin-off Feb 2025)
2025-10-04,2026-01-02,2026,Q2,2025Q4,WDC,gross_profit,1380000000.0,USD,GrossProfit,reported,0001628280-26-004207,10-Q,2026-01-30,https://data.sec.gov/api/xbrl/companyfacts/CIK0000106040.json,storage (HDD; NAND until Sandisk spin-off Feb 2025)
2026-01-03,2026-04-03,2026,Q3,2026Q1,WDC,gross_profit,1676000000.0,USD,GrossProfit,reported,0001628280-26-029054,10-Q,2026-05-01,https://data.sec.gov/api/xbrl/companyfacts/CIK0000106040.json,storage (HDD; NAND until Sandisk spin-off Feb 2025)
2026-04-04,2026-07-03,2026,Q4,2026Q2,WDC,gross_profit,2028000000.0,USD,GrossProfit,ytd_diff,0001628280-26-057139,10-K,2026-08-14,https://data.sec.gov/api/xbrl/companyfacts/CIK0000106040.json,storage (HDD; NAND until Sandisk spin-off Feb 2025)
2013-12-28,2014-03-28,2014,Q3,2014Q1,WDC,inventory,1277000000.0,USD,InventoryNet,reported,0000106040-14-000007,10-Q,2014-05-05,https://data.sec.gov/api/xbrl/companyfacts/CIK0000106040.json,storage (HDD; NAND until Sandisk spin-off Feb 2025)
2014-03-29,2014-06-27,2014,Q4,2014Q2,WDC,inventory,1226000000.0,USD,InventoryNet,reported,0000106040-15-000010,10-K,2015-08-21,https://data.sec.gov/api/xbrl/companyfacts/CIK0000106040.json,storage (HDD; NAND until Sandisk spin-off Feb 2025)
2014-06-28,2014-10-03,2015,Q1,2014Q3,WDC,inventory,1272000000.0,USD,InventoryNet,reported,0001445305-14-004772,10-Q,2014-11-04,https://data.sec.gov/api/xbrl/companyfacts/CIK0000106040.json,storage (HDD; NAND until Sandisk spin-off Feb 2025)
2014-10-04,2015-01-02,2015,Q2,2014Q4,WDC,inventory,1282000000.0,USD,InventoryNet,reported,0000106040-15-000003,10-Q,2015-02-10,https://data.sec.gov/api/xbrl/companyfacts/CIK0000106040.json,storage (HDD; NAND until Sandisk spin-off Feb 2025)
2015-01-03,2015-04-03,2015,Q3,2015Q1,WDC,inventory,1322000000.0,USD,InventoryNet,reported,0001628280-15-004065,10-Q,2015-05-12,https://data.sec.gov/api/xbrl/companyfacts/CIK0000106040.json,storage (HDD; NAND until Sandisk spin-off Feb 2025)
2015-04-04,2015-07-03,2015,Q4,2015Q2,WDC,inventory,1368000000.0,USD,InventoryNet,reported,0000106040-16-000033,10-K,2016-08-29,https://data.sec.gov/api/xbrl/companyfacts/CIK0000106040.json,storage (HDD; NAND until Sandisk spin-off Feb 2025)
2015-07-04,2015-10-02,2016,Q1,2015Q3,WDC,inventory,1260000000.0,USD,InventoryNet,reported,0000106040-15-000014,10-Q,2015-11-10,https://data.sec.gov/api/xbrl/companyfacts/CIK0000106040.json,storage (HDD; NAND until Sandisk spin-off Feb 2025)
2015-10-03,2016-01-01,2016,Q2,2015Q4,WDC,inventory,1238000000.0,USD,InventoryNet,reported,0000106040-16-000019,10-Q,2016-02-10,https://data.sec.gov/api/xbrl/companyfacts/CIK0000106040.json,storage (HDD; NAND until Sandisk spin-off Feb 2025)
2016-01-02,2016-04-01,2016,Q3,2016Q1,WDC,inventory,1227000000.0,USD,InventoryNet,reported,0000106040-16-000022,10-Q,2016-05-09,https://data.sec.gov/api/xbrl/companyfacts/CIK0000106040.json,storage (HDD; NAND until Sandisk spin-off Feb 2025)
2016-04-02,2016-07-01,2016,Q4,2016Q2,WDC,inventory,2129000000.0,USD,InventoryNet,reported,0000106040-17-000027,10-K,2017-08-29,https://data.sec.gov/api/xbrl/companyfacts/CIK0000106040.json,storage (HDD; NAND until Sandisk spin-off Feb 2025)
2016-07-02,2016-09-30,2017,Q1,2016Q3,WDC,inventory,2109000000.0,USD,InventoryNet,reported,0000106040-16-000040,10-Q,2016-11-08,https://data.sec.gov/api/xbrl/companyfacts/CIK0000106040.json,storage (HDD; NAND until Sandisk spin-off Feb 2025)
2016-10-01,2016-12-30,2017,Q2,2016Q4,WDC,inventory,2085000000.0,USD,InventoryNet,reported,0000106040-17-000007,10-Q,2017-02-07,https://data.sec.gov/api/xbrl/companyfacts/CIK0000106040.json,storage (HDD; NAND until Sandisk spin-off Feb 2025)
2016-12-31,2017-03-31,2017,Q3,2017Q1,WDC,inventory,2254000000.0,USD,InventoryNet,reported,0000106040-17-000013,10-Q,2017-05-08,https://data.sec.gov/api/xbrl/companyfacts/CIK0000106040.json,storage (HDD; NAND until Sandisk spin-off Feb 2025)
2017-04-01,2017-06-30,2017,Q4,2017Q2,WDC,inventory,2341000000.0,USD,InventoryNet,reported,0000106040-18-000029,10-K,2018-08-24,https://data.sec.gov/api/xbrl/companyfacts/CIK0000106040.json,storage (HDD; NAND until Sandisk spin-off Feb 2025)
2017-07-01,2017-09-29,2018,Q1,2017Q3,WDC,inventory,2302000000.0,USD,InventoryNet,reported,0000106040-17-000036,10-Q,2017-11-07,https://data.sec.gov/api/xbrl/companyfacts/CIK0000106040.json,storage (HDD; NAND until Sandisk spin-off Feb 2025)
2017-09-30,2017-12-29,2018,Q2,2017Q4,WDC,inventory,2281000000.0,USD,InventoryNet,reported,0000106040-18-000010,10-Q,2018-02-06,https://data.sec.gov/api/xbrl/companyfacts/CIK0000106040.json,storage (HDD; NAND until Sandisk spin-off Feb 2025)
2017-12-30,2018-03-30,2018,Q3,2018Q1,WDC,inventory,2670000000.0,USD,InventoryNet,reported,0000106040-18-000016,10-Q,2018-05-08,https://data.sec.gov/api/xbrl/companyfacts/CIK0000106040.json,storage (HDD; NAND until Sandisk spin-off Feb 2025)
2018-03-31,2018-06-29,2018,Q4,2018Q2,WDC,inventory,2944000000.0,USD,InventoryNet,reported,0000106040-19-000058,10-K,2019-08-27,https://data.sec.gov/api/xbrl/companyfacts/CIK0000106040.json,storage (HDD; NAND until Sandisk spin-off Feb 2025)
2018-06-30,2018-09-28,2019,Q1,2018Q3,WDC,inventory,3119000000.0,USD,InventoryNet,reported,0000106040-18-000034,10-Q,2018-11-06,https://data.sec.gov/api/xbrl/companyfacts/CIK0000106040.json,storage (HDD; NAND until Sandisk spin-off Feb 2025)
2018-09-29,2018-12-28,2019,Q2,2018Q4,WDC,inventory,3427000000.0,USD,InventoryNet,reported,0000106040-19-000009,10-Q,2019-02-05,https://data.sec.gov/api/xbrl/companyfacts/CIK0000106040.json,storage (HDD; NAND until Sandisk spin-off Feb 2025)
2018-12-29,2019-03-29,2019,Q3,2019Q1,WDC,inventory,3440000000.0,USD,InventoryNet,reported,0000106040-19-000028,10-Q,2019-05-07,https://data.sec.gov/api/xbrl/companyfacts/CIK0000106040.json,storage (HDD; NAND until Sandisk spin-off Feb 2025)
2019-03-30,2019-06-28,2019,Q4,2019Q2,WDC,inventory,3283000000.0,USD,InventoryNet,reported,0000106040-20-000049,10-K,2020-08-28,https://data.sec.gov/api/xbrl/companyfacts/CIK0000106040.json,storage (HDD; NAND until Sandisk spin-off Feb 2025)
2019-06-29,2019-10-04,2020,Q1,2019Q3,WDC,inventory,3287000000.0,USD,InventoryNet,reported,0000106040-19-000075,10-Q,2019-11-12,https://data.sec.gov/api/xbrl/companyfacts/CIK0000106040.json,storage (HDD; NAND until Sandisk spin-off Feb 2025)
2019-10-05,2020-01-03,2020,Q2,2019Q4,WDC,inventory,3122000000.0,USD,InventoryNet,reported,0000106040-20-000011,10-Q,2020-02-11,https://data.sec.gov/api/xbrl/companyfacts/CIK0000106040.json,storage (HDD; NAND until Sandisk spin-off Feb 2025)
2020-01-04,2020-04-03,2020,Q3,2020Q1,WDC,inventory,3091000000.0,USD,InventoryNet,reported,0000106040-20-000024,10-Q,2020-05-08,https://data.sec.gov/api/xbrl/companyfacts/CIK0000106040.json,storage (HDD; NAND until Sandisk spin-off Feb 2025)
2020-04-04,2020-07-03,2020,Q4,2020Q2,WDC,inventory,3070000000.0,USD,InventoryNet,reported,0000106040-21-000040,10-K,2021-08-27,https://data.sec.gov/api/xbrl/companyfacts/CIK0000106040.json,storage (HDD; NAND until Sandisk spin-off Feb 2025)
2020-07-04,2020-10-02,2021,Q1,2020Q3,WDC,inventory,3355000000.0,USD,InventoryNet,reported,0000106040-20-000061,10-Q,2020-11-06,https://data.sec.gov/api/xbrl/companyfacts/CIK0000106040.json,storage (HDD; NAND until Sandisk spin-off Feb 2025)
2020-10-03,2021-01-01,2021,Q2,2020Q4,WDC,inventory,3576000000.0,USD,InventoryNet,reported,0000106040-21-000011,10-Q,2021-02-09,https://data.sec.gov/api/xbrl/companyfacts/CIK0000106040.json,storage (HDD; NAND until Sandisk spin-off Feb 2025)
2021-01-02,2021-04-02,2021,Q3,2021Q1,WDC,inventory,3683000000.0,USD,InventoryNet,reported,0000106040-21-000024,10-Q,2021-05-06,https://data.sec.gov/api/xbrl/companyfacts/CIK0000106040.json,storage (HDD; NAND until Sandisk spin-off Feb 2025)
2021-04-03,2021-07-02,2021,Q4,2021Q2,WDC,inventory,3616000000.0,USD,InventoryNet,reported,0000106040-22-000055,10-K,2022-08-25,https://data.sec.gov/api/xbrl/companyfacts/CIK0000106040.json,storage (HDD; NAND until Sandisk spin-off Feb 2025)
2021-07-03,2021-10-01,2022,Q1,2021Q3,WDC,inventory,3544000000.0,USD,InventoryNet,reported,0000106040-21-000053,10-Q,2021-11-04,https://data.sec.gov/api/xbrl/companyfacts/CIK0000106040.json,storage (HDD; NAND until Sandisk spin-off Feb 2025)
2021-10-02,2021-12-31,2022,Q2,2021Q4,WDC,inventory,3647000000.0,USD,InventoryNet,reported,0000106040-22-000018,10-Q,2022-02-03,https://data.sec.gov/api/xbrl/companyfacts/CIK0000106040.json,storage (HDD; NAND until Sandisk spin-off Feb 2025)
2022-01-01,2022-04-01,2022,Q3,2022Q1,WDC,inventory,3661000000.0,USD,InventoryNet,reported,0000106040-22-000040,10-Q,2022-05-04,https://data.sec.gov/api/xbrl/companyfacts/CIK0000106040.json,storage (HDD; NAND until Sandisk spin-off Feb 2025)
2022-04-02,2022-07-01,2022,Q4,2022Q2,WDC,inventory,3638000000.0,USD,InventoryNet,reported,0000106040-23-000024,10-K,2023-08-22,https://data.sec.gov/api/xbrl/companyfacts/CIK0000106040.json,storage (HDD; NAND until Sandisk spin-off Feb 2025)
2022-07-02,2022-09-30,2023,Q1,2022Q3,WDC,inventory,3862000000.0,USD,InventoryNet,reported,0000106040-22-000065,10-Q,2022-11-02,https://data.sec.gov/api/xbrl/companyfacts/CIK0000106040.json,storage (HDD; NAND until Sandisk spin-off Feb 2025)
2022-10-01,2022-12-30,2023,Q2,2022Q4,WDC,inventory,3773000000.0,USD,InventoryNet,reported,0000106040-23-000010,10-Q,2023-02-03,https://data.sec.gov/api/xbrl/companyfacts/CIK0000106040.json,storage (HDD; NAND until Sandisk spin-off Feb 2025)
2022-12-31,2023-03-31,2023,Q3,2023Q1,WDC,inventory,3979000000.0,USD,InventoryNet,reported,0000106040-23-000017,10-Q,2023-05-10,https://data.sec.gov/api/xbrl/companyfacts/CIK0000106040.json,storage (HDD; NAND until Sandisk spin-off Feb 2025)
2023-04-01,2023-06-30,2023,Q4,2023Q2,WDC,inventory,3698000000.0,USD,InventoryNet,reported,0000106040-24-000031,10-K,2024-08-20,https://data.sec.gov/api/xbrl/companyfacts/CIK0000106040.json,storage (HDD; NAND until Sandisk spin-off Feb 2025)
2023-07-01,2023-09-29,2024,Q1,2023Q3,WDC,inventory,3497000000.0,USD,InventoryNet,reported,0000106040-23-000034,10-Q,2023-11-07,https://data.sec.gov/api/xbrl/companyfacts/CIK0000106040.json,storage (HDD; NAND until Sandisk spin-off Feb 2025)
2023-09-30,2023-12-29,2024,Q2,2023Q4,WDC,inventory,3216000000.0,USD,InventoryNet,reported,0000106040-24-000014,10-Q,2024-02-12,https://data.sec.gov/api/xbrl/companyfacts/CIK0000106040.json,storage (HDD; NAND until Sandisk spin-off Feb 2025)
2023-12-30,2024-03-29,2024,Q3,2024Q1,WDC,inventory,3215000000.0,USD,InventoryNet,reported,0000106040-24-000022,10-Q,2024-04-30,https://data.sec.gov/api/xbrl/companyfacts/CIK0000106040.json,storage (HDD; NAND until Sandisk spin-off Feb 2025)
2024-03-30,2024-06-28,2024,Q4,2024Q2,WDC,inventory,1387000000.0,USD,InventoryNet,reported,0000106040-25-000038,10-K,2025-08-14,https://data.sec.gov/api/xbrl/companyfacts/CIK0000106040.json,storage (HDD; NAND until Sandisk spin-off Feb 2025)
2024-06-29,2024-09-27,2025,Q1,2024Q3,WDC,inventory,3384000000.0,USD,InventoryNet,reported,0000106040-24-000040,10-Q,2024-10-31,https://data.sec.gov/api/xbrl/companyfacts/CIK0000106040.json,storage (HDD; NAND until Sandisk spin-off Feb 2025)
2024-09-28,2024-12-27,2025,Q2,2024Q4,WDC,inventory,3420000000.0,USD,InventoryNet,reported,0000106040-25-000008,10-Q,2025-01-31,https://data.sec.gov/api/xbrl/companyfacts/CIK0000106040.json,storage (HDD; NAND until Sandisk spin-off Feb 2025)
2024-12-28,2025-03-28,2025,Q3,2025Q1,WDC,inventory,1311000000.0,USD,InventoryNet,reported,0000106040-25-000026,10-Q,2025-05-02,https://data.sec.gov/api/xbrl/companyfacts/CIK0000106040.json,storage (HDD; NAND until Sandisk spin-off Feb 2025)
2025-03-29,2025-06-27,2025,Q4,2025Q2,WDC,inventory,1291000000.0,USD,InventoryNet,reported,0001628280-26-057139,10-K,2026-08-14,https://data.sec.gov/api/xbrl/companyfacts/CIK0000106040.json,storage (HDD; NAND until Sandisk spin-off Feb 2025)
2025-06-28,2025-10-03,2026,Q1,2025Q3,WDC,inventory,1393000000.0,USD,InventoryNet,reported,0001628280-25-047613,10-Q,2025-10-31,https://data.sec.gov/api/xbrl/companyfacts/CIK0000106040.json,storage (HDD; NAND until Sandisk spin-off Feb 2025)
2025-10-04,2026-01-02,2026,Q2,2025Q4,WDC,inventory,1349000000.0,USD,InventoryNet,reported,0001628280-26-004207,10-Q,2026-01-30,https://data.sec.gov/api/xbrl/companyfacts/CIK0000106040.json,storage (HDD; NAND until Sandisk spin-off Feb 2025)
2026-01-03,2026-04-03,2026,Q3,2026Q1,WDC,inventory,1357000000.0,USD,InventoryNet,reported,0001628280-26-029054,10-Q,2026-05-01,https://data.sec.gov/api/xbrl/companyfacts/CIK0000106040.json,storage (HDD; NAND until Sandisk spin-off Feb 2025)
2026-04-04,2026-07-03,2026,Q4,2026Q2,WDC,inventory,1511000000.0,USD,InventoryNet,reported,0001628280-26-057139,10-K,2026-08-14,https://data.sec.gov/api/xbrl/companyfacts/CIK0000106040.json,storage (HDD; NAND until Sandisk spin-off Feb 2025)
2013-12-28,2014-03-28,2014,Q3,2014Q1,WDC,inventory_days,44.2,days,,inventory/cost_of_revenue*days_in_quarter,,,,derived from rows above,storage (HDD; NAND until Sandisk spin-off Feb 2025)
2014-03-29,2014-06-27,2014,Q4,2014Q2,WDC,inventory_days,42.5,days,,inventory/cost_of_revenue*days_in_quarter,,,,derived from rows above,storage (HDD; NAND until Sandisk spin-off Feb 2025)
2014-06-28,2014-10-03,2015,Q1,2014Q3,WDC,inventory_days,44.6,days,,inventory/cost_of_revenue*days_in_quarter,,,,derived from rows above,storage (HDD; NAND until Sandisk spin-off Feb 2025)
2014-10-04,2015-01-02,2015,Q2,2014Q4,WDC,inventory_days,42.0,days,,inventory/cost_of_revenue*days_in_quarter,,,,derived from rows above,storage (HDD; NAND until Sandisk spin-off Feb 2025)
2015-01-03,2015-04-03,2015,Q3,2015Q1,WDC,inventory_days,47.8,days,,inventory/cost_of_revenue*days_in_quarter,,,,derived from rows above,storage (HDD; NAND until Sandisk spin-off Feb 2025)
2015-04-04,2015-07-03,2015,Q4,2015Q2,WDC,inventory_days,55.1,days,,inventory/cost_of_revenue*days_in_quarter,,,,derived from rows above,storage (HDD; NAND until Sandisk spin-off Feb 2025)
2015-07-04,2015-10-02,2016,Q1,2015Q3,WDC,inventory_days,47.7,days,,inventory/cost_of_revenue*days_in_quarter,,,,derived from rows above,storage (HDD; NAND until Sandisk spin-off Feb 2025)
2015-10-03,2016-01-01,2016,Q2,2015Q4,WDC,inventory_days,46.7,days,,inventory/cost_of_revenue*days_in_quarter,,,,derived from rows above,storage (HDD; NAND until Sandisk spin-off Feb 2025)
2016-01-02,2016-04-01,2016,Q3,2016Q1,WDC,inventory_days,54.0,days,,inventory/cost_of_revenue*days_in_quarter,,,,derived from rows above,storage (HDD; NAND until Sandisk spin-off Feb 2025)
2016-04-02,2016-07-01,2016,Q4,2016Q2,WDC,inventory_days,72.5,days,,inventory/cost_of_revenue*days_in_quarter,,,,derived from rows above,storage (HDD; NAND until Sandisk spin-off Feb 2025)
2016-07-02,2016-09-30,2017,Q1,2016Q3,WDC,inventory_days,56.8,days,,inventory/cost_of_revenue*days_in_quarter,,,,derived from rows above,storage (HDD; NAND until Sandisk spin-off Feb 2025)
2016-10-01,2016-12-30,2017,Q2,2016Q4,WDC,inventory_days,56.6,days,,inventory/cost_of_revenue*days_in_quarter,,,,derived from rows above,storage (HDD; NAND until Sandisk spin-off Feb 2025)
2016-12-31,2017-03-31,2017,Q3,2017Q1,WDC,inventory_days,65.6,days,,inventory/cost_of_revenue*days_in_quarter,,,,derived from rows above,storage (HDD; NAND until Sandisk spin-off Feb 2025)
2017-04-01,2017-06-30,2017,Q4,2017Q2,WDC,inventory_days,67.4,days,,inventory/cost_of_revenue*days_in_quarter,,,,derived from rows above,storage (HDD; NAND until Sandisk spin-off Feb 2025)
2017-07-01,2017-09-29,2018,Q1,2017Q3,WDC,inventory_days,64.1,days,,inventory/cost_of_revenue*days_in_quarter,,,,derived from rows above,storage (HDD; NAND until Sandisk spin-off Feb 2025)
2017-09-30,2017-12-29,2018,Q2,2017Q4,WDC,inventory_days,62.5,days,,inventory/cost_of_revenue*days_in_quarter,,,,derived from rows above,storage (HDD; NAND until Sandisk spin-off Feb 2025)
2017-12-30,2018-03-30,2018,Q3,2018Q1,WDC,inventory_days,78.7,days,,inventory/cost_of_revenue*days_in_quarter,,,,derived from rows above,storage (HDD; NAND until Sandisk spin-off Feb 2025)
2018-03-31,2018-06-29,2018,Q4,2018Q2,WDC,inventory_days,82.1,days,,inventory/cost_of_revenue*days_in_quarter,,,,derived from rows above,storage (HDD; NAND until Sandisk spin-off Feb 2025)
2018-06-30,2018-09-28,2019,Q1,2018Q3,WDC,inventory_days,84.4,days,,inventory/cost_of_revenue*days_in_quarter,,,,derived from rows above,storage (HDD; NAND until Sandisk spin-off Feb 2025)
2018-09-29,2018-12-28,2019,Q2,2018Q4,WDC,inventory_days,97.8,days,,inventory/cost_of_revenue*days_in_quarter,,,,derived from rows above,storage (HDD; NAND until Sandisk spin-off Feb 2025)
2018-12-29,2019-03-29,2019,Q3,2019Q1,WDC,inventory_days,101.1,days,,inventory/cost_of_revenue*days_in_quarter,,,,derived from rows above,storage (HDD; NAND until Sandisk spin-off Feb 2025)
2019-03-30,2019-06-28,2019,Q4,2019Q2,WDC,inventory_days,94.3,days,,inventory/cost_of_revenue*days_in_quarter,,,,derived from rows above,storage (HDD; NAND until Sandisk spin-off Feb 2025)
2019-06-29,2019-10-04,2020,Q1,2019Q3,WDC,inventory_days,98.1,days,,inventory/cost_of_revenue*days_in_quarter,,,,derived from rows above,storage (HDD; NAND until Sandisk spin-off Feb 2025)
2019-10-05,2020-01-03,2020,Q2,2019Q4,WDC,inventory_days,86.1,days,,inventory/cost_of_revenue*days_in_quarter,,,,derived from rows above,storage (HDD; NAND until Sandisk spin-off Feb 2025)
2020-01-04,2020-04-03,2020,Q3,2020Q1,WDC,inventory_days,88.7,days,,inventory/cost_of_revenue*days_in_quarter,,,,derived from rows above,storage (HDD; NAND until Sandisk spin-off Feb 2025)
2020-04-04,2020-07-03,2020,Q4,2020Q2,WDC,inventory_days,87.2,days,,inventory/cost_of_revenue*days_in_quarter,,,,derived from rows above,storage (HDD; NAND until Sandisk spin-off Feb 2025)
2020-07-04,2020-10-02,2021,Q1,2020Q3,WDC,inventory_days,101.2,days,,inventory/cost_of_revenue*days_in_quarter,,,,derived from rows above,storage (HDD; NAND until Sandisk spin-off Feb 2025)
2020-10-03,2021-01-01,2021,Q2,2020Q4,WDC,inventory_days,109.1,days,,inventory/cost_of_revenue*days_in_quarter,,,,derived from rows above,storage (HDD; NAND until Sandisk spin-off Feb 2025)
2021-01-02,2021-04-02,2021,Q3,2021Q1,WDC,inventory_days,110.0,days,,inventory/cost_of_revenue*days_in_quarter,,,,derived from rows above,storage (HDD; NAND until Sandisk spin-off Feb 2025)
2021-04-03,2021-07-02,2021,Q4,2021Q2,WDC,inventory_days,98.1,days,,inventory/cost_of_revenue*days_in_quarter,,,,derived from rows above,storage (HDD; NAND until Sandisk spin-off Feb 2025)
2021-07-03,2021-10-01,2022,Q1,2021Q3,WDC,inventory_days,95.2,days,,inventory/cost_of_revenue*days_in_quarter,,,,derived from rows above,storage (HDD; NAND until Sandisk spin-off Feb 2025)
2021-10-02,2021-12-31,2022,Q2,2021Q4,WDC,inventory_days,102.1,days,,inventory/cost_of_revenue*days_in_quarter,,,,derived from rows above,storage (HDD; NAND until Sandisk spin-off Feb 2025)
2022-01-01,2022-04-01,2022,Q3,2022Q1,WDC,inventory_days,104.1,days,,inventory/cost_of_revenue*days_in_quarter,,,,derived from rows above,storage (HDD; NAND until Sandisk spin-off Feb 2025)
2022-04-02,2022-07-01,2022,Q4,2022Q2,WDC,inventory_days,107.4,days,,inventory/cost_of_revenue*days_in_quarter,,,,derived from rows above,storage (HDD; NAND until Sandisk spin-off Feb 2025)
2022-07-02,2022-09-30,2023,Q1,2022Q3,WDC,inventory_days,127.6,days,,inventory/cost_of_revenue*days_in_quarter,,,,derived from rows above,storage (HDD; NAND until Sandisk spin-off Feb 2025)
2022-10-01,2022-12-30,2023,Q2,2022Q4,WDC,inventory_days,133.1,days,,inventory/cost_of_revenue*days_in_quarter,,,,derived from rows above,storage (HDD; NAND until Sandisk spin-off Feb 2025)
2022-12-31,2023-03-31,2023,Q3,2023Q1,WDC,inventory_days,143.9,days,,inventory/cost_of_revenue*days_in_quarter,,,,derived from rows above,storage (HDD; NAND until Sandisk spin-off Feb 2025)
2023-07-01,2023-09-29,2024,Q1,2023Q3,WDC,inventory_days,120.0,days,,inventory/cost_of_revenue*days_in_quarter,,,,derived from rows above,storage (HDD; NAND until Sandisk spin-off Feb 2025)
2023-09-30,2023-12-29,2024,Q2,2023Q4,WDC,inventory_days,115.2,days,,inventory/cost_of_revenue*days_in_quarter,,,,derived from rows above,storage (HDD; NAND until Sandisk spin-off Feb 2025)
2023-12-30,2024-03-29,2024,Q3,2024Q1,WDC,inventory_days,237.3,days,,inventory/cost_of_revenue*days_in_quarter,,,,derived from rows above,storage (HDD; NAND until Sandisk spin-off Feb 2025)
2024-03-30,2024-06-28,2024,Q4,2024Q2,WDC,inventory_days,96.6,days,,inventory/cost_of_revenue*days_in_quarter,,,,derived from rows above,storage (HDD; NAND until Sandisk spin-off Feb 2025)
2024-06-29,2024-09-27,2025,Q1,2024Q3,WDC,inventory_days,219.0,days,,inventory/cost_of_revenue*days_in_quarter,,,,derived from rows above,storage (HDD; NAND until Sandisk spin-off Feb 2025)
2024-09-28,2024-12-27,2025,Q2,2024Q4,WDC,inventory_days,207.2,days,,inventory/cost_of_revenue*days_in_quarter,,,,derived from rows above,storage (HDD; NAND until Sandisk spin-off Feb 2025)
2024-12-28,2025-03-28,2025,Q3,2025Q1,WDC,inventory_days,86.3,days,,inventory/cost_of_revenue*days_in_quarter,,,,derived from rows above,storage (HDD; NAND until Sandisk spin-off Feb 2025)
2025-03-29,2025-06-27,2025,Q4,2025Q2,WDC,inventory_days,76.4,days,,inventory/cost_of_revenue*days_in_quarter,,,,derived from rows above,storage (HDD; NAND until Sandisk spin-off Feb 2025)
2025-06-28,2025-10-03,2026,Q1,2025Q3,WDC,inventory_days,85.8,days,,inventory/cost_of_revenue*days_in_quarter,,,,derived from rows above,storage (HDD; NAND until Sandisk spin-off Feb 2025)
2025-10-04,2026-01-02,2026,Q2,2025Q4,WDC,inventory_days,75.0,days,,inventory/cost_of_revenue*days_in_quarter,,,,derived from rows above,storage (HDD; NAND until Sandisk spin-off Feb 2025)
2026-01-03,2026-04-03,2026,Q3,2026Q1,WDC,inventory_days,74.3,days,,inventory/cost_of_revenue*days_in_quarter,,,,derived from rows above,storage (HDD; NAND until Sandisk spin-off Feb 2025)
2026-04-04,2026-07-03,2026,Q4,2026Q2,WDC,inventory_days,80.0,days,,inventory/cost_of_revenue*days_in_quarter,,,,derived from rows above,storage (HDD; NAND until Sandisk spin-off Feb 2025)
2013-12-28,2014-03-28,2014,Q3,2014Q1,WDC,operating_income,419000000.0,USD,OperatingIncomeLoss,reported,0000106040-15-000010,10-K,2015-08-21,https://data.sec.gov/api/xbrl/companyfacts/CIK0000106040.json,storage (HDD; NAND until Sandisk spin-off Feb 2025)
2014-03-29,2014-06-27,2014,Q4,2014Q2,WDC,operating_income,352000000.0,USD,OperatingIncomeLoss,reported,0000106040-15-000010,10-K,2015-08-21,https://data.sec.gov/api/xbrl/companyfacts/CIK0000106040.json,storage (HDD; NAND until Sandisk spin-off Feb 2025)
2014-06-28,2014-10-03,2015,Q1,2014Q3,WDC,operating_income,469000000.0,USD,OperatingIncomeLoss,reported,0000106040-16-000033,10-K,2016-08-29,https://data.sec.gov/api/xbrl/companyfacts/CIK0000106040.json,storage (HDD; NAND until Sandisk spin-off Feb 2025)
2014-10-04,2015-01-02,2015,Q2,2014Q4,WDC,operating_income,466000000.0,USD,OperatingIncomeLoss,reported,0000106040-16-000033,10-K,2016-08-29,https://data.sec.gov/api/xbrl/companyfacts/CIK0000106040.json,storage (HDD; NAND until Sandisk spin-off Feb 2025)
2015-01-03,2015-04-03,2015,Q3,2015Q1,WDC,operating_income,421000000.0,USD,OperatingIncomeLoss,reported,0000106040-16-000033,10-K,2016-08-29,https://data.sec.gov/api/xbrl/companyfacts/CIK0000106040.json,storage (HDD; NAND until Sandisk spin-off Feb 2025)
2015-04-04,2015-07-03,2015,Q4,2015Q2,WDC,operating_income,255000000.0,USD,OperatingIncomeLoss,reported,0000106040-16-000033,10-K,2016-08-29,https://data.sec.gov/api/xbrl/companyfacts/CIK0000106040.json,storage (HDD; NAND until Sandisk spin-off Feb 2025)
2015-07-04,2015-10-02,2016,Q1,2015Q3,WDC,operating_income,322000000.0,USD,OperatingIncomeLoss,reported,0000106040-17-000027,10-K,2017-08-29,https://data.sec.gov/api/xbrl/companyfacts/CIK0000106040.json,storage (HDD; NAND until Sandisk spin-off Feb 2025)
2015-10-03,2016-01-01,2016,Q2,2015Q4,WDC,operating_income,251000000.0,USD,OperatingIncomeLoss,reported,0000106040-17-000027,10-K,2017-08-29,https://data.sec.gov/api/xbrl/companyfacts/CIK0000106040.json,storage (HDD; NAND until Sandisk spin-off Feb 2025)
2016-01-02,2016-04-01,2016,Q3,2016Q1,WDC,operating_income,88000000.0,USD,OperatingIncomeLoss,reported,0000106040-17-000027,10-K,2017-08-29,https://data.sec.gov/api/xbrl/companyfacts/CIK0000106040.json,storage (HDD; NAND until Sandisk spin-off Feb 2025)
2016-04-02,2016-07-01,2016,Q4,2016Q2,WDC,operating_income,-195000000.0,USD,OperatingIncomeLoss,reported,0000106040-17-000027,10-K,2017-08-29,https://data.sec.gov/api/xbrl/companyfacts/CIK0000106040.json,storage (HDD; NAND until Sandisk spin-off Feb 2025)
2016-07-02,2016-09-30,2017,Q1,2016Q3,WDC,operating_income,232000000.0,USD,OperatingIncomeLoss,reported,0000106040-18-000029,10-K,2018-08-24,https://data.sec.gov/api/xbrl/companyfacts/CIK0000106040.json,storage (HDD; NAND until Sandisk spin-off Feb 2025)
2016-10-01,2016-12-30,2017,Q2,2016Q4,WDC,operating_income,545000000.0,USD,OperatingIncomeLoss,reported,0000106040-18-000029,10-K,2018-08-24,https://data.sec.gov/api/xbrl/companyfacts/CIK0000106040.json,storage (HDD; NAND until Sandisk spin-off Feb 2025)
2016-12-31,2017-03-31,2017,Q3,2017Q1,WDC,operating_income,525000000.0,USD,OperatingIncomeLoss,reported,0000106040-18-000029,10-K,2018-08-24,https://data.sec.gov/api/xbrl/companyfacts/CIK0000106040.json,storage (HDD; NAND until Sandisk spin-off Feb 2025)
2017-04-01,2017-06-30,2017,Q4,2017Q2,WDC,operating_income,652000000.0,USD,OperatingIncomeLoss,reported,0000106040-18-000029,10-K,2018-08-24,https://data.sec.gov/api/xbrl/companyfacts/CIK0000106040.json,storage (HDD; NAND until Sandisk spin-off Feb 2025)
2017-07-01,2017-09-29,2018,Q1,2017Q3,WDC,operating_income,905000000.0,USD,OperatingIncomeLoss,reported,0000106040-19-000058,10-K,2019-08-27,https://data.sec.gov/api/xbrl/companyfacts/CIK0000106040.json,storage (HDD; NAND until Sandisk spin-off Feb 2025)
2017-09-30,2017-12-29,2018,Q2,2017Q4,WDC,operating_income,955000000.0,USD,OperatingIncomeLoss,reported,0000106040-19-000058,10-K,2019-08-27,https://data.sec.gov/api/xbrl/companyfacts/CIK0000106040.json,storage (HDD; NAND until Sandisk spin-off Feb 2025)
2017-12-30,2018-03-30,2018,Q3,2018Q1,WDC,operating_income,914000000.0,USD,OperatingIncomeLoss,reported,0000106040-19-000058,10-K,2019-08-27,https://data.sec.gov/api/xbrl/companyfacts/CIK0000106040.json,storage (HDD; NAND until Sandisk spin-off Feb 2025)
2018-03-31,2018-06-29,2018,Q4,2018Q2,WDC,operating_income,843000000.0,USD,OperatingIncomeLoss,reported,0000106040-19-000058,10-K,2019-08-27,https://data.sec.gov/api/xbrl/companyfacts/CIK0000106040.json,storage (HDD; NAND until Sandisk spin-off Feb 2025)
2018-06-30,2018-09-28,2019,Q1,2018Q3,WDC,operating_income,686000000.0,USD,OperatingIncomeLoss,reported,0000106040-20-000049,10-K,2020-08-28,https://data.sec.gov/api/xbrl/companyfacts/CIK0000106040.json,storage (HDD; NAND until Sandisk spin-off Feb 2025)
2018-09-29,2018-12-28,2019,Q2,2018Q4,WDC,operating_income,176000000.0,USD,OperatingIncomeLoss,reported,0000106040-20-000049,10-K,2020-08-28,https://data.sec.gov/api/xbrl/companyfacts/CIK0000106040.json,storage (HDD; NAND until Sandisk spin-off Feb 2025)
2018-12-29,2019-03-29,2019,Q3,2019Q1,WDC,operating_income,-394000000.0,USD,OperatingIncomeLoss,reported,0000106040-20-000049,10-K,2020-08-28,https://data.sec.gov/api/xbrl/companyfacts/CIK0000106040.json,storage (HDD; NAND until Sandisk spin-off Feb 2025)
2019-03-30,2019-06-28,2019,Q4,2019Q2,WDC,operating_income,-381000000.0,USD,OperatingIncomeLoss,reported,0000106040-20-000049,10-K,2020-08-28,https://data.sec.gov/api/xbrl/companyfacts/CIK0000106040.json,storage (HDD; NAND until Sandisk spin-off Feb 2025)
2019-06-29,2019-10-04,2020,Q1,2019Q3,WDC,operating_income,-129000000.0,USD,OperatingIncomeLoss,reported,0000106040-20-000061,10-Q,2020-11-06,https://data.sec.gov/api/xbrl/companyfacts/CIK0000106040.json,storage (HDD; NAND until Sandisk spin-off Feb 2025)
2019-10-05,2020-01-03,2020,Q2,2019Q4,WDC,operating_income,50000000.0,USD,OperatingIncomeLoss,reported,0000106040-21-000011,10-Q,2021-02-09,https://data.sec.gov/api/xbrl/companyfacts/CIK0000106040.json,storage (HDD; NAND until Sandisk spin-off Feb 2025)
2020-01-04,2020-04-03,2020,Q3,2020Q1,WDC,operating_income,153000000.0,USD,OperatingIncomeLoss,reported,0000106040-21-000024,10-Q,2021-05-06,https://data.sec.gov/api/xbrl/companyfacts/CIK0000106040.json,storage (HDD; NAND until Sandisk spin-off Feb 2025)
2020-04-04,2020-07-03,2020,Q4,2020Q2,WDC,operating_income,261000000.0,USD,OperatingIncomeLoss,reported,0000106040-20-000049,10-K,2020-08-28,https://data.sec.gov/api/xbrl/companyfacts/CIK0000106040.json,storage (HDD; NAND until Sandisk spin-off Feb 2025)
2020-07-04,2020-10-02,2021,Q1,2020Q3,WDC,operating_income,70000000.0,USD,OperatingIncomeLoss,reported,0000106040-21-000053,10-Q,2021-11-04,https://data.sec.gov/api/xbrl/companyfacts/CIK0000106040.json,storage (HDD; NAND until Sandisk spin-off Feb 2025)
2020-10-03,2021-01-01,2021,Q2,2020Q4,WDC,operating_income,158000000.0,USD,OperatingIncomeLoss,reported,0000106040-22-000018,10-Q,2022-02-03,https://data.sec.gov/api/xbrl/companyfacts/CIK0000106040.json,storage (HDD; NAND until Sandisk spin-off Feb 2025)
2021-01-02,2021-04-02,2021,Q3,2021Q1,WDC,operating_income,317000000.0,USD,OperatingIncomeLoss,reported,0000106040-22-000040,10-Q,2022-05-04,https://data.sec.gov/api/xbrl/companyfacts/CIK0000106040.json,storage (HDD; NAND until Sandisk spin-off Feb 2025)
2021-04-03,2021-07-02,2021,Q4,2021Q2,WDC,operating_income,675000000.0,USD,OperatingIncomeLoss,ytd_diff,0000106040-23-000024,10-K,2023-08-22,https://data.sec.gov/api/xbrl/companyfacts/CIK0000106040.json,storage (HDD; NAND until Sandisk spin-off Feb 2025)
2021-07-03,2021-10-01,2022,Q1,2021Q3,WDC,operating_income,778000000.0,USD,OperatingIncomeLoss,reported,0000106040-22-000065,10-Q,2022-11-02,https://data.sec.gov/api/xbrl/companyfacts/CIK0000106040.json,storage (HDD; NAND until Sandisk spin-off Feb 2025)
2021-10-02,2021-12-31,2022,Q2,2021Q4,WDC,operating_income,727000000.0,USD,OperatingIncomeLoss,reported,0000106040-23-000010,10-Q,2023-02-03,https://data.sec.gov/api/xbrl/companyfacts/CIK0000106040.json,storage (HDD; NAND until Sandisk spin-off Feb 2025)
2022-01-01,2022-04-01,2022,Q3,2022Q1,WDC,operating_income,324000000.0,USD,OperatingIncomeLoss,reported,0000106040-23-000017,10-Q,2023-05-10,https://data.sec.gov/api/xbrl/companyfacts/CIK0000106040.json,storage (HDD; NAND until Sandisk spin-off Feb 2025)
2022-04-02,2022-07-01,2022,Q4,2022Q2,WDC,operating_income,562000000.0,USD,OperatingIncomeLoss,ytd_diff,0000106040-24-000031,10-K,2024-08-20,https://data.sec.gov/api/xbrl/companyfacts/CIK0000106040.json,storage (HDD; NAND until Sandisk spin-off Feb 2025)
2022-07-02,2022-09-30,2023,Q1,2022Q3,WDC,operating_income,158000000.0,USD,OperatingIncomeLoss,reported,0000106040-23-000034,10-Q,2023-11-07,https://data.sec.gov/api/xbrl/companyfacts/CIK0000106040.json,storage (HDD; NAND until Sandisk spin-off Feb 2025)
2022-10-01,2022-12-30,2023,Q2,2022Q4,WDC,operating_income,-321000000.0,USD,OperatingIncomeLoss,reported,0000106040-24-000014,10-Q,2024-02-12,https://data.sec.gov/api/xbrl/companyfacts/CIK0000106040.json,storage (HDD; NAND until Sandisk spin-off Feb 2025)
2022-12-31,2023-03-31,2023,Q3,2023Q1,WDC,operating_income,-472000000.0,USD,OperatingIncomeLoss,reported,0000106040-24-000022,10-Q,2024-04-30,https://data.sec.gov/api/xbrl/companyfacts/CIK0000106040.json,storage (HDD; NAND until Sandisk spin-off Feb 2025)
2023-04-01,2023-06-30,2023,Q4,2023Q2,WDC,operating_income,87000000.0,USD,OperatingIncomeLoss,ytd_diff,0000106040-25-000038,10-K,2025-08-14,https://data.sec.gov/api/xbrl/companyfacts/CIK0000106040.json,storage (HDD; NAND until Sandisk spin-off Feb 2025)
2023-07-01,2023-09-29,2024,Q1,2023Q3,WDC,operating_income,-596000000.0,USD,OperatingIncomeLoss,reported,0000106040-24-000040,10-Q,2024-10-31,https://data.sec.gov/api/xbrl/companyfacts/CIK0000106040.json,storage (HDD; NAND until Sandisk spin-off Feb 2025)
2023-09-30,2023-12-29,2024,Q2,2023Q4,WDC,operating_income,-210000000.0,USD,OperatingIncomeLoss,reported,0000106040-25-000008,10-Q,2025-01-31,https://data.sec.gov/api/xbrl/companyfacts/CIK0000106040.json,storage (HDD; NAND until Sandisk spin-off Feb 2025)
2023-12-30,2024-03-29,2024,Q3,2024Q1,WDC,operating_income,94000000.0,USD,OperatingIncomeLoss,reported,0000106040-25-000026,10-Q,2025-05-02,https://data.sec.gov/api/xbrl/companyfacts/CIK0000106040.json,storage (HDD; NAND until Sandisk spin-off Feb 2025)
2024-03-30,2024-06-28,2024,Q4,2024Q2,WDC,operating_income,-91000000.0,USD,OperatingIncomeLoss,ytd_diff,0001628280-26-057139,10-K,2026-08-14,https://data.sec.gov/api/xbrl/companyfacts/CIK0000106040.json,storage (HDD; NAND until Sandisk spin-off Feb 2025)
2024-06-29,2024-09-27,2025,Q1,2024Q3,WDC,operating_income,334000000.0,USD,OperatingIncomeLoss,reported,0001628280-25-047613,10-Q,2025-10-31,https://data.sec.gov/api/xbrl/companyfacts/CIK0000106040.json,storage (HDD; NAND until Sandisk spin-off Feb 2025)
2024-09-28,2024-12-27,2025,Q2,2024Q4,WDC,operating_income,560000000.0,USD,OperatingIncomeLoss,reported,0001628280-26-004207,10-Q,2026-01-30,https://data.sec.gov/api/xbrl/companyfacts/CIK0000106040.json,storage (HDD; NAND until Sandisk spin-off Feb 2025)
2024-12-28,2025-03-28,2025,Q3,2025Q1,WDC,operating_income,760000000.0,USD,OperatingIncomeLoss,reported,0001628280-26-029054,10-Q,2026-05-01,https://data.sec.gov/api/xbrl/companyfacts/CIK0000106040.json,storage (HDD; NAND until Sandisk spin-off Feb 2025)
2025-03-29,2025-06-27,2025,Q4,2025Q2,WDC,operating_income,680000000.0,USD,OperatingIncomeLoss,ytd_diff,0001628280-26-057139,10-K,2026-08-14,https://data.sec.gov/api/xbrl/companyfacts/CIK0000106040.json,storage (HDD; NAND until Sandisk spin-off Feb 2025)
2025-06-28,2025-10-03,2026,Q1,2025Q3,WDC,operating_income,792000000.0,USD,OperatingIncomeLoss,reported,0001628280-25-047613,10-Q,2025-10-31,https://data.sec.gov/api/xbrl/companyfacts/CIK0000106040.json,storage (HDD; NAND until Sandisk spin-off Feb 2025)
2025-10-04,2026-01-02,2026,Q2,2025Q4,WDC,operating_income,908000000.0,USD,OperatingIncomeLoss,reported,0001628280-26-004207,10-Q,2026-01-30,https://data.sec.gov/api/xbrl/companyfacts/CIK0000106040.json,storage (HDD; NAND until Sandisk spin-off Feb 2025)
2026-01-03,2026-04-03,2026,Q3,2026Q1,WDC,operating_income,1190000000.0,USD,OperatingIncomeLoss,reported,0001628280-26-029054,10-Q,2026-05-01,https://data.sec.gov/api/xbrl/companyfacts/CIK0000106040.json,storage (HDD; NAND until Sandisk spin-off Feb 2025)
2026-04-04,2026-07-03,2026,Q4,2026Q2,WDC,operating_income,1563000000.0,USD,OperatingIncomeLoss,ytd_diff,0001628280-26-057139,10-K,2026-08-14,https://data.sec.gov/api/xbrl/companyfacts/CIK0000106040.json,storage (HDD; NAND until Sandisk spin-off Feb 2025)
2013-12-28,2014-03-28,2014,Q3,2014Q1,WDC,revenue,3703000000.0,USD,SalesRevenueGoodsNet,reported,0000106040-15-000010,10-K,2015-08-21,https://data.sec.gov/api/xbrl/companyfacts/CIK0000106040.json,storage (HDD; NAND until Sandisk spin-off Feb 2025)
2014-03-29,2014-06-27,2014,Q4,2014Q2,WDC,revenue,3651000000.0,USD,SalesRevenueGoodsNet,reported,0000106040-15-000010,10-K,2015-08-21,https://data.sec.gov/api/xbrl/companyfacts/CIK0000106040.json,storage (HDD; NAND until Sandisk spin-off Feb 2025)
2014-06-28,2014-10-03,2015,Q1,2014Q3,WDC,revenue,3943000000.0,USD,SalesRevenueGoodsNet,reported,0000106040-16-000033,10-K,2016-08-29,https://data.sec.gov/api/xbrl/companyfacts/CIK0000106040.json,storage (HDD; NAND until Sandisk spin-off Feb 2025)
2014-10-04,2015-01-02,2015,Q2,2014Q4,WDC,revenue,3888000000.0,USD,SalesRevenueGoodsNet,reported,0000106040-16-000033,10-K,2016-08-29,https://data.sec.gov/api/xbrl/companyfacts/CIK0000106040.json,storage (HDD; NAND until Sandisk spin-off Feb 2025)
2015-01-03,2015-04-03,2015,Q3,2015Q1,WDC,revenue,3550000000.0,USD,SalesRevenueGoodsNet,reported,0000106040-16-000033,10-K,2016-08-29,https://data.sec.gov/api/xbrl/companyfacts/CIK0000106040.json,storage (HDD; NAND until Sandisk spin-off Feb 2025)
2015-04-04,2015-07-03,2015,Q4,2015Q2,WDC,revenue,3191000000.0,USD,SalesRevenueGoodsNet,reported,0000106040-16-000033,10-K,2016-08-29,https://data.sec.gov/api/xbrl/companyfacts/CIK0000106040.json,storage (HDD; NAND until Sandisk spin-off Feb 2025)
2015-07-04,2015-10-02,2016,Q1,2015Q3,WDC,revenue,3360000000.0,USD,SalesRevenueGoodsNet,reported,0000106040-17-000027,10-K,2017-08-29,https://data.sec.gov/api/xbrl/companyfacts/CIK0000106040.json,storage (HDD; NAND until Sandisk spin-off Feb 2025)
2015-10-03,2016-01-01,2016,Q2,2015Q4,WDC,revenue,3317000000.0,USD,SalesRevenueGoodsNet,reported,0000106040-17-000027,10-K,2017-08-29,https://data.sec.gov/api/xbrl/companyfacts/CIK0000106040.json,storage (HDD; NAND until Sandisk spin-off Feb 2025)
2016-01-02,2016-04-01,2016,Q3,2016Q1,WDC,revenue,2822000000.0,USD,SalesRevenueGoodsNet,reported,0000106040-17-000027,10-K,2017-08-29,https://data.sec.gov/api/xbrl/companyfacts/CIK0000106040.json,storage (HDD; NAND until Sandisk spin-off Feb 2025)
2016-04-02,2016-07-01,2016,Q4,2016Q2,WDC,revenue,3495000000.0,USD,SalesRevenueGoodsNet,reported,0000106040-17-000027,10-K,2017-08-29,https://data.sec.gov/api/xbrl/companyfacts/CIK0000106040.json,storage (HDD; NAND until Sandisk spin-off Feb 2025)
2016-07-02,2016-09-30,2017,Q1,2016Q3,WDC,revenue,4714000000.0,USD,SalesRevenueGoodsNet,reported,0000106040-18-000029,10-K,2018-08-24,https://data.sec.gov/api/xbrl/companyfacts/CIK0000106040.json,storage (HDD; NAND until Sandisk spin-off Feb 2025)
2016-10-01,2016-12-30,2017,Q2,2016Q4,WDC,revenue,4888000000.0,USD,SalesRevenueGoodsNet,reported,0000106040-18-000029,10-K,2018-08-24,https://data.sec.gov/api/xbrl/companyfacts/CIK0000106040.json,storage (HDD; NAND until Sandisk spin-off Feb 2025)
2016-12-31,2017-03-31,2017,Q3,2017Q1,WDC,revenue,4649000000.0,USD,SalesRevenueGoodsNet,reported,0000106040-18-000029,10-K,2018-08-24,https://data.sec.gov/api/xbrl/companyfacts/CIK0000106040.json,storage (HDD; NAND until Sandisk spin-off Feb 2025)
2017-04-01,2017-06-30,2017,Q4,2017Q2,WDC,revenue,4842000000.0,USD,SalesRevenueGoodsNet,reported,0000106040-18-000029,10-K,2018-08-24,https://data.sec.gov/api/xbrl/companyfacts/CIK0000106040.json,storage (HDD; NAND until Sandisk spin-off Feb 2025)
2017-07-01,2017-09-29,2018,Q1,2017Q3,WDC,revenue,5181000000.0,USD,RevenueFromContractWithCustomerExcludingAssessedTax,reported,0000106040-19-000058,10-K,2019-08-27,https://data.sec.gov/api/xbrl/companyfacts/CIK0000106040.json,storage (HDD; NAND until Sandisk spin-off Feb 2025)
2017-09-30,2017-12-29,2018,Q2,2017Q4,WDC,revenue,5336000000.0,USD,RevenueFromContractWithCustomerExcludingAssessedTax,reported,0000106040-19-000058,10-K,2019-08-27,https://data.sec.gov/api/xbrl/companyfacts/CIK0000106040.json,storage (HDD; NAND until Sandisk spin-off Feb 2025)
2017-12-30,2018-03-30,2018,Q3,2018Q1,WDC,revenue,5013000000.0,USD,RevenueFromContractWithCustomerExcludingAssessedTax,reported,0000106040-19-000058,10-K,2019-08-27,https://data.sec.gov/api/xbrl/companyfacts/CIK0000106040.json,storage (HDD; NAND until Sandisk spin-off Feb 2025)
2018-03-31,2018-06-29,2018,Q4,2018Q2,WDC,revenue,5117000000.0,USD,RevenueFromContractWithCustomerExcludingAssessedTax,reported,0000106040-19-000058,10-K,2019-08-27,https://data.sec.gov/api/xbrl/companyfacts/CIK0000106040.json,storage (HDD; NAND until Sandisk spin-off Feb 2025)
2018-06-30,2018-09-28,2019,Q1,2018Q3,WDC,revenue,5028000000.0,USD,RevenueFromContractWithCustomerExcludingAssessedTax,reported,0000106040-20-000049,10-K,2020-08-28,https://data.sec.gov/api/xbrl/companyfacts/CIK0000106040.json,storage (HDD; NAND until Sandisk spin-off Feb 2025)
2018-09-29,2018-12-28,2019,Q2,2018Q4,WDC,revenue,4233000000.0,USD,RevenueFromContractWithCustomerExcludingAssessedTax,reported,0000106040-20-000049,10-K,2020-08-28,https://data.sec.gov/api/xbrl/companyfacts/CIK0000106040.json,storage (HDD; NAND until Sandisk spin-off Feb 2025)
2018-12-29,2019-03-29,2019,Q3,2019Q1,WDC,revenue,3674000000.0,USD,RevenueFromContractWithCustomerExcludingAssessedTax,reported,0000106040-20-000049,10-K,2020-08-28,https://data.sec.gov/api/xbrl/companyfacts/CIK0000106040.json,storage (HDD; NAND until Sandisk spin-off Feb 2025)
2019-03-30,2019-06-28,2019,Q4,2019Q2,WDC,revenue,3634000000.0,USD,RevenueFromContractWithCustomerExcludingAssessedTax,reported,0000106040-20-000049,10-K,2020-08-28,https://data.sec.gov/api/xbrl/companyfacts/CIK0000106040.json,storage (HDD; NAND until Sandisk spin-off Feb 2025)
2019-06-29,2019-10-04,2020,Q1,2019Q3,WDC,revenue,4040000000.0,USD,RevenueFromContractWithCustomerExcludingAssessedTax,reported,0000106040-20-000061,10-Q,2020-11-06,https://data.sec.gov/api/xbrl/companyfacts/CIK0000106040.json,storage (HDD; NAND until Sandisk spin-off Feb 2025)
2019-10-05,2020-01-03,2020,Q2,2019Q4,WDC,revenue,4234000000.0,USD,RevenueFromContractWithCustomerExcludingAssessedTax,reported,0000106040-21-000011,10-Q,2021-02-09,https://data.sec.gov/api/xbrl/companyfacts/CIK0000106040.json,storage (HDD; NAND until Sandisk spin-off Feb 2025)
2020-01-04,2020-04-03,2020,Q3,2020Q1,WDC,revenue,4175000000.0,USD,RevenueFromContractWithCustomerExcludingAssessedTax,reported,0000106040-21-000024,10-Q,2021-05-06,https://data.sec.gov/api/xbrl/companyfacts/CIK0000106040.json,storage (HDD; NAND until Sandisk spin-off Feb 2025)
2020-04-04,2020-07-03,2020,Q4,2020Q2,WDC,revenue,4287000000.0,USD,RevenueFromContractWithCustomerExcludingAssessedTax,reported,0000106040-20-000049,10-K,2020-08-28,https://data.sec.gov/api/xbrl/companyfacts/CIK0000106040.json,storage (HDD; NAND until Sandisk spin-off Feb 2025)
2020-07-04,2020-10-02,2021,Q1,2020Q3,WDC,revenue,3922000000.0,USD,RevenueFromContractWithCustomerExcludingAssessedTax,reported,0000106040-21-000053,10-Q,2021-11-04,https://data.sec.gov/api/xbrl/companyfacts/CIK0000106040.json,storage (HDD; NAND until Sandisk spin-off Feb 2025)
2020-10-03,2021-01-01,2021,Q2,2020Q4,WDC,revenue,3943000000.0,USD,RevenueFromContractWithCustomerExcludingAssessedTax,reported,0000106040-22-000018,10-Q,2022-02-03,https://data.sec.gov/api/xbrl/companyfacts/CIK0000106040.json,storage (HDD; NAND until Sandisk spin-off Feb 2025)
2021-01-02,2021-04-02,2021,Q3,2021Q1,WDC,revenue,4137000000.0,USD,RevenueFromContractWithCustomerExcludingAssessedTax,reported,0000106040-22-000040,10-Q,2022-05-04,https://data.sec.gov/api/xbrl/companyfacts/CIK0000106040.json,storage (HDD; NAND until Sandisk spin-off Feb 2025)
2021-04-03,2021-07-02,2021,Q4,2021Q2,WDC,revenue,4920000000.0,USD,RevenueFromContractWithCustomerExcludingAssessedTax,ytd_diff,0000106040-23-000024,10-K,2023-08-22,https://data.sec.gov/api/xbrl/companyfacts/CIK0000106040.json,storage (HDD; NAND until Sandisk spin-off Feb 2025)
2021-07-03,2021-10-01,2022,Q1,2021Q3,WDC,revenue,5051000000.0,USD,RevenueFromContractWithCustomerExcludingAssessedTax,reported,0000106040-22-000065,10-Q,2022-11-02,https://data.sec.gov/api/xbrl/companyfacts/CIK0000106040.json,storage (HDD; NAND until Sandisk spin-off Feb 2025)
2021-10-02,2021-12-31,2022,Q2,2021Q4,WDC,revenue,4833000000.0,USD,RevenueFromContractWithCustomerExcludingAssessedTax,reported,0000106040-23-000010,10-Q,2023-02-03,https://data.sec.gov/api/xbrl/companyfacts/CIK0000106040.json,storage (HDD; NAND until Sandisk spin-off Feb 2025)
2022-01-01,2022-04-01,2022,Q3,2022Q1,WDC,revenue,4381000000.0,USD,RevenueFromContractWithCustomerExcludingAssessedTax,reported,0000106040-23-000017,10-Q,2023-05-10,https://data.sec.gov/api/xbrl/companyfacts/CIK0000106040.json,storage (HDD; NAND until Sandisk spin-off Feb 2025)
2022-04-02,2022-07-01,2022,Q4,2022Q2,WDC,revenue,4528000000.0,USD,RevenueFromContractWithCustomerExcludingAssessedTax,ytd_diff,0000106040-24-000031,10-K,2024-08-20,https://data.sec.gov/api/xbrl/companyfacts/CIK0000106040.json,storage (HDD; NAND until Sandisk spin-off Feb 2025)
2022-07-02,2022-09-30,2023,Q1,2022Q3,WDC,revenue,3736000000.0,USD,RevenueFromContractWithCustomerExcludingAssessedTax,reported,0000106040-23-000034,10-Q,2023-11-07,https://data.sec.gov/api/xbrl/companyfacts/CIK0000106040.json,storage (HDD; NAND until Sandisk spin-off Feb 2025)
2022-10-01,2022-12-30,2023,Q2,2022Q4,WDC,revenue,3107000000.0,USD,RevenueFromContractWithCustomerExcludingAssessedTax,reported,0000106040-24-000014,10-Q,2024-02-12,https://data.sec.gov/api/xbrl/companyfacts/CIK0000106040.json,storage (HDD; NAND until Sandisk spin-off Feb 2025)
2022-12-31,2023-03-31,2023,Q3,2023Q1,WDC,revenue,2803000000.0,USD,RevenueFromContractWithCustomerExcludingAssessedTax,reported,0000106040-24-000022,10-Q,2024-04-30,https://data.sec.gov/api/xbrl/companyfacts/CIK0000106040.json,storage (HDD; NAND until Sandisk spin-off Feb 2025)
2023-04-01,2023-06-30,2023,Q4,2023Q2,WDC,revenue,-3391000000.0,USD,RevenueFromContractWithCustomerExcludingAssessedTax,ytd_diff,0000106040-25-000038,10-K,2025-08-14,https://data.sec.gov/api/xbrl/companyfacts/CIK0000106040.json,storage (HDD; NAND until Sandisk spin-off Feb 2025)
2023-07-01,2023-09-29,2024,Q1,2023Q3,WDC,revenue,1194000000.0,USD,RevenueFromContractWithCustomerExcludingAssessedTax,reported,0000106040-25-000038,10-K,2025-08-14,https://data.sec.gov/api/xbrl/companyfacts/CIK0000106040.json,storage (HDD; NAND until Sandisk spin-off Feb 2025)
2023-09-30,2023-12-29,2024,Q2,2023Q4,WDC,revenue,1367000000.0,USD,RevenueFromContractWithCustomerExcludingAssessedTax,reported,0000106040-25-000038,10-K,2025-08-14,https://data.sec.gov/api/xbrl/companyfacts/CIK0000106040.json,storage (HDD; NAND until Sandisk spin-off Feb 2025)
2023-12-30,2024-03-29,2024,Q3,2024Q1,WDC,revenue,1752000000.0,USD,RevenueFromContractWithCustomerExcludingAssessedTax,reported,0000106040-25-000038,10-K,2025-08-14,https://data.sec.gov/api/xbrl/companyfacts/CIK0000106040.json,storage (HDD; NAND until Sandisk spin-off Feb 2025)
2024-03-30,2024-06-28,2024,Q4,2024Q2,WDC,revenue,2004000000.0,USD,RevenueFromContractWithCustomerExcludingAssessedTax,reported,0000106040-25-000038,10-K,2025-08-14,https://data.sec.gov/api/xbrl/companyfacts/CIK0000106040.json,storage (HDD; NAND until Sandisk spin-off Feb 2025)
2024-06-29,2024-09-27,2025,Q1,2024Q3,WDC,revenue,2212000000.0,USD,RevenueFromContractWithCustomerExcludingAssessedTax,reported,0001628280-25-047613,10-Q,2025-10-31,https://data.sec.gov/api/xbrl/companyfacts/CIK0000106040.json,storage (HDD; NAND until Sandisk spin-off Feb 2025)
2024-09-28,2024-12-27,2025,Q2,2024Q4,WDC,revenue,2409000000.0,USD,RevenueFromContractWithCustomerExcludingAssessedTax,reported,0001628280-26-004207,10-Q,2026-01-30,https://data.sec.gov/api/xbrl/companyfacts/CIK0000106040.json,storage (HDD; NAND until Sandisk spin-off Feb 2025)
2024-12-28,2025-03-28,2025,Q3,2025Q1,WDC,revenue,2294000000.0,USD,RevenueFromContractWithCustomerExcludingAssessedTax,reported,0001628280-26-029054,10-Q,2026-05-01,https://data.sec.gov/api/xbrl/companyfacts/CIK0000106040.json,storage (HDD; NAND until Sandisk spin-off Feb 2025)
2025-03-29,2025-06-27,2025,Q4,2025Q2,WDC,revenue,2605000000.0,USD,RevenueFromContractWithCustomerExcludingAssessedTax,reported,0000106040-25-000038,10-K,2025-08-14,https://data.sec.gov/api/xbrl/companyfacts/CIK0000106040.json,storage (HDD; NAND until Sandisk spin-off Feb 2025)
2025-06-28,2025-10-03,2026,Q1,2025Q3,WDC,revenue,2818000000.0,USD,RevenueFromContractWithCustomerExcludingAssessedTax,reported,0001628280-25-047613,10-Q,2025-10-31,https://data.sec.gov/api/xbrl/companyfacts/CIK0000106040.json,storage (HDD; NAND until Sandisk spin-off Feb 2025)
2025-10-04,2026-01-02,2026,Q2,2025Q4,WDC,revenue,3017000000.0,USD,RevenueFromContractWithCustomerExcludingAssessedTax,reported,0001628280-26-004207,10-Q,2026-01-30,https://data.sec.gov/api/xbrl/companyfacts/CIK0000106040.json,storage (HDD; NAND until Sandisk spin-off Feb 2025)
2026-01-03,2026-04-03,2026,Q3,2026Q1,WDC,revenue,3337000000.0,USD,RevenueFromContractWithCustomerExcludingAssessedTax,reported,0001628280-26-029054,10-Q,2026-05-01,https://data.sec.gov/api/xbrl/companyfacts/CIK0000106040.json,storage (HDD; NAND until Sandisk spin-off Feb 2025)
2026-04-04,2026-07-03,2026,Q4,2026Q2,WDC,revenue,3747000000.0,USD,RevenueFromContractWithCustomerExcludingAssessedTax,ytd_diff,0001628280-26-057139,10-K,2026-08-14,https://data.sec.gov/api/xbrl/companyfacts/CIK0000106040.json,storage (HDD; NAND until Sandisk spin-off Feb 2025)
